dataset,instance,source_path,originally_directed,n_nodes,n_edges,density,avg_degree,std_degree,min_degree,max_degree,degree_entropy_bits,avg_clustering,transitivity,degree_assortativity,connected,n_components,largest_component_fraction,diameter_largest_component,avg_shortest_path_largest_component,n_bridges,n_articulation_points,spectral_radius,algebraic_connectivity,log10_unconstrained_search_space,attacker_node,attacker_degree,attacker_normalized_degree,attacker_neighbor_fraction,attacker_avg_neighbor_degree,attacker_min_neighbor_degree,attacker_max_neighbor_degree,attacker_clustering,attacker_triangles,attacker_ego_edges,attacker_ego_density,attacker_betweenness,attacker_closeness,attacker_eigenvector,attacker_pagerank,attacker_core_number,attacker_is_articulation,attacker_incident_bridges,attacker_component_fraction,attacker_mean_distance,attacker_eccentricity,attacker_same_degree_count,attacker_same_local_signature_count,log10_search_space_after_attacker_edges
ER,ER_0_w_7_nodes,src/graph_reconstruct_attacks/data/ER/ER_0_w_7_nodes,0,7,10,0.47619047619047616,2.857142857142857,0.6388765649999398,2,4,1.3787834934861753,0.2619047619047619,0.3,2.775557561562901e-16,1,1,1.0,3,1.6666666666666667,0,0,3.026665914099181,0.9728434489241353,5.547425160699821,0,2,0.3333333333333333,0.2857142857142857,2.5,2,3,0,0,2,0.6666666666666666,0.05,0.5,0.1917264441127865,0.11070096129875229,2,0,0,1.0,2.0,3,2,2,3.808548551240405
ER,ER_0_w_8_nodes,src/graph_reconstruct_attacks/data/ER/ER_0_w_8_nodes,0,8,12,0.42857142857142855,3.0,1.224744871391589,2,5,1.5,0.43333333333333335,0.4,-0.28571428571428464,1,1,1.0,3,1.7142857142857142,0,0,3.4632969601694112,0.8972249509033595,7.483184264445128,0,5,0.7142857142857143,0.625,3.0,2,5,0.4,4,9,0.6,0.23809523809523808,0.7777777777777778,0.5224310526635891,0.1952943369408846,2,0,0,1.0,1.2857142857142858,2,2,2,5.065505023098389
ER,ER_0_w_9_nodes,src/graph_reconstruct_attacks/data/ER/ER_0_w_9_nodes,0,9,16,0.4444444444444444,3.5555555555555554,1.2570787221094177,2,6,2.197159723424149,0.5592592592592592,0.4375,-0.25925925925925924,1,1,1.0,3,1.6388888888888888,0,0,3.9422607375578647,1.1225962542999615,9.863790938460564,0,3,0.375,0.3333333333333333,3.3333333333333335,2,5,0.3333333333333333,1,4,0.6666666666666666,0.0625,0.5714285714285714,0.2106800174799116,0.09984646789846077,2,0,0,1.0,1.75,3,3,2,7.573360894794219
ER,ER_10_w_7_nodes,src/graph_reconstruct_attacks/data/ER/ER_10_w_7_nodes,0,7,9,0.42857142857142855,2.5714285714285716,1.2936264483053452,1,5,1.8423709931771084,0.2523809523809524,0.3,-0.7175572519083954,1,1,1.0,3,1.6666666666666667,2,1,3.0176014839854286,0.8673625064201599,5.468243914652199,0,2,0.3333333333333333,0.2857142857142857,4.0,3,5,0,0,2,0.6666666666666666,0.06666666666666665,0.6,0.30532259180989946,0.1132800051014795,2,0,0,1.0,1.6666666666666667,2,1,1,3.808548551240405
ER,ER_10_w_8_nodes,src/graph_reconstruct_attacks/data/ER/ER_10_w_8_nodes,0,8,7,0.25,1.75,0.6614378277661477,1,3,1.4056390622295665,0.0,0,-0.33333333333333387,1,1,1.0,6,2.7142857142857144,7,5,1.9890437907365468,0.18639349735166913,6.073366374249938,0,2,0.2857142857142857,0.25,2.0,2,2,0,0,2,0.6666666666666666,0.47619047619047616,0.4375,0.352147091614088,0.13799211439484577,1,1,2,1.0,2.2857142857142856,4,4,4,4.308543071784685
ER,ER_10_w_9_nodes,src/graph_reconstruct_attacks/data/ER/ER_10_w_9_nodes,0,9,11,0.3055555555555556,2.4444444444444446,1.1653431646335017,1,4,1.8910611120726526,0.07407407407407407,0.13636363636363635,-0.27272727272727215,1,1,1.0,4,2.0,3,3,2.9338555916775437,0.6023384591077411,8.778733752247508,0,3,0.375,0.3333333333333333,3.3333333333333335,2,4,0.3333333333333333,1,4,0.6666666666666666,0.10714285714285714,0.5714285714285714,0.4156229729582896,0.12899706863759197,2,0,0,1.0,1.75,3,3,1,6.4924956819919135
ER,ER_11_w_7_nodes,src/graph_reconstruct_attacks/data/ER/ER_11_w_7_nodes,0,7,9,0.42857142857142855,2.5714285714285716,1.178030178747903,1,5,1.8423709931771084,0.20476190476190476,0.15789473684210525,-0.6791044776119404,1,1,1.0,3,1.619047619047619,1,1,2.899993385263408,0.9381953492930813,5.468243914652199,0,2,0.3333333333333333,0.2857142857142857,4.0,3,5,0,0,2,0.6666666666666666,0.04444444444444444,0.6,0.32018961634462645,0.1134040133159338,2,0,0,1.0,1.6666666666666667,2,3,2,3.808548551240405
ER,ER_11_w_8_nodes,src/graph_reconstruct_attacks/data/ER/ER_11_w_8_nodes,0,8,16,0.5714285714285714,4.0,1.118033988749895,2,5,1.75,0.4875,0.5094339622641509,-0.3603238866396761,1,1,1.0,2,1.4285714285714286,0,0,4.26388054649505,1.8861989311670604,7.483184264445129,0,2,0.2857142857142857,0.25,5.0,5,5,0,0,2,0.6666666666666666,0.011904761904761904,0.5833333333333334,0.18126763813705868,0.07137260028847839,2,0,0,1.0,1.7142857142857142,2,1,1,5.065505023098389
ER,ER_11_w_9_nodes,src/graph_reconstruct_attacks/data/ER/ER_11_w_9_nodes,0,9,14,0.3888888888888889,3.111111111111111,0.7370277311900889,2,4,1.5304930567574824,0.07407407407407407,0.09375,-0.4583333333333347,1,1,1.0,3,1.6944444444444444,0,0,3.2619733576315832,1.3703400319230756,9.579360204616043,0,4,0.5,0.4444444444444444,2.75,2,4,0.16666666666666666,1,5,0.5,0.19761904761904758,0.6666666666666666,0.3773864253706161,0.14109601586443557,2,0,0,1.0,1.5,2,3,2,7.118036769169399
ER,ER_12_w_7_nodes,src/graph_reconstruct_attacks/data/ER/ER_12_w_7_nodes,0,7,7,0.3333333333333333,2.0,0.9258200997725514,1,4,1.3787834934861753,0.3095238095238095,0.3,-0.16666666666666746,1,1,1.0,4,2.0476190476190474,4,3,2.414213562373095,0.3819660112501053,5.065505023098389,0,4,0.6666666666666666,0.5714285714285714,2.0,2,2,0.16666666666666666,1,5,0.5,0.8,0.75,0.6218758237538314,0.26261973696797114,2,1,2,1.0,1.3333333333333333,2,1,1,2.6580113966571126
ER,ER_12_w_8_nodes,src/graph_reconstruct_attacks/data/ER/ER_12_w_8_nodes,0,8,11,0.39285714285714285,2.75,0.9682458365518543,1,4,1.9056390622295665,0.16666666666666666,0.2608695652173913,-0.26436781609195326,1,1,1.0,3,1.7142857142857142,1,1,3.068870024378445,0.7639320225002106,7.331916589114478,0,3,0.42857142857142855,0.375,2.3333333333333335,2,3,0,0,3,0.5,0.11904761904761904,0.5833333333333334,0.28749868143753027,0.13670056362896854,2,0,0,1.0,1.7142857142857142,3,3,1,5.308543071784685
ER,ER_12_w_9_nodes,src/graph_reconstruct_attacks/data/ER/ER_12_w_9_nodes,0,9,13,0.3611111111111111,2.888888888888889,0.8748897637790901,2,4,1.5304930567574824,0.24074074074074073,0.21428571428571427,-0.13492063492063563,1,1,1.0,3,1.8333333333333333,0,0,3.139420949300449,0.843867375968369,9.36376040427669,0,2,0.25,0.2222222222222222,3.5,3,4,0,0,2,0.6666666666666666,0.029761904761904757,0.5,0.23884586546229772,0.08074696794239325,2,0,0,1.0,2.0,3,4,3,7.331916589114478
ER,ER_13_w_7_nodes,src/graph_reconstruct_attacks/data/ER/ER_13_w_7_nodes,0,7,9,0.42857142857142855,2.5714285714285716,0.4948716593053935,2,3,0.9852281360342515,0.0,0,-0.5,1,1,1.0,3,1.7142857142857142,0,0,2.64575131106459,1.3819660112501049,5.468243914652199,0,2,0.3333333333333333,0.2857142857142857,3.0,3,3,0,0,2,0.6666666666666666,0.06666666666666667,0.5454545454545454,0.30860669992418394,0.11477938510030748,2,0,0,1.0,1.8333333333333333,3,3,3,3.808548551240405
ER,ER_13_w_8_nodes,src/graph_reconstruct_attacks/data/ER/ER_13_w_8_nodes,0,8,13,0.4642857142857143,3.25,0.6614378277661477,2,4,1.4056390622295665,0.22916666666666666,0.2903225806451613,0.015151515151520035,1,1,1.0,3,1.5714285714285714,0,0,3.413001023089108,1.4206560535978419,7.573360894794219,0,4,0.5714285714285714,0.5,3.25,2,4,0.16666666666666666,1,5,0.5,0.20238095238095238,0.7,0.40854746081159893,0.15091112026602693,2,0,0,1.0,1.4285714285714286,2,3,1,5.468243914652199
ER,ER_13_w_9_nodes,src/graph_reconstruct_attacks/data/ER/ER_13_w_9_nodes,0,9,15,0.4166666666666667,3.3333333333333335,1.699673171197595,2,6,1.6577427265048887,0.8037037037037037,0.5,-0.45569620253164583,1,1,1.0,3,1.6944444444444444,0,1,3.9875480853828944,0.8129893090494016,9.745691626382566,0,2,0.25,0.2222222222222222,4.0,2,6,1.0,1,3,1.0,0.0,0.5,0.1547868885936911,0.07648111399443949,2,0,0,1.0,2.0,3,5,5,7.573360894794219
ER,ER_14_w_7_nodes,src/graph_reconstruct_attacks/data/ER/ER_14_w_7_nodes,0,7,13,0.6190476190476191,3.7142857142857144,0.6998542122237652,3,5,1.4488156357251847,0.5095238095238095,0.4864864864864865,-0.3448275862068968,1,1,1.0,2,1.380952380952381,0,0,3.8171824705929085,2.0696771981367696,5.308543071784685,0,4,0.6666666666666666,0.5714285714285714,3.5,3,4,0.3333333333333333,2,6,0.6,0.1111111111111111,0.75,0.38273169555283926,0.15312959309076282,3,0,0,1.0,1.3333333333333333,2,3,1,3.6994040818153366
ER,ER_14_w_8_nodes,src/graph_reconstruct_attacks/data/ER/ER_14_w_8_nodes,0,8,8,0.2857142857142857,2.0,0.8660254037844386,1,4,1.2987949406953985,0.2708333333333333,0.2727272727272727,-0.3968253968253968,1,1,1.0,5,2.5,5,4,2.392004516400409,0.2022566723043935,6.4924956819919135,0,2,0.2857142857142857,0.25,3.0,2,4,1.0,1,3,1.0,0.0,0.3888888888888889,0.4454285167539477,0.11635345455932232,2,0,0,1.0,2.5714285714285716,5,5,2,4.734511804056966
ER,ER_14_w_9_nodes,src/graph_reconstruct_attacks/data/ER/ER_14_w_9_nodes,0,9,15,0.4166666666666667,3.3333333333333335,1.1547005383792515,2,5,1.974937501201927,0.3814814814814815,0.36585365853658536,-0.21478873239436938,1,1,1.0,3,1.6944444444444444,0,0,3.687901818497667,1.0571012899330543,9.745691626382566,0,2,0.25,0.2222222222222222,4.0,3,5,1.0,1,3,1.0,0.0,0.47058823529411764,0.20820588742731583,0.07248969801469057,2,0,0,1.0,2.125,3,3,1,7.573360894794219
ER,ER_15_w_7_nodes,src/graph_reconstruct_attacks/data/ER/ER_15_w_7_nodes,0,7,10,0.47619047619047616,2.857142857142857,0.6388765649999398,2,4,1.3787834934861753,0.5714285714285714,0.45,-0.2500000000000053,1,1,1.0,3,1.6666666666666667,0,0,2.98487457218808,0.8143492057686621,5.547425160699821,0,3,0.5,0.42857142857142855,3.3333333333333335,3,4,0.3333333333333333,1,4,0.6666666666666666,0.17777777777777776,0.6666666666666666,0.42159457917165266,0.1470442633966001,2,0,0,1.0,1.5,2,4,3,3.808548551240405
ER,ER_15_w_8_nodes,src/graph_reconstruct_attacks/data/ER/ER_15_w_8_nodes,0,8,10,0.35714285714285715,2.5,0.8660254037844386,1,4,1.811278124459133,0.10416666666666666,0.16666666666666666,-0.36363636363636254,1,1,1.0,4,1.8571428571428572,1,1,2.759463131662784,0.6058298290286721,7.118036769169399,0,2,0.2857142857142857,0.25,3.5,3,4,0,0,2,0.6666666666666666,0.055555555555555546,0.5384615384615384,0.30489293408942564,0.10070572952132219,2,0,0,1.0,1.8571428571428572,3,3,3,5.308543071784685
ER,ER_15_w_9_nodes,src/graph_reconstruct_attacks/data/ER/ER_15_w_9_nodes,0,9,11,0.3055555555555556,2.4444444444444446,1.0657403385139377,1,5,1.6577427265048887,0.15925925925925927,0.14285714285714285,-0.47849462365591416,1,1,1.0,4,1.9722222222222223,1,1,2.809535528678161,0.6620084782586992,8.778733752247508,0,5,0.625,0.5555555555555556,2.0,1,3,0.1,1,6,0.4,0.5059523809523808,0.6666666666666666,0.5577176211481796,0.21578504415896926,2,1,1,1.0,1.5,3,1,1,5.576041733441991
ER,ER_16_w_7_nodes,src/graph_reconstruct_attacks/data/ER/ER_16_w_7_nodes,0,7,10,0.47619047619047616,2.857142857142857,1.124858267715973,2,5,1.6644977792004614,0.3619047619047619,0.2608695652173913,-0.5894039735099336,1,1,1.0,2,1.5238095238095237,0,0,3.139022396986795,1.3186693563950234,5.547425160699821,0,2,0.3333333333333333,0.2857142857142857,4.0,3,5,0,0,2,0.6666666666666666,0.02222222222222222,0.6,0.2769249903604572,0.10509271984094218,2,0,0,1.0,1.6666666666666667,2,4,2,3.808548551240405
ER,ER_16_w_8_nodes,src/graph_reconstruct_attacks/data/ER/ER_16_w_8_nodes,0,8,8,0.2857142857142857,2.0,0.7071067811865476,1,3,1.5,0.0,0,-0.14285714285714285,1,1,1.0,5,2.4285714285714284,4,4,2.285332209100993,0.24418484847625468,6.4924956819919135,0,3,0.42857142857142855,0.375,2.0,1,3,0,0,3,0.5,0.38095238095238093,0.5,0.49493471567731384,0.17709991662808194,2,1,1,1.0,2.0,4,2,2,4.308543071784685
ER,ER_16_w_9_nodes,src/graph_reconstruct_attacks/data/ER/ER_16_w_9_nodes,0,9,13,0.3611111111111111,2.888888888888889,1.1967032904743342,2,5,1.4355205042826666,0.1925925925925926,0.1935483870967742,-0.30000000000000016,1,1,1.0,3,1.8055555555555556,0,0,3.2994359687591976,0.7706819798109533,9.36376040427669,0,3,0.375,0.3333333333333333,3.0,2,5,0,0,3,0.5,0.08928571428571427,0.5714285714285714,0.2995630138833131,0.11579507867876473,2,0,0,1.0,1.75,3,2,1,7.118036769169399
ER,ER_17_w_7_nodes,src/graph_reconstruct_attacks/data/ER/ER_17_w_7_nodes,0,7,6,0.2857142857142857,1.7142857142857142,0.880630571852711,1,3,1.3787834934861753,0.0,0,-0.44827586206896564,1,1,1.0,4,2.1904761904761907,6,3,2.0528808400337164,0.3217196499578076,4.734511804056966,0,2,0.3333333333333333,0.2857142857142857,2.0,1,3,0,0,2,0.6666666666666666,0.3333333333333333,0.5,0.36816035589837987,0.16623841001966813,1,1,2,1.0,2.0,3,1,1,3.135132651376774
ER,ER_17_w_8_nodes,src/graph_reconstruct_attacks/data/ER/ER_17_w_8_nodes,0,8,14,0.5,3.5,1.118033988749895,2,5,2.0,0.4166666666666667,0.525,-0.01818181818181646,1,1,1.0,3,1.5357142857142858,0,0,3.8992553976039086,1.368687487144003,7.603324118171656,0,2,0.2857142857142857,0.25,4.0,3,5,0,0,2,0.6666666666666666,0.023809523809523808,0.5833333333333334,0.17223217132061353,0.08071845605997634,2,0,0,1.0,1.7142857142857142,2,2,2,5.468243914652198
ER,ER_17_w_9_nodes,src/graph_reconstruct_attacks/data/ER/ER_17_w_9_nodes,0,9,18,0.5,4.0,1.0540925533894598,3,6,1.836591668108979,0.3814814814814815,0.4576271186440678,0.02827763496143861,1,1,1.0,3,1.5555555555555556,0,0,4.316440640696463,1.8642207949301426,9.957853108595794,0,3,0.375,0.3333333333333333,4.0,3,5,0.3333333333333333,1,4,0.6666666666666666,0.04081632653061224,0.5714285714285714,0.22610215783721843,0.08798812829501176,3,0,0,1.0,1.75,3,4,2,7.5733608947942175
ER,ER_18_w_7_nodes,src/graph_reconstruct_attacks/data/ER/ER_18_w_7_nodes,0,7,6,0.2857142857142857,1.7142857142857142,1.1605769149479943,1,4,1.1488348542809166,0.0,0,-0.7142857142857144,1,1,1.0,3,2.0,6,2,2.1753277471610737,0.3983208681168454,4.734511804056966,0,1,0.16666666666666666,0.14285714285714285,3.0,3,3,0,0,1,1.0,0.0,0.42857142857142855,0.22985042169049166,0.08963650301616365,1,0,1,1.0,2.3333333333333335,3,5,5,3.4775553321989814
ER,ER_18_w_8_nodes,src/graph_reconstruct_attacks/data/ER/ER_18_w_8_nodes,0,8,11,0.39285714285714285,2.75,1.0897247358851685,1,4,1.811278124459133,0.5208333333333334,0.375,-0.5042735042735029,1,1,1.0,3,1.7857142857142858,1,1,3.0852534070039415,0.659306397160872,7.331916589114478,0,2,0.2857142857142857,0.25,3.5,3,4,1.0,1,3,1.0,0.0,0.5,0.24320671670264088,0.09600604101293558,2,0,0,1.0,2.0,3,3,3,5.468243914652199
ER,ER_18_w_9_nodes,src/graph_reconstruct_attacks/data/ER/ER_18_w_9_nodes,0,9,11,0.3055555555555556,2.4444444444444446,0.8314794192830981,1,4,1.7527152789797045,0.18518518518518517,0.15789473684210525,-0.531645569620255,1,1,1.0,3,1.9444444444444444,1,1,2.660541356045687,0.6765406214252054,8.778733752247508,0,2,0.25,0.2222222222222222,3.0,3,3,1.0,1,3,1.0,0.0,0.4444444444444444,0.3222579638726462,0.0901584523956333,2,0,0,1.0,2.25,3,4,1,6.839283168216569
ER,ER_19_w_7_nodes,src/graph_reconstruct_attacks/data/ER/ER_19_w_7_nodes,0,7,8,0.38095238095238093,2.2857142857142856,1.1605769149479943,1,4,1.5566567074628228,0.38095238095238093,0.4,-0.3793103448275862,1,1,1.0,4,1.9047619047619047,3,3,2.8072102465853703,0.42211050815105366,5.308543071784685,0,2,0.3333333333333333,0.2857142857142857,2.5,1,4,0,0,2,0.6666666666666666,0.3333333333333333,0.5454545454545454,0.2252481721989643,0.13960338618755733,1,1,2,1.0,1.8333333333333333,3,3,1,3.6994040818153366
ER,ER_19_w_8_nodes,src/graph_reconstruct_attacks/data/ER/ER_19_w_8_nodes,0,8,10,0.35714285714285715,2.5,0.8660254037844386,2,4,0.8112781244591328,0.3333333333333333,0.3333333333333333,-0.25000000000000233,1,1,1.0,3,1.8928571428571428,0,0,2.8422356793243044,0.6570769172228293,7.118036769169399,0,2,0.2857142857142857,0.25,4.0,4,4,1.0,1,3,1.0,0.0,0.5,0.3772060257370825,0.09794851599792087,2,0,0,1.0,2.0,3,6,2,5.308543071784685
ER,ER_19_w_9_nodes,src/graph_reconstruct_attacks/data/ER/ER_19_w_9_nodes,0,9,13,0.3611111111111111,2.888888888888889,0.7370277311900889,2,4,1.5304930567574826,0.09259259259259259,0.1111111111111111,-0.3000000000000005,1,1,1.0,3,1.7777777777777777,0,0,3.0673301257369485,0.9750383812360611,9.36376040427669,0,2,0.25,0.2222222222222222,3.5,3,4,0,0,2,0.6666666666666666,0.03571428571428571,0.5,0.22914108212611464,0.08126302817278616,2,0,0,1.0,2.0,3,3,3,7.331916589114478
ER,ER_1_w_7_nodes,src/graph_reconstruct_attacks/data/ER/ER_1_w_7_nodes,0,7,6,0.2857142857142857,1.7142857142857142,0.6998542122237652,1,3,1.4488156357251847,0.0,0,-0.6666666666666661,1,1,1.0,5,2.4761904761904763,6,4,1.9318516525781366,0.2253771004955109,4.734511804056966,0,2,0.3333333333333333,0.2857142857142857,1.5,1,2,0,0,2,0.6666666666666666,0.3333333333333333,0.4,0.2886751345948129,0.1686146734955184,1,1,2,1.0,2.5,4,3,3,3.135132651376774
ER,ER_1_w_8_nodes,src/graph_reconstruct_attacks/data/ER/ER_1_w_8_nodes,0,8,9,0.32142857142857145,2.25,0.82915619758885,1,4,1.5487949406953985,0.1875,0.21428571428571427,-0.3846153846153845,1,1,1.0,4,2.0,1,1,2.532541608144576,0.5857864376269054,6.839283168216569,0,1,0.14285714285714285,0.125,4.0,4,4,0,0,1,1.0,0.0,0.4117647058823529,0.22171832789031107,0.06376759923527664,1,0,1,1.0,2.4285714285714284,4,1,1,5.308543071784685
ER,ER_1_w_9_nodes,src/graph_reconstruct_attacks/data/ER/ER_1_w_9_nodes,0,9,20,0.5555555555555556,4.444444444444445,1.4229164972072998,3,6,1.3921472236645345,0.5629629629629629,0.5384615384615384,-0.2433862433862448,1,1,1.0,3,1.4722222222222223,0,0,4.8274573527966425,2.1153460188383626,9.863790938460564,0,6,0.75,0.6666666666666666,4.666666666666667,3,6,0.5333333333333333,8,14,0.6666666666666666,0.11160714285714284,0.8,0.41962853913672715,0.14480258310256255,3,0,0,1.0,1.25,2,4,3,7.603324118171656
ER,ER_20_w_7_nodes,src/graph_reconstruct_attacks/data/ER/ER_20_w_7_nodes,0,7,9,0.42857142857142855,2.5714285714285716,1.049781318335648,1,4,1.8423709931771084,0.21428571428571427,0.16666666666666666,-0.7777777777777786,1,1,1.0,3,1.6666666666666667,1,1,2.859393798545253,0.8225903191007152,5.468243914652199,0,1,0.16666666666666666,0.14285714285714285,4.0,4,4,0,0,1,1.0,0.0,0.46153846153846156,0.15430155071903165,0.06850121599673853,1,0,1,1.0,2.1666666666666665,3,1,1,3.808548551240405
ER,ER_20_w_8_nodes,src/graph_reconstruct_attacks/data/ER/ER_20_w_8_nodes,0,8,11,0.39285714285714285,2.75,1.5612494995995996,1,6,2.25,0.4708333333333333,0.41379310344827586,-0.4732142857142851,1,1,1.0,3,1.75,2,2,3.4069978804142758,0.6644573288227952,7.331916589114478,0,4,0.5714285714285714,0.5,3.5,2,6,0.5,3,7,0.7,0.11904761904761904,0.7,0.4648770661407886,0.17147815771029806,2,0,0,1.0,1.4285714285714286,2,1,1,5.065505023098389
ER,ER_20_w_9_nodes,src/graph_reconstruct_attacks/data/ER/ER_20_w_9_nodes,0,9,14,0.3888888888888889,3.111111111111111,1.0999438818457405,2,5,1.7527152789797047,0.26296296296296295,0.2571428571428571,-0.45454545454545864,1,1,1.0,3,1.7222222222222223,0,0,3.41058638241528,1.2180181458521147,9.579360204616043,0,3,0.375,0.3333333333333333,3.3333333333333335,2,4,0.3333333333333333,1,4,0.6666666666666666,0.08928571428571427,0.5714285714285714,0.29379282383329447,0.1081625611609188,2,0,0,1.0,1.75,3,1,1,7.331916589114478
ER,ER_21_w_7_nodes,src/graph_reconstruct_attacks/data/ER/ER_21_w_7_nodes,0,7,9,0.42857142857142855,2.5714285714285716,1.178030178747903,1,4,1.950212064914747,0.21428571428571427,0.3157894736842105,-0.46250000000000174,1,1,1.0,3,1.7142857142857142,2,2,3.0131766494682974,0.7399221733379143,5.468243914652199,0,3,0.5,0.42857142857142855,3.6666666666666665,3,4,0.6666666666666666,2,5,0.8333333333333334,0.04444444444444444,0.6666666666666666,0.46146367541141403,0.15883264352196258,2,0,0,1.0,1.5,2,2,1,3.6994040818153366
ER,ER_21_w_8_nodes,src/graph_reconstruct_attacks/data/ER/ER_21_w_8_nodes,0,8,13,0.4642857142857143,3.25,1.1989578808281798,1,5,2.1556390622295662,0.45416666666666666,0.42857142857142855,-0.4096385542168686,1,1,1.0,3,1.6428571428571428,1,1,3.6201129069968223,0.8647757012852813,7.573360894794219,0,1,0.14285714285714285,0.125,5.0,5,5,0,0,1,1.0,0.0,0.4666666666666667,0.1249678653783939,0.05113631239807049,1,0,1,1.0,2.142857142857143,3,1,1,5.468243914652198
ER,ER_21_w_9_nodes,src/graph_reconstruct_attacks/data/ER/ER_21_w_9_nodes,0,9,10,0.2777777777777778,2.2222222222222223,0.9162456945817024,1,4,1.836591668108979,0.18518518518518517,0.1875,-0.07142857142857174,1,1,1.0,4,2.2777777777777777,4,3,2.640804719654437,0.3819660112501051,8.405153089434915,0,1,0.125,0.1111111111111111,2.0,2,2,0,0,1,1.0,0.0,0.3333333333333333,0.07907570282691946,0.0640814614654094,1,0,1,1.0,3.0,4,2,2,6.839283168216569
ER,ER_22_w_7_nodes,src/graph_reconstruct_attacks/data/ER/ER_22_w_7_nodes,0,7,9,0.42857142857142855,2.5714285714285716,0.7284313590846836,1,3,1.1488348542809166,0.38095238095238093,0.375,-0.17391304347825737,1,1,1.0,4,1.8095238095238095,1,1,2.7757128557362134,0.5857864376269043,5.468243914652199,0,3,0.5,0.42857142857142855,2.6666666666666665,2,3,0.3333333333333333,1,4,0.6666666666666666,0.16666666666666666,0.6,0.4222612043585084,0.16045609913264225,2,0,0,1.0,1.6666666666666667,3,5,5,3.6994040818153366
ER,ER_22_w_8_nodes,src/graph_reconstruct_attacks/data/ER/ER_22_w_8_nodes,0,8,10,0.35714285714285715,2.5,1.118033988749895,1,4,2.0,0.375,0.3,-0.5000000000000013,1,1,1.0,3,1.8571428571428572,2,2,2.8822982551572878,0.7369225896867581,7.118036769169399,0,2,0.2857142857142857,0.25,3.0,3,3,1.0,1,3,1.0,0.0,0.4666666666666667,0.2758813905127002,0.10001906495027463,2,0,0,1.0,2.142857142857143,3,2,2,5.308543071784685
ER,ER_22_w_9_nodes,src/graph_reconstruct_attacks/data/ER/ER_22_w_9_nodes,0,9,15,0.4166666666666667,3.3333333333333335,0.9428090415820634,2,5,1.8910611120726526,0.4037037037037037,0.38461538461538464,-0.031746031746034534,1,1,1.0,3,1.75,0,0,3.617636124969017,0.9912576156994859,9.745691626382566,0,5,0.625,0.5555555555555556,3.4,3,4,0.3,3,8,0.5333333333333333,0.2714285714285714,0.7272727272727273,0.4633565673854036,0.15819223315950057,2,0,0,1.0,1.375,2,1,1,7.118036769169399
ER,ER_23_w_7_nodes,src/graph_reconstruct_attacks/data/ER/ER_23_w_7_nodes,0,7,7,0.3333333333333333,2.0,0.7559289460184544,1,3,1.5566567074628228,0.23809523809523808,0.3333333333333333,0.12500000000000056,1,1,1.0,5,2.238095238095238,4,4,2.3623398328574376,0.3003718517246823,5.065505023098389,0,1,0.16666666666666666,0.14285714285714285,2.0,2,2,0,0,1,1.0,0.0,0.3333333333333333,0.11938193801619705,0.08514857263252791,1,0,1,1.0,3.0,5,2,2,3.6994040818153366
ER,ER_23_w_8_nodes,src/graph_reconstruct_attacks/data/ER/ER_23_w_8_nodes,0,8,10,0.35714285714285715,2.5,0.8660254037844386,1,4,1.811278124459133,0.10416666666666666,0.16666666666666666,-0.36363636363636254,1,1,1.0,4,1.8571428571428572,1,1,2.759463131662783,0.6058298290286723,7.118036769169399,0,2,0.2857142857142857,0.25,3.0,3,3,0,0,2,0.6666666666666666,0.07936507936507936,0.5384615384615384,0.272367898392663,0.10178156525071276,2,0,0,1.0,1.8571428571428572,3,3,3,5.308543071784685
ER,ER_23_w_9_nodes,src/graph_reconstruct_attacks/data/ER/ER_23_w_9_nodes,0,9,12,0.3333333333333333,2.6666666666666665,0.9428090415820634,1,4,1.8910611120726528,0.24074074074074073,0.375,0.33333333333333376,1,1,1.0,5,2.2777777777777777,3,3,3.185540264245103,0.24697689354567617,9.09749251487192,0,2,0.25,0.2222222222222222,3.0,3,3,0,0,2,0.6666666666666666,0.017857142857142856,0.4,0.23217875185718456,0.08176707979627384,2,0,0,1.0,2.5,5,3,3,7.118036769169399
ER,ER_24_w_7_nodes,src/graph_reconstruct_attacks/data/ER/ER_24_w_7_nodes,0,7,12,0.5714285714285714,3.4285714285714284,1.3997084244475304,1,5,2.2359263506290326,0.6571428571428571,0.6666666666666666,-0.39999999999999797,1,1,1.0,3,1.4761904761904763,1,1,3.9118115497996286,0.9248491669085479,5.468243914652198,0,3,0.5,0.42857142857142855,4.666666666666667,4,5,1.0,3,6,1.0,0.0,0.6666666666666666,0.3535651372676234,0.12452038782206165,3,0,0,1.0,1.5,2,1,1,3.6994040818153366
ER,ER_24_w_8_nodes,src/graph_reconstruct_attacks/data/ER/ER_24_w_8_nodes,0,8,11,0.39285714285714285,2.75,0.82915619758885,2,4,1.5,0.08333333333333333,0.13636363636363635,-0.2499999999999994,1,1,1.0,3,1.75,0,0,2.9747088694684107,0.9303720696440991,7.331916589114478,0,3,0.42857142857142855,0.375,3.6666666666666665,3,4,0.3333333333333333,1,4,0.6666666666666666,0.09523809523809523,0.6363636363636364,0.4283998340674356,0.13154058266618857,2,0,0,1.0,1.5714285714285714,2,2,1,5.308543071784685
ER,ER_24_w_9_nodes,src/graph_reconstruct_attacks/data/ER/ER_24_w_9_nodes,0,9,17,0.4722222222222222,3.7777777777777777,1.1331154474650633,2,6,1.224394445405986,0.3814814814814815,0.33962264150943394,-0.41666666666666624,1,1,1.0,3,1.5555555555555556,0,0,4.046618786972276,1.5188782390975268,9.93437201274627,0,2,0.25,0.2222222222222222,5.0,4,6,0,0,2,0.6666666666666666,0.019047619047619046,0.5714285714285714,0.18735710351325768,0.066044548586563,2,0,0,1.0,1.75,2,2,1,7.5733608947942175
ER,ER_25_w_7_nodes,src/graph_reconstruct_attacks/data/ER/ER_25_w_7_nodes,0,7,9,0.42857142857142855,2.5714285714285716,1.049781318335648,1,4,1.8423709931771086,0.2857142857142857,0.3333333333333333,-0.22222222222222265,1,1,1.0,3,1.7142857142857142,1,1,2.953723716349553,0.6837345421733909,5.468243914652199,0,3,0.5,0.42857142857142855,3.0,1,4,0.3333333333333333,1,4,0.6666666666666666,0.3333333333333333,0.6666666666666666,0.4011590880567263,0.1698180608687505,2,1,1,1.0,1.5,2,1,1,3.6994040818153366
ER,ER_25_w_8_nodes,src/graph_reconstruct_attacks/data/ER/ER_25_w_8_nodes,0,8,12,0.42857142857142855,3.0,1.118033988749895,1,5,2.0,0.5375,0.5172413793103449,-0.16129032258064452,1,1,1.0,4,1.8214285714285714,1,2,3.429962496111878,0.5319006373995964,7.483184264445128,0,3,0.42857142857142855,0.375,4.0,3,5,0.6666666666666666,2,5,0.8333333333333334,0.06349206349206349,0.5833333333333334,0.38844009278624786,0.11850580158229476,3,0,0,1.0,1.7142857142857142,3,4,3,5.468243914652199
ER,ER_25_w_9_nodes,src/graph_reconstruct_attacks/data/ER/ER_25_w_9_nodes,0,9,14,0.3888888888888889,3.111111111111111,1.0999438818457405,2,5,1.7527152789797045,0.16296296296296295,0.2571428571428571,-0.03030303030303214,1,1,1.0,4,1.8333333333333333,0,0,3.5113987043740176,0.9015437155216985,9.579360204616043,0,5,0.625,0.5555555555555556,3.4,2,4,0.3,3,8,0.5333333333333333,0.3168367346938776,0.7272727272727273,0.4936696658450117,0.16840149751753486,2,0,0,1.0,1.375,2,1,1,6.839283168216569
ER,ER_26_w_7_nodes,src/graph_reconstruct_attacks/data/ER/ER_26_w_7_nodes,0,7,6,0.2857142857142857,1.7142857142857142,1.0301575072754254,1,4,1.3787834934861753,0.0,0,-0.7142857142857147,1,1,1.0,4,2.1904761904761907,6,3,2.101002989615458,0.2955321857406866,4.734511804056966,0,1,0.16666666666666666,0.14285714285714285,4.0,4,4,0,0,1,1.0,0.0,0.42857142857142855,0.3109379118769159,0.08820891216192461,1,0,1,1.0,2.3333333333333335,4,4,4,3.4775553321989814
ER,ER_26_w_8_nodes,src/graph_reconstruct_attacks/data/ER/ER_26_w_8_nodes,0,8,10,0.35714285714285715,2.5,1.118033988749895,1,4,2.0,0.1875,0.3,-0.3000000000000018,1,1,1.0,3,1.8214285714285714,2,2,2.949946727726724,0.7161930965459619,7.118036769169399,0,2,0.2857142857142857,0.25,3.0,2,4,0,0,2,0.6666666666666666,0.09523809523809523,0.5384615384615384,0.2284927446644483,0.10433843941117465,2,0,0,1.0,1.8571428571428572,3,2,2,5.308543071784685
ER,ER_26_w_9_nodes,src/graph_reconstruct_attacks/data/ER/ER_26_w_9_nodes,0,9,11,0.3055555555555556,2.4444444444444446,1.3425606637327303,1,5,2.197159723424149,0.3111111111111111,0.375,-0.22222222222222215,1,1,1.0,4,2.0833333333333335,4,3,3.1428105177920544,0.37723476115362015,8.778733752247508,0,3,0.375,0.3333333333333333,4.0,3,5,0.6666666666666666,2,5,0.8333333333333334,0.05357142857142857,0.5714285714285714,0.43544726216060087,0.1256645794952911,2,0,0,1.0,1.75,3,2,2,6.4924956819919135
ER,ER_27_w_7_nodes,src/graph_reconstruct_attacks/data/ER/ER_27_w_7_nodes,0,7,7,0.3333333333333333,2.0,0.7559289460184544,1,3,1.5566567074628228,0.0,0,-0.1666666666666663,1,1,1.0,4,2.0952380952380953,3,3,2.2763882217346834,0.3819660112501051,5.065505023098389,0,3,0.5,0.42857142857142855,2.3333333333333335,2,3,0,0,3,0.5,0.6,0.6666666666666666,0.5250938702597616,0.20243117706114774,2,1,1,1.0,1.5,2,2,2,3.135132651376774
ER,ER_27_w_8_nodes,src/graph_reconstruct_attacks/data/ER/ER_27_w_8_nodes,0,8,11,0.39285714285714285,2.75,1.0897247358851685,1,4,1.811278124459133,0.22916666666666666,0.25,-0.31623931623931506,1,1,1.0,3,1.7857142857142858,1,1,3.1169367078877803,0.6953638146146193,7.331916589114478,0,4,0.5714285714285714,0.5,3.25,2,4,0.3333333333333333,2,6,0.6,0.24603174603174605,0.7,0.49245608827441584,0.17210708819204534,2,0,0,1.0,1.4285714285714286,2,3,2,5.065505023098389
ER,ER_27_w_9_nodes,src/graph_reconstruct_attacks/data/ER/ER_27_w_9_nodes,0,9,15,0.4166666666666667,3.3333333333333335,1.3333333333333333,1,5,2.197159723424149,0.3259259259259259,0.4186046511627907,-0.4412811387900311,1,1,1.0,3,1.6666666666666667,1,1,3.812446242246659,0.866663561749317,9.745691626382566,0,3,0.375,0.3333333333333333,4.666666666666667,4,5,0.6666666666666666,2,5,0.8333333333333334,0.03571428571428571,0.6153846153846154,0.32322126007413066,0.09897769595627123,2,0,0,1.0,1.625,2,1,1,7.483184264445128
ER,ER_28_w_7_nodes,src/graph_reconstruct_attacks/data/ER/ER_28_w_7_nodes,0,7,6,0.2857142857142857,1.7142857142857142,0.6998542122237652,1,3,1.4488156357251847,0.0,0,0.0,1,1,1.0,4,2.2857142857142856,6,4,2.0000000000000004,0.38196601125010515,4.734511804056966,0,1,0.16666666666666666,0.14285714285714285,2.0,2,2,0,0,1,1.0,0.0,0.35294117647058826,0.20412414523193154,0.09144168168237347,1,0,1,1.0,2.8333333333333335,4,3,3,3.4775553321989814
ER,ER_28_w_8_nodes,src/graph_reconstruct_attacks/data/ER/ER_28_w_8_nodes,0,8,11,0.39285714285714285,2.75,1.0897247358851685,2,5,1.5487949406953985,0.39166666666666666,0.375,-0.2622950819672149,1,1,1.0,3,1.7857142857142858,0,0,3.179314984842215,0.7282862548894955,7.331916589114478,0,2,0.2857142857142857,0.25,4.5,4,5,1.0,1,3,1.0,0.0,0.5,0.33103820595916644,0.09087851682279827,2,0,0,1.0,2.0,3,5,2,5.468243914652199
ER,ER_28_w_9_nodes,src/graph_reconstruct_attacks/data/ER/ER_28_w_9_nodes,0,9,14,0.3888888888888889,3.111111111111111,1.1967032904743342,1,5,1.6577427265048887,0.25555555555555554,0.25,-0.6821705426356591,1,1,1.0,3,1.6944444444444444,1,1,3.430924970471632,0.8476280497604222,9.579360204616043,0,3,0.375,0.3333333333333333,4.333333333333333,3,5,0.3333333333333333,1,4,0.6666666666666666,0.09523809523809523,0.6153846153846154,0.3482497467078928,0.10556483756701104,3,0,0,1.0,1.625,2,5,4,7.331916589114478
ER,ER_29_w_7_nodes,src/graph_reconstruct_attacks/data/ER/ER_29_w_7_nodes,0,7,7,0.3333333333333333,2.0,0.5345224838248488,1,3,1.1488348542809166,0.0,0,-0.6153846153846205,1,1,1.0,4,2.0,1,1,2.1010029896154583,0.5857864376269044,5.065505023098389,0,2,0.3333333333333333,0.2857142857142857,2.0,2,2,0,0,2,0.6666666666666666,0.16666666666666666,0.5,0.3535533905932737,0.14185896936204573,2,0,0,1.0,2.0,3,5,5,3.4775553321989814
ER,ER_29_w_8_nodes,src/graph_reconstruct_attacks/data/ER/ER_29_w_8_nodes,0,8,9,0.32142857142857145,2.25,0.9682458365518543,1,4,1.9056390622295665,0.20833333333333331,0.2,-0.8749999999999997,1,1,1.0,4,2.0,2,1,2.5235040548828307,0.4964955010604725,6.839283168216569,0,2,0.2857142857142857,0.25,3.5,3,4,0,0,2,0.6666666666666666,0.21428571428571427,0.5833333333333334,0.3395554901078037,0.11095775887100208,2,0,0,1.0,1.7142857142857142,2,3,2,5.065505023098389
ER,ER_29_w_9_nodes,src/graph_reconstruct_attacks/data/ER/ER_29_w_9_nodes,0,9,18,0.5,4.0,1.1547005383792515,3,7,1.3516441151533922,0.4444444444444444,0.4,-0.29411764705882476,1,1,1.0,2,1.5,0,0,4.246617889187489,1.8562366930444696,9.957853108595794,0,3,0.375,0.3333333333333333,4.666666666666667,3,7,0.6666666666666666,2,5,0.8333333333333334,0.017857142857142856,0.6153846153846154,0.25629746239320755,0.0874566845505971,3,0,0,1.0,1.625,2,3,2,7.5733608947942175
ER,ER_2_w_7_nodes,src/graph_reconstruct_attacks/data/ER/ER_2_w_7_nodes,0,7,6,0.2857142857142857,1.7142857142857142,0.6998542122237652,1,3,1.4488156357251847,0.0,0,-0.6666666666666661,1,1,1.0,5,2.4761904761904763,6,4,1.9318516525781364,0.22537710049551105,4.734511804056966,0,2,0.3333333333333333,0.2857142857142857,2.0,2,2,0,0,2,0.6666666666666666,0.5333333333333333,0.5,0.4082482904638628,0.1601394222618098,1,1,2,1.0,2.0,3,3,3,3.135132651376774
ER,ER_2_w_8_nodes,src/graph_reconstruct_attacks/data/ER/ER_2_w_8_nodes,0,8,9,0.32142857142857145,2.25,0.9682458365518543,1,4,1.9056390622295665,0.4791666666666667,0.4,-0.3750000000000011,1,1,1.0,4,2.107142857142857,3,3,2.586905984292521,0.3339195579543069,6.839283168216569,0,2,0.2857142857142857,0.25,3.5,3,4,1.0,1,3,1.0,0.0,0.5,0.37513388475525133,0.11140083650041066,2,0,0,1.0,2.0,3,3,3,5.065505023098389
ER,ER_2_w_9_nodes,src/graph_reconstruct_attacks/data/ER/ER_2_w_9_nodes,0,9,11,0.3055555555555556,2.4444444444444446,1.0657403385139377,1,4,1.9749375012019272,0.31481481481481477,0.42857142857142855,0.17500000000000063,1,1,1.0,6,2.4166666666666665,4,4,3.0677154628353644,0.27455967355775107,8.778733752247508,0,4,0.5,0.4444444444444444,2.75,2,4,0.3333333333333333,2,6,0.6,0.4464285714285714,0.5333333333333333,0.4817355728325363,0.16639976711258994,2,1,1,1.0,1.875,4,2,1,6.073366374249938
ER,ER_30_w_7_nodes,src/graph_reconstruct_attacks/data/ER/ER_30_w_7_nodes,0,7,8,0.38095238095238093,2.2857142857142856,1.385051387833237,1,5,1.8423709931771084,0.3476190476190476,0.35294117647058826,-0.7185185185185186,1,1,1.0,3,1.7619047619047619,3,1,2.833154636247468,0.7269271369323328,5.308543071784685,0,2,0.3333333333333333,0.2857142857142857,3.0,3,3,1.0,1,3,1.0,0.0,0.46153846153846156,0.3426717561543837,0.12032073241660134,2,0,0,1.0,2.1666666666666665,3,1,1,3.6994040818153366
ER,ER_30_w_8_nodes,src/graph_reconstruct_attacks/data/ER/ER_30_w_8_nodes,0,8,9,0.32142857142857145,2.25,0.9682458365518543,1,4,1.9056390622295665,0.1875,0.2,-0.12500000000000006,1,1,1.0,4,2.0714285714285716,3,3,2.6681137523587832,0.3888131907902992,6.839283168216569,0,1,0.14285714285714285,0.125,2.0,2,2,0,0,1,1.0,0.0,0.35,0.09005358977651616,0.07102833914574619,1,0,1,1.0,2.857142857142857,4,2,2,5.308543071784685
ER,ER_30_w_9_nodes,src/graph_reconstruct_attacks/data/ER/ER_30_w_9_nodes,0,9,13,0.3611111111111111,2.888888888888889,0.9938079899999066,1,4,1.8910611120726526,0.31481481481481477,0.3103448275862069,-0.18181818181818257,1,1,1.0,4,1.8611111111111112,1,1,3.256247797591312,0.5816773762017413,9.36376040427669,0,4,0.5,0.4444444444444444,3.25,3,4,0.3333333333333333,2,6,0.6,0.2738095238095238,0.6666666666666666,0.4402714386178278,0.1456157124436392,2,0,0,1.0,1.5,2,3,2,6.839283168216569
ER,ER_31_w_7_nodes,src/graph_reconstruct_attacks/data/ER/ER_31_w_7_nodes,0,7,12,0.5714285714285714,3.4285714285714284,1.178030178747903,2,5,1.950212064914747,0.5476190476190477,0.6176470588235294,-0.2127659574468074,1,1,1.0,2,1.4285714285714286,0,0,3.8153573673901953,1.20871215252208,5.468243914652198,0,5,0.8333333333333334,0.7142857142857143,3.4,2,5,0.5,5,10,0.6666666666666666,0.25555555555555554,0.8571428571428571,0.4829900386884389,0.20033023088681226,3,0,0,1.0,1.1666666666666667,2,2,2,3.808548551240405
ER,ER_31_w_8_nodes,src/graph_reconstruct_attacks/data/ER/ER_31_w_8_nodes,0,8,13,0.4642857142857143,3.25,1.0897247358851685,1,4,1.5487949406953985,0.41666666666666663,0.5294117647058824,0.5047619047619035,1,1,1.0,4,1.8571428571428572,2,2,3.750899600658224,0.41382406324217036,7.573360894794219,0,2,0.2857142857142857,0.25,2.5,1,4,0,0,2,0.6666666666666666,0.2857142857142857,0.5,0.1062317320414956,0.10565773631977551,1,1,2,1.0,2.0,3,1,1,5.547425160699821
ER,ER_31_w_9_nodes,src/graph_reconstruct_attacks/data/ER/ER_31_w_9_nodes,0,9,17,0.4722222222222222,3.7777777777777777,1.4740554623801778,1,6,2.4193819456463714,0.4259259259259259,0.47368421052631576,-0.3664302600472829,1,1,1.0,3,1.5833333333333333,1,1,4.271931903356303,0.9248106023245828,9.93437201274627,0,2,0.25,0.2222222222222222,4.5,4,5,0,0,2,0.6666666666666666,0.011904761904761904,0.5333333333333333,0.16365393242424167,0.06600225056900627,2,0,0,1.0,1.875,3,1,1,7.5733608947942175
ER,ER_32_w_7_nodes,src/graph_reconstruct_attacks/data/ER/ER_32_w_7_nodes,0,7,9,0.42857142857142855,2.5714285714285716,1.2936264483053452,1,5,1.8423709931771084,0.21904761904761902,0.3,-0.580152671755726,1,1,1.0,3,1.6666666666666667,2,1,3.0386422088146245,0.8394686386463726,5.468243914652199,0,1,0.16666666666666666,0.14285714285714285,5.0,5,5,0,0,1,1.0,0.0,0.5,0.179367640940471,0.06775422068342409,1,0,1,1.0,2.0,3,2,2,3.808548551240405
ER,ER_32_w_8_nodes,src/graph_reconstruct_attacks/data/ER/ER_32_w_8_nodes,0,8,14,0.5,3.5,1.224744871391589,1,5,1.9056390622295665,0.6083333333333333,0.6585365853658537,0.06666666666666884,1,1,1.0,4,1.7857142857142858,1,1,3.9796371342280965,0.6277186767309875,7.603324118171656,0,4,0.5714285714285714,0.5,4.25,3,5,0.6666666666666666,4,8,0.8,0.19047619047619047,0.7,0.38821402503264196,0.1401219516190514,3,0,0,1.0,1.4285714285714286,2,2,2,5.547425160699821
ER,ER_32_w_9_nodes,src/graph_reconstruct_attacks/data/ER/ER_32_w_9_nodes,0,9,9,0.25,2.0,0.816496580927726,1,3,1.584962500721156,0.18518518518518517,0.25,-1.9984014443252762e-16,1,1,1.0,5,2.5555555555555554,6,5,2.4047912315243805,0.23809852944275647,7.9737893252759235,0,3,0.375,0.3333333333333333,2.0,1,3,0.3333333333333333,1,4,0.6666666666666666,0.25,0.42105263157894735,0.48896786267121584,0.15370525345537261,2,1,1,1.0,2.375,4,3,2,5.576041733441991
ER,ER_33_w_7_nodes,src/graph_reconstruct_attacks/data/ER/ER_33_w_7_nodes,0,7,7,0.3333333333333333,2.0,0.9258200997725514,1,3,1.4488156357251847,0.14285714285714285,0.3,-0.06060606060605947,1,1,1.0,4,2.0952380952380953,4,4,2.4382832394028973,0.3819660112501051,5.065505023098389,0,1,0.16666666666666666,0.14285714285714285,3.0,3,3,0,0,1,1.0,0.0,0.4,0.21339449751436024,0.07884810110832112,1,0,1,1.0,2.5,4,3,3,3.6994040818153366
ER,ER_33_w_8_nodes,src/graph_reconstruct_attacks/data/ER/ER_33_w_8_nodes,0,8,10,0.35714285714285715,2.5,1.224744871391589,1,5,1.9056390622295665,0.275,0.2857142857142857,-0.38364779874213945,1,1,1.0,3,1.8571428571428572,2,2,2.988624575574423,0.5977070969043771,7.118036769169399,0,2,0.2857142857142857,0.25,4.0,3,5,1.0,1,3,1.0,0.0,0.5,0.3370153146668815,0.09879460864433952,2,0,0,1.0,2.0,3,2,1,5.308543071784685
ER,ER_33_w_9_nodes,src/graph_reconstruct_attacks/data/ER/ER_33_w_9_nodes,0,9,14,0.3888888888888889,3.111111111111111,1.5947444549341472,1,5,2.197159723424149,0.48148148148148145,0.5853658536585366,-0.0798898071625339,1,1,1.0,4,1.9444444444444444,3,2,3.9719368318947748,0.41170923071182747,9.579360204616043,0,5,0.625,0.5555555555555556,3.8,2,5,0.6,6,11,0.7333333333333333,0.15476190476190474,0.6666666666666666,0.47683053814057674,0.16013407204773494,3,0,0,1.0,1.5,3,3,2,6.839283168216569
ER,ER_34_w_7_nodes,src/graph_reconstruct_attacks/data/ER/ER_34_w_7_nodes,0,7,8,0.38095238095238093,2.2857142857142856,0.6998542122237652,1,3,1.4488156357251847,0.23809523809523808,0.25,-0.6666666666666666,1,1,1.0,4,1.8571428571428572,1,1,2.4728339089952556,0.5857864376269056,5.308543071784685,0,3,0.5,0.42857142857142855,1.6666666666666667,1,2,0,0,3,0.5,0.4,0.6,0.32040749517076295,0.193983113839697,2,1,1,1.0,1.6666666666666667,3,3,1,3.4775553321989814
ER,ER_34_w_8_nodes,src/graph_reconstruct_attacks/data/ER/ER_34_w_8_nodes,0,8,10,0.35714285714285715,2.5,1.118033988749895,1,4,2.0,0.35416666666666663,0.45,-1.942890293094024e-15,1,1,1.0,5,2.107142857142857,3,3,3.0627225490896914,0.37257774287496626,7.118036769169399,0,1,0.14285714285714285,0.125,3.0,3,3,0,0,1,1.0,0.0,0.35,0.11650598211975893,0.06081320320481007,1,0,1,1.0,2.857142857142857,5,2,2,5.468243914652199
ER,ER_34_w_9_nodes,src/graph_reconstruct_attacks/data/ER/ER_34_w_9_nodes,0,9,15,0.4166666666666667,3.3333333333333335,1.4142135623730951,2,6,2.058813890331201,0.437037037037037,0.3409090909090909,-0.5344467640918587,1,1,1.0,3,1.6111111111111112,0,0,3.7518599014330336,1.4217649538028079,9.745691626382566,0,2,0.25,0.2222222222222222,5.0,4,6,1.0,1,3,1.0,0.0,0.5333333333333333,0.23044030551314384,0.07151335283323364,2,0,0,1.0,1.875,3,4,2,7.573360894794219
ER,ER_35_w_7_nodes,src/graph_reconstruct_attacks/data/ER/ER_35_w_7_nodes,0,7,8,0.38095238095238093,2.2857142857142856,0.6998542122237652,1,3,1.4488156357251847,0.14285714285714285,0.25,0.3333333333333333,1,1,1.0,4,2.0,2,2,2.5772253550698947,0.3819660112501051,5.308543071784685,0,2,0.3333333333333333,0.2857142857142857,2.5,2,3,0,0,2,0.6666666666666666,0.03333333333333333,0.46153846153846156,0.3207561387808644,0.12320459617149436,2,0,0,1.0,2.1666666666666665,4,3,3,3.6994040818153366
ER,ER_35_w_8_nodes,src/graph_reconstruct_attacks/data/ER/ER_35_w_8_nodes,0,8,15,0.5357142857142857,3.75,1.0897247358851685,2,5,1.811278124459133,0.4791666666666667,0.391304347826087,-0.5690376569037637,1,1,1.0,2,1.4642857142857142,0,0,3.972597027297077,1.6872178104504605,7.5733608947942175,0,5,0.7142857142857143,0.625,3.8,2,5,0.4,4,9,0.6,0.1706349206349206,0.7777777777777778,0.435042400514187,0.16250494865107457,3,0,0,1.0,1.2857142857142858,2,3,2,5.547425160699821
ER,ER_35_w_9_nodes,src/graph_reconstruct_attacks/data/ER/ER_35_w_9_nodes,0,9,12,0.3333333333333333,2.6666666666666665,0.816496580927726,1,4,1.6577427265048887,0.2037037037037037,0.2608695652173913,-0.014084507042252413,1,1,1.0,5,2.111111111111111,1,1,2.94482390875047,0.4349087177541335,9.09749251487192,0,1,0.125,0.1111111111111111,3.0,3,3,0,0,1,1.0,0.0,0.3333333333333333,0.09798566578449679,0.05394765259907595,1,0,1,1.0,3.0,5,1,1,7.331916589114478
ER,ER_36_w_7_nodes,src/graph_reconstruct_attacks/data/ER/ER_36_w_7_nodes,0,7,8,0.38095238095238093,2.2857142857142856,0.6998542122237652,1,3,1.4488156357251847,0.14285714285714285,0.25,0.3333333333333333,1,1,1.0,4,2.0,2,2,2.5772253550698943,0.3819660112501046,5.308543071784685,0,3,0.5,0.42857142857142855,2.6666666666666665,2,3,0.3333333333333333,1,4,0.6666666666666666,0.23333333333333334,0.6,0.5059047148794972,0.17440229675508961,2,0,0,1.0,1.6666666666666667,3,3,3,3.4775553321989814
ER,ER_36_w_8_nodes,src/graph_reconstruct_attacks/data/ER/ER_36_w_8_nodes,0,8,9,0.32142857142857145,2.25,0.82915619758885,1,3,1.5,0.20833333333333331,0.21428571428571427,0.052631578947367,1,1,1.0,4,2.142857142857143,3,3,2.607250169112433,0.36458811727549023,6.839283168216569,0,1,0.14285714285714285,0.125,3.0,3,3,0,0,1,1.0,0.0,0.3888888888888889,0.15418400224239232,0.06500750611474393,1,0,1,1.0,2.5714285714285716,4,2,2,5.308543071784685
ER,ER_36_w_9_nodes,src/graph_reconstruct_attacks/data/ER/ER_36_w_9_nodes,0,9,13,0.3611111111111111,2.888888888888889,1.3698697784375504,1,6,2.113283334294875,0.4185185185185185,0.36363636363636365,-0.29007633587786247,1,1,1.0,3,1.8611111111111112,1,1,3.460951483673832,0.5696432801252757,9.36376040427669,0,3,0.375,0.3333333333333333,4.333333333333333,3,6,0.6666666666666666,2,5,0.8333333333333334,0.029761904761904757,0.5714285714285714,0.38060691703854777,0.1095439644753701,2,0,0,1.0,1.75,3,3,1,7.118036769169399
ER,ER_37_w_7_nodes,src/graph_reconstruct_attacks/data/ER/ER_37_w_7_nodes,0,7,7,0.3333333333333333,2.0,0.5345224838248488,1,3,1.1488348542809166,0.0,0,-0.07692307692307777,1,1,1.0,5,2.2857142857142856,3,3,2.1889010593167337,0.27651994672834673,5.065505023098389,0,3,0.5,0.42857142857142855,2.0,2,2,0,0,3,0.5,0.6333333333333333,0.6,0.5518645418569652,0.1986311525181907,2,1,1,1.0,1.6666666666666667,3,1,1,3.135132651376774
ER,ER_37_w_8_nodes,src/graph_reconstruct_attacks/data/ER/ER_37_w_8_nodes,0,8,11,0.39285714285714285,2.75,1.1989578808281798,1,5,2.1556390622295662,0.525,0.36,-0.5449438202247205,1,1,1.0,3,1.75,1,1,3.1226564591242205,0.7380761644371592,7.331916589114478,0,3,0.42857142857142855,0.375,3.3333333333333335,2,5,0.3333333333333333,1,4,0.6666666666666666,0.19047619047619047,0.6363636363636364,0.34115562159599133,0.13455287693467466,2,0,0,1.0,1.5714285714285714,2,2,2,5.308543071784685
ER,ER_37_w_9_nodes,src/graph_reconstruct_attacks/data/ER/ER_37_w_9_nodes,0,9,9,0.25,2.0,0.816496580927726,1,3,1.584962500721156,0.0,0,-0.40000000000000097,1,1,1.0,6,2.611111111111111,5,4,2.32032987140646,0.22289986689987404,7.9737893252759235,0,3,0.375,0.3333333333333333,2.0,1,3,0,0,3,0.5,0.6071428571428571,0.5,0.3717679220673311,0.16568298798473644,1,1,3,1.0,2.0,4,3,3,5.576041733441991
ER,ER_38_w_7_nodes,src/graph_reconstruct_attacks/data/ER/ER_38_w_7_nodes,0,7,9,0.42857142857142855,2.5714285714285716,1.049781318335648,1,4,1.8423709931771088,0.2857142857142857,0.3333333333333333,-0.33333333333333337,1,1,1.0,3,1.7142857142857142,1,1,2.936100423936934,0.741942074078625,5.468243914652199,0,2,0.3333333333333333,0.2857142857142857,3.0,2,4,0,0,2,0.6666666666666666,0.05555555555555555,0.5454545454545454,0.2603809309701254,0.11548961911389022,2,0,0,1.0,1.8333333333333333,3,3,2,3.808548551240405
ER,ER_38_w_8_nodes,src/graph_reconstruct_attacks/data/ER/ER_38_w_8_nodes,0,8,12,0.42857142857142855,3.0,1.3228756555322954,1,5,1.811278124459133,0.39166666666666666,0.4838709677419355,-0.1822660098522155,1,1,1.0,3,1.7142857142857142,1,1,3.5505092071462947,0.8972249509033592,7.483184264445128,0,1,0.14285714285714285,0.125,5.0,5,5,0,0,1,1.0,0.0,0.4666666666666667,0.13368865947128572,0.053420418971993004,1,0,1,1.0,2.142857142857143,3,1,1,5.547425160699821
ER,ER_38_w_9_nodes,src/graph_reconstruct_attacks/data/ER/ER_38_w_9_nodes,0,9,11,0.3055555555555556,2.4444444444444446,1.0657403385139377,1,5,1.6577427265048887,0.4185185185185185,0.2857142857142857,-0.6559139784946236,1,1,1.0,4,2.0555555555555554,1,1,2.715269989882314,0.4483659062226996,8.778733752247508,0,2,0.25,0.2222222222222222,4.0,3,5,0,0,2,0.6666666666666666,0.21428571428571427,0.5714285714285714,0.31844964419487337,0.09141144101200324,2,0,0,1.0,1.75,2,5,2,6.839283168216569
ER,ER_39_w_7_nodes,src/graph_reconstruct_attacks/data/ER/ER_39_w_7_nodes,0,7,8,0.38095238095238093,2.2857142857142856,1.665986255670086,1,6,1.8423709931771084,0.39999999999999997,0.3,-0.7878787878787878,1,1,1.0,2,1.619047619047619,3,1,2.9438791392887134,0.9999999999999989,5.308543071784685,0,3,0.5,0.42857142857142855,3.3333333333333335,2,6,0.6666666666666666,2,5,0.8333333333333334,0.03333333333333333,0.6666666666666666,0.4602683857349716,0.17670558903377154,2,0,0,1.0,1.5,2,1,1,3.4775553321989814
ER,ER_39_w_8_nodes,src/graph_reconstruct_attacks/data/ER/ER_39_w_8_nodes,0,8,10,0.35714285714285715,2.5,0.8660254037844386,1,4,1.811278124459133,0.3125,0.3333333333333333,-0.06060606060606267,1,1,1.0,4,2.0357142857142856,1,2,2.8257219417919237,0.4667943002324507,7.118036769169399,0,3,0.42857142857142855,0.375,3.0,2,4,0.6666666666666666,2,5,0.8333333333333334,0.11904761904761904,0.5384615384615384,0.46416576464254794,0.13982254140315942,2,0,0,1.0,1.8571428571428572,3,3,2,5.065505023098389
ER,ER_39_w_9_nodes,src/graph_reconstruct_attacks/data/ER/ER_39_w_9_nodes,0,9,13,0.3611111111111111,2.888888888888889,1.1967032904743342,1,5,2.197159723424149,0.5407407407407407,0.3870967741935484,-0.5225225225225237,1,1,1.0,4,1.8611111111111112,1,1,3.2565946920960718,0.6805038410514449,9.36376040427669,0,3,0.375,0.3333333333333333,3.3333333333333335,2,4,0.6666666666666666,2,5,0.8333333333333334,0.05952380952380952,0.5333333333333333,0.3371190853810837,0.11248895194772934,2,0,0,1.0,1.875,3,2,1,7.118036769169399
ER,ER_3_w_7_nodes,src/graph_reconstruct_attacks/data/ER/ER_3_w_7_nodes,0,7,7,0.3333333333333333,2.0,1.1952286093343936,1,4,1.3787834934861753,0.11904761904761904,0.25,-0.4848484848484842,1,1,1.0,3,1.9047619047619047,4,3,2.537444495119621,0.6086176193690992,5.065505023098389,0,1,0.16666666666666666,0.14285714285714285,4.0,4,4,0,0,1,1.0,0.0,0.46153846153846156,0.22462408651173468,0.0793176465866208,1,0,1,1.0,2.1666666666666665,3,4,4,3.6994040818153366
ER,ER_3_w_8_nodes,src/graph_reconstruct_attacks/data/ER/ER_3_w_8_nodes,0,8,11,0.39285714285714285,2.75,0.82915619758885,2,4,1.5,0.1875,0.13636363636363635,-0.6250000000000007,1,1,1.0,3,1.6785714285714286,0,0,2.913116368853945,0.9854500588932685,7.331916589114478,0,2,0.2857142857142857,0.25,3.5,3,4,0,0,2,0.6666666666666666,0.023809523809523808,0.5384615384615384,0.2626583364862601,0.09517385193612278,2,0,0,1.0,1.8571428571428572,3,4,3,5.468243914652199
ER,ER_3_w_9_nodes,src/graph_reconstruct_attacks/data/ER/ER_3_w_9_nodes,0,9,12,0.3333333333333333,2.6666666666666665,1.1547005383792515,1,5,1.6577427265048887,0.24444444444444446,0.23076923076923078,-0.15909090909090975,1,1,1.0,4,1.9444444444444444,2,2,3.136387754726563,0.5347722468279564,9.09749251487192,0,5,0.625,0.5555555555555556,2.8,2,3,0.2,2,7,0.4666666666666667,0.4821428571428571,0.7272727272727273,0.537353280420038,0.19276733759372397,2,0,0,1.0,1.375,2,1,1,6.073366374249938
ER,ER_40_w_7_nodes,src/graph_reconstruct_attacks/data/ER/ER_40_w_7_nodes,0,7,10,0.47619047619047616,2.857142857142857,1.2453996981544782,1,5,2.2359263506290326,0.5809523809523809,0.5,-0.4583333333333347,1,1,1.0,3,1.619047619047619,1,1,3.2754963350803,0.7971297884065646,5.547425160699821,0,1,0.16666666666666666,0.14285714285714285,4.0,4,4,0,0,1,1.0,0.0,0.46153846153846156,0.13060984647154822,0.06426402858185738,1,0,1,1.0,2.1666666666666665,3,1,1,3.6994040818153366
ER,ER_40_w_8_nodes,src/graph_reconstruct_attacks/data/ER/ER_40_w_8_nodes,0,8,9,0.32142857142857145,2.25,0.6614378277661477,2,4,0.5435644431995964,0.0,0,-0.28571428571428625,1,1,1.0,4,2.0357142857142856,0,1,2.4202313446679993,0.47108204270563797,6.839283168216569,0,4,0.5714285714285714,0.5,2.0,2,2,0,0,4,0.4,0.6428571428571428,0.7,0.5705568001772404,0.20868932216792774,2,1,0,1.0,1.4285714285714286,2,1,1,4.308543071784685
ER,ER_40_w_9_nodes,src/graph_reconstruct_attacks/data/ER/ER_40_w_9_nodes,0,9,11,0.3055555555555556,2.4444444444444446,0.9558139185602919,1,4,1.8365916681089791,0.1111111111111111,0.15,-0.04761904761904918,1,1,1.0,4,2.111111111111111,3,3,2.8537312614246977,0.38425429666216765,8.778733752247508,0,2,0.25,0.2222222222222222,2.5,1,4,0,0,2,0.6666666666666666,0.25,0.47058823529411764,0.17759693719050504,0.10608616866593018,1,1,2,1.0,2.125,3,2,2,6.839283168216569
ER,ER_41_w_7_nodes,src/graph_reconstruct_attacks/data/ER/ER_41_w_7_nodes,0,7,13,0.6190476190476191,3.7142857142857144,0.880630571852711,3,5,1.3787834934861753,0.5095238095238095,0.47368421052631576,-0.4647887323943671,1,1,1.0,2,1.380952380952381,0,0,3.86066863099842,2.2242871442637875,5.308543071784685,0,4,0.6666666666666666,0.5714285714285714,3.5,3,5,0.3333333333333333,2,6,0.6,0.1111111111111111,0.75,0.37636170315958595,0.15350781164627048,3,0,0,1.0,1.3333333333333333,2,1,1,3.6994040818153366
ER,ER_41_w_8_nodes,src/graph_reconstruct_attacks/data/ER/ER_41_w_8_nodes,0,8,10,0.35714285714285715,2.5,1.118033988749895,1,4,2.0,0.1875,0.3,-0.10000000000000164,1,1,1.0,4,2.0,3,3,3.023543330874195,0.3991292079162341,7.118036769169399,0,2,0.2857142857142857,0.25,2.5,1,4,0,0,2,0.6666666666666666,0.2857142857142857,0.5,0.1873349106342243,0.11678008131067019,1,1,2,1.0,2.0,3,2,2,5.308543071784685
ER,ER_41_w_9_nodes,src/graph_reconstruct_attacks/data/ER/ER_41_w_9_nodes,0,9,12,0.3333333333333333,2.6666666666666665,0.9428090415820634,1,4,1.8910611120726526,0.16666666666666666,0.125,1.3507713466272737e-15,1,1,1.0,4,2.0555555555555554,2,2,3.035406017991442,0.38700621233160104,9.09749251487192,0,4,0.5,0.4444444444444444,3.0,2,4,0.16666666666666666,1,5,0.5,0.30357142857142855,0.6153846153846154,0.47599492589976244,0.153284125230467,2,0,0,1.0,1.625,3,2,1,6.4924956819919135
ER,ER_42_w_7_nodes,src/graph_reconstruct_attacks/data/ER/ER_42_w_7_nodes,0,7,7,0.3333333333333333,2.0,1.0690449676496976,1,4,1.8423709931771086,0.3095238095238095,0.2727272727272727,-0.49180327868852397,1,1,1.0,3,1.9523809523809523,4,2,2.430907836833065,0.39832086811684597,5.065505023098389,0,2,0.3333333333333333,0.2857142857142857,3.0,2,4,1.0,1,3,1.0,0.0,0.5,0.42821032509153695,0.13504778402094517,2,0,0,1.0,2.0,3,2,2,3.4775553321989814
ER,ER_42_w_8_nodes,src/graph_reconstruct_attacks/data/ER/ER_42_w_8_nodes,0,8,9,0.32142857142857145,2.25,0.6614378277661477,1,3,1.4056390622295665,0.20833333333333331,0.23076923076923078,-0.24137931034482876,1,1,1.0,5,2.1785714285714284,2,2,2.481194304092015,0.3376036697878199,6.839283168216569,0,1,0.14285714285714285,0.125,2.0,2,2,0,0,1,1.0,0.0,0.3181818181818182,0.06435119150055445,0.07315956193233158,1,0,1,1.0,3.142857142857143,5,1,1,5.308543071784685
ER,ER_42_w_9_nodes,src/graph_reconstruct_attacks/data/ER/ER_42_w_9_nodes,0,9,15,0.4166666666666667,3.3333333333333335,1.4907119849998598,2,7,1.8910611120726526,0.6190476190476191,0.4,-0.41666666666666496,1,1,1.0,3,1.6111111111111112,0,0,3.77684696204138,1.2185373296801252,9.745691626382566,0,3,0.375,0.3333333333333333,4.333333333333333,3,7,0.3333333333333333,1,4,0.6666666666666666,0.06547619047619048,0.6153846153846154,0.29174068138623,0.10116783004434232,2,0,0,1.0,1.625,2,3,2,7.483184264445128
ER,ER_43_w_7_nodes,src/graph_reconstruct_attacks/data/ER/ER_43_w_7_nodes,0,7,12,0.5714285714285714,3.4285714285714284,1.178030178747903,2,6,1.6644977792004614,0.7714285714285715,0.6176470588235294,-0.38461538461538386,1,1,1.0,2,1.4285714285714286,0,0,3.7160854468912388,1.3248691294333534,5.468243914652198,0,3,0.5,0.42857142857142855,4.333333333333333,3,6,1.0,3,6,1.0,0.0,0.6666666666666666,0.3593217478877386,0.12512640594965502,3,0,0,1.0,1.5,2,4,2,3.6994040818153366
ER,ER_43_w_8_nodes,src/graph_reconstruct_attacks/data/ER/ER_43_w_8_nodes,0,8,12,0.42857142857142855,3.0,1.224744871391589,1,5,2.25,0.55,0.5,-0.200000000000002,1,1,1.0,4,1.7857142857142858,1,1,3.4660196375937895,0.6360543453152473,7.483184264445128,0,1,0.14285714285714285,0.125,3.0,3,3,0,0,1,1.0,0.0,0.3888888888888889,0.08103155746360267,0.05699734164675155,1,0,1,1.0,2.5714285714285716,4,1,1,5.547425160699821
ER,ER_43_w_9_nodes,src/graph_reconstruct_attacks/data/ER/ER_43_w_9_nodes,0,9,13,0.3611111111111111,2.888888888888889,1.3698697784375504,1,5,2.197159723424149,0.34074074074074073,0.45454545454545453,-0.04219409282700461,1,1,1.0,4,1.9166666666666667,2,2,3.573012391584797,0.5369370859013493,9.36376040427669,0,5,0.625,0.5555555555555556,3.4,2,4,0.4,4,9,0.6,0.3988095238095238,0.7272727272727273,0.5028508948877691,0.17764680985637724,3,0,0,1.0,1.375,2,1,1,6.4924956819919135
ER,ER_44_w_7_nodes,src/graph_reconstruct_attacks/data/ER/ER_44_w_7_nodes,0,7,6,0.2857142857142857,1.7142857142857142,0.6998542122237652,1,3,1.4488156357251847,0.0,0,-0.6666666666666661,1,1,1.0,5,2.4761904761904763,6,4,1.9318516525781366,0.2253771004955102,4.734511804056966,0,1,0.16666666666666666,0.14285714285714285,3.0,3,3,0,0,1,1.0,0.0,0.35294117647058826,0.28867513459481314,0.0897061916159101,1,0,1,1.0,2.8333333333333335,5,3,3,3.4775553321989814
ER,ER_44_w_8_nodes,src/graph_reconstruct_attacks/data/ER/ER_44_w_8_nodes,0,8,14,0.5,3.5,1.0,2,5,1.75,0.5583333333333333,0.46153846153846156,-0.32338308457711434,1,1,1.0,3,1.5357142857142858,0,0,3.737064955359064,1.2815994377076834,7.603324118171656,0,5,0.7142857142857143,0.625,3.2,2,5,0.3,3,8,0.5333333333333333,0.2936507936507936,0.7777777777777778,0.4317081198145756,0.17442581069720825,3,0,0,1.0,1.2857142857142858,2,2,1,5.468243914652199
ER,ER_44_w_9_nodes,src/graph_reconstruct_attacks/data/ER/ER_44_w_9_nodes,0,9,14,0.3888888888888889,3.111111111111111,1.286204100310025,1,5,2.197159723424149,0.48518518518518516,0.40540540540540543,-0.2862190812720878,1,1,1.0,3,1.75,1,1,3.5640520952424337,0.7559521571089798,9.579360204616043,0,2,0.25,0.2222222222222222,4.0,3,5,1.0,1,3,1.0,0.0,0.5,0.20334641833233,0.07623718694306657,2,0,0,1.0,2.0,3,2,2,7.483184264445128
ER,ER_45_w_7_nodes,src/graph_reconstruct_attacks/data/ER/ER_45_w_7_nodes,0,7,7,0.3333333333333333,2.0,0.9258200997725514,1,3,1.4488156357251847,0.14285714285714285,0.3,-0.06060606060605947,1,1,1.0,4,2.0952380952380953,4,4,2.4382832394028977,0.3819660112501057,5.065505023098389,0,3,0.5,0.42857142857142855,2.3333333333333335,1,3,0.3333333333333333,1,4,0.6666666666666666,0.3333333333333333,0.6,0.5203162266700675,0.2026578620612381,2,1,1,1.0,1.6666666666666667,3,3,3,3.135132651376774
ER,ER_45_w_8_nodes,src/graph_reconstruct_attacks/data/ER/ER_45_w_8_nodes,0,8,9,0.32142857142857145,2.25,0.6614378277661477,1,3,1.4056390622295665,0.20833333333333331,0.23076923076923078,0.06896551724138013,1,1,1.0,4,2.107142857142857,2,2,2.4988937745976,0.3554621445553305,6.839283168216569,0,3,0.42857142857142855,0.375,2.6666666666666665,2,3,0.3333333333333333,1,4,0.6666666666666666,0.30952380952380953,0.5833333333333334,0.5054009004412682,0.15398130746725502,2,0,0,1.0,1.7142857142857142,3,3,2,4.734511804056966
ER,ER_45_w_9_nodes,src/graph_reconstruct_attacks/data/ER/ER_45_w_9_nodes,0,9,12,0.3333333333333333,2.6666666666666665,0.9428090415820634,1,4,1.8910611120726526,0.3333333333333333,0.375,6.476300976980079e-16,1,1,1.0,4,2.0,1,1,3.030249463917716,0.5528364356511652,9.09749251487192,0,3,0.375,0.3333333333333333,3.0,2,4,0.3333333333333333,1,4,0.6666666666666666,0.1607142857142857,0.5714285714285714,0.3219853129705681,0.12479844476748325,2,0,0,1.0,1.75,3,3,2,6.839283168216569
ER,ER_46_w_7_nodes,src/graph_reconstruct_attacks/data/ER/ER_46_w_7_nodes,0,7,12,0.5714285714285714,3.4285714285714284,1.178030178747903,2,6,1.6644977792004614,0.6523809523809524,0.5294117647058824,-0.43076923076922985,1,1,1.0,2,1.4285714285714286,0,0,3.696392779347099,1.697224362268004,5.468243914652198,0,3,0.5,0.42857142857142855,4.333333333333333,3,6,0.6666666666666666,2,5,0.8333333333333334,0.03333333333333333,0.6666666666666666,0.34891509090577394,0.12623432254659958,3,0,0,1.0,1.5,2,4,4,3.6994040818153366
ER,ER_46_w_8_nodes,src/graph_reconstruct_attacks/data/ER/ER_46_w_8_nodes,0,8,9,0.32142857142857145,2.25,0.82915619758885,1,4,1.5487949406953985,0.5625,0.42857142857142855,-0.10769230769230818,1,1,1.0,4,2.142857142857143,3,3,2.5492593125679965,0.3186693563950219,6.839283168216569,0,2,0.2857142857142857,0.25,2.5,2,3,1.0,1,3,1.0,0.0,0.4117647058823529,0.2850185472443782,0.10968717387578365,2,0,0,1.0,2.4285714285714284,4,5,4,5.065505023098389
ER,ER_46_w_9_nodes,src/graph_reconstruct_attacks/data/ER/ER_46_w_9_nodes,0,9,14,0.3888888888888889,3.111111111111111,0.9938079899999066,2,5,1.8910611120726526,0.25555555555555554,0.35294117647058826,-0.10891089108910737,1,1,1.0,3,1.7222222222222223,0,0,3.4669880078091677,1.1795110699263167,9.579360204616043,0,5,0.625,0.5555555555555556,3.2,2,4,0.3,3,8,0.5333333333333333,0.2797619047619047,0.7272727272727273,0.49789723018699095,0.16795609463387712,3,0,0,1.0,1.375,2,1,1,6.839283168216569
ER,ER_47_w_7_nodes,src/graph_reconstruct_attacks/data/ER/ER_47_w_7_nodes,0,7,7,0.3333333333333333,2.0,0.7559289460184544,1,3,1.5566567074628228,0.0,0,-0.1666666666666663,1,1,1.0,4,2.0952380952380953,3,3,2.276388221734683,0.38196601125010543,5.065505023098389,0,3,0.5,0.42857142857142855,2.0,1,3,0,0,3,0.5,0.43333333333333335,0.6,0.5033082934079525,0.20496377401475904,2,1,1,1.0,1.6666666666666667,3,2,2,3.135132651376774
ER,ER_47_w_8_nodes,src/graph_reconstruct_attacks/data/ER/ER_47_w_8_nodes,0,8,8,0.2857142857142857,2.0,1.3228756555322954,1,5,1.75,0.0,0,-0.8113207547169812,1,1,1.0,4,2.0714285714285716,4,2,2.497212040956833,0.4745724391564825,6.4924956819919135,0,2,0.2857142857142857,0.25,4.0,3,5,0,0,2,0.6666666666666666,0.19047619047619047,0.5833333333333334,0.3897342210054457,0.12081238576448543,2,0,0,1.0,1.7142857142857142,2,2,2,4.734511804056966
ER,ER_47_w_9_nodes,src/graph_reconstruct_attacks/data/ER/ER_47_w_9_nodes,0,9,8,0.2222222222222222,1.7777777777777777,1.0304020550550783,1,4,1.6577427265048887,0.0,0,-0.8390804597701149,1,1,1.0,5,2.7222222222222223,8,4,2.135779205069857,0.16492436454529436,7.480873803373035,0,2,0.25,0.2222222222222222,2.5,2,3,0,0,2,0.6666666666666666,0.5357142857142857,0.47058823529411764,0.3342268947528701,0.11906062511627882,1,1,2,1.0,2.125,3,2,2,5.576041733441991
ER,ER_48_w_7_nodes,src/graph_reconstruct_attacks/data/ER/ER_48_w_7_nodes,0,7,11,0.5238095238095238,3.142857142857143,1.2453996981544782,1,5,2.2359263506290326,0.6428571428571429,0.6206896551724138,-0.3550724637681149,1,1,1.0,3,1.5714285714285714,1,1,3.5718844318557674,0.8250721540164498,5.547425160699821,0,5,0.8333333333333334,0.7142857142857143,3.2,2,4,0.5,5,10,0.6666666666666666,0.3,0.8571428571428571,0.5212862904982195,0.2147643466478638,3,0,0,1.0,1.1666666666666667,2,1,1,3.6994040818153366
ER,ER_48_w_8_nodes,src/graph_reconstruct_attacks/data/ER/ER_48_w_8_nodes,0,8,12,0.42857142857142855,3.0,1.118033988749895,1,5,2.0,0.32916666666666666,0.3103448275862069,-0.2387096774193542,1,1,1.0,3,1.7142857142857142,1,1,3.388608875822706,0.6738066373329757,7.483184264445128,0,2,0.2857142857142857,0.25,4.5,4,5,1.0,1,3,1.0,0.0,0.5384615384615384,0.2826079312374076,0.08559440373171706,2,0,0,1.0,1.8571428571428572,3,1,1,5.547425160699821
ER,ER_48_w_9_nodes,src/graph_reconstruct_attacks/data/ER/ER_48_w_9_nodes,0,9,14,0.3888888888888889,3.111111111111111,1.5234788000891208,2,7,1.7527152789797045,0.7486772486772487,0.45,-0.3922651933701657,1,1,1.0,3,1.7222222222222223,0,1,3.6076155818393336,0.7738049151860016,9.579360204616043,0,3,0.375,0.3333333333333333,4.0,2,7,0.6666666666666666,2,5,0.8333333333333334,0.017857142857142856,0.5714285714285714,0.3159761137552173,0.10774555744917205,2,0,0,1.0,1.75,3,3,3,7.331916589114478
ER,ER_49_w_7_nodes,src/graph_reconstruct_attacks/data/ER/ER_49_w_7_nodes,0,7,8,0.38095238095238093,2.2857142857142856,0.6998542122237652,1,3,1.4488156357251847,0.0,0,-0.3333333333333333,1,1,1.0,4,1.9047619047619047,1,1,2.4736666459985908,0.6086176193690995,5.308543071784685,0,3,0.5,0.42857142857142855,2.6666666666666665,2,3,0,0,3,0.5,0.36666666666666664,0.6666666666666666,0.4899147955740852,0.17924290833286632,2,0,0,1.0,1.5,2,3,3,3.4775553321989814
ER,ER_49_w_8_nodes,src/graph_reconstruct_attacks/data/ER/ER_49_w_8_nodes,0,8,8,0.2857142857142857,2.0,0.7071067811865476,1,3,1.5,0.0,0,-0.7142857142857143,1,1,1.0,5,2.2142857142857144,2,2,2.1700864866260337,0.4384471871911701,6.4924956819919135,0,3,0.42857142857142855,0.375,1.6666666666666667,1,2,0,0,3,0.5,0.38095238095238093,0.5,0.4324866297626544,0.18336719323033734,2,1,1,1.0,2.0,4,2,2,4.308543071784685
ER,ER_49_w_9_nodes,src/graph_reconstruct_attacks/data/ER/ER_49_w_9_nodes,0,9,13,0.3611111111111111,2.888888888888889,1.3698697784375504,1,5,2.058813890331201,0.24074074074074073,0.2727272727272727,-0.3206349206349195,1,1,1.0,3,1.8055555555555556,1,1,3.426801870371091,0.7891617764499501,9.36376040427669,0,4,0.5,0.4444444444444444,3.75,2,5,0.3333333333333333,2,6,0.6,0.20238095238095233,0.6666666666666666,0.43479290826733513,0.14648086288746917,2,0,0,1.0,1.5,2,1,1,6.839283168216569
ER,ER_4_w_7_nodes,src/graph_reconstruct_attacks/data/ER/ER_4_w_7_nodes,0,7,9,0.42857142857142855,2.5714285714285716,1.178030178747903,1,4,1.9502120649147465,0.4047619047619047,0.47368421052631576,-0.23749999999999932,1,1,1.0,3,1.7619047619047619,2,2,3.0569364728856803,0.6872323468405388,5.468243914652199,0,4,0.6666666666666666,0.5714285714285714,2.75,1,4,0.3333333333333333,2,6,0.6,0.4,0.75,0.4927584265405389,0.21597414294105424,2,1,1,1.0,1.3333333333333333,2,2,1,3.4775553321989814
ER,ER_4_w_8_nodes,src/graph_reconstruct_attacks/data/ER/ER_4_w_8_nodes,0,8,12,0.42857142857142855,3.0,1.4142135623730951,1,5,2.1556390622295662,0.4666666666666667,0.5625,-0.14893617021276526,1,1,1.0,4,1.8214285714285714,2,2,3.6440459103467573,0.6560189109366147,7.483184264445128,0,4,0.5714285714285714,0.5,3.75,2,5,0.6666666666666666,4,8,0.8,0.11904761904761904,0.6363636363636364,0.44713762432372167,0.15561255210987174,3,0,0,1.0,1.5714285714285714,3,3,3,5.308543071784685
ER,ER_4_w_9_nodes,src/graph_reconstruct_attacks/data/ER/ER_4_w_9_nodes,0,9,12,0.3333333333333333,2.6666666666666665,1.1547005383792515,1,5,2.058813890331201,0.06666666666666667,0.11538461538461539,-0.24528301886792528,1,1,1.0,3,1.8888888888888888,1,1,3.091192243440834,0.6441759839360067,9.09749251487192,0,3,0.375,0.3333333333333333,2.6666666666666665,2,4,0,0,3,0.5,0.07738095238095237,0.5333333333333333,0.3283679968025212,0.12201117228687036,2,0,0,1.0,1.875,3,2,1,6.839283168216569
ER,ER_50_w_7_nodes,src/graph_reconstruct_attacks/data/ER/ER_50_w_7_nodes,0,7,9,0.42857142857142855,2.5714285714285716,0.9035079029052513,1,4,1.8423709931771088,0.3333333333333333,0.35294117647058826,-0.18867924528301896,1,1,1.0,3,1.7142857142857142,1,1,2.860805853111704,0.6655857816610228,5.468243914652199,0,3,0.5,0.42857142857142855,2.6666666666666665,2,4,0.3333333333333333,1,4,0.6666666666666666,0.1,0.6,0.4066905132330689,0.16151717279738348,2,0,0,1.0,1.6666666666666667,3,3,3,3.6994040818153366
ER,ER_50_w_8_nodes,src/graph_reconstruct_attacks/data/ER/ER_50_w_8_nodes,0,8,11,0.39285714285714285,2.75,0.9682458365518543,1,4,1.9056390622295665,0.16666666666666666,0.2608695652173913,-0.011494252873563466,1,1,1.0,4,1.8214285714285714,1,1,3.1011460456521354,0.6352296114855936,7.331916589114478,0,2,0.2857142857142857,0.25,3.0,3,3,0,0,2,0.6666666666666666,0.023809523809523808,0.4666666666666667,0.2291497360033396,0.09441759438255609,2,0,0,1.0,2.142857142857143,4,2,2,5.468243914652199
ER,ER_50_w_9_nodes,src/graph_reconstruct_attacks/data/ER/ER_50_w_9_nodes,0,9,13,0.3611111111111111,2.888888888888889,1.1967032904743342,1,5,2.197159723424149,0.13333333333333333,0.1935483870967742,-0.5810810810810825,1,1,1.0,3,1.7222222222222223,1,1,3.264904685246523,0.8442104459853993,9.36376040427669,0,4,0.5,0.4444444444444444,3.25,2,5,0.3333333333333333,2,6,0.6,0.14285714285714285,0.6666666666666666,0.4466102136793601,0.1463537213199208,2,0,0,1.0,1.5,2,2,1,6.839283168216569
ER,ER_51_w_7_nodes,src/graph_reconstruct_attacks/data/ER/ER_51_w_7_nodes,0,7,10,0.47619047619047616,2.857142857142857,1.4568627181693672,1,5,1.8423709931771084,0.6238095238095237,0.46153846153846156,-0.6355140186915894,1,1,1.0,3,1.5714285714285714,1,1,3.356209789501294,0.9177230111000731,5.547425160699821,0,3,0.5,0.42857142857142855,4.0,2,5,0.6666666666666666,2,5,0.8333333333333334,0.06666666666666667,0.6666666666666666,0.3949162843330411,0.14699277413641323,2,0,0,1.0,1.5,2,1,1,3.808548551240405
ER,ER_51_w_8_nodes,src/graph_reconstruct_attacks/data/ER/ER_51_w_8_nodes,0,8,14,0.5,3.5,0.8660254037844386,2,5,1.811278124459133,0.475,0.39473684210526316,-0.21739130434782386,1,1,1.0,3,1.5714285714285714,0,0,3.6862009298253042,1.1715728752538104,7.603324118171656,0,3,0.42857142857142855,0.375,3.6666666666666665,2,5,0.6666666666666666,2,5,0.8333333333333334,0.047619047619047616,0.6363636363636364,0.2771803325497168,0.11226567733867776,2,0,0,1.0,1.5714285714285714,2,3,1,5.547425160699821
ER,ER_51_w_9_nodes,src/graph_reconstruct_attacks/data/ER/ER_51_w_9_nodes,0,9,14,0.3888888888888889,3.111111111111111,1.5947444549341472,1,6,2.4193819456463714,0.3037037037037037,0.36585365853658536,-0.44071588366890574,1,1,1.0,3,1.7222222222222223,2,2,3.7519580947151407,0.8003656450594419,9.579360204616043,0,4,0.5,0.4444444444444444,4.25,3,6,0.5,3,7,0.7,0.08333333333333331,0.6666666666666666,0.4155673122273425,0.13537372343632278,3,0,0,1.0,1.5,2,1,1,7.118036769169399
ER,ER_52_w_7_nodes,src/graph_reconstruct_attacks/data/ER/ER_52_w_7_nodes,0,7,9,0.42857142857142855,2.5714285714285716,0.9035079029052513,1,4,1.8423709931771088,0.11904761904761904,0.17647058823529413,-0.3584905660377334,1,1,1.0,3,1.7142857142857142,1,1,2.84559050125148,0.6665462869331825,5.468243914652199,0,2,0.3333333333333333,0.2857142857142857,3.5,3,4,0,0,2,0.6666666666666666,0.02222222222222222,0.5454545454545454,0.31782337310484354,0.11227912971260835,2,0,0,1.0,1.8333333333333333,3,2,2,3.808548551240405
ER,ER_52_w_8_nodes,src/graph_reconstruct_attacks/data/ER/ER_52_w_8_nodes,0,8,13,0.4642857142857143,3.25,1.299038105676658,1,5,2.1556390622295662,0.5291666666666667,0.5,-0.32888888888888834,1,1,1.0,4,1.7142857142857142,1,1,3.7099458753832044,0.7459673096790463,7.573360894794219,0,3,0.42857142857142855,0.375,4.666666666666667,4,5,0.6666666666666666,2,5,0.8333333333333334,0.05555555555555556,0.6363636363636364,0.355558600499381,0.11414361445134844,3,0,0,1.0,1.5714285714285714,2,3,3,5.547425160699821
ER,ER_52_w_9_nodes,src/graph_reconstruct_attacks/data/ER/ER_52_w_9_nodes,0,9,17,0.4722222222222222,3.7777777777777777,0.9162456945817024,2,5,1.836591668108979,0.37777777777777777,0.4117647058823529,-3.1456319031046054e-16,1,1,1.0,3,1.5833333333333333,0,0,4.030711122188961,1.318504321925383,9.93437201274627,0,3,0.375,0.3333333333333333,3.6666666666666665,2,5,0,0,3,0.5,0.0976190476190476,0.6153846153846154,0.21831320264478404,0.09487806894801187,2,0,0,1.0,1.625,2,2,1,7.603324118171656
ER,ER_53_w_7_nodes,src/graph_reconstruct_attacks/data/ER/ER_53_w_7_nodes,0,7,7,0.3333333333333333,2.0,0.7559289460184544,1,3,1.5566567074628228,0.23809523809523808,0.3333333333333333,-0.1666666666666663,1,1,1.0,5,2.2857142857142856,4,4,2.3429230827771703,0.2679491924311226,5.065505023098389,0,2,0.3333333333333333,0.2857142857142857,2.5,2,3,0,0,2,0.6666666666666666,0.5333333333333333,0.5454545454545454,0.3078369251753658,0.1442625039984278,1,1,2,1.0,1.8333333333333333,3,3,2,3.4775553321989814
ER,ER_53_w_8_nodes,src/graph_reconstruct_attacks/data/ER/ER_53_w_8_nodes,0,8,10,0.35714285714285715,2.5,0.5,2,3,1.0,0.0,0,-0.2499999999999986,1,1,1.0,3,1.8571428571428572,0,0,2.599140012141617,0.9303720696441016,7.118036769169399,0,2,0.2857142857142857,0.25,3.0,3,3,0,0,2,0.6666666666666666,0.06349206349206349,0.5,0.3099814874390103,0.10200274650350612,2,0,0,1.0,2.0,3,4,4,5.308543071784685
ER,ER_53_w_9_nodes,src/graph_reconstruct_attacks/data/ER/ER_53_w_9_nodes,0,9,11,0.3055555555555556,2.4444444444444446,1.4989708403591158,1,6,1.8910611120726526,0.31851851851851853,0.34615384615384615,-0.3414634146341459,1,1,1.0,4,2.0,4,3,3.202637419114919,0.4130730957046314,8.778733752247508,0,1,0.125,0.1111111111111111,6.0,6,6,0,0,1,1.0,0.0,0.47058823529411764,0.18318510830208606,0.05244842537443294,1,0,1,1.0,2.125,3,3,3,7.118036769169399
ER,ER_54_w_7_nodes,src/graph_reconstruct_attacks/data/ER/ER_54_w_7_nodes,0,7,8,0.38095238095238093,2.2857142857142856,1.3850513878332367,1,5,1.8423709931771088,0.31428571428571433,0.35294117647058826,-0.6,1,1,1.0,3,1.7619047619047619,3,2,2.8716718628478395,0.6469991525487085,5.308543071784685,0,1,0.16666666666666666,0.14285714285714285,3.0,3,3,0,0,1,1.0,0.0,0.42857142857142855,0.14748858275411017,0.07381463305522061,1,0,1,1.0,2.3333333333333335,3,3,3,3.808548551240405
ER,ER_54_w_8_nodes,src/graph_reconstruct_attacks/data/ER/ER_54_w_8_nodes,0,8,12,0.42857142857142855,3.0,0.7071067811865476,2,4,1.5,0.08333333333333333,0.11538461538461539,-0.05882352941176379,1,1,1.0,3,1.6785714285714286,0,0,3.1634283034476995,1.1255060220793254,7.483184264445128,0,3,0.42857142857142855,0.375,3.0,2,4,0,0,3,0.5,0.11904761904761904,0.5833333333333334,0.3267549519445105,0.12610134821242616,2,0,0,1.0,1.7142857142857142,3,4,3,5.468243914652199
ER,ER_54_w_9_nodes,src/graph_reconstruct_attacks/data/ER/ER_54_w_9_nodes,0,9,10,0.2777777777777778,2.2222222222222223,0.9162456945817024,1,4,1.836591668108979,0.2592592592592593,0.1875,-0.5476190476190459,1,1,1.0,5,2.361111111111111,3,3,2.513126405311612,0.2901627611841118,8.405153089434915,0,1,0.125,0.1111111111111111,3.0,3,3,0,0,1,1.0,0.0,0.3076923076923077,0.12454515278747792,0.06009285492564987,1,0,1,1.0,3.25,5,2,2,6.839283168216569
ER,ER_55_w_7_nodes,src/graph_reconstruct_attacks/data/ER/ER_55_w_7_nodes,0,7,11,0.5238095238095238,3.142857142857143,0.989743318610787,2,5,1.8423709931771084,0.46190476190476193,0.4444444444444444,-0.279069767441862,1,1,1.0,3,1.5238095238095237,0,0,3.405944094133635,1.3530154131853633,5.547425160699821,0,4,0.6666666666666666,0.5714285714285714,3.25,2,5,0.5,3,7,0.7,0.12222222222222223,0.75,0.45858935538719053,0.17621154642724215,2,0,0,1.0,1.3333333333333333,2,1,1,3.808548551240405
ER,ER_55_w_8_nodes,src/graph_reconstruct_attacks/data/ER/ER_55_w_8_nodes,0,8,14,0.5,3.5,1.224744871391589,2,6,1.9056390622295665,0.7375,0.5853658536585366,-0.2647975077881617,1,1,1.0,3,1.6071428571428572,0,0,3.8643961052443214,0.9858089877561464,7.603324118171656,0,3,0.42857142857142855,0.375,4.0,2,6,0.6666666666666666,2,5,0.8333333333333334,0.07936507936507936,0.6363636363636364,0.2683183007522274,0.1122603657316621,2,0,0,1.0,1.5714285714285714,2,2,1,5.547425160699821
ER,ER_55_w_9_nodes,src/graph_reconstruct_attacks/data/ER/ER_55_w_9_nodes,0,9,10,0.2777777777777778,2.2222222222222223,1.314684396244359,1,5,1.7527152789797045,0.24444444444444446,0.3,-0.31578947368421134,1,1,1.0,4,2.138888888888889,5,3,2.908999036672382,0.32998291624313997,8.405153089434915,0,1,0.125,0.1111111111111111,3.0,3,3,0,0,1,1.0,0.0,0.38095238095238093,0.09034141444808072,0.062494590683318946,1,0,1,1.0,2.625,4,4,4,6.839283168216569
ER,ER_56_w_7_nodes,src/graph_reconstruct_attacks/data/ER/ER_56_w_7_nodes,0,7,10,0.47619047619047616,2.857142857142857,0.6388765649999399,2,4,1.3787834934861753,0.2619047619047619,0.3,-0.5000000000000006,1,1,1.0,2,1.5238095238095237,0,0,2.9794126193215233,1.267949192431124,5.547425160699821,0,3,0.5,0.42857142857142855,3.3333333333333335,3,4,0.6666666666666666,2,5,0.8333333333333334,0.03333333333333333,0.6666666666666666,0.43935538634258997,0.14591814006034148,2,0,0,1.0,1.5,2,4,2,3.808548551240405
ER,ER_56_w_8_nodes,src/graph_reconstruct_attacks/data/ER/ER_56_w_8_nodes,0,8,11,0.39285714285714285,2.75,1.1989578808281798,1,5,2.1556390622295662,0.23333333333333334,0.24,-0.5449438202247205,1,1,1.0,3,1.7142857142857142,1,1,3.1350301001549807,0.8588378232677475,7.331916589114478,0,5,0.7142857142857143,0.625,2.4,1,4,0.2,2,7,0.4666666666666667,0.45238095238095233,0.7777777777777778,0.5181192907067607,0.22049905924129376,2,1,1,1.0,1.2857142857142858,2,1,1,4.734511804056966
ER,ER_56_w_9_nodes,src/graph_reconstruct_attacks/data/ER/ER_56_w_9_nodes,0,9,13,0.3611111111111111,2.888888888888889,0.7370277311900889,2,4,1.5304930567574826,0.24074074074074073,0.2222222222222222,-0.011111111111111592,1,1,1.0,3,1.8611111111111112,0,0,3.0902895502676095,0.8629966623620278,9.36376040427669,0,3,0.375,0.3333333333333333,3.3333333333333335,2,4,0.3333333333333333,1,4,0.6666666666666666,0.1369047619047619,0.5714285714285714,0.36570429683062505,0.11387801360712974,2,0,0,1.0,1.75,3,4,2,7.118036769169399
ER,ER_57_w_7_nodes,src/graph_reconstruct_attacks/data/ER/ER_57_w_7_nodes,0,7,9,0.42857142857142855,2.5714285714285716,0.9035079029052513,1,4,1.8423709931771084,0.0,0,-0.5283018867924499,1,1,1.0,3,1.7142857142857142,1,1,2.8092118001667545,0.8486680155896256,5.468243914652199,0,3,0.5,0.42857142857142855,2.6666666666666665,2,3,0,0,3,0.5,0.1222222222222222,0.6,0.41947929768253733,0.16157989863797267,2,0,0,1.0,1.6666666666666667,3,3,3,3.6994040818153366
ER,ER_57_w_8_nodes,src/graph_reconstruct_attacks/data/ER/ER_57_w_8_nodes,0,8,11,0.39285714285714285,2.75,0.9682458365518543,1,4,1.9056390622295665,0.3958333333333333,0.391304347826087,-0.5172413793103439,1,1,1.0,4,1.7857142857142858,1,1,3.0421328196177706,0.7215863905035562,7.331916589114478,0,3,0.42857142857142855,0.375,2.6666666666666665,2,4,0.3333333333333333,1,4,0.6666666666666666,0.12698412698412695,0.5833333333333334,0.3192279858570569,0.13582123994206827,2,0,0,1.0,1.7142857142857142,3,3,1,5.308543071784685
ER,ER_57_w_9_nodes,src/graph_reconstruct_attacks/data/ER/ER_57_w_9_nodes,0,9,13,0.3611111111111111,2.888888888888889,1.1967032904743342,2,5,1.4355205042826666,0.14444444444444446,0.1935483870967742,-0.2566666666666668,1,1,1.0,3,1.8055555555555556,0,0,3.3029130668611044,0.9999999999999981,9.36376040427669,0,2,0.25,0.2222222222222222,3.5,2,5,0,0,2,0.6666666666666666,0.038690476190476185,0.5,0.21482346014502976,0.0828273469605891,2,0,0,1.0,2.0,3,5,5,7.331916589114478
ER,ER_58_w_7_nodes,src/graph_reconstruct_attacks/data/ER/ER_58_w_7_nodes,0,7,9,0.42857142857142855,2.5714285714285716,1.2936264483053452,1,4,1.5566567074628228,0.4523809523809524,0.45,-0.4711538461538467,1,1,1.0,3,1.7142857142857142,2,2,3.0861301976514937,0.7148575181702146,5.468243914652199,0,2,0.3333333333333333,0.2857142857142857,4.0,4,4,1.0,1,3,1.0,0.0,0.5454545454545454,0.3258473873989893,0.11174747158089904,2,0,0,1.0,1.8333333333333333,3,2,2,3.808548551240405
ER,ER_58_w_8_nodes,src/graph_reconstruct_attacks/data/ER/ER_58_w_8_nodes,0,8,12,0.42857142857142855,3.0,0.8660254037844386,2,4,1.561278124459133,0.25,0.2222222222222222,-0.3333333333333318,1,1,1.0,3,1.6428571428571428,0,0,3.204927524181852,1.1931246838409457,7.483184264445128,0,4,0.5714285714285714,0.5,3.25,2,4,0.3333333333333333,2,6,0.6,0.1825396825396825,0.7,0.46036903109100663,0.1602085309005623,2,0,0,1.0,1.4285714285714286,2,3,1,5.308543071784685
ER,ER_58_w_9_nodes,src/graph_reconstruct_attacks/data/ER/ER_58_w_9_nodes,0,9,12,0.3333333333333333,2.6666666666666665,1.3333333333333333,1,5,2.197159723424149,0.13333333333333333,0.21428571428571427,-0.3728813559322021,1,1,1.0,4,1.9166666666666667,2,2,3.220521800681971,0.685259591421468,9.09749251487192,0,5,0.625,0.5555555555555556,2.8,1,4,0.2,2,7,0.4666666666666667,0.45833333333333326,0.7272727272727273,0.5120876963039969,0.1985851899058157,2,1,1,1.0,1.375,2,1,1,6.073366374249938
ER,ER_59_w_7_nodes,src/graph_reconstruct_attacks/data/ER/ER_59_w_7_nodes,0,7,10,0.47619047619047616,2.857142857142857,0.989743318610787,1,4,1.8423709931771084,0.4523809523809524,0.4090909090909091,-0.5151515151515166,1,1,1.0,3,1.619047619047619,1,1,3.1376478587577292,0.8225903191007174,5.547425160699821,0,2,0.3333333333333333,0.2857142857142857,4.0,4,4,1.0,1,3,1.0,0.0,0.6,0.2865279957987875,0.10526228138926091,2,0,0,1.0,1.6666666666666667,2,1,1,3.808548551240405
ER,ER_59_w_8_nodes,src/graph_reconstruct_attacks/data/ER/ER_59_w_8_nodes,0,8,12,0.42857142857142855,3.0,1.4142135623730951,1,6,2.1556390622295662,0.5625,0.46875,-0.3373493975903624,1,1,1.0,3,1.7142857142857142,1,1,3.534758992651776,0.6694052366177841,7.483184264445128,0,2,0.2857142857142857,0.25,5.0,4,6,1.0,1,3,1.0,0.0,0.5384615384615384,0.28073898260390195,0.08585209033289842,2,0,0,1.0,1.8571428571428572,3,2,2,5.547425160699821
ER,ER_59_w_9_nodes,src/graph_reconstruct_attacks/data/ER/ER_59_w_9_nodes,0,9,13,0.3611111111111111,2.888888888888889,1.286204100310025,1,5,1.7527152789797045,0.2518518518518518,0.28125,-0.3520000000000001,1,1,1.0,3,1.8333333333333333,1,1,3.380696847266816,0.8464345949707731,9.36376040427669,0,2,0.25,0.2222222222222222,4.0,4,4,1.0,1,3,1.0,0.0,0.47058823529411764,0.2616394997488298,0.07818528939213927,2,0,0,1.0,2.125,3,4,1,7.331916589114478
ER,ER_5_w_7_nodes,src/graph_reconstruct_attacks/data/ER/ER_5_w_7_nodes,0,7,8,0.38095238095238093,2.2857142857142856,0.4517539514526256,2,3,0.863120568566631,0.6666666666666667,0.5454545454545454,-0.6,1,1,1.0,4,2.1904761904761907,2,3,2.3429230827771694,0.2679491924311221,5.308543071784685,0,2,0.3333333333333333,0.2857142857142857,3.0,3,3,0,0,2,0.6666666666666666,0.6,0.6,0.38380921080589353,0.12501658322328782,2,1,2,1.0,1.6666666666666667,2,5,1,3.6994040818153366
ER,ER_5_w_8_nodes,src/graph_reconstruct_attacks/data/ER/ER_5_w_8_nodes,0,8,8,0.2857142857142857,2.0,1.0,1,4,1.811278124459133,0.1875,0.25,-0.1111111111111111,1,1,1.0,4,2.2142857142857144,5,4,2.5018726409798804,0.38196601125010493,6.4924956819919135,0,4,0.5714285714285714,0.5,2.25,2,3,0.16666666666666666,1,5,0.5,0.7619047619047619,0.7,0.5934679593407465,0.22925375698453748,2,1,2,1.0,1.4285714285714286,2,1,1,3.7770641547424297
ER,ER_5_w_9_nodes,src/graph_reconstruct_attacks/data/ER/ER_5_w_9_nodes,0,9,11,0.3055555555555556,2.4444444444444446,1.3425606637327303,1,4,1.5304930567574826,0.14814814814814814,0.25,-0.31999999999999895,1,1,1.0,4,2.0555555555555554,4,4,3.10514085495762,0.6124165433179849,8.778733752247508,0,1,0.125,0.1111111111111111,4.0,4,4,0,0,1,1.0,0.0,0.4,0.15424755386072522,0.05314205600617547,1,0,1,1.0,2.5,4,4,4,7.118036769169399
ER,ER_60_w_7_nodes,src/graph_reconstruct_attacks/data/ER/ER_60_w_7_nodes,0,7,10,0.47619047619047616,2.857142857142857,0.8329931278350429,2,4,1.5566567074628228,0.2857142857142857,0.2857142857142857,-0.30434782608696004,1,1,1.0,3,1.5714285714285714,0,0,3.0637394413869345,1.3358329518129186,5.547425160699821,0,4,0.6666666666666666,0.5714285714285714,2.75,2,4,0.3333333333333333,2,6,0.6,0.2222222222222222,0.75,0.4895307936308952,0.19278938891171582,2,0,0,1.0,1.3333333333333333,2,2,2,3.6994040818153366
ER,ER_60_w_8_nodes,src/graph_reconstruct_attacks/data/ER/ER_60_w_8_nodes,0,8,11,0.39285714285714285,2.75,0.9682458365518543,1,4,1.9056390622295665,0.16666666666666666,0.2608695652173913,-0.1379310344827586,1,1,1.0,4,1.7857142857142858,1,1,3.1021465022795374,0.711754388729263,7.331916589114478,0,3,0.42857142857142855,0.375,3.6666666666666665,3,4,0.3333333333333333,1,4,0.6666666666666666,0.10317460317460315,0.6363636363636364,0.4123748655730781,0.13141628106643502,2,0,0,1.0,1.5714285714285714,2,3,2,5.308543071784685
ER,ER_60_w_9_nodes,src/graph_reconstruct_attacks/data/ER/ER_60_w_9_nodes,0,9,15,0.4166666666666667,3.3333333333333335,1.4907119849998598,1,6,2.503258334775646,0.2962962962962963,0.4,-0.26666666666666433,1,1,1.0,3,1.6944444444444444,1,1,3.930436723529243,0.9182357775240705,9.745691626382566,0,5,0.625,0.5555555555555556,3.8,2,6,0.4,4,9,0.6,0.2232142857142857,0.7272727272727273,0.4439890542126451,0.15810891040972502,3,0,0,1.0,1.375,2,1,1,7.118036769169399
ER,ER_61_w_7_nodes,src/graph_reconstruct_attacks/data/ER/ER_61_w_7_nodes,0,7,9,0.42857142857142855,2.5714285714285716,1.3997084244475304,1,5,2.2359263506290326,0.4714285714285714,0.42857142857142855,-0.5882352941176465,1,1,1.0,3,1.6666666666666667,2,2,3.113146434622765,0.7610795937258207,5.468243914652199,0,2,0.3333333333333333,0.2857142857142857,4.0,3,5,1.0,1,3,1.0,0.0,0.5454545454545454,0.3200492850250595,0.11176825391887797,2,0,0,1.0,1.8333333333333333,3,2,2,3.808548551240405
ER,ER_61_w_8_nodes,src/graph_reconstruct_attacks/data/ER/ER_61_w_8_nodes,0,8,11,0.39285714285714285,2.75,0.82915619758885,1,4,1.5487949406953985,0.3125,0.4090909090909091,-1.5265566588596066e-15,1,1,1.0,4,1.8571428571428572,1,1,3.078422760918052,0.5957951027305117,7.331916589114478,0,4,0.5714285714285714,0.5,3.0,3,3,0.5,3,7,0.7,0.14285714285714285,0.6363636363636364,0.5214006216446629,0.1666397312607743,2,0,0,1.0,1.5714285714285714,3,1,1,5.065505023098389
ER,ER_61_w_9_nodes,src/graph_reconstruct_attacks/data/ER/ER_61_w_9_nodes,0,9,13,0.3611111111111111,2.888888888888889,0.9938079899999066,1,4,1.8910611120726526,0.14814814814814814,0.10344827586206896,-0.3966942148760341,1,1,1.0,3,1.7777777777777777,1,1,3.1759626624856017,0.7769819353250155,9.36376040427669,0,2,0.25,0.2222222222222222,3.5,3,4,0,0,2,0.6666666666666666,0.047619047619047616,0.5333333333333333,0.22439736486988027,0.08089773827291591,2,0,0,1.0,1.875,3,2,1,7.331916589114478
ER,ER_62_w_7_nodes,src/graph_reconstruct_attacks/data/ER/ER_62_w_7_nodes,0,7,10,0.47619047619047616,2.857142857142857,0.3499271061118826,2,3,0.5916727785823275,0.2857142857142857,0.3157894736842105,-0.11111111111111512,1,1,1.0,2,1.5238095238095237,0,0,2.903211925911554,1.5857864376269042,5.547425160699821,0,3,0.5,0.42857142857142855,3.0,3,3,0.3333333333333333,1,4,0.6666666666666666,0.1,0.6666666666666666,0.40761237239734066,0.14796438900209544,2,0,0,1.0,1.5,2,6,6,3.808548551240405
ER,ER_62_w_8_nodes,src/graph_reconstruct_attacks/data/ER/ER_62_w_8_nodes,0,8,13,0.4642857142857143,3.25,0.82915619758885,2,4,1.5,0.3333333333333333,0.28125,-0.38297872340425565,1,1,1.0,3,1.6071428571428572,0,0,3.416988190155394,1.291976926144436,7.573360894794219,0,3,0.42857142857142855,0.375,3.6666666666666665,3,4,0.3333333333333333,1,4,0.6666666666666666,0.05952380952380952,0.6363636363636364,0.33008757351928425,0.115742434795719,3,0,0,1.0,1.5714285714285714,2,2,2,5.547425160699821
ER,ER_62_w_9_nodes,src/graph_reconstruct_attacks/data/ER/ER_62_w_9_nodes,0,9,16,0.4444444444444444,3.5555555555555554,1.3425606637327303,2,6,1.836591668108979,0.6555555555555554,0.4897959183673469,-0.22828282828282828,1,1,1.0,3,1.6666666666666667,0,0,3.9815726237435674,1.0745770822222918,9.863790938460564,0,6,0.75,0.6666666666666666,3.5,2,5,0.3333333333333333,5,11,0.5238095238095238,0.36607142857142855,0.8,0.47956903850668964,0.17870841372648288,3,0,0,1.0,1.25,2,1,1,7.118036769169399
ER,ER_63_w_7_nodes,src/graph_reconstruct_attacks/data/ER/ER_63_w_7_nodes,0,7,13,0.6190476190476191,3.7142857142857144,1.1605769149479943,2,6,1.8423709931771084,0.6857142857142857,0.6,-0.373983739837398,1,1,1.0,2,1.380952380952381,0,0,3.98315903181792,1.697224362268005,5.308543071784685,0,4,0.6666666666666666,0.5714285714285714,4.0,2,6,0.6666666666666666,4,8,0.8,0.06666666666666667,0.75,0.3923365892981273,0.15339487231273718,3,0,0,1.0,1.3333333333333333,2,3,3,3.6994040818153366
ER,ER_63_w_8_nodes,src/graph_reconstruct_attacks/data/ER/ER_63_w_8_nodes,0,8,10,0.35714285714285715,2.5,1.118033988749895,1,4,2.0,0.1875,0.3,-0.20000000000000168,1,1,1.0,4,1.9642857142857142,2,2,2.970265603917528,0.5641690132809251,7.118036769169399,0,1,0.14285714285714285,0.125,3.0,3,3,0,0,1,1.0,0.0,0.3684210526315789,0.12514374705657313,0.061519280035619024,1,0,1,1.0,2.7142857142857144,4,2,2,5.468243914652199
ER,ER_63_w_9_nodes,src/graph_reconstruct_attacks/data/ER/ER_63_w_9_nodes,0,9,12,0.3333333333333333,2.6666666666666665,1.1547005383792515,1,4,1.9749375012019272,0.462962962962963,0.46153846153846156,-0.11428571428571434,1,1,1.0,4,2.111111111111111,2,3,3.1814175638265154,0.4458419508051642,9.09749251487192,0,2,0.25,0.2222222222222222,3.0,2,4,1.0,1,3,1.0,0.0,0.4,0.18769890571898679,0.0868825075718985,2,0,0,1.0,2.5,4,2,2,7.118036769169399
ER,ER_64_w_7_nodes,src/graph_reconstruct_attacks/data/ER/ER_64_w_7_nodes,0,7,13,0.6190476190476191,3.7142857142857144,1.2777531299998799,2,6,2.1280852788913944,0.819047619047619,0.6585365853658537,-0.4542372881355924,1,1,1.0,2,1.380952380952381,0,0,4.023336394168589,1.6313506281127599,5.308543071784685,0,3,0.5,0.42857142857142855,4.666666666666667,3,6,1.0,3,6,1.0,0.0,0.6666666666666666,0.32376091156471554,0.11780935751364492,3,0,0,1.0,1.5,2,3,3,3.4775553321989805
ER,ER_64_w_8_nodes,src/graph_reconstruct_attacks/data/ER/ER_64_w_8_nodes,0,8,9,0.32142857142857145,2.25,1.299038105676658,1,5,1.9056390622295665,0.275,0.3333333333333333,-0.33333333333333354,1,1,1.0,4,2.0,4,3,2.8880615418942828,0.4141396555935271,6.839283168216569,0,3,0.42857142857142855,0.375,3.3333333333333335,2,5,0.6666666666666666,2,5,0.8333333333333334,0.047619047619047616,0.5833333333333334,0.4747437452428317,0.15337043486749152,2,0,0,1.0,1.7142857142857142,3,2,1,4.734511804056966
ER,ER_64_w_9_nodes,src/graph_reconstruct_attacks/data/ER/ER_64_w_9_nodes,0,9,9,0.25,2.0,0.6666666666666666,1,3,1.4355205042826666,0.0,0,0.15624999999999944,1,1,1.0,6,2.6666666666666665,5,5,2.3105856435060144,0.2050587386117209,7.9737893252759235,0,2,0.25,0.2222222222222222,2.5,2,3,0,0,2,0.6666666666666666,0.05357142857142857,0.38095238095238093,0.38420711220412046,0.10442352488866893,2,0,0,1.0,2.625,5,5,5,6.073366374249938
ER,ER_65_w_7_nodes,src/graph_reconstruct_attacks/data/ER/ER_65_w_7_nodes,0,7,8,0.38095238095238093,2.2857142857142856,0.880630571852711,1,3,1.3787834934861753,0.14285714285714285,0.23076923076923078,-0.2903225806451613,1,1,1.0,4,1.9047619047619047,2,2,2.609496192677578,0.5240007881158831,5.308543071784685,0,3,0.5,0.42857142857142855,2.0,1,3,0,0,3,0.5,0.36666666666666664,0.6,0.3761025369998916,0.1882467284571486,2,1,1,1.0,1.6666666666666667,3,4,1,3.4775553321989814
ER,ER_65_w_8_nodes,src/graph_reconstruct_attacks/data/ER/ER_65_w_8_nodes,0,8,7,0.25,1.75,0.4330127018922193,1,2,0.8112781244591328,0.0,0,-0.16666666666667096,1,1,1.0,7,3.0,7,6,1.8793852415718164,0.15224093497742616,6.073366374249938,0,2,0.2857142857142857,0.25,2.0,2,2,0,0,2,0.6666666666666666,0.47619047619047616,0.3888888888888889,0.40824829046386324,0.13815409687174088,1,1,2,1.0,2.5714285714285716,5,6,6,4.308543071784685
ER,ER_65_w_9_nodes,src/graph_reconstruct_attacks/data/ER/ER_65_w_9_nodes,0,9,17,0.4722222222222222,3.7777777777777777,1.1331154474650633,2,6,2.113283334294875,0.44814814814814813,0.39622641509433965,-0.1421188630490961,1,1,1.0,3,1.5833333333333333,0,0,4.085165454357238,1.3640584833366673,9.93437201274627,0,3,0.375,0.3333333333333333,4.333333333333333,3,6,0.6666666666666666,2,5,0.8333333333333334,0.017857142857142856,0.5714285714285714,0.26867385939319977,0.09087524023637761,3,0,0,1.0,1.75,3,3,1,7.603324118171656
ER,ER_66_w_7_nodes,src/graph_reconstruct_attacks/data/ER/ER_66_w_7_nodes,0,7,7,0.3333333333333333,2.0,0.7559289460184544,1,3,1.5566567074628228,0.33333333333333337,0.3333333333333333,-0.1666666666666663,1,1,1.0,4,2.142857142857143,4,3,2.2970087413362528,0.32171964995780833,5.065505023098389,0,1,0.16666666666666666,0.14285714285714285,2.0,2,2,0,0,1,1.0,0.0,0.35294117647058826,0.1008877068744227,0.08786595061303533,1,0,1,1.0,2.8333333333333335,4,2,2,3.6994040818153366
ER,ER_66_w_8_nodes,src/graph_reconstruct_attacks/data/ER/ER_66_w_8_nodes,0,8,9,0.32142857142857145,2.25,1.299038105676658,1,5,1.9056390622295665,0.17916666666666667,0.16666666666666666,-0.5555555555555558,1,1,1.0,3,1.8928571428571428,3,2,2.767399313114932,0.585786437626905,6.839283168216569,0,1,0.14285714285714285,0.125,3.0,3,3,0,0,1,1.0,0.0,0.4117647058823529,0.13117465727534447,0.06599476994700657,1,0,1,1.0,2.4285714285714284,3,3,3,5.308543071784685
ER,ER_66_w_9_nodes,src/graph_reconstruct_attacks/data/ER/ER_66_w_9_nodes,0,9,11,0.3055555555555556,2.4444444444444446,0.49690399499995325,2,3,0.9910760598382222,0.0,0,-0.0999999999999987,1,1,1.0,4,2.0,0,0,2.567397345084507,0.6597239830466757,8.778733752247508,0,2,0.25,0.2222222222222222,3.0,3,3,0,0,2,0.6666666666666666,0.017857142857142856,0.4444444444444444,0.3295978743766242,0.09089956386685086,2,0,0,1.0,2.25,4,5,5,6.839283168216569
ER,ER_67_w_7_nodes,src/graph_reconstruct_attacks/data/ER/ER_67_w_7_nodes,0,7,7,0.3333333333333333,2.0,0.5345224838248488,1,3,1.1488348542809166,0.0,0,-0.6153846153846205,1,1,1.0,4,2.0,1,1,2.1010029896154583,0.5857864376269045,5.065505023098389,0,2,0.3333333333333333,0.2857142857142857,2.0,2,2,0,0,2,0.6666666666666666,0.13333333333333333,0.46153846153846156,0.33655677059077715,0.14200945729326614,2,0,0,1.0,2.1666666666666665,4,5,5,3.4775553321989814
ER,ER_67_w_8_nodes,src/graph_reconstruct_attacks/data/ER/ER_67_w_8_nodes,0,8,9,0.32142857142857145,2.25,0.9682458365518543,1,4,1.9056390622295665,0.0,0,-0.2500000000000007,1,1,1.0,4,2.0714285714285716,3,3,2.640447077371008,0.39788840033302075,6.839283168216569,0,2,0.2857142857142857,0.25,3.5,3,4,0,0,2,0.6666666666666666,0.04761904761904761,0.5,0.3642371654479698,0.10714006863459628,2,0,0,1.0,2.0,3,3,3,5.065505023098389
ER,ER_67_w_9_nodes,src/graph_reconstruct_attacks/data/ER/ER_67_w_9_nodes,0,9,14,0.3888888888888889,3.111111111111111,0.8748897637790901,2,5,1.6577427265048887,0.5037037037037037,0.36363636363636365,-0.39181286549708033,1,1,1.0,3,1.7777777777777777,0,0,3.2954996417704603,0.812251954940381,9.579360204616043,0,3,0.375,0.3333333333333333,3.3333333333333335,2,5,0.6666666666666666,2,5,0.8333333333333334,0.029761904761904757,0.5333333333333333,0.32029780520749607,0.10833189609892169,2,0,0,1.0,1.875,3,5,1,7.331916589114478
ER,ER_68_w_7_nodes,src/graph_reconstruct_attacks/data/ER/ER_68_w_7_nodes,0,7,8,0.38095238095238093,2.2857142857142856,1.2777531299998799,1,4,1.8423709931771088,0.3095238095238095,0.375,-0.5454545454545454,1,1,1.0,3,1.8095238095238095,3,2,2.8320664514631186,0.6150412522324756,5.308543071784685,0,1,0.16666666666666666,0.14285714285714285,4.0,4,4,0,0,1,1.0,0.0,0.46153846153846156,0.17163088084873845,0.07394083453512931,1,0,1,1.0,2.1666666666666665,3,3,3,3.808548551240405
ER,ER_68_w_8_nodes,src/graph_reconstruct_attacks/data/ER/ER_68_w_8_nodes,0,8,11,0.39285714285714285,2.75,1.1989578808281798,1,5,2.1556390622295662,0.6,0.48,-0.2977528089887632,1,1,1.0,4,1.8571428571428572,1,2,3.20534633387621,0.5226804700944471,7.331916589114478,0,4,0.5714285714285714,0.5,3.0,2,5,0.5,3,7,0.7,0.16666666666666666,0.6363636363636364,0.4775560192417594,0.1693656250217601,2,0,0,1.0,1.5714285714285714,3,1,1,5.065505023098389
ER,ER_68_w_9_nodes,src/graph_reconstruct_attacks/data/ER/ER_68_w_9_nodes,0,9,13,0.3611111111111111,2.888888888888889,1.1967032904743342,1,5,2.197159723424149,0.21481481481481482,0.1935483870967742,-0.5225225225225237,1,1,1.0,3,1.7777777777777777,1,1,3.2624291474027793,0.8088575161379968,9.36376040427669,0,3,0.375,0.3333333333333333,3.6666666666666665,2,5,0,0,3,0.5,0.15476190476190474,0.6153846153846154,0.32738844178804744,0.11451808108399619,2,0,0,1.0,1.625,2,2,1,7.118036769169399
ER,ER_69_w_7_nodes,src/graph_reconstruct_attacks/data/ER/ER_69_w_7_nodes,0,7,12,0.5714285714285714,3.4285714285714284,1.178030178747903,2,5,1.950212064914747,0.5476190476190477,0.5294117647058824,-0.3404255319148924,1,1,1.0,3,1.4761904761904763,0,0,3.7596151684287564,1.4892430858120758,5.468243914652198,0,3,0.5,0.42857142857142855,4.0,2,5,0.3333333333333333,1,4,0.6666666666666666,0.1,0.6666666666666666,0.3137692501125728,0.1289276801665693,2,0,0,1.0,1.5,2,2,1,3.6994040818153366
ER,ER_69_w_8_nodes,src/graph_reconstruct_attacks/data/ER/ER_69_w_8_nodes,0,8,14,0.5,3.5,0.8660254037844386,2,4,0.8112781244591328,0.25,0.3157894736842105,-0.16666666666667096,1,1,1.0,3,1.5357142857142858,0,0,3.7045112832048677,1.475662201037861,7.603324118171656,0,2,0.2857142857142857,0.25,4.0,4,4,0,0,2,0.6666666666666666,0.015873015873015872,0.5384615384615384,0.20308762594130295,0.07886606398086657,2,0,0,1.0,1.8571428571428572,3,2,2,5.468243914652198
ER,ER_69_w_9_nodes,src/graph_reconstruct_attacks/data/ER/ER_69_w_9_nodes,0,9,11,0.3055555555555556,2.4444444444444446,1.0657403385139377,1,5,1.6577427265048887,0.24444444444444446,0.2857142857142857,-0.1827956989247305,1,1,1.0,4,2.0555555555555554,1,2,2.9239093349502117,0.4346936375904137,8.778733752247508,0,3,0.375,0.3333333333333333,3.0,1,5,0.3333333333333333,1,4,0.6666666666666666,0.25,0.5333333333333333,0.40183142747186806,0.13511038787814167,2,1,1,1.0,1.875,3,2,1,6.4924956819919135
ER,ER_6_w_7_nodes,src/graph_reconstruct_attacks/data/ER/ER_6_w_7_nodes,0,7,12,0.5714285714285714,3.4285714285714284,1.049781318335648,2,5,1.8423709931771084,0.5333333333333333,0.5454545454545454,-0.24444444444444288,1,1,1.0,3,1.4761904761904763,0,0,3.7159588247986486,1.451595818907895,5.468243914652198,0,3,0.5,0.42857142857142855,3.3333333333333335,2,4,0.3333333333333333,1,4,0.6666666666666666,0.06666666666666667,0.6,0.29484073055784676,0.12929212681745167,2,0,0,1.0,1.6666666666666667,3,1,1,3.6994040818153366
ER,ER_6_w_8_nodes,src/graph_reconstruct_attacks/data/ER/ER_6_w_8_nodes,0,8,9,0.32142857142857145,2.25,0.6614378277661477,1,3,1.4056390622295665,0.5,0.46153846153846156,-0.5517241379310335,1,1,1.0,5,2.4285714285714284,3,4,2.406487460300192,0.21834654746880072,6.839283168216569,0,3,0.42857142857142855,0.375,2.0,2,2,0.3333333333333333,1,4,0.6666666666666666,0.47619047619047616,0.4666666666666667,0.3581332747865257,0.16011622303897005,2,1,1,1.0,2.142857142857143,4,3,3,4.734511804056966
ER,ER_6_w_9_nodes,src/graph_reconstruct_attacks/data/ER/ER_6_w_9_nodes,0,9,14,0.3888888888888889,3.111111111111111,1.1967032904743342,2,6,1.7527152789797045,0.5407407407407407,0.3333333333333333,-0.3854166666666678,1,1,1.0,3,1.7222222222222223,0,1,3.435272654449904,0.8232601015600737,9.579360204616043,0,3,0.375,0.3333333333333333,3.3333333333333335,3,4,0.3333333333333333,1,4,0.6666666666666666,0.03571428571428571,0.5333333333333333,0.3041839657468553,0.10583012448386625,3,0,0,1.0,1.875,3,4,4,7.331916589114478
ER,ER_70_w_7_nodes,src/graph_reconstruct_attacks/data/ER/ER_70_w_7_nodes,0,7,8,0.38095238095238093,2.2857142857142856,0.880630571852711,1,4,1.6644977792004614,0.21428571428571427,0.23076923076923078,-0.3090909090909091,1,1,1.0,4,1.9047619047619047,1,2,2.5741110554837854,0.5139605971027517,5.308543071784685,0,2,0.3333333333333333,0.2857142857142857,3.0,2,4,0,0,2,0.6666666666666666,0.13333333333333333,0.5454545454545454,0.32302108431364007,0.12571229288024988,2,0,0,1.0,1.8333333333333333,3,4,3,3.6994040818153366
ER,ER_70_w_8_nodes,src/graph_reconstruct_attacks/data/ER/ER_70_w_8_nodes,0,8,12,0.42857142857142855,3.0,1.4142135623730951,1,6,2.1556390622295662,0.5625,0.46875,-0.3734939759036163,1,1,1.0,3,1.7142857142857142,1,1,3.530718220168719,0.6422427611600567,7.483184264445128,0,1,0.14285714285714285,0.125,3.0,3,3,0,0,1,1.0,0.0,0.4117647058823529,0.07921592133840596,0.0571570461089432,1,0,1,1.0,2.4285714285714284,3,1,1,5.547425160699821
ER,ER_70_w_9_nodes,src/graph_reconstruct_attacks/data/ER/ER_70_w_9_nodes,0,9,14,0.3888888888888889,3.111111111111111,0.9938079899999066,2,5,1.8910611120726526,0.34074074074074073,0.35294117647058826,-0.10891089108910731,1,1,1.0,4,1.8611111111111112,0,0,3.4725436416167357,0.7214344823002456,9.579360204616043,0,3,0.375,0.3333333333333333,4.0,3,5,0.3333333333333333,1,4,0.6666666666666666,0.14285714285714282,0.5714285714285714,0.33996106747031524,0.10517620460429725,2,0,0,1.0,1.75,3,3,1,7.331916589114478
ER,ER_71_w_7_nodes,src/graph_reconstruct_attacks/data/ER/ER_71_w_7_nodes,0,7,7,0.3333333333333333,2.0,0.9258200997725514,1,3,1.4488156357251847,0.23809523809523808,0.3,-0.48484848484848697,1,1,1.0,4,2.0952380952380953,4,3,2.3798781233842137,0.3403209584817712,5.065505023098389,0,3,0.5,0.42857142857142855,1.6666666666666667,1,3,0,0,3,0.5,0.6,0.6,0.3617200878293842,0.21987028623511976,1,1,3,1.0,1.6666666666666667,3,3,1,3.135132651376774
ER,ER_71_w_8_nodes,src/graph_reconstruct_attacks/data/ER/ER_71_w_8_nodes,0,8,16,0.5714285714285714,4.0,1.118033988749895,2,6,2.0,0.5125,0.5660377358490566,-0.0847457627118644,1,1,1.0,3,1.4642857142857142,0,0,4.3140204695720366,1.5033478595726188,7.483184264445129,0,3,0.42857142857142855,0.375,4.0,2,6,0.3333333333333333,1,4,0.6666666666666666,0.06349206349206349,0.6363636363636364,0.22485430210777563,0.10196759770205552,2,0,0,1.0,1.5714285714285714,2,1,1,5.308543071784685
ER,ER_71_w_9_nodes,src/graph_reconstruct_attacks/data/ER/ER_71_w_9_nodes,0,9,8,0.2222222222222222,1.7777777777777777,0.7856742013183862,1,3,1.5304930567574824,0.0,0,-0.23076923076923078,1,1,1.0,6,2.7222222222222223,8,5,2.111990736253065,0.18623072313309805,7.480873803373035,0,1,0.125,0.1111111111111111,2.0,2,2,0,0,1,1.0,0.0,0.2857142857142857,0.15111291441174454,0.07042332149581922,1,0,1,1.0,3.5,6,4,4,6.073366374249938
ER,ER_72_w_7_nodes,src/graph_reconstruct_attacks/data/ER/ER_72_w_7_nodes,0,7,8,0.38095238095238093,2.2857142857142856,0.6998542122237652,1,3,1.4488156357251847,0.38095238095238093,0.5,0.3333333333333333,1,1,1.0,5,2.238095238095238,3,3,2.6582499252117904,0.27651994672834795,5.308543071784685,0,3,0.5,0.42857142857142855,2.6666666666666665,2,3,0.3333333333333333,1,4,0.6666666666666666,0.6,0.6,0.47812450318218624,0.17409266321633923,2,1,1,1.0,1.6666666666666667,3,3,1,3.4775553321989814
ER,ER_72_w_8_nodes,src/graph_reconstruct_attacks/data/ER/ER_72_w_8_nodes,0,8,10,0.35714285714285715,2.5,1.0,1,4,1.75,0.16666666666666666,0.15789473684210525,-0.21212121212121396,1,1,1.0,4,1.9642857142857142,2,2,2.8880892513530276,0.4079297908729527,7.118036769169399,0,2,0.2857142857142857,0.25,3.5,3,4,0,0,2,0.6666666666666666,0.015873015873015872,0.4666666666666667,0.3079383652014774,0.09851969353208093,2,0,0,1.0,2.142857142857143,4,4,3,5.308543071784685
ER,ER_72_w_9_nodes,src/graph_reconstruct_attacks/data/ER/ER_72_w_9_nodes,0,9,13,0.3611111111111111,2.888888888888889,1.1967032904743342,1,4,1.836591668108979,0.2962962962962963,0.4838709677419355,0.2777777777777785,1,1,1.0,5,2.0833333333333335,2,2,3.5217914230202583,0.45186088775604216,9.36376040427669,0,4,0.5,0.4444444444444444,3.75,3,4,0.6666666666666666,4,8,0.8,0.17857142857142855,0.6153846153846154,0.4682549577442469,0.1411241101744405,3,0,0,1.0,1.625,3,4,2,6.839283168216569
ER,ER_73_w_7_nodes,src/graph_reconstruct_attacks/data/ER/ER_73_w_7_nodes,0,7,9,0.42857142857142855,2.5714285714285716,1.498298354528788,1,5,1.8423709931771086,0.39999999999999997,0.5454545454545454,-0.6027397260273972,1,1,1.0,3,1.6666666666666667,3,2,3.2477118545078727,0.7035395767669476,5.468243914652199,0,5,0.8333333333333334,0.7142857142857143,2.4,1,4,0.3,3,8,0.5333333333333333,0.6,0.8571428571428571,0.5283603273667298,0.27049915178632633,3,1,2,1.0,1.1666666666666667,2,1,1,3.135132651376774
ER,ER_73_w_8_nodes,src/graph_reconstruct_attacks/data/ER/ER_73_w_8_nodes,0,8,8,0.2857142857142857,2.0,0.5,1,3,1.061278124459133,0.2916666666666667,0.3333333333333333,-0.06666666666666667,1,1,1.0,6,2.7857142857142856,5,5,2.2349931971548687,0.1667170082377564,6.4924956819919135,0,2,0.2857142857142857,0.25,2.5,2,3,0,0,2,0.6666666666666666,0.5714285714285714,0.4666666666666667,0.3614286637114593,0.11994702045592971,1,1,2,1.0,2.142857142857143,4,6,4,4.734511804056966
ER,ER_73_w_9_nodes,src/graph_reconstruct_attacks/data/ER/ER_73_w_9_nodes,0,9,8,0.2222222222222222,1.7777777777777777,0.6285393610547089,1,3,1.3516441151533922,0.0,0,-0.3333333333333333,1,1,1.0,7,3.0555555555555554,8,6,2.0,0.14041878729273385,7.480873803373035,0,2,0.25,0.2222222222222222,2.0,2,2,0,0,2,0.6666666666666666,0.42857142857142855,0.36363636363636365,0.273861278752583,0.12192605097566381,1,1,2,1.0,2.75,5,5,5,5.576041733441991
ER,ER_74_w_7_nodes,src/graph_reconstruct_attacks/data/ER/ER_74_w_7_nodes,0,7,8,0.38095238095238093,2.2857142857142856,1.1605769149479943,1,4,1.5566567074628228,0.19047619047619047,0.2,-0.5632183908045977,1,1,1.0,3,1.7619047619047619,2,2,2.6996281482753175,0.7381977547400286,5.308543071784685,0,2,0.3333333333333333,0.2857142857142857,3.0,2,4,0,0,2,0.6666666666666666,0.06666666666666667,0.5454545454545454,0.3137945126308716,0.12594110155514274,2,0,0,1.0,1.8333333333333333,3,3,2,3.6994040818153366
ER,ER_74_w_8_nodes,src/graph_reconstruct_attacks/data/ER/ER_74_w_8_nodes,0,8,8,0.2857142857142857,2.0,1.0,1,4,1.811278124459133,0.0,0,-0.5555555555555556,1,1,1.0,3,2.0,3,2,2.3370857401295524,0.5446753129425485,6.4924956819919135,0,2,0.2857142857142857,0.25,2.5,2,3,0,0,2,0.6666666666666666,0.09523809523809523,0.5,0.32326543097139715,0.1223423468461852,2,0,0,1.0,2.0,3,3,3,4.734511804056966
ER,ER_74_w_9_nodes,src/graph_reconstruct_attacks/data/ER/ER_74_w_9_nodes,0,9,12,0.3333333333333333,2.6666666666666665,1.0540925533894598,1,4,1.836591668108979,0.31481481481481477,0.36,-0.0093457943925229,1,1,1.0,4,2.0833333333333335,2,2,3.1471863015817774,0.5088578895754023,9.09749251487192,0,2,0.25,0.2222222222222222,3.5,3,4,1.0,1,3,1.0,0.0,0.4,0.2856008805782872,0.08151960940150332,2,0,0,1.0,2.5,4,1,1,7.118036769169399
ER,ER_75_w_7_nodes,src/graph_reconstruct_attacks/data/ER/ER_75_w_7_nodes,0,7,10,0.47619047619047616,2.857142857142857,1.124858267715973,2,5,1.6644977792004614,0.5666666666666667,0.391304347826087,-0.52317880794702,1,1,1.0,2,1.5238095238095237,0,0,3.1488424958438195,1.3009883298293696,5.547425160699821,0,2,0.3333333333333333,0.2857142857142857,4.5,4,5,1.0,1,3,1.0,0.0,0.6,0.32292029490880086,0.10316118131525905,2,0,0,1.0,1.6666666666666667,2,4,3,3.808548551240405
ER,ER_75_w_8_nodes,src/graph_reconstruct_attacks/data/ER/ER_75_w_8_nodes,0,8,11,0.39285714285714285,2.75,1.299038105676658,1,5,1.75,0.37083333333333335,0.34615384615384615,-0.3480392156862749,1,1,1.0,3,1.75,1,1,3.24801267293292,0.7307658233161217,7.331916589114478,0,1,0.14285714285714285,0.125,4.0,4,4,0,0,1,1.0,0.0,0.4375,0.13615672801800693,0.05694922908109428,1,0,1,1.0,2.2857142857142856,3,1,1,5.547425160699821
ER,ER_75_w_9_nodes,src/graph_reconstruct_attacks/data/ER/ER_75_w_9_nodes,0,9,16,0.4444444444444444,3.5555555555555554,1.3425606637327303,2,6,2.113283334294875,0.4185185185185185,0.42857142857142855,-0.10961968680089486,1,1,1.0,3,1.6944444444444444,0,0,4.0618039953167955,0.935189983082368,9.863790938460564,0,6,0.75,0.6666666666666666,3.6666666666666665,2,5,0.4666666666666667,7,13,0.6190476190476191,0.2303571428571428,0.8,0.5022054248118115,0.1748313912372623,3,0,0,1.0,1.25,2,1,1,7.118036769169399
ER,ER_76_w_7_nodes,src/graph_reconstruct_attacks/data/ER/ER_76_w_7_nodes,0,7,10,0.47619047619047616,2.857142857142857,0.9897433186107869,1,4,1.8423709931771086,0.4523809523809524,0.4090909090909091,-0.5151515151515187,1,1,1.0,3,1.619047619047619,1,1,3.1425777511262476,0.8225903191007159,5.547425160699821,0,4,0.6666666666666666,0.5714285714285714,2.5,1,3,0.16666666666666666,1,5,0.5,0.4,0.75,0.43177143617774244,0.20074027128956626,2,1,1,1.0,1.3333333333333333,2,2,1,3.6994040818153366
ER,ER_76_w_8_nodes,src/graph_reconstruct_attacks/data/ER/ER_76_w_8_nodes,0,8,10,0.35714285714285715,2.5,0.5,2,3,1.0,0.0,0,-0.2499999999999986,1,1,1.0,3,1.8571428571428572,0,0,2.5961546760086343,1.0000000000000002,7.118036769169399,0,3,0.42857142857142855,0.375,2.3333333333333335,2,3,0,0,3,0.5,0.23015873015873012,0.5833333333333334,0.38445303067207975,0.1478717541990886,2,0,0,1.0,1.7142857142857142,3,4,4,5.065505023098389
ER,ER_76_w_9_nodes,src/graph_reconstruct_attacks/data/ER/ER_76_w_9_nodes,0,9,14,0.3888888888888889,3.111111111111111,1.0999438818457405,1,5,2.058813890331201,0.34074074074074073,0.42857142857142855,0.03703703703703806,1,1,1.0,4,1.8055555555555556,1,1,3.552307632728029,0.598645592643104,9.579360204616043,0,3,0.375,0.3333333333333333,3.0,1,5,0.3333333333333333,1,4,0.6666666666666666,0.25,0.5714285714285714,0.2360096158365118,0.11890564795586422,2,1,1,1.0,1.75,3,4,2,7.331916589114478
ER,ER_77_w_7_nodes,src/graph_reconstruct_attacks/data/ER/ER_77_w_7_nodes,0,7,9,0.42857142857142855,2.5714285714285716,1.049781318335648,1,4,1.8423709931771084,0.40476190476190477,0.3333333333333333,-0.555555555555556,1,1,1.0,3,1.6666666666666667,1,1,2.8833526946796093,0.7960802753826134,5.468243914652199,0,1,0.16666666666666666,0.14285714285714285,4.0,4,4,0,0,1,1.0,0.0,0.46153846153846156,0.1610743872203305,0.06830958617074794,1,0,1,1.0,2.1666666666666665,3,1,1,3.808548551240405
ER,ER_77_w_8_nodes,src/graph_reconstruct_attacks/data/ER/ER_77_w_8_nodes,0,8,10,0.35714285714285715,2.5,1.5,1,6,1.9056390622295665,0.26666666666666666,0.25,-0.5740740740740752,1,1,1.0,3,1.75,2,1,3.0727716755760976,0.8413951254098282,7.118036769169399,0,6,0.8571428571428571,0.75,2.0,1,3,0.13333333333333333,2,8,0.38095238095238093,0.6984126984126983,0.875,0.5910882573948805,0.28752039006947605,2,1,2,1.0,1.1428571428571428,2,1,1,3.7770641547424297
ER,ER_77_w_9_nodes,src/graph_reconstruct_attacks/data/ER/ER_77_w_9_nodes,0,9,12,0.3333333333333333,2.6666666666666665,1.1547005383792515,1,4,1.9749375012019272,0.37037037037037035,0.46153846153846156,0.22857142857142815,1,1,1.0,4,2.138888888888889,3,3,3.2707324132310442,0.38613661494246604,9.09749251487192,0,1,0.125,0.1111111111111111,3.0,3,3,0,0,1,1.0,0.0,0.36363636363636365,0.09559281870528011,0.052880093346963135,1,0,1,1.0,2.75,4,2,2,7.331916589114478
ER,ER_78_w_7_nodes,src/graph_reconstruct_attacks/data/ER/ER_78_w_7_nodes,0,7,7,0.3333333333333333,2.0,0.7559289460184544,1,3,1.5566567074628228,0.0,0,-0.45833333333333276,1,1,1.0,3,1.9047619047619047,2,2,2.2143197433775352,0.6227971460270425,5.065505023098389,0,2,0.3333333333333333,0.2857142857142857,2.0,2,2,0,0,2,0.6666666666666666,0.06666666666666667,0.5,0.3424852842698849,0.14074872318029244,2,0,0,1.0,2.0,3,3,3,3.4775553321989814
ER,ER_78_w_8_nodes,src/graph_reconstruct_attacks/data/ER/ER_78_w_8_nodes,0,8,12,0.42857142857142855,3.0,1.224744871391589,1,5,2.25,0.2125,0.3,-0.3333333333333312,1,1,1.0,3,1.6785714285714286,1,1,3.417804346014402,0.8986338389332795,7.483184264445128,0,2,0.2857142857142857,0.25,4.0,3,5,0,0,2,0.6666666666666666,0.031746031746031744,0.5384615384615384,0.23766251578066822,0.08860625130913422,2,0,0,1.0,1.8571428571428572,3,2,2,5.547425160699821
ER,ER_78_w_9_nodes,src/graph_reconstruct_attacks/data/ER/ER_78_w_9_nodes,0,9,12,0.3333333333333333,2.6666666666666665,1.0540925533894598,1,4,1.836591668108979,0.2037037037037037,0.24,-0.6822429906542059,1,1,1.0,4,2.0833333333333335,2,1,3.0583321984456235,0.4705752109129993,9.09749251487192,0,3,0.375,0.3333333333333333,3.3333333333333335,3,4,0.6666666666666666,2,5,0.8333333333333334,0.020833333333333332,0.4444444444444444,0.42146377208828517,0.1144121853212419,2,0,0,1.0,2.25,4,4,2,6.839283168216569
ER,ER_79_w_7_nodes,src/graph_reconstruct_attacks/data/ER/ER_79_w_7_nodes,0,7,8,0.38095238095238093,2.2857142857142856,1.2777531299998797,1,5,1.8423709931771084,0.20476190476190476,0.1875,-0.6470588235294118,1,1,1.0,3,1.7142857142857142,2,1,2.724561694935395,0.8265991849765681,5.308543071784685,0,2,0.3333333333333333,0.2857142857142857,2.5,2,3,0,0,2,0.6666666666666666,0.03333333333333333,0.5,0.28965089873927197,0.12553747383853212,2,0,0,1.0,2.0,3,3,2,3.6994040818153366
ER,ER_79_w_8_nodes,src/graph_reconstruct_attacks/data/ER/ER_79_w_8_nodes,0,8,7,0.25,1.75,1.3919410907075054,1,5,1.061278124459133,0.0,0,-0.7385620915032687,1,1,1.0,3,2.0357142857142856,7,2,2.358294471182264,0.37380193147270674,6.073366374249938,0,1,0.14285714285714285,0.125,5.0,5,5,0,0,1,1.0,0.0,0.4666666666666667,0.27867270509465186,0.07566567631936794,1,0,1,1.0,2.142857142857143,3,6,6,4.734511804056966
ER,ER_79_w_9_nodes,src/graph_reconstruct_attacks/data/ER/ER_79_w_9_nodes,0,9,20,0.5555555555555556,4.444444444444445,1.4989708403591155,2,7,2.4193819456463714,0.6640211640211641,0.569620253164557,-0.3016270337922405,1,1,1.0,3,1.4722222222222223,0,0,4.855688392967857,1.7194479180711344,9.863790938460564,0,5,0.625,0.5555555555555556,4.8,2,7,0.5,5,10,0.6666666666666666,0.0886904761904762,0.7272727272727273,0.350024869810597,0.12474835613982183,3,0,0,1.0,1.375,2,3,1,7.5733608947942175
ER,ER_7_w_7_nodes,src/graph_reconstruct_attacks/data/ER/ER_7_w_7_nodes,0,7,6,0.2857142857142857,1.7142857142857142,0.45175395145262565,1,2,0.863120568566631,0.0,0,-0.19999999999999687,1,1,1.0,6,2.6666666666666665,6,5,1.8477590650225737,0.19806226419516193,4.734511804056966,0,2,0.3333333333333333,0.2857142857142857,1.5,1,2,0,0,2,0.6666666666666666,0.3333333333333333,0.375,0.35355339059327506,0.16844059871436393,1,1,2,1.0,2.6666666666666665,5,5,5,3.135132651376774
ER,ER_7_w_8_nodes,src/graph_reconstruct_attacks/data/ER/ER_7_w_8_nodes,0,8,11,0.39285714285714285,2.75,0.6614378277661477,2,4,1.4056390622295665,0.10416666666666666,0.14285714285714285,-0.4259259259259245,1,1,1.0,3,1.7142857142857142,0,0,2.8942390682630785,1.2679491924311226,7.331916589114478,0,3,0.42857142857142855,0.375,2.3333333333333335,2,3,0,0,3,0.5,0.1587301587301587,0.5833333333333334,0.3184438242811452,0.13758055829910176,2,0,0,1.0,1.7142857142857142,3,4,2,5.308543071784685
ER,ER_7_w_9_nodes,src/graph_reconstruct_attacks/data/ER/ER_7_w_9_nodes,0,9,12,0.3333333333333333,2.6666666666666665,1.0540925533894598,1,4,1.836591668108979,0.09259259259259259,0.12,-0.2336448598130838,1,1,1.0,4,1.9444444444444444,2,2,3.070151487876305,0.5407138792424924,9.09749251487192,0,1,0.125,0.1111111111111111,3.0,3,3,0,0,1,1.0,0.0,0.38095238095238093,0.10512008841765581,0.05311029362821487,1,0,1,1.0,2.625,4,2,2,7.331916589114478
ER,ER_80_w_7_nodes,src/graph_reconstruct_attacks/data/ER/ER_80_w_7_nodes,0,7,13,0.6190476190476191,3.7142857142857144,1.2777531299998799,2,6,2.1280852788913944,0.7095238095238096,0.5853658536585366,-0.4983050847457619,1,1,1.0,2,1.380952380952381,0,0,4.012610645441252,1.8817161344229565,5.308543071784685,0,3,0.5,0.42857142857142855,4.333333333333333,3,6,0.6666666666666666,2,5,0.8333333333333334,0.02222222222222222,0.6666666666666666,0.30740165813485154,0.11860962820165286,3,0,0,1.0,1.5,2,3,2,3.4775553321989805
ER,ER_80_w_8_nodes,src/graph_reconstruct_attacks/data/ER/ER_80_w_8_nodes,0,8,10,0.35714285714285715,2.5,0.8660254037844386,1,4,1.811278124459133,0.3958333333333333,0.3333333333333333,-0.060606060606060226,1,1,1.0,4,2.0,2,2,2.821920418994244,0.3971101362571336,7.118036769169399,0,3,0.42857142857142855,0.375,2.6666666666666665,2,3,0.3333333333333333,1,4,0.6666666666666666,0.09523809523809523,0.5,0.4054784198877308,0.14082084520516452,2,0,0,1.0,2.0,4,3,3,5.065505023098389
ER,ER_80_w_9_nodes,src/graph_reconstruct_attacks/data/ER/ER_80_w_9_nodes,0,9,11,0.3055555555555556,2.4444444444444446,0.8314794192830981,2,4,0.7642045065086203,0.2962962962962963,0.3157894736842105,-0.17857142857142919,1,1,1.0,4,2.111111111111111,0,0,2.8342431843139213,0.5091363846389672,8.778733752247508,0,2,0.25,0.2222222222222222,2.0,2,2,0,0,2,0.6666666666666666,0.14285714285714285,0.4444444444444444,0.10693679473553977,0.10017169760679329,2,0,0,1.0,2.25,3,7,5,6.839283168216569
ER,ER_81_w_7_nodes,src/graph_reconstruct_attacks/data/ER/ER_81_w_7_nodes,0,7,6,0.2857142857142857,1.7142857142857142,0.6998542122237652,1,3,1.4488156357251847,0.0,0,-0.6666666666666661,1,1,1.0,5,2.4761904761904763,6,4,1.9318516525781366,0.22537710049551066,4.734511804056966,0,2,0.3333333333333333,0.2857142857142857,1.5,1,2,0,0,2,0.6666666666666666,0.3333333333333333,0.4,0.2886751345948129,0.1686146734955184,1,1,2,1.0,2.5,4,3,3,3.135132651376774
ER,ER_81_w_8_nodes,src/graph_reconstruct_attacks/data/ER/ER_81_w_8_nodes,0,8,15,0.5357142857142857,3.75,1.1989578808281798,2,5,1.9056390622295665,0.5958333333333333,0.574468085106383,-0.19521912350597562,1,1,1.0,3,1.5357142857142858,0,0,4.100773028742045,1.4384471871911675,7.5733608947942175,0,3,0.42857142857142855,0.375,4.666666666666667,4,5,1.0,3,6,1.0,0.0,0.5833333333333334,0.30735816849715536,0.10114827386043558,3,0,0,1.0,1.7142857142857142,3,1,1,5.468243914652198
ER,ER_81_w_9_nodes,src/graph_reconstruct_attacks/data/ER/ER_81_w_9_nodes,0,9,14,0.3888888888888889,3.111111111111111,1.1967032904743342,2,5,1.8365916681089791,0.3925925925925926,0.4166666666666667,-0.12000000000000167,1,1,1.0,3,1.75,0,0,3.5698883288976466,0.796581760648925,9.579360204616043,0,3,0.375,0.3333333333333333,3.0,2,5,0.3333333333333333,1,4,0.6666666666666666,0.05357142857142857,0.5333333333333333,0.2515830244560312,0.11026559444608794,2,0,0,1.0,1.875,3,2,1,7.331916589114478
ER,ER_82_w_7_nodes,src/graph_reconstruct_attacks/data/ER/ER_82_w_7_nodes,0,7,9,0.42857142857142855,2.5714285714285716,1.049781318335648,1,4,1.3787834934861753,0.2619047619047619,0.3333333333333333,-0.3333333333333337,1,1,1.0,3,1.7619047619047619,2,2,2.9693496814159133,0.6765957239135221,5.468243914652199,0,1,0.16666666666666666,0.14285714285714285,3.0,3,3,0,0,1,1.0,0.0,0.42857142857142855,0.11629544912689627,0.0702423870789157,1,0,1,1.0,2.3333333333333335,3,2,2,3.808548551240405
ER,ER_82_w_8_nodes,src/graph_reconstruct_attacks/data/ER/ER_82_w_8_nodes,0,8,10,0.35714285714285715,2.5,1.0,1,4,1.75,0.16666666666666666,0.15789473684210525,-0.4141414141414161,1,1,1.0,3,1.7857142857142858,1,1,2.8158981832667678,0.7260970954527155,7.118036769169399,0,1,0.14285714285714285,0.125,4.0,4,4,0,0,1,1.0,0.0,0.4375,0.17646902647280804,0.06006324065647038,1,0,1,1.0,2.2857142857142856,3,1,1,5.468243914652199
ER,ER_82_w_9_nodes,src/graph_reconstruct_attacks/data/ER/ER_82_w_9_nodes,0,9,14,0.3888888888888889,3.111111111111111,0.7370277311900889,2,4,1.5304930567574824,0.14814814814814814,0.1875,-0.1666666666666653,1,1,1.0,3,1.75,0,0,3.286144890566229,1.2202314087758148,9.579360204616043,0,3,0.375,0.3333333333333333,3.3333333333333335,3,4,0,0,3,0.5,0.09226190476190474,0.5714285714285714,0.3017605892458332,0.10763229905681296,2,0,0,1.0,1.75,3,4,2,7.331916589114478
ER,ER_83_w_7_nodes,src/graph_reconstruct_attacks/data/ER/ER_83_w_7_nodes,0,7,8,0.38095238095238093,2.2857142857142856,0.880630571852711,1,4,1.6644977792004614,0.5238095238095238,0.46153846153846156,-0.16363636363636364,1,1,1.0,4,2.0,2,3,2.6411864761932913,0.36791213028150316,5.308543071784685,0,2,0.3333333333333333,0.2857142857142857,3.0,2,4,1.0,1,3,1.0,0.0,0.46153846153846156,0.35862840305104415,0.12153985551151342,2,0,0,1.0,2.1666666666666665,4,4,3,3.6994040818153366
ER,ER_83_w_8_nodes,src/graph_reconstruct_attacks/data/ER/ER_83_w_8_nodes,0,8,11,0.39285714285714285,2.75,1.1989578808281798,1,5,2.1556390622295662,0.39166666666666666,0.36,-0.42134831460674316,1,1,1.0,4,1.8928571428571428,1,1,3.2200555155354795,0.5716761053630228,7.331916589114478,0,3,0.42857142857142855,0.375,2.0,1,3,0,0,3,0.5,0.30952380952380953,0.5384615384615384,0.21442721066704723,0.14943306967905456,2,1,1,1.0,1.8571428571428572,3,2,1,5.308543071784685
ER,ER_83_w_9_nodes,src/graph_reconstruct_attacks/data/ER/ER_83_w_9_nodes,0,9,15,0.4166666666666667,3.3333333333333335,1.0540925533894598,2,5,1.7527152789797045,0.18518518518518517,0.225,-0.6046511627906986,1,1,1.0,3,1.6666666666666667,0,0,3.591325241448606,1.323097253187135,9.745691626382566,0,3,0.375,0.3333333333333333,4.333333333333333,4,5,0.3333333333333333,1,4,0.6666666666666666,0.04404761904761905,0.6153846153846154,0.3283566470753516,0.09937437800695431,2,0,0,1.0,1.625,2,1,1,7.483184264445128
ER,ER_84_w_7_nodes,src/graph_reconstruct_attacks/data/ER/ER_84_w_7_nodes,0,7,11,0.5238095238095238,3.142857142857143,0.8329931278350429,2,4,1.5566567074628228,0.38095238095238093,0.46153846153846156,0.08333333333333563,1,1,1.0,3,1.5714285714285714,0,0,3.3988976216987203,1.087770821515603,5.547425160699821,0,4,0.6666666666666666,0.5714285714285714,3.5,3,4,0.6666666666666666,4,8,0.8,0.07777777777777778,0.75,0.48880936520401186,0.17251084071240638,3,0,0,1.0,1.3333333333333333,2,3,1,3.808548551240405
ER,ER_84_w_8_nodes,src/graph_reconstruct_attacks/data/ER/ER_84_w_8_nodes,0,8,9,0.32142857142857145,2.25,0.9682458365518543,1,4,1.9056390622295665,0.0,0,-0.3750000000000011,1,1,1.0,4,2.0,2,2,2.5769558287617063,0.5857864376269051,6.839283168216569,0,2,0.2857142857142857,0.25,3.0,2,4,0,0,2,0.6666666666666666,0.07936507936507936,0.5,0.3218647994706747,0.11089615293204048,2,0,0,1.0,2.0,3,3,3,5.065505023098389
ER,ER_84_w_9_nodes,src/graph_reconstruct_attacks/data/ER/ER_84_w_9_nodes,0,9,11,0.3055555555555556,2.4444444444444446,0.6849348892187751,1,3,1.3516441151533922,0.1111111111111111,0.16666666666666666,-0.12820512820513,1,1,1.0,4,2.0833333333333335,1,1,2.683704875786296,0.522052436813796,8.778733752247508,0,2,0.25,0.2222222222222222,3.0,3,3,0,0,2,0.6666666666666666,0.03571428571428571,0.4444444444444444,0.30439786446807754,0.09004160281870913,2,0,0,1.0,2.25,4,3,3,6.839283168216569
ER,ER_85_w_7_nodes,src/graph_reconstruct_attacks/data/ER/ER_85_w_7_nodes,0,7,8,0.38095238095238093,2.2857142857142856,0.880630571852711,1,4,1.6644977792004614,0.5238095238095238,0.46153846153846156,-0.16363636363636364,1,1,1.0,4,2.0,2,3,2.641186476193292,0.36791213028150305,5.308543071784685,0,3,0.5,0.42857142857142855,2.6666666666666665,2,4,0.3333333333333333,1,4,0.6666666666666666,0.5333333333333333,0.6666666666666666,0.4456906699859214,0.18227546317737753,2,1,1,1.0,1.5,2,1,1,3.4775553321989814
ER,ER_85_w_8_nodes,src/graph_reconstruct_attacks/data/ER/ER_85_w_8_nodes,0,8,11,0.39285714285714285,2.75,1.299038105676658,1,5,1.75,0.6416666666666666,0.46153846153846156,-0.3480392156862749,1,1,1.0,3,1.7857142857142858,1,2,3.240435791573391,0.6486562790142101,7.331916589114478,0,2,0.2857142857142857,0.25,3.5,2,5,1.0,1,3,1.0,0.0,0.5,0.23349182028908716,0.09588470429216073,2,0,0,1.0,2.0,3,4,4,5.468243914652199
ER,ER_85_w_9_nodes,src/graph_reconstruct_attacks/data/ER/ER_85_w_9_nodes,0,9,14,0.3888888888888889,3.111111111111111,0.9938079899999066,2,5,1.8910611120726526,0.28148148148148144,0.35294117647058826,-0.03960396039603808,1,1,1.0,3,1.7777777777777777,0,0,3.492602871835246,0.8316463208247108,9.579360204616043,0,4,0.5,0.4444444444444444,3.75,3,5,0.6666666666666666,4,8,0.8,0.053571428571428575,0.6153846153846154,0.46472155544563415,0.13260116811359945,3,0,0,1.0,1.625,3,2,1,7.118036769169399
ER,ER_86_w_7_nodes,src/graph_reconstruct_attacks/data/ER/ER_86_w_7_nodes,0,7,9,0.42857142857142855,2.5714285714285716,1.178030178747903,1,5,1.8423709931771084,0.31428571428571433,0.3157894736842105,-0.4776119402985077,1,1,1.0,3,1.6666666666666667,1,1,2.9607326462121764,0.8890245970598906,5.468243914652199,0,1,0.16666666666666666,0.14285714285714285,5.0,5,5,0,0,1,1.0,0.0,0.5,0.19288564556946305,0.06671483347674083,1,0,1,1.0,2.0,3,1,1,3.808548551240405
ER,ER_86_w_8_nodes,src/graph_reconstruct_attacks/data/ER/ER_86_w_8_nodes,0,8,9,0.32142857142857145,2.25,1.0897247358851685,1,4,1.5,0.16666666666666666,0.1875,-0.2980769230769229,1,1,1.0,4,2.0357142857142856,3,3,2.7162577939288934,0.39905203324200134,6.839283168216569,0,2,0.2857142857142857,0.25,4.0,4,4,1.0,1,3,1.0,0.0,0.5384615384615384,0.3900128202956191,0.10718723524826447,2,0,0,1.0,1.8571428571428572,3,4,1,5.065505023098389
ER,ER_86_w_9_nodes,src/graph_reconstruct_attacks/data/ER/ER_86_w_9_nodes,0,9,15,0.4166666666666667,3.3333333333333335,1.0540925533894598,2,6,1.4466166676282082,0.3259259259259259,0.3,-0.32857142857143046,1,1,1.0,3,1.6111111111111112,0,0,3.5961735201893896,1.3105462531840977,9.745691626382566,0,6,0.75,0.6666666666666666,3.0,3,3,0.26666666666666666,4,10,0.47619047619047616,0.32738095238095233,0.8,0.525435507764148,0.18793796684822225,2,0,0,1.0,1.25,2,1,1,6.839283168216569
ER,ER_87_w_7_nodes,src/graph_reconstruct_attacks/data/ER/ER_87_w_7_nodes,0,7,9,0.42857142857142855,2.5714285714285716,1.049781318335648,1,4,1.3787834934861753,0.35714285714285715,0.5,0.0,1,1,1.0,4,1.8571428571428572,2,2,3.022284339659236,0.5394951299812363,5.468243914652199,0,1,0.16666666666666666,0.14285714285714285,3.0,3,3,0,0,1,1.0,0.0,0.4,0.12193324995664039,0.06934720834938903,1,0,1,1.0,2.5,4,2,2,3.808548551240405
ER,ER_87_w_8_nodes,src/graph_reconstruct_attacks/data/ER/ER_87_w_8_nodes,0,8,8,0.2857142857142857,2.0,0.7071067811865476,1,3,1.5,0.0,0,-0.42857142857142855,1,1,1.0,5,2.25,3,3,2.2245025433418815,0.32486912943335383,6.4924956819919135,0,1,0.14285714285714285,0.125,3.0,3,3,0,0,1,1.0,0.0,0.35,0.19802913926207136,0.07004814530170014,1,0,1,1.0,2.857142857142857,5,2,2,5.065505023098389
ER,ER_87_w_9_nodes,src/graph_reconstruct_attacks/data/ER/ER_87_w_9_nodes,0,9,16,0.4444444444444444,3.5555555555555554,1.1653431646335017,2,6,1.836591668108979,0.5,0.44680851063829785,-0.26430517711171664,1,1,1.0,3,1.6388888888888888,0,0,3.8806052071803565,1.3293182751501942,9.863790938460564,0,2,0.25,0.2222222222222222,5.0,4,6,1.0,1,3,1.0,0.0,0.5333333333333333,0.2060267375173721,0.06902657136533802,2,0,0,1.0,1.875,3,2,1,7.603324118171656
ER,ER_88_w_7_nodes,src/graph_reconstruct_attacks/data/ER/ER_88_w_7_nodes,0,7,6,0.2857142857142857,1.7142857142857142,1.3850513878332367,1,5,1.1488348542809166,0.0,0,-0.7760000000000005,1,1,1.0,3,1.9047619047619047,6,2,2.2882456112707374,0.46592980327726846,4.734511804056966,0,1,0.16666666666666666,0.14285714285714285,2.0,2,2,0,0,1,1.0,0.0,0.4,0.16245984811645323,0.09199095594933274,1,0,1,1.0,2.5,3,5,5,3.4775553321989814
ER,ER_88_w_8_nodes,src/graph_reconstruct_attacks/data/ER/ER_88_w_8_nodes,0,8,15,0.5357142857142857,3.75,1.299038105676658,2,6,1.75,0.5916666666666667,0.5,-0.40151515151515255,1,1,1.0,2,1.4642857142857142,0,0,4.087119226228996,1.7007100551679808,7.5733608947942175,0,3,0.42857142857142855,0.375,5.333333333333333,5,6,1.0,3,6,1.0,0.0,0.6363636363636364,0.3317146377256721,0.10087532350828358,3,0,0,1.0,1.5714285714285714,2,4,1,5.468243914652198
ER,ER_88_w_9_nodes,src/graph_reconstruct_attacks/data/ER/ER_88_w_9_nodes,0,9,16,0.4444444444444444,3.5555555555555554,1.5713484026367723,1,7,1.8799649487271108,0.44656084656084655,0.40384615384615385,-0.4666666666666667,1,1,1.0,3,1.5833333333333333,1,1,4.042862931043098,0.9678475543779163,9.863790938460564,0,3,0.375,0.3333333333333333,4.666666666666667,3,7,0.6666666666666666,2,5,0.8333333333333334,0.017857142857142856,0.6153846153846154,0.28642949127291756,0.09531446509230226,3,0,0,1.0,1.625,2,5,4,7.573360894794219
ER,ER_89_w_7_nodes,src/graph_reconstruct_attacks/data/ER/ER_89_w_7_nodes,0,7,8,0.38095238095238093,2.2857142857142856,0.6998542122237653,2,4,0.5916727785823275,0.3095238095238095,0.25,-0.3333333333333333,1,1,1.0,3,1.8095238095238095,0,1,2.4728339089952547,0.6086176193691,5.308543071784685,0,2,0.3333333333333333,0.2857142857142857,3.0,2,4,0,0,2,0.6666666666666666,0.2,0.6,0.3313717729753435,0.12714432791309022,2,0,0,1.0,1.6666666666666667,2,6,4,3.6994040818153366
ER,ER_89_w_8_nodes,src/graph_reconstruct_attacks/data/ER/ER_89_w_8_nodes,0,8,9,0.32142857142857145,2.25,0.6614378277661477,1,3,1.4056390622295665,0.0,0,-0.24137931034482868,1,1,1.0,4,2.0,1,1,2.4325472231990757,0.5857864376269046,6.839283168216569,0,3,0.42857142857142855,0.375,2.3333333333333335,2,3,0,0,3,0.5,0.2936507936507936,0.5833333333333334,0.4539739345608883,0.15993614963376362,2,0,0,1.0,1.7142857142857142,3,3,3,4.734511804056966
ER,ER_89_w_9_nodes,src/graph_reconstruct_attacks/data/ER/ER_89_w_9_nodes,0,9,8,0.2222222222222222,1.7777777777777777,0.7856742013183862,1,3,1.5304930567574826,0.0,0,-0.6410256410256411,1,1,1.0,6,2.8333333333333335,8,5,2.0608201289092327,0.16575681568607875,7.480873803373035,0,1,0.125,0.1111111111111111,3.0,3,3,0,0,1,1.0,0.0,0.34782608695652173,0.25287063235617047,0.06604617244611216,1,0,1,1.0,2.875,4,4,4,6.073366374249938
ER,ER_8_w_7_nodes,src/graph_reconstruct_attacks/data/ER/ER_8_w_7_nodes,0,7,7,0.3333333333333333,2.0,0.9258200997725514,1,4,1.3787834934861753,0.3095238095238095,0.3,-0.4259259259259255,1,1,1.0,4,2.142857142857143,4,3,2.3893733010977116,0.2955321857406862,5.065505023098389,0,2,0.3333333333333333,0.2857142857142857,1.5,1,2,0,0,2,0.6666666666666666,0.3333333333333333,0.46153846153846156,0.16788260236544503,0.1581981552812502,1,1,2,1.0,2.1666666666666665,3,4,2,3.4775553321989814
ER,ER_8_w_8_nodes,src/graph_reconstruct_attacks/data/ER/ER_8_w_8_nodes,0,8,7,0.25,1.75,1.0897247358851685,1,4,1.5487949406953985,0.0,0,-0.5866666666666661,1,1,1.0,4,2.25,7,3,2.2059461150510966,0.2888014012714064,6.073366374249938,0,1,0.14285714285714285,0.125,3.0,3,3,0,0,1,1.0,0.0,0.4117647058823529,0.23083545758179985,0.07593070378154028,1,0,1,1.0,2.4285714285714284,3,5,5,4.734511804056966
ER,ER_8_w_9_nodes,src/graph_reconstruct_attacks/data/ER/ER_8_w_9_nodes,0,9,16,0.4444444444444444,3.5555555555555554,1.1653431646335017,1,5,1.8910611120726526,0.37407407407407406,0.5106382978723404,0.2825112107623318,1,1,1.0,4,1.75,1,1,4.088071428198016,0.6204879852980436,9.863790938460564,0,4,0.5,0.4444444444444444,4.25,3,5,0.5,3,7,0.7,0.07142857142857142,0.6153846153846154,0.377147831550219,0.11824893165651787,3,0,0,1.0,1.625,3,3,2,7.483184264445128
ER,ER_90_w_7_nodes,src/graph_reconstruct_attacks/data/ER/ER_90_w_7_nodes,0,7,6,0.2857142857142857,1.7142857142857142,0.880630571852711,1,3,1.3787834934861753,0.0,0,-0.44827586206896564,1,1,1.0,4,2.1904761904761907,6,3,2.0528808400337164,0.32171964995780794,4.734511804056966,0,1,0.16666666666666666,0.14285714285714285,3.0,3,3,0,0,1,1.0,0.0,0.4,0.2603286842197971,0.08942847113498377,1,0,1,1.0,2.5,4,4,4,3.4775553321989814
ER,ER_90_w_8_nodes,src/graph_reconstruct_attacks/data/ER/ER_90_w_8_nodes,0,8,9,0.32142857142857145,2.25,0.82915619758885,1,3,1.5,0.41666666666666663,0.42857142857142855,-0.4210526315789463,1,1,1.0,5,2.2857142857142856,3,4,2.52309559063167,0.2679491924311228,6.839283168216569,0,2,0.2857142857142857,0.25,3.0,3,3,1.0,1,3,1.0,0.0,0.4375,0.3363830526843828,0.11045891847036154,2,0,0,1.0,2.2857142857142856,4,2,2,5.065505023098389
ER,ER_90_w_9_nodes,src/graph_reconstruct_attacks/data/ER/ER_90_w_9_nodes,0,9,11,0.3055555555555556,2.4444444444444446,1.1653431646335017,1,4,1.8910611120726526,0.07407407407407407,0.13636363636363635,-0.18181818181818132,1,1,1.0,4,2.0555555555555554,3,3,2.95658447415963,0.5224061869539309,8.778733752247508,0,1,0.125,0.1111111111111111,3.0,3,3,0,0,1,1.0,0.0,0.36363636363636365,0.11239138986763728,0.0553589329673911,1,0,1,1.0,2.75,4,3,3,7.118036769169399
ER,ER_91_w_7_nodes,src/graph_reconstruct_attacks/data/ER/ER_91_w_7_nodes,0,7,10,0.47619047619047616,2.857142857142857,1.124858267715973,2,5,1.6644977792004614,0.4714285714285714,0.391304347826087,-0.3907284768211922,1,1,1.0,3,1.5714285714285714,0,0,3.1909474311511414,1.1105327602214767,5.547425160699821,0,2,0.3333333333333333,0.2857142857142857,3.0,2,4,0,0,2,0.6666666666666666,0.03333333333333333,0.5454545454545454,0.22408693232173657,0.10831170662828109,2,0,0,1.0,1.8333333333333333,3,4,2,3.808548551240405
ER,ER_91_w_8_nodes,src/graph_reconstruct_attacks/data/ER/ER_91_w_8_nodes,0,8,10,0.35714285714285715,2.5,0.8660254037844386,1,4,1.811278124459133,0.10416666666666666,0.16666666666666666,-0.21212121212121432,1,1,1.0,4,1.8571428571428572,1,1,2.7855375869978833,0.5961578424825,7.118036769169399,0,2,0.2857142857142857,0.25,3.0,2,4,0,0,2,0.6666666666666666,0.09523809523809523,0.5384615384615384,0.265045224663045,0.1031012620662785,2,0,0,1.0,1.8571428571428572,3,3,3,5.308543071784685
ER,ER_91_w_9_nodes,src/graph_reconstruct_attacks/data/ER/ER_91_w_9_nodes,0,9,16,0.4444444444444444,3.5555555555555554,1.2570787221094177,1,5,1.7527152789797047,0.39629629629629626,0.375,-0.4444444444444444,1,1,1.0,3,1.6388888888888888,1,1,3.9213062254507953,0.8632497326749008,9.863790938460564,0,5,0.625,0.5555555555555556,3.6,3,5,0.3,3,8,0.5333333333333333,0.1369047619047619,0.6666666666666666,0.43078491930108553,0.14825930648112318,3,0,0,1.0,1.5,3,3,1,7.331916589114478
ER,ER_92_w_7_nodes,src/graph_reconstruct_attacks/data/ER/ER_92_w_7_nodes,0,7,10,0.47619047619047616,2.857142857142857,0.8329931278350429,2,4,1.5566567074628228,0.19047619047619047,0.14285714285714285,-0.4492753623188444,1,1,1.0,3,1.5714285714285714,0,0,3.030321847184644,1.485863070664706,5.547425160699821,0,2,0.3333333333333333,0.2857142857142857,4.0,4,4,1.0,1,3,1.0,0.0,0.6,0.3164054612340171,0.10372402688852943,2,0,0,1.0,1.6666666666666667,2,3,1,3.808548551240405
ER,ER_92_w_8_nodes,src/graph_reconstruct_attacks/data/ER/ER_92_w_8_nodes,0,8,9,0.32142857142857145,2.25,0.6614378277661477,1,3,1.4056390622295665,0.125,0.23076923076923078,0.3793103448275859,1,1,1.0,5,2.1785714285714284,2,2,2.5374444951196193,0.3376036697878195,6.839283168216569,0,2,0.2857142857142857,0.25,2.5,2,3,0,0,2,0.6666666666666666,0.11904761904761904,0.4666666666666667,0.2849855758952362,0.11049945049074829,2,0,0,1.0,2.142857142857143,4,4,4,5.065505023098389
ER,ER_92_w_9_nodes,src/graph_reconstruct_attacks/data/ER/ER_92_w_9_nodes,0,9,15,0.4166666666666667,3.3333333333333335,1.1547005383792515,2,5,1.974937501201927,0.48888888888888893,0.36585365853658536,-0.5316901408450743,1,1,1.0,3,1.6666666666666667,0,0,3.631962412023541,1.1037725562006377,9.745691626382566,0,3,0.375,0.3333333333333333,4.0,2,5,0.3333333333333333,1,4,0.6666666666666666,0.10238095238095236,0.6153846153846154,0.2787951873205916,0.10300709033056485,2,0,0,1.0,1.625,2,2,1,7.483184264445128
ER,ER_93_w_7_nodes,src/graph_reconstruct_attacks/data/ER/ER_93_w_7_nodes,0,7,8,0.38095238095238093,2.2857142857142856,1.577908716741037,1,6,1.3787834934861753,0.5904761904761905,0.3157894736842105,-0.6826568265682657,1,1,1.0,2,1.619047619047619,2,1,2.8557725066359887,0.9999999999999992,5.308543071784685,0,6,1.0,0.8571428571428571,1.6666666666666667,1,2,0.13333333333333333,2,8,0.38095238095238093,0.8666666666666667,1.0,0.6445965024536155,0.3561609605566386,2,1,2,1.0,1.0,1,1,1,2.0211892990699387
ER,ER_93_w_8_nodes,src/graph_reconstruct_attacks/data/ER/ER_93_w_8_nodes,0,8,10,0.35714285714285715,2.5,0.8660254037844386,1,4,1.811278124459133,0.1875,0.16666666666666666,-0.21212121212121432,1,1,1.0,4,1.9285714285714286,1,1,2.7816534525312004,0.6263607628896872,7.118036769169399,0,2,0.2857142857142857,0.25,3.5,3,4,1.0,1,3,1.0,0.0,0.5,0.34295897217505006,0.09938978652488768,2,0,0,1.0,2.0,3,3,1,5.308543071784685
ER,ER_93_w_9_nodes,src/graph_reconstruct_attacks/data/ER/ER_93_w_9_nodes,0,9,14,0.3888888888888889,3.111111111111111,1.5947444549341472,1,7,2.058813890331201,0.47883597883597884,0.2926829268292683,-0.5622317596566528,1,1,1.0,3,1.6388888888888888,1,1,3.61368611650878,0.9711611174408896,9.579360204616043,0,1,0.125,0.1111111111111111,7.0,7,7,0,0,1,1.0,0.0,0.5,0.14920474375942855,0.045891771337584195,1,0,1,1.0,2.0,3,1,1,7.573360894794219
ER,ER_94_w_7_nodes,src/graph_reconstruct_attacks/data/ER/ER_94_w_7_nodes,0,7,11,0.5238095238095238,3.142857142857143,1.1248582677159729,1,5,1.6644977792004614,0.39999999999999997,0.42857142857142855,-0.49152542372881486,1,1,1.0,3,1.5238095238095237,1,1,3.4566950043023184,0.9420943552059471,5.547425160699821,0,4,0.6666666666666666,0.5714285714285714,3.5,3,5,0.5,3,7,0.7,0.1111111111111111,0.75,0.4598330135276071,0.17445074161206794,3,0,0,1.0,1.3333333333333333,2,1,1,3.808548551240405
ER,ER_94_w_8_nodes,src/graph_reconstruct_attacks/data/ER/ER_94_w_8_nodes,0,8,10,0.35714285714285715,2.5,1.224744871391589,1,5,1.9056390622295665,0.3875,0.2857142857142857,-0.6352201257861622,1,1,1.0,3,1.8214285714285714,2,1,2.898544983316385,0.6664318116398258,7.118036769169399,0,5,0.7142857142857143,0.625,2.0,1,3,0.1,1,6,0.4,0.6190476190476191,0.7777777777777778,0.5215900793870766,0.2466144728459282,2,1,2,1.0,1.2857142857142858,2,1,1,4.308543071784685
ER,ER_94_w_9_nodes,src/graph_reconstruct_attacks/data/ER/ER_94_w_9_nodes,0,9,11,0.3055555555555556,2.4444444444444446,1.1653431646335017,1,5,1.8910611120726526,0.17037037037037037,0.2727272727272727,4.669467427099919e-16,1,1,1.0,4,2.138888888888889,4,3,3.062141290630351,0.38196601125010554,8.778733752247508,0,1,0.125,0.1111111111111111,2.0,2,2,0,0,1,1.0,0.0,0.34782608695652173,0.06519171874921947,0.06100668746137779,1,0,1,1.0,2.875,4,2,2,7.118036769169399
ER,ER_95_w_7_nodes,src/graph_reconstruct_attacks/data/ER/ER_95_w_7_nodes,0,7,7,0.3333333333333333,2.0,0.9258200997725514,1,4,1.3787834934861753,0.0,0,-0.6851851851851845,1,1,1.0,3,1.8571428571428572,2,1,2.256189749205338,0.6086176193690994,5.065505023098389,0,1,0.16666666666666666,0.14285714285714285,4.0,4,4,0,0,1,1.0,0.0,0.46153846153846156,0.2591353867351077,0.08032364359176881,1,0,1,1.0,2.1666666666666665,3,2,2,3.6994040818153366
ER,ER_95_w_8_nodes,src/graph_reconstruct_attacks/data/ER/ER_95_w_8_nodes,0,8,12,0.42857142857142855,3.0,1.4142135623730951,1,6,2.1556390622295662,0.37083333333333335,0.28125,-0.6626506024096379,1,1,1.0,3,1.6071428571428572,1,1,3.4206239600061954,0.9616445345581748,7.483184264445128,0,3,0.42857142857142855,0.375,4.0,2,6,0.3333333333333333,1,4,0.6666666666666666,0.07142857142857142,0.6363636363636364,0.34341173736026454,0.1248070925684531,2,0,0,1.0,1.5714285714285714,2,3,1,5.468243914652199
ER,ER_95_w_9_nodes,src/graph_reconstruct_attacks/data/ER/ER_95_w_9_nodes,0,9,12,0.3333333333333333,2.6666666666666665,1.1547005383792515,1,5,2.058813890331201,0.31851851851851853,0.23076923076923078,-0.3584905660377352,1,1,1.0,3,1.9444444444444444,1,2,3.0586424659139024,0.534375010051185,9.09749251487192,0,3,0.375,0.3333333333333333,3.0,2,5,0,0,3,0.5,0.1607142857142857,0.5714285714285714,0.33017806732189603,0.12383344125158019,2,0,0,1.0,1.75,3,2,1,6.839283168216569
ER,ER_96_w_7_nodes,src/graph_reconstruct_attacks/data/ER/ER_96_w_7_nodes,0,7,7,0.3333333333333333,2.0,0.7559289460184544,1,3,1.5566567074628228,0.23809523809523808,0.3333333333333333,-0.1666666666666663,1,1,1.0,5,2.2857142857142856,4,4,2.34292308277717,0.2679491924311225,5.065505023098389,0,2,0.3333333333333333,0.2857142857142857,1.5,1,2,0,0,2,0.6666666666666666,0.3333333333333333,0.42857142857142855,0.16065757996789046,0.15804861405882364,1,1,2,1.0,2.3333333333333335,4,3,2,3.4775553321989814
ER,ER_96_w_8_nodes,src/graph_reconstruct_attacks/data/ER/ER_96_w_8_nodes,0,8,11,0.39285714285714285,2.75,1.1989578808281798,1,4,1.9056390622295665,0.375,0.36,-0.47321428571428364,1,1,1.0,3,1.7857142857142858,2,2,3.190427292419847,0.6826249708096634,7.331916589114478,0,3,0.42857142857142855,0.375,3.6666666666666665,3,4,0.6666666666666666,2,5,0.8333333333333334,0.031746031746031744,0.5833333333333334,0.40654604129535543,0.13001958035194972,2,0,0,1.0,1.7142857142857142,3,2,2,5.308543071784685
ER,ER_96_w_9_nodes,src/graph_reconstruct_attacks/data/ER/ER_96_w_9_nodes,0,9,11,0.3055555555555556,2.4444444444444446,1.0657403385139377,1,4,1.974937501201927,0.18518518518518517,0.14285714285714285,-0.37499999999999967,1,1,1.0,3,2.0,2,2,2.8136065026483292,0.6972243622680055,8.778733752247508,0,1,0.125,0.1111111111111111,4.0,4,4,0,0,1,1.0,0.0,0.42105263157894735,0.16022124319304176,0.05432788402328342,1,0,1,1.0,2.375,3,2,2,7.118036769169399
ER,ER_97_w_7_nodes,src/graph_reconstruct_attacks/data/ER/ER_97_w_7_nodes,0,7,8,0.38095238095238093,2.2857142857142856,1.2777531299998797,1,5,1.8423709931771088,0.5047619047619047,0.375,-0.5294117647058824,1,1,1.0,3,1.7619047619047619,2,2,2.7648535192711083,0.5961468705676676,5.308543071784685,0,1,0.16666666666666666,0.14285714285714285,5.0,5,5,0,0,1,1.0,0.0,0.5,0.2226195729232462,0.07134948066664237,1,0,1,1.0,2.0,3,2,2,3.808548551240405
ER,ER_97_w_8_nodes,src/graph_reconstruct_attacks/data/ER/ER_97_w_8_nodes,0,8,9,0.32142857142857145,2.25,0.82915619758885,1,3,1.5,0.20833333333333331,0.21428571428571427,-0.4210526315789463,1,1,1.0,4,2.0,2,2,2.524025899934256,0.585786437626905,6.839283168216569,0,1,0.14285714285714285,0.125,3.0,3,3,0,0,1,1.0,0.0,0.3888888888888889,0.13051848418651335,0.06701047898895797,1,0,1,1.0,2.5714285714285716,4,2,2,5.308543071784685
ER,ER_97_w_9_nodes,src/graph_reconstruct_attacks/data/ER/ER_97_w_9_nodes,0,9,17,0.4722222222222222,3.7777777777777777,1.4740554623801778,2,6,2.197159723424149,0.5629629629629629,0.42105263157894735,-0.46411483253588703,1,1,1.0,2,1.5277777777777777,0,0,4.207279431826973,1.5934474079190155,9.93437201274627,0,3,0.375,0.3333333333333333,5.666666666666667,5,6,1.0,3,6,1.0,0.0,0.6153846153846154,0.31665765631448833,0.08867774588945246,3,0,0,1.0,1.625,2,3,1,7.603324118171656
ER,ER_98_w_7_nodes,src/graph_reconstruct_attacks/data/ER/ER_98_w_7_nodes,0,7,7,0.3333333333333333,2.0,0.9258200997725514,1,3,1.4488156357251847,0.0,0,-0.48484848484848697,1,1,1.0,4,2.0,3,3,2.3344142183389773,0.5857864376269047,5.065505023098389,0,1,0.16666666666666666,0.14285714285714285,3.0,3,3,0,0,1,1.0,0.0,0.4,0.2041241452319312,0.08010520810554955,1,0,1,1.0,2.5,4,3,3,3.6994040818153366
ER,ER_98_w_8_nodes,src/graph_reconstruct_attacks/data/ER/ER_98_w_8_nodes,0,8,10,0.35714285714285715,2.5,1.118033988749895,1,4,2.0,0.08333333333333333,0.15,-0.4000000000000007,1,1,1.0,3,1.8214285714285714,2,2,2.9018976954732754,0.7376723887043283,7.118036769169399,0,2,0.2857142857142857,0.25,3.5,3,4,0,0,2,0.6666666666666666,0.047619047619047616,0.5384615384615384,0.28892405743883065,0.10145447839323699,2,0,0,1.0,1.8571428571428572,3,2,2,5.308543071784685
ER,ER_98_w_9_nodes,src/graph_reconstruct_attacks/data/ER/ER_98_w_9_nodes,0,9,13,0.3611111111111111,2.888888888888889,0.8748897637790901,2,5,1.3516441151533922,0.25555555555555554,0.32142857142857145,-0.10303030303030412,1,1,1.0,3,1.8055555555555556,0,0,3.204044940821,0.9425427679483547,9.36376040427669,0,3,0.375,0.3333333333333333,3.6666666666666665,3,5,0.3333333333333333,1,4,0.6666666666666666,0.12499999999999997,0.6153846153846154,0.35916081205562755,0.11250886970722121,2,0,0,1.0,1.625,2,5,2,7.118036769169399
ER,ER_99_w_7_nodes,src/graph_reconstruct_attacks/data/ER/ER_99_w_7_nodes,0,7,9,0.42857142857142855,2.5714285714285716,0.7284313590846836,2,4,1.3787834934861753,0.42857142857142855,0.375,-0.0800000000000001,1,1,1.0,3,1.7619047619047619,0,1,2.7757128557362143,0.6086176193690993,5.468243914652199,0,2,0.3333333333333333,0.2857142857142857,3.0,2,4,1.0,1,3,1.0,0.0,0.5,0.3042542412021291,0.11533462510535157,2,0,0,1.0,2.0,3,4,2,3.808548551240405
ER,ER_99_w_8_nodes,src/graph_reconstruct_attacks/data/ER/ER_99_w_8_nodes,0,8,11,0.39285714285714285,2.75,0.82915619758885,2,4,1.5,0.3541666666666667,0.2727272727272727,-0.5000000000000001,1,1,1.0,3,1.7142857142857142,0,0,2.931946641983281,1.0000000000000002,7.331916589114478,0,2,0.2857142857142857,0.25,3.5,3,4,0,0,2,0.6666666666666666,0.03968253968253967,0.5384615384615384,0.25783442636036946,0.09526143565912745,2,0,0,1.0,1.8571428571428572,3,4,2,5.468243914652199
ER,ER_99_w_9_nodes,src/graph_reconstruct_attacks/data/ER/ER_99_w_9_nodes,0,9,13,0.3611111111111111,2.888888888888889,1.286204100310025,1,5,2.197159723424149,0.34814814814814815,0.375,-0.29383886255924163,1,1,1.0,4,1.8888888888888888,2,2,3.4243068514882764,0.5837968648361822,9.36376040427669,0,4,0.5,0.4444444444444444,3.5,2,5,0.3333333333333333,2,6,0.6,0.2857142857142857,0.6666666666666666,0.42054658216331287,0.1469978559879534,2,0,0,1.0,1.5,2,2,1,6.839283168216569
ER,ER_9_w_7_nodes,src/graph_reconstruct_attacks/data/ER/ER_9_w_7_nodes,0,7,10,0.47619047619047616,2.857142857142857,1.1248582677159729,2,5,1.6644977792004614,0.20476190476190476,0.13043478260869565,-0.7880794701986751,1,1,1.0,2,1.5238095238095237,0,0,3.099054771741286,1.4423875850416439,5.547425160699821,0,2,0.3333333333333333,0.2857142857142857,4.0,3,5,1.0,1,3,1.0,0.0,0.6,0.30044347372257585,0.10423421442554928,2,0,0,1.0,1.6666666666666667,2,4,1,3.808548551240405
ER,ER_9_w_8_nodes,src/graph_reconstruct_attacks/data/ER/ER_9_w_8_nodes,0,8,9,0.32142857142857145,2.25,1.0897247358851685,1,4,1.811278124459133,0.10416666666666666,0.1875,-0.2857142857142858,1,1,1.0,4,2.0,3,3,2.7116959855406835,0.5223639683231383,6.839283168216569,0,2,0.2857142857142857,0.25,3.0,3,3,0,0,2,0.6666666666666666,0.047619047619047616,0.5,0.30600624546427796,0.11014784715437302,2,0,0,1.0,2.0,3,1,1,5.065505023098389
ER,ER_9_w_9_nodes,src/graph_reconstruct_attacks/data/ER/ER_9_w_9_nodes,0,9,15,0.4166666666666667,3.3333333333333335,0.9428090415820634,2,5,1.8910611120726526,0.3037037037037037,0.38461538461538464,0.20634920634920517,1,1,1.0,3,1.7222222222222223,0,0,3.7002053398127317,0.9535645084942918,9.745691626382566,0,4,0.5,0.4444444444444444,3.5,2,5,0.3333333333333333,2,6,0.6,0.20238095238095236,0.6666666666666666,0.3706629331972883,0.1309170106717962,3,0,0,1.0,1.5,2,3,1,7.331916589114478
Barabasi_Albert,BA_0_w_10_nodes_d_2,src/graph_reconstruct_attacks/data/Barabasi_Albert/BA_0_w_10_nodes_d_2,0,10,16,0.35555555555555557,3.2,1.9899748742132397,2,9,1.360964047443681,0.7527777777777778,0.38181818181818183,-0.4292430653502586,1,1,1.0,2,1.6444444444444444,0,1,3.91400264875435,1.0,11.810653447129246,0,9,1.0,0.9,2.5555555555555554,2,3,0.19444444444444445,7,16,0.35555555555555557,0.736111111111111,1.0,0.6055921332689305,0.26185527340505105,2,1,0,1.0,1.0,1,1,1,6.921565792466024
Barabasi_Albert,BA_0_w_10_nodes_d_3,src/graph_reconstruct_attacks/data/Barabasi_Albert/BA_0_w_10_nodes_d_3,0,10,21,0.4666666666666667,4.2,2.2715633383201093,1,8,2.4464393446710155,0.7052380952380952,0.5483870967741935,-0.5706874189364467,1,1,1.0,3,1.5555555555555556,1,1,5.057173190494102,0.9754341016496662,12.576762279339954,0,8,0.8888888888888888,0.8,3.875,1,8,0.35714285714285715,10,18,0.5,0.35648148148148145,0.9,0.4484328251250231,0.18758185503112743,3,1,1,1.0,1.1111111111111112,2,2,1,9.36376040427669
Barabasi_Albert,BA_0_w_11_nodes_d_2,src/graph_reconstruct_attacks/data/Barabasi_Albert/BA_0_w_11_nodes_d_2,0,11,18,0.32727272727272727,3.272727272727273,1.7627926754241197,2,7,1.8676338909712125,0.4354978354978355,0.25862068965517243,-0.44221879815100257,1,1,1.0,3,1.8,0,0,3.9401492383819354,1.0765265898177843,14.158602817677263,0,7,0.7,0.6363636363636364,3.142857142857143,2,6,0.19047619047619047,4,11,0.39285714285714285,0.39629629629629626,0.7692307692307693,0.5019582454369439,0.18295552630425108,2,0,0,1.0,1.3,2,1,1,10.006491539079562
Barabasi_Albert,BA_0_w_11_nodes_d_3,src/graph_reconstruct_attacks/data/Barabasi_Albert/BA_0_w_11_nodes_d_3,0,11,24,0.43636363636363634,4.363636363636363,2.05703790890632,1,9,2.368522527728207,0.5005050505050505,0.46153846153846156,-0.3993902439024416,1,1,1.0,3,1.5818181818181818,1,1,5.104005264087585,0.9832591297035337,15.395953272199742,0,9,0.9,0.8181818181818182,3.888888888888889,1,6,0.3055555555555556,11,20,0.4444444444444444,0.42296296296296293,0.9090909090909091,0.46838311050147957,0.18257493423594862,3,1,1,1.0,1.1,2,1,1,11.537652175065498
Barabasi_Albert,BA_0_w_12_nodes_d_2,src/graph_reconstruct_attacks/data/Barabasi_Albert/BA_0_w_12_nodes_d_2,0,12,20,0.30303030303030304,3.3333333333333335,1.9293061504650375,2,9,1.9508257945180887,0.4259259259259259,0.17391304347826086,-0.43848119751734216,1,1,1.0,3,1.803030303030303,0,0,4.033583077333189,1.0147448671264878,16.60917987984748,0,9,0.8181818181818182,0.75,2.6666666666666665,2,4,0.1111111111111111,4,13,0.28888888888888886,0.5787878787878787,0.8461538461538461,0.5514876839695926,0.21007282043489234,2,0,0,1.0,1.1818181818181819,2,1,1,11.077925645748465
Barabasi_Albert,BA_0_w_12_nodes_d_3,src/graph_reconstruct_attacks/data/Barabasi_Albert/BA_0_w_12_nodes_d_3,0,12,27,0.4090909090909091,4.5,1.848422751068236,3,9,2.221251836004466,0.49887566137566136,0.41739130434782606,-0.32321106434155217,1,1,1.0,3,1.621212121212121,0,0,5.0857104181462685,1.70725028250838,18.389306321728604,0,7,0.6363636363636364,0.5833333333333334,5.0,3,9,0.38095238095238093,8,15,0.5357142857142857,0.15354978354978352,0.7333333333333333,0.40738361758074343,0.12289001649877508,3,0,0,1.0,1.3636363636363635,2,1,1,14.70332344589474
Barabasi_Albert,BA_0_w_7_nodes_d_2,src/graph_reconstruct_attacks/data/Barabasi_Albert/BA_0_w_7_nodes_d_2,0,7,10,0.47619047619047616,2.857142857142857,0.9897433186107869,2,5,1.4488156357251847,0.4095238095238095,0.2727272727272727,-0.5079365079365065,1,1,1.0,2,1.5238095238095237,0,0,3.074855671105453,1.3819660112501053,5.547425160699821,0,3,0.5,0.42857142857142855,3.3333333333333335,2,5,0.3333333333333333,1,4,0.6666666666666666,0.08888888888888888,0.6666666666666666,0.39114318617819693,0.14890577042415618,2,0,0,1.0,1.5,2,3,2,3.808548551240405
Barabasi_Albert,BA_0_w_8_nodes_d_2,src/graph_reconstruct_attacks/data/Barabasi_Albert/BA_0_w_8_nodes_d_2,0,8,12,0.42857142857142855,3.0,1.118033988749895,1,5,2.0,0.35,0.41379310344827586,-0.31612903225806377,1,1,1.0,3,1.6428571428571428,1,1,3.367628549590963,0.8661305404126435,7.483184264445128,0,5,0.7142857142857143,0.625,2.8,1,4,0.3,3,8,0.5333333333333333,0.38095238095238093,0.7777777777777778,0.5003419268301282,0.202652018898013,2,1,1,1.0,1.2857142857142858,2,1,1,5.065505023098389
Barabasi_Albert,BA_0_w_9_nodes_d_2,src/graph_reconstruct_attacks/data/Barabasi_Albert/BA_0_w_9_nodes_d_2,0,9,14,0.3888888888888889,3.111111111111111,1.6629588385661962,1,6,2.0588138903312014,0.3703703703703704,0.2857142857142857,-0.6666666666666671,1,1,1.0,3,1.6666666666666667,1,1,3.701562118716426,0.906999683601188,9.579360204616043,0,6,0.75,0.6666666666666666,3.0,1,5,0.26666666666666666,4,10,0.47619047619047616,0.40178571428571425,0.8,0.5015106631245186,0.20740722244995827,2,1,1,1.0,1.25,2,1,1,6.4924956819919135
Barabasi_Albert,BA_10_w_10_nodes_d_2,src/graph_reconstruct_attacks/data/Barabasi_Albert/BA_10_w_10_nodes_d_2,0,10,16,0.35555555555555557,3.2,0.9797958971132713,2,5,1.895461844238322,0.33666666666666667,0.225,-0.13333333333333333,1,1,1.0,3,1.8,0,0,3.480088609700023,0.9470185615148947,11.810653447129246,0,4,0.4444444444444444,0.4,3.75,3,5,0.16666666666666666,1,5,0.5,0.15277777777777776,0.6428571428571429,0.4003923906238332,0.11992039844997775,2,0,0,1.0,1.5555555555555556,2,3,3,9.09749251487192
Barabasi_Albert,BA_10_w_10_nodes_d_3,src/graph_reconstruct_attacks/data/Barabasi_Albert/BA_10_w_10_nodes_d_3,0,10,21,0.4666666666666667,4.2,1.469693845669907,1,6,2.246439344671016,0.4166666666666667,0.46153846153846156,-0.13131313131312974,1,1,1.0,3,1.6222222222222222,1,1,4.695870513816862,0.8546084483039804,12.576762279339954,0,5,0.5555555555555556,0.5,4.0,1,6,0.3,3,8,0.5333333333333333,0.2662037037037037,0.6923076923076923,0.3062837428959168,0.12581876622749696,3,1,1,1.0,1.4444444444444444,2,3,1,9.863790938460564
Barabasi_Albert,BA_10_w_11_nodes_d_2,src/graph_reconstruct_attacks/data/Barabasi_Albert/BA_10_w_11_nodes_d_2,0,11,18,0.32727272727272727,3.272727272727273,1.6006197146962735,2,6,1.8676338909712125,0.22727272727272727,0.21818181818181817,-0.34759358288770065,1,1,1.0,3,1.8727272727272728,0,0,3.9002930974766685,0.8713184240883604,14.158602817677263,0,6,0.6,0.5454545454545454,3.6666666666666665,2,6,0.26666666666666666,4,10,0.47619047619047616,0.3414814814814815,0.7142857142857143,0.4697271365821365,0.15707714717416751,2,0,0,1.0,1.4,2,2,1,10.458789210074194
Barabasi_Albert,BA_10_w_11_nodes_d_3,src/graph_reconstruct_attacks/data/Barabasi_Albert/BA_10_w_11_nodes_d_3,0,11,24,0.43636363636363634,4.363636363636363,2.143604749554836,2,9,2.0403733936884962,0.6991341991341992,0.4811320754716981,-0.4549819927971206,1,1,1.0,2,1.5636363636363637,0,0,5.088610515675198,1.5647454105298138,15.395953272199742,0,9,0.9,0.8181818181818182,4.0,2,7,0.3333333333333333,12,21,0.4666666666666667,0.34074074074074073,0.9090909090909091,0.4803267450887799,0.1777751857339203,3,0,0,1.0,1.1,2,1,1,11.537652175065498
Barabasi_Albert,BA_10_w_12_nodes_d_2,src/graph_reconstruct_attacks/data/Barabasi_Albert/BA_10_w_12_nodes_d_2,0,12,20,0.30303030303030304,3.3333333333333335,1.0274023338281628,2,5,1.9591479170272448,0.2861111111111111,0.2830188679245283,-0.11922141119221492,1,1,1.0,4,1.9393939393939394,0,0,3.671450113331052,1.0172141159467503,16.60917987984748,0,5,0.45454545454545453,0.4166666666666667,3.8,3,5,0.3,3,8,0.5333333333333333,0.1922077922077922,0.6111111111111112,0.44973871209941213,0.11644800850179256,2,0,0,1.0,1.6363636363636365,3,2,2,13.075536031843507
Barabasi_Albert,BA_10_w_12_nodes_d_3,src/graph_reconstruct_attacks/data/Barabasi_Albert/BA_10_w_12_nodes_d_3,0,12,27,0.4090909090909091,4.5,1.4433756729740645,2,7,2.355388542207534,0.33928571428571425,0.2803738317757009,-0.3663578047042061,1,1,1.0,3,1.621212121212121,0,0,4.880786779491114,1.6482443235725377,18.389306321728604,0,6,0.5454545454545454,0.5,5.0,2,7,0.3333333333333333,5,11,0.5238095238095238,0.12575757575757573,0.6875,0.36873861844994976,0.10805517282545087,3,0,0,1.0,1.4545454545454546,2,3,1,14.925172195511099
Barabasi_Albert,BA_10_w_7_nodes_d_2,src/graph_reconstruct_attacks/data/Barabasi_Albert/BA_10_w_7_nodes_d_2,0,7,10,0.47619047619047616,2.857142857142857,0.8329931278350429,2,4,1.5566567074628228,0.3095238095238095,0.2857142857142857,-0.4492753623188444,1,1,1.0,2,1.5238095238095237,0,0,3.0353111584876347,1.5857864376269053,5.547425160699821,0,4,0.6666666666666666,0.5714285714285714,2.5,2,4,0.16666666666666666,1,5,0.5,0.26666666666666666,0.75,0.45069135925500564,0.19573357047434098,2,0,0,1.0,1.3333333333333333,2,2,1,3.6994040818153366
Barabasi_Albert,BA_10_w_8_nodes_d_2,src/graph_reconstruct_attacks/data/Barabasi_Albert/BA_10_w_8_nodes_d_2,0,8,12,0.42857142857142855,3.0,0.8660254037844386,2,4,1.561278124459133,0.08333333333333333,0.1111111111111111,-0.5757575757575754,1,1,1.0,3,1.6071428571428572,0,0,3.1822216282090823,1.4384471871911702,7.483184264445128,0,3,0.42857142857142855,0.375,4.0,4,4,0.3333333333333333,1,4,0.6666666666666666,0.03968253968253967,0.6363636363636364,0.3971022283024506,0.12232227107960329,2,0,0,1.0,1.5714285714285714,2,2,1,5.468243914652199
Barabasi_Albert,BA_10_w_9_nodes_d_2,src/graph_reconstruct_attacks/data/Barabasi_Albert/BA_10_w_9_nodes_d_2,0,9,14,0.3888888888888889,3.111111111111111,1.5947444549341472,2,7,1.6577427265048887,0.5264550264550265,0.36585365853658536,-0.4358974358974369,1,1,1.0,3,1.6944444444444444,0,0,3.6782849367911985,0.9432753881468349,9.579360204616043,0,7,0.875,0.7777777777777778,2.7142857142857144,2,4,0.23809523809523808,5,12,0.42857142857142855,0.5595238095238094,0.8888888888888888,0.5675156715395241,0.2341327542347173,2,0,0,1.0,1.125,2,1,1,6.073366374249938
Barabasi_Albert,BA_11_w_10_nodes_d_2,src/graph_reconstruct_attacks/data/Barabasi_Albert/BA_11_w_10_nodes_d_2,0,10,16,0.35555555555555557,3.2,1.8330302779823358,1,7,2.3219280948873626,0.48857142857142855,0.34615384615384615,-0.5151515151515151,1,1,1.0,3,1.7777777777777777,1,1,3.9330945396934665,0.7970635631083568,11.810653447129246,0,6,0.6666666666666666,0.6,3.0,1,7,0.26666666666666666,4,10,0.47619047619047616,0.33333333333333326,0.75,0.44996312961102425,0.1840550906883094,2,1,1,1.0,1.3333333333333333,2,1,1,8.405153089434915
Barabasi_Albert,BA_11_w_10_nodes_d_3,src/graph_reconstruct_attacks/data/Barabasi_Albert/BA_11_w_10_nodes_d_3,0,10,21,0.4666666666666667,4.2,1.8867962264113207,1,8,1.9609640474436814,0.5952380952380952,0.5294117647058824,-0.4133412745681949,1,1,1.0,3,1.5555555555555556,1,1,4.830886940486904,0.975372410352448,12.576762279339954,0,8,0.8888888888888888,0.8,3.875,1,7,0.35714285714285715,10,18,0.5,0.38194444444444436,0.9,0.47679970937705174,0.18528184518541843,3,1,1,1.0,1.1111111111111112,2,1,1,9.36376040427669
Barabasi_Albert,BA_11_w_11_nodes_d_2,src/graph_reconstruct_attacks/data/Barabasi_Albert/BA_11_w_11_nodes_d_2,0,11,18,0.32727272727272727,3.272727272727273,1.6006197146962735,1,6,2.1180782093497093,0.4393939393939394,0.32727272727272727,-0.30401034928848786,1,1,1.0,3,1.8727272727272728,1,1,3.9285234939655713,0.7990136986807819,14.158602817677263,0,5,0.5,0.45454545454545453,3.4,1,6,0.2,2,7,0.4666666666666667,0.29074074074074074,0.6666666666666666,0.36947609149316324,0.13906517031454763,2,1,1,1.0,1.5,2,3,1,10.86335979764525
Barabasi_Albert,BA_11_w_11_nodes_d_3,src/graph_reconstruct_attacks/data/Barabasi_Albert/BA_11_w_11_nodes_d_3,0,11,24,0.43636363636363634,4.363636363636363,1.7200807207658637,1,7,2.1180782093497093,0.46753246753246747,0.4329896907216495,-0.3224125093075192,1,1,1.0,3,1.6545454545454545,1,1,4.938347479746298,0.8511820594365924,15.395953272199742,0,5,0.5,0.45454545454545453,4.8,1,7,0.3,3,8,0.5333333333333333,0.2203703703703704,0.6666666666666666,0.3056862382995549,0.10967025165481824,3,1,1,1.0,1.5,2,4,2,12.387098213094996
Barabasi_Albert,BA_11_w_12_nodes_d_2,src/graph_reconstruct_attacks/data/Barabasi_Albert/BA_11_w_12_nodes_d_2,0,12,20,0.30303030303030304,3.3333333333333335,1.5456030825826172,1,6,2.3553885422075336,0.3111111111111111,0.29508196721311475,-0.21071012805588094,1,1,1.0,3,1.9242424242424243,1,1,3.9779672343044807,0.8258933584892665,16.60917987984748,0,5,0.45454545454545453,0.4166666666666667,4.2,1,6,0.3,3,8,0.5333333333333333,0.2333333333333333,0.6470588235294118,0.40692449436899336,0.122082793150734,2,1,1,1.0,1.5454545454545454,2,3,3,13.075536031843507
Barabasi_Albert,BA_11_w_12_nodes_d_3,src/graph_reconstruct_attacks/data/Barabasi_Albert/BA_11_w_12_nodes_d_3,0,12,27,0.4090909090909091,4.5,1.5545631755148024,2,7,2.4591479170272446,0.3829365079365079,0.3853211009174312,-0.2104004781829047,1,1,1.0,3,1.6515151515151516,0,0,5.0031554635411055,1.6158168254195824,18.389306321728604,0,5,0.45454545454545453,0.4166666666666667,4.8,2,7,0.3,3,8,0.5333333333333333,0.10584415584415584,0.6470588235294118,0.29057090226979215,0.09269425048588428,3,0,0,1.0,1.5454545454545454,2,3,1,15.114228431731151
Barabasi_Albert,BA_11_w_7_nodes_d_2,src/graph_reconstruct_attacks/data/Barabasi_Albert/BA_11_w_7_nodes_d_2,0,7,10,0.47619047619047616,2.857142857142857,0.8329931278350429,2,4,1.5566567074628228,0.4047619047619047,0.42857142857142855,-0.15942028985506812,1,1,1.0,3,1.5714285714285714,0,0,3.1085199596996995,1.097886967409691,5.547425160699821,0,3,0.5,0.42857142857142855,3.0,2,4,0.3333333333333333,1,4,0.6666666666666666,0.16666666666666666,0.6666666666666666,0.36609519614124947,0.1497551159886182,2,0,0,1.0,1.5,2,2,1,3.808548551240405
Barabasi_Albert,BA_11_w_8_nodes_d_2,src/graph_reconstruct_attacks/data/Barabasi_Albert/BA_11_w_8_nodes_d_2,0,8,12,0.42857142857142855,3.0,1.0,2,5,1.811278124459133,0.32916666666666666,0.32142857142857145,-0.3170731707317098,1,1,1.0,3,1.6071428571428572,0,0,3.289149860119616,1.273922474158799,7.483184264445128,0,5,0.7142857142857143,0.625,2.8,2,4,0.3,3,8,0.5333333333333333,0.2857142857142857,0.7777777777777778,0.5238354443120528,0.1973049206462048,2,0,0,1.0,1.2857142857142858,2,1,1,5.065505023098389
Barabasi_Albert,BA_11_w_9_nodes_d_2,src/graph_reconstruct_attacks/data/Barabasi_Albert/BA_11_w_9_nodes_d_2,0,9,14,0.3888888888888889,3.111111111111111,1.523478800089121,2,7,1.7527152789797045,0.582010582010582,0.375,-0.3922651933701657,1,1,1.0,3,1.6944444444444444,0,1,3.6139991805792273,0.8510972885743417,9.579360204616043,0,7,0.875,0.7777777777777778,2.7142857142857144,2,4,0.23809523809523808,5,12,0.42857142857142855,0.6190476190476191,0.8888888888888888,0.5744375498093729,0.23422316969788412,2,1,0,1.0,1.125,2,1,1,6.073366374249938
Barabasi_Albert,BA_12_w_10_nodes_d_2,src/graph_reconstruct_attacks/data/Barabasi_Albert/BA_12_w_10_nodes_d_2,0,10,16,0.35555555555555557,3.2,1.7776388834631178,1,7,2.0464393446710156,0.621904761904762,0.4117647058823529,-0.42120343839541546,1,1,1.0,3,1.7777777777777777,1,1,3.9054304781736726,0.8254505341387584,11.810653447129246,0,6,0.6666666666666666,0.6,3.1666666666666665,1,7,0.26666666666666666,4,10,0.47619047619047616,0.38425925925925924,0.75,0.4559610689721712,0.18236347275314913,2,1,1,1.0,1.3333333333333333,2,1,1,8.405153089434915
Barabasi_Albert,BA_12_w_10_nodes_d_3,src/graph_reconstruct_attacks/data/Barabasi_Albert/BA_12_w_10_nodes_d_3,0,10,21,0.4666666666666667,4.2,1.32664991614216,2,6,2.1709505944546685,0.5933333333333334,0.47368421052631576,-0.3457526080476878,1,1,1.0,3,1.5777777777777777,0,0,4.536770950889565,1.496942475560061,12.576762279339954,0,5,0.5555555555555556,0.5,4.4,2,6,0.4,4,9,0.6,0.13657407407407404,0.6923076923076923,0.3436412575557187,0.11806893501523362,3,0,0,1.0,1.4444444444444444,2,3,2,9.863790938460564
Barabasi_Albert,BA_12_w_11_nodes_d_2,src/graph_reconstruct_attacks/data/Barabasi_Albert/BA_12_w_11_nodes_d_2,0,11,18,0.32727272727272727,3.272727272727273,1.4200453956193917,1,6,2.4130884364257574,0.2424242424242424,0.23076923076923078,-0.36184210526315985,1,1,1.0,3,1.8545454545454545,1,1,3.781103731867889,0.8665205719105284,14.158602817677263,0,6,0.6,0.5454545454545454,3.0,1,5,0.13333333333333333,2,8,0.38095238095238093,0.41111111111111115,0.7142857142857143,0.42871842205781274,0.16451360915075333,2,1,1,1.0,1.4,2,1,1,10.458789210074194
Barabasi_Albert,BA_12_w_11_nodes_d_3,src/graph_reconstruct_attacks/data/Barabasi_Albert/BA_12_w_11_nodes_d_3,0,11,24,0.43636363636363634,4.363636363636363,1.610913195151759,2,7,2.2998963911678914,0.42251082251082245,0.3473684210526316,-0.3803019410496046,1,1,1.0,3,1.6,0,0,4.8192648862397025,1.72768618161624,15.395953272199742,0,7,0.7,0.6363636363636364,4.571428571428571,2,6,0.38095238095238093,8,15,0.5357142857142857,0.1677777777777778,0.7692307692307693,0.4358547376173104,0.1393388584553782,3,0,0,1.0,1.3,2,1,1,12.042602523649927
Barabasi_Albert,BA_12_w_12_nodes_d_2,src/graph_reconstruct_attacks/data/Barabasi_Albert/BA_12_w_12_nodes_d_2,0,12,20,0.30303030303030304,3.3333333333333335,1.6499158227686108,2,7,1.9508257945180887,0.16111111111111112,0.09523809523809523,-0.6631726065688328,1,1,1.0,3,1.8333333333333333,0,0,3.8364851242067806,1.0477616781264465,16.60917987984748,0,6,0.5454545454545454,0.5,2.8333333333333335,2,5,0.06666666666666667,1,7,0.3333333333333333,0.21515151515151512,0.6470588235294118,0.42644506992444314,0.14248128223612244,2,0,0,1.0,1.5454545454545454,3,1,1,12.638843434179455
Barabasi_Albert,BA_12_w_12_nodes_d_3,src/graph_reconstruct_attacks/data/Barabasi_Albert/BA_12_w_12_nodes_d_3,0,12,27,0.4090909090909091,4.5,2.0207259421636903,3,8,1.780672129520887,0.523015873015873,0.42857142857142855,-0.322766570605186,1,1,1.0,3,1.6363636363636365,0,0,5.2144098028505805,1.6919785205197435,18.389306321728604,0,8,0.7272727272727273,0.6666666666666666,4.625,3,8,0.35714285714285715,10,18,0.5,0.22454545454545452,0.7857142857142857,0.4260692616348778,0.1407482833237433,3,0,0,1.0,1.2727272727272727,2,2,2,14.448050940791438
Barabasi_Albert,BA_12_w_7_nodes_d_2,src/graph_reconstruct_attacks/data/Barabasi_Albert/BA_12_w_7_nodes_d_2,0,7,10,0.47619047619047616,2.857142857142857,1.1248582677159729,2,5,1.6644977792004614,0.5666666666666667,0.391304347826087,-0.52317880794702,1,1,1.0,2,1.5238095238095237,0,0,3.1488424958438195,1.3009883298293705,5.547425160699821,0,5,0.8333333333333334,0.7142857142857143,2.6,2,4,0.3,3,8,0.5333333333333333,0.4,0.8571428571428571,0.5539370821456413,0.23776829947045924,2,0,0,1.0,1.1666666666666667,2,1,1,3.4775553321989814
Barabasi_Albert,BA_12_w_8_nodes_d_2,src/graph_reconstruct_attacks/data/Barabasi_Albert/BA_12_w_8_nodes_d_2,0,8,12,0.42857142857142855,3.0,1.4142135623730951,1,5,2.1556390622295662,0.6083333333333333,0.46875,-0.43076923076923235,1,1,1.0,3,1.6785714285714286,1,1,3.5075135381457265,0.87715955713473,7.483184264445128,0,5,0.7142857142857143,0.625,3.0,1,5,0.3,3,8,0.5333333333333333,0.4126984126984126,0.7777777777777778,0.47725090345697685,0.20410607755078508,2,1,1,1.0,1.2857142857142858,2,2,1,5.065505023098389
Barabasi_Albert,BA_12_w_9_nodes_d_2,src/graph_reconstruct_attacks/data/Barabasi_Albert/BA_12_w_9_nodes_d_2,0,9,14,0.3888888888888889,3.111111111111111,1.3698697784375504,1,5,2.197159723424149,0.36296296296296293,0.3157894736842105,-0.37254901960784226,1,1,1.0,3,1.75,1,1,3.606418675690511,0.8501137049591725,9.579360204616043,0,5,0.625,0.5555555555555556,3.0,1,5,0.2,2,7,0.4666666666666667,0.3571428571428571,0.7272727272727273,0.43032666506952805,0.17681922280097298,2,1,1,1.0,1.375,2,2,1,6.839283168216569
Barabasi_Albert,BA_13_w_10_nodes_d_2,src/graph_reconstruct_attacks/data/Barabasi_Albert/BA_13_w_10_nodes_d_2,0,10,16,0.35555555555555557,3.2,1.32664991614216,2,5,1.6854752972273344,0.22666666666666666,0.20454545454545456,-0.5714285714285714,1,1,1.0,3,1.7777777777777777,0,0,3.6081489681247243,1.177593146826248,11.810653447129246,0,5,0.5555555555555556,0.5,2.8,2,5,0.2,2,7,0.4666666666666667,0.19166666666666668,0.6,0.41707813418022416,0.15046505042350233,2,0,0,1.0,1.6666666666666667,3,3,1,8.778733752247508
Barabasi_Albert,BA_13_w_10_nodes_d_3,src/graph_reconstruct_attacks/data/Barabasi_Albert/BA_13_w_10_nodes_d_3,0,10,21,0.4666666666666667,4.2,1.8330302779823358,2,8,2.321928094887362,0.5769047619047619,0.42857142857142855,-0.4482758620689656,1,1,1.0,2,1.5333333333333334,0,0,4.742469897164071,1.8946821402321499,12.576762279339954,0,8,0.8888888888888888,0.8,3.75,2,7,0.32142857142857145,9,17,0.4722222222222222,0.3171296296296296,0.9,0.4777813252914612,0.18172213388841,3,0,0,1.0,1.1111111111111112,2,1,1,9.36376040427669
Barabasi_Albert,BA_13_w_11_nodes_d_2,src/graph_reconstruct_attacks/data/Barabasi_Albert/BA_13_w_11_nodes_d_2,0,11,18,0.32727272727272727,3.272727272727273,1.7627926754241194,2,8,1.9717472571281807,0.470995670995671,0.3103448275862069,-0.3649815043156599,1,1,1.0,3,1.7818181818181817,0,0,3.9398786004377007,1.1280812660200126,14.158602817677263,0,8,0.8,0.7272727272727273,3.0,2,5,0.21428571428571427,6,14,0.3888888888888889,0.49259259259259247,0.8333333333333334,0.5617651792173235,0.20622884233443114,2,0,0,1.0,1.2,2,1,1,9.503816179887517
Barabasi_Albert,BA_13_w_11_nodes_d_3,src/graph_reconstruct_attacks/data/Barabasi_Albert/BA_13_w_11_nodes_d_3,0,11,24,0.43636363636363634,4.363636363636363,1.2984415324623362,3,7,2.1180782093497093,0.3939393939393939,0.4,-0.195402298850576,1,1,1.0,3,1.6181818181818182,0,0,4.730828078074601,1.7099119691936642,15.395953272199742,0,7,0.7,0.6363636363636364,4.142857142857143,3,6,0.3333333333333333,7,14,0.5,0.21037037037037037,0.7692307692307693,0.4356582219793392,0.13882349293352053,3,0,0,1.0,1.3,2,1,1,12.042602523649927
Barabasi_Albert,BA_13_w_12_nodes_d_2,src/graph_reconstruct_attacks/data/Barabasi_Albert/BA_13_w_12_nodes_d_2,0,12,20,0.30303030303030304,3.3333333333333335,1.699673171197595,1,7,2.355388542207534,0.30992063492063493,0.28125,-0.23867069486404838,1,1,1.0,3,1.893939393939394,1,1,4.087606263258723,0.8475295888807653,16.60917987984748,0,6,0.5454545454545454,0.5,3.6666666666666665,1,7,0.26666666666666666,4,10,0.47619047619047616,0.2636363636363636,0.6875,0.4439260503775203,0.14461212952223473,2,1,1,1.0,1.4545454545454546,2,1,1,12.638843434179455
Barabasi_Albert,BA_13_w_12_nodes_d_3,src/graph_reconstruct_attacks/data/Barabasi_Albert/BA_13_w_12_nodes_d_3,0,12,27,0.4090909090909091,4.5,2.29128784747792,2,11,2.3553885422075336,0.6325757575757576,0.42857142857142855,-0.4069264069264067,1,1,1.0,2,1.5909090909090908,0,0,5.249495116238829,1.6099675139316014,18.389306321728604,0,11,1.0,0.9166666666666666,3.909090909090909,2,6,0.2909090909090909,16,27,0.4090909090909091,0.45303030303030295,1.0,0.526526670292748,0.19080147726299798,3,0,0,1.0,1.0,1,1,1,13.473476040515532
Barabasi_Albert,BA_13_w_7_nodes_d_2,src/graph_reconstruct_attacks/data/Barabasi_Albert/BA_13_w_7_nodes_d_2,0,7,10,0.47619047619047616,2.857142857142857,1.124858267715973,2,5,1.6644977792004614,0.4714285714285714,0.391304347826087,-0.3907284768211922,1,1,1.0,3,1.5714285714285714,0,0,3.1909474311511414,1.1105327602214765,5.547425160699821,0,2,0.3333333333333333,0.2857142857142857,3.0,2,4,0,0,2,0.6666666666666666,0.03333333333333333,0.5454545454545454,0.22408693232173665,0.10831170662828109,2,0,0,1.0,1.8333333333333333,3,4,2,3.808548551240405
Barabasi_Albert,BA_13_w_8_nodes_d_2,src/graph_reconstruct_attacks/data/Barabasi_Albert/BA_13_w_8_nodes_d_2,0,8,12,0.42857142857142855,3.0,1.3228756555322954,2,6,1.75,0.4708333333333333,0.3870967741935484,-0.3487031700288195,1,1,1.0,3,1.6785714285714286,0,0,3.4536977466583485,0.9408699016486907,7.483184264445128,0,6,0.8571428571428571,0.75,2.6666666666666665,2,4,0.26666666666666666,4,10,0.47619047619047616,0.5158730158730158,0.875,0.5604170300727196,0.23521305492904143,2,0,0,1.0,1.1428571428571428,2,1,1,4.734511804056966
Barabasi_Albert,BA_13_w_9_nodes_d_2,src/graph_reconstruct_attacks/data/Barabasi_Albert/BA_13_w_9_nodes_d_2,0,9,14,0.3888888888888889,3.111111111111111,1.9116278371205837,1,7,2.0588138903312014,0.6539682539682539,0.391304347826087,-0.6399132321041211,1,1,1.0,3,1.6666666666666667,1,1,3.844208737369616,0.8718745542426399,9.579360204616043,0,6,0.75,0.6666666666666666,2.8333333333333335,1,7,0.26666666666666666,4,10,0.47619047619047616,0.3571428571428571,0.8,0.47136420635404347,0.20931497333770835,2,1,1,1.0,1.25,2,1,1,6.4924956819919135
Barabasi_Albert,BA_14_w_10_nodes_d_2,src/graph_reconstruct_attacks/data/Barabasi_Albert/BA_14_w_10_nodes_d_2,0,10,16,0.35555555555555557,3.2,1.5362291495737217,1,6,2.1709505944546685,0.4333333333333333,0.3191489361702128,-0.4497528830313015,1,1,1.0,3,1.8,1,1,3.7575331198306405,0.7845694258772083,11.810653447129246,0,6,0.6666666666666666,0.6,3.1666666666666665,1,5,0.26666666666666666,4,10,0.47619047619047616,0.41898148148148145,0.75,0.4825645922570151,0.18155120765834898,2,1,1,1.0,1.3333333333333333,2,1,1,8.405153089434915
Barabasi_Albert,BA_14_w_10_nodes_d_3,src/graph_reconstruct_attacks/data/Barabasi_Albert/BA_14_w_10_nodes_d_3,0,10,21,0.4666666666666667,4.2,1.8330302779823358,2,8,2.3219280948873626,0.6238095238095238,0.4642857142857143,-0.45977011494252884,1,1,1.0,2,1.5333333333333334,0,0,4.740811009827544,1.8820657395204885,12.576762279339954,0,8,0.8888888888888888,0.8,3.875,2,7,0.35714285714285715,10,18,0.5,0.2777777777777778,0.9,0.48774509722101633,0.18083916314931517,3,0,0,1.0,1.1111111111111112,2,1,1,9.36376040427669
Barabasi_Albert,BA_14_w_11_nodes_d_2,src/graph_reconstruct_attacks/data/Barabasi_Albert/BA_14_w_11_nodes_d_2,0,11,18,0.32727272727272727,3.272727272727273,1.4200453956193917,2,6,2.0403733936884962,0.3181818181818182,0.23076923076923078,-0.43296089385474823,1,1,1.0,3,1.8181818181818181,0,0,3.7230083320326512,1.198031752626369,14.158602817677263,0,4,0.4,0.36363636363636365,4.0,2,6,0.3333333333333333,2,6,0.6,0.10814814814814815,0.625,0.36626548423920263,0.10751728820271063,2,0,0,1.0,1.6,2,1,1,11.222381740286911
Barabasi_Albert,BA_14_w_11_nodes_d_3,src/graph_reconstruct_attacks/data/Barabasi_Albert/BA_14_w_11_nodes_d_3,0,11,24,0.43636363636363634,4.363636363636363,1.6663911618021234,3,8,2.0403733936884962,0.41558441558441556,0.40625,-0.2142857142857159,1,1,1.0,3,1.6181818181818182,0,0,4.904570122111652,1.6220214812994616,15.395953272199742,0,8,0.8,0.7272727272727273,4.25,3,7,0.35714285714285715,10,18,0.5,0.2685185185185185,0.8333333333333334,0.4687670900901502,0.1572812221605752,3,0,0,1.0,1.2,2,1,1,11.810653447129246
Barabasi_Albert,BA_14_w_12_nodes_d_2,src/graph_reconstruct_attacks/data/Barabasi_Albert/BA_14_w_12_nodes_d_2,0,12,20,0.30303030303030304,3.3333333333333335,1.3743685418725535,2,6,2.117492461184755,0.3277777777777778,0.20689655172413793,-0.48241206030150696,1,1,1.0,4,1.9090909090909092,0,0,3.7565970982669037,0.8740110955581313,16.60917987984748,0,6,0.5454545454545454,0.5,2.8333333333333335,2,5,0.2,3,9,0.42857142857142855,0.22424242424242422,0.6111111111111112,0.42422933267148843,0.14422956257630629,2,0,0,1.0,1.6363636363636365,3,1,1,12.638843434179455
Barabasi_Albert,BA_14_w_12_nodes_d_3,src/graph_reconstruct_attacks/data/Barabasi_Albert/BA_14_w_12_nodes_d_3,0,12,27,0.4090909090909091,4.5,1.848422751068236,1,8,2.6258145836939115,0.4140873015873016,0.41739130434782606,-0.30565693430656904,1,1,1.0,3,1.6515151515151516,1,1,5.135928995955176,0.947314970557108,18.389306321728604,0,8,0.7272727272727273,0.6666666666666666,4.375,1,7,0.32142857142857145,9,17,0.4722222222222222,0.2843434343434343,0.7857142857142857,0.42601640138743724,0.1453743082889265,3,1,1,1.0,1.2727272727272727,2,1,1,14.448050940791438
Barabasi_Albert,BA_14_w_7_nodes_d_2,src/graph_reconstruct_attacks/data/Barabasi_Albert/BA_14_w_7_nodes_d_2,0,7,10,0.47619047619047616,2.857142857142857,1.456862718169367,2,6,1.1488348542809166,0.8238095238095238,0.46153846153846156,-0.578947368421052,1,1,1.0,2,1.5238095238095237,0,1,3.3010412247683383,1.0000000000000002,5.547425160699821,0,6,1.0,0.8571428571428571,2.3333333333333335,2,4,0.26666666666666666,4,10,0.47619047619047616,0.6333333333333333,1.0,0.5867818801950018,0.2845540406960493,2,1,0,1.0,1.0,1,1,1,3.135132651376774
Barabasi_Albert,BA_14_w_8_nodes_d_2,src/graph_reconstruct_attacks/data/Barabasi_Albert/BA_14_w_8_nodes_d_2,0,8,12,0.42857142857142855,3.0,1.224744871391589,2,5,1.5,0.36666666666666664,0.3,-0.4285714285714289,1,1,1.0,3,1.6428571428571428,0,0,3.380646526877297,1.201542903064528,7.483184264445128,0,5,0.7142857142857143,0.625,3.0,2,5,0.3,3,8,0.5333333333333333,0.27777777777777773,0.7777777777777778,0.5165563094312463,0.1972686247318774,2,0,0,1.0,1.2857142857142858,2,2,2,5.065505023098389
Barabasi_Albert,BA_14_w_9_nodes_d_2,src/graph_reconstruct_attacks/data/Barabasi_Albert/BA_14_w_9_nodes_d_2,0,9,14,0.3888888888888889,3.111111111111111,1.7916128329552334,1,7,2.2810361125534233,0.644973544973545,0.4090909090909091,-0.5435897435897453,1,1,1.0,3,1.6666666666666667,1,1,3.7899794883898545,0.9503806241118672,9.579360204616043,0,7,0.875,0.7777777777777778,2.7142857142857144,1,5,0.23809523809523808,5,12,0.42857142857142855,0.5416666666666666,0.8888888888888888,0.5381779490349698,0.23986112421313008,2,1,1,1.0,1.125,2,1,1,6.073366374249938
Barabasi_Albert,BA_15_w_10_nodes_d_2,src/graph_reconstruct_attacks/data/Barabasi_Albert/BA_15_w_10_nodes_d_2,0,10,16,0.35555555555555557,3.2,1.4696938456699067,2,6,1.5219280948873621,0.44666666666666666,0.32608695652173914,-0.3333333333333333,1,1,1.0,3,1.7777777777777777,0,0,3.713941452649125,1.0088669831156165,11.810653447129246,0,6,0.6666666666666666,0.6,3.0,2,6,0.2,3,9,0.42857142857142855,0.3703703703703703,0.75,0.4778228920609461,0.17805769929931645,2,0,0,1.0,1.3333333333333333,2,2,1,8.405153089434915
Barabasi_Albert,BA_15_w_10_nodes_d_3,src/graph_reconstruct_attacks/data/Barabasi_Albert/BA_15_w_10_nodes_d_3,0,10,21,0.4666666666666667,4.2,1.6,2,8,2.1709505944546685,0.6257142857142857,0.4875,-0.31344356578001625,1,1,1.0,3,1.5555555555555556,0,0,4.6604438783906215,1.4758907782867092,12.576762279339954,0,8,0.8888888888888888,0.8,3.875,2,5,0.35714285714285715,10,18,0.5,0.3611111111111111,0.9,0.49569508848544325,0.18081122830878082,3,0,0,1.0,1.1111111111111112,2,1,1,9.36376040427669
Barabasi_Albert,BA_15_w_11_nodes_d_2,src/graph_reconstruct_attacks/data/Barabasi_Albert/BA_15_w_11_nodes_d_2,0,11,18,0.32727272727272727,3.272727272727273,1.4200453956193917,2,6,2.0403733936884962,0.28787878787878785,0.28846153846153844,-0.4078212290502798,1,1,1.0,3,1.8,0,0,3.7867033797669447,0.9967289750567999,14.158602817677263,0,6,0.6,0.5454545454545454,2.6666666666666665,2,5,0.13333333333333333,2,8,0.38095238095238093,0.3314814814814815,0.7142857142857143,0.41146134292925757,0.16093481683043148,2,0,0,1.0,1.4,2,1,1,10.458789210074194
Barabasi_Albert,BA_15_w_11_nodes_d_3,src/graph_reconstruct_attacks/data/Barabasi_Albert/BA_15_w_11_nodes_d_3,0,11,24,0.43636363636363634,4.363636363636363,1.6663911618021234,3,7,1.6858157091530304,0.47835497835497837,0.40625,-0.3472222222222226,1,1,1.0,3,1.5818181818181818,0,0,4.851314818614049,1.9475074136779564,15.395953272199742,0,7,0.7,0.6363636363636364,4.428571428571429,3,7,0.38095238095238093,8,15,0.5357142857142857,0.15952380952380954,0.7692307692307693,0.4301399834788298,0.13902784443383043,3,0,0,1.0,1.3,2,2,2,12.042602523649927
Barabasi_Albert,BA_15_w_12_nodes_d_2,src/graph_reconstruct_attacks/data/Barabasi_Albert/BA_15_w_12_nodes_d_2,0,12,20,0.30303030303030304,3.3333333333333335,1.5986105077709065,2,7,1.9591479170272446,0.4035714285714285,0.2903225806451613,-0.42394822006472505,1,1,1.0,3,1.9090909090909092,0,0,3.902036788309786,0.8226745158856316,16.60917987984748,0,4,0.36363636363636365,0.3333333333333333,4.75,2,7,0.3333333333333333,2,6,0.6,0.1303030303030303,0.6111111111111112,0.3623696007541628,0.0961108715917456,2,0,0,1.0,1.6363636363636365,2,2,2,13.473476040515532
Barabasi_Albert,BA_15_w_12_nodes_d_3,src/graph_reconstruct_attacks/data/Barabasi_Albert/BA_15_w_12_nodes_d_3,0,12,27,0.4090909090909091,4.5,2.4324199198877374,1,11,2.054585169337799,0.5825757575757575,0.46153846153846156,-0.43256198347107405,1,1,1.0,2,1.5909090909090908,1,1,5.390068703178514,0.9999999999999958,18.389306321728604,0,11,1.0,0.9166666666666666,3.909090909090909,1,6,0.2909090909090909,16,27,0.4090909090909091,0.47727272727272724,1.0,0.508083551693591,0.195087836458697,3,1,1,1.0,1.0,1,1,1,13.473476040515532
Barabasi_Albert,BA_15_w_7_nodes_d_2,src/graph_reconstruct_attacks/data/Barabasi_Albert/BA_15_w_7_nodes_d_2,0,7,10,0.47619047619047616,2.857142857142857,0.8329931278350429,2,4,1.5566567074628228,0.2857142857142857,0.2857142857142857,-0.30434782608696004,1,1,1.0,3,1.5714285714285714,0,0,3.0637394413869368,1.3358329518129155,5.547425160699821,0,4,0.6666666666666666,0.5714285714285714,2.75,2,4,0.3333333333333333,2,6,0.6,0.2222222222222222,0.75,0.4895307936308952,0.19278938891171582,2,0,0,1.0,1.3333333333333333,2,2,2,3.6994040818153366
Barabasi_Albert,BA_15_w_8_nodes_d_2,src/graph_reconstruct_attacks/data/Barabasi_Albert/BA_15_w_8_nodes_d_2,0,8,12,0.42857142857142855,3.0,1.4142135623730951,1,5,2.1556390622295662,0.42916666666666664,0.375,-0.4769230769230788,1,1,1.0,3,1.6428571428571428,1,1,3.4998269665002564,0.8859290894157109,7.483184264445128,0,5,0.7142857142857143,0.625,3.0,1,5,0.3,3,8,0.5333333333333333,0.373015873015873,0.7777777777777778,0.4801759377592794,0.20391613205698994,2,1,1,1.0,1.2857142857142858,2,2,2,5.065505023098389
Barabasi_Albert,BA_15_w_9_nodes_d_2,src/graph_reconstruct_attacks/data/Barabasi_Albert/BA_15_w_9_nodes_d_2,0,9,14,0.3888888888888889,3.111111111111111,1.3698697784375504,2,6,1.7527152789797045,0.5,0.3157894736842105,-0.41772151898734294,1,1,1.0,3,1.6944444444444444,0,0,3.533995955748,1.015466494992437,9.579360204616043,0,6,0.75,0.6666666666666666,2.8333333333333335,2,5,0.2,3,9,0.42857142857142855,0.4404761904761904,0.8,0.5188660914887157,0.20300633144079916,2,0,0,1.0,1.25,2,1,1,6.4924956819919135
Barabasi_Albert,BA_16_w_10_nodes_d_2,src/graph_reconstruct_attacks/data/Barabasi_Albert/BA_16_w_10_nodes_d_2,0,10,16,0.35555555555555557,3.2,1.7776388834631178,1,7,2.1219280948873624,0.48857142857142855,0.35294117647058826,-0.4468980021030494,1,1,1.0,3,1.7555555555555555,1,1,3.918226901424924,0.8171205880550053,11.810653447129246,0,5,0.5555555555555556,0.5,3.6,1,7,0.3,3,8,0.5333333333333333,0.2731481481481481,0.6923076923076923,0.40834529482987814,0.15457724040031756,2,1,1,1.0,1.4444444444444444,2,2,2,8.778733752247508
Barabasi_Albert,BA_16_w_10_nodes_d_3,src/graph_reconstruct_attacks/data/Barabasi_Albert/BA_16_w_10_nodes_d_3,0,10,21,0.4666666666666667,4.2,1.1661903789690602,3,6,1.9219280948873623,0.4,0.40540540540540543,-0.16286644951140264,1,1,1.0,3,1.5555555555555556,0,0,4.509710570676135,1.7333713858598472,12.576762279339954,0,6,0.6666666666666666,0.6,4.0,3,5,0.3333333333333333,5,11,0.5238095238095238,0.1875,0.75,0.40536813963721874,0.13747990861508114,3,0,0,1.0,1.3333333333333333,2,2,2,9.745691626382566
Barabasi_Albert,BA_16_w_11_nodes_d_2,src/graph_reconstruct_attacks/data/Barabasi_Albert/BA_16_w_11_nodes_d_2,0,11,18,0.32727272727272727,3.272727272727273,1.052348809344566,2,5,1.9362600275315274,0.1575757575757576,0.19148936170212766,-0.13424657534246603,1,1,1.0,3,1.8545454545454545,0,0,3.6055828736211315,1.008563059178378,14.158602817677263,0,5,0.5,0.45454545454545453,3.4,2,5,0.2,2,7,0.4666666666666667,0.2611111111111111,0.6666666666666666,0.4262537729357932,0.13210290175315306,2,0,0,1.0,1.5,2,2,2,10.86335979764525
Barabasi_Albert,BA_16_w_11_nodes_d_3,src/graph_reconstruct_attacks/data/Barabasi_Albert/BA_16_w_11_nodes_d_3,0,11,24,0.43636363636363634,4.363636363636363,1.610913195151759,2,8,2.413088436425758,0.5536796536796537,0.4421052631578947,-0.28648004764740903,1,1,1.0,3,1.6363636363636365,0,0,4.844276542225099,1.4290345678871192,15.395953272199742,0,5,0.5,0.45454545454545453,4.8,2,8,0.4,4,9,0.6,0.11888888888888889,0.6666666666666666,0.3150256263687722,0.10396353284292471,3,0,0,1.0,1.5,2,3,1,12.387098213094996
Barabasi_Albert,BA_16_w_12_nodes_d_2,src/graph_reconstruct_attacks/data/Barabasi_Albert/BA_16_w_12_nodes_d_2,0,12,20,0.30303030303030304,3.3333333333333335,1.7480147469502525,2,8,1.7841591278514217,0.406547619047619,0.27692307692307694,-0.32266666666666677,1,1,1.0,3,1.8636363636363635,0,0,4.026670245373645,1.0262392164951752,16.60917987984748,0,8,0.7272727272727273,0.6666666666666666,3.125,2,5,0.17857142857142858,5,13,0.3611111111111111,0.47575757575757577,0.7857142857142857,0.5338183137860554,0.18587326823434092,2,0,0,1.0,1.2727272727272727,2,1,1,11.642197076187038
Barabasi_Albert,BA_16_w_12_nodes_d_3,src/graph_reconstruct_attacks/data/Barabasi_Albert/BA_16_w_12_nodes_d_3,0,12,27,0.4090909090909091,4.5,1.9790570145063195,3,10,1.9508257945180887,0.4981481481481482,0.4067796610169492,-0.30540363159046235,1,1,1.0,3,1.621212121212121,0,0,5.128763387727274,1.5488498623299007,18.389306321728604,0,10,0.9090909090909091,0.8333333333333334,4.1,3,7,0.3111111111111111,14,24,0.43636363636363634,0.3878787878787878,0.9166666666666666,0.508247745891614,0.17295712516867592,3,0,0,1.0,1.0909090909090908,2,1,1,13.834091726163757
Barabasi_Albert,BA_16_w_7_nodes_d_2,src/graph_reconstruct_attacks/data/Barabasi_Albert/BA_16_w_7_nodes_d_2,0,7,10,0.47619047619047616,2.857142857142857,1.5518257844571737,1,6,2.1280852788913944,0.6333333333333334,0.4444444444444444,-0.6494845360824744,1,1,1.0,2,1.5238095238095237,1,1,3.3769236292453786,1.0,5.547425160699821,0,6,1.0,0.8571428571428571,2.3333333333333335,1,4,0.26666666666666666,4,10,0.47619047619047616,0.6,1.0,0.571901298208745,0.2886529329301885,2,1,1,1.0,1.0,1,1,1,3.135132651376774
Barabasi_Albert,BA_16_w_8_nodes_d_2,src/graph_reconstruct_attacks/data/Barabasi_Albert/BA_16_w_8_nodes_d_2,0,8,12,0.42857142857142855,3.0,1.3228756555322954,2,6,1.75,0.49166666666666664,0.3870967741935484,-0.3487031700288195,1,1,1.0,3,1.6428571428571428,0,0,3.4357655632575703,1.0623315792236636,7.483184264445128,0,6,0.8571428571428571,0.75,2.6666666666666665,2,4,0.26666666666666666,4,10,0.47619047619047616,0.492063492063492,0.875,0.5603550048601438,0.23554419320284076,2,0,0,1.0,1.1428571428571428,2,1,1,4.734511804056966
Barabasi_Albert,BA_16_w_9_nodes_d_2,src/graph_reconstruct_attacks/data/Barabasi_Albert/BA_16_w_9_nodes_d_2,0,9,14,0.3888888888888889,3.111111111111111,1.4487116456005884,2,6,1.8799649487271108,0.36666666666666664,0.3076923076923077,-0.35757575757575827,1,1,1.0,3,1.7222222222222223,0,0,3.631679668445888,1.0457939156791352,9.579360204616043,0,6,0.75,0.6666666666666666,3.0,2,5,0.26666666666666666,4,10,0.47619047619047616,0.380952380952381,0.8,0.5239367964180724,0.20184658369638364,2,0,0,1.0,1.25,2,1,1,6.4924956819919135
Barabasi_Albert,BA_17_w_10_nodes_d_2,src/graph_reconstruct_attacks/data/Barabasi_Albert/BA_17_w_10_nodes_d_2,0,10,16,0.35555555555555557,3.2,1.5362291495737217,2,6,1.5709505944546687,0.42000000000000004,0.3191489361702128,-0.3190839694656489,1,1,1.0,3,1.8,0,0,3.7945012894780854,1.0196122222062516,11.810653447129246,0,6,0.6666666666666666,0.6,3.3333333333333335,2,5,0.26666666666666666,4,10,0.47619047619047616,0.3611111111111111,0.75,0.4917160311290921,0.17686664887359313,2,0,0,1.0,1.3333333333333333,2,1,1,8.405153089434915
Barabasi_Albert,BA_17_w_10_nodes_d_3,src/graph_reconstruct_attacks/data/Barabasi_Albert/BA_17_w_10_nodes_d_3,0,10,21,0.4666666666666667,4.2,1.6613247725836149,2,7,2.5219280948873624,0.4519047619047619,0.4074074074074074,-0.400000000000001,1,1,1.0,3,1.5777777777777777,0,0,4.712263798955388,1.6824390099281865,12.576762279339954,0,7,0.7777777777777778,0.7,3.857142857142857,2,6,0.2857142857142857,6,13,0.4642857142857143,0.2701388888888889,0.8181818181818182,0.4328440982279316,0.1612093922885234,3,0,0,1.0,1.2222222222222223,2,1,1,9.579360204616043
Barabasi_Albert,BA_17_w_11_nodes_d_2,src/graph_reconstruct_attacks/data/Barabasi_Albert/BA_17_w_11_nodes_d_2,0,11,18,0.32727272727272727,3.272727272727273,1.54277843167974,2,7,2.0403733936884962,0.312987012987013,0.2222222222222222,-0.5789473684210534,1,1,1.0,3,1.7454545454545454,0,0,3.7410597019231835,1.1938563592877576,14.158602817677263,0,3,0.3,0.2727272727272727,5.333333333333333,4,7,0.3333333333333333,1,4,0.6666666666666666,0.044444444444444446,0.5882352941176471,0.3233585408222006,0.08190213900162416,2,0,0,1.0,1.7,2,2,2,11.537652175065498
Barabasi_Albert,BA_17_w_11_nodes_d_3,src/graph_reconstruct_attacks/data/Barabasi_Albert/BA_17_w_11_nodes_d_3,0,11,24,0.43636363636363634,4.363636363636363,2.05703790890632,1,8,2.663532754804255,0.5783549783549783,0.49038461538461536,-0.41509433962264425,1,1,1.0,3,1.6363636363636365,1,1,5.131229512118754,0.9264861699787823,15.395953272199742,0,7,0.7,0.6363636363636364,4.285714285714286,1,8,0.3333333333333333,7,14,0.5,0.29703703703703704,0.7692307692307693,0.38030453988172896,0.14747201843122823,3,1,1,1.0,1.3,2,1,1,12.042602523649927
Barabasi_Albert,BA_17_w_12_nodes_d_2,src/graph_reconstruct_attacks/data/Barabasi_Albert/BA_17_w_12_nodes_d_2,0,12,20,0.30303030303030304,3.3333333333333335,1.5986105077709065,2,6,1.7924812503605778,0.39444444444444443,0.2903225806451613,-0.21863799283154123,1,1,1.0,3,1.9090909090909092,0,0,3.9946821318712518,0.9403909142837048,16.60917987984748,0,6,0.5454545454545454,0.5,3.5,2,6,0.2,3,9,0.42857142857142855,0.3242424242424242,0.6875,0.4205884433032363,0.14269633233362888,2,0,0,1.0,1.4545454545454546,2,2,1,12.638843434179455
Barabasi_Albert,BA_17_w_12_nodes_d_3,src/graph_reconstruct_attacks/data/Barabasi_Albert/BA_17_w_12_nodes_d_3,0,12,27,0.4090909090909091,4.5,2.4664414311581235,1,10,2.1258145836939115,0.5082671957671957,0.3893129770992366,-0.5359907120743042,1,1,1.0,3,1.606060606060606,1,1,5.40801571593114,0.9845056625640314,18.389306321728604,0,10,0.9090909090909091,0.8333333333333334,4.1,1,8,0.3111111111111111,14,24,0.43636363636363634,0.36424242424242415,0.9166666666666666,0.4761960454125487,0.17886477519930646,3,1,1,1.0,1.0909090909090908,2,1,1,13.834091726163757
Barabasi_Albert,BA_17_w_7_nodes_d_2,src/graph_reconstruct_attacks/data/Barabasi_Albert/BA_17_w_7_nodes_d_2,0,7,10,0.47619047619047616,2.857142857142857,0.9897433186107869,2,5,1.4488156357251847,0.5190476190476191,0.4090909090909091,-0.34920634920635113,1,1,1.0,3,1.5714285714285714,0,0,3.110705833978542,1.1886772560551706,5.547425160699821,0,5,0.8333333333333334,0.7142857142857143,2.6,2,3,0.3,3,8,0.5333333333333333,0.4444444444444444,0.8571428571428571,0.5640900135766476,0.2369456658711105,2,0,0,1.0,1.1666666666666667,2,1,1,3.4775553321989814
Barabasi_Albert,BA_17_w_8_nodes_d_2,src/graph_reconstruct_attacks/data/Barabasi_Albert/BA_17_w_8_nodes_d_2,0,8,12,0.42857142857142855,3.0,1.4142135623730951,1,5,2.1556390622295662,0.4291666666666667,0.375,-0.4769230769230788,1,1,1.0,3,1.6785714285714286,1,1,3.5062086854880636,0.8885003089529276,7.483184264445128,0,5,0.7142857142857143,0.625,2.8,1,5,0.2,2,7,0.4666666666666667,0.42857142857142855,0.7777777777777778,0.4532834538048562,0.20630700714828953,2,1,1,1.0,1.2857142857142858,2,2,1,5.065505023098389
Barabasi_Albert,BA_17_w_9_nodes_d_2,src/graph_reconstruct_attacks/data/Barabasi_Albert/BA_17_w_9_nodes_d_2,0,9,14,0.3888888888888889,3.111111111111111,1.7284832429004495,1,7,2.113283334294875,0.44126984126984126,0.3488372093023256,-0.474642392717816,1,1,1.0,3,1.7222222222222223,1,1,3.7803152353669063,0.9322280649355322,9.579360204616043,0,7,0.875,0.7777777777777778,2.7142857142857144,1,5,0.23809523809523808,5,12,0.42857142857142855,0.5476190476190476,0.8888888888888888,0.5479809367282656,0.23856350181484293,2,1,1,1.0,1.125,2,1,1,6.073366374249938
Barabasi_Albert,BA_18_w_10_nodes_d_2,src/graph_reconstruct_attacks/data/Barabasi_Albert/BA_18_w_10_nodes_d_2,0,10,16,0.35555555555555557,3.2,1.9390719429665315,1,8,2.321928094887362,0.6383333333333333,0.3888888888888889,-0.4586894586894587,1,1,1.0,3,1.7333333333333334,1,1,3.987975055374711,0.8175325294609521,11.810653447129246,0,5,0.5555555555555556,0.5,3.6,1,8,0.3,3,8,0.5333333333333333,0.2638888888888889,0.6923076923076923,0.39427722656273156,0.15513105913261155,2,1,1,1.0,1.4444444444444444,2,1,1,8.778733752247508
Barabasi_Albert,BA_18_w_10_nodes_d_3,src/graph_reconstruct_attacks/data/Barabasi_Albert/BA_18_w_10_nodes_d_3,0,10,21,0.4666666666666667,4.2,1.8867962264113207,1,8,1.9609640474436814,0.513095238095238,0.49411764705882355,-0.425848719475878,1,1,1.0,3,1.5555555555555556,1,1,4.838249393373907,0.9786709773478351,12.576762279339954,0,8,0.8888888888888888,0.8,3.75,1,7,0.32142857142857145,9,17,0.4722222222222222,0.38425925925925913,0.9,0.4679783951274197,0.18601334348572562,3,1,1,1.0,1.1111111111111112,2,1,1,9.36376040427669
Barabasi_Albert,BA_18_w_11_nodes_d_2,src/graph_reconstruct_attacks/data/Barabasi_Albert/BA_18_w_11_nodes_d_2,0,11,18,0.32727272727272727,3.272727272727273,1.2856486930664501,2,6,2.1180782093497093,0.10303030303030303,0.12,-0.2605863192182427,1,1,1.0,3,1.8545454545454545,0,0,3.6863848842822415,1.2308561788149361,14.158602817677263,0,6,0.6,0.5454545454545454,3.3333333333333335,2,5,0.13333333333333333,2,8,0.38095238095238093,0.3111111111111111,0.7142857142857143,0.488343108955888,0.1559360690885539,2,0,0,1.0,1.4,2,1,1,10.458789210074194
Barabasi_Albert,BA_18_w_11_nodes_d_3,src/graph_reconstruct_attacks/data/Barabasi_Albert/BA_18_w_11_nodes_d_3,0,11,24,0.43636363636363634,4.363636363636363,1.4937887931959075,2,7,2.481714572986073,0.5727272727272728,0.4838709677419355,-0.2839506172839523,1,1,1.0,3,1.6545454545454545,0,0,4.799140572443763,1.3670058884804317,15.395953272199742,0,7,0.7,0.6363636363636364,4.142857142857143,2,6,0.3333333333333333,7,14,0.5,0.27185185185185184,0.7692307692307693,0.4148557226253855,0.14048191957113934,3,0,0,1.0,1.3,2,1,1,12.042602523649927
Barabasi_Albert,BA_18_w_12_nodes_d_2,src/graph_reconstruct_attacks/data/Barabasi_Albert/BA_18_w_12_nodes_d_2,0,12,20,0.30303030303030304,3.3333333333333335,2.0138409955990957,2,9,1.7295739585136223,0.5722222222222222,0.29577464788732394,-0.41479099678456566,1,1,1.0,3,1.8333333333333333,0,0,4.142554266233892,1.0386051501510032,16.60917987984748,0,9,0.8181818181818182,0.75,2.888888888888889,2,5,0.16666666666666666,6,15,0.3333333333333333,0.5742424242424242,0.8461538461538461,0.5552033529966455,0.20972362269610473,2,0,0,1.0,1.1818181818181819,2,1,1,11.077925645748465
Barabasi_Albert,BA_18_w_12_nodes_d_3,src/graph_reconstruct_attacks/data/Barabasi_Albert/BA_18_w_12_nodes_d_3,0,12,27,0.4090909090909091,4.5,2.179449471770337,2,9,2.188721875540867,0.5550925925925926,0.43902439024390244,-0.33396946564885505,1,1,1.0,3,1.6515151515151516,0,0,5.3156087853647085,1.3172653668029504,18.389306321728604,0,9,0.8181818181818182,0.75,4.222222222222222,2,9,0.3333333333333333,12,21,0.4666666666666667,0.3012121212121212,0.8461538461538461,0.4548201865831919,0.1584229227298321,3,0,0,1.0,1.1818181818181819,2,2,1,14.158602817677263
Barabasi_Albert,BA_18_w_7_nodes_d_2,src/graph_reconstruct_attacks/data/Barabasi_Albert/BA_18_w_7_nodes_d_2,0,7,10,0.47619047619047616,2.857142857142857,1.3552618543578767,1,5,1.8423709931771086,0.6047619047619047,0.48,-0.5151515151515152,1,1,1.0,3,1.619047619047619,1,1,3.334717708449464,0.8250721540164511,5.547425160699821,0,4,0.6666666666666666,0.5714285714285714,3.0,1,5,0.3333333333333333,2,6,0.6,0.36666666666666664,0.75,0.43272957047639166,0.20085405498385733,2,1,1,1.0,1.3333333333333333,2,2,1,3.6994040818153366
Barabasi_Albert,BA_18_w_8_nodes_d_2,src/graph_reconstruct_attacks/data/Barabasi_Albert/BA_18_w_8_nodes_d_2,0,8,12,0.42857142857142855,3.0,1.3228756555322954,1,5,1.9056390622295665,0.4083333333333333,0.3870967741935484,-0.4058577405857747,1,1,1.0,3,1.6785714285714286,1,1,3.451498168104031,0.8880439016887076,7.483184264445128,0,5,0.7142857142857143,0.625,3.0,1,5,0.3,3,8,0.5333333333333333,0.39682539682539675,0.7777777777777778,0.4914856817726616,0.20277027714997647,2,1,1,1.0,1.2857142857142858,2,2,2,5.065505023098389
Barabasi_Albert,BA_18_w_9_nodes_d_2,src/graph_reconstruct_attacks/data/Barabasi_Albert/BA_18_w_9_nodes_d_2,0,9,14,0.3888888888888889,3.111111111111111,1.3698697784375504,2,6,1.7527152789797047,0.16296296296296295,0.15789473684210525,-0.713080168776371,1,1,1.0,2,1.6111111111111112,0,0,3.463709373501236,1.408978256853392,9.579360204616043,0,5,0.625,0.5555555555555556,2.2,2,3,0,0,5,0.3333333333333333,0.25,0.7272727272727273,0.38758402593911434,0.17509892479518716,2,0,0,1.0,1.375,2,1,1,6.839283168216569
Barabasi_Albert,BA_19_w_10_nodes_d_2,src/graph_reconstruct_attacks/data/Barabasi_Albert/BA_19_w_10_nodes_d_2,0,10,16,0.35555555555555557,3.2,1.6,2,7,1.9609640474436814,0.41047619047619044,0.3125,-0.3684210526315789,1,1,1.0,3,1.7555555555555555,0,0,3.7905238788335063,1.025094415926931,11.810653447129246,0,7,0.7777777777777778,0.7,3.0,2,5,0.23809523809523808,5,12,0.42857142857142855,0.46759259259259256,0.8181818181818182,0.5418982734837031,0.20458134666924466,2,0,0,1.0,1.2222222222222223,2,1,1,7.9737893252759235
Barabasi_Albert,BA_19_w_10_nodes_d_3,src/graph_reconstruct_attacks/data/Barabasi_Albert/BA_19_w_10_nodes_d_3,0,10,21,0.4666666666666667,4.2,1.661324772583615,2,8,2.3709505944546683,0.43880952380952387,0.4074074074074074,-0.3832335329341317,1,1,1.0,2,1.5333333333333334,0,0,4.686841684853996,1.672319094674069,12.576762279339954,0,8,0.8888888888888888,0.8,3.75,2,6,0.32142857142857145,9,17,0.4722222222222222,0.3078703703703703,0.9,0.4904317034292113,0.18083907771411925,3,0,0,1.0,1.1111111111111112,2,1,1,9.36376040427669
Barabasi_Albert,BA_19_w_11_nodes_d_2,src/graph_reconstruct_attacks/data/Barabasi_Albert/BA_19_w_11_nodes_d_2,0,11,18,0.32727272727272727,3.272727272727273,1.6006197146962735,2,7,1.789929075309999,0.49134199134199136,0.32727272727272727,-0.36189608021877845,1,1,1.0,3,1.8363636363636364,0,0,3.853936182059734,0.93203972927156,14.158602817677263,0,7,0.7,0.6363636363636364,3.2857142857142856,2,5,0.23809523809523808,5,12,0.42857142857142855,0.45185185185185195,0.7692307692307693,0.5332541912871259,0.18065465715705714,2,0,0,1.0,1.3,2,1,1,10.006491539079562
Barabasi_Albert,BA_19_w_11_nodes_d_3,src/graph_reconstruct_attacks/data/Barabasi_Albert/BA_19_w_11_nodes_d_3,0,11,24,0.43636363636363634,4.363636363636363,1.9198829165402616,1,8,2.5949066182439395,0.6149350649350649,0.5346534653465347,-0.40545905707196306,1,1,1.0,3,1.6363636363636365,1,1,5.0257490441366475,0.9506762736143264,15.395953272199742,0,8,0.8,0.7272727272727273,4.0,1,7,0.32142857142857145,9,17,0.4722222222222222,0.37777777777777777,0.8333333333333334,0.42811009279769335,0.1643858701752896,3,1,1,1.0,1.2,2,1,1,11.810653447129246
Barabasi_Albert,BA_19_w_12_nodes_d_2,src/graph_reconstruct_attacks/data/Barabasi_Albert/BA_19_w_12_nodes_d_2,0,12,20,0.30303030303030304,3.3333333333333335,1.3743685418725535,2,6,1.9182958340544896,0.3,0.15517241379310345,-0.4192139737991257,1,1,1.0,3,1.8333333333333333,0,0,3.7383764131831185,1.1577726821416972,16.60917987984748,0,4,0.36363636363636365,0.3333333333333333,3.5,2,6,0.16666666666666666,1,5,0.5,0.07878787878787878,0.55,0.3147058046730881,0.09807037496194172,2,0,0,1.0,1.8181818181818181,3,2,2,13.473476040515532
Barabasi_Albert,BA_19_w_12_nodes_d_3,src/graph_reconstruct_attacks/data/Barabasi_Albert/BA_19_w_12_nodes_d_3,0,12,27,0.4090909090909091,4.5,2.101586702153082,3,10,2.1258145836939115,0.591005291005291,0.39669421487603307,-0.468071654373025,1,1,1.0,2,1.5909090909090908,0,0,5.125080277935765,1.5366356178571996,18.389306321728604,0,10,0.9090909090909091,0.8333333333333334,3.8,3,7,0.24444444444444444,11,21,0.38181818181818183,0.4045454545454546,0.9166666666666666,0.4925818172705609,0.17430850377240012,3,0,0,1.0,1.0909090909090908,2,1,1,13.834091726163757
Barabasi_Albert,BA_19_w_7_nodes_d_2,src/graph_reconstruct_attacks/data/Barabasi_Albert/BA_19_w_7_nodes_d_2,0,7,10,0.47619047619047616,2.857142857142857,1.456862718169367,1,5,1.8423709931771084,0.6238095238095237,0.46153846153846156,-0.6355140186915894,1,1,1.0,3,1.5714285714285714,1,1,3.3562097895012952,0.917723011100073,5.547425160699821,0,5,0.8333333333333334,0.7142857142857143,2.6,1,5,0.3,3,8,0.5333333333333333,0.43333333333333335,0.8571428571428571,0.5092009332448846,0.2444094007177627,2,1,1,1.0,1.1666666666666667,2,2,1,3.4775553321989814
Barabasi_Albert,BA_19_w_8_nodes_d_2,src/graph_reconstruct_attacks/data/Barabasi_Albert/BA_19_w_8_nodes_d_2,0,8,12,0.42857142857142855,3.0,1.4142135623730951,1,5,2.1556390622295662,0.6,0.46875,-0.384615384615383,1,1,1.0,3,1.7142857142857142,1,1,3.531205444513037,0.7556211491631478,7.483184264445128,0,4,0.5714285714285714,0.5,3.25,1,5,0.3333333333333333,2,6,0.6,0.3253968253968254,0.7,0.388100084466085,0.16957405393919572,2,1,1,1.0,1.4285714285714286,2,1,1,5.308543071784685
Barabasi_Albert,BA_19_w_9_nodes_d_2,src/graph_reconstruct_attacks/data/Barabasi_Albert/BA_19_w_9_nodes_d_2,0,9,14,0.3888888888888889,3.111111111111111,1.8525924445036743,2,8,1.6577427265048887,0.783068783068783,0.4,-0.4706368899917288,1,1,1.0,2,1.6111111111111112,0,1,3.7725461589770046,0.9999999999999994,9.579360204616043,0,8,1.0,0.8888888888888888,2.5,2,4,0.21428571428571427,6,14,0.3888888888888889,0.6964285714285714,1.0,0.590607884292141,0.26837849446984074,2,1,0,1.0,1.0,1,1,1,5.576041733441991
Barabasi_Albert,BA_1_w_10_nodes_d_2,src/graph_reconstruct_attacks/data/Barabasi_Albert/BA_1_w_10_nodes_d_2,0,10,16,0.35555555555555557,3.2,1.8330302779823358,2,6,0.8812908992306927,0.5866666666666667,0.34615384615384615,-0.5238095238095238,1,1,1.0,3,1.7333333333333334,0,0,3.926873822727806,1.041018252072512,11.810653447129246,0,6,0.6666666666666666,0.6,3.3333333333333335,2,6,0.26666666666666666,4,10,0.47619047619047616,0.3101851851851852,0.75,0.4638613094433785,0.17838320847993183,2,0,0,1.0,1.3333333333333333,2,3,2,8.405153089434915
Barabasi_Albert,BA_1_w_10_nodes_d_3,src/graph_reconstruct_attacks/data/Barabasi_Albert/BA_1_w_10_nodes_d_3,0,10,21,0.4666666666666667,4.2,0.9797958971132713,3,6,1.895461844238322,0.5466666666666666,0.5,-0.09219858156028103,1,1,1.0,3,1.6,0,0,4.420024302970862,1.4169657234125603,12.576762279339954,0,6,0.6666666666666666,0.6,4.333333333333333,3,5,0.4,6,12,0.5714285714285714,0.22777777777777775,0.75,0.42793376814705514,0.136785088387974,3,0,0,1.0,1.3333333333333333,2,1,1,9.745691626382566
Barabasi_Albert,BA_1_w_11_nodes_d_2,src/graph_reconstruct_attacks/data/Barabasi_Albert/BA_1_w_11_nodes_d_2,0,11,18,0.32727272727272727,3.272727272727273,1.6006197146962735,1,7,2.4130884364257574,0.5489177489177489,0.38181818181818183,-0.40141557128412686,1,1,1.0,4,1.9454545454545455,1,1,3.879864347786472,0.6791132153536579,14.158602817677263,0,7,0.7,0.6363636363636364,2.857142857142857,1,5,0.23809523809523808,5,12,0.42857142857142855,0.4355555555555556,0.7142857142857143,0.5042122390956915,0.18710362247639803,2,1,1,1.0,1.4,3,1,1,10.006491539079562
Barabasi_Albert,BA_1_w_11_nodes_d_3,src/graph_reconstruct_attacks/data/Barabasi_Albert/BA_1_w_11_nodes_d_3,0,11,24,0.43636363636363634,4.363636363636363,2.143604749554836,1,8,2.6635327548042547,0.608008658008658,0.5094339622641509,-0.4767641996557685,1,1,1.0,3,1.6181818181818182,1,1,5.171666858680879,0.9563179271390951,15.395953272199742,0,8,0.8,0.7272727272727273,4.0,1,7,0.32142857142857145,9,17,0.4722222222222222,0.35634920634920636,0.8333333333333334,0.4120716104821058,0.16605036779959928,3,1,1,1.0,1.2,2,1,1,11.810653447129246
Barabasi_Albert,BA_1_w_12_nodes_d_2,src/graph_reconstruct_attacks/data/Barabasi_Albert/BA_1_w_12_nodes_d_2,0,12,20,0.30303030303030304,3.3333333333333335,1.247219128924647,2,6,1.7295739585136223,0.32222222222222224,0.21428571428571427,-0.23655913978494475,1,1,1.0,4,1.9393939393939394,0,0,3.7541908032687683,0.7832724356779899,16.60917987984748,0,5,0.45454545454545453,0.4166666666666667,3.2,2,5,0.1,1,6,0.4,0.20363636363636362,0.6470588235294118,0.37998025699220944,0.11945835184925734,2,0,0,1.0,1.5454545454545454,2,2,1,13.075536031843507
Barabasi_Albert,BA_1_w_12_nodes_d_3,src/graph_reconstruct_attacks/data/Barabasi_Albert/BA_1_w_12_nodes_d_3,0,12,27,0.4090909090909091,4.5,2.4324199198877374,1,10,2.2841591278514217,0.5320105820105819,0.43846153846153846,-0.4654002713704215,1,1,1.0,3,1.621212121212121,1,1,5.431058660987935,0.9859827789838188,18.389306321728604,0,10,0.9090909090909091,0.8333333333333334,4.0,1,8,0.28888888888888886,13,23,0.41818181818181815,0.40656565656565646,0.9166666666666666,0.46763964284846316,0.17932046596681547,3,1,1,1.0,1.0909090909090908,2,1,1,13.834091726163757
Barabasi_Albert,BA_1_w_7_nodes_d_2,src/graph_reconstruct_attacks/data/Barabasi_Albert/BA_1_w_7_nodes_d_2,0,7,10,0.47619047619047616,2.857142857142857,0.8329931278350429,2,4,1.5566567074628228,0.5238095238095238,0.42857142857142855,-0.30434782608696004,1,1,1.0,3,1.619047619047619,0,0,3.0548600164361988,1.013273629060798,5.547425160699821,0,4,0.6666666666666666,0.5714285714285714,2.75,2,4,0.3333333333333333,2,6,0.6,0.2777777777777778,0.75,0.4826865237580056,0.19327644961910012,2,0,0,1.0,1.3333333333333333,2,2,2,3.6994040818153366
Barabasi_Albert,BA_1_w_8_nodes_d_2,src/graph_reconstruct_attacks/data/Barabasi_Albert/BA_1_w_8_nodes_d_2,0,8,12,0.42857142857142855,3.0,1.0,2,4,1.0,0.22916666666666666,0.21428571428571427,-0.4999999999999988,1,1,1.0,3,1.6428571428571428,0,0,3.251595975536961,1.2170721521789403,7.483184264445128,0,4,0.5714285714285714,0.5,3.5,2,4,0.3333333333333333,2,6,0.6,0.17460317460317457,0.7,0.46827348887991715,0.15957006480747649,2,0,0,1.0,1.4285714285714286,2,4,2,5.308543071784685
Barabasi_Albert,BA_1_w_9_nodes_d_2,src/graph_reconstruct_attacks/data/Barabasi_Albert/BA_1_w_9_nodes_d_2,0,9,14,0.3888888888888889,3.111111111111111,1.3698697784375502,1,5,2.197159723424149,0.3703703703703704,0.3157894736842105,-0.37254901960784226,1,1,1.0,3,1.75,1,1,3.602919470889676,0.8447786933134082,9.579360204616043,0,5,0.625,0.5555555555555556,3.0,1,5,0.2,2,7,0.4666666666666667,0.3452380952380952,0.7272727272727273,0.43193642063477145,0.17680042898272144,2,1,1,1.0,1.375,2,2,1,6.839283168216569
Barabasi_Albert,BA_20_w_10_nodes_d_2,src/graph_reconstruct_attacks/data/Barabasi_Albert/BA_20_w_10_nodes_d_2,0,10,16,0.35555555555555557,3.2,1.7204650534085253,2,7,1.5709505944546687,0.41714285714285715,0.3,-0.4089068825910931,1,1,1.0,3,1.7777777777777777,0,0,3.8796190196045397,1.0208115013909693,11.810653447129246,0,7,0.7777777777777778,0.7,3.0,2,5,0.23809523809523808,5,12,0.42857142857142855,0.4259259259259259,0.8181818181818182,0.5318369594637009,0.20500374383076259,2,0,0,1.0,1.2222222222222223,2,1,1,7.9737893252759235
Barabasi_Albert,BA_20_w_10_nodes_d_3,src/graph_reconstruct_attacks/data/Barabasi_Albert/BA_20_w_10_nodes_d_3,0,10,21,0.4666666666666667,4.2,1.469693845669907,1,6,2.246439344671016,0.44666666666666666,0.46153846153846156,-0.2727272727272716,1,1,1.0,3,1.6222222222222222,1,1,4.663853415702308,0.8951315447045897,12.576762279339954,0,6,0.6666666666666666,0.6,4.0,1,6,0.4,6,12,0.5714285714285714,0.2703703703703703,0.75,0.38342697645550955,0.14488054572312817,3,1,1,1.0,1.3333333333333333,2,2,2,9.745691626382566
Barabasi_Albert,BA_20_w_11_nodes_d_2,src/graph_reconstruct_attacks/data/Barabasi_Albert/BA_20_w_11_nodes_d_2,0,11,18,0.32727272727272727,3.272727272727273,1.9112541856026035,1,7,2.1180782093497097,0.3116883116883117,0.2459016393442623,-0.5009771986970674,1,1,1.0,3,1.8,1,1,4.050410815979257,0.8974856535600725,14.158602817677263,0,7,0.7,0.6363636363636364,3.142857142857143,1,7,0.23809523809523808,5,12,0.42857142857142855,0.36037037037037034,0.7692307692307693,0.4945406752942757,0.18617295220114904,2,1,1,1.0,1.3,2,2,1,10.006491539079562
Barabasi_Albert,BA_20_w_11_nodes_d_3,src/graph_reconstruct_attacks/data/Barabasi_Albert/BA_20_w_11_nodes_d_3,0,11,24,0.43636363636363634,4.363636363636363,1.9666643320712671,1,8,2.5503407095463886,0.4735930735930736,0.4411764705882353,-0.3450292397660816,1,1,1.0,3,1.6545454545454545,1,1,5.07684908213094,0.9018604056090348,15.395953272199742,0,6,0.6,0.5454545454545454,4.833333333333333,1,8,0.3333333333333333,5,11,0.5238095238095238,0.2461111111111111,0.7142857142857143,0.3550273425961971,0.1272822912982029,3,1,1,1.0,1.4,2,1,1,12.234488049888835
Barabasi_Albert,BA_20_w_12_nodes_d_2,src/graph_reconstruct_attacks/data/Barabasi_Albert/BA_20_w_12_nodes_d_2,0,12,20,0.30303030303030304,3.3333333333333335,2.0548046676563256,1,8,2.2841591278514217,0.3115079365079365,0.25,-0.46804835924006893,1,1,1.0,3,1.8333333333333333,1,1,4.223160920539149,0.9267206509427003,16.60917987984748,0,8,0.7272727272727273,0.6666666666666666,3.25,1,7,0.21428571428571427,6,14,0.3888888888888889,0.40848484848484845,0.7857142857142857,0.5154533841386221,0.18914492764871352,2,1,1,1.0,1.2727272727272727,2,1,1,11.642197076187038
Barabasi_Albert,BA_20_w_12_nodes_d_3,src/graph_reconstruct_attacks/data/Barabasi_Albert/BA_20_w_12_nodes_d_3,0,12,27,0.4090909090909091,4.5,2.217355782608345,2,10,2.688721875540867,0.676058201058201,0.4838709677419355,-0.3679690854443959,1,1,1.0,3,1.6363636363636365,0,0,5.309959137045342,1.3133023280735134,18.389306321728604,0,10,0.9090909090909091,0.8333333333333334,4.0,2,7,0.28888888888888886,13,23,0.41818181818181815,0.4515151515151516,0.9166666666666666,0.47428089747581736,0.1769194948062225,3,0,0,1.0,1.0909090909090908,2,1,1,13.834091726163757
Barabasi_Albert,BA_20_w_7_nodes_d_2,src/graph_reconstruct_attacks/data/Barabasi_Albert/BA_20_w_7_nodes_d_2,0,7,10,0.47619047619047616,2.857142857142857,1.1248582677159729,2,5,1.6644977792004614,0.4714285714285714,0.391304347826087,-0.3907284768211922,1,1,1.0,3,1.5714285714285714,0,0,3.190947431151142,1.1105327602214774,5.547425160699821,0,5,0.8333333333333334,0.7142857142857143,2.6,2,4,0.3,3,8,0.5333333333333333,0.41111111111111104,0.8571428571428571,0.5491669990795911,0.2375781097524357,2,0,0,1.0,1.1666666666666667,2,1,1,3.4775553321989814
Barabasi_Albert,BA_20_w_8_nodes_d_2,src/graph_reconstruct_attacks/data/Barabasi_Albert/BA_20_w_8_nodes_d_2,0,8,12,0.42857142857142855,3.0,1.3228756555322954,1,5,1.811278124459133,0.43333333333333335,0.3870967741935484,-0.41871921182265887,1,1,1.0,3,1.6785714285714286,1,1,3.4597594454064424,0.8743448792284114,7.483184264445128,0,5,0.7142857142857143,0.625,3.0,1,4,0.3,3,8,0.5333333333333333,0.40476190476190477,0.7777777777777778,0.4881957370628232,0.20365622075386436,2,1,1,1.0,1.2857142857142858,2,1,1,5.065505023098389
Barabasi_Albert,BA_20_w_9_nodes_d_2,src/graph_reconstruct_attacks/data/Barabasi_Albert/BA_20_w_9_nodes_d_2,0,9,14,0.3888888888888889,3.111111111111111,1.7284832429004495,1,7,2.113283334294875,0.6206349206349207,0.4186046511627907,-0.5110533159947978,1,1,1.0,3,1.6944444444444444,1,1,3.7555420360602523,0.789582630619911,9.579360204616043,0,5,0.625,0.5555555555555556,3.0,1,7,0.3,3,8,0.5333333333333333,0.30357142857142855,0.7272727272727273,0.4101875874369005,0.17858020429039506,2,1,1,1.0,1.375,2,1,1,6.839283168216569
Barabasi_Albert,BA_21_w_10_nodes_d_2,src/graph_reconstruct_attacks/data/Barabasi_Albert/BA_21_w_10_nodes_d_2,0,10,16,0.35555555555555557,3.2,1.469693845669907,2,6,1.7609640474436812,0.52,0.32608695652173914,-0.3836477987421384,1,1,1.0,3,1.8444444444444446,0,0,3.720188365884924,0.7741463912992583,11.810653447129246,0,5,0.5555555555555556,0.5,3.6,2,6,0.2,2,7,0.4666666666666667,0.37499999999999994,0.6923076923076923,0.4107818450460399,0.15038163266922072,2,0,0,1.0,1.4444444444444444,2,2,1,8.778733752247508
Barabasi_Albert,BA_21_w_10_nodes_d_3,src/graph_reconstruct_attacks/data/Barabasi_Albert/BA_21_w_10_nodes_d_3,0,10,21,0.4666666666666667,4.2,1.3266499161421599,2,7,2.1709505944546685,0.5433333333333333,0.4342105263157895,-0.3174404015056454,1,1,1.0,3,1.6,0,0,4.535513430607846,1.4307443705342782,12.576762279339954,0,5,0.5555555555555556,0.5,4.6,2,7,0.4,4,9,0.6,0.13796296296296295,0.6923076923076923,0.35789624641954726,0.11767368778240878,3,0,0,1.0,1.4444444444444444,2,3,1,9.863790938460564
Barabasi_Albert,BA_21_w_11_nodes_d_2,src/graph_reconstruct_attacks/data/Barabasi_Albert/BA_21_w_11_nodes_d_2,0,11,18,0.32727272727272727,3.272727272727273,1.6006197146962735,2,7,1.6767370300521327,0.3489177489177489,0.2727272727272727,-0.2846473029045645,1,1,1.0,3,1.8545454545454545,0,0,3.9212831781079593,1.0432765693398502,14.158602817677263,0,7,0.7,0.6363636363636364,3.142857142857143,2,6,0.23809523809523808,5,12,0.42857142857142855,0.3814814814814814,0.7692307692307693,0.5231728816207473,0.18068854447723573,2,0,0,1.0,1.3,2,1,1,10.006491539079562
Barabasi_Albert,BA_21_w_11_nodes_d_3,src/graph_reconstruct_attacks/data/Barabasi_Albert/BA_21_w_11_nodes_d_3,0,11,24,0.43636363636363634,4.363636363636363,1.7200807207658637,2,8,2.3685225277282065,0.5264069264069264,0.4948453608247423,-0.20844612885760852,1,1,1.0,3,1.6363636363636365,0,0,4.958780108437132,1.3457150902710553,15.395953272199742,0,8,0.8,0.7272727272727273,4.25,2,6,0.35714285714285715,10,18,0.5,0.33211640211640214,0.8333333333333334,0.46371344479532534,0.15804397570365253,3,0,0,1.0,1.2,2,1,1,11.810653447129246
Barabasi_Albert,BA_21_w_12_nodes_d_2,src/graph_reconstruct_attacks/data/Barabasi_Albert/BA_21_w_12_nodes_d_2,0,12,20,0.30303030303030304,3.3333333333333335,1.9720265943665387,2,9,1.9591479170272446,0.49953703703703706,0.3,-0.3503649635036499,1,1,1.0,3,1.8333333333333333,0,0,4.153754209270311,0.9863304972152319,16.60917987984748,0,4,0.36363636363636365,0.3333333333333333,4.75,2,9,0.3333333333333333,2,6,0.6,0.11212121212121211,0.6111111111111112,0.31835733473951705,0.09757984818064916,2,0,0,1.0,1.6363636363636365,2,2,1,13.473476040515532
Barabasi_Albert,BA_21_w_12_nodes_d_3,src/graph_reconstruct_attacks/data/Barabasi_Albert/BA_21_w_12_nodes_d_3,0,12,27,0.4090909090909091,4.5,1.8929694486000912,3,9,2.1258145836939115,0.44166666666666665,0.3879310344827586,-0.3078751857355124,1,1,1.0,3,1.696969696969697,0,0,5.112826101461746,1.6889181874123815,18.389306321728604,0,9,0.8181818181818182,0.75,4.333333333333333,3,7,0.3333333333333333,12,21,0.4666666666666667,0.2807359307359307,0.8461538461538461,0.4815723521232266,0.15622159047274398,3,0,0,1.0,1.1818181818181819,2,1,1,14.158602817677263
Barabasi_Albert,BA_21_w_7_nodes_d_2,src/graph_reconstruct_attacks/data/Barabasi_Albert/BA_21_w_7_nodes_d_2,0,7,10,0.47619047619047616,2.857142857142857,1.456862718169367,2,6,1.1488348542809166,0.8238095238095238,0.46153846153846156,-0.578947368421052,1,1,1.0,2,1.5238095238095237,0,1,3.3010412247683383,1.0000000000000002,5.547425160699821,0,6,1.0,0.8571428571428571,2.3333333333333335,2,4,0.26666666666666666,4,10,0.47619047619047616,0.6333333333333333,1.0,0.5867818801950015,0.2845540406960493,2,1,0,1.0,1.0,1,1,1,3.135132651376774
Barabasi_Albert,BA_21_w_8_nodes_d_2,src/graph_reconstruct_attacks/data/Barabasi_Albert/BA_21_w_8_nodes_d_2,0,8,12,0.42857142857142855,3.0,1.4142135623730951,1,5,2.1556390622295662,0.6083333333333333,0.46875,-0.43076923076923235,1,1,1.0,3,1.6785714285714286,1,1,3.5075135381457243,0.8771595571347316,7.483184264445128,0,5,0.7142857142857143,0.625,3.0,1,5,0.3,3,8,0.5333333333333333,0.4126984126984126,0.7777777777777778,0.47725090345697685,0.20410607755078508,2,1,1,1.0,1.2857142857142858,2,2,1,5.065505023098389
Barabasi_Albert,BA_21_w_9_nodes_d_2,src/graph_reconstruct_attacks/data/Barabasi_Albert/BA_21_w_9_nodes_d_2,0,9,14,0.3888888888888889,3.111111111111111,1.6629588385661962,2,7,1.6577427265048887,0.5412698412698412,0.35714285714285715,-0.4736842105263158,1,1,1.0,3,1.6666666666666667,0,0,3.7034358434912398,1.014498009025357,9.579360204616043,0,7,0.875,0.7777777777777778,2.7142857142857144,2,5,0.23809523809523808,5,12,0.42857142857142855,0.5238095238095237,0.8888888888888888,0.5610665382773515,0.234520990479632,2,0,0,1.0,1.125,2,1,1,6.073366374249938
Barabasi_Albert,BA_22_w_10_nodes_d_2,src/graph_reconstruct_attacks/data/Barabasi_Albert/BA_22_w_10_nodes_d_2,0,10,16,0.35555555555555557,3.2,1.5362291495737217,2,6,1.7609640474436812,0.35666666666666663,0.2553191489361702,-0.47003994673768307,1,1,1.0,3,1.7555555555555555,0,0,3.723802551826675,0.9736625330937583,11.810653447129246,0,6,0.6666666666666666,0.6,3.3333333333333335,2,6,0.26666666666666666,4,10,0.47619047619047616,0.36064814814814816,0.75,0.4983000008470547,0.17635816835701146,2,0,0,1.0,1.3333333333333333,2,2,1,8.405153089434915
Barabasi_Albert,BA_22_w_10_nodes_d_3,src/graph_reconstruct_attacks/data/Barabasi_Albert/BA_22_w_10_nodes_d_3,0,10,21,0.4666666666666667,4.2,1.7204650534085255,2,8,2.321928094887362,0.6557142857142857,0.5121951219512195,-0.32774193548387187,1,1,1.0,3,1.5555555555555556,0,0,4.745150956433391,1.339651811244878,12.576762279339954,0,8,0.8888888888888888,0.8,3.875,2,6,0.35714285714285715,10,18,0.5,0.3634259259259259,0.9,0.48402723986073565,0.181599962300903,3,0,0,1.0,1.1111111111111112,2,1,1,9.36376040427669
Barabasi_Albert,BA_22_w_11_nodes_d_2,src/graph_reconstruct_attacks/data/Barabasi_Albert/BA_22_w_11_nodes_d_2,0,11,18,0.32727272727272727,3.272727272727273,1.8136306675690912,2,7,1.6729330318733675,0.5445887445887446,0.3050847457627119,-0.5562356541698565,1,1,1.0,3,1.8181818181818181,0,0,3.9556004292555205,1.0116150403643576,14.158602817677263,0,5,0.5,0.45454545454545453,4.2,2,7,0.3,3,8,0.5333333333333333,0.2592592592592593,0.6666666666666666,0.3989918260558675,0.1326486145490543,2,0,0,1.0,1.5,2,1,1,10.86335979764525
Barabasi_Albert,BA_22_w_11_nodes_d_3,src/graph_reconstruct_attacks/data/Barabasi_Albert/BA_22_w_11_nodes_d_3,0,11,24,0.43636363636363634,4.363636363636363,2.2268088570756164,1,9,2.2221915755066783,0.6099567099567099,0.5,-0.46825396825396837,1,1,1.0,3,1.5818181818181818,1,1,5.18755193240362,0.9807943678528668,15.395953272199742,0,9,0.9,0.8181818181818182,4.0,1,7,0.3333333333333333,12,21,0.4666666666666667,0.37777777777777777,0.9090909090909091,0.4691925909454862,0.1820884753385037,3,1,1,1.0,1.1,2,1,1,11.537652175065498
Barabasi_Albert,BA_22_w_12_nodes_d_2,src/graph_reconstruct_attacks/data/Barabasi_Albert/BA_22_w_12_nodes_d_2,0,12,20,0.30303030303030304,3.3333333333333335,1.247219128924647,2,6,2.1258145836939115,0.19999999999999998,0.16071428571428573,-0.43274853801169594,1,1,1.0,3,1.8484848484848484,0,0,3.6988707625051678,1.0573155677720039,16.60917987984748,0,4,0.36363636363636365,0.3333333333333333,4.25,3,6,0.3333333333333333,2,6,0.6,0.0703030303030303,0.5789473684210527,0.3687091642978557,0.09562815639127947,2,0,0,1.0,1.7272727272727273,3,3,1,13.473476040515532
Barabasi_Albert,BA_22_w_12_nodes_d_3,src/graph_reconstruct_attacks/data/Barabasi_Albert/BA_22_w_12_nodes_d_3,0,12,27,0.4090909090909091,4.5,2.0615528128088303,2,9,2.5220552088742005,0.4913359788359788,0.425,-0.34101382488479265,1,1,1.0,3,1.621212121212121,0,0,5.224188130363325,1.4013456026856894,18.389306321728604,0,9,0.8181818181818182,0.75,4.222222222222222,2,8,0.3055555555555556,11,20,0.4444444444444444,0.30696969696969695,0.8461538461538461,0.45992179677265466,0.157890338330145,3,0,0,1.0,1.1818181818181819,2,1,1,14.158602817677263
Barabasi_Albert,BA_22_w_7_nodes_d_2,src/graph_reconstruct_attacks/data/Barabasi_Albert/BA_22_w_7_nodes_d_2,0,7,10,0.47619047619047616,2.857142857142857,0.8329931278350429,2,4,1.5566567074628228,0.5238095238095238,0.42857142857142855,-0.30434782608696004,1,1,1.0,3,1.619047619047619,0,0,3.0548600164361983,1.0132736290607989,5.547425160699821,0,4,0.6666666666666666,0.5714285714285714,3.0,2,4,0.3333333333333333,2,6,0.6,0.3444444444444444,0.75,0.4948090559063872,0.19209773710224162,2,0,0,1.0,1.3333333333333333,2,2,2,3.6994040818153366
Barabasi_Albert,BA_22_w_8_nodes_d_2,src/graph_reconstruct_attacks/data/Barabasi_Albert/BA_22_w_8_nodes_d_2,0,8,12,0.42857142857142855,3.0,1.3228756555322954,2,6,1.75,0.4,0.2903225806451613,-0.48703170028818354,1,1,1.0,3,1.6071428571428572,0,0,3.3866859107756864,1.1744350115894648,7.483184264445128,0,6,0.8571428571428571,0.75,2.5,2,4,0.2,3,9,0.42857142857142855,0.4880952380952381,0.875,0.5536706528188181,0.23698759407636288,2,0,0,1.0,1.1428571428571428,2,1,1,4.734511804056966
Barabasi_Albert,BA_22_w_9_nodes_d_2,src/graph_reconstruct_attacks/data/Barabasi_Albert/BA_22_w_9_nodes_d_2,0,9,14,0.3888888888888889,3.111111111111111,1.852592444503674,1,6,1.657742726504889,0.6666666666666666,0.4,-0.6482269503546119,1,1,1.0,3,1.6666666666666667,1,1,3.8353348621708108,0.9017217232766188,9.579360204616043,0,6,0.75,0.6666666666666666,3.0,1,6,0.26666666666666666,4,10,0.47619047619047616,0.39285714285714285,0.8,0.47456068376623023,0.20902799269191086,2,1,1,1.0,1.25,2,2,1,6.4924956819919135
Barabasi_Albert,BA_23_w_10_nodes_d_2,src/graph_reconstruct_attacks/data/Barabasi_Albert/BA_23_w_10_nodes_d_2,0,10,16,0.35555555555555557,3.2,1.5362291495737217,1,6,2.1709505944546685,0.46333333333333326,0.3829787234042553,-0.2915980230642504,1,1,1.0,3,1.8222222222222222,1,1,3.8017850393485495,0.8086858234490456,11.810653447129246,0,6,0.6666666666666666,0.6,3.1666666666666665,1,5,0.26666666666666666,4,10,0.47619047619047616,0.4166666666666666,0.75,0.4733965888956353,0.18190209004270816,2,1,1,1.0,1.3333333333333333,2,1,1,8.405153089434915
Barabasi_Albert,BA_23_w_10_nodes_d_3,src/graph_reconstruct_attacks/data/Barabasi_Albert/BA_23_w_10_nodes_d_3,0,10,21,0.4666666666666667,4.2,1.8330302779823358,1,7,1.8464393446710154,0.5357142857142857,0.5,-0.3999999999999995,1,1,1.0,3,1.5777777777777777,1,1,4.8300115549190465,0.9477886985259452,12.576762279339954,0,7,0.7777777777777778,0.7,4.142857142857143,1,7,0.38095238095238093,8,15,0.5357142857142857,0.3125,0.8181818181818182,0.4309007355048449,0.16496142266592312,3,1,1,1.0,1.2222222222222223,2,2,1,9.579360204616043
Barabasi_Albert,BA_23_w_11_nodes_d_2,src/graph_reconstruct_attacks/data/Barabasi_Albert/BA_23_w_11_nodes_d_2,0,11,18,0.32727272727272727,3.272727272727273,1.4200453956193917,2,6,2.0403733936884962,0.3939393939393939,0.23076923076923078,-0.3826815642458096,1,1,1.0,3,1.8181818181818181,0,0,3.7419669560668543,0.9285095705454097,14.158602817677263,0,5,0.5,0.45454545454545453,3.4,2,6,0.2,2,7,0.4666666666666667,0.18148148148148147,0.6666666666666666,0.4100157175309718,0.1328110830981556,2,0,0,1.0,1.5,2,2,1,10.86335979764525
Barabasi_Albert,BA_23_w_11_nodes_d_3,src/graph_reconstruct_attacks/data/Barabasi_Albert/BA_23_w_11_nodes_d_3,0,11,24,0.43636363636363634,4.363636363636363,1.7721444263289026,1,8,2.2998963911678914,0.5077922077922078,0.45918367346938777,-0.3915211970074795,1,1,1.0,3,1.6181818181818182,1,1,4.934987449363684,0.9610784422806399,15.395953272199742,0,8,0.8,0.7272727272727273,4.0,1,6,0.2857142857142857,8,16,0.4444444444444444,0.3592592592592593,0.8333333333333334,0.4469457325716263,0.16344359739895653,3,1,1,1.0,1.2,2,1,1,11.810653447129246
Barabasi_Albert,BA_23_w_12_nodes_d_2,src/graph_reconstruct_attacks/data/Barabasi_Albert/BA_23_w_12_nodes_d_2,0,12,20,0.30303030303030304,3.3333333333333335,1.6499158227686108,2,7,1.896240625180289,0.37023809523809526,0.23809523809523808,-0.6046681254558727,1,1,1.0,4,1.893939393939394,0,0,3.8606328538518437,0.8629681649829198,16.60917987984748,0,4,0.36363636363636365,0.3333333333333333,3.75,2,6,0.3333333333333333,2,6,0.6,0.0774025974025974,0.55,0.30549421196852294,0.09771729595646451,2,0,0,1.0,1.8181818181818181,3,3,2,13.473476040515532
Barabasi_Albert,BA_23_w_12_nodes_d_3,src/graph_reconstruct_attacks/data/Barabasi_Albert/BA_23_w_12_nodes_d_3,0,12,27,0.4090909090909091,4.5,1.8929694486000912,2,9,2.5220552088742005,0.4791666666666667,0.3620689655172414,-0.42235079171741874,1,1,1.0,3,1.606060606060606,0,0,5.061166760220756,1.8397803771141608,18.389306321728604,0,7,0.6363636363636364,0.5833333333333334,4.714285714285714,2,9,0.3333333333333333,7,14,0.5,0.1309090909090909,0.7333333333333333,0.4004946136318966,0.12466279048815702,3,0,0,1.0,1.3636363636363635,2,1,1,14.70332344589474
Barabasi_Albert,BA_23_w_7_nodes_d_2,src/graph_reconstruct_attacks/data/Barabasi_Albert/BA_23_w_7_nodes_d_2,0,7,10,0.47619047619047616,2.857142857142857,1.5518257844571737,1,6,2.128085278891394,0.6333333333333334,0.4444444444444444,-0.6494845360824744,1,1,1.0,2,1.5238095238095237,1,1,3.376923629245378,1.0000000000000002,5.547425160699821,0,6,1.0,0.8571428571428571,2.3333333333333335,1,4,0.26666666666666666,4,10,0.47619047619047616,0.6,1.0,0.5719012982087451,0.2886529329301885,2,1,1,1.0,1.0,1,1,1,3.135132651376774
Barabasi_Albert,BA_23_w_8_nodes_d_2,src/graph_reconstruct_attacks/data/Barabasi_Albert/BA_23_w_8_nodes_d_2,0,8,12,0.42857142857142855,3.0,1.5,2,6,1.5487949406953985,0.5,0.36363636363636365,-0.5035460992907793,1,1,1.0,3,1.6785714285714286,0,0,3.5340901811403715,0.9622505134708981,7.483184264445128,0,6,0.8571428571428571,0.75,2.6666666666666665,2,5,0.26666666666666666,4,10,0.47619047619047616,0.45238095238095233,0.875,0.548174427387226,0.23591016197476933,2,0,0,1.0,1.1428571428571428,2,1,1,4.734511804056966
Barabasi_Albert,BA_23_w_9_nodes_d_2,src/graph_reconstruct_attacks/data/Barabasi_Albert/BA_23_w_9_nodes_d_2,0,9,14,0.3888888888888889,3.111111111111111,1.3698697784375504,2,6,1.7527152789797047,0.0,0,-0.7426160337552751,1,1,1.0,3,1.7222222222222223,0,0,3.456871268492256,1.258028662150515,9.579360204616043,0,3,0.375,0.3333333333333333,4.666666666666667,3,6,0,0,3,0.5,0.08996598639455783,0.6153846153846154,0.34389562390498274,0.10594919019387691,2,0,0,1.0,1.625,2,3,3,7.331916589114478
Barabasi_Albert,BA_24_w_10_nodes_d_2,src/graph_reconstruct_attacks/data/Barabasi_Albert/BA_24_w_10_nodes_d_2,0,10,16,0.35555555555555557,3.2,1.469693845669907,1,6,2.4464393446710155,0.44666666666666666,0.391304347826087,-0.3037037037037037,1,1,1.0,4,1.8666666666666667,1,1,3.7850551382288664,0.6013306804835062,11.810653447129246,0,3,0.3333333333333333,0.3,3.3333333333333335,1,5,0.3333333333333333,1,4,0.6666666666666666,0.2222222222222222,0.5294117647058824,0.22833988834777375,0.10383974440126151,2,1,1,1.0,1.8888888888888888,3,2,1,9.36376040427669
Barabasi_Albert,BA_24_w_10_nodes_d_3,src/graph_reconstruct_attacks/data/Barabasi_Albert/BA_24_w_10_nodes_d_3,0,10,21,0.4666666666666667,4.2,1.8330302779823358,1,7,2.7219280948873625,0.5866666666666667,0.5357142857142857,-0.41176470588235353,1,1,1.0,3,1.6,1,1,4.859631389170893,0.9421382014945793,12.576762279339954,0,7,0.7777777777777778,0.7,3.857142857142857,1,6,0.3333333333333333,7,14,0.5,0.34212962962962956,0.8181818181818182,0.4056242351488009,0.1675922290821157,3,1,1,1.0,1.2222222222222223,2,1,1,9.579360204616043
Barabasi_Albert,BA_24_w_11_nodes_d_2,src/graph_reconstruct_attacks/data/Barabasi_Albert/BA_24_w_11_nodes_d_2,0,11,18,0.32727272727272727,3.272727272727273,1.7627926754241197,2,7,1.2406705316766884,0.5489177489177489,0.3103448275862069,-0.5277310924369748,1,1,1.0,3,1.7636363636363637,0,0,3.910415867886588,1.2049605050583756,14.158602817677263,0,7,0.7,0.6363636363636364,3.2857142857142856,2,5,0.23809523809523808,5,12,0.42857142857142855,0.3851851851851852,0.7692307692307693,0.5170396739435941,0.18225886859607182,2,0,0,1.0,1.3,2,1,1,10.006491539079562
Barabasi_Albert,BA_24_w_11_nodes_d_3,src/graph_reconstruct_attacks/data/Barabasi_Albert/BA_24_w_11_nodes_d_3,0,11,24,0.43636363636363634,4.363636363636363,2.346088709193444,1,9,2.8453509366224368,0.6452380952380952,0.5135135135135135,-0.4933333333333349,1,1,1.0,3,1.6,1,1,5.2753937488284475,0.9806217739238633,15.395953272199742,0,9,0.9,0.8181818181818182,4.0,1,8,0.3333333333333333,12,21,0.4666666666666667,0.4151851851851852,0.9090909090909091,0.45658511212746977,0.18351935330381905,3,1,1,1.0,1.1,2,1,1,11.537652175065498
Barabasi_Albert,BA_24_w_12_nodes_d_2,src/graph_reconstruct_attacks/data/Barabasi_Albert/BA_24_w_12_nodes_d_2,0,12,20,0.30303030303030304,3.3333333333333335,1.6996731711975948,2,8,2.0545851693377997,0.33154761904761904,0.234375,-0.37472283813747137,1,1,1.0,3,1.8484848484848484,0,1,3.98289630247858,0.8573924806739834,16.60917987984748,0,8,0.7272727272727273,0.6666666666666666,3.0,2,5,0.17857142857142858,5,13,0.3611111111111111,0.4975757575757576,0.7857142857142857,0.5364608439245081,0.18684794932398183,2,1,0,1.0,1.2727272727272727,2,1,1,11.642197076187038
Barabasi_Albert,BA_24_w_12_nodes_d_3,src/graph_reconstruct_attacks/data/Barabasi_Albert/BA_24_w_12_nodes_d_3,0,12,27,0.4090909090909091,4.5,2.101586702153082,3,9,1.896240625180289,0.5383597883597884,0.39669421487603307,-0.38835407372622655,1,1,1.0,2,1.5909090909090908,0,0,5.182527150979538,1.848921179272535,18.389306321728604,0,7,0.6363636363636364,0.5833333333333334,4.857142857142857,3,9,0.3333333333333333,7,14,0.5,0.14545454545454542,0.7333333333333333,0.3843919150813614,0.12447194518498982,3,0,0,1.0,1.3636363636363635,2,1,1,14.70332344589474
Barabasi_Albert,BA_24_w_7_nodes_d_2,src/graph_reconstruct_attacks/data/Barabasi_Albert/BA_24_w_7_nodes_d_2,0,7,10,0.47619047619047616,2.857142857142857,0.9897433186107869,2,5,1.4488156357251847,0.7571428571428571,0.5454545454545454,-0.34920634920635113,1,1,1.0,3,1.6666666666666667,0,1,3.107096376725476,0.7269271369323336,5.547425160699821,0,5,0.8333333333333334,0.7142857142857143,2.6,2,3,0.3,3,8,0.5333333333333333,0.6333333333333333,0.8571428571428571,0.5635756757601279,0.23716094636408677,2,1,0,1.0,1.1666666666666667,2,1,1,3.4775553321989814
Barabasi_Albert,BA_24_w_8_nodes_d_2,src/graph_reconstruct_attacks/data/Barabasi_Albert/BA_24_w_8_nodes_d_2,0,8,12,0.42857142857142855,3.0,1.8708286933869707,1,7,2.0,0.6630952380952381,0.39473684210526316,-0.68862275449102,1,1,1.0,2,1.5714285714285714,1,1,3.684980783879652,1.0000000000000022,7.483184264445128,0,7,1.0,0.875,2.4285714285714284,1,5,0.23809523809523808,5,12,0.42857142857142855,0.5952380952380952,1.0,0.5655290346910958,0.2794509881451736,2,1,1,1.0,1.0,1,1,1,4.308543071784685
Barabasi_Albert,BA_24_w_9_nodes_d_2,src/graph_reconstruct_attacks/data/Barabasi_Albert/BA_24_w_9_nodes_d_2,0,9,14,0.3888888888888889,3.111111111111111,1.7916128329552332,1,7,2.2810361125534233,0.4783068783068783,0.3409090909090909,-0.5435897435897453,1,1,1.0,3,1.6944444444444444,1,1,3.801970101976176,0.9498821962784699,9.579360204616043,0,7,0.875,0.7777777777777778,2.7142857142857144,1,5,0.23809523809523808,5,12,0.42857142857142855,0.5119047619047619,0.8888888888888888,0.5431852072603088,0.23923354841039357,2,1,1,1.0,1.125,2,1,1,6.073366374249938
Barabasi_Albert,BA_25_w_10_nodes_d_2,src/graph_reconstruct_attacks/data/Barabasi_Albert/BA_25_w_10_nodes_d_2,0,10,16,0.35555555555555557,3.2,0.9797958971132713,2,5,1.895461844238322,0.16333333333333333,0.225,0.0,1,1,1.0,3,1.8222222222222222,0,0,3.525337772105627,1.1084478672287283,11.810653447129246,0,5,0.5555555555555556,0.5,3.6,3,4,0.3,3,8,0.5333333333333333,0.21018518518518517,0.6923076923076923,0.48992926101760875,0.14587730045849234,2,0,0,1.0,1.4444444444444444,2,1,1,8.778733752247508
Barabasi_Albert,BA_25_w_10_nodes_d_3,src/graph_reconstruct_attacks/data/Barabasi_Albert/BA_25_w_10_nodes_d_3,0,10,21,0.4666666666666667,4.2,1.1661903789690602,3,6,1.9219280948873623,0.3433333333333333,0.36486486486486486,-0.1628664495114026,1,1,1.0,3,1.5555555555555556,0,0,4.515280314998571,1.9214844664873,12.576762279339954,0,3,0.3333333333333333,0.3,4.666666666666667,3,6,0,0,3,0.5,0.03333333333333333,0.6,0.20932662235251379,0.07630672924500805,3,0,0,1.0,1.6666666666666667,2,4,2,9.957853108595794
Barabasi_Albert,BA_25_w_11_nodes_d_2,src/graph_reconstruct_attacks/data/Barabasi_Albert/BA_25_w_11_nodes_d_2,0,11,18,0.32727272727272727,3.272727272727273,1.6564424689353272,2,7,1.8676338909712125,0.274025974025974,0.16071428571428573,-0.6672661870503608,1,1,1.0,3,1.7636363636363637,0,0,3.777925206752465,1.088606170195765,14.158602817677263,0,5,0.5,0.45454545454545453,3.2,2,5,0.1,1,6,0.4,0.18333333333333335,0.6666666666666666,0.39117048763067486,0.13313258887012155,2,0,0,1.0,1.5,2,2,1,10.86335979764525
Barabasi_Albert,BA_25_w_11_nodes_d_3,src/graph_reconstruct_attacks/data/Barabasi_Albert/BA_25_w_11_nodes_d_3,0,11,24,0.43636363636363634,4.363636363636363,1.9666643320712671,1,9,2.413088436425758,0.5005050505050505,0.4411764705882353,-0.42028985507246375,1,1,1.0,3,1.5818181818181818,1,1,5.012063023856027,0.9829312622041818,15.395953272199742,0,9,0.9,0.8181818181818182,3.888888888888889,1,6,0.3055555555555556,11,20,0.4444444444444444,0.3907407407407407,0.9090909090909091,0.4820774094216745,0.1818101170760396,3,1,1,1.0,1.1,2,1,1,11.537652175065498
Barabasi_Albert,BA_25_w_12_nodes_d_2,src/graph_reconstruct_attacks/data/Barabasi_Albert/BA_25_w_12_nodes_d_2,0,12,20,0.30303030303030304,3.3333333333333335,1.5456030825826172,2,7,2.054585169337799,0.3531746031746032,0.29508196721311475,-0.23051681706316604,1,1,1.0,3,1.893939393939394,0,0,3.957136654052481,0.9020796211323858,16.60917987984748,0,3,0.2727272727272727,0.25,3.6666666666666665,2,7,0.3333333333333333,1,4,0.6666666666666666,0.049999999999999996,0.5,0.21088494599206686,0.07900448886903863,2,0,0,1.0,2.0,3,3,3,13.834091726163757
Barabasi_Albert,BA_25_w_12_nodes_d_3,src/graph_reconstruct_attacks/data/Barabasi_Albert/BA_25_w_12_nodes_d_3,0,12,27,0.4090909090909091,4.5,1.6583123951777,3,8,2.2841591278514217,0.430952380952381,0.40540540540540543,-0.24615384615384744,1,1,1.0,3,1.606060606060606,0,0,5.0377002057470115,1.7129269782320622,18.389306321728604,0,8,0.7272727272727273,0.6666666666666666,4.5,3,7,0.35714285714285715,10,18,0.5,0.23272727272727273,0.7857142857142857,0.4456638687800479,0.1399752888331768,3,0,0,1.0,1.2727272727272727,2,1,1,14.448050940791438
Barabasi_Albert,BA_25_w_7_nodes_d_2,src/graph_reconstruct_attacks/data/Barabasi_Albert/BA_25_w_7_nodes_d_2,0,7,10,0.47619047619047616,2.857142857142857,1.7261494247992246,1,6,1.6644977792004614,0.6666666666666667,0.41379310344827586,-0.8051575931232089,1,1,1.0,2,1.5238095238095237,1,1,3.460867324783101,1.0000000000000022,5.547425160699821,0,6,1.0,0.8571428571428571,2.3333333333333335,1,5,0.26666666666666666,4,10,0.47619047619047616,0.5333333333333333,1.0,0.5582464393283647,0.2894750168184071,2,1,1,1.0,1.0,1,1,1,3.135132651376774
Barabasi_Albert,BA_25_w_8_nodes_d_2,src/graph_reconstruct_attacks/data/Barabasi_Albert/BA_25_w_8_nodes_d_2,0,8,12,0.42857142857142855,3.0,1.3228756555322954,1,6,1.5487949406953985,0.36666666666666664,0.3870967741935484,-0.38906752411575574,1,1,1.0,3,1.6428571428571428,1,1,3.43576556325757,0.9364992418843171,7.483184264445128,0,6,0.8571428571428571,0.75,2.6666666666666665,1,3,0.26666666666666666,4,10,0.47619047619047616,0.5,0.875,0.5603550048601436,0.23875502080695343,2,1,1,1.0,1.1428571428571428,2,1,1,4.734511804056966
Barabasi_Albert,BA_25_w_9_nodes_d_2,src/graph_reconstruct_attacks/data/Barabasi_Albert/BA_25_w_9_nodes_d_2,0,9,14,0.3888888888888889,3.111111111111111,1.3698697784375504,1,5,2.197159723424149,0.44074074074074077,0.39473684210526316,-0.3725490196078452,1,1,1.0,4,1.8055555555555556,1,1,3.6325483181047042,0.7360080164065882,9.579360204616043,0,4,0.5,0.4444444444444444,2.75,1,5,0.16666666666666666,1,5,0.5,0.3154761904761904,0.6153846153846154,0.30704968144835515,0.14890903198623293,2,1,1,1.0,1.625,3,2,1,7.118036769169399
Barabasi_Albert,BA_26_w_10_nodes_d_2,src/graph_reconstruct_attacks/data/Barabasi_Albert/BA_26_w_10_nodes_d_2,0,10,16,0.35555555555555557,3.2,0.9797958971132713,2,5,1.895461844238322,0.42000000000000004,0.3,-0.4,1,1,1.0,3,1.8222222222222222,0,0,3.426912772270933,1.0,11.810653447129246,0,3,0.3333333333333333,0.3,3.6666666666666665,3,4,0.3333333333333333,1,4,0.6666666666666666,0.08750000000000001,0.5294117647058824,0.29804276650871725,0.09330928003421754,2,0,0,1.0,1.8888888888888888,3,3,2,9.36376040427669
Barabasi_Albert,BA_26_w_10_nodes_d_3,src/graph_reconstruct_attacks/data/Barabasi_Albert/BA_26_w_10_nodes_d_3,0,10,21,0.4666666666666667,4.2,1.7776388834631178,2,8,2.0464393446710156,0.469047619047619,0.3614457831325301,-0.6362107623318387,1,1,1.0,2,1.5333333333333334,0,0,4.6421723771049,1.811691469375363,12.576762279339954,0,8,0.8888888888888888,0.8,3.375,2,4,0.21428571428571427,6,14,0.3888888888888889,0.34722222222222215,0.9,0.4710900383310329,0.18179186607863185,3,0,0,1.0,1.1111111111111112,2,1,1,9.36376040427669
Barabasi_Albert,BA_26_w_11_nodes_d_2,src/graph_reconstruct_attacks/data/Barabasi_Albert/BA_26_w_11_nodes_d_2,0,11,18,0.32727272727272727,3.272727272727273,1.7104443383842525,2,8,1.789929075309999,0.3798701298701299,0.2631578947368421,-0.4566473988439308,1,1,1.0,3,1.7454545454545454,0,0,3.865818909620938,1.2803883170284611,14.158602817677263,0,8,0.8,0.7272727272727273,2.75,2,4,0.17857142857142858,5,13,0.3611111111111111,0.481851851851852,0.8333333333333334,0.5606237661515185,0.2070641279980787,2,0,0,1.0,1.2,2,1,1,9.503816179887517
Barabasi_Albert,BA_26_w_11_nodes_d_3,src/graph_reconstruct_attacks/data/Barabasi_Albert/BA_26_w_11_nodes_d_3,0,11,24,0.43636363636363634,4.363636363636363,2.346088709193444,2,9,1.6858157091530304,0.7272727272727273,0.4594594594594595,-0.5198329853862208,1,1,1.0,2,1.5636363636363637,0,0,5.158103582533895,1.8055692464114352,15.395953272199742,0,9,0.9,0.8181818181818182,4.0,2,9,0.3333333333333333,12,21,0.4666666666666667,0.29074074074074074,0.9090909090909091,0.4750894964907899,0.17789884589903365,3,0,0,1.0,1.1,2,2,2,11.537652175065498
Barabasi_Albert,BA_26_w_12_nodes_d_2,src/graph_reconstruct_attacks/data/Barabasi_Albert/BA_26_w_12_nodes_d_2,0,12,20,0.30303030303030304,3.3333333333333335,2.0949675149960894,2,9,1.780672129520887,0.5939814814814814,0.3287671232876712,-0.43593266918584683,1,1,1.0,3,1.8181818181818181,0,0,4.206246366796267,0.9398641202216603,16.60917987984748,0,6,0.5454545454545454,0.5,3.5,2,9,0.26666666666666666,4,10,0.47619047619047616,0.22727272727272727,0.6875,0.3925116827318719,0.1442867562744834,2,0,0,1.0,1.4545454545454546,2,1,1,12.638843434179455
Barabasi_Albert,BA_26_w_12_nodes_d_3,src/graph_reconstruct_attacks/data/Barabasi_Albert/BA_26_w_12_nodes_d_3,0,12,27,0.4090909090909091,4.5,2.0207259421636903,3,9,2.125814583693911,0.5825396825396826,0.453781512605042,-0.3308897876643076,1,1,1.0,2,1.5909090909090908,0,0,5.174179677858806,1.9098334263720989,18.389306321728604,0,9,0.8181818181818182,0.75,4.333333333333333,3,8,0.3333333333333333,12,21,0.4666666666666667,0.2909090909090909,0.8461538461538461,0.47106365826994107,0.15659624889401028,3,0,0,1.0,1.1818181818181819,2,1,1,14.158602817677263
Barabasi_Albert,BA_26_w_7_nodes_d_2,src/graph_reconstruct_attacks/data/Barabasi_Albert/BA_26_w_7_nodes_d_2,0,7,10,0.47619047619047616,2.857142857142857,0.9897433186107869,2,5,1.4488156357251847,0.5190476190476191,0.4090909090909091,-0.34920634920635113,1,1,1.0,3,1.5714285714285714,0,0,3.11070583397854,1.1886772560551704,5.547425160699821,0,5,0.8333333333333334,0.7142857142857143,2.6,2,3,0.3,3,8,0.5333333333333333,0.4444444444444445,0.8571428571428571,0.5640900135766476,0.2369456658711105,2,0,0,1.0,1.1666666666666667,2,1,1,3.4775553321989814
Barabasi_Albert,BA_26_w_8_nodes_d_2,src/graph_reconstruct_attacks/data/Barabasi_Albert/BA_26_w_8_nodes_d_2,0,8,12,0.42857142857142855,3.0,1.6583123951777,1,6,2.0,0.6416666666666666,0.42857142857142855,-0.6038186157517884,1,1,1.0,3,1.6428571428571428,1,1,3.6169301947463053,0.8651682249290569,7.483184264445128,0,5,0.7142857142857143,0.625,3.0,1,6,0.3,3,8,0.5333333333333333,0.3571428571428571,0.7777777777777778,0.45640541215180863,0.20556846205789403,2,1,1,1.0,1.2857142857142858,2,1,1,5.065505023098389
Barabasi_Albert,BA_26_w_9_nodes_d_2,src/graph_reconstruct_attacks/data/Barabasi_Albert/BA_26_w_9_nodes_d_2,0,9,14,0.3888888888888889,3.111111111111111,1.5947444549341472,2,7,1.6577427265048887,0.6190476190476191,0.36585365853658536,-0.4736842105263168,1,1,1.0,3,1.6388888888888888,0,0,3.630677509073301,1.1899556738160921,9.579360204616043,0,7,0.875,0.7777777777777778,2.7142857142857144,2,4,0.23809523809523808,5,12,0.42857142857142855,0.5238095238095237,0.8888888888888888,0.571668241760485,0.23456041260949928,2,0,0,1.0,1.125,2,1,1,6.073366374249938
Barabasi_Albert,BA_27_w_10_nodes_d_2,src/graph_reconstruct_attacks/data/Barabasi_Albert/BA_27_w_10_nodes_d_2,0,10,16,0.35555555555555557,3.2,1.469693845669907,2,6,1.7609640474436812,0.21666666666666665,0.1956521739130435,-0.4088050314465409,1,1,1.0,3,1.7777777777777777,0,0,3.7173787179157745,1.0144010673767332,11.810653447129246,0,5,0.5555555555555556,0.5,3.2,2,6,0.1,1,6,0.4,0.26296296296296295,0.6923076923076923,0.4046410634637363,0.15048580355258812,2,0,0,1.0,1.4444444444444444,2,2,1,8.778733752247508
Barabasi_Albert,BA_27_w_10_nodes_d_3,src/graph_reconstruct_attacks/data/Barabasi_Albert/BA_27_w_10_nodes_d_3,0,10,21,0.4666666666666667,4.2,2.1354156504062622,2,8,1.9219280948873623,0.6383333333333333,0.5,-0.4961832061068703,1,1,1.0,2,1.5333333333333334,0,0,4.962948087521546,1.4992627480333869,12.576762279339954,0,8,0.8888888888888888,0.8,3.875,2,8,0.35714285714285715,10,18,0.5,0.30092592592592593,0.9,0.4647214614639291,0.18217473985383895,3,0,0,1.0,1.1111111111111112,2,2,1,9.36376040427669
Barabasi_Albert,BA_27_w_11_nodes_d_2,src/graph_reconstruct_attacks/data/Barabasi_Albert/BA_27_w_11_nodes_d_2,0,11,18,0.32727272727272727,3.272727272727273,2.339032787321565,1,10,2.004886164091843,0.6585858585858586,0.3380281690140845,-0.5082061618197524,1,1,1.0,2,1.6727272727272726,1,1,4.231289755792819,1.0000000000000002,14.158602817677263,0,10,1.0,0.9090909090909091,2.6,1,5,0.17777777777777778,8,18,0.32727272727272727,0.7111111111111111,1.0,0.5853581107599806,0.26184727251679185,2,1,1,1.0,1.0,1,1,1,8.333554464492554
Barabasi_Albert,BA_27_w_11_nodes_d_3,src/graph_reconstruct_attacks/data/Barabasi_Albert/BA_27_w_11_nodes_d_3,0,11,24,0.43636363636363634,4.363636363636363,1.610913195151759,1,7,2.481714572986073,0.43203463203463205,0.4105263157894737,-0.41432456935629686,1,1,1.0,3,1.6363636363636365,1,1,4.856017241694676,0.926520443749302,15.395953272199742,0,7,0.7,0.6363636363636364,4.0,1,6,0.2857142857142857,6,13,0.4642857142857143,0.291005291005291,0.7692307692307693,0.39874948744959177,0.14570019703433446,3,1,1,1.0,1.3,2,1,1,12.042602523649927
Barabasi_Albert,BA_27_w_12_nodes_d_2,src/graph_reconstruct_attacks/data/Barabasi_Albert/BA_27_w_12_nodes_d_2,0,12,20,0.30303030303030304,3.3333333333333335,2.0548046676563256,1,8,2.054585169337799,0.6541666666666667,0.375,-0.4298724954462655,1,1,1.0,3,1.8636363636363635,1,1,4.23612129763407,0.8748699584932798,16.60917987984748,0,6,0.5454545454545454,0.5,4.0,1,8,0.26666666666666666,4,10,0.47619047619047616,0.30303030303030304,0.6875,0.42153195639020147,0.14491989090611498,2,1,1,1.0,1.4545454545454546,2,2,1,12.638843434179455
Barabasi_Albert,BA_27_w_12_nodes_d_3,src/graph_reconstruct_attacks/data/Barabasi_Albert/BA_27_w_12_nodes_d_3,0,12,27,0.4090909090909091,4.5,2.0615528128088303,2,10,2.418295834054489,0.5592592592592592,0.475,-0.27868852459016485,1,1,1.0,3,1.621212121212121,0,0,5.2503611364476015,1.3742509860325476,18.389306321728604,0,10,0.9090909090909091,0.8333333333333334,4.1,2,6,0.3111111111111111,14,24,0.43636363636363634,0.4138528138528138,0.9166666666666666,0.4968586568623918,0.1738753153792312,3,0,0,1.0,1.0909090909090908,2,1,1,13.834091726163757
Barabasi_Albert,BA_27_w_7_nodes_d_2,src/graph_reconstruct_attacks/data/Barabasi_Albert/BA_27_w_7_nodes_d_2,0,7,10,0.47619047619047616,2.857142857142857,1.355261854357877,2,6,1.3787834934861753,0.7999999999999999,0.48,-0.4736842105263171,1,1,1.0,2,1.5238095238095237,0,1,3.2553522893869955,0.9999999999999987,5.547425160699821,0,6,1.0,0.8571428571428571,2.3333333333333335,2,3,0.26666666666666666,4,10,0.47619047619047616,0.6666666666666666,1.0,0.595429456061487,0.2839822656314644,2,1,0,1.0,1.0,1,1,1,3.135132651376774
Barabasi_Albert,BA_27_w_8_nodes_d_2,src/graph_reconstruct_attacks/data/Barabasi_Albert/BA_27_w_8_nodes_d_2,0,8,12,0.42857142857142855,3.0,1.0,2,5,1.811278124459133,0.2833333333333333,0.21428571428571427,-0.6097560975609781,1,1,1.0,3,1.6071428571428572,0,0,3.211660355119336,1.248021939945534,7.483184264445128,0,4,0.5714285714285714,0.5,2.75,2,3,0.16666666666666666,1,5,0.5,0.1825396825396825,0.7,0.42087163412124073,0.1615745810404116,2,0,0,1.0,1.4285714285714286,2,1,1,5.308543071784685
Barabasi_Albert,BA_27_w_9_nodes_d_2,src/graph_reconstruct_attacks/data/Barabasi_Albert/BA_27_w_9_nodes_d_2,0,9,14,0.3888888888888889,3.111111111111111,1.6629588385661962,1,6,2.058813890331201,0.6333333333333333,0.42857142857142855,-0.48717948717948756,1,1,1.0,3,1.75,1,1,3.7624508437058926,0.7856356073117835,9.579360204616043,0,5,0.625,0.5555555555555556,3.2,1,6,0.3,3,8,0.5333333333333333,0.32738095238095233,0.7272727272727273,0.42178777721522753,0.17771487111596862,2,1,1,1.0,1.375,2,2,1,6.839283168216569
Barabasi_Albert,BA_28_w_10_nodes_d_2,src/graph_reconstruct_attacks/data/Barabasi_Albert/BA_28_w_10_nodes_d_2,0,10,16,0.35555555555555557,3.2,1.32664991614216,1,6,2.1709505944546685,0.21333333333333332,0.20454545454545456,-0.32142857142857145,1,1,1.0,4,1.8666666666666667,1,1,3.665923874200734,0.7299591323662239,11.810653447129246,0,4,0.4444444444444444,0.4,3.75,1,6,0.3333333333333333,2,6,0.6,0.23379629629629628,0.6,0.372257218694293,0.1267227724559858,2,1,1,1.0,1.6666666666666667,3,3,1,9.09749251487192
Barabasi_Albert,BA_28_w_10_nodes_d_3,src/graph_reconstruct_attacks/data/Barabasi_Albert/BA_28_w_10_nodes_d_3,0,10,21,0.4666666666666667,4.2,1.32664991614216,3,7,2.0464393446710156,0.5747619047619048,0.47368421052631576,-0.29685807150595794,1,1,1.0,3,1.5777777777777777,0,0,4.5248388722332935,1.5694994678658125,12.576762279339954,0,7,0.7777777777777778,0.7,4.0,3,6,0.38095238095238093,8,15,0.5357142857142857,0.27268518518518514,0.8181818181818182,0.46217628718310594,0.15878713960902954,3,0,0,1.0,1.2222222222222223,2,1,1,9.579360204616043
Barabasi_Albert,BA_28_w_11_nodes_d_2,src/graph_reconstruct_attacks/data/Barabasi_Albert/BA_28_w_11_nodes_d_2,0,11,18,0.32727272727272727,3.272727272727273,1.6006197146962735,2,6,1.8676338909712125,0.47575757575757577,0.2727272727272727,-0.5978609625668448,1,1,1.0,3,1.8181818181818181,0,0,3.809673139712709,0.9561901014684174,14.158602817677263,0,6,0.6,0.5454545454545454,3.1666666666666665,2,6,0.2,3,9,0.42857142857142855,0.3081481481481482,0.7142857142857143,0.46601311981121235,0.1577254791763178,2,0,0,1.0,1.4,2,2,1,10.458789210074194
Barabasi_Albert,BA_28_w_11_nodes_d_3,src/graph_reconstruct_attacks/data/Barabasi_Albert/BA_28_w_11_nodes_d_3,0,11,24,0.43636363636363634,4.363636363636363,2.3070140982635494,2,8,1.9362600275315274,0.6525974025974026,0.4909090909090909,-0.4811428571428576,1,1,1.0,3,1.5818181818181818,0,0,5.233401487455983,1.5020631217683063,15.395953272199742,0,8,0.8,0.7272727272727273,4.25,2,8,0.35714285714285715,10,18,0.5,0.26518518518518525,0.8333333333333334,0.42872623604601406,0.1601911109303525,3,0,0,1.0,1.2,2,3,1,11.810653447129246
Barabasi_Albert,BA_28_w_12_nodes_d_2,src/graph_reconstruct_attacks/data/Barabasi_Albert/BA_28_w_12_nodes_d_2,0,12,20,0.30303030303030304,3.3333333333333335,1.5456030825826172,1,7,2.396240625180289,0.27539682539682536,0.29508196721311475,-0.273885350318472,1,1,1.0,3,1.878787878787879,1,1,3.9693615345390727,0.8498395765848805,16.60917987984748,0,7,0.6363636363636364,0.5833333333333334,3.142857142857143,1,5,0.23809523809523808,5,12,0.42857142857142855,0.3727272727272728,0.7333333333333333,0.5002328257697779,0.16639811716210606,2,1,1,1.0,1.3636363636363635,2,1,1,12.161722179459781
Barabasi_Albert,BA_28_w_12_nodes_d_3,src/graph_reconstruct_attacks/data/Barabasi_Albert/BA_28_w_12_nodes_d_3,0,12,27,0.4090909090909091,4.5,1.6583123951777,3,9,2.1258145836939115,0.5592592592592592,0.43243243243243246,-0.2993630573248406,1,1,1.0,3,1.6515151515151516,0,0,4.96002420940005,1.4593663433521575,18.389306321728604,0,6,0.5454545454545454,0.5,4.666666666666667,3,9,0.4,6,12,0.5714285714285714,0.09333333333333332,0.6875,0.352445081006292,0.10776936969660339,3,0,0,1.0,1.4545454545454546,2,1,1,14.925172195511099
Barabasi_Albert,BA_28_w_7_nodes_d_2,src/graph_reconstruct_attacks/data/Barabasi_Albert/BA_28_w_7_nodes_d_2,0,7,10,0.47619047619047616,2.857142857142857,0.9897433186107869,1,4,1.8423709931771084,0.3095238095238095,0.4090909090909091,-0.06060606060606236,1,1,1.0,3,1.6666666666666667,1,1,3.2026374191149185,0.6939955383040936,5.547425160699821,0,3,0.5,0.42857142857142855,3.0,1,4,0.3333333333333333,1,4,0.6666666666666666,0.3333333333333333,0.6666666666666666,0.34024843865352294,0.158818144323236,2,1,1,1.0,1.5,2,3,2,3.808548551240405
Barabasi_Albert,BA_28_w_8_nodes_d_2,src/graph_reconstruct_attacks/data/Barabasi_Albert/BA_28_w_8_nodes_d_2,0,8,12,0.42857142857142855,3.0,1.5,2,6,1.5487949406953985,0.5291666666666667,0.36363636363636365,-0.5035460992907793,1,1,1.0,3,1.6071428571428572,0,0,3.506890393377603,1.106004994810276,7.483184264445128,0,6,0.8571428571428571,0.75,2.6666666666666665,2,5,0.26666666666666666,4,10,0.47619047619047616,0.43650793650793646,0.875,0.547430449116559,0.23632473202142562,2,0,0,1.0,1.1428571428571428,2,1,1,4.734511804056966
Barabasi_Albert,BA_28_w_9_nodes_d_2,src/graph_reconstruct_attacks/data/Barabasi_Albert/BA_28_w_9_nodes_d_2,0,9,14,0.3888888888888889,3.111111111111111,1.4487116456005884,2,6,1.8799649487271108,0.6000000000000001,0.38461538461538464,-0.35757575757575827,1,1,1.0,3,1.7222222222222223,0,1,3.6229455128854884,0.8232968856156019,9.579360204616043,0,6,0.75,0.6666666666666666,3.0,2,5,0.26666666666666666,4,10,0.47619047619047616,0.49404761904761907,0.8,0.5112444749447893,0.2037241604946541,2,1,0,1.0,1.25,2,1,1,6.4924956819919135
Barabasi_Albert,BA_29_w_10_nodes_d_2,src/graph_reconstruct_attacks/data/Barabasi_Albert/BA_29_w_10_nodes_d_2,0,10,16,0.35555555555555557,3.2,2.181742422927143,1,9,2.0464393446710156,0.6594444444444444,0.3559322033898305,-0.5554506842850401,1,1,1.0,2,1.6444444444444444,1,1,4.058621966431704,1.000000000000001,11.810653447129246,0,9,1.0,0.9,2.5555555555555554,1,5,0.19444444444444445,7,16,0.35555555555555557,0.6805555555555555,1.0,0.5804029272882135,0.2662822968123944,2,1,1,1.0,1.0,1,1,1,6.921565792466024
Barabasi_Albert,BA_29_w_10_nodes_d_3,src/graph_reconstruct_attacks/data/Barabasi_Albert/BA_29_w_10_nodes_d_3,0,10,21,0.4666666666666667,4.2,1.32664991614216,3,7,2.0464393446710156,0.4714285714285714,0.4342105263157895,-0.20585048754063012,1,1,1.0,3,1.6,0,0,4.559971613658374,1.491395925595654,12.576762279339954,0,7,0.7777777777777778,0.7,4.142857142857143,3,6,0.38095238095238093,8,15,0.5357142857142857,0.23425925925925925,0.8181818181818182,0.4729736277982719,0.15768470750256788,3,0,0,1.0,1.2222222222222223,2,1,1,9.579360204616043
Barabasi_Albert,BA_29_w_11_nodes_d_2,src/graph_reconstruct_attacks/data/Barabasi_Albert/BA_29_w_11_nodes_d_2,0,11,18,0.32727272727272727,3.272727272727273,1.7627926754241197,2,7,1.8676338909712125,0.5216450216450217,0.3103448275862069,-0.5254237288135603,1,1,1.0,3,1.8,0,0,3.9228661015153556,0.915645395912064,14.158602817677263,0,6,0.6,0.5454545454545454,3.1666666666666665,2,7,0.2,3,9,0.42857142857142855,0.3425925925925926,0.7142857142857143,0.41853540165285846,0.15947110078297527,2,0,0,1.0,1.4,2,1,1,10.458789210074194
Barabasi_Albert,BA_29_w_11_nodes_d_3,src/graph_reconstruct_attacks/data/Barabasi_Albert/BA_29_w_11_nodes_d_3,0,11,24,0.43636363636363634,4.363636363636363,2.267266166061805,2,9,1.8230679822736608,0.7146464646464646,0.4954128440366973,-0.4160618122219618,1,1,1.0,3,1.5818181818181818,0,0,5.173892277763722,1.378912621532284,15.395953272199742,0,9,0.9,0.8181818181818182,4.0,2,9,0.3333333333333333,12,21,0.4666666666666667,0.3351851851851852,0.9090909090909091,0.4734732301986774,0.17802805631261456,3,0,0,1.0,1.1,2,2,1,11.537652175065498
Barabasi_Albert,BA_29_w_12_nodes_d_2,src/graph_reconstruct_attacks/data/Barabasi_Albert/BA_29_w_12_nodes_d_2,0,12,20,0.30303030303030304,3.3333333333333335,1.5456030825826172,2,7,2.054585169337799,0.3531746031746032,0.2459016393442623,-0.2961443806398686,1,1,1.0,3,1.893939393939394,0,0,3.917649088148256,1.0086455316414027,16.60917987984748,0,5,0.45454545454545453,0.4166666666666667,4.0,2,7,0.2,2,7,0.4666666666666667,0.21060606060606057,0.6470588235294118,0.3954341659911502,0.11891472771164234,2,0,0,1.0,1.5454545454545454,2,2,1,13.075536031843507
Barabasi_Albert,BA_29_w_12_nodes_d_3,src/graph_reconstruct_attacks/data/Barabasi_Albert/BA_29_w_12_nodes_d_3,0,12,27,0.4090909090909091,4.5,1.8929694486000912,3,10,2.0849625007211565,0.600925925925926,0.46551724137931033,-0.26879699248120253,1,1,1.0,3,1.606060606060606,0,0,5.083021689480589,1.6941690164790297,18.389306321728604,0,10,0.9090909090909091,0.8333333333333334,4.1,3,6,0.3111111111111111,14,24,0.43636363636363634,0.39999999999999997,0.9166666666666666,0.514774312610302,0.17274585276964832,3,0,0,1.0,1.0909090909090908,2,1,1,13.834091726163757
Barabasi_Albert,BA_29_w_7_nodes_d_2,src/graph_reconstruct_attacks/data/Barabasi_Albert/BA_29_w_7_nodes_d_2,0,7,10,0.47619047619047616,2.857142857142857,0.8329931278350429,2,4,1.5566567074628228,0.4047619047619047,0.42857142857142855,-0.014492753623190718,1,1,1.0,3,1.6666666666666667,0,0,3.115514116213082,0.8642207949301421,5.547425160699821,0,4,0.6666666666666666,0.5714285714285714,3.0,2,4,0.3333333333333333,2,6,0.6,0.31111111111111106,0.75,0.4920076634702793,0.19192142043418745,2,0,0,1.0,1.3333333333333333,2,2,1,3.6994040818153366
Barabasi_Albert,BA_29_w_8_nodes_d_2,src/graph_reconstruct_attacks/data/Barabasi_Albert/BA_29_w_8_nodes_d_2,0,8,12,0.42857142857142855,3.0,1.7320508075688772,1,7,2.1556390622295662,0.6339285714285714,0.4166666666666667,-0.5882352941176471,1,1,1.0,2,1.5714285714285714,1,1,3.6023397193086684,1.0000000000000002,7.483184264445128,0,7,1.0,0.875,2.4285714285714284,1,4,0.23809523809523808,5,12,0.42857142857142855,0.6428571428571428,1.0,0.579332476803356,0.278578486940226,2,1,1,1.0,1.0,1,1,1,4.308543071784685
Barabasi_Albert,BA_29_w_9_nodes_d_2,src/graph_reconstruct_attacks/data/Barabasi_Albert/BA_29_w_9_nodes_d_2,0,9,14,0.3888888888888889,3.111111111111111,1.8525924445036743,2,8,1.6577427265048887,0.783068783068783,0.4,-0.4937965260545906,1,1,1.0,2,1.6111111111111112,0,1,3.7511311750424774,0.9999999999999999,9.579360204616043,0,8,1.0,0.8888888888888888,2.5,2,4,0.21428571428571427,6,14,0.3888888888888889,0.6964285714285714,1.0,0.5961917590541892,0.26772922305302865,2,1,0,1.0,1.0,1,1,1,5.576041733441991
Barabasi_Albert,BA_2_w_10_nodes_d_2,src/graph_reconstruct_attacks/data/Barabasi_Albert/BA_2_w_10_nodes_d_2,0,10,16,0.35555555555555557,3.2,1.5362291495737217,2,7,1.6854752972273344,0.6357142857142857,0.3191489361702128,-0.4734356552538371,1,1,1.0,3,1.711111111111111,0,0,3.677946643834967,1.0994687241698577,11.810653447129246,0,7,0.7777777777777778,0.7,2.7142857142857144,2,4,0.19047619047619047,4,11,0.39285714285714285,0.4583333333333333,0.8181818181818182,0.5355856611020414,0.20640883974021876,2,0,0,1.0,1.2222222222222223,2,1,1,7.9737893252759235
Barabasi_Albert,BA_2_w_10_nodes_d_3,src/graph_reconstruct_attacks/data/Barabasi_Albert/BA_2_w_10_nodes_d_3,0,10,21,0.4666666666666667,4.2,1.4000000000000001,3,7,1.9609640474436814,0.4552380952380952,0.38961038961038963,-0.41428571428571614,1,1,1.0,2,1.5333333333333334,0,0,4.537124154197447,1.8404282907500715,12.576762279339954,0,6,0.6666666666666666,0.6,4.5,3,7,0.4,6,12,0.5714285714285714,0.12268518518518516,0.75,0.4255076478478771,0.13676575514631156,3,0,0,1.0,1.3333333333333333,2,1,1,9.745691626382566
Barabasi_Albert,BA_2_w_11_nodes_d_2,src/graph_reconstruct_attacks/data/Barabasi_Albert/BA_2_w_11_nodes_d_2,0,11,18,0.32727272727272727,3.272727272727273,1.212878551284212,2,5,1.8676338909712122,0.23939393939393938,0.24489795918367346,-0.014613778705635882,1,1,1.0,3,1.8727272727272728,0,0,3.7335655988747662,0.9120514065747165,14.158602817677263,0,5,0.5,0.45454545454545453,3.8,3,5,0.2,2,7,0.4666666666666667,0.2333333333333333,0.6666666666666666,0.4343271171191015,0.13077662162606507,2,0,0,1.0,1.5,2,3,2,10.86335979764525
Barabasi_Albert,BA_2_w_11_nodes_d_3,src/graph_reconstruct_attacks/data/Barabasi_Albert/BA_2_w_11_nodes_d_3,0,11,24,0.43636363636363634,4.363636363636363,1.9198829165402616,1,8,2.0048861640918427,0.45151515151515154,0.44554455445544555,-0.3340195573854855,1,1,1.0,3,1.6,1,1,5.050231392297421,0.9596654650038975,15.395953272199742,0,8,0.8,0.7272727272727273,4.25,1,7,0.35714285714285715,10,18,0.5,0.3185185185185185,0.8333333333333334,0.44893382292373285,0.16291364394966312,3,1,1,1.0,1.2,2,1,1,11.810653447129246
Barabasi_Albert,BA_2_w_12_nodes_d_2,src/graph_reconstruct_attacks/data/Barabasi_Albert/BA_2_w_12_nodes_d_2,0,12,20,0.30303030303030304,3.3333333333333335,1.8856180831641265,1,8,2.2841591278514217,0.33968253968253964,0.22058823529411764,-0.437908496732025,1,1,1.0,3,1.8333333333333333,1,1,4.089898837426253,0.925607148071172,16.60917987984748,0,8,0.7272727272727273,0.6666666666666666,3.0,1,5,0.14285714285714285,4,12,0.3333333333333333,0.4757575757575757,0.7857142857142857,0.5081616520794164,0.19100658019621175,2,1,1,1.0,1.2727272727272727,2,1,1,11.642197076187038
Barabasi_Albert,BA_2_w_12_nodes_d_3,src/graph_reconstruct_attacks/data/Barabasi_Albert/BA_2_w_12_nodes_d_3,0,12,27,0.4090909090909091,4.5,1.8027756377319946,3,8,2.054585169337799,0.448015873015873,0.3684210526315789,-0.313069908814589,1,1,1.0,3,1.6363636363636365,0,0,5.057031447336266,1.7591924504250358,18.389306321728604,0,8,0.7272727272727273,0.6666666666666666,4.625,3,8,0.35714285714285715,10,18,0.5,0.20090909090909093,0.7857142857142857,0.4499598227735152,0.13964164825758446,3,0,0,1.0,1.2727272727272727,2,2,1,14.448050940791438
Barabasi_Albert,BA_2_w_7_nodes_d_2,src/graph_reconstruct_attacks/data/Barabasi_Albert/BA_2_w_7_nodes_d_2,0,7,10,0.47619047619047616,2.857142857142857,1.456862718169367,1,5,1.8423709931771084,0.6238095238095237,0.46153846153846156,-0.6355140186915894,1,1,1.0,3,1.5714285714285714,1,1,3.3562097895012926,0.9177230111000741,5.547425160699821,0,5,0.8333333333333334,0.7142857142857143,2.6,1,5,0.3,3,8,0.5333333333333333,0.43333333333333335,0.8571428571428571,0.5092009332448847,0.2444094007177627,2,1,1,1.0,1.1666666666666667,2,2,1,3.4775553321989814
Barabasi_Albert,BA_2_w_8_nodes_d_2,src/graph_reconstruct_attacks/data/Barabasi_Albert/BA_2_w_8_nodes_d_2,0,8,12,0.42857142857142855,3.0,1.118033988749895,2,5,1.75,0.23333333333333334,0.20689655172413793,-0.6963350785340318,1,1,1.0,3,1.6071428571428572,0,0,3.2708513955727114,1.4384471871911677,7.483184264445128,0,3,0.42857142857142855,0.375,4.333333333333333,4,5,0.3333333333333333,1,4,0.6666666666666666,0.058730158730158716,0.6363636363636364,0.3948306505111691,0.12221423778658291,2,0,0,1.0,1.5714285714285714,2,1,1,5.468243914652199
Barabasi_Albert,BA_2_w_9_nodes_d_2,src/graph_reconstruct_attacks/data/Barabasi_Albert/BA_2_w_9_nodes_d_2,0,9,14,0.3888888888888889,3.111111111111111,1.4487116456005888,2,6,1.8799649487271108,0.5259259259259259,0.38461538461538464,-0.3292929292929284,1,1,1.0,3,1.7222222222222223,0,0,3.6325543740167925,1.063809295863302,9.579360204616043,0,6,0.75,0.6666666666666666,3.0,2,5,0.26666666666666666,4,10,0.47619047619047616,0.4166666666666666,0.8,0.5172521578985354,0.20239729341154447,2,0,0,1.0,1.25,2,1,1,6.4924956819919135
Barabasi_Albert,BA_30_w_10_nodes_d_2,src/graph_reconstruct_attacks/data/Barabasi_Albert/BA_30_w_10_nodes_d_2,0,10,16,0.35555555555555557,3.2,1.7776388834631178,1,7,2.1219280948873624,0.3738095238095238,0.29411764705882354,-0.5478443743427971,1,1,1.0,3,1.711111111111111,1,1,3.873252690384336,0.9295839181553083,11.810653447129246,0,7,0.7777777777777778,0.7,3.0,1,5,0.23809523809523808,5,12,0.42857142857142855,0.43055555555555547,0.8181818181818182,0.5267198592360413,0.20889479006971537,2,1,1,1.0,1.2222222222222223,2,1,1,7.9737893252759235
Barabasi_Albert,BA_30_w_10_nodes_d_3,src/graph_reconstruct_attacks/data/Barabasi_Albert/BA_30_w_10_nodes_d_3,0,10,21,0.4666666666666667,4.2,1.8330302779823358,1,8,2.4464393446710155,0.5923809523809525,0.5357142857142857,-0.39130434782608636,1,1,1.0,3,1.5777777777777777,1,1,4.818597194191966,0.9748216311350648,12.576762279339954,0,8,0.8888888888888888,0.8,3.875,1,6,0.35714285714285715,10,18,0.5,0.3842592592592592,0.9,0.47851651856168625,0.1854247233801548,3,1,1,1.0,1.1111111111111112,2,1,1,9.36376040427669
Barabasi_Albert,BA_30_w_11_nodes_d_2,src/graph_reconstruct_attacks/data/Barabasi_Albert/BA_30_w_11_nodes_d_2,0,11,18,0.32727272727272727,3.272727272727273,1.813630667569091,1,8,2.2998963911678914,0.5893939393939394,0.4067796610169492,-0.3012048192771086,1,1,1.0,4,1.8909090909090909,1,1,4.0580377859982635,0.6119788945609901,14.158602817677263,0,3,0.3,0.2727272727272727,4.333333333333333,1,8,0.3333333333333333,1,4,0.6666666666666666,0.2,0.5555555555555556,0.24082785995863062,0.09185133689381339,2,1,1,1.0,1.8,3,4,1,11.537652175065498
Barabasi_Albert,BA_30_w_11_nodes_d_3,src/graph_reconstruct_attacks/data/Barabasi_Albert/BA_30_w_11_nodes_d_3,0,11,24,0.43636363636363634,4.363636363636363,1.7200807207658637,2,7,2.186704345910025,0.3627705627705628,0.30927835051546393,-0.6488549618320627,1,1,1.0,3,1.5818181818181818,0,0,4.811245419434345,1.7422209919177991,15.395953272199742,0,7,0.7,0.6363636363636364,4.0,2,7,0.2857142857142857,6,13,0.4642857142857143,0.17851851851851852,0.7692307692307693,0.40902182044916235,0.14102989884590927,3,0,0,1.0,1.3,2,2,1,12.042602523649927
Barabasi_Albert,BA_30_w_12_nodes_d_2,src/graph_reconstruct_attacks/data/Barabasi_Albert/BA_30_w_12_nodes_d_2,0,12,20,0.30303030303030304,3.3333333333333335,1.7950549357115013,2,8,1.9591479170272446,0.5426587301587301,0.2727272727272727,-0.4331210191082809,1,1,1.0,3,1.8181818181818181,0,0,3.9887153232719976,1.1428703930846138,16.60917987984748,0,8,0.7272727272727273,0.6666666666666666,3.0,2,5,0.17857142857142858,5,13,0.3611111111111111,0.44242424242424233,0.7857142857142857,0.5311502739491618,0.18693077975012856,2,0,0,1.0,1.2727272727272727,2,1,1,11.642197076187038
Barabasi_Albert,BA_30_w_12_nodes_d_3,src/graph_reconstruct_attacks/data/Barabasi_Albert/BA_30_w_12_nodes_d_3,0,12,27,0.4090909090909091,4.5,1.8929694486000912,1,9,2.4182958340544896,0.5157407407407407,0.49137931034482757,-0.19656897784131483,1,1,1.0,3,1.6818181818181819,1,1,5.206541162156882,0.8789525528643398,18.389306321728604,0,6,0.5454545454545454,0.5,4.833333333333333,1,9,0.4,6,12,0.5714285714285714,0.2121212121212121,0.6875,0.3374205937360347,0.11348441763089899,3,1,1,1.0,1.4545454545454546,2,2,1,14.925172195511099
Barabasi_Albert,BA_30_w_7_nodes_d_2,src/graph_reconstruct_attacks/data/Barabasi_Albert/BA_30_w_7_nodes_d_2,0,7,10,0.47619047619047616,2.857142857142857,0.6388765649999398,2,4,1.3787834934861753,0.11904761904761904,0.15,-0.2500000000000053,1,1,1.0,3,1.5714285714285714,0,0,2.980537148356763,1.3273802716088863,5.547425160699821,0,4,0.6666666666666666,0.5714285714285714,2.75,2,3,0.16666666666666666,1,5,0.5,0.24444444444444444,0.75,0.4957170006026005,0.19245001555870475,2,0,0,1.0,1.3333333333333333,2,1,1,3.6994040818153366
Barabasi_Albert,BA_30_w_8_nodes_d_2,src/graph_reconstruct_attacks/data/Barabasi_Albert/BA_30_w_8_nodes_d_2,0,8,12,0.42857142857142855,3.0,1.8027756377319946,2,7,1.061278124459133,0.8297619047619048,0.40540540540540543,-0.6402877697841733,1,1,1.0,2,1.5714285714285714,0,1,3.6233481442985753,0.9999999999999991,7.483184264445128,0,7,1.0,0.875,2.4285714285714284,2,5,0.23809523809523808,5,12,0.42857142857142855,0.6190476190476191,1.0,0.5760041134381311,0.2758952770988695,2,1,0,1.0,1.0,1,1,1,4.308543071784685
Barabasi_Albert,BA_30_w_9_nodes_d_2,src/graph_reconstruct_attacks/data/Barabasi_Albert/BA_30_w_9_nodes_d_2,0,9,14,0.3888888888888889,3.111111111111111,1.286204100310025,2,6,1.836591668108979,0.4,0.32432432432432434,-0.40342298288508643,1,1,1.0,3,1.6666666666666667,0,0,3.5230234806369403,1.278911575313273,9.579360204616043,0,4,0.5,0.4444444444444444,3.25,2,6,0.3333333333333333,2,6,0.6,0.15476190476190474,0.6666666666666666,0.3821618484125773,0.13976720094761785,2,0,0,1.0,1.5,2,2,2,7.118036769169399
Barabasi_Albert,BA_31_w_10_nodes_d_2,src/graph_reconstruct_attacks/data/Barabasi_Albert/BA_31_w_10_nodes_d_2,0,10,16,0.35555555555555557,3.2,1.32664991614216,2,6,2.0464393446710156,0.49000000000000005,0.3409090909090909,-0.2647058823529412,1,1,1.0,3,1.8222222222222222,0,0,3.666277778121966,0.8582983289625957,11.810653447129246,0,5,0.5555555555555556,0.5,3.4,2,6,0.3,3,8,0.5333333333333333,0.21759259259259256,0.6923076923076923,0.45312749842388067,0.1485756226638902,2,0,0,1.0,1.4444444444444444,2,1,1,8.778733752247508
Barabasi_Albert,BA_31_w_10_nodes_d_3,src/graph_reconstruct_attacks/data/Barabasi_Albert/BA_31_w_10_nodes_d_3,0,10,21,0.4666666666666667,4.2,0.9797958971132713,3,6,1.895461844238322,0.4533333333333333,0.4166666666666667,-0.1418439716312029,1,1,1.0,3,1.6,0,0,4.40625497373984,1.6718169794676976,12.576762279339954,0,6,0.6666666666666666,0.6,4.333333333333333,3,5,0.3333333333333333,5,11,0.5238095238095238,0.19305555555555554,0.75,0.43115550626820265,0.1366848223826114,3,0,0,1.0,1.3333333333333333,2,1,1,9.745691626382566
Barabasi_Albert,BA_31_w_11_nodes_d_2,src/graph_reconstruct_attacks/data/Barabasi_Albert/BA_31_w_11_nodes_d_2,0,11,18,0.32727272727272727,3.272727272727273,1.4200453956193917,2,6,2.0403733936884962,0.32727272727272727,0.28846153846153844,-0.23184357541899417,1,1,1.0,3,1.8727272727272728,0,0,3.8135863879068985,0.8052568337623917,14.158602817677263,0,6,0.6,0.5454545454545454,3.6666666666666665,2,5,0.26666666666666666,4,10,0.47619047619047616,0.3148148148148148,0.7142857142857143,0.49602654925863343,0.15504686818756572,2,0,0,1.0,1.4,2,1,1,10.458789210074194
Barabasi_Albert,BA_31_w_11_nodes_d_3,src/graph_reconstruct_attacks/data/Barabasi_Albert/BA_31_w_11_nodes_d_3,0,11,24,0.43636363636363634,4.363636363636363,1.610913195151759,2,7,1.8230679822736608,0.45411255411255413,0.4421052631578947,-0.1975393028024627,1,1,1.0,3,1.6181818181818182,0,0,4.891387316023396,1.3530932829889404,15.395953272199742,0,7,0.7,0.6363636363636364,4.285714285714286,2,7,0.3333333333333333,7,14,0.5,0.2381481481481482,0.7692307692307693,0.41500163142975877,0.14046327802297828,3,0,0,1.0,1.3,2,2,1,12.042602523649927
Barabasi_Albert,BA_31_w_12_nodes_d_2,src/graph_reconstruct_attacks/data/Barabasi_Albert/BA_31_w_12_nodes_d_2,0,12,20,0.30303030303030304,3.3333333333333335,1.4337208778404378,1,6,2.4591479170272446,0.1722222222222222,0.2033898305084746,-0.4229249011857698,1,1,1.0,4,1.9242424242424243,1,1,3.845055326541872,0.83990823101621,16.60917987984748,0,6,0.5454545454545454,0.5,2.8333333333333335,1,5,0.06666666666666667,1,7,0.3333333333333333,0.375108225108225,0.6470588235294118,0.394350840729004,0.14871711346318373,2,1,1,1.0,1.5454545454545454,3,1,1,12.638843434179455
Barabasi_Albert,BA_31_w_12_nodes_d_3,src/graph_reconstruct_attacks/data/Barabasi_Albert/BA_31_w_12_nodes_d_3,0,12,27,0.4090909090909091,4.5,1.8929694486000912,1,7,2.3553885422075336,0.44285714285714284,0.41379310344827586,-0.4224262928951188,1,1,1.0,3,1.6666666666666667,1,1,5.149613678132477,0.8717384222277405,18.389306321728604,0,6,0.5454545454545454,0.5,4.333333333333333,1,7,0.3333333333333333,5,11,0.5238095238095238,0.21818181818181814,0.6875,0.3140794926592614,0.11536890847428186,3,1,1,1.0,1.4545454545454546,2,1,1,14.925172195511099
Barabasi_Albert,BA_31_w_7_nodes_d_2,src/graph_reconstruct_attacks/data/Barabasi_Albert/BA_31_w_7_nodes_d_2,0,7,10,0.47619047619047616,2.857142857142857,1.2453996981544782,1,5,2.2359263506290326,0.5809523809523809,0.5,-0.38888888888889017,1,1,1.0,3,1.619047619047619,1,1,3.281394239592147,0.8493490292930072,5.547425160699821,0,4,0.6666666666666666,0.5714285714285714,3.0,1,5,0.3333333333333333,2,6,0.6,0.36666666666666664,0.75,0.44943013094967116,0.19927967665595375,2,1,1,1.0,1.3333333333333333,2,1,1,3.6994040818153366
Barabasi_Albert,BA_31_w_8_nodes_d_2,src/graph_reconstruct_attacks/data/Barabasi_Albert/BA_31_w_8_nodes_d_2,0,8,12,0.42857142857142855,3.0,1.224744871391589,2,6,1.4056390622295665,0.44166666666666665,0.3,-0.4444444444444444,1,1,1.0,3,1.6071428571428572,0,0,3.324398922571805,1.2131270571902468,7.483184264445128,0,3,0.42857142857142855,0.375,3.6666666666666665,2,6,0.3333333333333333,1,4,0.6666666666666666,0.0753968253968254,0.6363636363636364,0.33829618839201936,0.1254801395076518,2,0,0,1.0,1.5714285714285714,2,4,2,5.468243914652199
Barabasi_Albert,BA_31_w_9_nodes_d_2,src/graph_reconstruct_attacks/data/Barabasi_Albert/BA_31_w_9_nodes_d_2,0,9,14,0.3888888888888889,3.111111111111111,1.594744454934147,2,6,1.224394445405986,0.5518518518518518,0.36585365853658536,-0.4659685863874351,1,1,1.0,3,1.6944444444444444,0,0,3.7004819179705546,1.0475353437655666,9.579360204616043,0,6,0.75,0.6666666666666666,3.0,2,5,0.26666666666666666,4,10,0.47619047619047616,0.375,0.8,0.507321048224739,0.20302484327431988,2,0,0,1.0,1.25,2,1,1,6.4924956819919135
Barabasi_Albert,BA_32_w_10_nodes_d_2,src/graph_reconstruct_attacks/data/Barabasi_Albert/BA_32_w_10_nodes_d_2,0,10,16,0.35555555555555557,3.2,1.661324772583615,2,7,1.5709505944546687,0.42714285714285716,0.30612244897959184,-0.39805825242718446,1,1,1.0,3,1.7555555555555555,0,0,3.8338575384142306,1.0129842575725398,11.810653447129246,0,7,0.7777777777777778,0.7,3.0,2,5,0.23809523809523808,5,12,0.42857142857142855,0.44907407407407407,0.8181818181818182,0.5359816710136553,0.2050083418036828,2,0,0,1.0,1.2222222222222223,2,1,1,7.9737893252759235
Barabasi_Albert,BA_32_w_10_nodes_d_3,src/graph_reconstruct_attacks/data/Barabasi_Albert/BA_32_w_10_nodes_d_3,0,10,21,0.4666666666666667,4.2,2.181742422927143,2,9,2.3709505944546683,0.7795238095238095,0.5274725274725275,-0.5081521739130431,1,1,1.0,2,1.5333333333333334,0,0,4.959239581425957,1.609655200951505,12.576762279339954,0,9,1.0,0.9,3.6666666666666665,2,7,0.3333333333333333,12,21,0.4666666666666667,0.43055555555555547,1.0,0.5001514947991875,0.20436327599371498,3,0,0,1.0,1.0,1,1,1,9.09749251487192
Barabasi_Albert,BA_32_w_11_nodes_d_2,src/graph_reconstruct_attacks/data/Barabasi_Albert/BA_32_w_11_nodes_d_2,0,11,18,0.32727272727272727,3.272727272727273,1.9112541856026035,2,8,1.867633890971212,0.37380952380952376,0.2459016393442623,-0.44598337950138606,1,1,1.0,3,1.7818181818181817,0,0,4.035776742132959,0.997466509866405,14.158602817677263,0,6,0.6,0.5454545454545454,3.6666666666666665,2,8,0.26666666666666666,4,10,0.47619047619047616,0.21481481481481482,0.7142857142857143,0.46111192959305963,0.1564516904849535,2,0,0,1.0,1.4,2,1,1,10.458789210074194
Barabasi_Albert,BA_32_w_11_nodes_d_3,src/graph_reconstruct_attacks/data/Barabasi_Albert/BA_32_w_11_nodes_d_3,0,11,24,0.43636363636363634,4.363636363636363,2.267266166061805,1,10,2.3685225277282065,0.5464646464646464,0.44036697247706424,-0.46913258661109597,1,1,1.0,2,1.5636363636363637,1,1,5.154697120549125,0.9999999999999988,15.395953272199742,0,10,1.0,0.9090909090909091,3.8,1,6,0.3111111111111111,14,24,0.43636363636363634,0.44259259259259254,1.0,0.5080690649740567,0.2002175940905382,3,1,1,1.0,1.0,1,1,1,11.222381740286911
Barabasi_Albert,BA_32_w_12_nodes_d_2,src/graph_reconstruct_attacks/data/Barabasi_Albert/BA_32_w_12_nodes_d_2,0,12,20,0.30303030303030304,3.3333333333333335,1.1055415967851334,2,6,1.8553885422075338,0.14166666666666666,0.16666666666666666,-0.13475177304964533,1,1,1.0,3,1.893939393939394,0,0,3.693401042713506,1.1618460520499458,16.60917987984748,0,6,0.5454545454545454,0.5,3.5,3,4,0.2,3,9,0.42857142857142855,0.2648484848484848,0.6875,0.4950941892538712,0.13875694410388717,2,0,0,1.0,1.4545454545454546,2,1,1,12.638843434179455
Barabasi_Albert,BA_32_w_12_nodes_d_3,src/graph_reconstruct_attacks/data/Barabasi_Albert/BA_32_w_12_nodes_d_3,0,12,27,0.4090909090909091,4.5,1.6583123951777,3,8,2.2841591278514217,0.5811507936507937,0.4594594594594595,-0.257692307692309,1,1,1.0,3,1.6666666666666667,0,0,5.018366355005856,1.4708839742210198,18.389306321728604,0,6,0.5454545454545454,0.5,4.833333333333333,3,8,0.4,6,12,0.5714285714285714,0.12363636363636364,0.6875,0.36244200961331335,0.1071340405934305,3,0,0,1.0,1.4545454545454546,2,1,1,14.925172195511099
Barabasi_Albert,BA_32_w_7_nodes_d_2,src/graph_reconstruct_attacks/data/Barabasi_Albert/BA_32_w_7_nodes_d_2,0,7,10,0.47619047619047616,2.857142857142857,1.5518257844571737,1,6,2.1280852788913944,0.6333333333333334,0.4444444444444444,-0.6494845360824744,1,1,1.0,2,1.5238095238095237,1,1,3.3769236292453786,1.0,5.547425160699821,0,6,1.0,0.8571428571428571,2.3333333333333335,1,4,0.26666666666666666,4,10,0.47619047619047616,0.6,1.0,0.5719012982087449,0.2886529329301885,2,1,1,1.0,1.0,1,1,1,3.135132651376774
Barabasi_Albert,BA_32_w_8_nodes_d_2,src/graph_reconstruct_attacks/data/Barabasi_Albert/BA_32_w_8_nodes_d_2,0,8,12,0.42857142857142855,3.0,1.3228756555322954,2,6,1.75,0.49166666666666664,0.3870967741935484,-0.3832853025936592,1,1,1.0,3,1.6428571428571428,0,0,3.428695836175124,1.0,7.483184264445128,0,6,0.8571428571428571,0.75,2.6666666666666665,2,4,0.26666666666666666,4,10,0.47619047619047616,0.5079365079365079,0.875,0.5626242605456957,0.2353464755965891,2,0,0,1.0,1.1428571428571428,2,1,1,4.734511804056966
Barabasi_Albert,BA_32_w_9_nodes_d_2,src/graph_reconstruct_attacks/data/Barabasi_Albert/BA_32_w_9_nodes_d_2,0,9,14,0.3888888888888889,3.111111111111111,1.7284832429004495,1,7,1.7527152789797047,0.3677248677248677,0.27906976744186046,-0.6368638239339772,1,1,1.0,3,1.6388888888888888,1,1,3.7153513887440464,0.9711611174408901,9.579360204616043,0,7,0.875,0.7777777777777778,2.4285714285714284,1,4,0.14285714285714285,3,10,0.35714285714285715,0.5535714285714285,0.8888888888888888,0.5240698069379931,0.2416132870486238,2,1,1,1.0,1.125,2,1,1,6.073366374249938
Barabasi_Albert,BA_33_w_10_nodes_d_2,src/graph_reconstruct_attacks/data/Barabasi_Albert/BA_33_w_10_nodes_d_2,0,10,16,0.35555555555555557,3.2,2.1354156504062622,1,9,2.1219280948873624,0.6527777777777778,0.3620689655172414,-0.5260115606936416,1,1,1.0,2,1.6444444444444444,1,1,4.0279177791389404,0.9999999999999996,11.810653447129246,0,9,1.0,0.9,2.5555555555555554,1,4,0.19444444444444445,7,16,0.35555555555555557,0.6944444444444444,1.0,0.5854354844275715,0.26604895768339826,2,1,1,1.0,1.0,1,1,1,6.921565792466024
Barabasi_Albert,BA_33_w_10_nodes_d_3,src/graph_reconstruct_attacks/data/Barabasi_Albert/BA_33_w_10_nodes_d_3,0,10,21,0.4666666666666667,4.2,1.32664991614216,2,6,2.170950594454669,0.45,0.47368421052631576,-0.06408345752607865,1,1,1.0,3,1.6222222222222222,0,0,4.619971038009767,1.2151336667067216,12.576762279339954,0,6,0.6666666666666666,0.6,4.5,2,6,0.4,6,12,0.5714285714285714,0.20601851851851852,0.75,0.4163339630040155,0.13791295821461444,3,0,0,1.0,1.3333333333333333,2,2,1,9.745691626382566
Barabasi_Albert,BA_33_w_11_nodes_d_2,src/graph_reconstruct_attacks/data/Barabasi_Albert/BA_33_w_11_nodes_d_2,0,11,18,0.32727272727272727,3.272727272727273,1.2856486930664501,2,6,2.1180782093497097,0.6939393939393939,0.48,-0.14332247557003366,1,1,1.0,4,2.0545454545454547,0,1,3.7648788901365635,0.48084103733035055,14.158602817677263,0,5,0.5,0.45454545454545453,3.8,3,6,0.3,3,8,0.5333333333333333,0.48518518518518516,0.6666666666666666,0.4148873591276761,0.13146708550890995,2,1,0,1.0,1.5,2,1,1,10.86335979764525
Barabasi_Albert,BA_33_w_11_nodes_d_3,src/graph_reconstruct_attacks/data/Barabasi_Albert/BA_33_w_11_nodes_d_3,0,11,24,0.43636363636363634,4.363636363636363,1.7200807207658637,3,9,2.004886164091843,0.6212121212121212,0.4948453608247423,-0.2621737436696528,1,1,1.0,3,1.6,0,0,4.87379276013523,1.5720900092194616,15.395953272199742,0,9,0.9,0.8181818181818182,4.0,3,6,0.3333333333333333,12,21,0.4666666666666667,0.39111111111111124,0.9090909090909091,0.5064327892498249,0.175980715389023,3,0,0,1.0,1.1,2,1,1,11.537652175065498
Barabasi_Albert,BA_33_w_12_nodes_d_2,src/graph_reconstruct_attacks/data/Barabasi_Albert/BA_33_w_12_nodes_d_2,0,12,20,0.30303030303030304,3.3333333333333335,2.0548046676563256,2,9,1.780672129520887,0.5,0.25,-0.48783977110157317,1,1,1.0,3,1.7575757575757576,0,0,4.119572908990452,1.2819989224951511,16.60917987984748,0,9,0.8181818181818182,0.75,2.888888888888889,2,5,0.16666666666666666,6,15,0.3333333333333333,0.515151515151515,0.8461538461538461,0.5572287770380938,0.21006251161231676,2,0,0,1.0,1.1818181818181819,2,1,1,11.077925645748465
Barabasi_Albert,BA_33_w_12_nodes_d_3,src/graph_reconstruct_attacks/data/Barabasi_Albert/BA_33_w_12_nodes_d_3,0,12,27,0.4090909090909091,4.5,2.179449471770337,2,10,2.4508257945180882,0.6921957671957673,0.4878048780487805,-0.36259541984732907,1,1,1.0,3,1.621212121212121,0,0,5.253757837684198,1.4749728050152742,18.389306321728604,0,10,0.9090909090909091,0.8333333333333334,4.1,2,7,0.3111111111111111,14,24,0.43636363636363634,0.4093939393939394,0.9166666666666666,0.4903103509644641,0.17475333623139383,3,0,0,1.0,1.0909090909090908,2,1,1,13.834091726163757
Barabasi_Albert,BA_33_w_7_nodes_d_2,src/graph_reconstruct_attacks/data/Barabasi_Albert/BA_33_w_7_nodes_d_2,0,7,10,0.47619047619047616,2.857142857142857,0.8329931278350429,2,4,1.5566567074628228,0.2857142857142857,0.2857142857142857,-0.30434782608696004,1,1,1.0,3,1.5714285714285714,0,0,3.0637394413869354,1.3358329518129177,5.547425160699821,0,2,0.3333333333333333,0.2857142857142857,3.5,3,4,0,0,2,0.6666666666666666,0.03333333333333333,0.6,0.2675687965410044,0.10553590288020727,2,0,0,1.0,1.6666666666666667,2,3,2,3.808548551240405
Barabasi_Albert,BA_33_w_8_nodes_d_2,src/graph_reconstruct_attacks/data/Barabasi_Albert/BA_33_w_8_nodes_d_2,0,8,12,0.42857142857142855,3.0,1.0,2,5,1.811278124459133,0.5458333333333333,0.42857142857142855,-0.317073170731709,1,1,1.0,3,1.7142857142857142,0,1,3.2810679716255793,0.7738725827074191,7.483184264445128,0,5,0.7142857142857143,0.625,2.6,2,4,0.2,2,7,0.4666666666666667,0.5476190476190476,0.7777777777777778,0.46752192644064705,0.20263720150610953,2,1,0,1.0,1.2857142857142858,2,1,1,5.065505023098389
Barabasi_Albert,BA_33_w_9_nodes_d_2,src/graph_reconstruct_attacks/data/Barabasi_Albert/BA_33_w_9_nodes_d_2,0,9,14,0.3888888888888889,3.111111111111111,1.5234788000891208,2,7,1.7527152789797045,0.582010582010582,0.375,-0.3922651933701657,1,1,1.0,3,1.6666666666666667,0,0,3.6176877417107125,1.065872796503648,9.579360204616043,0,4,0.5,0.4444444444444444,3.5,2,7,0.3333333333333333,2,6,0.6,0.14880952380952378,0.6666666666666666,0.3795947269518698,0.13958327678295837,2,0,0,1.0,1.5,2,1,1,7.118036769169399
Barabasi_Albert,BA_34_w_10_nodes_d_2,src/graph_reconstruct_attacks/data/Barabasi_Albert/BA_34_w_10_nodes_d_2,0,10,16,0.35555555555555557,3.2,1.1661903789690602,2,5,1.9219280948873623,0.12666666666666665,0.07142857142857142,-0.42528735632183906,1,1,1.0,3,1.8222222222222222,0,0,3.514241222311779,1.2006994785393938,11.810653447129246,0,3,0.3333333333333333,0.3,3.6666666666666665,2,5,0,0,3,0.5,0.0736111111111111,0.5294117647058824,0.2824515117384726,0.09506335685285942,2,0,0,1.0,1.8888888888888888,3,2,2,9.36376040427669
Barabasi_Albert,BA_34_w_10_nodes_d_3,src/graph_reconstruct_attacks/data/Barabasi_Albert/BA_34_w_10_nodes_d_3,0,10,21,0.4666666666666667,4.2,1.8330302779823358,3,9,1.6854752972273346,0.6066666666666667,0.4642857142857143,-0.3693693693693683,1,1,1.0,2,1.5333333333333334,0,0,4.735584049917034,1.780622999701901,12.576762279339954,0,9,1.0,0.9,3.6666666666666665,3,6,0.3333333333333333,12,21,0.4666666666666667,0.4236111111111111,1.0,0.528709449537918,0.2014127923663894,3,0,0,1.0,1.0,1,1,1,9.09749251487192
Barabasi_Albert,BA_34_w_11_nodes_d_2,src/graph_reconstruct_attacks/data/Barabasi_Albert/BA_34_w_11_nodes_d_2,0,11,18,0.32727272727272727,3.272727272727273,1.6564424689353272,2,7,1.9717472571281807,0.3688311688311688,0.26785714285714285,-0.4311475409836077,1,1,1.0,3,1.7818181818181817,0,0,3.8504335183366796,1.1074199343532911,14.158602817677263,0,7,0.7,0.6363636363636364,3.142857142857143,2,6,0.19047619047619047,4,11,0.39285714285714285,0.41111111111111115,0.7692307692307693,0.5150854659224634,0.18220446731922263,2,0,0,1.0,1.3,2,1,1,10.006491539079562
Barabasi_Albert,BA_34_w_11_nodes_d_3,src/graph_reconstruct_attacks/data/Barabasi_Albert/BA_34_w_11_nodes_d_3,0,11,24,0.43636363636363634,4.363636363636363,2.10076727423479,2,8,2.368522527728207,0.6829004329004329,0.45714285714285713,-0.5516840882694548,1,1,1.0,2,1.5636363636363637,0,0,5.066620733458774,1.7531171277535462,15.395953272199742,0,7,0.7,0.6363636363636364,4.428571428571429,2,8,0.38095238095238093,8,15,0.5357142857142857,0.1896296296296296,0.7692307692307693,0.397781700347899,0.14201009190548436,3,0,0,1.0,1.3,2,2,1,12.042602523649927
Barabasi_Albert,BA_34_w_12_nodes_d_2,src/graph_reconstruct_attacks/data/Barabasi_Albert/BA_34_w_12_nodes_d_2,0,12,20,0.30303030303030304,3.3333333333333335,1.6499158227686106,2,8,1.9508257945180887,0.48154761904761906,0.2857142857142857,-0.40703517587939647,1,1,1.0,3,1.8484848484848484,0,0,3.9084559154174383,0.9720083231813612,16.60917987984748,0,3,0.2727272727272727,0.25,5.666666666666667,4,8,0.3333333333333333,1,4,0.6666666666666666,0.05575757575757575,0.5789473684210527,0.3005357462341709,0.07371676636787873,2,0,0,1.0,1.7272727272727273,2,5,4,13.834091726163757
Barabasi_Albert,BA_34_w_12_nodes_d_3,src/graph_reconstruct_attacks/data/Barabasi_Albert/BA_34_w_12_nodes_d_3,0,12,27,0.4090909090909091,4.5,2.362907813126304,2,10,2.125814583693911,0.6471560846560847,0.421875,-0.4709929341762746,1,1,1.0,3,1.606060606060606,0,0,5.33775778260806,1.361363367277409,18.389306321728604,0,10,0.9090909090909091,0.8333333333333334,4.1,2,8,0.3111111111111111,14,24,0.43636363636363634,0.3712121212121212,0.9166666666666666,0.48163202766844293,0.17553337607435915,3,0,0,1.0,1.0909090909090908,2,1,1,13.834091726163757
Barabasi_Albert,BA_34_w_7_nodes_d_2,src/graph_reconstruct_attacks/data/Barabasi_Albert/BA_34_w_7_nodes_d_2,0,7,10,0.47619047619047616,2.857142857142857,0.8329931278350429,2,4,1.5566567074628228,0.3095238095238095,0.2857142857142857,-0.30434782608696004,1,1,1.0,3,1.619047619047619,0,0,3.0558396095567586,1.0462762836504451,5.547425160699821,0,4,0.6666666666666666,0.5714285714285714,2.75,2,4,0.16666666666666666,1,5,0.5,0.3222222222222222,0.75,0.4754334427406875,0.1937339460821561,2,0,0,1.0,1.3333333333333333,2,2,1,3.6994040818153366
Barabasi_Albert,BA_34_w_8_nodes_d_2,src/graph_reconstruct_attacks/data/Barabasi_Albert/BA_34_w_8_nodes_d_2,0,8,12,0.42857142857142855,3.0,1.8708286933869707,1,7,2.0,0.6630952380952381,0.39473684210526316,-0.68862275449102,1,1,1.0,2,1.5714285714285714,1,1,3.684980783879652,1.000000000000001,7.483184264445128,0,7,1.0,0.875,2.4285714285714284,1,5,0.23809523809523808,5,12,0.42857142857142855,0.5952380952380952,1.0,0.5655290346910958,0.2794509881451736,2,1,1,1.0,1.0,1,1,1,4.308543071784685
Barabasi_Albert,BA_34_w_9_nodes_d_2,src/graph_reconstruct_attacks/data/Barabasi_Albert/BA_34_w_9_nodes_d_2,0,9,14,0.3888888888888889,3.111111111111111,0.8748897637790901,2,5,1.6577427265048887,0.08518518518518518,0.09090909090909091,-0.4736842105263098,1,1,1.0,3,1.6944444444444444,0,0,3.293882790107492,1.430117709004055,9.579360204616043,0,5,0.625,0.5555555555555556,2.8,2,3,0.1,1,6,0.4,0.2654761904761904,0.7272727272727273,0.48192445885047025,0.1700155715828897,2,0,0,1.0,1.375,2,1,1,6.839283168216569
Barabasi_Albert,BA_35_w_10_nodes_d_2,src/graph_reconstruct_attacks/data/Barabasi_Albert/BA_35_w_10_nodes_d_2,0,10,16,0.35555555555555557,3.2,1.6,2,7,1.9609640474436814,0.47714285714285715,0.3125,-0.42105263157894735,1,1,1.0,3,1.711111111111111,0,0,3.747830406812005,1.217654626572801,11.810653447129246,0,5,0.5555555555555556,0.5,3.2,2,7,0.2,2,7,0.4666666666666667,0.22685185185185183,0.6923076923076923,0.3989742108854141,0.15142582870807075,2,0,0,1.0,1.4444444444444444,2,1,1,8.778733752247508
Barabasi_Albert,BA_35_w_10_nodes_d_3,src/graph_reconstruct_attacks/data/Barabasi_Albert/BA_35_w_10_nodes_d_3,0,10,21,0.4666666666666667,4.2,1.1661903789690602,3,7,1.8464393446710154,0.45999999999999996,0.40540540540540543,-0.3621621621621628,1,1,1.0,3,1.5777777777777777,0,0,4.442313890394371,1.8145297848348023,12.576762279339954,0,5,0.5555555555555556,0.5,3.6,3,4,0.2,2,7,0.4666666666666667,0.14074074074074072,0.6428571428571429,0.31793826629824706,0.11806962073302646,3,0,0,1.0,1.5555555555555556,3,2,1,9.863790938460564
Barabasi_Albert,BA_35_w_11_nodes_d_2,src/graph_reconstruct_attacks/data/Barabasi_Albert/BA_35_w_11_nodes_d_2,0,11,18,0.32727272727272727,3.272727272727273,1.656442468935327,2,8,1.823067982273661,0.3798701298701299,0.26785714285714285,-0.34067357512953356,1,1,1.0,3,1.8,0,0,3.86959172977908,1.1307645618439857,14.158602817677263,0,8,0.8,0.7272727272727273,2.875,2,4,0.17857142857142858,5,13,0.3611111111111111,0.5374074074074073,0.8333333333333334,0.5643231737567409,0.2065779495261184,2,0,0,1.0,1.2,2,1,1,9.503816179887517
Barabasi_Albert,BA_35_w_11_nodes_d_3,src/graph_reconstruct_attacks/data/Barabasi_Albert/BA_35_w_11_nodes_d_3,0,11,24,0.43636363636363634,4.363636363636363,1.1499191491521379,3,7,1.867633890971212,0.4090909090909091,0.375,-0.16037735849056367,1,1,1.0,3,1.5818181818181818,0,0,4.637097864752555,1.8121027091663748,15.395953272199742,0,7,0.7,0.6363636363636364,4.285714285714286,3,5,0.3333333333333333,7,14,0.5,0.17777777777777778,0.7692307692307693,0.4478568513188072,0.1383732384605344,3,0,0,1.0,1.3,2,1,1,12.042602523649927
Barabasi_Albert,BA_35_w_12_nodes_d_2,src/graph_reconstruct_attacks/data/Barabasi_Albert/BA_35_w_12_nodes_d_2,0,12,20,0.30303030303030304,3.3333333333333335,1.699673171197595,2,7,2.125814583693911,0.3353174603174603,0.234375,-0.32963988919667586,1,1,1.0,3,1.8636363636363635,0,0,4.003389269834782,1.1152178615996227,16.60917987984748,0,6,0.5454545454545454,0.5,3.5,2,7,0.2,3,9,0.42857142857142855,0.2533333333333333,0.6875,0.4294535279797543,0.14222431206418712,2,0,0,1.0,1.4545454545454546,2,1,1,12.638843434179455
Barabasi_Albert,BA_35_w_12_nodes_d_3,src/graph_reconstruct_attacks/data/Barabasi_Albert/BA_35_w_12_nodes_d_3,0,12,27,0.4090909090909091,4.5,1.9790570145063195,3,10,2.054585169337799,0.3453703703703703,0.2796610169491525,-0.4697210251757769,1,1,1.0,2,1.5909090909090908,0,0,5.047583920574165,2.2213364001088927,18.389306321728604,0,4,0.36363636363636365,0.3333333333333333,6.5,4,10,0.3333333333333333,2,6,0.6,0.02424242424242424,0.6111111111111112,0.2767972503949098,0.07408683656750535,3,0,0,1.0,1.6363636363636365,2,3,2,15.271014535591446
Barabasi_Albert,BA_35_w_7_nodes_d_2,src/graph_reconstruct_attacks/data/Barabasi_Albert/BA_35_w_7_nodes_d_2,0,7,10,0.47619047619047616,2.857142857142857,1.5518257844571737,1,6,2.1280852788913944,0.6333333333333334,0.4444444444444444,-0.6494845360824744,1,1,1.0,2,1.5238095238095237,1,1,3.376923629245379,1.0000000000000004,5.547425160699821,0,6,1.0,0.8571428571428571,2.3333333333333335,1,4,0.26666666666666666,4,10,0.47619047619047616,0.6,1.0,0.5719012982087449,0.2886529329301885,2,1,1,1.0,1.0,1,1,1,3.135132651376774
Barabasi_Albert,BA_35_w_8_nodes_d_2,src/graph_reconstruct_attacks/data/Barabasi_Albert/BA_35_w_8_nodes_d_2,0,8,12,0.42857142857142855,3.0,0.8660254037844386,2,5,1.2987949406953985,0.37083333333333335,0.3333333333333333,-0.24444444444444569,1,1,1.0,3,1.6428571428571428,0,0,3.228225371781155,1.1914702564186745,7.483184264445128,0,5,0.7142857142857143,0.625,2.8,2,3,0.3,3,8,0.5333333333333333,0.34920634920634913,0.7777777777777778,0.5302868357837519,0.1969853035270101,2,0,0,1.0,1.2857142857142858,2,1,1,5.065505023098389
Barabasi_Albert,BA_35_w_9_nodes_d_2,src/graph_reconstruct_attacks/data/Barabasi_Albert/BA_35_w_9_nodes_d_2,0,9,14,0.3888888888888889,3.111111111111111,1.594744454934147,1,7,2.0588138903312014,0.5873015873015873,0.43902439024390244,-0.38197424892703896,1,1,1.0,3,1.7222222222222223,1,1,3.70470093396732,0.7076396498292398,9.579360204616043,0,4,0.5,0.4444444444444444,3.25,1,7,0.3333333333333333,2,6,0.6,0.26785714285714285,0.6666666666666666,0.3373177536777977,0.14812099140478194,2,1,1,1.0,1.5,2,1,1,7.118036769169399
Barabasi_Albert,BA_36_w_10_nodes_d_2,src/graph_reconstruct_attacks/data/Barabasi_Albert/BA_36_w_10_nodes_d_2,0,10,16,0.35555555555555557,3.2,1.5362291495737217,2,6,1.7609640474436812,0.37333333333333335,0.2553191489361702,-0.49134487350199735,1,1,1.0,3,1.7777777777777777,0,0,3.7065686098566073,0.8673929151850327,11.810653447129246,0,6,0.6666666666666666,0.6,3.3333333333333335,2,6,0.26666666666666666,4,10,0.47619047619047616,0.3819444444444444,0.75,0.5032800975686144,0.1759266727572491,2,0,0,1.0,1.3333333333333333,2,2,1,8.405153089434915
Barabasi_Albert,BA_36_w_10_nodes_d_3,src/graph_reconstruct_attacks/data/Barabasi_Albert/BA_36_w_10_nodes_d_3,0,10,21,0.4666666666666667,4.2,1.8330302779823358,1,7,2.7219280948873625,0.5614285714285714,0.5357142857142857,-0.35294117647058953,1,1,1.0,3,1.6,1,1,4.873491291298777,0.9404541612573918,12.576762279339954,0,7,0.7777777777777778,0.7,4.0,1,6,0.38095238095238093,8,15,0.5357142857142857,0.3282407407407407,0.8181818181818182,0.41792008598862307,0.16682769748244064,3,1,1,1.0,1.2222222222222223,2,1,1,9.579360204616043
Barabasi_Albert,BA_36_w_11_nodes_d_2,src/graph_reconstruct_attacks/data/Barabasi_Albert/BA_36_w_11_nodes_d_2,0,11,18,0.32727272727272727,3.272727272727273,1.8136306675690912,1,7,2.2998963911678914,0.31125541125541123,0.2542372881355932,-0.4365522745411021,1,1,1.0,3,1.8,1,1,4.0081697475445655,0.9195650770385569,14.158602817677263,0,7,0.7,0.6363636363636364,3.142857142857143,1,6,0.19047619047619047,4,11,0.39285714285714285,0.42074074074074075,0.7692307692307693,0.4887845937131536,0.18686112401757587,2,1,1,1.0,1.3,2,1,1,10.006491539079562
Barabasi_Albert,BA_36_w_11_nodes_d_3,src/graph_reconstruct_attacks/data/Barabasi_Albert/BA_36_w_11_nodes_d_3,0,11,24,0.43636363636363634,4.363636363636363,2.0123585110162416,1,9,2.413088436425758,0.5717171717171717,0.49514563106796117,-0.34311076804322677,1,1,1.0,3,1.6363636363636365,1,1,5.08954088480302,0.891314978286986,15.395953272199742,0,6,0.6,0.5454545454545454,4.333333333333333,1,9,0.3333333333333333,5,11,0.5238095238095238,0.24444444444444446,0.7142857142857143,0.33241323164622855,0.12844435108877797,3,1,1,1.0,1.4,2,2,1,12.234488049888835
Barabasi_Albert,BA_36_w_12_nodes_d_2,src/graph_reconstruct_attacks/data/Barabasi_Albert/BA_36_w_12_nodes_d_2,0,12,20,0.30303030303030304,3.3333333333333335,1.8408935028645437,2,7,1.7295739585136223,0.4928571428571429,0.26865671641791045,-0.5073730202075367,1,1,1.0,3,1.8181818181818181,0,0,3.99949458372194,1.1195515087380932,16.60917987984748,0,7,0.6363636363636364,0.5833333333333334,3.2857142857142856,2,7,0.19047619047619047,4,11,0.39285714285714285,0.3593939393939394,0.7333333333333333,0.4784603338466256,0.1650148908247546,2,0,0,1.0,1.3636363636363635,2,2,2,12.161722179459781
Barabasi_Albert,BA_36_w_12_nodes_d_3,src/graph_reconstruct_attacks/data/Barabasi_Albert/BA_36_w_12_nodes_d_3,0,12,27,0.4090909090909091,4.5,2.362907813126304,2,9,2.4182958340544896,0.6460978835978836,0.421875,-0.5126849894291751,1,1,1.0,2,1.5909090909090908,0,0,5.332482112782347,1.8542504001088802,18.389306321728604,0,8,0.7272727272727273,0.6666666666666666,4.625,2,9,0.35714285714285715,10,18,0.5,0.1839393939393939,0.7857142857142857,0.4148041241561963,0.142295044785137,3,0,0,1.0,1.2727272727272727,2,2,2,14.448050940791438
Barabasi_Albert,BA_36_w_7_nodes_d_2,src/graph_reconstruct_attacks/data/Barabasi_Albert/BA_36_w_7_nodes_d_2,0,7,10,0.47619047619047616,2.857142857142857,1.4568627181693672,1,6,1.8423709931771084,0.6095238095238095,0.46153846153846156,-0.5693430656934326,1,1,1.0,2,1.5238095238095237,1,1,3.323404276086478,0.9999999999999997,5.547425160699821,0,6,1.0,0.8571428571428571,2.3333333333333335,1,3,0.26666666666666666,4,10,0.47619047619047616,0.6333333333333333,1.0,0.581731300331083,0.28793461211119603,2,1,1,1.0,1.0,1,1,1,3.135132651376774
Barabasi_Albert,BA_36_w_8_nodes_d_2,src/graph_reconstruct_attacks/data/Barabasi_Albert/BA_36_w_8_nodes_d_2,0,8,12,0.42857142857142855,3.0,1.3228756555322954,2,6,1.75,0.35,0.1935483870967742,-0.6253602305475497,1,1,1.0,2,1.5714285714285714,0,0,3.334726507219364,1.3819660112501062,7.483184264445128,0,3,0.42857142857142855,0.375,4.0,2,6,0.3333333333333333,1,4,0.6666666666666666,0.05952380952380952,0.6363636363636364,0.35881613205696156,0.124454103082248,2,0,0,1.0,1.5714285714285714,2,2,2,5.468243914652199
Barabasi_Albert,BA_36_w_9_nodes_d_2,src/graph_reconstruct_attacks/data/Barabasi_Albert/BA_36_w_9_nodes_d_2,0,9,14,0.3888888888888889,3.111111111111111,1.1967032904743342,2,5,1.836591668108979,0.7259259259259259,0.5,-0.2599999999999988,1,1,1.0,3,1.8611111111111112,0,1,3.4999148384475682,0.5537983819829309,9.579360204616043,0,5,0.625,0.5555555555555556,3.2,2,5,0.3,3,8,0.5333333333333333,0.5535714285714285,0.7272727272727273,0.4451855483363897,0.1719307162821313,2,1,0,1.0,1.375,2,2,1,6.839283168216569
Barabasi_Albert,BA_37_w_10_nodes_d_2,src/graph_reconstruct_attacks/data/Barabasi_Albert/BA_37_w_10_nodes_d_2,0,10,16,0.35555555555555557,3.2,1.32664991614216,2,5,1.6854752972273346,0.39,0.3409090909090909,-0.17857142857142858,1,1,1.0,3,1.8444444444444446,0,0,3.6975961047916006,0.787295451561675,11.810653447129246,0,5,0.5555555555555556,0.5,3.6,2,5,0.3,3,8,0.5333333333333333,0.26851851851851855,0.6923076923076923,0.44619245505562083,0.14909305099191655,2,0,0,1.0,1.4444444444444444,2,3,1,8.778733752247508
Barabasi_Albert,BA_37_w_10_nodes_d_3,src/graph_reconstruct_attacks/data/Barabasi_Albert/BA_37_w_10_nodes_d_3,0,10,21,0.4666666666666667,4.2,1.6,1,7,2.4464393446710155,0.4680952380952381,0.4875,-0.3021420518602038,1,1,1.0,3,1.5777777777777777,1,1,4.7104356438709765,0.9495158821299985,12.576762279339954,0,7,0.7777777777777778,0.7,4.142857142857143,1,6,0.38095238095238093,8,15,0.5357142857142857,0.3101851851851852,0.8181818181818182,0.4484692056231278,0.16388679325668476,3,1,1,1.0,1.2222222222222223,2,1,1,9.579360204616043
Barabasi_Albert,BA_37_w_11_nodes_d_2,src/graph_reconstruct_attacks/data/Barabasi_Albert/BA_37_w_11_nodes_d_2,0,11,18,0.32727272727272727,3.272727272727273,1.9582417480489105,1,8,2.2221915755066783,0.467965367965368,0.2903225806451613,-0.46537059538274644,1,1,1.0,3,1.7818181818181817,1,1,4.08504437256132,0.8132296220270597,14.158602817677263,0,5,0.5,0.45454545454545453,4.0,1,8,0.3,3,8,0.5333333333333333,0.23851851851851852,0.6666666666666666,0.388249725653451,0.13765605632057246,2,1,1,1.0,1.5,2,2,2,10.86335979764525
Barabasi_Albert,BA_37_w_11_nodes_d_3,src/graph_reconstruct_attacks/data/Barabasi_Albert/BA_37_w_11_nodes_d_3,0,11,24,0.43636363636363634,4.363636363636363,1.6663911618021234,2,8,2.413088436425758,0.4205627705627705,0.40625,-0.28000000000000186,1,1,1.0,3,1.6181818181818182,0,0,4.904057393061692,1.621361070024911,15.395953272199742,0,6,0.6,0.5454545454545454,4.333333333333333,2,8,0.3333333333333333,5,11,0.5238095238095238,0.16574074074074072,0.7142857142857143,0.3577193482677331,0.12268802260820146,3,0,0,1.0,1.4,2,2,1,12.234488049888835
Barabasi_Albert,BA_37_w_12_nodes_d_2,src/graph_reconstruct_attacks/data/Barabasi_Albert/BA_37_w_12_nodes_d_2,0,12,20,0.30303030303030304,3.3333333333333335,2.0138409955990952,2,8,1.6140054628542202,0.5567460317460318,0.29577464788732394,-0.5493581230633008,1,1,1.0,3,1.8181818181818181,0,0,4.113545499299615,1.008271703411469,16.60917987984748,0,8,0.7272727272727273,0.6666666666666666,3.25,2,6,0.21428571428571427,6,14,0.3888888888888889,0.4333333333333333,0.7857142857142857,0.53265346390439,0.1859683683940712,2,0,0,1.0,1.2727272727272727,2,1,1,11.642197076187038
Barabasi_Albert,BA_37_w_12_nodes_d_3,src/graph_reconstruct_attacks/data/Barabasi_Albert/BA_37_w_12_nodes_d_3,0,12,27,0.4090909090909091,4.5,1.7559422921421233,2,9,2.3553885422075336,0.4078703703703703,0.39823008849557523,-0.1991540359534716,1,1,1.0,3,1.6363636363636365,0,0,5.081477793469261,1.6399491887870234,18.389306321728604,0,5,0.45454545454545453,0.4166666666666667,5.0,2,9,0.4,4,9,0.6,0.09393939393939393,0.6470588235294118,0.2935090931272918,0.09267179786869803,3,0,0,1.0,1.5454545454545454,2,4,1,15.114228431731151
Barabasi_Albert,BA_37_w_7_nodes_d_2,src/graph_reconstruct_attacks/data/Barabasi_Albert/BA_37_w_7_nodes_d_2,0,7,10,0.47619047619047616,2.857142857142857,0.8329931278350429,2,4,1.5566567074628228,0.42857142857142855,0.2857142857142857,-0.5942028985507294,1,1,1.0,3,1.5714285714285714,0,0,3.0176014839854286,1.120614758428184,5.547425160699821,0,4,0.6666666666666666,0.5714285714285714,2.5,2,3,0.16666666666666666,1,5,0.5,0.26666666666666666,0.75,0.46067095306991496,0.19445663329041832,2,0,0,1.0,1.3333333333333333,2,2,2,3.6994040818153366
Barabasi_Albert,BA_37_w_8_nodes_d_2,src/graph_reconstruct_attacks/data/Barabasi_Albert/BA_37_w_8_nodes_d_2,0,8,12,0.42857142857142855,3.0,1.118033988749895,2,5,1.75,0.5041666666666667,0.3103448275862069,-0.5706806282722504,1,1,1.0,3,1.6071428571428572,0,0,3.2725560809100127,1.2212701014503873,7.483184264445128,0,4,0.5714285714285714,0.5,3.25,2,5,0.3333333333333333,2,6,0.6,0.1825396825396825,0.7,0.43699826862178104,0.16170825004134065,2,0,0,1.0,1.4285714285714286,2,2,1,5.308543071784685
Barabasi_Albert,BA_37_w_9_nodes_d_2,src/graph_reconstruct_attacks/data/Barabasi_Albert/BA_37_w_9_nodes_d_2,0,9,14,0.3888888888888889,3.111111111111111,1.286204100310025,2,6,1.836591668108979,0.6407407407407407,0.40540540540540543,-0.3691931540342287,1,1,1.0,3,1.75,0,0,3.5127606689560142,0.9482836578803977,9.579360204616043,0,6,0.75,0.6666666666666666,2.8333333333333335,2,4,0.26666666666666666,4,10,0.47619047619047616,0.42261904761904756,0.8,0.5359463203534075,0.20210463709982077,2,0,0,1.0,1.25,2,1,1,6.4924956819919135
Barabasi_Albert,BA_38_w_10_nodes_d_2,src/graph_reconstruct_attacks/data/Barabasi_Albert/BA_38_w_10_nodes_d_2,0,10,16,0.35555555555555557,3.2,1.8330302779823358,2,8,1.6854752972273344,0.6245238095238095,0.34615384615384615,-0.4888888888888889,1,1,1.0,3,1.711111111111111,0,1,3.8459931579667552,0.9033515179612475,11.810653447129246,0,8,0.8888888888888888,0.8,2.625,2,5,0.17857142857142858,5,13,0.3611111111111111,0.6388888888888888,0.9,0.5616757822269473,0.23516108810569136,2,1,0,1.0,1.1111111111111112,2,1,1,7.480873803373035
Barabasi_Albert,BA_38_w_10_nodes_d_3,src/graph_reconstruct_attacks/data/Barabasi_Albert/BA_38_w_10_nodes_d_3,0,10,21,0.4666666666666667,4.2,1.777638883463118,1,8,2.3219280948873626,0.5054761904761904,0.5060240963855421,-0.37411095305832215,1,1,1.0,3,1.5777777777777777,1,1,4.7928557027160466,0.9783143987867133,12.576762279339954,0,8,0.8888888888888888,0.8,3.75,1,6,0.32142857142857145,9,17,0.4722222222222222,0.4120370370370369,0.9,0.4679797919500943,0.18627356322045266,3,1,1,1.0,1.1111111111111112,2,1,1,9.36376040427669
Barabasi_Albert,BA_38_w_11_nodes_d_2,src/graph_reconstruct_attacks/data/Barabasi_Albert/BA_38_w_11_nodes_d_2,0,11,18,0.32727272727272727,3.272727272727273,1.1354541815269816,2,5,1.9362600275315274,0.14848484848484847,0.1875,-0.4545454545454548,1,1,1.0,3,1.7818181818181817,0,0,3.57994555607588,1.273236729954923,14.158602817677263,0,5,0.5,0.45454545454545453,2.8,2,5,0.1,1,6,0.4,0.2555555555555556,0.6666666666666666,0.3671056408096845,0.13617891147138278,2,0,0,1.0,1.5,2,2,1,10.86335979764525
Barabasi_Albert,BA_38_w_11_nodes_d_3,src/graph_reconstruct_attacks/data/Barabasi_Albert/BA_38_w_11_nodes_d_3,0,11,24,0.43636363636363634,4.363636363636363,1.7200807207658637,3,9,1.6767370300521325,0.4308080808080808,0.3711340206185567,-0.3082164328657335,1,1,1.0,2,1.5636363636363637,0,0,4.867520988689728,1.95397095332406,15.395953272199742,0,9,0.9,0.8181818181818182,3.888888888888889,3,5,0.3055555555555556,11,20,0.4444444444444444,0.3370370370370371,0.9090909090909091,0.5030704673269152,0.17643600883499874,3,0,0,1.0,1.1,2,1,1,11.537652175065498
Barabasi_Albert,BA_38_w_12_nodes_d_2,src/graph_reconstruct_attacks/data/Barabasi_Albert/BA_38_w_12_nodes_d_2,0,12,20,0.30303030303030304,3.3333333333333335,1.6499158227686108,1,7,2.3553885422075336,0.2714285714285714,0.23809523809523808,-0.43401983218916923,1,1,1.0,3,1.8484848484848484,1,1,3.9808730475072784,0.8538497367816493,16.60917987984748,0,6,0.5454545454545454,0.5,2.8333333333333335,1,4,0.06666666666666667,1,7,0.3333333333333333,0.3227272727272727,0.6875,0.3813566774890199,0.14729211858887578,2,1,1,1.0,1.4545454545454546,2,1,1,12.638843434179455
Barabasi_Albert,BA_38_w_12_nodes_d_3,src/graph_reconstruct_attacks/data/Barabasi_Albert/BA_38_w_12_nodes_d_3,0,12,27,0.4090909090909091,4.5,1.7559422921421233,2,8,2.084962500721156,0.4238095238095238,0.34513274336283184,-0.4273127753303957,1,1,1.0,3,1.6363636363636365,0,0,5.009716577622952,1.6901903631259798,18.389306321728604,0,8,0.7272727272727273,0.6666666666666666,4.125,2,6,0.2857142857142857,8,16,0.4444444444444444,0.24090909090909093,0.7857142857142857,0.42828032477092465,0.1418534421415859,3,0,0,1.0,1.2727272727272727,2,1,1,14.448050940791438
Barabasi_Albert,BA_38_w_7_nodes_d_2,src/graph_reconstruct_attacks/data/Barabasi_Albert/BA_38_w_7_nodes_d_2,0,7,10,0.47619047619047616,2.857142857142857,1.3552618543578767,1,5,1.8423709931771086,0.6047619047619047,0.48,-0.5151515151515152,1,1,1.0,3,1.619047619047619,1,1,3.334717708449463,0.8250721540164505,5.547425160699821,0,4,0.6666666666666666,0.5714285714285714,3.0,1,5,0.3333333333333333,2,6,0.6,0.36666666666666664,0.75,0.4327295704763915,0.20085405498385733,2,1,1,1.0,1.3333333333333333,2,2,1,3.6994040818153366
Barabasi_Albert,BA_38_w_8_nodes_d_2,src/graph_reconstruct_attacks/data/Barabasi_Albert/BA_38_w_8_nodes_d_2,0,8,12,0.42857142857142855,3.0,1.7320508075688772,1,7,2.1556390622295662,0.6339285714285714,0.4166666666666667,-0.5882352941176471,1,1,1.0,2,1.5714285714285714,1,1,3.602339719308668,1.0000000000000007,7.483184264445128,0,7,1.0,0.875,2.4285714285714284,1,4,0.23809523809523808,5,12,0.42857142857142855,0.6428571428571428,1.0,0.5793324768033559,0.278578486940226,2,1,1,1.0,1.0,1,1,1,4.308543071784685
Barabasi_Albert,BA_38_w_9_nodes_d_2,src/graph_reconstruct_attacks/data/Barabasi_Albert/BA_38_w_9_nodes_d_2,0,9,14,0.3888888888888889,3.111111111111111,1.7916128329552332,1,7,2.2810361125534233,0.4783068783068783,0.3409090909090909,-0.5435897435897453,1,1,1.0,3,1.6944444444444444,1,1,3.8019701019761754,0.9498821962784689,9.579360204616043,0,7,0.875,0.7777777777777778,2.7142857142857144,1,5,0.23809523809523808,5,12,0.42857142857142855,0.5119047619047619,0.8888888888888888,0.5431852072603089,0.23923354841039352,2,1,1,1.0,1.125,2,1,1,6.073366374249938
Barabasi_Albert,BA_39_w_10_nodes_d_2,src/graph_reconstruct_attacks/data/Barabasi_Albert/BA_39_w_10_nodes_d_2,0,10,16,0.35555555555555557,3.2,1.077032961426901,2,5,1.8464393446710154,0.29333333333333333,0.2926829268292683,-0.10344827586206896,1,1,1.0,3,1.8666666666666667,0,0,3.5614691659956543,0.846353129414578,11.810653447129246,0,5,0.5555555555555556,0.5,3.4,2,5,0.2,2,7,0.4666666666666667,0.30370370370370364,0.6923076923076923,0.4533280444231589,0.14825174341489117,2,0,0,1.0,1.4444444444444444,2,2,1,8.778733752247508
Barabasi_Albert,BA_39_w_10_nodes_d_3,src/graph_reconstruct_attacks/data/Barabasi_Albert/BA_39_w_10_nodes_d_3,0,10,21,0.4666666666666667,4.2,1.8330302779823362,1,8,2.4464393446710155,0.5395238095238095,0.5,-0.30434782608695815,1,1,1.0,3,1.6444444444444444,1,1,4.868092520234878,0.7885214241514934,12.576762279339954,0,4,0.4444444444444444,0.4,4.75,1,8,0.3333333333333333,2,6,0.6,0.22916666666666666,0.6428571428571429,0.2565988220068215,0.10504985744424784,3,1,1,1.0,1.5555555555555556,2,2,1,9.93437201274627
Barabasi_Albert,BA_39_w_11_nodes_d_2,src/graph_reconstruct_attacks/data/Barabasi_Albert/BA_39_w_11_nodes_d_2,0,11,18,0.32727272727272727,3.272727272727273,1.8630819574471997,1,7,2.40400975732486,0.5337662337662338,0.35,-0.4428571428571444,1,1,1.0,3,1.8363636363636364,1,1,4.042076192464822,0.8477443283349181,14.158602817677263,0,7,0.7,0.6363636363636364,3.2857142857142856,1,6,0.23809523809523808,5,12,0.42857142857142855,0.46296296296296285,0.7692307692307693,0.48856578061589595,0.18670695403198592,2,1,1,1.0,1.3,2,1,1,10.006491539079562
Barabasi_Albert,BA_39_w_11_nodes_d_3,src/graph_reconstruct_attacks/data/Barabasi_Albert/BA_39_w_11_nodes_d_3,0,11,24,0.43636363636363634,4.363636363636363,1.4316377952748747,3,8,1.971747257128181,0.5082251082251082,0.45652173913043476,-0.20603015075377007,1,1,1.0,3,1.6181818181818182,0,0,4.761658401253502,1.6223709082749536,15.395953272199742,0,6,0.6,0.5454545454545454,4.666666666666667,3,8,0.4,6,12,0.5714285714285714,0.15000000000000002,0.7142857142857143,0.39444230111837175,0.11993363744342174,3,0,0,1.0,1.4,2,1,1,12.234488049888835
Barabasi_Albert,BA_39_w_12_nodes_d_2,src/graph_reconstruct_attacks/data/Barabasi_Albert/BA_39_w_12_nodes_d_2,0,12,20,0.30303030303030304,3.3333333333333335,1.5986105077709065,2,8,1.855388542207534,0.4037698412698412,0.2903225806451613,-0.2937062937062936,1,1,1.0,3,1.893939393939394,0,0,3.9170864158257213,0.913700007285442,16.60917987984748,0,8,0.7272727272727273,0.6666666666666666,3.0,2,4,0.17857142857142858,5,13,0.3611111111111111,0.5348484848484848,0.7857142857142857,0.5495205380746528,0.18577292939064974,2,0,0,1.0,1.2727272727272727,2,1,1,11.642197076187038
Barabasi_Albert,BA_39_w_12_nodes_d_3,src/graph_reconstruct_attacks/data/Barabasi_Albert/BA_39_w_12_nodes_d_3,0,12,27,0.4090909090909091,4.5,1.9790570145063195,2,9,2.221251836004466,0.3343253968253968,0.2796610169491525,-0.5768772348033369,1,1,1.0,3,1.621212121212121,0,0,5.069409481854022,1.8954679919750421,18.389306321728604,0,9,0.8181818181818182,0.75,3.888888888888889,2,6,0.25,9,18,0.4,0.27717948717948715,0.8461538461538461,0.46160474612977564,0.15823213805995964,3,0,0,1.0,1.1818181818181819,2,1,1,14.158602817677263
Barabasi_Albert,BA_39_w_7_nodes_d_2,src/graph_reconstruct_attacks/data/Barabasi_Albert/BA_39_w_7_nodes_d_2,0,7,10,0.47619047619047616,2.857142857142857,1.456862718169367,1,5,1.8423709931771084,0.6238095238095237,0.46153846153846156,-0.6355140186915894,1,1,1.0,3,1.5714285714285714,1,1,3.3562097895012926,0.9177230111000731,5.547425160699821,0,5,0.8333333333333334,0.7142857142857143,2.6,1,5,0.3,3,8,0.5333333333333333,0.43333333333333335,0.8571428571428571,0.5092009332448841,0.2444094007177627,2,1,1,1.0,1.1666666666666667,2,2,1,3.4775553321989814
Barabasi_Albert,BA_39_w_8_nodes_d_2,src/graph_reconstruct_attacks/data/Barabasi_Albert/BA_39_w_8_nodes_d_2,0,8,12,0.42857142857142855,3.0,0.8660254037844386,2,4,1.561278124459133,0.625,0.4444444444444444,-0.3333333333333318,1,1,1.0,3,1.7142857142857142,0,0,3.2011487958553144,0.8716490799169173,7.483184264445128,0,4,0.5714285714285714,0.5,2.75,2,4,0.3333333333333333,2,6,0.6,0.19047619047619047,0.6363636363636364,0.4058317419639277,0.16344101814262024,2,0,0,1.0,1.5714285714285714,3,3,3,5.308543071784685
Barabasi_Albert,BA_39_w_9_nodes_d_2,src/graph_reconstruct_attacks/data/Barabasi_Albert/BA_39_w_9_nodes_d_2,0,9,14,0.3888888888888889,3.111111111111111,1.286204100310025,2,6,1.8365916681089791,0.5666666666666667,0.40540540540540543,-0.3007334963325178,1,1,1.0,3,1.75,0,0,3.518915244055542,0.9872652324593617,9.579360204616043,0,6,0.75,0.6666666666666666,3.0,2,4,0.26666666666666666,4,10,0.47619047619047616,0.4821428571428571,0.8,0.539258462313132,0.20123271472007345,2,0,0,1.0,1.25,2,1,1,6.4924956819919135
Barabasi_Albert,BA_3_w_10_nodes_d_2,src/graph_reconstruct_attacks/data/Barabasi_Albert/BA_3_w_10_nodes_d_2,0,10,16,0.35555555555555557,3.2,1.6,1,6,2.3219280948873626,0.35333333333333333,0.3125,-0.358974358974359,1,1,1.0,3,1.8,1,1,3.83505315040841,0.8932434342824465,11.810653447129246,0,6,0.6666666666666666,0.6,3.3333333333333335,1,5,0.26666666666666666,4,10,0.47619047619047616,0.36481481481481476,0.75,0.48520967318389546,0.18068876278351276,2,1,1,1.0,1.3333333333333333,2,1,1,8.405153089434915
Barabasi_Albert,BA_3_w_10_nodes_d_3,src/graph_reconstruct_attacks/data/Barabasi_Albert/BA_3_w_10_nodes_d_3,0,10,21,0.4666666666666667,4.2,1.469693845669907,3,8,1.8464393446710154,0.549047619047619,0.46153846153846156,-0.26000000000000173,1,1,1.0,3,1.5777777777777777,0,0,4.592023683239745,1.689662813226805,12.576762279339954,0,8,0.8888888888888888,0.8,3.875,3,5,0.35714285714285715,10,18,0.5,0.3430555555555555,0.9,0.5063620233622799,0.1795664452501916,3,0,0,1.0,1.1111111111111112,2,1,1,9.36376040427669
Barabasi_Albert,BA_3_w_11_nodes_d_2,src/graph_reconstruct_attacks/data/Barabasi_Albert/BA_3_w_11_nodes_d_2,0,11,18,0.32727272727272727,3.272727272727273,1.7104443383842527,1,6,2.0403733936884962,0.40303030303030307,0.3157894736842105,-0.36633663366336694,1,1,1.0,3,1.8727272727272728,1,1,3.984995468235856,0.8537743846859082,14.158602817677263,0,6,0.6,0.5454545454545454,3.3333333333333335,1,6,0.2,3,9,0.42857142857142855,0.3762962962962963,0.7142857142857143,0.4263943787425932,0.16339862283380985,2,1,1,1.0,1.4,2,2,1,10.458789210074194
Barabasi_Albert,BA_3_w_11_nodes_d_3,src/graph_reconstruct_attacks/data/Barabasi_Albert/BA_3_w_11_nodes_d_3,0,11,24,0.43636363636363634,4.363636363636363,0.9791208740244551,3,6,1.8585552118703144,0.3424242424242424,0.38372093023255816,-0.048951048951053455,1,1,1.0,3,1.6,0,0,4.614781200462708,2.0624588686177514,15.395953272199742,0,6,0.6,0.5454545454545454,4.5,3,6,0.4,6,12,0.5714285714285714,0.1433862433862434,0.7142857142857143,0.40904607302684043,0.11947992320702279,3,0,0,1.0,1.4,2,2,1,12.234488049888835
Barabasi_Albert,BA_3_w_12_nodes_d_2,src/graph_reconstruct_attacks/data/Barabasi_Albert/BA_3_w_12_nodes_d_2,0,12,20,0.30303030303030304,3.3333333333333335,2.094967514996089,2,9,1.780672129520887,0.7662037037037037,0.3698630136986301,-0.43593266918584683,1,1,1.0,3,1.8484848484848484,0,1,4.215137632831207,0.8391356808185784,16.60917987984748,0,9,0.8181818181818182,0.75,3.0,2,6,0.19444444444444445,7,16,0.35555555555555557,0.606060606060606,0.8461538461538461,0.5498929434983005,0.2101301972364492,2,1,0,1.0,1.1818181818181819,2,1,1,11.077925645748465
Barabasi_Albert,BA_3_w_12_nodes_d_3,src/graph_reconstruct_attacks/data/Barabasi_Albert/BA_3_w_12_nodes_d_3,0,12,27,0.4090909090909091,4.5,1.8929694486000912,1,7,2.3553885422075336,0.33928571428571425,0.3879310344827586,-0.21362977283711862,1,1,1.0,3,1.6666666666666667,1,1,5.209402751667702,0.9244836995314559,18.389306321728604,0,7,0.6363636363636364,0.5833333333333334,5.0,1,7,0.38095238095238093,8,15,0.5357142857142857,0.22484848484848477,0.7333333333333333,0.3982091064214094,0.12829730264690958,3,1,1,1.0,1.3636363636363635,2,3,2,14.70332344589474
Barabasi_Albert,BA_3_w_7_nodes_d_2,src/graph_reconstruct_attacks/data/Barabasi_Albert/BA_3_w_7_nodes_d_2,0,7,10,0.47619047619047616,2.857142857142857,1.1248582677159729,2,5,1.6644977792004614,0.44761904761904764,0.391304347826087,-0.3907284768211922,1,1,1.0,3,1.619047619047619,0,0,3.20720096623848,1.0148377569644011,5.547425160699821,0,5,0.8333333333333334,0.7142857142857143,2.6,2,4,0.3,3,8,0.5333333333333333,0.4222222222222222,0.8571428571428571,0.5501828526850805,0.2372768543169321,2,0,0,1.0,1.1666666666666667,2,1,1,3.4775553321989814
Barabasi_Albert,BA_3_w_8_nodes_d_2,src/graph_reconstruct_attacks/data/Barabasi_Albert/BA_3_w_8_nodes_d_2,0,8,12,0.42857142857142855,3.0,1.5811388300841898,1,5,1.4056390622295665,0.6375,0.4411764705882353,-0.590361445783134,1,1,1.0,3,1.6428571428571428,1,1,3.5850381836066614,0.8719798045656669,7.483184264445128,0,5,0.7142857142857143,0.625,3.0,1,5,0.3,3,8,0.5333333333333333,0.38095238095238093,0.7777777777777778,0.4576420220966943,0.20562688150388042,2,1,1,1.0,1.2857142857142858,2,3,1,5.065505023098389
Barabasi_Albert,BA_3_w_9_nodes_d_2,src/graph_reconstruct_attacks/data/Barabasi_Albert/BA_3_w_9_nodes_d_2,0,9,14,0.3888888888888889,3.111111111111111,1.0999438818457405,2,5,1.5304930567574826,0.36296296296296293,0.34285714285714286,-0.2820512820512834,1,1,1.0,3,1.7222222222222223,0,0,3.4609113363097395,0.9246394735918996,9.579360204616043,0,5,0.625,0.5555555555555556,3.0,2,5,0.2,2,7,0.4666666666666667,0.3452380952380952,0.7272727272727273,0.4646217881995963,0.17097171882171872,2,0,0,1.0,1.375,2,2,1,6.839283168216569
Barabasi_Albert,BA_40_w_10_nodes_d_2,src/graph_reconstruct_attacks/data/Barabasi_Albert/BA_40_w_10_nodes_d_2,0,10,16,0.35555555555555557,3.2,1.7204650534085253,2,8,1.721928094887362,0.5845238095238094,0.3,-0.43440233236151604,1,1,1.0,3,1.6666666666666667,0,0,3.7625529063110545,1.2142182485709476,11.810653447129246,0,3,0.3333333333333333,0.3,4.666666666666667,3,8,0.3333333333333333,1,4,0.6666666666666666,0.05092592592592593,0.6,0.2975993280214066,0.09348554455762967,2,0,0,1.0,1.6666666666666667,2,4,2,9.36376040427669
Barabasi_Albert,BA_40_w_10_nodes_d_3,src/graph_reconstruct_attacks/data/Barabasi_Albert/BA_40_w_10_nodes_d_3,0,10,21,0.4666666666666667,4.2,1.2489995996796797,3,7,1.8464393446710154,0.4219047619047619,0.36,-0.3632958801498149,1,1,1.0,2,1.5333333333333334,0,0,4.472792210674614,1.9481128613960208,12.576762279339954,0,7,0.7777777777777778,0.7,3.857142857142857,3,5,0.2857142857142857,6,13,0.4642857142857143,0.2361111111111111,0.8181818181818182,0.46151837326047257,0.15899437680943507,3,0,0,1.0,1.2222222222222223,2,1,1,9.579360204616043
Barabasi_Albert,BA_40_w_11_nodes_d_2,src/graph_reconstruct_attacks/data/Barabasi_Albert/BA_40_w_11_nodes_d_2,0,11,18,0.32727272727272727,3.272727272727273,1.8136306675690912,2,8,1.867633890971212,0.5225108225108225,0.3050847457627119,-0.4236664622930718,1,1,1.0,3,1.7454545454545454,0,0,3.9401880422557385,1.2469837948964102,14.158602817677263,0,8,0.8,0.7272727272727273,3.0,2,5,0.21428571428571427,6,14,0.3888888888888889,0.48148148148148145,0.8333333333333334,0.5579819983220221,0.2069997086817854,2,0,0,1.0,1.2,2,1,1,9.503816179887517
Barabasi_Albert,BA_40_w_11_nodes_d_3,src/graph_reconstruct_attacks/data/Barabasi_Albert/BA_40_w_11_nodes_d_3,0,11,24,0.43636363636363634,4.363636363636363,2.10076727423479,2,9,2.2998963911678914,0.5362914862914863,0.37142857142857144,-0.5108790252393387,1,1,1.0,2,1.5636363636363637,0,0,5.0042993649083165,1.916281859536817,15.395953272199742,0,9,0.9,0.8181818181818182,3.7777777777777777,2,8,0.2777777777777778,10,19,0.4222222222222222,0.31666666666666665,0.9090909090909091,0.47847084836645387,0.1780850975903484,3,0,0,1.0,1.1,2,1,1,11.537652175065498
Barabasi_Albert,BA_40_w_12_nodes_d_2,src/graph_reconstruct_attacks/data/Barabasi_Albert/BA_40_w_12_nodes_d_2,0,12,20,0.30303030303030304,3.3333333333333335,1.9293061504650377,1,8,2.251629167387823,0.6319444444444444,0.391304347826087,-0.3670133729569085,1,1,1.0,3,1.893939393939394,1,1,4.157251501925782,0.7253120590659563,16.60917987984748,0,6,0.5454545454545454,0.5,3.6666666666666665,1,8,0.26666666666666666,4,10,0.47619047619047616,0.36969696969696975,0.6875,0.40027915923631274,0.14719443973780655,2,1,1,1.0,1.4545454545454546,2,1,1,12.638843434179455
Barabasi_Albert,BA_40_w_12_nodes_d_3,src/graph_reconstruct_attacks/data/Barabasi_Albert/BA_40_w_12_nodes_d_3,0,12,27,0.4090909090909091,4.5,1.6072751268321592,3,8,2.0545851693377997,0.32956349206349206,0.32727272727272727,-0.20479098168154208,1,1,1.0,3,1.6363636363636365,0,0,5.002338967982149,1.881854963873173,18.389306321728604,0,8,0.7272727272727273,0.6666666666666666,4.5,3,6,0.32142857142857145,9,17,0.4722222222222222,0.20718614718614722,0.7857142857142857,0.45039739944783724,0.1397661814282861,3,0,0,1.0,1.2727272727272727,2,1,1,14.448050940791438
Barabasi_Albert,BA_40_w_7_nodes_d_2,src/graph_reconstruct_attacks/data/Barabasi_Albert/BA_40_w_7_nodes_d_2,0,7,10,0.47619047619047616,2.857142857142857,0.9897433186107869,2,5,1.4488156357251847,0.31428571428571433,0.2727272727272727,-0.5079365079365065,1,1,1.0,3,1.5714285714285714,0,0,3.088887234200725,1.1891059711466152,5.547425160699821,0,5,0.8333333333333334,0.7142857142857143,2.4,2,3,0.2,2,7,0.4666666666666667,0.45,0.8571428571428571,0.5505657318742055,0.23849289765525758,2,0,0,1.0,1.1666666666666667,2,1,1,3.4775553321989814
Barabasi_Albert,BA_40_w_8_nodes_d_2,src/graph_reconstruct_attacks/data/Barabasi_Albert/BA_40_w_8_nodes_d_2,0,8,12,0.42857142857142855,3.0,1.224744871391589,1,5,2.25,0.15833333333333333,0.2,-0.5333333333333313,1,1,1.0,3,1.6785714285714286,1,1,3.384070088667918,0.8965018546645755,7.483184264445128,0,5,0.7142857142857143,0.625,2.6,1,4,0.1,1,6,0.4,0.42063492063492053,0.7777777777777778,0.4643148586797788,0.20525888942409576,2,1,1,1.0,1.2857142857142858,2,1,1,5.065505023098389
Barabasi_Albert,BA_40_w_9_nodes_d_2,src/graph_reconstruct_attacks/data/Barabasi_Albert/BA_40_w_9_nodes_d_2,0,9,14,0.3888888888888889,3.111111111111111,1.9116278371205837,1,8,2.113283334294875,0.6349206349206349,0.391304347826087,-0.5264054514480412,1,1,1.0,2,1.6111111111111112,1,1,3.8114768694730015,1.0000000000000004,9.579360204616043,0,8,1.0,0.8888888888888888,2.5,1,4,0.21428571428571427,6,14,0.3888888888888889,0.6785714285714285,1.0,0.5843939015595389,0.2712665608677017,2,1,1,1.0,1.0,1,1,1,5.576041733441991
Barabasi_Albert,BA_41_w_10_nodes_d_2,src/graph_reconstruct_attacks/data/Barabasi_Albert/BA_41_w_10_nodes_d_2,0,10,16,0.35555555555555557,3.2,1.4000000000000001,2,6,1.9609640474436814,0.27666666666666667,0.2,-0.5238095238095238,1,1,1.0,3,1.711111111111111,0,0,3.6246179944156465,1.184620519131848,11.810653447129246,0,4,0.4444444444444444,0.4,3.5,2,5,0.16666666666666666,1,5,0.5,0.10185185185185186,0.6428571428571429,0.35650740935029834,0.121536798582814,2,0,0,1.0,1.5555555555555556,2,2,2,9.09749251487192
Barabasi_Albert,BA_41_w_10_nodes_d_3,src/graph_reconstruct_attacks/data/Barabasi_Albert/BA_41_w_10_nodes_d_3,0,10,21,0.4666666666666667,4.2,1.32664991614216,3,7,1.360964047443681,0.4747619047619048,0.4342105263157895,-0.1720930232558155,1,1,1.0,3,1.5555555555555556,0,0,4.57006753952725,1.7586868165077307,12.576762279339954,0,7,0.7777777777777778,0.7,4.142857142857143,3,5,0.38095238095238093,8,15,0.5357142857142857,0.2296296296296296,0.8181818181818182,0.4670295146110113,0.1582110721471251,3,0,0,1.0,1.2222222222222223,2,1,1,9.579360204616043
Barabasi_Albert,BA_41_w_11_nodes_d_2,src/graph_reconstruct_attacks/data/Barabasi_Albert/BA_41_w_11_nodes_d_2,0,11,18,0.32727272727272727,3.272727272727273,1.8630819574471997,1,7,2.40400975732486,0.5168831168831169,0.35,-0.44285714285714417,1,1,1.0,3,1.8181818181818181,1,1,4.051863017474091,0.8113046340342988,14.158602817677263,0,5,0.5,0.45454545454545453,4.0,1,7,0.3,3,8,0.5333333333333333,0.2703703703703704,0.6666666666666666,0.3880440800408294,0.13778053328261766,2,1,1,1.0,1.5,2,1,1,10.86335979764525
Barabasi_Albert,BA_41_w_11_nodes_d_3,src/graph_reconstruct_attacks/data/Barabasi_Albert/BA_41_w_11_nodes_d_3,0,11,24,0.43636363636363634,4.363636363636363,1.1499191491521379,3,6,1.867633890971212,0.3878787878787879,0.375,-0.14432989690721743,1,1,1.0,3,1.6,0,0,4.648692042554341,1.8128459109103643,15.395953272199742,0,6,0.6,0.5454545454545454,4.333333333333333,3,6,0.3333333333333333,5,11,0.5238095238095238,0.13055555555555556,0.7142857142857143,0.38606821061498175,0.12037734564606271,3,0,0,1.0,1.4,2,3,2,12.234488049888835
Barabasi_Albert,BA_41_w_12_nodes_d_2,src/graph_reconstruct_attacks/data/Barabasi_Albert/BA_41_w_12_nodes_d_2,0,12,20,0.30303030303030304,3.3333333333333335,1.5986105077709065,2,7,1.9591479170272446,0.34801587301587306,0.24193548387096775,-0.39158576051779936,1,1,1.0,3,1.878787878787879,0,0,3.943384156771433,0.9647899948783959,16.60917987984748,0,5,0.45454545454545453,0.4166666666666667,4.4,2,7,0.3,3,8,0.5333333333333333,0.22090909090909092,0.6470588235294118,0.40666504578069174,0.11804236671547733,2,0,0,1.0,1.5454545454545454,2,2,1,13.075536031843507
Barabasi_Albert,BA_41_w_12_nodes_d_3,src/graph_reconstruct_attacks/data/Barabasi_Albert/BA_41_w_12_nodes_d_3,0,12,27,0.4090909090909091,4.5,1.9364916731037085,2,8,2.4508257945180882,0.4174603174603175,0.38461538461538464,-0.33333333333333376,1,1,1.0,3,1.621212121212121,0,0,5.167378643376211,1.4407819705581952,18.389306321728604,0,8,0.7272727272727273,0.6666666666666666,4.625,2,7,0.35714285714285715,10,18,0.5,0.21424242424242423,0.7857142857142857,0.43939376831494864,0.1407789537344492,3,0,0,1.0,1.2727272727272727,2,1,1,14.448050940791438
Barabasi_Albert,BA_41_w_7_nodes_d_2,src/graph_reconstruct_attacks/data/Barabasi_Albert/BA_41_w_7_nodes_d_2,0,7,10,0.47619047619047616,2.857142857142857,1.3552618543578767,1,5,1.8423709931771086,0.6142857142857142,0.48,-0.5757575757575761,1,1,1.0,3,1.5714285714285714,1,1,3.3132091627896543,0.921736792678422,5.547425160699821,0,5,0.8333333333333334,0.7142857142857143,2.6,1,4,0.3,3,8,0.5333333333333333,0.4666666666666667,0.8571428571428571,0.5137983793914385,0.24435339066914358,2,1,1,1.0,1.1666666666666667,2,1,1,3.4775553321989814
Barabasi_Albert,BA_41_w_8_nodes_d_2,src/graph_reconstruct_attacks/data/Barabasi_Albert/BA_41_w_8_nodes_d_2,0,8,12,0.42857142857142855,3.0,1.3228756555322954,2,5,1.2987949406953985,0.31666666666666665,0.1935483870967742,-0.7890909090909112,1,1,1.0,2,1.5714285714285714,0,0,3.334726507219364,1.5226476519910308,7.483184264445128,0,4,0.5714285714285714,0.5,3.5,2,5,0.3333333333333333,2,6,0.6,0.15476190476190477,0.7,0.44000989830212517,0.1613552555273467,2,0,0,1.0,1.4285714285714286,2,1,1,5.308543071784685
Barabasi_Albert,BA_41_w_9_nodes_d_2,src/graph_reconstruct_attacks/data/Barabasi_Albert/BA_41_w_9_nodes_d_2,0,9,14,0.3888888888888889,3.111111111111111,1.5234788000891208,1,6,2.4193819456463714,0.4074074074074074,0.3,-0.5423728813559341,1,1,1.0,3,1.6944444444444444,1,1,3.638141998004932,0.827934393002264,9.579360204616043,0,5,0.625,0.5555555555555556,3.2,1,6,0.3,3,8,0.5333333333333333,0.3125,0.7272727272727273,0.4450806175370387,0.17589954587470952,2,1,1,1.0,1.375,2,1,1,6.839283168216569
Barabasi_Albert,BA_42_w_10_nodes_d_2,src/graph_reconstruct_attacks/data/Barabasi_Albert/BA_42_w_10_nodes_d_2,0,10,16,0.35555555555555557,3.2,1.6,2,6,1.3709505944546687,0.38,0.25,-0.5,1,1,1.0,3,1.7333333333333334,0,0,3.7613541720745536,1.2679491924311226,11.810653447129246,0,6,0.6666666666666666,0.6,3.0,2,6,0.2,3,9,0.42857142857142855,0.30555555555555547,0.75,0.47774298809076626,0.17824351346291833,2,0,0,1.0,1.3333333333333333,2,2,1,8.405153089434915
Barabasi_Albert,BA_42_w_10_nodes_d_3,src/graph_reconstruct_attacks/data/Barabasi_Albert/BA_42_w_10_nodes_d_3,0,10,21,0.4666666666666667,4.2,1.9390719429665315,2,8,2.1609640474436813,0.6752380952380952,0.4883720930232558,-0.48172588832487295,1,1,1.0,3,1.5555555555555556,0,0,4.833970717891671,1.5077261388067502,12.576762279339954,0,8,0.8888888888888888,0.8,3.875,2,7,0.35714285714285715,10,18,0.5,0.3037037037037037,0.9,0.4819295348644964,0.18085456988390308,3,0,0,1.0,1.1111111111111112,2,1,1,9.36376040427669
Barabasi_Albert,BA_42_w_11_nodes_d_2,src/graph_reconstruct_attacks/data/Barabasi_Albert/BA_42_w_11_nodes_d_2,0,11,18,0.32727272727272727,3.272727272727273,1.7627926754241197,2,7,1.2406705316766884,0.4670995670995671,0.3103448275862069,-0.39159663865546096,1,1,1.0,3,1.8181818181818181,0,0,3.992031948096346,0.9364318245116943,14.158602817677263,0,7,0.7,0.6363636363636364,3.2857142857142856,2,5,0.23809523809523808,5,12,0.42857142857142855,0.39629629629629626,0.7692307692307693,0.5065192426001507,0.18251283298248394,2,0,0,1.0,1.3,2,1,1,10.006491539079562
Barabasi_Albert,BA_42_w_11_nodes_d_3,src/graph_reconstruct_attacks/data/Barabasi_Albert/BA_42_w_11_nodes_d_3,0,11,24,0.43636363636363634,4.363636363636363,1.2264306875665492,3,7,2.1180782093497093,0.38181818181818183,0.33707865168539325,-0.26958290946083535,1,1,1.0,3,1.6181818181818182,0,0,4.638914385457616,1.5877815183389488,15.395953272199742,0,6,0.6,0.5454545454545454,4.333333333333333,3,7,0.2,3,9,0.42857142857142855,0.16756613756613756,0.7142857142857143,0.38368424526456435,0.12058517929193782,3,0,0,1.0,1.4,2,1,1,12.234488049888835
Barabasi_Albert,BA_42_w_12_nodes_d_2,src/graph_reconstruct_attacks/data/Barabasi_Albert/BA_42_w_12_nodes_d_2,0,12,20,0.30303030303030304,3.3333333333333335,1.4907119849998598,2,7,2.054585169337799,0.3880952380952381,0.25,-0.3157894736842105,1,1,1.0,3,1.8636363636363635,0,0,3.8643393844293077,0.9464053266277275,16.60917987984748,0,7,0.6363636363636364,0.5833333333333334,3.142857142857143,2,5,0.19047619047619047,4,11,0.39285714285714285,0.3727272727272727,0.7333333333333333,0.5063381748767488,0.16380814636881072,2,0,0,1.0,1.3636363636363635,2,1,1,12.161722179459781
Barabasi_Albert,BA_42_w_12_nodes_d_3,src/graph_reconstruct_attacks/data/Barabasi_Albert/BA_42_w_12_nodes_d_3,0,12,27,0.4090909090909091,4.5,2.0615528128088303,2,9,2.6887218755408666,0.5072089947089947,0.425,-0.3500000000000005,1,1,1.0,3,1.621212121212121,0,0,5.2345707024065575,1.426311596694857,18.389306321728604,0,9,0.8181818181818182,0.75,4.222222222222222,2,7,0.3055555555555556,11,20,0.4444444444444444,0.3278787878787878,0.8461538461538461,0.45607548889927696,0.15888627585156803,3,0,0,1.0,1.1818181818181819,2,1,1,14.158602817677263
Barabasi_Albert,BA_42_w_7_nodes_d_2,src/graph_reconstruct_attacks/data/Barabasi_Albert/BA_42_w_7_nodes_d_2,0,7,10,0.47619047619047616,2.857142857142857,1.1248582677159729,2,5,1.6644977792004614,0.5666666666666667,0.391304347826087,-0.52317880794702,1,1,1.0,2,1.5238095238095237,0,0,3.1488424958438204,1.3009883298293712,5.547425160699821,0,5,0.8333333333333334,0.7142857142857143,2.6,2,4,0.3,3,8,0.5333333333333333,0.4,0.8571428571428571,0.5539370821456413,0.23776829947045924,2,0,0,1.0,1.1666666666666667,2,1,1,3.4775553321989814
Barabasi_Albert,BA_42_w_8_nodes_d_2,src/graph_reconstruct_attacks/data/Barabasi_Albert/BA_42_w_8_nodes_d_2,0,8,12,0.42857142857142855,3.0,0.8660254037844386,2,4,1.561278124459133,0.5416666666666666,0.4444444444444444,-0.3333333333333318,1,1,1.0,4,1.7857142857142858,0,0,3.2074033757421634,0.7856802566224637,7.483184264445128,0,4,0.5714285714285714,0.5,2.75,2,4,0.3333333333333333,2,6,0.6,0.22698412698412695,0.6363636363636364,0.4138052853531101,0.16299563612769324,2,0,0,1.0,1.5714285714285714,3,3,3,5.308543071784685
Barabasi_Albert,BA_42_w_9_nodes_d_2,src/graph_reconstruct_attacks/data/Barabasi_Albert/BA_42_w_9_nodes_d_2,0,9,14,0.3888888888888889,3.111111111111111,0.8748897637790901,2,4,1.5304930567574826,0.2962962962962963,0.2727272727272727,-0.302325581395352,1,1,1.0,3,1.7222222222222223,0,0,3.3256672776163256,1.0702035513735557,9.579360204616043,0,4,0.5,0.4444444444444444,2.75,2,4,0.16666666666666666,1,5,0.5,0.1726190476190476,0.6153846153846154,0.3682946726574537,0.1407656106344383,2,0,0,1.0,1.625,3,4,2,7.118036769169399
Barabasi_Albert,BA_43_w_10_nodes_d_2,src/graph_reconstruct_attacks/data/Barabasi_Albert/BA_43_w_10_nodes_d_2,0,10,16,0.35555555555555557,3.2,1.077032961426901,2,5,1.8464393446710154,0.06,0.07317073170731707,-0.30407523510971785,1,1,1.0,4,1.8222222222222222,0,0,3.5042139704100013,1.0361787276656433,11.810653447129246,0,5,0.5555555555555556,0.5,3.0,2,4,0,0,5,0.3333333333333333,0.2751322751322751,0.6923076923076923,0.4266470532735012,0.1495075163779522,2,0,0,1.0,1.4444444444444444,2,2,1,8.778733752247508
Barabasi_Albert,BA_43_w_10_nodes_d_3,src/graph_reconstruct_attacks/data/Barabasi_Albert/BA_43_w_10_nodes_d_3,0,10,21,0.4666666666666667,4.2,1.6,1,6,2.1709505944546685,0.43666666666666665,0.45,-0.35216819973719,1,1,1.0,3,1.6222222222222222,1,1,4.732069536064307,0.850805249557545,12.576762279339954,0,5,0.5555555555555556,0.5,4.2,1,6,0.4,4,9,0.6,0.2407407407407407,0.6923076923076923,0.3182923350183671,0.12510929023966566,3,1,1,1.0,1.4444444444444444,2,2,1,9.863790938460564
Barabasi_Albert,BA_43_w_11_nodes_d_2,src/graph_reconstruct_attacks/data/Barabasi_Albert/BA_43_w_11_nodes_d_2,0,11,18,0.32727272727272727,3.272727272727273,1.9582417480489105,1,8,2.299896391167891,0.6406926406926406,0.3870967741935484,-0.4572405929304452,1,1,1.0,3,1.8181818181818181,1,1,4.073200594252511,0.8251394048996095,14.158602817677263,0,8,0.8,0.7272727272727273,2.875,1,6,0.21428571428571427,6,14,0.3888888888888889,0.5333333333333333,0.8333333333333334,0.5258948286916013,0.2122205892402009,2,1,1,1.0,1.2,2,1,1,9.503816179887517
Barabasi_Albert,BA_43_w_11_nodes_d_3,src/graph_reconstruct_attacks/data/Barabasi_Albert/BA_43_w_11_nodes_d_3,0,11,24,0.43636363636363634,4.363636363636363,1.5534552264213692,2,7,2.2312702546075758,0.5073593073593073,0.44680851063829785,-0.20679886685552654,1,1,1.0,3,1.6363636363636365,0,0,4.835824686986,1.4871217219327726,15.395953272199742,0,7,0.7,0.6363636363636364,4.571428571428571,2,7,0.38095238095238093,8,15,0.5357142857142857,0.23063492063492064,0.7692307692307693,0.4363142398148084,0.13906503449910929,3,0,0,1.0,1.3,2,2,1,12.042602523649927
Barabasi_Albert,BA_43_w_12_nodes_d_2,src/graph_reconstruct_attacks/data/Barabasi_Albert/BA_43_w_12_nodes_d_2,0,12,20,0.30303030303030304,3.3333333333333335,1.3743685418725535,2,6,2.1174924611847548,0.25,0.15517241379310345,-0.3316582914572891,1,1,1.0,3,1.9242424242424243,0,0,3.795640748060719,0.7874758729377788,16.60917987984748,0,6,0.5454545454545454,0.5,3.5,2,5,0.13333333333333333,2,8,0.38095238095238093,0.30151515151515146,0.6875,0.46380841531400513,0.14084811341230952,2,0,0,1.0,1.4545454545454546,2,1,1,12.638843434179455
Barabasi_Albert,BA_43_w_12_nodes_d_3,src/graph_reconstruct_attacks/data/Barabasi_Albert/BA_43_w_12_nodes_d_3,0,12,27,0.4090909090909091,4.5,2.0207259421636903,1,8,2.584962500721156,0.43353174603174605,0.42857142857142855,-0.25864661654135435,1,1,1.0,3,1.696969696969697,1,1,5.275397501870282,0.9190728422929578,18.389306321728604,0,7,0.6363636363636364,0.5833333333333334,4.857142857142857,1,8,0.38095238095238093,8,15,0.5357142857142857,0.23071625344352611,0.7333333333333333,0.3855992844059629,0.12916352829882372,3,1,1,1.0,1.3636363636363635,2,2,1,14.70332344589474
Barabasi_Albert,BA_43_w_7_nodes_d_2,src/graph_reconstruct_attacks/data/Barabasi_Albert/BA_43_w_7_nodes_d_2,0,7,10,0.47619047619047616,2.857142857142857,1.355261854357877,2,6,1.3787834934861753,0.7999999999999999,0.48,-0.4736842105263171,1,1,1.0,2,1.5238095238095237,0,1,3.2553522893869955,1.0000000000000004,5.547425160699821,0,6,1.0,0.8571428571428571,2.3333333333333335,2,3,0.26666666666666666,4,10,0.47619047619047616,0.6666666666666666,1.0,0.595429456061487,0.2839822656314644,2,1,0,1.0,1.0,1,1,1,3.135132651376774
Barabasi_Albert,BA_43_w_8_nodes_d_2,src/graph_reconstruct_attacks/data/Barabasi_Albert/BA_43_w_8_nodes_d_2,0,8,12,0.42857142857142855,3.0,1.7320508075688772,1,7,2.1556390622295662,0.6339285714285714,0.4166666666666667,-0.5882352941176471,1,1,1.0,2,1.5714285714285714,1,1,3.6023397193086675,0.9999999999999984,7.483184264445128,0,7,1.0,0.875,2.4285714285714284,1,4,0.23809523809523808,5,12,0.42857142857142855,0.6428571428571428,1.0,0.5793324768033562,0.278578486940226,2,1,1,1.0,1.0,1,1,1,4.308543071784685
Barabasi_Albert,BA_43_w_9_nodes_d_2,src/graph_reconstruct_attacks/data/Barabasi_Albert/BA_43_w_9_nodes_d_2,0,9,14,0.3888888888888889,3.111111111111111,1.286204100310025,1,5,2.1971597234241496,0.31851851851851853,0.32432432432432434,-0.28621908127208756,1,1,1.0,3,1.7777777777777777,1,1,3.593211152258596,0.7674098524676091,9.579360204616043,0,4,0.5,0.4444444444444444,3.0,1,5,0.16666666666666666,1,5,0.5,0.29464285714285715,0.6666666666666666,0.3405600777982882,0.14625410583025059,2,1,1,1.0,1.5,2,1,1,7.118036769169399
Barabasi_Albert,BA_44_w_10_nodes_d_2,src/graph_reconstruct_attacks/data/Barabasi_Albert/BA_44_w_10_nodes_d_2,0,10,16,0.35555555555555557,3.2,2.0396078054371136,1,8,2.0464393446710156,0.5178571428571429,0.32142857142857145,-0.5876288659793815,1,1,1.0,3,1.6888888888888889,1,1,4.001384137233229,0.9688660817761592,11.810653447129246,0,8,0.8888888888888888,0.8,2.625,1,6,0.17857142857142858,5,13,0.3611111111111111,0.5625,0.9,0.5366179762280315,0.2393336585534431,2,1,1,1.0,1.1111111111111112,2,1,1,7.480873803373035
Barabasi_Albert,BA_44_w_10_nodes_d_3,src/graph_reconstruct_attacks/data/Barabasi_Albert/BA_44_w_10_nodes_d_3,0,10,21,0.4666666666666667,4.2,1.32664991614216,3,6,1.6854752972273346,0.4666666666666666,0.4342105263157895,-0.2910915934755353,1,1,1.0,3,1.5555555555555556,0,0,4.566679930548136,1.8547030826834137,12.576762279339954,0,6,0.6666666666666666,0.6,3.8333333333333335,3,6,0.26666666666666666,4,10,0.47619047619047616,0.19444444444444445,0.75,0.3788419094308065,0.1391553770142839,3,0,0,1.0,1.3333333333333333,2,3,1,9.745691626382566
Barabasi_Albert,BA_44_w_11_nodes_d_2,src/graph_reconstruct_attacks/data/Barabasi_Albert/BA_44_w_11_nodes_d_2,0,11,18,0.32727272727272727,3.272727272727273,1.9582417480489105,1,8,2.2998963911678914,0.38896103896103895,0.2903225806451613,-0.4982896237172183,1,1,1.0,3,1.7454545454545454,1,1,4.050410671680744,0.9517456952028212,14.158602817677263,0,8,0.8,0.7272727272727273,2.875,1,6,0.17857142857142858,5,13,0.3611111111111111,0.4948148148148149,0.8333333333333334,0.5255835193125066,0.21187232031742861,2,1,1,1.0,1.2,2,1,1,9.503816179887517
Barabasi_Albert,BA_44_w_11_nodes_d_3,src/graph_reconstruct_attacks/data/Barabasi_Albert/BA_44_w_11_nodes_d_3,0,11,24,0.43636363636363634,4.363636363636363,2.0123585110162416,1,9,2.413088436425758,0.4585858585858586,0.4077669902912621,-0.45426476263990934,1,1,1.0,3,1.5818181818181818,1,1,5.02642237916346,0.9842805269078186,15.395953272199742,0,9,0.9,0.8181818181818182,3.7777777777777777,1,6,0.2777777777777778,10,19,0.4222222222222222,0.4092592592592593,0.9090909090909091,0.470516110930969,0.1825063831747864,3,1,1,1.0,1.1,2,1,1,11.537652175065498
Barabasi_Albert,BA_44_w_12_nodes_d_2,src/graph_reconstruct_attacks/data/Barabasi_Albert/BA_44_w_12_nodes_d_2,0,12,20,0.30303030303030304,3.3333333333333335,2.0138409955990957,2,9,1.5510981710072647,0.6467592592592593,0.3380281690140845,-0.4165753924790068,1,1,1.0,3,1.8333333333333333,0,0,4.132245979085974,0.9517722389166458,16.60917987984748,0,9,0.8181818181818182,0.75,3.0,2,5,0.19444444444444445,7,16,0.35555555555555557,0.5878787878787878,0.8461538461538461,0.5666560096613772,0.2087320821358193,2,0,0,1.0,1.1818181818181819,2,1,1,11.077925645748465
Barabasi_Albert,BA_44_w_12_nodes_d_3,src/graph_reconstruct_attacks/data/Barabasi_Albert/BA_44_w_12_nodes_d_3,0,12,27,0.4090909090909091,4.5,2.101586702153082,1,9,2.584962500721156,0.4884920634920635,0.4214876033057851,-0.41283845451779644,1,1,1.0,3,1.6515151515151516,1,1,5.24607130486912,0.9629010245479701,18.389306321728604,0,9,0.8181818181818182,0.75,4.222222222222222,1,7,0.3333333333333333,12,21,0.4666666666666667,0.3399999999999999,0.8461538461538461,0.4569994500137413,0.1620045036946828,3,1,1,1.0,1.1818181818181819,2,1,1,14.158602817677263
Barabasi_Albert,BA_44_w_7_nodes_d_2,src/graph_reconstruct_attacks/data/Barabasi_Albert/BA_44_w_7_nodes_d_2,0,7,10,0.47619047619047616,2.857142857142857,1.4568627181693672,1,6,1.8423709931771084,0.6095238095238095,0.46153846153846156,-0.5693430656934326,1,1,1.0,2,1.5238095238095237,1,1,3.3234042760864773,0.9999999999999999,5.547425160699821,0,6,1.0,0.8571428571428571,2.3333333333333335,1,3,0.26666666666666666,4,10,0.47619047619047616,0.6333333333333333,1.0,0.5817313003310823,0.28793461211119603,2,1,1,1.0,1.0,1,1,1,3.135132651376774
Barabasi_Albert,BA_44_w_8_nodes_d_2,src/graph_reconstruct_attacks/data/Barabasi_Albert/BA_44_w_8_nodes_d_2,0,8,12,0.42857142857142855,3.0,1.0,2,5,1.811278124459133,0.46249999999999997,0.32142857142857145,-0.5365853658536598,1,1,1.0,3,1.6785714285714286,0,0,3.227794526134706,0.9325206938459601,7.483184264445128,0,3,0.42857142857142855,0.375,3.6666666666666665,2,5,0.3333333333333333,1,4,0.6666666666666666,0.1468253968253968,0.6363636363636364,0.3451317283789803,0.12528408163536126,2,0,0,1.0,1.5714285714285714,2,3,2,5.468243914652199
Barabasi_Albert,BA_44_w_9_nodes_d_2,src/graph_reconstruct_attacks/data/Barabasi_Albert/BA_44_w_9_nodes_d_2,0,9,14,0.3888888888888889,3.111111111111111,1.1967032904743342,2,6,1.7527152789797045,0.37407407407407406,0.25,-0.3125000000000008,1,1,1.0,3,1.7222222222222223,0,0,3.4528558486522334,1.1577989904954096,9.579360204616043,0,3,0.375,0.3333333333333333,3.6666666666666665,2,6,0.3333333333333333,1,4,0.6666666666666666,0.05654761904761905,0.5714285714285714,0.31066976816062514,0.10801165341410593,2,0,0,1.0,1.75,3,4,1,7.331916589114478
Barabasi_Albert,BA_45_w_10_nodes_d_2,src/graph_reconstruct_attacks/data/Barabasi_Albert/BA_45_w_10_nodes_d_2,0,10,16,0.35555555555555557,3.2,1.32664991614216,2,6,2.046439344671015,0.39666666666666667,0.2727272727272727,-0.6176470588235294,1,1,1.0,4,1.8,0,0,3.563326190958639,0.93760604735829,11.810653447129246,0,2,0.2222222222222222,0.2,5.5,5,6,0,0,2,0.6666666666666666,0.03657407407407407,0.5625,0.2366950789539908,0.06626633613985611,2,0,0,1.0,1.7777777777777777,2,4,2,9.579360204616043
Barabasi_Albert,BA_45_w_10_nodes_d_3,src/graph_reconstruct_attacks/data/Barabasi_Albert/BA_45_w_10_nodes_d_3,0,10,21,0.4666666666666667,4.2,1.5362291495737217,1,7,2.1219280948873624,0.31476190476190474,0.4177215189873418,-0.19534282018111176,1,1,1.0,3,1.5777777777777777,1,1,4.722581560428429,0.9482785526761377,12.576762279339954,0,7,0.7777777777777778,0.7,4.142857142857143,1,5,0.38095238095238093,8,15,0.5357142857142857,0.29166666666666663,0.8181818181818182,0.4524435454918131,0.1634888571951705,3,1,1,1.0,1.2222222222222223,2,1,1,9.579360204616043
Barabasi_Albert,BA_45_w_11_nodes_d_2,src/graph_reconstruct_attacks/data/Barabasi_Albert/BA_45_w_11_nodes_d_2,0,11,18,0.32727272727272727,3.272727272727273,1.6006197146962735,2,6,1.8676338909712125,0.3181818181818182,0.2727272727272727,-0.34759358288770065,1,1,1.0,3,1.8363636363636364,0,0,3.9009092043330273,0.9139628992586106,14.158602817677263,0,6,0.6,0.5454545454545454,3.6666666666666665,2,6,0.26666666666666666,4,10,0.47619047619047616,0.2851851851851852,0.7142857142857143,0.4798457798200978,0.15642857472413696,2,0,0,1.0,1.4,2,2,1,10.458789210074194
Barabasi_Albert,BA_45_w_11_nodes_d_3,src/graph_reconstruct_attacks/data/Barabasi_Albert/BA_45_w_11_nodes_d_3,0,11,24,0.43636363636363634,4.363636363636363,1.8227216050694022,1,7,2.6635327548042547,0.47705627705627707,0.48484848484848486,-0.2680652680652679,1,1,1.0,3,1.6545454545454545,1,1,5.044565432070942,0.9227633036610113,15.395953272199742,0,7,0.7,0.6363636363636364,4.285714285714286,1,6,0.38095238095238093,8,15,0.5357142857142857,0.29962962962962963,0.7692307692307693,0.39907542779485505,0.146440105280847,3,1,1,1.0,1.3,2,1,1,12.042602523649927
Barabasi_Albert,BA_45_w_12_nodes_d_2,src/graph_reconstruct_attacks/data/Barabasi_Albert/BA_45_w_12_nodes_d_2,0,12,20,0.30303030303030304,3.3333333333333335,2.0138409955990957,1,7,2.054585169337799,0.45476190476190476,0.29577464788732394,-0.5007656967840731,1,1,1.0,3,1.8484848484848484,1,1,4.209447387394408,0.871816709105752,16.60917987984748,0,7,0.6363636363636364,0.5833333333333334,3.4285714285714284,1,7,0.23809523809523808,5,12,0.42857142857142855,0.3333333333333333,0.7333333333333333,0.4675570464567054,0.16779738434056576,2,1,1,1.0,1.3636363636363635,2,2,1,12.161722179459781
Barabasi_Albert,BA_45_w_12_nodes_d_3,src/graph_reconstruct_attacks/data/Barabasi_Albert/BA_45_w_12_nodes_d_3,0,12,27,0.4090909090909091,4.5,2.0207259421636903,1,9,2.625814583693911,0.4694444444444444,0.42857142857142855,-0.3474253019707554,1,1,1.0,3,1.6515151515151516,1,1,5.210660303577387,0.9150830233535096,18.389306321728604,0,7,0.6363636363636364,0.5833333333333334,4.714285714285714,1,9,0.3333333333333333,7,14,0.5,0.24909090909090906,0.7333333333333333,0.37591949239675293,0.12992836011831957,3,1,1,1.0,1.3636363636363635,2,1,1,14.70332344589474
Barabasi_Albert,BA_45_w_7_nodes_d_2,src/graph_reconstruct_attacks/data/Barabasi_Albert/BA_45_w_7_nodes_d_2,0,7,10,0.47619047619047616,2.857142857142857,1.456862718169367,1,5,1.8423709931771086,0.6238095238095237,0.46153846153846156,-0.6355140186915894,1,1,1.0,3,1.5714285714285714,1,1,3.3562097895012935,0.9177230111000734,5.547425160699821,0,5,0.8333333333333334,0.7142857142857143,2.6,1,5,0.3,3,8,0.5333333333333333,0.43333333333333335,0.8571428571428571,0.5092009332448846,0.2444094007177627,2,1,1,1.0,1.1666666666666667,2,2,1,3.4775553321989814
Barabasi_Albert,BA_45_w_8_nodes_d_2,src/graph_reconstruct_attacks/data/Barabasi_Albert/BA_45_w_8_nodes_d_2,0,8,12,0.42857142857142855,3.0,1.5,1,6,2.1556390622295662,0.44166666666666665,0.36363636363636365,-0.5726495726495725,1,1,1.0,3,1.6071428571428572,1,1,3.511273693887767,0.9559254750515442,7.483184264445128,0,6,0.8571428571428571,0.75,2.5,1,4,0.2,3,9,0.42857142857142855,0.5238095238095237,0.875,0.5202822416604626,0.2429133941912161,2,1,1,1.0,1.1428571428571428,2,1,1,4.734511804056966
Barabasi_Albert,BA_45_w_9_nodes_d_2,src/graph_reconstruct_attacks/data/Barabasi_Albert/BA_45_w_9_nodes_d_2,0,9,14,0.3888888888888889,3.111111111111111,1.6629588385661962,2,6,1.224394445405986,0.7888888888888889,0.42857142857142855,-0.5000000000000016,1,1,1.0,3,1.7222222222222223,0,1,3.7234337853890107,0.7985276617807585,9.579360204616043,0,6,0.75,0.6666666666666666,3.0,2,6,0.26666666666666666,4,10,0.47619047619047616,0.4821428571428571,0.8,0.4883317756249123,0.20505955505693468,2,1,0,1.0,1.25,2,2,1,6.4924956819919135
Barabasi_Albert,BA_46_w_10_nodes_d_2,src/graph_reconstruct_attacks/data/Barabasi_Albert/BA_46_w_10_nodes_d_2,0,10,16,0.35555555555555557,3.2,2.481934729198171,1,9,1.7709505944546688,0.7146825396825397,0.3181818181818182,-0.7560975609756098,1,1,1.0,2,1.6444444444444444,1,1,4.238235378401169,1.0000000000000018,11.810653447129246,0,9,1.0,0.9,2.5555555555555554,1,7,0.19444444444444445,7,16,0.35555555555555557,0.5833333333333333,1.0,0.5553565203864935,0.26771847204435867,2,1,1,1.0,1.0,1,1,1,6.921565792466024
Barabasi_Albert,BA_46_w_10_nodes_d_3,src/graph_reconstruct_attacks/data/Barabasi_Albert/BA_46_w_10_nodes_d_3,0,10,21,0.4666666666666667,4.2,2.08806130178211,1,8,1.8464393446710154,0.6452380952380953,0.5393258426966292,-0.45979100408904905,1,1,1.0,3,1.5555555555555556,1,1,4.939135039989682,0.9756273585754613,12.576762279339954,0,8,0.8888888888888888,0.8,3.875,1,8,0.35714285714285715,10,18,0.5,0.36111111111111105,0.9,0.46423595120254046,0.18587373751414674,3,1,1,1.0,1.1111111111111112,2,2,1,9.36376040427669
Barabasi_Albert,BA_46_w_11_nodes_d_2,src/graph_reconstruct_attacks/data/Barabasi_Albert/BA_46_w_11_nodes_d_2,0,11,18,0.32727272727272727,3.272727272727273,1.4200453956193917,2,6,1.8230679822736608,0.5545454545454546,0.40384615384615385,-0.17961165048543742,1,1,1.0,3,1.9090909090909092,0,1,3.8266120138065514,0.6725274994856946,14.158602817677263,0,6,0.6,0.5454545454545454,3.1666666666666665,2,6,0.26666666666666666,4,10,0.47619047619047616,0.4481481481481482,0.7142857142857143,0.44090552144628337,0.16064758252252886,2,1,0,1.0,1.4,2,2,1,10.458789210074194
Barabasi_Albert,BA_46_w_11_nodes_d_3,src/graph_reconstruct_attacks/data/Barabasi_Albert/BA_46_w_11_nodes_d_3,0,11,24,0.43636363636363634,4.363636363636363,1.9198829165402616,2,8,2.663532754804255,0.6034632034632034,0.44554455445544555,-0.43399722093561927,1,1,1.0,3,1.6,0,0,4.981302530796983,1.6430484412095367,15.395953272199742,0,8,0.8,0.7272727272727273,4.25,2,7,0.35714285714285715,10,18,0.5,0.2766666666666667,0.8333333333333334,0.4551927719410917,0.15941069162681218,3,0,0,1.0,1.2,2,1,1,11.810653447129246
Barabasi_Albert,BA_46_w_12_nodes_d_2,src/graph_reconstruct_attacks/data/Barabasi_Albert/BA_46_w_12_nodes_d_2,0,12,20,0.30303030303030304,3.3333333333333335,2.460803843372233,2,10,1.584962500721156,0.7013227513227513,0.2891566265060241,-0.5923129718599864,1,1,1.0,3,1.7121212121212122,0,0,4.356671153524699,1.1430812374218549,16.60917987984748,0,10,0.9090909090909091,0.8333333333333334,2.8,2,7,0.17777777777777778,8,18,0.32727272727272727,0.5666666666666665,0.9166666666666666,0.5649481666752961,0.23303515011980247,2,0,0,1.0,1.0909090909090908,2,1,1,10.466105817131357
Barabasi_Albert,BA_46_w_12_nodes_d_3,src/graph_reconstruct_attacks/data/Barabasi_Albert/BA_46_w_12_nodes_d_3,0,12,27,0.4090909090909091,4.5,1.7559422921421233,3,8,2.125814583693911,0.32301587301587303,0.26548672566371684,-0.4504576203740543,1,1,1.0,3,1.6515151515151516,0,0,4.996445219104054,1.8608991978808398,18.389306321728604,0,6,0.5454545454545454,0.5,5.0,3,8,0.26666666666666666,4,10,0.47619047619047616,0.1371933621933622,0.6875,0.35026105396957324,0.10802176368694344,3,0,0,1.0,1.4545454545454546,2,2,1,14.925172195511099
Barabasi_Albert,BA_46_w_7_nodes_d_2,src/graph_reconstruct_attacks/data/Barabasi_Albert/BA_46_w_7_nodes_d_2,0,7,10,0.47619047619047616,2.857142857142857,0.8329931278350429,2,4,1.5566567074628228,0.3095238095238095,0.2857142857142857,-0.30434782608696004,1,1,1.0,3,1.619047619047619,0,0,3.0558396095567595,1.0462762836504444,5.547425160699821,0,4,0.6666666666666666,0.5714285714285714,3.0,2,4,0.3333333333333333,2,6,0.6,0.27777777777777773,0.75,0.5017923816422604,0.1916065053785347,2,0,0,1.0,1.3333333333333333,2,2,1,3.6994040818153366
Barabasi_Albert,BA_46_w_8_nodes_d_2,src/graph_reconstruct_attacks/data/Barabasi_Albert/BA_46_w_8_nodes_d_2,0,8,12,0.42857142857142855,3.0,1.5811388300841898,2,7,1.4056390622295665,0.7797619047619048,0.4411764705882353,-0.45161290322580705,1,1,1.0,2,1.5714285714285714,0,1,3.5091585029664865,0.9999999999999997,7.483184264445128,0,7,1.0,0.875,2.4285714285714284,2,3,0.23809523809523808,5,12,0.42857142857142855,0.6904761904761905,1.0,0.5959451561368115,0.2746394642280678,2,1,0,1.0,1.0,1,1,1,4.308543071784685
Barabasi_Albert,BA_46_w_9_nodes_d_2,src/graph_reconstruct_attacks/data/Barabasi_Albert/BA_46_w_9_nodes_d_2,0,9,14,0.3888888888888889,3.111111111111111,1.5234788000891208,1,6,2.4193819456463714,0.5481481481481482,0.375,-0.5720338983050866,1,1,1.0,3,1.6944444444444444,1,1,3.63149403333791,0.8879919376617414,9.579360204616043,0,6,0.75,0.6666666666666666,2.6666666666666665,1,5,0.2,3,9,0.42857142857142855,0.46428571428571425,0.8,0.4787976152057762,0.20942201006292024,2,1,1,1.0,1.25,2,1,1,6.4924956819919135
Barabasi_Albert,BA_47_w_10_nodes_d_2,src/graph_reconstruct_attacks/data/Barabasi_Albert/BA_47_w_10_nodes_d_2,0,10,16,0.35555555555555557,3.2,1.2489995996796797,2,5,1.4854752972273344,0.24333333333333332,0.27906976744186046,-0.19466666666666665,1,1,1.0,3,1.7777777777777777,0,0,3.669276859409897,0.9189106104190572,11.810653447129246,0,4,0.4444444444444444,0.4,4.0,2,5,0.3333333333333333,2,6,0.6,0.1712962962962963,0.6428571428571429,0.3889743307288497,0.12081547446602428,2,0,0,1.0,1.5555555555555556,2,3,2,9.09749251487192
Barabasi_Albert,BA_47_w_10_nodes_d_3,src/graph_reconstruct_attacks/data/Barabasi_Albert/BA_47_w_10_nodes_d_3,0,10,21,0.4666666666666667,4.2,1.2489995996796797,3,7,1.8464393446710154,0.3861904761904762,0.4,-0.17977528089887865,1,1,1.0,3,1.5555555555555556,0,0,4.537510650930432,2.09291743028207,12.576762279339954,0,5,0.5555555555555556,0.5,4.8,3,7,0.4,4,9,0.6,0.09027777777777778,0.6923076923076923,0.3742490930498044,0.115663471201285,3,0,0,1.0,1.4444444444444444,2,3,2,9.863790938460564
Barabasi_Albert,BA_47_w_11_nodes_d_2,src/graph_reconstruct_attacks/data/Barabasi_Albert/BA_47_w_11_nodes_d_2,0,11,18,0.32727272727272727,3.272727272727273,2.259964162664737,2,9,1.2776134368191154,0.6207070707070707,0.30434782608695654,-0.5699658703071672,1,1,1.0,3,1.7454545454545454,0,0,4.230223709998212,0.9701764786870153,14.158602817677263,0,5,0.5,0.45454545454545453,4.2,2,9,0.3,3,8,0.5333333333333333,0.17037037037037034,0.6666666666666666,0.36882707393312497,0.13457154477408734,2,0,0,1.0,1.5,2,1,1,10.86335979764525
Barabasi_Albert,BA_47_w_11_nodes_d_3,src/graph_reconstruct_attacks/data/Barabasi_Albert/BA_47_w_11_nodes_d_3,0,11,24,0.43636363636363634,4.363636363636363,1.610913195151759,2,7,2.2998963911678914,0.45151515151515154,0.4105263157894737,-0.44931703810208456,1,1,1.0,3,1.6,0,0,4.822990180020804,1.635807361532925,15.395953272199742,0,7,0.7,0.6363636363636364,4.285714285714286,2,6,0.3333333333333333,7,14,0.5,0.22592592592592592,0.7692307692307693,0.4243895513661834,0.14006265857862168,3,0,0,1.0,1.3,2,1,1,12.042602523649927
Barabasi_Albert,BA_47_w_12_nodes_d_2,src/graph_reconstruct_attacks/data/Barabasi_Albert/BA_47_w_12_nodes_d_2,0,12,20,0.30303030303030304,3.3333333333333335,1.3123346456686351,2,6,2.084962500721156,0.30277777777777776,0.3157894736842105,-0.03761348897535767,1,1,1.0,4,1.9545454545454546,0,0,3.880835359308719,0.926707376079012,16.60917987984748,0,6,0.5454545454545454,0.5,3.5,2,5,0.26666666666666666,4,10,0.47619047619047616,0.31454545454545446,0.6470588235294118,0.46413161856880353,0.14053984146635054,2,0,0,1.0,1.5454545454545454,3,1,1,12.638843434179455
Barabasi_Albert,BA_47_w_12_nodes_d_3,src/graph_reconstruct_attacks/data/Barabasi_Albert/BA_47_w_12_nodes_d_3,0,12,27,0.4090909090909091,4.5,1.8027756377319946,3,9,2.0545851693377997,0.5416666666666666,0.4473684210526316,-0.24719101123595655,1,1,1.0,3,1.6363636363636365,0,0,5.075003742917308,1.6593580255046214,18.389306321728604,0,9,0.8181818181818182,0.75,4.333333333333333,3,7,0.3333333333333333,12,21,0.4666666666666667,0.3003030303030303,0.8461538461538461,0.48153473668463814,0.1562204631519567,3,0,0,1.0,1.1818181818181819,2,1,1,14.158602817677263
Barabasi_Albert,BA_47_w_7_nodes_d_2,src/graph_reconstruct_attacks/data/Barabasi_Albert/BA_47_w_7_nodes_d_2,0,7,10,0.47619047619047616,2.857142857142857,1.1248582677159729,2,5,1.6644977792004614,0.5666666666666667,0.391304347826087,-0.52317880794702,1,1,1.0,2,1.5238095238095237,0,0,3.148842495843819,1.3009883298293703,5.547425160699821,0,5,0.8333333333333334,0.7142857142857143,2.6,2,4,0.3,3,8,0.5333333333333333,0.4,0.8571428571428571,0.5539370821456416,0.23776829947045924,2,0,0,1.0,1.1666666666666667,2,1,1,3.4775553321989814
Barabasi_Albert,BA_47_w_8_nodes_d_2,src/graph_reconstruct_attacks/data/Barabasi_Albert/BA_47_w_8_nodes_d_2,0,8,12,0.42857142857142855,3.0,1.6583123951777,1,6,2.0,0.6458333333333334,0.42857142857142855,-0.632458233890213,1,1,1.0,3,1.6071428571428572,1,1,3.602534410178164,0.9429813223194459,7.483184264445128,0,6,0.8571428571428571,0.75,2.6666666666666665,1,5,0.26666666666666666,4,10,0.47619047619047616,0.47619047619047616,0.875,0.5214924410857976,0.24219218520775426,2,1,1,1.0,1.1428571428571428,2,1,1,4.734511804056966
Barabasi_Albert,BA_47_w_9_nodes_d_2,src/graph_reconstruct_attacks/data/Barabasi_Albert/BA_47_w_9_nodes_d_2,0,9,14,0.3888888888888889,3.111111111111111,1.1967032904743342,2,5,1.836591668108979,0.3592592592592593,0.25,-0.49333333333333196,1,1,1.0,3,1.6666666666666667,0,0,3.4291253552282734,1.318384773010424,9.579360204616043,0,3,0.375,0.3333333333333333,3.3333333333333335,2,5,0.3333333333333333,1,4,0.6666666666666666,0.06547619047619047,0.5714285714285714,0.2963602041245963,0.10829576853709227,2,0,0,1.0,1.75,3,2,2,7.331916589114478
Barabasi_Albert,BA_48_w_10_nodes_d_2,src/graph_reconstruct_attacks/data/Barabasi_Albert/BA_48_w_10_nodes_d_2,0,10,16,0.35555555555555557,3.2,1.1661903789690602,2,6,1.8464393446710154,0.5266666666666666,0.42857142857142855,-0.1891891891891892,1,1,1.0,4,1.8666666666666667,0,0,3.5821034469520585,0.7670148387722217,11.810653447129246,0,6,0.6666666666666666,0.6,3.1666666666666665,2,4,0.26666666666666666,4,10,0.47619047619047616,0.4574074074074073,0.75,0.529325709657316,0.17467109669310443,2,0,0,1.0,1.3333333333333333,2,1,1,8.405153089434915
Barabasi_Albert,BA_48_w_10_nodes_d_3,src/graph_reconstruct_attacks/data/Barabasi_Albert/BA_48_w_10_nodes_d_3,0,10,21,0.4666666666666667,4.2,1.6,2,7,2.1709505944546685,0.5466666666666666,0.4125,-0.44426877470355686,1,1,1.0,2,1.5333333333333334,0,0,4.632031491316374,1.7565539990577606,12.576762279339954,0,7,0.7777777777777778,0.7,3.857142857142857,2,7,0.2857142857142857,6,13,0.4642857142857143,0.25,0.8181818181818182,0.4407354168046457,0.16020578680294167,3,0,0,1.0,1.2222222222222223,2,2,1,9.579360204616043
Barabasi_Albert,BA_48_w_11_nodes_d_2,src/graph_reconstruct_attacks/data/Barabasi_Albert/BA_48_w_11_nodes_d_2,0,11,18,0.32727272727272727,3.272727272727273,2.2193737483152187,1,9,1.867633890971212,0.5661616161616162,0.3088235294117647,-0.5542763157894735,1,1,1.0,3,1.7272727272727273,1,1,4.20202765375565,0.971183376993556,14.158602817677263,0,9,0.9,0.8181818181818182,2.7777777777777777,1,5,0.19444444444444445,7,16,0.35555555555555557,0.5740740740740741,0.9090909090909091,0.5549101246944246,0.2371608833192251,2,1,1,1.0,1.1,2,1,1,8.947513679120226
Barabasi_Albert,BA_48_w_11_nodes_d_3,src/graph_reconstruct_attacks/data/Barabasi_Albert/BA_48_w_11_nodes_d_3,0,11,24,0.43636363636363634,4.363636363636363,2.568081253059188,1,9,1.8676338909712125,0.7344877344877344,0.5128205128205128,-0.594612794612795,1,1,1.0,3,1.5818181818181818,1,1,5.359234249162263,0.9805105486053883,15.395953272199742,0,9,0.9,0.8181818181818182,4.0,1,9,0.3333333333333333,12,21,0.4666666666666667,0.35555555555555557,0.9090909090909091,0.4505332827431085,0.18299301203466828,3,1,1,1.0,1.1,2,2,1,11.537652175065498
Barabasi_Albert,BA_48_w_12_nodes_d_2,src/graph_reconstruct_attacks/data/Barabasi_Albert/BA_48_w_12_nodes_d_2,0,12,20,0.30303030303030304,3.3333333333333335,1.6996731711975948,2,8,2.054585169337799,0.2785714285714286,0.1875,-0.35254988913525426,1,1,1.0,3,1.8484848484848484,0,0,3.9674688459355316,0.9988777268364726,16.60917987984748,0,8,0.7272727272727273,0.6666666666666666,3.0,2,5,0.14285714285714285,4,12,0.3333333333333333,0.4848484848484848,0.7857142857142857,0.5321980945739605,0.18643678310508285,2,0,0,1.0,1.2727272727272727,2,1,1,11.642197076187038
Barabasi_Albert,BA_48_w_12_nodes_d_3,src/graph_reconstruct_attacks/data/Barabasi_Albert/BA_48_w_12_nodes_d_3,0,12,27,0.4090909090909091,4.5,2.29128784747792,1,9,2.8553885422075336,0.5410714285714285,0.4523809523809524,-0.4397163120567382,1,1,1.0,3,1.6363636363636365,1,1,5.374788077836659,0.9671339335682133,18.389306321728604,0,9,0.8181818181818182,0.75,4.333333333333333,1,8,0.3333333333333333,12,21,0.4666666666666667,0.3305194805194805,0.8461538461538461,0.44585834734454455,0.16284090910922258,3,1,1,1.0,1.1818181818181819,2,1,1,14.158602817677263
Barabasi_Albert,BA_48_w_7_nodes_d_2,src/graph_reconstruct_attacks/data/Barabasi_Albert/BA_48_w_7_nodes_d_2,0,7,10,0.47619047619047616,2.857142857142857,0.9897433186107869,2,5,1.4488156357251847,0.4095238095238095,0.2727272727272727,-0.5079365079365065,1,1,1.0,2,1.5238095238095237,0,0,3.0748556711054538,1.3819660112501044,5.547425160699821,0,5,0.8333333333333334,0.7142857142857143,2.4,2,3,0.2,2,7,0.4666666666666667,0.43333333333333335,0.8571428571428571,0.5479730148902654,0.23885981509006393,2,0,0,1.0,1.1666666666666667,2,1,1,3.4775553321989814
Barabasi_Albert,BA_48_w_8_nodes_d_2,src/graph_reconstruct_attacks/data/Barabasi_Albert/BA_48_w_8_nodes_d_2,0,8,12,0.42857142857142855,3.0,1.0,2,5,1.811278124459133,0.32916666666666666,0.32142857142857145,-0.24390243902439318,1,1,1.0,3,1.6785714285714286,0,0,3.296372294344068,1.2289765963534727,7.483184264445128,0,5,0.7142857142857143,0.625,3.0,2,4,0.3,3,8,0.5333333333333333,0.3333333333333333,0.7777777777777778,0.5321511370535562,0.19623607130792448,2,0,0,1.0,1.2857142857142858,2,1,1,5.065505023098389
Barabasi_Albert,BA_48_w_9_nodes_d_2,src/graph_reconstruct_attacks/data/Barabasi_Albert/BA_48_w_9_nodes_d_2,0,9,14,0.3888888888888889,3.111111111111111,1.5947444549341472,2,6,1.4355205042826666,0.3851851851851852,0.2926829268292683,-0.49162861491628673,1,1,1.0,3,1.6666666666666667,0,0,3.6728110731788335,1.0636656058337213,9.579360204616043,0,6,0.75,0.6666666666666666,3.0,2,6,0.26666666666666666,4,10,0.47619047619047616,0.33928571428571425,0.8,0.5158052453674763,0.20213111465938988,2,0,0,1.0,1.25,2,2,1,6.4924956819919135
Barabasi_Albert,BA_49_w_10_nodes_d_2,src/graph_reconstruct_attacks/data/Barabasi_Albert/BA_49_w_10_nodes_d_2,0,10,16,0.35555555555555557,3.2,1.6,2,7,1.9609640474436814,0.46571428571428575,0.3125,-0.38596491228070173,1,1,1.0,3,1.7555555555555555,0,0,3.7743475169615808,1.0769771625079305,11.810653447129246,0,5,0.5555555555555556,0.5,3.8,2,7,0.3,3,8,0.5333333333333333,0.23148148148148143,0.6923076923076923,0.4403516587964795,0.1479412377536615,2,0,0,1.0,1.4444444444444444,2,1,1,8.778733752247508
Barabasi_Albert,BA_49_w_10_nodes_d_3,src/graph_reconstruct_attacks/data/Barabasi_Albert/BA_49_w_10_nodes_d_3,0,10,21,0.4666666666666667,4.2,1.661324772583615,2,7,2.1219280948873624,0.5142857142857142,0.48148148148148145,-0.29452054794520516,1,1,1.0,3,1.5555555555555556,0,0,4.739707669800376,1.4424526914492688,12.576762279339954,0,7,0.7777777777777778,0.7,4.142857142857143,2,7,0.38095238095238093,8,15,0.5357142857142857,0.24305555555555555,0.8181818181818182,0.45100395117888287,0.15931088585737618,3,0,0,1.0,1.2222222222222223,2,2,1,9.579360204616043
Barabasi_Albert,BA_49_w_11_nodes_d_2,src/graph_reconstruct_attacks/data/Barabasi_Albert/BA_49_w_11_nodes_d_2,0,11,18,0.32727272727272727,3.272727272727273,1.7104443383842527,2,7,1.8676338909712125,0.49004329004329006,0.2631578947368421,-0.518248175182483,1,1,1.0,3,1.7636363636363637,0,0,3.8515251693589665,1.117414958729508,14.158602817677263,0,4,0.4,0.36363636363636365,3.5,2,6,0.16666666666666666,1,5,0.5,0.0962962962962963,0.5882352941176471,0.30428382272235777,0.10970654548944003,2,0,0,1.0,1.7,3,2,2,11.222381740286911
Barabasi_Albert,BA_49_w_11_nodes_d_3,src/graph_reconstruct_attacks/data/Barabasi_Albert/BA_49_w_11_nodes_d_3,0,11,24,0.43636363636363634,4.363636363636363,1.4316377952748747,3,7,2.0403733936884962,0.47705627705627707,0.42391304347826086,-0.26623376623376527,1,1,1.0,3,1.6363636363636365,0,0,4.746579596545449,1.7820988030320124,15.395953272199742,0,7,0.7,0.6363636363636364,4.571428571428571,3,6,0.38095238095238093,8,15,0.5357142857142857,0.20074074074074075,0.7692307692307693,0.4473005268813203,0.13807850105527134,3,0,0,1.0,1.3,2,1,1,12.042602523649927
Barabasi_Albert,BA_49_w_12_nodes_d_2,src/graph_reconstruct_attacks/data/Barabasi_Albert/BA_49_w_12_nodes_d_2,0,12,20,0.30303030303030304,3.3333333333333335,1.5986105077709065,2,7,2.054585169337799,0.37142857142857144,0.24193548387096775,-0.40117994100294974,1,1,1.0,3,1.8636363636363635,0,0,3.906068713659978,1.030683583055565,16.60917987984748,0,6,0.5454545454545454,0.5,3.3333333333333335,2,7,0.26666666666666666,4,10,0.47619047619047616,0.23939393939393933,0.6875,0.44316146472979284,0.14222735638158576,2,0,0,1.0,1.4545454545454546,2,1,1,12.638843434179455
Barabasi_Albert,BA_49_w_12_nodes_d_3,src/graph_reconstruct_attacks/data/Barabasi_Albert/BA_49_w_12_nodes_d_3,0,12,27,0.4090909090909091,4.5,1.8929694486000912,3,9,1.9508257945180885,0.5047619047619047,0.4396551724137931,-0.24615384615384567,1,1,1.0,3,1.6666666666666667,0,0,5.152514547628298,1.527300724619212,18.389306321728604,0,8,0.7272727272727273,0.6666666666666666,4.5,3,9,0.35714285714285715,10,18,0.5,0.2121212121212121,0.7857142857142857,0.4422543078238171,0.13951423557098336,3,0,0,1.0,1.2727272727272727,2,1,1,14.448050940791438
Barabasi_Albert,BA_49_w_7_nodes_d_2,src/graph_reconstruct_attacks/data/Barabasi_Albert/BA_49_w_7_nodes_d_2,0,7,10,0.47619047619047616,2.857142857142857,0.8329931278350429,2,4,1.5566567074628228,0.4047619047619047,0.42857142857142855,-0.014492753623190718,1,1,1.0,3,1.6666666666666667,0,0,3.115514116213083,0.8642207949301426,5.547425160699821,0,4,0.6666666666666666,0.5714285714285714,3.0,2,4,0.3333333333333333,2,6,0.6,0.31111111111111106,0.75,0.49200766347027924,0.19192142043418745,2,0,0,1.0,1.3333333333333333,2,2,1,3.6994040818153366
Barabasi_Albert,BA_49_w_8_nodes_d_2,src/graph_reconstruct_attacks/data/Barabasi_Albert/BA_49_w_8_nodes_d_2,0,8,12,0.42857142857142855,3.0,1.224744871391589,2,5,1.5,0.3,0.2,-0.5238095238095221,1,1,1.0,3,1.6071428571428572,0,0,3.3322465011650046,1.4384471871911697,7.483184264445128,0,2,0.2857142857142857,0.25,4.0,3,5,0,0,2,0.6666666666666666,0.015873015873015872,0.5384615384615384,0.24532925515450452,0.0882888995957896,2,0,0,1.0,1.8571428571428572,3,4,2,5.547425160699821
Barabasi_Albert,BA_49_w_9_nodes_d_2,src/graph_reconstruct_attacks/data/Barabasi_Albert/BA_49_w_9_nodes_d_2,0,9,14,0.3888888888888889,3.111111111111111,1.9688939051854835,1,8,2.0588138903312014,0.6534391534391534,0.3829787234042553,-0.5674300254452931,1,1,1.0,2,1.6111111111111112,1,1,3.8508256356507444,0.9999999999999989,9.579360204616043,0,8,1.0,0.8888888888888888,2.5,1,4,0.21428571428571427,6,14,0.3888888888888889,0.6607142857142857,1.0,0.5778995225965393,0.27184341391242633,2,1,1,1.0,1.0,1,1,1,5.576041733441991
Barabasi_Albert,BA_4_w_10_nodes_d_2,src/graph_reconstruct_attacks/data/Barabasi_Albert/BA_4_w_10_nodes_d_2,0,10,16,0.35555555555555557,3.2,1.7204650534085253,1,6,2.1219280948873624,0.35333333333333333,0.3,-0.4472361809045226,1,1,1.0,3,1.7555555555555555,1,1,3.8846244447917764,0.8961020746080817,11.810653447129246,0,6,0.6666666666666666,0.6,3.1666666666666665,1,6,0.2,3,9,0.42857142857142855,0.38888888888888884,0.75,0.45206861316711233,0.18311929465464652,2,1,1,1.0,1.3333333333333333,2,2,1,8.405153089434915
Barabasi_Albert,BA_4_w_10_nodes_d_3,src/graph_reconstruct_attacks/data/Barabasi_Albert/BA_4_w_10_nodes_d_3,0,10,21,0.4666666666666667,4.2,1.7776388834631178,1,8,2.3219280948873626,0.48238095238095235,0.46987951807228917,-0.359174964438122,1,1,1.0,3,1.5777777777777777,1,1,4.783553425253139,0.9752387944556083,12.576762279339954,0,8,0.8888888888888888,0.8,3.875,1,6,0.35714285714285715,10,18,0.5,0.3703703703703703,0.9,0.48031293300004413,0.18530993564447645,3,1,1,1.0,1.1111111111111112,2,1,1,9.36376040427669
Barabasi_Albert,BA_4_w_11_nodes_d_2,src/graph_reconstruct_attacks/data/Barabasi_Albert/BA_4_w_11_nodes_d_2,0,11,18,0.32727272727272727,3.272727272727273,1.7104443383842525,2,8,1.6767370300521325,0.570995670995671,0.3684210526315789,-0.31843575418994413,1,1,1.0,3,1.8363636363636364,0,0,3.9222500897941215,0.8759234428502067,14.158602817677263,0,8,0.8,0.7272727272727273,3.0,2,5,0.21428571428571427,6,14,0.3888888888888889,0.5777777777777777,0.8333333333333334,0.5643739326111941,0.2057247691498223,2,0,0,1.0,1.2,2,1,1,9.503816179887517
Barabasi_Albert,BA_4_w_11_nodes_d_3,src/graph_reconstruct_attacks/data/Barabasi_Albert/BA_4_w_11_nodes_d_3,0,11,24,0.43636363636363634,4.363636363636363,1.610913195151759,3,8,2.0403733936884962,0.4954545454545455,0.37894736842105264,-0.44816236972024076,1,1,1.0,2,1.5636363636363637,0,0,4.7657841179261995,1.660128630544523,15.395953272199742,0,6,0.6,0.5454545454545454,4.5,3,8,0.4,6,12,0.5714285714285714,0.10999999999999999,0.7142857142857143,0.3777455664859504,0.12066086392725812,3,0,0,1.0,1.4,2,2,1,12.234488049888835
Barabasi_Albert,BA_4_w_12_nodes_d_2,src/graph_reconstruct_attacks/data/Barabasi_Albert/BA_4_w_12_nodes_d_2,0,12,20,0.30303030303030304,3.3333333333333335,1.6499158227686108,2,7,1.896240625180289,0.10119047619047618,0.047619047619047616,-0.42961342086068555,1,1,1.0,4,1.9393939393939394,0,0,3.924658223636766,1.0906134121488147,16.60917987984748,0,4,0.36363636363636365,0.3333333333333333,4.25,2,7,0,0,4,0.4,0.15131313131313132,0.5789473684210527,0.31199622874950134,0.09877873885382307,2,0,0,1.0,1.7272727272727273,3,3,2,13.473476040515532
Barabasi_Albert,BA_4_w_12_nodes_d_3,src/graph_reconstruct_attacks/data/Barabasi_Albert/BA_4_w_12_nodes_d_3,0,12,27,0.4090909090909091,4.5,2.101586702153082,2,9,2.4508257945180882,0.606547619047619,0.4462809917355372,-0.3654383735705207,1,1,1.0,3,1.6515151515151516,0,0,5.253487465437971,1.2866028798868396,18.389306321728604,0,9,0.8181818181818182,0.75,4.0,2,8,0.25,9,18,0.4,0.378008658008658,0.8461538461538461,0.4346586884296271,0.1598755013039437,3,0,0,1.0,1.1818181818181819,2,1,1,14.158602817677263
Barabasi_Albert,BA_4_w_7_nodes_d_2,src/graph_reconstruct_attacks/data/Barabasi_Albert/BA_4_w_7_nodes_d_2,0,7,10,0.47619047619047616,2.857142857142857,1.1248582677159729,2,5,1.6644977792004614,0.44761904761904764,0.391304347826087,-0.3907284768211922,1,1,1.0,3,1.619047619047619,0,0,3.2072009662384793,1.014837756964402,5.547425160699821,0,3,0.5,0.42857142857142855,3.6666666666666665,2,5,0.3333333333333333,1,4,0.6666666666666666,0.18888888888888888,0.6666666666666666,0.3859665255721813,0.1489703652042848,2,0,0,1.0,1.5,2,1,1,3.808548551240405
Barabasi_Albert,BA_4_w_8_nodes_d_2,src/graph_reconstruct_attacks/data/Barabasi_Albert/BA_4_w_8_nodes_d_2,0,8,12,0.42857142857142855,3.0,1.118033988749895,2,5,1.75,0.2875,0.3103448275862069,-0.19371727748691037,1,1,1.0,3,1.6785714285714286,0,0,3.3696375835884584,0.992673861495268,7.483184264445128,0,5,0.7142857142857143,0.625,3.0,2,4,0.3,3,8,0.5333333333333333,0.33333333333333326,0.7777777777777778,0.5143888062420809,0.19763221185545843,2,0,0,1.0,1.2857142857142858,2,1,1,5.065505023098389
Barabasi_Albert,BA_4_w_9_nodes_d_2,src/graph_reconstruct_attacks/data/Barabasi_Albert/BA_4_w_9_nodes_d_2,0,9,14,0.3888888888888889,3.111111111111111,1.5234788000891208,2,7,1.7527152789797047,0.5026455026455027,0.3,-0.45027624309392333,1,1,1.0,3,1.6388888888888888,0,0,3.5855728065568924,1.193893541394837,9.579360204616043,0,7,0.875,0.7777777777777778,2.5714285714285716,2,4,0.19047619047619047,4,11,0.39285714285714285,0.5446428571428571,0.8888888888888888,0.5665636321608332,0.23541714233534056,2,0,0,1.0,1.125,2,1,1,6.073366374249938
Barabasi_Albert,BA_50_w_7_nodes_d_2,src/graph_reconstruct_attacks/data/Barabasi_Albert/BA_50_w_7_nodes_d_2,0,7,10,0.47619047619047616,2.857142857142857,0.6388765649999398,2,4,1.3787834934861753,0.47619047619047616,0.45,-0.2500000000000053,1,1,1.0,3,1.5714285714285714,0,0,2.9927629601523256,1.18639349735167,5.547425160699821,0,4,0.6666666666666666,0.5714285714285714,2.75,2,3,0.3333333333333333,2,6,0.6,0.31111111111111106,0.75,0.494423844322476,0.19240586830246556,2,0,0,1.0,1.3333333333333333,2,1,1,3.6994040818153366
Barabasi_Albert,BA_50_w_8_nodes_d_2,src/graph_reconstruct_attacks/data/Barabasi_Albert/BA_50_w_8_nodes_d_2,0,8,12,0.42857142857142855,3.0,1.0,2,5,1.811278124459133,0.43333333333333335,0.42857142857142855,-0.09756097560975675,1,1,1.0,4,1.7857142857142858,0,0,3.3349189053065182,0.7677616226503042,7.483184264445128,0,2,0.2857142857142857,0.25,2.5,2,3,0,0,2,0.6666666666666666,0.023809523809523808,0.4375,0.15716684373082201,0.09372292796485507,2,0,0,1.0,2.2857142857142856,4,3,2,5.547425160699821
Barabasi_Albert,BA_50_w_9_nodes_d_2,src/graph_reconstruct_attacks/data/Barabasi_Albert/BA_50_w_9_nodes_d_2,0,9,14,0.3888888888888889,3.111111111111111,0.8748897637790901,2,5,1.6577427265048887,0.337037037037037,0.2727272727272727,-0.47368421052632054,1,1,1.0,3,1.6666666666666667,0,0,3.285806139737172,1.156553109796829,9.579360204616043,0,3,0.375,0.3333333333333333,4.0,3,5,0.3333333333333333,1,4,0.6666666666666666,0.03571428571428571,0.6153846153846154,0.36195561318980696,0.1054743522709384,2,0,0,1.0,1.625,2,5,5,7.331916589114478
Barabasi_Albert,BA_51_w_7_nodes_d_2,src/graph_reconstruct_attacks/data/Barabasi_Albert/BA_51_w_7_nodes_d_2,0,7,10,0.47619047619047616,2.857142857142857,1.3552618543578767,1,5,1.8423709931771086,0.6142857142857142,0.48,-0.5757575757575761,1,1,1.0,3,1.5714285714285714,1,1,3.313209162789653,0.9217367926784236,5.547425160699821,0,5,0.8333333333333334,0.7142857142857143,2.6,1,4,0.3,3,8,0.5333333333333333,0.4666666666666667,0.8571428571428571,0.5137983793914386,0.24435339066914358,2,1,1,1.0,1.1666666666666667,2,1,1,3.4775553321989814
Barabasi_Albert,BA_51_w_8_nodes_d_2,src/graph_reconstruct_attacks/data/Barabasi_Albert/BA_51_w_8_nodes_d_2,0,8,12,0.42857142857142855,3.0,1.118033988749895,2,5,1.75,0.29583333333333334,0.3103448275862069,-0.2565445026178004,1,1,1.0,3,1.6785714285714286,0,0,3.359401695609717,1.0400096733435573,7.483184264445128,0,4,0.5714285714285714,0.5,3.5,2,5,0.3333333333333333,2,6,0.6,0.22222222222222218,0.7,0.4457181573784568,0.1604702466039435,2,0,0,1.0,1.4285714285714286,2,2,1,5.308543071784685
Barabasi_Albert,BA_51_w_9_nodes_d_2,src/graph_reconstruct_attacks/data/Barabasi_Albert/BA_51_w_9_nodes_d_2,0,9,14,0.3888888888888889,3.111111111111111,1.3698697784375504,2,6,1.752715278979705,0.7407407407407408,0.47368421052631576,-0.3291139240506319,1,1,1.0,3,1.7777777777777777,0,1,3.5771446802611986,0.7236736298747242,9.579360204616043,0,6,0.75,0.6666666666666666,2.8333333333333335,2,5,0.26666666666666666,4,10,0.47619047619047616,0.5416666666666666,0.8,0.5062367242012543,0.20460771071093123,2,1,0,1.0,1.25,2,1,1,6.4924956819919135
Barabasi_Albert,BA_52_w_7_nodes_d_2,src/graph_reconstruct_attacks/data/Barabasi_Albert/BA_52_w_7_nodes_d_2,0,7,10,0.47619047619047616,2.857142857142857,1.2453996981544782,1,5,2.2359263506290326,0.5571428571428572,0.5,-0.38888888888889017,1,1,1.0,3,1.6666666666666667,1,1,3.309767273715227,0.6823557249157345,5.547425160699821,0,3,0.5,0.42857142857142855,3.0,1,5,0.3333333333333333,1,4,0.6666666666666666,0.3333333333333333,0.6666666666666666,0.31840642985463885,0.15955496416525047,2,1,1,1.0,1.5,2,2,1,3.808548551240405
Barabasi_Albert,BA_52_w_8_nodes_d_2,src/graph_reconstruct_attacks/data/Barabasi_Albert/BA_52_w_8_nodes_d_2,0,8,12,0.42857142857142855,3.0,1.5,2,6,1.5487949406953985,0.5291666666666667,0.36363636363636365,-0.5035460992907793,1,1,1.0,3,1.6071428571428572,0,0,3.5068903933776037,1.1060049948102755,7.483184264445128,0,5,0.7142857142857143,0.625,3.0,2,6,0.3,3,8,0.5333333333333333,0.26984126984126977,0.7777777777777778,0.4864216853381722,0.19905251680363473,2,0,0,1.0,1.2857142857142858,2,1,1,5.065505023098389
Barabasi_Albert,BA_52_w_9_nodes_d_2,src/graph_reconstruct_attacks/data/Barabasi_Albert/BA_52_w_9_nodes_d_2,0,9,14,0.3888888888888889,3.111111111111111,0.7370277311900889,2,4,1.5304930567574826,0.07407407407407407,0.09375,-0.1666666666666653,1,1,1.0,3,1.7222222222222223,0,0,3.2724682169999033,1.1338017374909772,9.579360204616043,0,4,0.5,0.4444444444444444,3.25,2,4,0.16666666666666666,1,5,0.5,0.17559523809523805,0.6666666666666666,0.42273324606316154,0.1381641075310922,2,0,0,1.0,1.5,2,3,2,7.118036769169399
Barabasi_Albert,BA_53_w_7_nodes_d_2,src/graph_reconstruct_attacks/data/Barabasi_Albert/BA_53_w_7_nodes_d_2,0,7,10,0.47619047619047616,2.857142857142857,0.6388765649999398,2,4,1.3787834934861753,0.11904761904761904,0.15,-0.2500000000000053,1,1,1.0,3,1.5714285714285714,0,0,2.9805371483567633,1.3273802716088878,5.547425160699821,0,3,0.5,0.42857142857142855,2.6666666666666665,2,3,0,0,3,0.5,0.12222222222222222,0.6666666666666666,0.3635522586200328,0.15019291789718284,2,0,0,1.0,1.5,2,4,2,3.808548551240405
Barabasi_Albert,BA_53_w_8_nodes_d_2,src/graph_reconstruct_attacks/data/Barabasi_Albert/BA_53_w_8_nodes_d_2,0,8,12,0.42857142857142855,3.0,1.4142135623730951,1,5,2.1556390622295662,0.42916666666666664,0.375,-0.4769230769230788,1,1,1.0,3,1.6428571428571428,1,1,3.4998269665002564,0.8859290894157111,7.483184264445128,0,5,0.7142857142857143,0.625,3.0,1,5,0.3,3,8,0.5333333333333333,0.3730158730158729,0.7777777777777778,0.48017593775927997,0.20391613205699,2,1,1,1.0,1.2857142857142858,2,2,2,5.065505023098389
Barabasi_Albert,BA_53_w_9_nodes_d_2,src/graph_reconstruct_attacks/data/Barabasi_Albert/BA_53_w_9_nodes_d_2,0,9,14,0.3888888888888889,3.111111111111111,0.8748897637790901,2,4,1.5304930567574826,0.37037037037037035,0.2727272727272727,-0.4108527131782945,1,1,1.0,3,1.75,0,0,3.307297797603313,0.9887748070422308,9.579360204616043,0,4,0.5,0.4444444444444444,3.25,2,4,0.3333333333333333,2,6,0.6,0.1994047619047619,0.6666666666666666,0.41967108639336387,0.13790553656054189,2,0,0,1.0,1.5,2,4,2,7.118036769169399
Barabasi_Albert,BA_54_w_7_nodes_d_2,src/graph_reconstruct_attacks/data/Barabasi_Albert/BA_54_w_7_nodes_d_2,0,7,10,0.47619047619047616,2.857142857142857,0.9897433186107869,2,5,1.4488156357251847,0.4095238095238095,0.2727272727272727,-0.5079365079365065,1,1,1.0,2,1.5238095238095237,0,0,3.0748556711054533,1.3819660112501044,5.547425160699821,0,5,0.8333333333333334,0.7142857142857143,2.4,2,3,0.2,2,7,0.4666666666666667,0.43333333333333335,0.8571428571428571,0.5479730148902655,0.23885981509006393,2,0,0,1.0,1.1666666666666667,2,1,1,3.4775553321989814
Barabasi_Albert,BA_54_w_8_nodes_d_2,src/graph_reconstruct_attacks/data/Barabasi_Albert/BA_54_w_8_nodes_d_2,0,8,12,0.42857142857142855,3.0,1.4142135623730951,2,6,1.2987949406953985,0.7833333333333333,0.46875,-0.43478260869565255,1,1,1.0,3,1.6428571428571428,0,1,3.465062718396341,0.8775640758236721,7.483184264445128,0,6,0.8571428571428571,0.75,2.6666666666666665,2,4,0.26666666666666666,4,10,0.47619047619047616,0.5714285714285714,0.875,0.5433672110525878,0.23777984849396444,2,1,0,1.0,1.1428571428571428,2,1,1,4.734511804056966
Barabasi_Albert,BA_54_w_9_nodes_d_2,src/graph_reconstruct_attacks/data/Barabasi_Albert/BA_54_w_9_nodes_d_2,0,9,14,0.3888888888888889,3.111111111111111,1.6629588385661962,1,6,2.0588138903312014,0.48148148148148145,0.35714285714285715,-0.538461538461539,1,1,1.0,3,1.6944444444444444,1,1,3.740941593126333,0.9170432020173839,9.579360204616043,0,6,0.75,0.6666666666666666,2.8333333333333335,1,5,0.2,3,9,0.42857142857142855,0.4464285714285714,0.8,0.47315491301806095,0.20965335352704598,2,1,1,1.0,1.25,2,1,1,6.4924956819919135
Barabasi_Albert,BA_55_w_7_nodes_d_2,src/graph_reconstruct_attacks/data/Barabasi_Albert/BA_55_w_7_nodes_d_2,0,7,10,0.47619047619047616,2.857142857142857,0.6388765649999398,2,4,1.3787834934861753,0.35714285714285715,0.3,-0.5000000000000006,1,1,1.0,3,1.5714285714285714,0,0,2.959450462147823,1.2143422617914823,5.547425160699821,0,3,0.5,0.42857142857142855,2.6666666666666665,2,3,0.3333333333333333,1,4,0.6666666666666666,0.1,0.6,0.37057461066876224,0.14981871202164954,2,0,0,1.0,1.6666666666666667,3,4,4,3.808548551240405
Barabasi_Albert,BA_55_w_8_nodes_d_2,src/graph_reconstruct_attacks/data/Barabasi_Albert/BA_55_w_8_nodes_d_2,0,8,12,0.42857142857142855,3.0,1.5,2,6,1.5487949406953985,0.175,0.09090909090909091,-0.8439716312056734,1,1,1.0,2,1.5714285714285714,0,0,3.3846909009387547,1.4384471871911684,7.483184264445128,0,5,0.7142857142857143,0.625,2.2,2,3,0,0,5,0.3333333333333333,0.23809523809523808,0.7777777777777778,0.4455079230068946,0.20161940250837668,2,0,0,1.0,1.2857142857142858,2,1,1,5.065505023098389
Barabasi_Albert,BA_55_w_9_nodes_d_2,src/graph_reconstruct_attacks/data/Barabasi_Albert/BA_55_w_9_nodes_d_2,0,9,14,0.3888888888888889,3.111111111111111,0.8748897637790901,2,4,1.5304930567574826,0.12962962962962962,0.18181818181818182,-0.19379844961240522,1,1,1.0,3,1.7222222222222223,0,0,3.3373746719466544,1.2679491924311237,9.579360204616043,0,4,0.5,0.4444444444444444,3.75,3,4,0.3333333333333333,2,6,0.6,0.11309523809523808,0.6666666666666666,0.4484043806291511,0.1360086663677811,2,0,0,1.0,1.5,2,4,1,7.118036769169399
Barabasi_Albert,BA_56_w_7_nodes_d_2,src/graph_reconstruct_attacks/data/Barabasi_Albert/BA_56_w_7_nodes_d_2,0,7,10,0.47619047619047616,2.857142857142857,0.9897433186107869,2,5,1.4488156357251847,0.4238095238095238,0.4090909090909091,-0.2698412698412717,1,1,1.0,3,1.619047619047619,0,0,3.149303822071463,0.9752794789193534,5.547425160699821,0,5,0.8333333333333334,0.7142857142857143,2.6,2,3,0.3,3,8,0.5333333333333333,0.47777777777777775,0.8571428571428571,0.5605038511790444,0.23657742337924917,2,0,0,1.0,1.1666666666666667,2,1,1,3.4775553321989814
Barabasi_Albert,BA_56_w_8_nodes_d_2,src/graph_reconstruct_attacks/data/Barabasi_Albert/BA_56_w_8_nodes_d_2,0,8,12,0.42857142857142855,3.0,0.7071067811865476,2,4,1.5,0.1875,0.23076923076923078,-0.23529411764705832,1,1,1.0,3,1.6428571428571428,0,0,3.154085370467451,1.2709246349912353,7.483184264445128,0,4,0.5714285714285714,0.5,3.25,3,4,0.3333333333333333,2,6,0.6,0.1587301587301587,0.7,0.47589210232910956,0.1590219764598556,2,0,0,1.0,1.4285714285714286,2,2,1,5.308543071784685
Barabasi_Albert,BA_56_w_9_nodes_d_2,src/graph_reconstruct_attacks/data/Barabasi_Albert/BA_56_w_9_nodes_d_2,0,9,14,0.3888888888888889,3.111111111111111,0.9938079899999066,2,5,1.8910611120726526,0.06666666666666667,0.08823529411764706,-0.3861386138613848,1,1,1.0,3,1.7222222222222223,0,0,3.3626834039407827,1.381966011250105,9.579360204616043,0,3,0.375,0.3333333333333333,3.6666666666666665,2,5,0,0,3,0.5,0.10416666666666666,0.5714285714285714,0.3163482585845471,0.10790423709507119,2,0,0,1.0,1.75,3,3,2,7.331916589114478
Barabasi_Albert,BA_57_w_7_nodes_d_2,src/graph_reconstruct_attacks/data/Barabasi_Albert/BA_57_w_7_nodes_d_2,0,7,10,0.47619047619047616,2.857142857142857,1.1248582677159729,2,5,1.6644977792004614,0.780952380952381,0.5217391304347826,-0.3907284768211922,1,1,1.0,3,1.619047619047619,0,1,3.1842800901390302,0.8301791099217639,5.547425160699821,0,5,0.8333333333333334,0.7142857142857143,2.6,2,4,0.3,3,8,0.5333333333333333,0.5666666666666667,0.8571428571428571,0.5378175458144954,0.2391945307252042,2,1,0,1.0,1.1666666666666667,2,1,1,3.4775553321989814
Barabasi_Albert,BA_57_w_8_nodes_d_2,src/graph_reconstruct_attacks/data/Barabasi_Albert/BA_57_w_8_nodes_d_2,0,8,12,0.42857142857142855,3.0,1.0,2,5,1.811278124459133,0.275,0.21428571428571427,-0.5365853658536598,1,1,1.0,3,1.6071428571428572,0,0,3.2277639685545783,1.2026103303841678,7.483184264445128,0,5,0.7142857142857143,0.625,2.6,2,3,0.2,2,7,0.4666666666666667,0.3333333333333333,0.7777777777777778,0.5058476325777431,0.1988919827287941,2,0,0,1.0,1.2857142857142858,2,1,1,5.065505023098389
Barabasi_Albert,BA_57_w_9_nodes_d_2,src/graph_reconstruct_attacks/data/Barabasi_Albert/BA_57_w_9_nodes_d_2,0,9,14,0.3888888888888889,3.111111111111111,1.852592444503674,1,6,1.657742726504889,0.662962962962963,0.4,-0.6283687943262433,1,1,1.0,3,1.6944444444444444,1,1,3.8508857116387905,0.8377223398316196,9.579360204616043,0,5,0.625,0.5555555555555556,3.4,1,6,0.3,3,8,0.5333333333333333,0.3214285714285714,0.7272727272727273,0.4114115812639291,0.17775592633771553,2,1,1,1.0,1.375,2,1,1,6.839283168216569
Barabasi_Albert,BA_58_w_7_nodes_d_2,src/graph_reconstruct_attacks/data/Barabasi_Albert/BA_58_w_7_nodes_d_2,0,7,10,0.47619047619047616,2.857142857142857,0.9897433186107869,2,5,1.4488156357251847,0.5190476190476191,0.4090909090909091,-0.34920634920635113,1,1,1.0,3,1.5714285714285714,0,0,3.1107058339785416,1.1886772560551693,5.547425160699821,0,3,0.5,0.42857142857142855,3.3333333333333335,2,5,0.3333333333333333,1,4,0.6666666666666666,0.14444444444444443,0.6666666666666666,0.38866076890764584,0.14889929126605725,2,0,0,1.0,1.5,2,3,2,3.808548551240405
Barabasi_Albert,BA_58_w_8_nodes_d_2,src/graph_reconstruct_attacks/data/Barabasi_Albert/BA_58_w_8_nodes_d_2,0,8,12,0.42857142857142855,3.0,0.8660254037844386,2,5,1.2987949406953985,0.4958333333333333,0.4444444444444444,-0.0666666666666669,1,1,1.0,4,1.8214285714285714,0,1,3.2426463507927097,0.6142862197249378,7.483184264445128,0,5,0.7142857142857143,0.625,3.0,3,3,0.3,3,8,0.5333333333333333,0.5873015873015872,0.7777777777777778,0.5411939071015,0.19571831744475,2,1,0,1.0,1.2857142857142858,2,1,1,5.065505023098389
Barabasi_Albert,BA_58_w_9_nodes_d_2,src/graph_reconstruct_attacks/data/Barabasi_Albert/BA_58_w_9_nodes_d_2,0,9,14,0.3888888888888889,3.111111111111111,1.7916128329552334,1,7,2.2810361125534233,0.4783068783068783,0.3409090909090909,-0.5435897435897453,1,1,1.0,3,1.6944444444444444,1,1,3.801970101976175,0.9498821962784705,9.579360204616043,0,7,0.875,0.7777777777777778,2.7142857142857144,1,5,0.23809523809523808,5,12,0.42857142857142855,0.5119047619047619,0.8888888888888888,0.5431852072603089,0.23923354841039352,2,1,1,1.0,1.125,2,1,1,6.073366374249938
Barabasi_Albert,BA_59_w_7_nodes_d_2,src/graph_reconstruct_attacks/data/Barabasi_Albert/BA_59_w_7_nodes_d_2,0,7,10,0.47619047619047616,2.857142857142857,1.3552618543578767,1,5,1.8423709931771084,0.6142857142857142,0.48,-0.5757575757575761,1,1,1.0,3,1.5714285714285714,1,1,3.3132091627896543,0.921736792678424,5.547425160699821,0,5,0.8333333333333334,0.7142857142857143,2.6,1,4,0.3,3,8,0.5333333333333333,0.4666666666666667,0.8571428571428571,0.5137983793914387,0.24435339066914363,2,1,1,1.0,1.1666666666666667,2,1,1,3.4775553321989814
Barabasi_Albert,BA_59_w_8_nodes_d_2,src/graph_reconstruct_attacks/data/Barabasi_Albert/BA_59_w_8_nodes_d_2,0,8,12,0.42857142857142855,3.0,1.0,2,4,1.0,0.22916666666666666,0.21428571428571427,-0.4999999999999988,1,1,1.0,3,1.6428571428571428,0,0,3.2515959755369614,1.2170721521789414,7.483184264445128,0,4,0.5714285714285714,0.5,3.5,2,4,0.3333333333333333,2,6,0.6,0.17460317460317462,0.7,0.4682734888799174,0.15957006480747649,2,0,0,1.0,1.4285714285714286,2,4,2,5.308543071784685
Barabasi_Albert,BA_59_w_9_nodes_d_2,src/graph_reconstruct_attacks/data/Barabasi_Albert/BA_59_w_9_nodes_d_2,0,9,14,0.3888888888888889,3.111111111111111,1.4487116456005884,2,6,1.879964948727111,0.43333333333333335,0.3076923076923077,-0.41414141414141353,1,1,1.0,3,1.6944444444444444,0,0,3.6128196099722905,1.2266125883493586,9.579360204616043,0,6,0.75,0.6666666666666666,3.0,2,5,0.26666666666666666,4,10,0.47619047619047616,0.3571428571428571,0.8,0.5294670072948078,0.20149733734504122,2,0,0,1.0,1.25,2,1,1,6.4924956819919135
Barabasi_Albert,BA_5_w_10_nodes_d_2,src/graph_reconstruct_attacks/data/Barabasi_Albert/BA_5_w_10_nodes_d_2,0,10,16,0.35555555555555557,3.2,1.5362291495737217,1,6,2.170950594454669,0.38666666666666666,0.3191489361702128,-0.3970345963756178,1,1,1.0,3,1.7777777777777777,1,1,3.7734616061002866,0.8712969151581205,11.810653447129246,0,6,0.6666666666666666,0.6,3.1666666666666665,1,5,0.26666666666666666,4,10,0.47619047619047616,0.3773148148148148,0.75,0.4844001629883298,0.18098836224543152,2,1,1,1.0,1.3333333333333333,2,1,1,8.405153089434915
Barabasi_Albert,BA_5_w_10_nodes_d_3,src/graph_reconstruct_attacks/data/Barabasi_Albert/BA_5_w_10_nodes_d_3,0,10,21,0.4666666666666667,4.2,1.7204650534085253,1,7,2.4464393446710155,0.5342857142857143,0.5121951219512195,-0.32504780114722837,1,1,1.0,3,1.6222222222222222,1,1,4.789190188463138,0.9024084634459565,12.576762279339954,0,6,0.6666666666666666,0.6,4.166666666666667,1,7,0.4,6,12,0.5714285714285714,0.27414021164021163,0.75,0.37170779287443617,0.14518684347161595,3,1,1,1.0,1.3333333333333333,2,2,1,9.745691626382566
Barabasi_Albert,BA_5_w_11_nodes_d_2,src/graph_reconstruct_attacks/data/Barabasi_Albert/BA_5_w_11_nodes_d_2,0,11,18,0.32727272727272727,3.272727272727273,1.0523488093445659,2,5,1.9362600275315274,0.13333333333333333,0.19148936170212766,-0.03561643835616351,1,1,1.0,4,1.9090909090909092,0,0,3.6328038705259336,0.9021400880725443,14.158602817677263,0,5,0.5,0.45454545454545453,3.4,2,5,0.1,1,6,0.4,0.29074074074074074,0.6666666666666666,0.41155202589178613,0.1332813602396131,2,0,0,1.0,1.5,2,2,1,10.86335979764525
Barabasi_Albert,BA_5_w_11_nodes_d_3,src/graph_reconstruct_attacks/data/Barabasi_Albert/BA_5_w_11_nodes_d_3,0,11,24,0.43636363636363634,4.363636363636363,1.9198829165402616,2,9,2.3685225277282065,0.5909090909090909,0.44554455445544555,-0.42157221206581447,1,1,1.0,3,1.5818181818181818,0,0,4.949907045549367,1.6386377371311553,15.395953272199742,0,9,0.9,0.8181818181818182,4.0,2,6,0.3333333333333333,12,21,0.4666666666666667,0.3351851851851852,0.9090909090909091,0.5002675723779016,0.17687128774275301,3,0,0,1.0,1.1,2,1,1,11.537652175065498
Barabasi_Albert,BA_5_w_12_nodes_d_2,src/graph_reconstruct_attacks/data/Barabasi_Albert/BA_5_w_12_nodes_d_2,0,12,20,0.30303030303030304,3.3333333333333335,1.3123346456686351,2,6,2.084962500721156,0.2388888888888889,0.2631578947368421,-0.11543450064850862,1,1,1.0,4,1.9696969696969697,0,0,3.859497171633506,0.7759862366524333,16.60917987984748,0,3,0.2727272727272727,0.25,2.6666666666666665,2,3,0,0,3,0.5,0.04242424242424242,0.44,0.14914106557434006,0.07971766482595942,2,0,0,1.0,2.272727272727273,4,4,2,13.834091726163757
Barabasi_Albert,BA_5_w_12_nodes_d_3,src/graph_reconstruct_attacks/data/Barabasi_Albert/BA_5_w_12_nodes_d_3,0,12,27,0.4090909090909091,4.5,2.101586702153082,2,8,2.125814583693911,0.4472222222222222,0.34710743801652894,-0.5108727167294884,1,1,1.0,3,1.621212121212121,0,0,5.185879183709577,1.6472652062131188,18.389306321728604,0,8,0.7272727272727273,0.6666666666666666,4.375,2,8,0.2857142857142857,8,16,0.4444444444444444,0.22484848484848488,0.7857142857142857,0.41818586288330617,0.1421433281475984,3,0,0,1.0,1.2727272727272727,2,2,2,14.448050940791438
Barabasi_Albert,BA_5_w_7_nodes_d_2,src/graph_reconstruct_attacks/data/Barabasi_Albert/BA_5_w_7_nodes_d_2,0,7,10,0.47619047619047616,2.857142857142857,1.355261854357877,2,6,1.3787834934861753,0.7999999999999999,0.48,-0.5087719298245627,1,1,1.0,2,1.5238095238095237,0,1,3.23606797749979,1.0,5.547425160699821,0,6,1.0,0.8571428571428571,2.3333333333333335,2,3,0.26666666666666666,4,10,0.47619047619047616,0.6666666666666666,1.0,0.6015009550075456,0.2834450309543577,2,1,0,1.0,1.0,1,1,1,3.135132651376774
Barabasi_Albert,BA_5_w_8_nodes_d_2,src/graph_reconstruct_attacks/data/Barabasi_Albert/BA_5_w_8_nodes_d_2,0,8,12,0.42857142857142855,3.0,1.6583123951777,1,6,2.0,0.6416666666666666,0.42857142857142855,-0.6038186157517884,1,1,1.0,3,1.6428571428571428,1,1,3.616930194746306,0.8651682249290589,7.483184264445128,0,5,0.7142857142857143,0.625,3.0,1,6,0.3,3,8,0.5333333333333333,0.3571428571428571,0.7777777777777778,0.45640541215180913,0.20556846205789397,2,1,1,1.0,1.2857142857142858,2,1,1,5.065505023098389
Barabasi_Albert,BA_5_w_9_nodes_d_2,src/graph_reconstruct_attacks/data/Barabasi_Albert/BA_5_w_9_nodes_d_2,0,9,14,0.3888888888888889,3.111111111111111,1.4487116456005888,2,6,1.8799649487271108,0.3592592592592593,0.3076923076923077,-0.3292929292929284,1,1,1.0,3,1.7222222222222223,0,0,3.6413513384001273,0.9942776339380746,9.579360204616043,0,5,0.625,0.5555555555555556,3.4,2,6,0.3,3,8,0.5333333333333333,0.24999999999999994,0.7272727272727273,0.4660253186210767,0.1700170623888428,2,0,0,1.0,1.375,2,1,1,6.839283168216569
Barabasi_Albert,BA_60_w_7_nodes_d_2,src/graph_reconstruct_attacks/data/Barabasi_Albert/BA_60_w_7_nodes_d_2,0,7,10,0.47619047619047616,2.857142857142857,0.6388765649999399,2,4,1.3787834934861753,0.35714285714285715,0.3,-0.5000000000000006,1,1,1.0,3,1.5714285714285714,0,0,2.9594504621478226,1.214342261791483,5.547425160699821,0,3,0.5,0.42857142857142855,3.3333333333333335,3,4,0.3333333333333333,1,4,0.6666666666666666,0.08888888888888888,0.6666666666666666,0.41675301985824204,0.1472292667334419,2,0,0,1.0,1.5,2,4,4,3.808548551240405
Barabasi_Albert,BA_60_w_8_nodes_d_2,src/graph_reconstruct_attacks/data/Barabasi_Albert/BA_60_w_8_nodes_d_2,0,8,12,0.42857142857142855,3.0,0.8660254037844386,2,4,1.561278124459133,0.625,0.4444444444444444,-0.3333333333333318,1,1,1.0,3,1.7142857142857142,0,0,3.201148795855313,0.8716490799169176,7.483184264445128,0,4,0.5714285714285714,0.5,3.0,2,4,0.3333333333333333,2,6,0.6,0.26984126984126977,0.7,0.43876209633482854,0.16121913777160124,2,0,0,1.0,1.4285714285714286,2,3,3,5.308543071784685
Barabasi_Albert,BA_60_w_9_nodes_d_2,src/graph_reconstruct_attacks/data/Barabasi_Albert/BA_60_w_9_nodes_d_2,0,9,14,0.3888888888888889,3.111111111111111,1.1967032904743342,2,5,1.836591668108979,0.3592592592592593,0.25,-0.49333333333333196,1,1,1.0,3,1.6666666666666667,0,0,3.4291253552282734,1.3183847730104241,9.579360204616043,0,2,0.25,0.2222222222222222,4.5,4,5,0,0,2,0.6666666666666666,0.011904761904761904,0.5333333333333333,0.24417844990891274,0.07546757158464786,2,0,0,1.0,1.875,3,4,2,7.483184264445128
Barabasi_Albert,BA_61_w_7_nodes_d_2,src/graph_reconstruct_attacks/data/Barabasi_Albert/BA_61_w_7_nodes_d_2,0,7,10,0.47619047619047616,2.857142857142857,0.989743318610787,1,4,1.8423709931771084,0.3333333333333333,0.4090909090909091,-0.36363636363636576,1,1,1.0,3,1.619047619047619,1,1,3.1659025589374985,0.8478031235224575,5.547425160699821,0,4,0.6666666666666666,0.5714285714285714,2.5,1,4,0.16666666666666666,1,5,0.5,0.43333333333333335,0.75,0.41527181205417246,0.20278026392567577,2,1,1,1.0,1.3333333333333333,2,2,1,3.6994040818153366
Barabasi_Albert,BA_61_w_8_nodes_d_2,src/graph_reconstruct_attacks/data/Barabasi_Albert/BA_61_w_8_nodes_d_2,0,8,12,0.42857142857142855,3.0,1.224744871391589,1,5,2.25,0.2125,0.3,-0.3333333333333312,1,1,1.0,3,1.6785714285714286,1,1,3.417804346014405,0.8986338389332785,7.483184264445128,0,5,0.7142857142857143,0.625,2.8,1,4,0.2,2,7,0.4666666666666667,0.42857142857142855,0.7777777777777778,0.47679497811935,0.20455679025224566,2,1,1,1.0,1.2857142857142858,2,1,1,5.065505023098389
Barabasi_Albert,BA_61_w_9_nodes_d_2,src/graph_reconstruct_attacks/data/Barabasi_Albert/BA_61_w_9_nodes_d_2,0,9,14,0.3888888888888889,3.111111111111111,1.594744454934147,2,6,1.224394445405986,0.3925925925925926,0.21951219512195122,-0.759162303664922,1,1,1.0,2,1.6111111111111112,0,0,3.5836879677653135,1.4586187348508908,9.579360204616043,0,6,0.75,0.6666666666666666,2.5,2,5,0.13333333333333333,2,8,0.38095238095238093,0.33928571428571425,0.8,0.48547208959562205,0.20518182978106916,2,0,0,1.0,1.25,2,1,1,6.4924956819919135
Barabasi_Albert,BA_62_w_7_nodes_d_2,src/graph_reconstruct_attacks/data/Barabasi_Albert/BA_62_w_7_nodes_d_2,0,7,10,0.47619047619047616,2.857142857142857,0.6388765649999398,2,4,1.3787834934861753,0.3333333333333333,0.3,-0.2500000000000053,1,1,1.0,3,1.5714285714285714,0,0,2.9820648907788594,1.152240934977427,5.547425160699821,0,3,0.5,0.42857142857142855,3.0,2,4,0.3333333333333333,1,4,0.6666666666666666,0.13333333333333333,0.6666666666666666,0.3854346517107942,0.14945672986826938,2,0,0,1.0,1.5,2,4,3,3.808548551240405
Barabasi_Albert,BA_62_w_8_nodes_d_2,src/graph_reconstruct_attacks/data/Barabasi_Albert/BA_62_w_8_nodes_d_2,0,8,12,0.42857142857142855,3.0,1.3228756555322954,2,6,1.75,0.575,0.3870967741935484,-0.4178674351585007,1,1,1.0,3,1.6071428571428572,0,0,3.4010241040906646,1.1744261396035742,7.483184264445128,0,6,0.8571428571428571,0.75,2.6666666666666665,2,4,0.26666666666666666,4,10,0.47619047619047616,0.4841269841269841,0.875,0.5646696484838827,0.2356565716443798,2,0,0,1.0,1.1428571428571428,2,1,1,4.734511804056966
Barabasi_Albert,BA_62_w_9_nodes_d_2,src/graph_reconstruct_attacks/data/Barabasi_Albert/BA_62_w_9_nodes_d_2,0,9,14,0.3888888888888889,3.111111111111111,1.286204100310025,2,5,1.4355205042826666,0.24444444444444446,0.24324324324324326,-0.4215384615384599,1,1,1.0,3,1.7222222222222223,0,0,3.543357435596133,0.9999999999999986,9.579360204616043,0,5,0.625,0.5555555555555556,2.8,2,4,0.1,1,6,0.4,0.30357142857142855,0.7272727272727273,0.43377497364891127,0.1721698146942974,2,0,0,1.0,1.375,2,2,2,6.839283168216569
Barabasi_Albert,BA_63_w_7_nodes_d_2,src/graph_reconstruct_attacks/data/Barabasi_Albert/BA_63_w_7_nodes_d_2,0,7,10,0.47619047619047616,2.857142857142857,1.1248582677159729,2,5,1.6644977792004614,0.44761904761904764,0.391304347826087,-0.3907284768211922,1,1,1.0,3,1.619047619047619,0,0,3.207200966238479,1.0148377569644016,5.547425160699821,0,3,0.5,0.42857142857142855,3.6666666666666665,2,5,0.3333333333333333,1,4,0.6666666666666666,0.18888888888888888,0.6666666666666666,0.3859665255721815,0.1489703652042848,2,0,0,1.0,1.5,2,1,1,3.808548551240405
Barabasi_Albert,BA_63_w_8_nodes_d_2,src/graph_reconstruct_attacks/data/Barabasi_Albert/BA_63_w_8_nodes_d_2,0,8,12,0.42857142857142855,3.0,1.5,1,6,2.1556390622295662,0.42916666666666664,0.36363636363636365,-0.5042735042735041,1,1,1.0,3,1.6428571428571428,1,1,3.530866395776707,0.9393713376463914,7.483184264445128,0,6,0.8571428571428571,0.75,2.6666666666666665,1,4,0.26666666666666666,4,10,0.47619047619047616,0.492063492063492,0.875,0.5396888774881776,0.2407694953577058,2,1,1,1.0,1.1428571428571428,2,1,1,4.734511804056966
Barabasi_Albert,BA_63_w_9_nodes_d_2,src/graph_reconstruct_attacks/data/Barabasi_Albert/BA_63_w_9_nodes_d_2,0,9,14,0.3888888888888889,3.111111111111111,0.9938079899999066,2,5,1.8910611120726526,0.5259259259259259,0.4411764705882353,-0.10891089108910737,1,1,1.0,3,1.8333333333333333,0,0,3.4301334517882967,0.6647097552508364,9.579360204616043,0,4,0.5,0.4444444444444444,3.5,2,5,0.3333333333333333,2,6,0.6,0.3273809523809524,0.6666666666666666,0.3865374354083936,0.13951010928058216,2,0,0,1.0,1.5,2,2,2,7.118036769169399
Barabasi_Albert,BA_64_w_7_nodes_d_2,src/graph_reconstruct_attacks/data/Barabasi_Albert/BA_64_w_7_nodes_d_2,0,7,10,0.47619047619047616,2.857142857142857,1.124858267715973,2,5,1.6644977792004614,0.5666666666666667,0.391304347826087,-0.52317880794702,1,1,1.0,2,1.5238095238095237,0,0,3.1488424958438195,1.3009883298293714,5.547425160699821,0,4,0.6666666666666666,0.5714285714285714,2.75,2,5,0.3333333333333333,2,6,0.6,0.2,0.75,0.4628880652336101,0.19441087944597335,2,0,0,1.0,1.3333333333333333,2,1,1,3.6994040818153366
Barabasi_Albert,BA_64_w_8_nodes_d_2,src/graph_reconstruct_attacks/data/Barabasi_Albert/BA_64_w_8_nodes_d_2,0,8,12,0.42857142857142855,3.0,1.3228756555322954,2,5,1.2987949406953985,0.4583333333333333,0.2903225806451613,-0.6581818181818188,1,1,1.0,2,1.5714285714285714,0,0,3.363308500655057,1.4384471871911702,7.483184264445128,0,2,0.2857142857142857,0.25,4.5,4,5,0,0,2,0.6666666666666666,0.015873015873015872,0.5833333333333334,0.254868983376194,0.08779746259599627,2,0,0,1.0,1.7142857142857142,2,5,2,5.547425160699821
Barabasi_Albert,BA_64_w_9_nodes_d_2,src/graph_reconstruct_attacks/data/Barabasi_Albert/BA_64_w_9_nodes_d_2,0,9,14,0.3888888888888889,3.111111111111111,1.594744454934147,2,6,1.224394445405986,0.5518518518518518,0.36585365853658536,-0.4659685863874351,1,1,1.0,3,1.6944444444444444,0,0,3.700481917970555,1.0475353437655672,9.579360204616043,0,6,0.75,0.6666666666666666,3.0,2,5,0.26666666666666666,4,10,0.47619047619047616,0.375,0.8,0.5073210482247386,0.20302484327431986,2,0,0,1.0,1.25,2,1,1,6.4924956819919135
Barabasi_Albert,BA_65_w_7_nodes_d_2,src/graph_reconstruct_attacks/data/Barabasi_Albert/BA_65_w_7_nodes_d_2,0,7,10,0.47619047619047616,2.857142857142857,0.8329931278350429,2,4,1.5566567074628228,0.5238095238095238,0.42857142857142855,-0.30434782608696004,1,1,1.0,3,1.619047619047619,0,0,3.0548600164361988,1.0132736290607989,5.547425160699821,0,3,0.5,0.42857142857142855,2.6666666666666665,2,4,0.3333333333333333,1,4,0.6666666666666666,0.1,0.6,0.3394722265534765,0.15183388208144705,2,0,0,1.0,1.6666666666666667,3,2,1,3.808548551240405
Barabasi_Albert,BA_65_w_8_nodes_d_2,src/graph_reconstruct_attacks/data/Barabasi_Albert/BA_65_w_8_nodes_d_2,0,8,12,0.42857142857142855,3.0,1.5,2,6,1.5487949406953985,0.7916666666666666,0.45454545454545453,-0.5035460992907793,1,1,1.0,3,1.6428571428571428,0,1,3.5024393475143327,0.872532483435476,7.483184264445128,0,6,0.8571428571428571,0.75,2.6666666666666665,2,5,0.26666666666666666,4,10,0.47619047619047616,0.5476190476190476,0.875,0.5384004497989435,0.23782509372267452,2,1,0,1.0,1.1428571428571428,2,1,1,4.734511804056966
Barabasi_Albert,BA_65_w_9_nodes_d_2,src/graph_reconstruct_attacks/data/Barabasi_Albert/BA_65_w_9_nodes_d_2,0,9,14,0.3888888888888889,3.111111111111111,1.1967032904743342,2,5,1.8365916681089791,0.43333333333333335,0.25,-0.4466666666666653,1,1,1.0,3,1.7222222222222223,0,0,3.4445730427552554,1.0000000000000013,9.579360204616043,0,4,0.5,0.4444444444444444,3.25,2,5,0.16666666666666666,1,5,0.5,0.20833333333333331,0.6666666666666666,0.36921954682121044,0.13962710789741462,2,0,0,1.0,1.5,2,1,1,7.118036769169399
Barabasi_Albert,BA_66_w_7_nodes_d_2,src/graph_reconstruct_attacks/data/Barabasi_Albert/BA_66_w_7_nodes_d_2,0,7,10,0.47619047619047616,2.857142857142857,1.124858267715973,2,5,1.6644977792004614,0.5666666666666667,0.391304347826087,-0.52317880794702,1,1,1.0,2,1.5238095238095237,0,0,3.1488424958438204,1.3009883298293712,5.547425160699821,0,4,0.6666666666666666,0.5714285714285714,2.75,2,5,0.3333333333333333,2,6,0.6,0.2,0.75,0.4628880652336102,0.19441087944597335,2,0,0,1.0,1.3333333333333333,2,1,1,3.6994040818153366
Barabasi_Albert,BA_66_w_8_nodes_d_2,src/graph_reconstruct_attacks/data/Barabasi_Albert/BA_66_w_8_nodes_d_2,0,8,12,0.42857142857142855,3.0,1.0,2,5,1.811278124459133,0.6208333333333333,0.42857142857142855,-0.3170731707317098,1,1,1.0,3,1.6785714285714286,0,0,3.2588620001597923,1.0455631837230177,7.483184264445128,0,5,0.7142857142857143,0.625,2.8,2,4,0.3,3,8,0.5333333333333333,0.365079365079365,0.7777777777777778,0.516084728485352,0.19839419743900538,2,0,0,1.0,1.2857142857142858,2,1,1,5.065505023098389
Barabasi_Albert,BA_66_w_9_nodes_d_2,src/graph_reconstruct_attacks/data/Barabasi_Albert/BA_66_w_9_nodes_d_2,0,9,14,0.3888888888888889,3.111111111111111,1.7916128329552334,2,8,1.3921472236645345,0.7645502645502645,0.4090909090909091,-0.44666666666666616,1,1,1.0,2,1.6111111111111112,0,1,3.7163737663309244,0.999999999999999,9.579360204616043,0,8,1.0,0.8888888888888888,2.5,2,3,0.21428571428571427,6,14,0.3888888888888889,0.7142857142857142,1.0,0.6022399184545084,0.267227981643728,2,1,0,1.0,1.0,1,1,1,5.576041733441991
Barabasi_Albert,BA_67_w_7_nodes_d_2,src/graph_reconstruct_attacks/data/Barabasi_Albert/BA_67_w_7_nodes_d_2,0,7,10,0.47619047619047616,2.857142857142857,1.1248582677159729,2,5,1.6644977792004614,0.780952380952381,0.5217391304347826,-0.3907284768211922,1,1,1.0,3,1.619047619047619,0,1,3.1842800901390316,0.8301791099217628,5.547425160699821,0,5,0.8333333333333334,0.7142857142857143,2.6,2,4,0.3,3,8,0.5333333333333333,0.5666666666666667,0.8571428571428571,0.5378175458144951,0.2391945307252042,2,1,0,1.0,1.1666666666666667,2,1,1,3.4775553321989814
Barabasi_Albert,BA_67_w_8_nodes_d_2,src/graph_reconstruct_attacks/data/Barabasi_Albert/BA_67_w_8_nodes_d_2,0,8,12,0.42857142857142855,3.0,1.118033988749895,2,5,1.75,0.2875,0.3103448275862069,-0.19371727748691037,1,1,1.0,3,1.6785714285714286,0,0,3.3696375835884576,0.9926738614952668,7.483184264445128,0,5,0.7142857142857143,0.625,3.0,2,4,0.3,3,8,0.5333333333333333,0.33333333333333326,0.7777777777777778,0.5143888062420809,0.19763221185545843,2,0,0,1.0,1.2857142857142858,2,1,1,5.065505023098389
Barabasi_Albert,BA_67_w_9_nodes_d_2,src/graph_reconstruct_attacks/data/Barabasi_Albert/BA_67_w_9_nodes_d_2,0,9,14,0.3888888888888889,3.111111111111111,1.7916128329552334,1,7,2.2810361125534233,0.4783068783068783,0.3409090909090909,-0.5435897435897453,1,1,1.0,3,1.6944444444444444,1,1,3.8019701019761762,0.9498821962784695,9.579360204616043,0,7,0.875,0.7777777777777778,2.7142857142857144,1,5,0.23809523809523808,5,12,0.42857142857142855,0.5119047619047619,0.8888888888888888,0.5431852072603084,0.23923354841039352,2,1,1,1.0,1.125,2,1,1,6.073366374249938
Barabasi_Albert,BA_68_w_7_nodes_d_2,src/graph_reconstruct_attacks/data/Barabasi_Albert/BA_68_w_7_nodes_d_2,0,7,10,0.47619047619047616,2.857142857142857,1.5518257844571737,1,6,2.128085278891394,0.6333333333333334,0.4444444444444444,-0.6494845360824744,1,1,1.0,2,1.5238095238095237,1,1,3.3769236292453786,0.9999999999999994,5.547425160699821,0,6,1.0,0.8571428571428571,2.3333333333333335,1,4,0.26666666666666666,4,10,0.47619047619047616,0.6,1.0,0.571901298208745,0.2886529329301885,2,1,1,1.0,1.0,1,1,1,3.135132651376774
Barabasi_Albert,BA_68_w_8_nodes_d_2,src/graph_reconstruct_attacks/data/Barabasi_Albert/BA_68_w_8_nodes_d_2,0,8,12,0.42857142857142855,3.0,1.0,2,5,1.811278124459133,0.26666666666666666,0.32142857142857145,-0.1707317073170754,1,1,1.0,3,1.6785714285714286,0,0,3.3088451855116743,1.0319380870779733,7.483184264445128,0,4,0.5714285714285714,0.5,3.0,2,5,0.16666666666666666,1,5,0.5,0.28571428571428564,0.7,0.4049840938464548,0.16350340251716355,2,0,0,1.0,1.4285714285714286,2,1,1,5.308543071784685
Barabasi_Albert,BA_68_w_9_nodes_d_2,src/graph_reconstruct_attacks/data/Barabasi_Albert/BA_68_w_9_nodes_d_2,0,9,14,0.3888888888888889,3.111111111111111,1.594744454934147,1,7,2.0588138903312014,0.43386243386243384,0.36585365853658536,-0.42203147353361975,1,1,1.0,3,1.6666666666666667,1,1,3.6764962866161484,0.9492582103160208,9.579360204616043,0,7,0.875,0.7777777777777778,2.7142857142857144,1,4,0.23809523809523808,5,12,0.42857142857142855,0.5416666666666666,0.8888888888888888,0.5633314551908117,0.23769376345889145,2,1,1,1.0,1.125,2,1,1,6.073366374249938
Barabasi_Albert,BA_69_w_7_nodes_d_2,src/graph_reconstruct_attacks/data/Barabasi_Albert/BA_69_w_7_nodes_d_2,0,7,10,0.47619047619047616,2.857142857142857,1.3552618543578767,1,5,1.8423709931771086,0.6142857142857142,0.48,-0.5757575757575761,1,1,1.0,3,1.5714285714285714,1,1,3.3132091627896534,0.9217367926784237,5.547425160699821,0,5,0.8333333333333334,0.7142857142857143,2.6,1,4,0.3,3,8,0.5333333333333333,0.4666666666666667,0.8571428571428571,0.5137983793914387,0.24435339066914358,2,1,1,1.0,1.1666666666666667,2,1,1,3.4775553321989814
Barabasi_Albert,BA_69_w_8_nodes_d_2,src/graph_reconstruct_attacks/data/Barabasi_Albert/BA_69_w_8_nodes_d_2,0,8,12,0.42857142857142855,3.0,1.7320508075688772,1,7,2.1556390622295662,0.6339285714285714,0.4166666666666667,-0.5882352941176471,1,1,1.0,2,1.5714285714285714,1,1,3.6023397193086684,1.0000000000000016,7.483184264445128,0,7,1.0,0.875,2.4285714285714284,1,4,0.23809523809523808,5,12,0.42857142857142855,0.6428571428571428,1.0,0.579332476803356,0.278578486940226,2,1,1,1.0,1.0,1,1,1,4.308543071784685
Barabasi_Albert,BA_69_w_9_nodes_d_2,src/graph_reconstruct_attacks/data/Barabasi_Albert/BA_69_w_9_nodes_d_2,0,9,14,0.3888888888888889,3.111111111111111,1.286204100310025,1,6,1.879964948727111,0.27037037037037037,0.32432432432432434,-0.33514986376021716,1,1,1.0,3,1.6944444444444444,1,1,3.5632765008610994,0.8883369170605048,9.579360204616043,0,6,0.75,0.6666666666666666,2.8333333333333335,1,4,0.26666666666666666,4,10,0.47619047619047616,0.38690476190476186,0.8,0.5326832490169232,0.2047889606506767,2,1,1,1.0,1.25,2,1,1,6.4924956819919135
Barabasi_Albert,BA_6_w_10_nodes_d_2,src/graph_reconstruct_attacks/data/Barabasi_Albert/BA_6_w_10_nodes_d_2,0,10,16,0.35555555555555557,3.2,2.0880613017821097,1,8,2.1609640474436813,0.6714285714285715,0.3684210526315789,-0.5886524822695035,1,1,1.0,3,1.6888888888888889,1,1,4.046013186457351,0.9618042441812207,11.810653447129246,0,8,0.8888888888888888,0.8,2.75,1,6,0.21428571428571427,6,14,0.3888888888888889,0.5462962962962962,0.9,0.5391991865385692,0.2387375342072853,2,1,1,1.0,1.1111111111111112,2,1,1,7.480873803373035
Barabasi_Albert,BA_6_w_10_nodes_d_3,src/graph_reconstruct_attacks/data/Barabasi_Albert/BA_6_w_10_nodes_d_3,0,10,21,0.4666666666666667,4.2,1.7776388834631178,2,7,2.246439344671016,0.5395238095238095,0.46987951807228917,-0.3890469416785208,1,1,1.0,3,1.5555555555555556,0,0,4.780524401640584,1.5728469840199395,12.576762279339954,0,7,0.7777777777777778,0.7,4.0,2,7,0.3333333333333333,7,14,0.5,0.2689814814814815,0.8181818181818182,0.43159778902940404,0.16111909791229628,3,0,0,1.0,1.2222222222222223,2,2,1,9.579360204616043
Barabasi_Albert,BA_6_w_11_nodes_d_2,src/graph_reconstruct_attacks/data/Barabasi_Albert/BA_6_w_11_nodes_d_2,0,11,18,0.32727272727272727,3.272727272727273,1.6006197146962735,2,7,1.789929075309999,0.36103896103896105,0.2727272727272727,-0.36189608021877845,1,1,1.0,3,1.7818181818181817,0,0,3.8486344650361834,1.1859654852305745,14.158602817677263,0,5,0.5,0.45454545454545453,3.2,2,7,0.2,2,7,0.4666666666666667,0.18888888888888888,0.6666666666666666,0.3649347452861619,0.13531136410466085,2,0,0,1.0,1.5,2,2,2,10.86335979764525
Barabasi_Albert,BA_6_w_11_nodes_d_3,src/graph_reconstruct_attacks/data/Barabasi_Albert/BA_6_w_11_nodes_d_3,0,11,24,0.43636363636363634,4.363636363636363,1.610913195151759,2,7,2.413088436425758,0.474025974025974,0.4105263157894737,-0.3289902280130308,1,1,1.0,3,1.6363636363636365,0,0,4.843883515540661,1.4727506790595357,15.395953272199742,0,7,0.7,0.6363636363636364,4.285714285714286,2,7,0.2857142857142857,6,13,0.4642857142857143,0.2414814814814815,0.7692307692307693,0.41768239426009524,0.14020731075169088,3,0,0,1.0,1.3,2,2,1,12.042602523649927
Barabasi_Albert,BA_6_w_12_nodes_d_2,src/graph_reconstruct_attacks/data/Barabasi_Albert/BA_6_w_12_nodes_d_2,0,12,20,0.30303030303030304,3.3333333333333335,1.5986105077709065,2,7,2.054585169337799,0.1992063492063492,0.24193548387096775,-0.2389380530973444,1,1,1.0,3,1.893939393939394,0,0,3.9824168743387727,0.8904501388970881,16.60917987984748,0,7,0.6363636363636364,0.5833333333333334,3.2857142857142856,2,6,0.19047619047619047,4,11,0.39285714285714285,0.39121212121212123,0.7333333333333333,0.4912145921621189,0.16340540071594495,2,0,0,1.0,1.3636363636363635,2,1,1,12.161722179459781
Barabasi_Albert,BA_6_w_12_nodes_d_3,src/graph_reconstruct_attacks/data/Barabasi_Albert/BA_6_w_12_nodes_d_3,0,12,27,0.4090909090909091,4.5,1.9790570145063195,3,9,1.780672129520887,0.5357142857142857,0.4067796610169492,-0.36611711199545155,1,1,1.0,2,1.5909090909090908,0,0,5.136134388293642,1.9026453956054932,18.389306321728604,0,6,0.5454545454545454,0.5,4.666666666666667,3,9,0.26666666666666666,4,10,0.47619047619047616,0.11515151515151513,0.6875,0.3272767670132838,0.10892149854636017,3,0,0,1.0,1.4545454545454546,2,2,1,14.925172195511099
Barabasi_Albert,BA_6_w_7_nodes_d_2,src/graph_reconstruct_attacks/data/Barabasi_Albert/BA_6_w_7_nodes_d_2,0,7,10,0.47619047619047616,2.857142857142857,1.2453996981544782,1,5,2.235926350629032,0.5809523809523809,0.5,-0.38888888888889017,1,1,1.0,3,1.619047619047619,1,1,3.2813942395921476,0.8493490292930066,5.547425160699821,0,4,0.6666666666666666,0.5714285714285714,3.0,1,5,0.3333333333333333,2,6,0.6,0.36666666666666664,0.75,0.4494301309496712,0.19927967665595375,2,1,1,1.0,1.3333333333333333,2,1,1,3.6994040818153366
Barabasi_Albert,BA_6_w_8_nodes_d_2,src/graph_reconstruct_attacks/data/Barabasi_Albert/BA_6_w_8_nodes_d_2,0,8,12,0.42857142857142855,3.0,1.0,2,5,1.811278124459133,0.25416666666666665,0.21428571428571427,-0.3170731707317098,1,1,1.0,3,1.6785714285714286,0,0,3.257999187313483,1.160370439733478,7.483184264445128,0,3,0.42857142857142855,0.375,3.0,2,4,0,0,3,0.5,0.0873015873015873,0.5833333333333334,0.313603169059332,0.12614010427212968,2,0,0,1.0,1.7142857142857142,3,3,2,5.468243914652199
Barabasi_Albert,BA_6_w_9_nodes_d_2,src/graph_reconstruct_attacks/data/Barabasi_Albert/BA_6_w_9_nodes_d_2,0,9,14,0.3888888888888889,3.111111111111111,1.1967032904743342,2,5,1.836591668108979,0.3592592592592593,0.25,-0.5399999999999985,1,1,1.0,3,1.6944444444444444,0,0,3.424977873999872,1.2013461470241658,9.579360204616043,0,5,0.625,0.5555555555555556,3.0,2,5,0.2,2,7,0.4666666666666667,0.29761904761904756,0.7272727272727273,0.4652762485354482,0.17183178524622048,2,0,0,1.0,1.375,2,2,2,6.839283168216569
Barabasi_Albert,BA_70_w_7_nodes_d_2,src/graph_reconstruct_attacks/data/Barabasi_Albert/BA_70_w_7_nodes_d_2,0,7,10,0.47619047619047616,2.857142857142857,0.8329931278350429,2,4,1.5566567074628228,0.5238095238095238,0.42857142857142855,-0.30434782608696004,1,1,1.0,3,1.619047619047619,0,0,3.0548600164361983,1.013273629060798,5.547425160699821,0,4,0.6666666666666666,0.5714285714285714,3.0,2,4,0.3333333333333333,2,6,0.6,0.3444444444444444,0.75,0.49480905590638713,0.19209773710224165,2,0,0,1.0,1.3333333333333333,2,2,2,3.6994040818153366
Barabasi_Albert,BA_70_w_8_nodes_d_2,src/graph_reconstruct_attacks/data/Barabasi_Albert/BA_70_w_8_nodes_d_2,0,8,12,0.42857142857142855,3.0,1.118033988749895,2,5,1.75,0.5583333333333333,0.41379310344827586,-0.19371727748691037,1,1,1.0,3,1.7142857142857142,0,1,3.362652961086261,0.7742519354254224,7.483184264445128,0,5,0.7142857142857143,0.625,3.0,2,4,0.3,3,8,0.5333333333333333,0.492063492063492,0.7777777777777778,0.4997781065293436,0.19947141086682008,2,1,0,1.0,1.2857142857142858,2,1,1,5.065505023098389
Barabasi_Albert,BA_70_w_9_nodes_d_2,src/graph_reconstruct_attacks/data/Barabasi_Albert/BA_70_w_9_nodes_d_2,0,9,14,0.3888888888888889,3.111111111111111,1.0999438818457405,2,5,1.7527152789797047,0.24444444444444446,0.2571428571428571,-0.09090909090909356,1,1,1.0,3,1.7777777777777777,0,0,3.4878784025315794,0.9342767011144396,9.579360204616043,0,4,0.5,0.4444444444444444,3.5,2,5,0.16666666666666666,1,5,0.5,0.2232142857142857,0.6666666666666666,0.3932589400884461,0.1390196439748246,2,0,0,1.0,1.5,2,3,1,7.118036769169399
Barabasi_Albert,BA_71_w_7_nodes_d_2,src/graph_reconstruct_attacks/data/Barabasi_Albert/BA_71_w_7_nodes_d_2,0,7,10,0.47619047619047616,2.857142857142857,1.1248582677159729,2,5,1.6644977792004614,0.3619047619047619,0.2608695652173913,-0.5894039735099336,1,1,1.0,2,1.5238095238095237,0,0,3.139022396986796,1.3186693563950236,5.547425160699821,0,5,0.8333333333333334,0.7142857142857143,2.4,2,4,0.2,2,7,0.4666666666666667,0.4,0.8571428571428571,0.5384620504082248,0.23930388781241205,2,0,0,1.0,1.1666666666666667,2,1,1,3.4775553321989814
Barabasi_Albert,BA_71_w_8_nodes_d_2,src/graph_reconstruct_attacks/data/Barabasi_Albert/BA_71_w_8_nodes_d_2,0,8,12,0.42857142857142855,3.0,0.8660254037844386,2,4,1.561278124459133,0.4375,0.3333333333333333,-0.5757575757575754,1,1,1.0,3,1.6785714285714286,0,0,3.185079221241997,1.0239726300168246,7.483184264445128,0,4,0.5714285714285714,0.5,3.0,2,4,0.3333333333333333,2,6,0.6,0.23015873015873012,0.7,0.4532194070223004,0.16058745441097122,2,0,0,1.0,1.4285714285714286,2,3,2,5.308543071784685
Barabasi_Albert,BA_71_w_9_nodes_d_2,src/graph_reconstruct_attacks/data/Barabasi_Albert/BA_71_w_9_nodes_d_2,0,9,14,0.3888888888888889,3.111111111111111,1.3698697784375504,1,6,2.197159723424149,0.337037037037037,0.3157894736842105,-0.3641025641025636,1,1,1.0,3,1.75,1,1,3.5833363209562497,0.8674093175050146,9.579360204616043,0,6,0.75,0.6666666666666666,2.8333333333333335,1,4,0.2,3,9,0.42857142857142855,0.5089285714285713,0.8,0.507263729379974,0.20733844861847328,2,1,1,1.0,1.25,2,1,1,6.4924956819919135
Barabasi_Albert,BA_72_w_7_nodes_d_2,src/graph_reconstruct_attacks/data/Barabasi_Albert/BA_72_w_7_nodes_d_2,0,7,10,0.47619047619047616,2.857142857142857,1.456862718169367,2,6,1.1488348542809166,0.8238095238095238,0.46153846153846156,-0.578947368421052,1,1,1.0,2,1.5238095238095237,0,1,3.3010412247683374,1.0,5.547425160699821,0,6,1.0,0.8571428571428571,2.3333333333333335,2,4,0.26666666666666666,4,10,0.47619047619047616,0.6333333333333333,1.0,0.5867818801950019,0.2845540406960493,2,1,0,1.0,1.0,1,1,1,3.135132651376774
Barabasi_Albert,BA_72_w_8_nodes_d_2,src/graph_reconstruct_attacks/data/Barabasi_Albert/BA_72_w_8_nodes_d_2,0,8,12,0.42857142857142855,3.0,1.4142135623730951,1,6,2.1556390622295662,0.5625,0.46875,-0.3373493975903624,1,1,1.0,3,1.7142857142857142,1,1,3.5412443623004446,0.6482990512701325,7.483184264445128,0,3,0.42857142857142855,0.375,3.3333333333333335,1,6,0.3333333333333333,1,4,0.6666666666666666,0.2857142857142857,0.6363636363636364,0.28323140396954727,0.13529600981548,2,1,1,1.0,1.5714285714285714,2,3,1,5.468243914652199
Barabasi_Albert,BA_72_w_9_nodes_d_2,src/graph_reconstruct_attacks/data/Barabasi_Albert/BA_72_w_9_nodes_d_2,0,9,14,0.3888888888888889,3.111111111111111,1.3698697784375504,2,6,1.7527152789797047,0.7407407407407408,0.47368421052631576,-0.41772151898734294,1,1,1.0,3,1.7777777777777777,0,1,3.5428561889307213,0.6708400950562541,9.579360204616043,0,6,0.75,0.6666666666666666,2.8333333333333335,2,5,0.26666666666666666,4,10,0.47619047619047616,0.5714285714285714,0.8,0.5147533390692095,0.20351435236515356,2,1,0,1.0,1.25,2,1,1,6.4924956819919135
Barabasi_Albert,BA_73_w_7_nodes_d_2,src/graph_reconstruct_attacks/data/Barabasi_Albert/BA_73_w_7_nodes_d_2,0,7,10,0.47619047619047616,2.857142857142857,1.355261854357877,2,6,1.3787834934861753,0.7999999999999999,0.48,-0.4736842105263171,1,1,1.0,2,1.5238095238095237,0,1,3.2553522893869955,1.0000000000000016,5.547425160699821,0,6,1.0,0.8571428571428571,2.3333333333333335,2,3,0.26666666666666666,4,10,0.47619047619047616,0.6666666666666666,1.0,0.5954294560614872,0.2839822656314644,2,1,0,1.0,1.0,1,1,1,3.135132651376774
Barabasi_Albert,BA_73_w_8_nodes_d_2,src/graph_reconstruct_attacks/data/Barabasi_Albert/BA_73_w_8_nodes_d_2,0,8,12,0.42857142857142855,3.0,1.4142135623730951,1,6,2.1556390622295662,0.5833333333333333,0.46875,-0.4096385542168664,1,1,1.0,3,1.6785714285714286,1,1,3.5014634008752155,0.7426002704636654,7.483184264445128,0,4,0.5714285714285714,0.5,3.0,1,6,0.3333333333333333,2,6,0.6,0.30952380952380953,0.7,0.37559642178981223,0.17061968995438132,2,1,1,1.0,1.4285714285714286,2,1,1,5.308543071784685
Barabasi_Albert,BA_73_w_9_nodes_d_2,src/graph_reconstruct_attacks/data/Barabasi_Albert/BA_73_w_9_nodes_d_2,0,9,14,0.3888888888888889,3.111111111111111,0.9938079899999066,2,5,1.8910611120726526,0.2740740740740741,0.2647058823529412,-0.24752475247524625,1,1,1.0,3,1.7222222222222223,0,0,3.3990193192345024,1.1174373096122916,9.579360204616043,0,5,0.625,0.5555555555555556,3.2,2,4,0.3,3,8,0.5333333333333333,0.2738095238095238,0.7272727272727273,0.5044514786350095,0.1682290128048504,2,0,0,1.0,1.375,2,1,1,6.839283168216569
Barabasi_Albert,BA_74_w_7_nodes_d_2,src/graph_reconstruct_attacks/data/Barabasi_Albert/BA_74_w_7_nodes_d_2,0,7,10,0.47619047619047616,2.857142857142857,0.989743318610787,2,5,1.4488156357251847,0.31428571428571433,0.2727272727272727,-0.5079365079365065,1,1,1.0,3,1.5714285714285714,0,0,3.0888872342007256,1.189105971146617,5.547425160699821,0,3,0.5,0.42857142857142855,3.6666666666666665,3,5,0.3333333333333333,1,4,0.6666666666666666,0.12222222222222223,0.6666666666666666,0.41427856419019,0.14704700941666118,2,0,0,1.0,1.5,2,3,1,3.808548551240405
Barabasi_Albert,BA_74_w_8_nodes_d_2,src/graph_reconstruct_attacks/data/Barabasi_Albert/BA_74_w_8_nodes_d_2,0,8,12,0.42857142857142855,3.0,1.224744871391589,1,5,2.25,0.3833333333333333,0.4,-0.1999999999999989,1,1,1.0,3,1.7142857142857142,1,1,3.4415623775353588,0.7955263409535834,7.483184264445128,0,4,0.5714285714285714,0.5,3.25,1,5,0.3333333333333333,2,6,0.6,0.3015873015873016,0.7,0.4113184197196422,0.167576104719033,2,1,1,1.0,1.4285714285714286,2,2,2,5.308543071784685
Barabasi_Albert,BA_74_w_9_nodes_d_2,src/graph_reconstruct_attacks/data/Barabasi_Albert/BA_74_w_9_nodes_d_2,0,9,14,0.3888888888888889,3.111111111111111,1.1967032904743342,2,6,1.752715278979705,0.35555555555555557,0.25,-0.3489583333333341,1,1,1.0,3,1.6944444444444444,0,0,3.4509786765493677,1.169543693703219,9.579360204616043,0,6,0.75,0.6666666666666666,2.8333333333333335,2,4,0.2,3,9,0.42857142857142855,0.425595238095238,0.8,0.5396883804114623,0.20182354000681108,2,0,0,1.0,1.25,2,1,1,6.4924956819919135
Barabasi_Albert,BA_75_w_7_nodes_d_2,src/graph_reconstruct_attacks/data/Barabasi_Albert/BA_75_w_7_nodes_d_2,0,7,10,0.47619047619047616,2.857142857142857,1.4568627181693672,1,6,1.8423709931771084,0.6095238095238095,0.46153846153846156,-0.5693430656934326,1,1,1.0,2,1.5238095238095237,1,1,3.323404276086478,0.9999999999999997,5.547425160699821,0,6,1.0,0.8571428571428571,2.3333333333333335,1,3,0.26666666666666666,4,10,0.47619047619047616,0.6333333333333333,1.0,0.5817313003310829,0.28793461211119603,2,1,1,1.0,1.0,1,1,1,3.135132651376774
Barabasi_Albert,BA_75_w_8_nodes_d_2,src/graph_reconstruct_attacks/data/Barabasi_Albert/BA_75_w_8_nodes_d_2,0,8,12,0.42857142857142855,3.0,1.118033988749895,2,5,1.75,0.15833333333333333,0.20689655172413793,-0.44502617801047034,1,1,1.0,3,1.6785714285714286,0,0,3.330524215293377,1.0254122716201404,7.483184264445128,0,2,0.2857142857142857,0.25,3.0,2,4,0,0,2,0.6666666666666666,0.033333333333333326,0.5,0.19637004500372168,0.09182102522560373,2,0,0,1.0,2.0,3,4,4,5.547425160699821
Barabasi_Albert,BA_75_w_9_nodes_d_2,src/graph_reconstruct_attacks/data/Barabasi_Albert/BA_75_w_9_nodes_d_2,0,9,14,0.3888888888888889,3.111111111111111,1.852592444503674,2,7,1.4466166676282084,0.15343915343915343,0.06666666666666667,-0.8725182863113897,1,1,1.0,2,1.6111111111111112,0,0,3.653600307885859,1.4334676148315604,9.579360204616043,0,3,0.375,0.3333333333333333,5.0,2,7,0.3333333333333333,1,4,0.6666666666666666,0.041666666666666664,0.6153846153846154,0.3310616206959545,0.10694607798937872,2,0,0,1.0,1.625,2,1,1,7.331916589114478
Barabasi_Albert,BA_76_w_7_nodes_d_2,src/graph_reconstruct_attacks/data/Barabasi_Albert/BA_76_w_7_nodes_d_2,0,7,10,0.47619047619047616,2.857142857142857,0.6388765649999398,2,4,1.3787834934861753,0.3333333333333333,0.3,-0.2500000000000053,1,1,1.0,3,1.5714285714285714,0,0,2.98206489077886,1.1522409349774276,5.547425160699821,0,3,0.5,0.42857142857142855,2.6666666666666665,2,3,0,0,3,0.5,0.16666666666666666,0.6666666666666666,0.35274588607884766,0.15072987757644973,2,0,0,1.0,1.5,2,4,1,3.808548551240405
Barabasi_Albert,BA_76_w_8_nodes_d_2,src/graph_reconstruct_attacks/data/Barabasi_Albert/BA_76_w_8_nodes_d_2,0,8,12,0.42857142857142855,3.0,1.0,2,5,1.811278124459133,0.4125,0.32142857142857145,-0.39024390243902546,1,1,1.0,3,1.6428571428571428,0,0,3.2576014651119998,1.2360832881663453,7.483184264445128,0,5,0.7142857142857143,0.625,2.8,2,4,0.3,3,8,0.5333333333333333,0.3333333333333333,0.7777777777777778,0.5217370916795955,0.19799162329142955,2,0,0,1.0,1.2857142857142858,2,1,1,5.065505023098389
Barabasi_Albert,BA_76_w_9_nodes_d_2,src/graph_reconstruct_attacks/data/Barabasi_Albert/BA_76_w_9_nodes_d_2,0,9,14,0.3888888888888889,3.111111111111111,1.5234788000891208,2,7,1.7527152789797047,0.582010582010582,0.375,-0.3922651933701657,1,1,1.0,3,1.6666666666666667,0,0,3.6097026817264553,1.1824036398532765,9.579360204616043,0,7,0.875,0.7777777777777778,2.7142857142857144,2,4,0.23809523809523808,5,12,0.42857142857142855,0.5476190476190474,0.8888888888888888,0.5766060572502313,0.23394380043125074,2,0,0,1.0,1.125,2,1,1,6.073366374249938
Barabasi_Albert,BA_77_w_7_nodes_d_2,src/graph_reconstruct_attacks/data/Barabasi_Albert/BA_77_w_7_nodes_d_2,0,7,10,0.47619047619047616,2.857142857142857,0.9897433186107869,2,5,1.4488156357251847,0.7571428571428571,0.5454545454545454,-0.34920634920635113,1,1,1.0,3,1.6666666666666667,0,1,3.1070963767254773,0.7269271369323337,5.547425160699821,0,5,0.8333333333333334,0.7142857142857143,2.6,2,3,0.3,3,8,0.5333333333333333,0.6333333333333333,0.8571428571428571,0.5635756757601271,0.2371609463640868,2,1,0,1.0,1.1666666666666667,2,1,1,3.4775553321989814
Barabasi_Albert,BA_77_w_8_nodes_d_2,src/graph_reconstruct_attacks/data/Barabasi_Albert/BA_77_w_8_nodes_d_2,0,8,12,0.42857142857142855,3.0,1.4142135623730951,1,5,2.1556390622295662,0.6,0.46875,-0.384615384615383,1,1,1.0,3,1.7142857142857142,1,1,3.531205444513035,0.7556211491631483,7.483184264445128,0,4,0.5714285714285714,0.5,3.25,1,5,0.3333333333333333,2,6,0.6,0.3253968253968254,0.7,0.3881000844660848,0.16957405393919572,2,1,1,1.0,1.4285714285714286,2,1,1,5.308543071784685
Barabasi_Albert,BA_77_w_9_nodes_d_2,src/graph_reconstruct_attacks/data/Barabasi_Albert/BA_77_w_9_nodes_d_2,0,9,14,0.3888888888888889,3.111111111111111,1.1967032904743342,2,6,1.7527152789797045,0.35555555555555557,0.25,-0.4218750000000011,1,1,1.0,3,1.6666666666666667,0,0,3.4372617043078115,1.267163827061455,9.579360204616043,0,6,0.75,0.6666666666666666,2.6666666666666665,2,4,0.2,3,9,0.42857142857142855,0.41666666666666663,0.8,0.5292588822161925,0.20327245515793427,2,0,0,1.0,1.25,2,1,1,6.4924956819919135
Barabasi_Albert,BA_78_w_7_nodes_d_2,src/graph_reconstruct_attacks/data/Barabasi_Albert/BA_78_w_7_nodes_d_2,0,7,10,0.47619047619047616,2.857142857142857,0.8329931278350429,2,4,1.5566567074628228,0.3095238095238095,0.2857142857142857,-0.30434782608696004,1,1,1.0,3,1.619047619047619,0,0,3.0558396095567586,1.0462762836504447,5.547425160699821,0,4,0.6666666666666666,0.5714285714285714,3.0,2,4,0.3333333333333333,2,6,0.6,0.27777777777777773,0.75,0.5017923816422607,0.19160650537853477,2,0,0,1.0,1.3333333333333333,2,2,1,3.6994040818153366
Barabasi_Albert,BA_78_w_8_nodes_d_2,src/graph_reconstruct_attacks/data/Barabasi_Albert/BA_78_w_8_nodes_d_2,0,8,12,0.42857142857142855,3.0,1.0,2,5,1.811278124459133,0.32916666666666666,0.32142857142857145,-0.17073170731707224,1,1,1.0,3,1.6785714285714286,0,0,3.29519245371701,0.9763162434475645,7.483184264445128,0,5,0.7142857142857143,0.625,3.0,2,4,0.3,3,8,0.5333333333333333,0.37301587301587297,0.7777777777777778,0.5259549523153811,0.1969615073615517,2,0,0,1.0,1.2857142857142858,2,1,1,5.065505023098389
Barabasi_Albert,BA_78_w_9_nodes_d_2,src/graph_reconstruct_attacks/data/Barabasi_Albert/BA_78_w_9_nodes_d_2,0,9,14,0.3888888888888889,3.111111111111111,1.9116278371205837,1,8,2.113283334294875,0.6349206349206349,0.391304347826087,-0.5383304940374792,1,1,1.0,2,1.6111111111111112,1,1,3.8026045846932774,1.0000000000000002,9.579360204616043,0,8,1.0,0.8888888888888888,2.5,1,4,0.21428571428571427,6,14,0.3888888888888889,0.6785714285714285,1.0,0.5865154032865526,0.2711232981165332,2,1,1,1.0,1.0,1,1,1,5.576041733441991
Barabasi_Albert,BA_79_w_7_nodes_d_2,src/graph_reconstruct_attacks/data/Barabasi_Albert/BA_79_w_7_nodes_d_2,0,7,10,0.47619047619047616,2.857142857142857,1.4568627181693672,1,6,1.8423709931771084,0.6095238095238095,0.46153846153846156,-0.5693430656934326,1,1,1.0,2,1.5238095238095237,1,1,3.323404276086478,1.0,5.547425160699821,0,6,1.0,0.8571428571428571,2.3333333333333335,1,3,0.26666666666666666,4,10,0.47619047619047616,0.6333333333333333,1.0,0.5817313003310831,0.2879346121111961,2,1,1,1.0,1.0,1,1,1,3.135132651376774
Barabasi_Albert,BA_79_w_8_nodes_d_2,src/graph_reconstruct_attacks/data/Barabasi_Albert/BA_79_w_8_nodes_d_2,0,8,12,0.42857142857142855,3.0,0.8660254037844386,2,4,1.561278124459133,0.4375,0.3333333333333333,-0.3333333333333318,1,1,1.0,3,1.6428571428571428,0,0,3.2008082867916396,1.0740241413549683,7.483184264445128,0,4,0.5714285714285714,0.5,3.0,2,4,0.3333333333333333,2,6,0.6,0.21428571428571427,0.7,0.4363877332972783,0.16134187127272137,2,0,0,1.0,1.4285714285714286,2,3,2,5.308543071784685
Barabasi_Albert,BA_79_w_9_nodes_d_2,src/graph_reconstruct_attacks/data/Barabasi_Albert/BA_79_w_9_nodes_d_2,0,9,14,0.3888888888888889,3.111111111111111,1.7284832429004495,2,7,1.4466166676282082,0.5597883597883597,0.3488372093023256,-0.5018495684340314,1,1,1.0,3,1.6666666666666667,0,0,3.7491511484283713,1.0420776113733794,9.579360204616043,0,7,0.875,0.7777777777777778,2.7142857142857144,2,5,0.23809523809523808,5,12,0.42857142857142855,0.49404761904761896,0.8888888888888888,0.5539774949815863,0.2350827367653317,2,0,0,1.0,1.125,2,1,1,6.073366374249938
Barabasi_Albert,BA_7_w_10_nodes_d_2,src/graph_reconstruct_attacks/data/Barabasi_Albert/BA_7_w_10_nodes_d_2,0,10,16,0.35555555555555557,3.2,1.661324772583615,1,7,1.721928094887362,0.3571428571428571,0.30612244897959184,-0.4055354993983153,1,1,1.0,3,1.7777777777777777,1,1,3.84544711767899,0.9250289958187068,11.810653447129246,0,7,0.7777777777777778,0.7,3.0,1,4,0.23809523809523808,5,12,0.42857142857142855,0.4990740740740741,0.8181818181818182,0.5322400591969426,0.20859944351917395,2,1,1,1.0,1.2222222222222223,2,1,1,7.9737893252759235
Barabasi_Albert,BA_7_w_10_nodes_d_3,src/graph_reconstruct_attacks/data/Barabasi_Albert/BA_7_w_10_nodes_d_3,0,10,21,0.4666666666666667,4.2,1.7776388834631176,1,8,2.3219280948873626,0.44571428571428573,0.46987951807228917,-0.3442389758179228,1,1,1.0,3,1.5555555555555556,1,1,4.799870414334153,0.9761233382258802,12.576762279339954,0,8,0.8888888888888888,0.8,3.875,1,6,0.35714285714285715,10,18,0.5,0.3634259259259259,0.9,0.48188666032736976,0.18507798835478945,3,1,1,1.0,1.1111111111111112,2,1,1,9.36376040427669
Barabasi_Albert,BA_7_w_11_nodes_d_2,src/graph_reconstruct_attacks/data/Barabasi_Albert/BA_7_w_11_nodes_d_2,0,11,18,0.32727272727272727,3.272727272727273,1.8136306675690912,1,7,2.2998963911678914,0.4987012987012987,0.3559322033898305,-0.364724660814048,1,1,1.0,3,1.8727272727272728,1,1,4.052093914153991,0.7333650857825523,14.158602817677263,0,5,0.5,0.45454545454545453,3.6,1,7,0.2,2,7,0.4666666666666667,0.3185185185185185,0.6666666666666666,0.35106351366916067,0.1408834245192748,2,1,1,1.0,1.5,2,1,1,10.86335979764525
Barabasi_Albert,BA_7_w_11_nodes_d_3,src/graph_reconstruct_attacks/data/Barabasi_Albert/BA_7_w_11_nodes_d_3,0,11,24,0.43636363636363634,4.363636363636363,1.1499191491521379,3,6,1.823067982273661,0.4121212121212121,0.375,-0.19318181818181795,1,1,1.0,3,1.6181818181818182,0,0,4.641672047444281,1.7830988981028808,15.395953272199742,0,6,0.6,0.5454545454545454,4.666666666666667,3,6,0.4,6,12,0.5714285714285714,0.1388888888888889,0.7142857142857143,0.40654183284037004,0.11960232084284683,3,0,0,1.0,1.4,2,2,1,12.234488049888835
Barabasi_Albert,BA_7_w_12_nodes_d_2,src/graph_reconstruct_attacks/data/Barabasi_Albert/BA_7_w_12_nodes_d_2,0,12,20,0.30303030303030304,3.3333333333333335,1.5986105077709065,2,6,1.792481250360578,0.19166666666666665,0.0967741935483871,-0.4874551971326158,1,1,1.0,3,1.878787878787879,0,0,3.872942098493313,1.0612528714262401,16.60917987984748,0,3,0.2727272727272727,0.25,4.666666666666667,3,6,0,0,3,0.5,0.047316017316017304,0.5238095238095238,0.2632723868726103,0.07505729434462459,2,0,0,1.0,1.9090909090909092,3,2,2,13.834091726163757
Barabasi_Albert,BA_7_w_12_nodes_d_3,src/graph_reconstruct_attacks/data/Barabasi_Albert/BA_7_w_12_nodes_d_3,0,12,27,0.4090909090909091,4.5,2.179449471770337,2,9,2.4508257945180882,0.4791666666666667,0.3902439024390244,-0.37234042553191493,1,1,1.0,3,1.621212121212121,0,0,5.292790579731275,1.7979000665563725,18.389306321728604,0,9,0.8181818181818182,0.75,4.333333333333333,2,8,0.3333333333333333,12,21,0.4666666666666667,0.26015151515151513,0.8461538461538461,0.4616334449460955,0.15744675275705153,3,0,0,1.0,1.1818181818181819,2,1,1,14.158602817677263
Barabasi_Albert,BA_7_w_7_nodes_d_2,src/graph_reconstruct_attacks/data/Barabasi_Albert/BA_7_w_7_nodes_d_2,0,7,10,0.47619047619047616,2.857142857142857,0.8329931278350429,2,4,1.5566567074628228,0.619047619047619,0.42857142857142855,-0.4492753623188444,1,1,1.0,3,1.5714285714285714,0,0,3.030321847184645,1.1338017374909777,5.547425160699821,0,4,0.6666666666666666,0.5714285714285714,2.75,2,4,0.3333333333333333,2,6,0.6,0.26666666666666666,0.75,0.47940519087298783,0.1936352906748639,2,0,0,1.0,1.3333333333333333,2,2,2,3.6994040818153366
Barabasi_Albert,BA_7_w_8_nodes_d_2,src/graph_reconstruct_attacks/data/Barabasi_Albert/BA_7_w_8_nodes_d_2,0,8,12,0.42857142857142855,3.0,1.3228756555322954,2,6,1.75,0.575,0.3870967741935484,-0.4178674351585007,1,1,1.0,3,1.6071428571428572,0,0,3.401024104090665,1.1744261396035736,7.483184264445128,0,4,0.5714285714285714,0.5,3.25,2,6,0.3333333333333333,2,6,0.6,0.1746031746031746,0.7,0.42361580962727713,0.16187942472528577,2,0,0,1.0,1.4285714285714286,2,1,1,5.308543071784685
Barabasi_Albert,BA_7_w_9_nodes_d_2,src/graph_reconstruct_attacks/data/Barabasi_Albert/BA_7_w_9_nodes_d_2,0,9,14,0.3888888888888889,3.111111111111111,1.5947444549341472,1,6,2.0588138903312014,0.3333333333333333,0.2926829268292683,-0.46012269938650197,1,1,1.0,3,1.7777777777777777,1,1,3.722935259657393,0.8692144343607655,9.579360204616043,0,6,0.75,0.6666666666666666,3.0,1,5,0.26666666666666666,4,10,0.47619047619047616,0.4196428571428571,0.8,0.5067800726494692,0.2068758248400487,2,1,1,1.0,1.25,2,1,1,6.4924956819919135
Barabasi_Albert,BA_80_w_7_nodes_d_2,src/graph_reconstruct_attacks/data/Barabasi_Albert/BA_80_w_7_nodes_d_2,0,7,10,0.47619047619047616,2.857142857142857,1.3552618543578767,1,5,1.8423709931771086,0.6047619047619047,0.48,-0.5151515151515152,1,1,1.0,3,1.619047619047619,1,1,3.334717708449464,0.8250721540164496,5.547425160699821,0,4,0.6666666666666666,0.5714285714285714,3.0,1,5,0.3333333333333333,2,6,0.6,0.36666666666666664,0.75,0.4327295704763916,0.20085405498385733,2,1,1,1.0,1.3333333333333333,2,2,1,3.6994040818153366
Barabasi_Albert,BA_80_w_8_nodes_d_2,src/graph_reconstruct_attacks/data/Barabasi_Albert/BA_80_w_8_nodes_d_2,0,8,12,0.42857142857142855,3.0,0.8660254037844386,2,4,1.561278124459133,0.3541666666666667,0.2222222222222222,-0.3333333333333318,1,1,1.0,3,1.6785714285714286,0,0,3.196173058980009,1.057022064329995,7.483184264445128,0,2,0.2857142857142857,0.25,3.5,3,4,0,0,2,0.6666666666666666,0.015873015873015872,0.5,0.24452249643425666,0.08866330936806062,2,0,0,1.0,2.0,3,3,1,5.547425160699821
Barabasi_Albert,BA_80_w_9_nodes_d_2,src/graph_reconstruct_attacks/data/Barabasi_Albert/BA_80_w_9_nodes_d_2,0,9,14,0.3888888888888889,3.111111111111111,0.9938079899999066,2,5,1.8910611120726526,0.3,0.2647058823529412,-0.31683168316831545,1,1,1.0,3,1.7222222222222223,0,0,3.3735117623757027,0.9750995716169633,9.579360204616043,0,5,0.625,0.5555555555555556,2.8,2,4,0.2,2,7,0.4666666666666667,0.3214285714285714,0.7272727272727273,0.4628748357513499,0.17118211431392205,2,0,0,1.0,1.375,2,1,1,6.839283168216569
Barabasi_Albert,BA_81_w_7_nodes_d_2,src/graph_reconstruct_attacks/data/Barabasi_Albert/BA_81_w_7_nodes_d_2,0,7,10,0.47619047619047616,2.857142857142857,1.5518257844571737,1,6,2.128085278891394,0.6333333333333334,0.4444444444444444,-0.6494845360824744,1,1,1.0,2,1.5238095238095237,1,1,3.3769236292453786,0.9999999999999994,5.547425160699821,0,6,1.0,0.8571428571428571,2.3333333333333335,1,4,0.26666666666666666,4,10,0.47619047619047616,0.6,1.0,0.5719012982087448,0.2886529329301885,2,1,1,1.0,1.0,1,1,1,3.135132651376774
Barabasi_Albert,BA_81_w_8_nodes_d_2,src/graph_reconstruct_attacks/data/Barabasi_Albert/BA_81_w_8_nodes_d_2,0,8,12,0.42857142857142855,3.0,1.6583123951777,1,6,2.0,0.6416666666666666,0.42857142857142855,-0.6038186157517884,1,1,1.0,3,1.6428571428571428,1,1,3.616930194746304,0.8651682249290586,7.483184264445128,0,5,0.7142857142857143,0.625,3.0,1,6,0.3,3,8,0.5333333333333333,0.3571428571428571,0.7777777777777778,0.456405412151809,0.20556846205789397,2,1,1,1.0,1.2857142857142858,2,1,1,5.065505023098389
Barabasi_Albert,BA_81_w_9_nodes_d_2,src/graph_reconstruct_attacks/data/Barabasi_Albert/BA_81_w_9_nodes_d_2,0,9,14,0.3888888888888889,3.111111111111111,1.3698697784375504,2,6,1.3516441151533922,0.31851851851851853,0.23684210526315788,-0.5555555555555535,1,1,1.0,3,1.6666666666666667,0,0,3.521229735980282,1.4021759579106032,9.579360204616043,0,4,0.5,0.4444444444444444,4.0,2,6,0.3333333333333333,2,6,0.6,0.12142857142857144,0.6666666666666666,0.42572521317647194,0.137061509886711,2,0,0,1.0,1.5,2,3,2,7.118036769169399
Barabasi_Albert,BA_82_w_7_nodes_d_2,src/graph_reconstruct_attacks/data/Barabasi_Albert/BA_82_w_7_nodes_d_2,0,7,10,0.47619047619047616,2.857142857142857,1.355261854357877,2,6,1.3787834934861753,0.7999999999999999,0.48,-0.4736842105263171,1,1,1.0,2,1.5238095238095237,0,1,3.2553522893869964,1.0000000000000009,5.547425160699821,0,6,1.0,0.8571428571428571,2.3333333333333335,2,3,0.26666666666666666,4,10,0.47619047619047616,0.6666666666666666,1.0,0.5954294560614874,0.2839822656314644,2,1,0,1.0,1.0,1,1,1,3.135132651376774
Barabasi_Albert,BA_82_w_8_nodes_d_2,src/graph_reconstruct_attacks/data/Barabasi_Albert/BA_82_w_8_nodes_d_2,0,8,12,0.42857142857142855,3.0,1.5811388300841898,1,6,2.1556390622295662,0.4458333333333333,0.35294117647058826,-0.603960396039603,1,1,1.0,3,1.6071428571428572,1,1,3.551821547180211,0.942061941240108,7.483184264445128,0,6,0.8571428571428571,0.75,2.6666666666666665,1,5,0.26666666666666666,4,10,0.47619047619047616,0.46825396825396814,0.875,0.5352760353710152,0.24095350431794982,2,1,1,1.0,1.1428571428571428,2,1,1,4.734511804056966
Barabasi_Albert,BA_82_w_9_nodes_d_2,src/graph_reconstruct_attacks/data/Barabasi_Albert/BA_82_w_9_nodes_d_2,0,9,14,0.3888888888888889,3.111111111111111,1.6629588385661962,2,7,1.6577427265048887,0.46190476190476193,0.2857142857142857,-0.5263157894736841,1,1,1.0,3,1.6388888888888888,0,0,3.673134357822669,1.1594019284238217,9.579360204616043,0,7,0.875,0.7777777777777778,2.5714285714285716,2,5,0.19047619047619047,4,11,0.39285714285714285,0.5089285714285714,0.8888888888888888,0.5531766823224215,0.23595745258830342,2,0,0,1.0,1.125,2,1,1,6.073366374249938
Barabasi_Albert,BA_83_w_7_nodes_d_2,src/graph_reconstruct_attacks/data/Barabasi_Albert/BA_83_w_7_nodes_d_2,0,7,10,0.47619047619047616,2.857142857142857,1.2453996981544782,1,5,2.235926350629032,0.5904761904761904,0.5,-0.45833333333333487,1,1,1.0,3,1.619047619047619,1,1,3.2641529696671796,0.8974528408441231,5.547425160699821,0,5,0.8333333333333334,0.7142857142857143,2.6,1,4,0.3,3,8,0.5333333333333333,0.5111111111111111,0.8571428571428571,0.5258535281530223,0.24336809831577824,2,1,1,1.0,1.1666666666666667,2,1,1,3.4775553321989814
Barabasi_Albert,BA_83_w_8_nodes_d_2,src/graph_reconstruct_attacks/data/Barabasi_Albert/BA_83_w_8_nodes_d_2,0,8,12,0.42857142857142855,3.0,1.0,2,5,1.811278124459133,0.4125,0.32142857142857145,-0.39024390243902546,1,1,1.0,3,1.6428571428571428,0,0,3.257601465112,1.2360832881663442,7.483184264445128,0,5,0.7142857142857143,0.625,2.8,2,4,0.3,3,8,0.5333333333333333,0.3333333333333333,0.7777777777777778,0.5217370916795955,0.19799162329142955,2,0,0,1.0,1.2857142857142858,2,1,1,5.065505023098389
Barabasi_Albert,BA_83_w_9_nodes_d_2,src/graph_reconstruct_attacks/data/Barabasi_Albert/BA_83_w_9_nodes_d_2,0,9,14,0.3888888888888889,3.111111111111111,1.3698697784375502,1,5,2.197159723424149,0.2296296296296296,0.23684210526315788,-0.37254901960784226,1,1,1.0,3,1.7777777777777777,1,1,3.602779629602637,0.867170848112997,9.579360204616043,0,5,0.625,0.5555555555555556,3.0,1,5,0.1,1,6,0.4,0.38333333333333336,0.7272727272727273,0.42602806521575814,0.17690893516975773,2,1,1,1.0,1.375,2,2,1,6.839283168216569
Barabasi_Albert,BA_84_w_7_nodes_d_2,src/graph_reconstruct_attacks/data/Barabasi_Albert/BA_84_w_7_nodes_d_2,0,7,10,0.47619047619047616,2.857142857142857,0.9897433186107869,2,5,1.4488156357251847,0.5190476190476191,0.4090909090909091,-0.34920634920635113,1,1,1.0,3,1.5714285714285714,0,0,3.1107058339785407,1.1886772560551697,5.547425160699821,0,5,0.8333333333333334,0.7142857142857143,2.6,2,3,0.3,3,8,0.5333333333333333,0.4444444444444444,0.8571428571428571,0.5640900135766477,0.2369456658711105,2,0,0,1.0,1.1666666666666667,2,1,1,3.4775553321989814
Barabasi_Albert,BA_84_w_8_nodes_d_2,src/graph_reconstruct_attacks/data/Barabasi_Albert/BA_84_w_8_nodes_d_2,0,8,12,0.42857142857142855,3.0,1.118033988749895,2,5,1.75,0.2875,0.3103448275862069,-0.19371727748691037,1,1,1.0,3,1.6785714285714286,0,0,3.3696375835884576,0.9926738614952667,7.483184264445128,0,5,0.7142857142857143,0.625,3.0,2,4,0.3,3,8,0.5333333333333333,0.3333333333333333,0.7777777777777778,0.5143888062420808,0.19763221185545843,2,0,0,1.0,1.2857142857142858,2,1,1,5.065505023098389
Barabasi_Albert,BA_84_w_9_nodes_d_2,src/graph_reconstruct_attacks/data/Barabasi_Albert/BA_84_w_9_nodes_d_2,0,9,14,0.3888888888888889,3.111111111111111,1.286204100310025,2,5,1.4355205042826666,0.36296296296296293,0.32432432432432434,-0.2923076923076945,1,1,1.0,3,1.75,0,0,3.5673070826932163,0.9405112446197538,9.579360204616043,0,4,0.5,0.4444444444444444,4.0,2,5,0.3333333333333333,2,6,0.6,0.20238095238095236,0.6666666666666666,0.4164991692317296,0.1377766851857045,2,0,0,1.0,1.5,2,2,2,7.118036769169399
Barabasi_Albert,BA_85_w_7_nodes_d_2,src/graph_reconstruct_attacks/data/Barabasi_Albert/BA_85_w_7_nodes_d_2,0,7,10,0.47619047619047616,2.857142857142857,1.2453996981544782,1,5,2.2359263506290326,0.5809523809523809,0.5,-0.4583333333333347,1,1,1.0,3,1.619047619047619,1,1,3.2754963350803,0.797129788406565,5.547425160699821,0,4,0.6666666666666666,0.5714285714285714,2.75,1,5,0.3333333333333333,2,6,0.6,0.36666666666666664,0.75,0.42781207344295613,0.20157727809957499,2,1,1,1.0,1.3333333333333333,2,1,1,3.6994040818153366
Barabasi_Albert,BA_85_w_8_nodes_d_2,src/graph_reconstruct_attacks/data/Barabasi_Albert/BA_85_w_8_nodes_d_2,0,8,12,0.42857142857142855,3.0,0.7071067811865476,2,4,1.5,0.0,0,-0.05882352941176437,1,1,1.0,4,1.7857142857142858,0,0,3.1622776601683795,1.0,7.483184264445128,0,4,0.5714285714285714,0.5,3.0,3,3,0,0,4,0.4,0.246031746031746,0.7,0.44721359549995776,0.16041666666666665,2,0,0,1.0,1.4285714285714286,2,2,2,5.308543071784685
Barabasi_Albert,BA_85_w_9_nodes_d_2,src/graph_reconstruct_attacks/data/Barabasi_Albert/BA_85_w_9_nodes_d_2,0,9,14,0.3888888888888889,3.111111111111111,1.4487116456005884,1,6,2.0588138903312014,0.2518518518518518,0.3076923076923077,-0.35982339955850096,1,1,1.0,3,1.75,1,1,3.648661127043446,0.9229233081428347,9.579360204616043,0,6,0.75,0.6666666666666666,2.8333333333333335,1,5,0.2,3,9,0.42857142857142855,0.45833333333333326,0.8,0.5026985945276398,0.20701859254818572,2,1,1,1.0,1.25,2,1,1,6.4924956819919135
Barabasi_Albert,BA_86_w_7_nodes_d_2,src/graph_reconstruct_attacks/data/Barabasi_Albert/BA_86_w_7_nodes_d_2,0,7,10,0.47619047619047616,2.857142857142857,1.124858267715973,2,5,1.6644977792004614,0.20476190476190476,0.13043478260869565,-0.7880794701986751,1,1,1.0,2,1.5238095238095237,0,0,3.0990547717412857,1.442387585041645,5.547425160699821,0,4,0.6666666666666666,0.5714285714285714,2.25,2,3,0,0,4,0.4,0.2,0.75,0.42903394217646557,0.195844447242706,2,0,0,1.0,1.3333333333333333,2,1,1,3.6994040818153366
Barabasi_Albert,BA_86_w_8_nodes_d_2,src/graph_reconstruct_attacks/data/Barabasi_Albert/BA_86_w_8_nodes_d_2,0,8,12,0.42857142857142855,3.0,0.8660254037844386,2,4,1.561278124459133,0.4583333333333333,0.3333333333333333,-0.3333333333333318,1,1,1.0,3,1.7142857142857142,0,0,3.20066644192429,0.8627194457353179,7.483184264445128,0,4,0.5714285714285714,0.5,3.0,2,4,0.16666666666666666,1,5,0.5,0.25396825396825395,0.7,0.44339728541230045,0.16098116473792906,2,0,0,1.0,1.4285714285714286,2,3,2,5.308543071784685
Barabasi_Albert,BA_86_w_9_nodes_d_2,src/graph_reconstruct_attacks/data/Barabasi_Albert/BA_86_w_9_nodes_d_2,0,9,14,0.3888888888888889,3.111111111111111,1.4487116456005888,1,6,2.113283334294875,0.437037037037037,0.38461538461538464,-0.43065693430657126,1,1,1.0,3,1.7222222222222223,1,1,3.6330417258266863,0.8834755231401578,9.579360204616043,0,6,0.75,0.6666666666666666,2.8333333333333335,1,4,0.26666666666666666,4,10,0.47619047619047616,0.4464285714285714,0.8,0.5076443328193352,0.2074566213422749,2,1,1,1.0,1.25,2,1,1,6.4924956819919135
Barabasi_Albert,BA_87_w_7_nodes_d_2,src/graph_reconstruct_attacks/data/Barabasi_Albert/BA_87_w_7_nodes_d_2,0,7,10,0.47619047619047616,2.857142857142857,1.124858267715973,2,5,1.6644977792004614,0.20476190476190476,0.13043478260869565,-0.7880794701986751,1,1,1.0,2,1.5238095238095237,0,0,3.0990547717412857,1.4423875850416452,5.547425160699821,0,3,0.5,0.42857142857142855,3.6666666666666665,2,5,0.3333333333333333,1,4,0.6666666666666666,0.08333333333333333,0.6666666666666666,0.4051100288352831,0.14816900986267706,2,0,0,1.0,1.5,2,1,1,3.808548551240405
Barabasi_Albert,BA_87_w_8_nodes_d_2,src/graph_reconstruct_attacks/data/Barabasi_Albert/BA_87_w_8_nodes_d_2,0,8,12,0.42857142857142855,3.0,0.8660254037844386,2,4,1.561278124459133,0.0,0,-0.8181818181818182,1,1,1.0,3,1.6785714285714286,0,0,3.16227766016838,1.585786437626905,7.483184264445128,0,4,0.5714285714285714,0.5,2.5,2,3,0,0,4,0.4,0.2063492063492063,0.6363636363636364,0.4082482904638629,0.16328768077903144,2,0,0,1.0,1.5714285714285714,3,3,3,5.308543071784685
Barabasi_Albert,BA_87_w_9_nodes_d_2,src/graph_reconstruct_attacks/data/Barabasi_Albert/BA_87_w_9_nodes_d_2,0,9,14,0.3888888888888889,3.111111111111111,1.3698697784375502,2,5,1.3516441151533922,0.6185185185185185,0.39473684210526316,-0.5076923076923071,1,1,1.0,3,1.7777777777777777,0,1,3.576915916199959,0.6898884660861545,9.579360204616043,0,5,0.625,0.5555555555555556,2.8,2,5,0.2,2,7,0.4666666666666667,0.46428571428571425,0.7272727272727273,0.39624042089586275,0.17510832392111184,2,1,0,1.0,1.375,2,3,1,6.839283168216569
Barabasi_Albert,BA_88_w_7_nodes_d_2,src/graph_reconstruct_attacks/data/Barabasi_Albert/BA_88_w_7_nodes_d_2,0,7,10,0.47619047619047616,2.857142857142857,1.1248582677159729,2,5,1.6644977792004614,0.4714285714285714,0.391304347826087,-0.3907284768211922,1,1,1.0,3,1.5714285714285714,0,0,3.19094743115114,1.1105327602214772,5.547425160699821,0,5,0.8333333333333334,0.7142857142857143,2.6,2,4,0.3,3,8,0.5333333333333333,0.41111111111111115,0.8571428571428571,0.5491669990795907,0.2375781097524357,2,0,0,1.0,1.1666666666666667,2,1,1,3.4775553321989814
Barabasi_Albert,BA_88_w_8_nodes_d_2,src/graph_reconstruct_attacks/data/Barabasi_Albert/BA_88_w_8_nodes_d_2,0,8,12,0.42857142857142855,3.0,1.5811388300841898,2,7,1.4056390622295665,0.7797619047619048,0.4411764705882353,-0.47096774193548363,1,1,1.0,2,1.5714285714285714,0,1,3.492452269836111,1.0,7.483184264445128,0,7,1.0,0.875,2.4285714285714284,2,3,0.23809523809523808,5,12,0.42857142857142855,0.6904761904761905,1.0,0.6009309011837695,0.27407442358461465,2,1,0,1.0,1.0,1,1,1,4.308543071784685
Barabasi_Albert,BA_88_w_9_nodes_d_2,src/graph_reconstruct_attacks/data/Barabasi_Albert/BA_88_w_9_nodes_d_2,0,9,14,0.3888888888888889,3.111111111111111,1.9116278371205837,1,8,2.113283334294875,0.6349206349206349,0.391304347826087,-0.5264054514480412,1,1,1.0,2,1.6111111111111112,1,1,3.811476869473002,0.9999999999999973,9.579360204616043,0,8,1.0,0.8888888888888888,2.5,1,4,0.21428571428571427,6,14,0.3888888888888889,0.6785714285714285,1.0,0.5843939015595391,0.2712665608677017,2,1,1,1.0,1.0,1,1,1,5.576041733441991
Barabasi_Albert,BA_89_w_7_nodes_d_2,src/graph_reconstruct_attacks/data/Barabasi_Albert/BA_89_w_7_nodes_d_2,0,7,10,0.47619047619047616,2.857142857142857,0.9897433186107869,2,5,1.4488156357251847,0.4095238095238095,0.2727272727272727,-0.5079365079365065,1,1,1.0,2,1.5238095238095237,0,0,3.074855671105453,1.3819660112501053,5.547425160699821,0,3,0.5,0.42857142857142855,3.3333333333333335,2,5,0.3333333333333333,1,4,0.6666666666666666,0.08888888888888888,0.6666666666666666,0.39114318617819677,0.14890577042415618,2,0,0,1.0,1.5,2,3,2,3.808548551240405
Barabasi_Albert,BA_89_w_8_nodes_d_2,src/graph_reconstruct_attacks/data/Barabasi_Albert/BA_89_w_8_nodes_d_2,0,8,12,0.42857142857142855,3.0,1.8708286933869707,1,7,2.0,0.6630952380952381,0.39473684210526316,-0.68862275449102,1,1,1.0,2,1.5714285714285714,1,1,3.6849807838796504,0.9999999999999998,7.483184264445128,0,7,1.0,0.875,2.4285714285714284,1,5,0.23809523809523808,5,12,0.42857142857142855,0.5952380952380952,1.0,0.5655290346910959,0.27945098814517366,2,1,1,1.0,1.0,1,1,1,4.308543071784685
Barabasi_Albert,BA_89_w_9_nodes_d_2,src/graph_reconstruct_attacks/data/Barabasi_Albert/BA_89_w_9_nodes_d_2,0,9,14,0.3888888888888889,3.111111111111111,1.523478800089121,1,6,2.4193819456463714,0.45185185185185184,0.375,-0.39406779661017116,1,1,1.0,3,1.75,1,1,3.678382906098564,0.8978990325827276,9.579360204616043,0,6,0.75,0.6666666666666666,3.0,1,5,0.26666666666666666,4,10,0.47619047619047616,0.4464285714285714,0.8,0.5111805219741639,0.20623658486877916,2,1,1,1.0,1.25,2,1,1,6.4924956819919135
Barabasi_Albert,BA_8_w_10_nodes_d_2,src/graph_reconstruct_attacks/data/Barabasi_Albert/BA_8_w_10_nodes_d_2,0,10,16,0.35555555555555557,3.2,1.5362291495737217,2,6,1.7609640474436812,0.18,0.1276595744680851,-0.640479360852197,1,1,1.0,3,1.7333333333333334,0,0,3.667195729001378,1.1572615061129978,11.810653447129246,0,4,0.4444444444444444,0.4,4.25,2,6,0.3333333333333333,2,6,0.6,0.10277777777777777,0.6428571428571429,0.38827903638389727,0.12066693997148539,2,0,0,1.0,1.5555555555555556,2,1,1,9.09749251487192
Barabasi_Albert,BA_8_w_10_nodes_d_3,src/graph_reconstruct_attacks/data/Barabasi_Albert/BA_8_w_10_nodes_d_3,0,10,21,0.4666666666666667,4.2,1.32664991614216,3,7,2.046439344671015,0.43,0.39473684210526316,-0.2513542795232954,1,1,1.0,2,1.5333333333333334,0,0,4.537728936435238,1.84330625802628,12.576762279339954,0,6,0.6666666666666666,0.6,4.333333333333333,3,7,0.4,6,12,0.5714285714285714,0.15046296296296294,0.75,0.41792715743483067,0.13713100085729493,3,0,0,1.0,1.3333333333333333,2,1,1,9.745691626382566
Barabasi_Albert,BA_8_w_11_nodes_d_2,src/graph_reconstruct_attacks/data/Barabasi_Albert/BA_8_w_11_nodes_d_2,0,11,18,0.32727272727272727,3.272727272727273,1.3545149477955765,2,6,1.971747257128181,0.35454545454545455,0.17647058823529413,-0.49295774647887436,1,1,1.0,3,1.8363636363636364,0,0,3.672550376420801,1.0973857743521067,14.158602817677263,0,5,0.5,0.45454545454545453,3.0,2,4,0.1,1,6,0.4,0.21851851851851853,0.625,0.38363299247001836,0.13379888615100682,2,0,0,1.0,1.6,3,1,1,10.86335979764525
Barabasi_Albert,BA_8_w_11_nodes_d_3,src/graph_reconstruct_attacks/data/Barabasi_Albert/BA_8_w_11_nodes_d_3,0,11,24,0.43636363636363634,4.363636363636363,1.8227216050694022,2,7,1.789929075309999,0.6229437229437229,0.48484848484848486,-0.302325581395349,1,1,1.0,3,1.6545454545454545,0,0,4.989015603400268,1.1872469044940135,15.395953272199742,0,7,0.7,0.6363636363636364,4.285714285714286,2,7,0.38095238095238093,8,15,0.5357142857142857,0.26037037037037036,0.7692307692307693,0.39924742344532355,0.14201947189816777,3,0,0,1.0,1.3,2,3,1,12.042602523649927
Barabasi_Albert,BA_8_w_12_nodes_d_2,src/graph_reconstruct_attacks/data/Barabasi_Albert/BA_8_w_12_nodes_d_2,0,12,20,0.30303030303030304,3.3333333333333335,1.5986105077709065,2,7,2.054585169337799,0.4134920634920635,0.24193548387096775,-0.5191740412979348,1,1,1.0,3,1.8333333333333333,0,0,3.839797124431981,1.1332913067540895,16.60917987984748,0,4,0.36363636363636365,0.3333333333333333,4.75,2,7,0.3333333333333333,2,6,0.6,0.09515151515151513,0.6111111111111112,0.36106202204182,0.09639625823891193,2,0,0,1.0,1.6363636363636365,2,2,2,13.473476040515532
Barabasi_Albert,BA_8_w_12_nodes_d_3,src/graph_reconstruct_attacks/data/Barabasi_Albert/BA_8_w_12_nodes_d_3,0,12,27,0.4090909090909091,4.5,2.254624876411447,1,9,2.4508257945180882,0.5551587301587301,0.48,-0.36081674851382844,1,1,1.0,3,1.6666666666666667,1,1,5.386101661811867,0.9621215144354085,18.389306321728604,0,9,0.8181818181818182,0.75,4.333333333333333,1,8,0.3333333333333333,12,21,0.4666666666666667,0.3675757575757576,0.8461538461538461,0.44250345398615587,0.16266656587190403,3,1,1,1.0,1.1818181818181819,2,1,1,14.158602817677263
Barabasi_Albert,BA_8_w_7_nodes_d_2,src/graph_reconstruct_attacks/data/Barabasi_Albert/BA_8_w_7_nodes_d_2,0,7,10,0.47619047619047616,2.857142857142857,0.9897433186107869,2,5,1.4488156357251847,0.5190476190476191,0.4090909090909091,-0.34920634920635113,1,1,1.0,3,1.5714285714285714,0,0,3.11070583397854,1.1886772560551686,5.547425160699821,0,5,0.8333333333333334,0.7142857142857143,2.6,2,3,0.3,3,8,0.5333333333333333,0.4444444444444444,0.8571428571428571,0.5640900135766475,0.2369456658711105,2,0,0,1.0,1.1666666666666667,2,1,1,3.4775553321989814
Barabasi_Albert,BA_8_w_8_nodes_d_2,src/graph_reconstruct_attacks/data/Barabasi_Albert/BA_8_w_8_nodes_d_2,0,8,12,0.42857142857142855,3.0,0.8660254037844386,2,4,1.561278124459133,0.5208333333333334,0.4444444444444444,0.030303030303030196,1,1,1.0,3,1.7857142857142858,0,1,3.281484838273844,0.5943806312652935,7.483184264445128,0,4,0.5714285714285714,0.5,3.0,2,4,0.3333333333333333,2,6,0.6,0.47619047619047616,0.7,0.3948123344865796,0.16546931914819374,2,1,0,1.0,1.4285714285714286,2,3,2,5.308543071784685
Barabasi_Albert,BA_8_w_9_nodes_d_2,src/graph_reconstruct_attacks/data/Barabasi_Albert/BA_8_w_9_nodes_d_2,0,9,14,0.3888888888888889,3.111111111111111,1.286204100310025,2,6,1.836591668108979,0.7333333333333333,0.4864864864864865,-0.33496332518337313,1,1,1.0,3,1.8055555555555556,0,1,3.517716170169433,0.6499085024032586,9.579360204616043,0,6,0.75,0.6666666666666666,2.8333333333333335,2,4,0.26666666666666666,4,10,0.47619047619047616,0.5833333333333333,0.8,0.5218664738973475,0.20330663417051514,2,1,0,1.0,1.25,2,1,1,6.4924956819919135
Barabasi_Albert,BA_90_w_7_nodes_d_2,src/graph_reconstruct_attacks/data/Barabasi_Albert/BA_90_w_7_nodes_d_2,0,7,10,0.47619047619047616,2.857142857142857,0.8329931278350429,2,4,1.5566567074628228,0.42857142857142855,0.2857142857142857,-0.5942028985507294,1,1,1.0,3,1.5714285714285714,0,0,3.0176014839854295,1.120614758428183,5.547425160699821,0,3,0.5,0.42857142857142855,3.3333333333333335,2,4,0.3333333333333333,1,4,0.6666666666666666,0.12222222222222222,0.6666666666666666,0.3998206458495446,0.1486411048666924,2,0,0,1.0,1.5,2,2,2,3.808548551240405
Barabasi_Albert,BA_90_w_8_nodes_d_2,src/graph_reconstruct_attacks/data/Barabasi_Albert/BA_90_w_8_nodes_d_2,0,8,12,0.42857142857142855,3.0,1.0,2,5,1.811278124459133,0.3375,0.32142857142857145,-0.3170731707317098,1,1,1.0,3,1.7142857142857142,0,0,3.2819479672164475,0.870058840325584,7.483184264445128,0,5,0.7142857142857143,0.625,2.8,2,4,0.2,2,7,0.4666666666666667,0.41666666666666663,0.7777777777777778,0.5126387394119758,0.1983280872836337,2,0,0,1.0,1.2857142857142858,2,1,1,5.065505023098389
Barabasi_Albert,BA_90_w_9_nodes_d_2,src/graph_reconstruct_attacks/data/Barabasi_Albert/BA_90_w_9_nodes_d_2,0,9,14,0.3888888888888889,3.111111111111111,1.7284832429004495,1,7,2.113283334294875,0.6206349206349207,0.4186046511627907,-0.5110533159947978,1,1,1.0,3,1.6944444444444444,1,1,3.7555420360602514,0.7895826306199119,9.579360204616043,0,5,0.625,0.5555555555555556,3.0,1,7,0.3,3,8,0.5333333333333333,0.30357142857142855,0.7272727272727273,0.41018758743690065,0.17858020429039506,2,1,1,1.0,1.375,2,1,1,6.839283168216569
Barabasi_Albert,BA_91_w_7_nodes_d_2,src/graph_reconstruct_attacks/data/Barabasi_Albert/BA_91_w_7_nodes_d_2,0,7,10,0.47619047619047616,2.857142857142857,0.989743318610787,2,4,0.9852281360342515,0.38095238095238093,0.2727272727272727,-0.6666666666666693,1,1,1.0,2,1.5238095238095237,0,0,3.0748556711054533,1.5857864376269046,5.547425160699821,0,2,0.3333333333333333,0.2857142857142857,4.0,4,4,0,0,2,0.6666666666666666,0.02222222222222222,0.6,0.29181560450953287,0.10443392996126966,2,0,0,1.0,1.6666666666666667,2,4,2,3.808548551240405
Barabasi_Albert,BA_91_w_8_nodes_d_2,src/graph_reconstruct_attacks/data/Barabasi_Albert/BA_91_w_8_nodes_d_2,0,8,12,0.42857142857142855,3.0,0.8660254037844386,2,4,1.561278124459133,0.14583333333333331,0.2222222222222222,0.030303030303030196,1,1,1.0,3,1.7142857142857142,0,0,3.267603494091613,0.9187616315728562,7.483184264445128,0,4,0.5714285714285714,0.5,3.25,2,4,0.3333333333333333,2,6,0.6,0.23809523809523803,0.7,0.4536088574444112,0.16051224341921327,2,0,0,1.0,1.4285714285714286,2,3,2,5.308543071784685
Barabasi_Albert,BA_91_w_9_nodes_d_2,src/graph_reconstruct_attacks/data/Barabasi_Albert/BA_91_w_9_nodes_d_2,0,9,14,0.3888888888888889,3.111111111111111,1.4487116456005884,1,6,2.0588138903312014,0.5111111111111111,0.38461538461538464,-0.42163355408388625,1,1,1.0,3,1.7222222222222223,1,1,3.611304385190607,0.8996698448321331,9.579360204616043,0,6,0.75,0.6666666666666666,2.8333333333333335,1,5,0.2,3,9,0.42857142857142855,0.5059523809523809,0.8,0.4979811960695133,0.20778686605847949,2,1,1,1.0,1.25,2,1,1,6.4924956819919135
Barabasi_Albert,BA_92_w_7_nodes_d_2,src/graph_reconstruct_attacks/data/Barabasi_Albert/BA_92_w_7_nodes_d_2,0,7,10,0.47619047619047616,2.857142857142857,1.2453996981544782,1,5,2.235926350629032,0.3761904761904762,0.375,-0.5277777777777793,1,1,1.0,3,1.5714285714285714,1,1,3.253418039587853,0.9234004088929783,5.547425160699821,0,5,0.8333333333333334,0.7142857142857143,2.6,1,4,0.3,3,8,0.5333333333333333,0.4555555555555555,0.8571428571428571,0.5308276155556169,0.24296055569113917,2,1,1,1.0,1.1666666666666667,2,1,1,3.4775553321989814
Barabasi_Albert,BA_92_w_8_nodes_d_2,src/graph_reconstruct_attacks/data/Barabasi_Albert/BA_92_w_8_nodes_d_2,0,8,12,0.42857142857142855,3.0,0.8660254037844386,2,4,1.561278124459133,0.5208333333333334,0.4444444444444444,-0.3333333333333318,1,1,1.0,3,1.6785714285714286,0,0,3.2294858057179283,0.9503596186113337,7.483184264445128,0,4,0.5714285714285714,0.5,3.0,2,4,0.3333333333333333,2,6,0.6,0.2936507936507936,0.7,0.4227755331378391,0.161729602992001,2,0,0,1.0,1.4285714285714286,2,3,2,5.308543071784685
Barabasi_Albert,BA_92_w_9_nodes_d_2,src/graph_reconstruct_attacks/data/Barabasi_Albert/BA_92_w_9_nodes_d_2,0,9,14,0.3888888888888889,3.111111111111111,1.523478800089121,1,6,2.4193819456463714,0.6111111111111112,0.45,-0.39406779661017116,1,1,1.0,3,1.75,1,1,3.6753613387294255,0.8687729053272012,9.579360204616043,0,6,0.75,0.6666666666666666,3.0,1,5,0.26666666666666666,4,10,0.47619047619047616,0.49404761904761907,0.8,0.5051647825037109,0.20683692236631962,2,1,1,1.0,1.25,2,1,1,6.4924956819919135
Barabasi_Albert,BA_93_w_7_nodes_d_2,src/graph_reconstruct_attacks/data/Barabasi_Albert/BA_93_w_7_nodes_d_2,0,7,10,0.47619047619047616,2.857142857142857,0.8329931278350429,2,4,1.5566567074628228,0.2857142857142857,0.2857142857142857,-0.30434782608696004,1,1,1.0,3,1.5714285714285714,0,0,3.0637394413869363,1.3358329518129173,5.547425160699821,0,4,0.6666666666666666,0.5714285714285714,3.0,2,4,0.3333333333333333,2,6,0.6,0.21111111111111114,0.75,0.5049504547531215,0.19137685043946903,2,0,0,1.0,1.3333333333333333,2,2,2,3.6994040818153366
Barabasi_Albert,BA_93_w_8_nodes_d_2,src/graph_reconstruct_attacks/data/Barabasi_Albert/BA_93_w_8_nodes_d_2,0,8,12,0.42857142857142855,3.0,1.6583123951777,2,7,1.5487949406953985,0.8005952380952381,0.42857142857142855,-0.5118110236220477,1,1,1.0,2,1.5714285714285714,0,1,3.552959412044925,1.0000000000000004,7.483184264445128,0,7,1.0,0.875,2.4285714285714284,2,4,0.23809523809523808,5,12,0.42857142857142855,0.6666666666666666,1.0,0.5878307985679936,0.27522533198478716,2,1,0,1.0,1.0,1,1,1,4.308543071784685
Barabasi_Albert,BA_93_w_9_nodes_d_2,src/graph_reconstruct_attacks/data/Barabasi_Albert/BA_93_w_9_nodes_d_2,0,9,14,0.3888888888888889,3.111111111111111,1.286204100310025,1,5,2.197159723424149,0.2444444444444444,0.32432432432432434,-0.2862190812720856,1,1,1.0,3,1.75,1,1,3.583956600165139,0.8447134292120009,9.579360204616043,0,5,0.625,0.5555555555555556,3.0,1,5,0.3,3,8,0.5333333333333333,0.3214285714285714,0.7272727272727273,0.45527044505372616,0.17477469582195498,2,1,1,1.0,1.375,2,2,1,6.839283168216569
Barabasi_Albert,BA_94_w_7_nodes_d_2,src/graph_reconstruct_attacks/data/Barabasi_Albert/BA_94_w_7_nodes_d_2,0,7,10,0.47619047619047616,2.857142857142857,0.8329931278350429,2,4,1.5566567074628228,0.3095238095238095,0.2857142857142857,-0.4492753623188444,1,1,1.0,2,1.5238095238095237,0,0,3.035311158487636,1.585786437626905,5.547425160699821,0,4,0.6666666666666666,0.5714285714285714,3.0,2,4,0.3333333333333333,2,6,0.6,0.2,0.75,0.5042703925631163,0.1916370684069683,2,0,0,1.0,1.3333333333333333,2,2,1,3.6994040818153366
Barabasi_Albert,BA_94_w_8_nodes_d_2,src/graph_reconstruct_attacks/data/Barabasi_Albert/BA_94_w_8_nodes_d_2,0,8,12,0.42857142857142855,3.0,1.0,2,5,1.811278124459133,0.35,0.32142857142857145,-0.24390243902439318,1,1,1.0,3,1.6785714285714286,0,0,3.281547387230271,1.0400621371300571,7.483184264445128,0,5,0.7142857142857143,0.625,3.0,2,4,0.3,3,8,0.5333333333333333,0.38095238095238093,0.7777777777777778,0.5273110828137345,0.19688724538776614,2,0,0,1.0,1.2857142857142858,2,1,1,5.065505023098389
Barabasi_Albert,BA_94_w_9_nodes_d_2,src/graph_reconstruct_attacks/data/Barabasi_Albert/BA_94_w_9_nodes_d_2,0,9,14,0.3888888888888889,3.111111111111111,1.1967032904743342,2,5,1.8365916681089791,0.28518518518518515,0.25,-0.400000000000001,1,1,1.0,3,1.75,0,0,3.47361834545122,0.9524899436918507,9.579360204616043,0,5,0.625,0.5555555555555556,3.4,2,5,0.3,3,8,0.5333333333333333,0.33869047619047615,0.7272727272727273,0.48608998716269564,0.1690173166780147,2,0,0,1.0,1.375,2,2,1,6.839283168216569
Barabasi_Albert,BA_95_w_7_nodes_d_2,src/graph_reconstruct_attacks/data/Barabasi_Albert/BA_95_w_7_nodes_d_2,0,7,10,0.47619047619047616,2.857142857142857,0.8329931278350429,2,4,1.5566567074628228,0.0,0,-0.5942028985507294,1,1,1.0,3,1.619047619047619,0,0,3.02044791804422,1.3186693563950227,5.547425160699821,0,4,0.6666666666666666,0.5714285714285714,2.5,2,3,0,0,4,0.4,0.25555555555555554,0.75,0.46470513165729616,0.1941909079969521,2,0,0,1.0,1.3333333333333333,2,2,2,3.6994040818153366
Barabasi_Albert,BA_95_w_8_nodes_d_2,src/graph_reconstruct_attacks/data/Barabasi_Albert/BA_95_w_8_nodes_d_2,0,8,12,0.42857142857142855,3.0,1.4142135623730951,1,5,2.1556390622295662,0.4291666666666667,0.375,-0.4769230769230788,1,1,1.0,3,1.6785714285714286,1,1,3.506208685488064,0.888500308952928,7.483184264445128,0,5,0.7142857142857143,0.625,2.8,1,5,0.2,2,7,0.4666666666666667,0.42857142857142855,0.7777777777777778,0.4532834538048563,0.20630700714828953,2,1,1,1.0,1.2857142857142858,2,2,1,5.065505023098389
Barabasi_Albert,BA_95_w_9_nodes_d_2,src/graph_reconstruct_attacks/data/Barabasi_Albert/BA_95_w_9_nodes_d_2,0,9,14,0.3888888888888889,3.111111111111111,1.7916128329552334,1,7,2.2810361125534233,0.48571428571428565,0.3409090909090909,-0.5615384615384633,1,1,1.0,3,1.6666666666666667,1,1,3.7882316160855742,0.9537916412408035,9.579360204616043,0,7,0.875,0.7777777777777778,2.7142857142857144,1,5,0.23809523809523808,5,12,0.42857142857142855,0.5119047619047619,0.8888888888888888,0.5435922209198226,0.23930288853853243,2,1,1,1.0,1.125,2,1,1,6.073366374249938
Barabasi_Albert,BA_96_w_7_nodes_d_2,src/graph_reconstruct_attacks/data/Barabasi_Albert/BA_96_w_7_nodes_d_2,0,7,10,0.47619047619047616,2.857142857142857,0.989743318610787,2,4,0.9852281360342515,0.38095238095238093,0.2727272727272727,-0.6666666666666693,1,1,1.0,2,1.5238095238095237,0,0,3.0748556711054524,1.5857864376269057,5.547425160699821,0,2,0.3333333333333333,0.2857142857142857,4.0,4,4,0,0,2,0.6666666666666666,0.02222222222222222,0.6,0.2918156045095331,0.10443392996126964,2,0,0,1.0,1.6666666666666667,2,4,2,3.808548551240405
Barabasi_Albert,BA_96_w_8_nodes_d_2,src/graph_reconstruct_attacks/data/Barabasi_Albert/BA_96_w_8_nodes_d_2,0,8,12,0.42857142857142855,3.0,0.7071067811865476,2,4,1.5,0.2708333333333333,0.34615384615384615,-0.05882352941176379,1,1,1.0,3,1.6071428571428572,0,0,3.2032572074958967,1.3344199306231967,7.483184264445128,0,4,0.5714285714285714,0.5,3.0,2,4,0.3333333333333333,2,6,0.6,0.1825396825396825,0.7,0.45761209594885993,0.16028050536648314,2,0,0,1.0,1.4285714285714286,2,2,1,5.308543071784685
Barabasi_Albert,BA_96_w_9_nodes_d_2,src/graph_reconstruct_attacks/data/Barabasi_Albert/BA_96_w_9_nodes_d_2,0,9,14,0.3888888888888889,3.111111111111111,0.9938079899999066,2,5,1.8910611120726526,0.21481481481481482,0.17647058823529413,-0.3861386138613848,1,1,1.0,3,1.6944444444444444,0,0,3.3607450415880518,1.1925533063497493,9.579360204616043,0,4,0.5,0.4444444444444444,3.5,2,5,0.3333333333333333,2,6,0.6,0.10119047619047618,0.6153846153846154,0.4302786734252866,0.13724065957213058,2,0,0,1.0,1.625,3,2,1,7.118036769169399
Barabasi_Albert,BA_97_w_7_nodes_d_2,src/graph_reconstruct_attacks/data/Barabasi_Albert/BA_97_w_7_nodes_d_2,0,7,10,0.47619047619047616,2.857142857142857,1.355261854357877,2,6,1.3787834934861753,0.7999999999999999,0.48,-0.5087719298245627,1,1,1.0,2,1.5238095238095237,0,1,3.23606797749979,0.9999999999999987,5.547425160699821,0,6,1.0,0.8571428571428571,2.3333333333333335,2,3,0.26666666666666666,4,10,0.47619047619047616,0.6666666666666666,1.0,0.6015009550075456,0.2834450309543577,2,1,0,1.0,1.0,1,1,1,3.135132651376774
Barabasi_Albert,BA_97_w_8_nodes_d_2,src/graph_reconstruct_attacks/data/Barabasi_Albert/BA_97_w_8_nodes_d_2,0,8,12,0.42857142857142855,3.0,1.5,2,6,1.5487949406953985,0.6125,0.36363636363636365,-0.5886524822695028,1,1,1.0,2,1.5714285714285714,0,0,3.4674215167341753,1.2447421450531866,7.483184264445128,0,5,0.7142857142857143,0.625,2.8,2,6,0.3,3,8,0.5333333333333333,0.23809523809523808,0.7777777777777778,0.4817886403363657,0.19998004589843182,2,0,0,1.0,1.2857142857142858,2,1,1,5.065505023098389
Barabasi_Albert,BA_97_w_9_nodes_d_2,src/graph_reconstruct_attacks/data/Barabasi_Albert/BA_97_w_9_nodes_d_2,0,9,14,0.3888888888888889,3.111111111111111,1.0999438818457405,1,5,2.0588138903312014,0.29259259259259257,0.34285714285714286,-0.2592592592592635,1,1,1.0,3,1.7222222222222223,1,1,3.4722361003949755,0.8234179213640455,9.579360204616043,0,5,0.625,0.5555555555555556,3.0,1,4,0.3,3,8,0.5333333333333333,0.32738095238095233,0.7272727272727273,0.47202373337221554,0.17448881210865255,2,1,1,1.0,1.375,2,1,1,6.839283168216569
Barabasi_Albert,BA_98_w_7_nodes_d_2,src/graph_reconstruct_attacks/data/Barabasi_Albert/BA_98_w_7_nodes_d_2,0,7,10,0.47619047619047616,2.857142857142857,0.8329931278350429,2,4,1.5566567074628228,0.5238095238095238,0.42857142857142855,-0.30434782608696004,1,1,1.0,3,1.619047619047619,0,0,3.054860016436198,1.0132736290607984,5.547425160699821,0,4,0.6666666666666666,0.5714285714285714,2.75,2,4,0.3333333333333333,2,6,0.6,0.2777777777777778,0.75,0.48268652375800564,0.19327644961910012,2,0,0,1.0,1.3333333333333333,2,2,2,3.6994040818153366
Barabasi_Albert,BA_98_w_8_nodes_d_2,src/graph_reconstruct_attacks/data/Barabasi_Albert/BA_98_w_8_nodes_d_2,0,8,12,0.42857142857142855,3.0,0.8660254037844386,2,4,1.561278124459133,0.4375,0.3333333333333333,-0.5757575757575754,1,1,1.0,3,1.6785714285714286,0,0,3.1850792212419963,1.0239726300168253,7.483184264445128,0,4,0.5714285714285714,0.5,3.0,2,4,0.3333333333333333,2,6,0.6,0.23015873015873012,0.7,0.4532194070223004,0.16058745441097122,2,0,0,1.0,1.4285714285714286,2,3,2,5.308543071784685
Barabasi_Albert,BA_98_w_9_nodes_d_2,src/graph_reconstruct_attacks/data/Barabasi_Albert/BA_98_w_9_nodes_d_2,0,9,14,0.3888888888888889,3.111111111111111,0.7370277311900889,2,4,1.5304930567574824,0.07407407407407407,0.09375,-0.31250000000000056,1,1,1.0,3,1.6944444444444444,0,0,3.272445781541535,1.3525717284762728,9.579360204616043,0,3,0.375,0.3333333333333333,3.6666666666666665,3,4,0.3333333333333333,1,4,0.6666666666666666,0.08035714285714285,0.6153846153846154,0.34174596233802185,0.10628887282710825,2,0,0,1.0,1.625,2,4,1,7.331916589114478
Barabasi_Albert,BA_99_w_7_nodes_d_2,src/graph_reconstruct_attacks/data/Barabasi_Albert/BA_99_w_7_nodes_d_2,0,7,10,0.47619047619047616,2.857142857142857,0.989743318610787,2,4,0.9852281360342515,0.38095238095238093,0.2727272727272727,-0.6666666666666693,1,1,1.0,2,1.5238095238095237,0,0,3.0748556711054533,1.585786437626905,5.547425160699821,0,4,0.6666666666666666,0.5714285714285714,2.5,2,4,0.16666666666666666,1,5,0.5,0.23333333333333334,0.75,0.4486454332216021,0.19530795629480954,2,0,0,1.0,1.3333333333333333,2,3,2,3.6994040818153366
Barabasi_Albert,BA_99_w_8_nodes_d_2,src/graph_reconstruct_attacks/data/Barabasi_Albert/BA_99_w_8_nodes_d_2,0,8,12,0.42857142857142855,3.0,1.0,2,5,1.811278124459133,0.32916666666666666,0.32142857142857145,-0.3170731707317098,1,1,1.0,3,1.6071428571428572,0,0,3.2891498601196165,1.2739224741587998,7.483184264445128,0,5,0.7142857142857143,0.625,2.8,2,4,0.3,3,8,0.5333333333333333,0.2857142857142857,0.7777777777777778,0.5238354443120529,0.1973049206462048,2,0,0,1.0,1.2857142857142858,2,1,1,5.065505023098389
Barabasi_Albert,BA_99_w_9_nodes_d_2,src/graph_reconstruct_attacks/data/Barabasi_Albert/BA_99_w_9_nodes_d_2,0,9,14,0.3888888888888889,3.111111111111111,1.4487116456005884,2,6,1.8799649487271108,0.36666666666666664,0.3076923076923077,-0.35757575757575827,1,1,1.0,3,1.7222222222222223,0,0,3.631679668445889,1.0457939156791354,9.579360204616043,0,6,0.75,0.6666666666666666,3.0,2,5,0.26666666666666666,4,10,0.47619047619047616,0.38095238095238093,0.8,0.5239367964180722,0.20184658369638364,2,0,0,1.0,1.25,2,1,1,6.4924956819919135
Barabasi_Albert,BA_9_w_10_nodes_d_2,src/graph_reconstruct_attacks/data/Barabasi_Albert/BA_9_w_10_nodes_d_2,0,10,16,0.35555555555555557,3.2,1.1661903789690602,2,6,1.8464393446710154,0.18,0.14285714285714285,-0.26126126126126126,1,1,1.0,3,1.7777777777777777,0,0,3.544769765640945,1.0477608738201953,11.810653447129246,0,4,0.4444444444444444,0.4,3.5,2,6,0.16666666666666666,1,5,0.5,0.11018518518518518,0.6,0.37227213669609177,0.12144033177149174,2,0,0,1.0,1.6666666666666667,3,2,2,9.09749251487192
Barabasi_Albert,BA_9_w_10_nodes_d_3,src/graph_reconstruct_attacks/data/Barabasi_Albert/BA_9_w_10_nodes_d_3,0,10,21,0.4666666666666667,4.2,1.2489995996796797,3,7,1.8464393446710154,0.49142857142857144,0.44,-0.25842696629213696,1,1,1.0,3,1.5555555555555556,0,0,4.498414236284116,1.7912707040459876,12.576762279339954,0,7,0.7777777777777778,0.7,4.142857142857143,3,5,0.38095238095238093,8,15,0.5357142857142857,0.21759259259259256,0.8181818181818182,0.4785977861727169,0.1576039244977838,3,0,0,1.0,1.2222222222222223,2,1,1,9.579360204616043
Barabasi_Albert,BA_9_w_11_nodes_d_2,src/graph_reconstruct_attacks/data/Barabasi_Albert/BA_9_w_11_nodes_d_2,0,11,18,0.32727272727272727,3.272727272727273,1.8630819574471997,2,7,1.6858157091530304,0.3116883116883117,0.15,-0.6931818181818172,1,1,1.0,3,1.8,0,0,3.8879121790602076,0.8794821925778731,14.158602817677263,0,7,0.7,0.6363636363636364,2.5714285714285716,2,4,0.047619047619047616,1,8,0.2857142857142857,0.36296296296296293,0.7692307692307693,0.476215445622798,0.18374027531069817,2,0,0,1.0,1.3,2,2,2,10.006491539079562
Barabasi_Albert,BA_9_w_11_nodes_d_3,src/graph_reconstruct_attacks/data/Barabasi_Albert/BA_9_w_11_nodes_d_3,0,11,24,0.43636363636363634,4.363636363636363,2.05703790890632,2,9,2.4040097573248604,0.6187590187590187,0.4326923076923077,-0.47643979057591607,1,1,1.0,2,1.5636363636363637,0,0,5.020021371944924,1.7864467900901624,15.395953272199742,0,9,0.9,0.8181818181818182,3.7777777777777777,2,7,0.2777777777777778,10,19,0.4222222222222222,0.37407407407407406,0.9090909090909091,0.4744759136660988,0.17843357209965816,3,0,0,1.0,1.1,2,1,1,11.537652175065498
Barabasi_Albert,BA_9_w_12_nodes_d_2,src/graph_reconstruct_attacks/data/Barabasi_Albert/BA_9_w_12_nodes_d_2,0,12,20,0.30303030303030304,3.3333333333333335,1.4907119849998598,2,6,1.896240625180289,0.32222222222222224,0.2,-0.3777777777777773,1,1,1.0,3,1.8636363636363635,0,0,3.8502940665314878,1.0791213880913253,16.60917987984748,0,5,0.45454545454545453,0.4166666666666667,3.4,2,5,0.1,1,6,0.4,0.20606060606060603,0.6470588235294118,0.3563873811446525,0.12080328858437792,2,0,0,1.0,1.5454545454545454,2,3,1,13.075536031843507
Barabasi_Albert,BA_9_w_12_nodes_d_3,src/graph_reconstruct_attacks/data/Barabasi_Albert/BA_9_w_12_nodes_d_3,0,12,27,0.4090909090909091,4.5,2.101586702153082,2,9,2.2841591278514217,0.5031746031746032,0.4462809917355372,-0.30241187384044493,1,1,1.0,3,1.6363636363636365,0,0,5.2972313615206605,1.3750891084111327,18.389306321728604,0,9,0.8181818181818182,0.75,4.333333333333333,2,7,0.3333333333333333,12,21,0.4666666666666667,0.323030303030303,0.8461538461538461,0.4549503648790304,0.15803208566953586,3,0,0,1.0,1.1818181818181819,2,1,1,14.158602817677263
Barabasi_Albert,BA_9_w_7_nodes_d_2,src/graph_reconstruct_attacks/data/Barabasi_Albert/BA_9_w_7_nodes_d_2,0,7,10,0.47619047619047616,2.857142857142857,1.2453996981544782,1,5,2.235926350629032,0.38571428571428573,0.375,-0.5972222222222214,1,1,1.0,3,1.5714285714285714,1,1,3.2455486181434416,0.9393377541561985,5.547425160699821,0,5,0.8333333333333334,0.7142857142857143,2.4,1,4,0.2,2,7,0.4666666666666667,0.5,0.8571428571428571,0.5069656306040788,0.24527932063023597,2,1,1,1.0,1.1666666666666667,2,1,1,3.4775553321989814
Barabasi_Albert,BA_9_w_8_nodes_d_2,src/graph_reconstruct_attacks/data/Barabasi_Albert/BA_9_w_8_nodes_d_2,0,8,12,0.42857142857142855,3.0,1.0,2,5,1.811278124459133,0.37916666666666665,0.32142857142857145,-0.39024390243902496,1,1,1.0,3,1.6071428571428572,0,0,3.2733241894303977,1.0941530530379362,7.483184264445128,0,4,0.5714285714285714,0.5,2.75,2,3,0.16666666666666666,1,5,0.5,0.21428571428571427,0.7,0.40892915729335527,0.16195211463834014,2,0,0,1.0,1.4285714285714286,2,1,1,5.308543071784685
Barabasi_Albert,BA_9_w_9_nodes_d_2,src/graph_reconstruct_attacks/data/Barabasi_Albert/BA_9_w_9_nodes_d_2,0,9,14,0.3888888888888889,3.111111111111111,1.7916128329552334,1,7,2.2810361125534233,0.6391534391534391,0.4090909090909091,-0.5076923076923093,1,1,1.0,3,1.6944444444444444,1,1,3.811248837804983,0.8549715975197542,9.579360204616043,0,5,0.625,0.5555555555555556,3.4,1,7,0.3,3,8,0.5333333333333333,0.30357142857142855,0.7272727272727273,0.42865804209482006,0.17610825268101024,2,1,1,1.0,1.375,2,1,1,6.839283168216569
medium_ER_25,ER_0_w_10_nodes,src/graph_reconstruct_attacks/data/medium_ER_25/ER_0_w_10_nodes,0,10,25,0.5555555555555556,5.0,1.0,3,6,1.8464393446710154,0.46333333333333326,0.45714285714285713,-0.28571428571429186,1,1,1.0,2,1.4444444444444444,0,0,5.171313120063598,2.6793007718639457,12.50104156540183,0,3,0.3333333333333333,0.3,5.666666666666667,5,6,0.3333333333333333,1,4,0.6666666666666666,0.014814814814814814,0.6,0.1922075427089096,0.06572797124750003,3,0,0,1.0,1.6666666666666667,2,1,1,9.579360204616044
medium_ER_25,ER_0_w_11_nodes,src/graph_reconstruct_attacks/data/medium_ER_25/ER_0_w_11_nodes,0,11,26,0.4727272727272727,4.7272727272727275,1.6006197146962737,2,7,2.550340709546388,0.564935064935065,0.4594594594594595,-0.43569023569023774,1,1,1.0,3,1.5636363636363637,0,0,5.149234507547149,1.6882217270649649,15.551522864110824,0,5,0.5,0.45454545454545453,5.8,4,7,0.6,6,11,0.7333333333333333,0.033456790123456794,0.6666666666666666,0.3301453826972789,0.09406413553296443,4,0,0,1.0,1.5,2,2,2,12.576762279339954
medium_ER_25,ER_0_w_12_nodes,src/graph_reconstruct_attacks/data/medium_ER_25/ER_0_w_12_nodes,0,12,25,0.3787878787878788,4.166666666666667,1.4043582955293932,3,7,1.7841591278514217,0.3535714285714286,0.2967032967032967,-0.29063097514340486,1,1,1.0,3,1.696969696969697,0,0,4.5429854820883016,1.5291573193706387,18.020799585810725,0,3,0.2727272727272727,0.25,5.333333333333333,4,7,0.3333333333333333,1,4,0.6666666666666666,0.013636363636363636,0.55,0.2237532696506555,0.0624741347517077,3,0,0,1.0,1.8181818181818181,3,5,4,15.114228431731151
medium_ER_25,ER_10_w_10_nodes,src/graph_reconstruct_attacks/data/medium_ER_25/ER_10_w_10_nodes,0,10,27,0.6,5.4,1.624807680927192,2,8,2.321928094887362,0.7021428571428572,0.6363636363636364,-0.2670807453416169,1,1,1.0,2,1.4,0,0,5.825098768525306,1.8668407769302557,12.234488049888835,0,2,0.2222222222222222,0.2,7.0,6,8,1.0,1,3,1.0,0.0,0.5625,0.12391245026633416,0.046274186113484106,2,0,0,1.0,1.7777777777777777,2,1,1,8.778733752247508
medium_ER_25,ER_10_w_11_nodes,src/graph_reconstruct_attacks/data/medium_ER_25/ER_10_w_11_nodes,0,11,22,0.4,4.0,1.2060453783110545,2,6,2.004886164091843,0.29393939393939394,0.28378378378378377,-0.3062499999999992,1,1,1.0,3,1.6545454545454545,0,0,4.300964995053918,1.4295136023601709,15.114228431731151,0,4,0.4,0.36363636363636365,4.0,2,6,0.3333333333333333,2,6,0.6,0.07592592592592591,0.625,0.27101467941227636,0.09313703412812575,3,0,0,1.0,1.6,2,1,1,12.234488049888835
medium_ER_25,ER_10_w_12_nodes,src/graph_reconstruct_attacks/data/medium_ER_25/ER_10_w_12_nodes,0,12,25,0.3787878787878788,4.166666666666667,1.9075871903765995,2,8,2.625814583693911,0.508531746031746,0.32673267326732675,-0.5618619844834629,1,1,1.0,3,1.6666666666666667,0,0,4.76078927443728,1.604890763705,18.020799585810725,0,6,0.5454545454545454,0.5,4.166666666666667,2,8,0.26666666666666666,4,10,0.47619047619047616,0.12545454545454543,0.6875,0.35469852532937496,0.11603807115112068,3,0,0,1.0,1.4545454545454546,2,1,1,14.448050940791438
medium_ER_25,ER_11_w_10_nodes,src/graph_reconstruct_attacks/data/medium_ER_25/ER_11_w_10_nodes,0,10,18,0.4,3.6,1.7435595774162693,1,7,2.4464393446710155,0.4019047619047619,0.3870967741935484,-0.4068136272545079,1,1,1.0,3,1.6888888888888889,1,1,4.260677434161919,0.9368993793806848,12.234488049888835,0,7,0.7777777777777778,0.7,3.4285714285714284,1,6,0.2857142857142857,6,13,0.4642857142857143,0.38425925925925924,0.8181818181818182,0.4858824288601491,0.18815904150544432,3,1,1,1.0,1.2222222222222223,2,1,1,8.778733752247508
medium_ER_25,ER_11_w_11_nodes,src/graph_reconstruct_attacks/data/medium_ER_25/ER_11_w_11_nodes,0,11,25,0.45454545454545453,4.545454545454546,1.3726971700492272,2,7,2.368522527728207,0.35584415584415585,0.36363636363636365,-0.3733705772811918,1,1,1.0,3,1.5636363636363637,0,0,4.890440714496498,1.6670828165088472,15.489374957361969,0,6,0.6,0.5454545454545454,4.0,2,7,0.2,3,9,0.42857142857142855,0.17777777777777778,0.7142857142857143,0.3331561010380486,0.1192504545691476,4,0,0,1.0,1.4,2,2,1,12.387098213094996
medium_ER_25,ER_11_w_12_nodes,src/graph_reconstruct_attacks/data/medium_ER_25/ER_11_w_12_nodes,0,12,31,0.4696969696969697,5.166666666666667,1.6244657241348273,3,8,2.292481250360578,0.6246031746031746,0.5586206896551724,-0.13242009132420424,1,1,1.0,3,1.6363636363636365,0,0,5.64166397987387,1.4322666615369377,18.806619772411096,0,3,0.2727272727272727,0.25,5.0,4,6,0.6666666666666666,2,5,0.8333333333333334,0.004545454545454545,0.4782608695652174,0.13945875186752163,0.05431227354533599,3,0,0,1.0,2.090909090909091,3,2,1,15.58255709785079
medium_ER_25,ER_12_w_10_nodes,src/graph_reconstruct_attacks/data/medium_ER_25/ER_12_w_10_nodes,0,10,25,0.5555555555555556,5.0,1.4142135623730951,2,7,2.1219280948873624,0.6052380952380952,0.5454545454545454,-0.22500000000000173,1,1,1.0,3,1.488888888888889,0,0,5.354040115552,1.6728298909438344,12.50104156540183,0,4,0.4444444444444444,0.4,6.0,5,7,0.6666666666666666,4,8,0.8,0.021759259259259256,0.6428571428571429,0.2614086741498149,0.08229326690970203,4,0,0,1.0,1.5555555555555556,2,2,2,9.74569162638257
medium_ER_25,ER_12_w_11_nodes,src/graph_reconstruct_attacks/data/medium_ER_25/ER_12_w_11_nodes,0,11,23,0.41818181818181815,4.181818181818182,1.79990817029303,2,7,2.413088436425758,0.509090909090909,0.42857142857142855,-0.3759347382732826,1,1,1.0,3,1.6545454545454545,0,0,4.835939316212318,1.327209383013299,15.271014535591446,0,3,0.3,0.2727272727272727,5.0,2,7,0,0,3,0.5,0.056296296296296296,0.5882352941176471,0.18463528866507525,0.07129701045544559,2,0,0,1.0,1.7,2,2,1,12.501041565401833
medium_ER_25,ER_12_w_12_nodes,src/graph_reconstruct_attacks/data/medium_ER_25/ER_12_w_12_nodes,0,12,27,0.4090909090909091,4.5,1.5,2,7,2.4591479170272446,0.5384920634920635,0.4722222222222222,-0.0370370370370384,1,1,1.0,3,1.696969696969697,0,0,5.0027564041298485,1.317731926744817,18.389306321728604,0,5,0.45454545454545453,0.4166666666666667,4.4,2,6,0.3,3,8,0.5333333333333333,0.1387878787878788,0.6470588235294118,0.2675237261558291,0.09401606349805255,3,0,0,1.0,1.5454545454545454,2,2,1,15.114228431731151
medium_ER_25,ER_13_w_10_nodes,src/graph_reconstruct_attacks/data/medium_ER_25/ER_13_w_10_nodes,0,10,26,0.5777777777777777,5.2,0.7483314773547882,4,6,1.5219280948873621,0.49333333333333335,0.5089285714285714,-0.03409090909090192,1,1,1.0,2,1.4222222222222223,0,0,5.3126676145946075,3.1931377634538047,12.387098213094996,0,4,0.4444444444444444,0.4,5.5,5,6,0.5,3,7,0.7,0.027777777777777773,0.6428571428571429,0.24040292439235691,0.08031121973129478,4,0,0,1.0,1.5555555555555556,2,2,1,9.579360204616044
medium_ER_25,ER_13_w_11_nodes,src/graph_reconstruct_attacks/data/medium_ER_25/ER_13_w_11_nodes,0,11,22,0.4,4.0,1.4770978917519928,2,6,2.2312702546075758,0.38181818181818183,0.34615384615384615,-0.37825059101655223,1,1,1.0,3,1.6727272727272726,0,0,4.434275996349127,1.5540923746806892,15.114228431731151,0,6,0.6,0.5454545454545454,3.8333333333333335,2,6,0.26666666666666666,4,10,0.47619047619047616,0.21666666666666667,0.7142857142857143,0.38149885904093744,0.13341059102979405,3,0,0,1.0,1.4,2,2,2,11.810653447129246
medium_ER_25,ER_13_w_12_nodes,src/graph_reconstruct_attacks/data/medium_ER_25/ER_13_w_12_nodes,0,12,23,0.3484848484848485,3.8333333333333335,1.404358295529393,2,6,1.9591479170272448,0.41111111111111115,0.42857142857142855,0.004604051565378416,1,1,1.0,3,1.8333333333333333,0,0,4.417967053038023,1.0363863500069876,17.54223309021688,0,2,0.18181818181818182,0.16666666666666666,4.0,4,4,0,0,2,0.6666666666666666,0.00606060606060606,0.44,0.13503283717033565,0.04923544724276302,2,0,0,1.0,2.272727272727273,3,2,2,14.925172195511099
medium_ER_25,ER_14_w_10_nodes,src/graph_reconstruct_attacks/data/medium_ER_25/ER_14_w_10_nodes,0,10,29,0.6444444444444445,5.8,1.1661903789690602,4,7,1.9219280948873623,0.6542857142857142,0.636986301369863,-0.1439842209072942,1,1,1.0,2,1.3555555555555556,0,0,6.012067634537059,2.980005131367621,11.810653447129246,0,7,0.7777777777777778,0.7,6.0,4,7,0.6666666666666666,14,21,0.75,0.05046296296296296,0.8181818181818182,0.3731878542142418,0.11765707935590321,4,0,0,1.0,1.2222222222222223,2,4,2,9.579360204616044
medium_ER_25,ER_14_w_11_nodes,src/graph_reconstruct_attacks/data/medium_ER_25/ER_14_w_11_nodes,0,11,24,0.43636363636363634,4.363636363636363,1.2264306875665492,3,7,2.1180782093497093,0.470995670995671,0.43820224719101125,-0.17192268565615643,1,1,1.0,3,1.6545454545454545,0,0,4.6722473648450835,1.5506796407960937,15.395953272199742,0,3,0.3,0.2727272727272727,5.0,3,7,0.6666666666666666,2,5,0.8333333333333334,0.022222222222222223,0.5555555555555556,0.20334359827227935,0.06712621995926529,3,0,0,1.0,1.8,3,3,2,12.576762279339954
medium_ER_25,ER_14_w_12_nodes,src/graph_reconstruct_attacks/data/medium_ER_25/ER_14_w_12_nodes,0,12,19,0.2878787878787879,3.1666666666666665,1.3437096247164249,1,5,2.188721875540867,0.3055555555555555,0.23076923076923078,-0.24645390070921847,1,1,1.0,4,2.015151515151515,1,2,3.6868410405493806,0.6208917077361521,16.238112017575762,0,2,0.18181818181818182,0.16666666666666666,5.0,5,5,0,0,2,0.6666666666666666,0.00606060606060606,0.4782608695652174,0.21879500497470425,0.05460400675194936,2,0,0,1.0,2.090909090909091,3,4,2,13.834091726163757
medium_ER_25,ER_15_w_10_nodes,src/graph_reconstruct_attacks/data/medium_ER_25/ER_15_w_10_nodes,0,10,24,0.5333333333333333,4.8,0.7483314773547882,4,6,1.5219280948873621,0.41,0.4148936170212766,-0.15662650602409553,1,1,1.0,2,1.4666666666666666,0,0,4.904785865084918,2.688436622941181,12.57676227933995,0,6,0.6666666666666666,0.6,4.833333333333333,4,6,0.4666666666666667,7,13,0.6190476190476191,0.08333333333333331,0.75,0.3849160061049824,0.1215017768771511,4,0,0,1.0,1.3333333333333333,2,2,2,9.957853108595794
medium_ER_25,ER_15_w_11_nodes,src/graph_reconstruct_attacks/data/medium_ER_25/ER_15_w_11_nodes,0,11,22,0.4,4.0,1.4770978917519928,2,7,2.3685225277282065,0.3393939393939394,0.38461538461538464,-0.10990990990991076,1,1,1.0,3,1.7272727272727273,0,0,4.533500234206758,1.0619993016349865,15.114228431731151,0,2,0.2,0.18181818181818182,3.0,3,3,0,0,2,0.6666666666666666,0.011111111111111112,0.43478260869565216,0.08785931708756602,0.05565639581291846,2,0,0,1.0,2.3,3,2,2,12.501041565401833
medium_ER_25,ER_15_w_12_nodes,src/graph_reconstruct_attacks/data/medium_ER_25/ER_15_w_12_nodes,0,12,22,0.3333333333333333,3.6666666666666665,1.4907119849998596,1,6,2.2295739585136225,0.28055555555555556,0.3333333333333333,0.04347826086956599,1,1,1.0,4,1.9696969696969697,2,2,4.331599547359692,0.5835685569627534,17.260508249748288,0,6,0.5454545454545454,0.5,4.333333333333333,3,5,0.4,6,12,0.5714285714285714,0.12954545454545455,0.6111111111111112,0.45258363993575473,0.12358197185715934,3,0,0,1.0,1.6363636363636365,3,1,1,13.473476040515532
medium_ER_25,ER_16_w_10_nodes,src/graph_reconstruct_attacks/data/medium_ER_25/ER_16_w_10_nodes,0,10,25,0.5555555555555556,5.0,1.4142135623730951,2,7,2.0464393446710156,0.6457142857142857,0.5727272727272728,-0.3243243243243282,1,1,1.0,3,1.4666666666666666,0,0,5.348627888002083,1.7065017202833959,12.50104156540183,0,5,0.5555555555555556,0.5,6.2,6,7,0.7,7,12,0.8,0.01944444444444444,0.6923076923076923,0.33903626369045164,0.0982787681327561,4,0,0,1.0,1.4444444444444444,2,1,1,9.863790938460564
medium_ER_25,ER_16_w_11_nodes,src/graph_reconstruct_attacks/data/medium_ER_25/ER_16_w_11_nodes,0,11,30,0.5454545454545454,5.454545454545454,1.827250112931071,2,9,2.4040097573248604,0.7064213564213564,0.6118421052631579,-0.2639109697933221,1,1,1.0,3,1.490909090909091,0,0,5.977345687482954,1.7485862913824344,15.489374957361973,0,6,0.6,0.5454545454545454,6.0,4,9,0.6666666666666666,10,16,0.7619047619047619,0.032222222222222215,0.6666666666666666,0.32307705445868407,0.09743396599507054,4,0,0,1.0,1.5,3,5,2,12.57676227933995
medium_ER_25,ER_16_w_12_nodes,src/graph_reconstruct_attacks/data/medium_ER_25/ER_16_w_12_nodes,0,12,32,0.48484848484848486,5.333333333333333,1.9720265943665387,1,8,2.584962500721156,0.5023809523809524,0.5370370370370371,-0.14630467571644043,1,1,1.0,3,1.5757575757575757,1,1,6.022846759692448,0.9199058807210143,18.845537838441462,0,4,0.36363636363636365,0.3333333333333333,5.75,3,8,0.5,3,7,0.7,0.019696969696969695,0.5789473684210527,0.19088142048558285,0.06585097385844882,3,0,0,1.0,1.7272727272727273,3,1,1,15.58255709785079
medium_ER_25,ER_17_w_10_nodes,src/graph_reconstruct_attacks/data/medium_ER_25/ER_17_w_10_nodes,0,10,24,0.5333333333333333,4.8,1.077032961426901,3,6,1.8464393446710154,0.47000000000000003,0.4639175257731959,-0.2196007259528214,1,1,1.0,2,1.4666666666666666,0,0,5.017975954338745,2.2999049065689077,12.57676227933995,0,6,0.6666666666666666,0.6,4.666666666666667,3,6,0.4,6,12,0.5714285714285714,0.11574074074074071,0.75,0.3652658306342989,0.12275717527988414,4,0,0,1.0,1.3333333333333333,2,3,1,9.957853108595794
medium_ER_25,ER_17_w_11_nodes,src/graph_reconstruct_attacks/data/medium_ER_25/ER_17_w_11_nodes,0,11,20,0.36363636363636365,3.6363636363636362,1.2264306875665492,1,5,2.1180782093497093,0.19999999999999998,0.2459016393442623,-0.16094986807388106,1,1,1.0,3,1.7818181818181817,1,1,4.046067979402444,0.821710880871447,14.70332344589474,0,2,0.2,0.18181818181818182,4.0,3,5,0,0,2,0.6666666666666666,0.011111111111111112,0.47619047619047616,0.14273580532972885,0.056562360437537096,2,0,0,1.0,2.1,3,1,1,12.234488049888835
medium_ER_25,ER_17_w_12_nodes,src/graph_reconstruct_attacks/data/medium_ER_25/ER_17_w_12_nodes,0,12,31,0.4696969696969697,5.166666666666667,1.404358295529393,3,8,2.3553885422075336,0.4587301587301587,0.46808510638297873,-0.052178318135768655,1,1,1.0,3,1.5454545454545454,0,0,5.553803609308723,2.146447310104201,18.806619772411096,0,6,0.5454545454545454,0.5,5.666666666666667,4,8,0.6,9,15,0.7142857142857143,0.04047619047619048,0.6875,0.3440659556570019,0.09363502231799602,4,0,0,1.0,1.4545454545454546,2,3,1,15.489374957361969
medium_ER_25,ER_18_w_10_nodes,src/graph_reconstruct_attacks/data/medium_ER_25/ER_18_w_10_nodes,0,10,24,0.5333333333333333,4.8,1.6,3,8,2.321928094887362,0.5738095238095238,0.5192307692307693,-0.2938388625592405,1,1,1.0,2,1.4666666666666666,0,0,5.216702643934952,2.1810990418103757,12.57676227933995,0,3,0.3333333333333333,0.3,6.333333333333333,4,8,0.6666666666666666,2,5,0.8333333333333334,0.006944444444444444,0.6,0.212830671133964,0.06730696887794393,3,0,0,1.0,1.6666666666666667,2,2,2,9.74569162638257
medium_ER_25,ER_18_w_11_nodes,src/graph_reconstruct_attacks/data/medium_ER_25/ER_18_w_11_nodes,0,11,25,0.45454545454545453,4.545454545454546,0.7820295697311479,3,6,1.6767370300521325,0.36666666666666664,0.358695652173913,-0.24653739612188214,1,1,1.0,3,1.5818181818181818,0,0,4.667751729637562,2.2288795445385436,15.489374957361969,0,5,0.5,0.45454545454545453,4.2,3,5,0.3,3,8,0.5333333333333333,0.08518518518518518,0.625,0.3046046035552513,0.0997137308120339,4,0,0,1.0,1.6,3,5,3,12.501041565401833
medium_ER_25,ER_18_w_12_nodes,src/graph_reconstruct_attacks/data/medium_ER_25/ER_18_w_12_nodes,0,12,26,0.3939393939393939,4.333333333333333,1.3743685418725535,2,6,2.2295739585136225,0.3611111111111111,0.30612244897959184,-0.27607361963189675,1,1,1.0,3,1.696969696969697,0,0,4.725230346129603,1.3718328560489144,18.218610094559647,0,6,0.5454545454545454,0.5,4.0,2,5,0.13333333333333333,2,8,0.38095238095238093,0.16493506493506488,0.6875,0.33465803960237117,0.11288879863070059,3,0,0,1.0,1.4545454545454546,2,3,1,14.70332344589474
medium_ER_25,ER_19_w_10_nodes,src/graph_reconstruct_attacks/data/medium_ER_25/ER_19_w_10_nodes,0,10,22,0.4888888888888889,4.4,1.7435595774162693,1,8,1.9609640474436814,0.5057142857142857,0.5,-0.41823899371069073,1,1,1.0,3,1.5333333333333334,1,1,4.937580559437162,0.9786476784413547,12.614550840229354,0,5,0.5555555555555556,0.5,5.4,4,8,0.6,6,11,0.7333333333333333,0.043981481481481476,0.6923076923076923,0.35849751839730254,0.10968730698639836,4,0,0,1.0,1.4444444444444444,2,5,2,9.93437201274627
medium_ER_25,ER_19_w_11_nodes,src/graph_reconstruct_attacks/data/medium_ER_25/ER_19_w_11_nodes,0,11,29,0.5272727272727272,5.2727272727272725,1.1354541815269814,4,8,1.867633890971212,0.5359307359307359,0.5038167938931297,-0.20255183413077954,1,1,1.0,2,1.4727272727272727,0,0,5.477175731691129,2.6400881248333357,15.55152286411082,0,6,0.6,0.5454545454545454,5.666666666666667,4,8,0.4666666666666667,7,13,0.6190476190476191,0.061111111111111116,0.7142857142857143,0.3404170770872738,0.10141350870630791,4,0,0,1.0,1.4,2,3,2,12.614550840229354
medium_ER_25,ER_19_w_12_nodes,src/graph_reconstruct_attacks/data/medium_ER_25/ER_19_w_12_nodes,0,12,19,0.2878787878787879,3.1666666666666665,1.6244657241348273,1,6,2.054585169337799,0.2611111111111111,0.3157894736842105,-0.11111111111111079,1,1,1.0,4,2.0454545454545454,3,3,3.979269393772264,0.6061620085078485,16.238112017575762,0,5,0.45454545454545453,0.4166666666666667,4.0,2,6,0.3,3,8,0.5333333333333333,0.20606060606060603,0.6111111111111112,0.41352327667933075,0.12228310624858527,3,0,0,1.0,1.6363636363636365,3,1,1,12.638843434179455
medium_ER_25,ER_1_w_10_nodes,src/graph_reconstruct_attacks/data/medium_ER_25/ER_1_w_10_nodes,0,10,26,0.5777777777777777,5.2,1.7204650534085253,1,7,2.0464393446710156,0.5623809523809523,0.6048387096774194,-0.2621359223300996,1,1,1.0,3,1.488888888888889,1,1,5.731764620179019,0.9222427787124465,12.387098213094996,0,7,0.7777777777777778,0.7,5.571428571428571,4,7,0.6190476190476191,13,20,0.7142857142857143,0.07777777777777777,0.8181818181818182,0.3957976912641004,0.12875353007950893,4,0,0,1.0,1.2222222222222223,2,3,3,9.93437201274627
medium_ER_25,ER_1_w_11_nodes,src/graph_reconstruct_attacks/data/medium_ER_25/ER_1_w_11_nodes,0,11,21,0.38181818181818183,3.8181818181818183,1.192261549873091,2,6,2.186704345910025,0.3060606060606061,0.3582089552238806,-0.13811188811188646,1,1,1.0,3,1.709090909090909,0,0,4.201396688648284,1.3483615421599178,14.925172195511099,0,2,0.2,0.18181818181818182,4.5,4,5,0,0,2,0.6666666666666666,0.03888888888888889,0.5263157894736842,0.13834802845214836,0.054412947147894006,2,0,0,1.0,1.9,3,2,2,12.387098213094996
medium_ER_25,ER_1_w_12_nodes,src/graph_reconstruct_attacks/data/medium_ER_25/ER_1_w_12_nodes,0,12,22,0.3333333333333333,3.6666666666666665,1.1055415967851334,2,6,1.9591479170272446,0.22777777777777777,0.22727272727272727,-0.06666666666666679,1,1,1.0,3,1.8333333333333333,0,0,4.030043323899109,1.0953483689457364,17.260508249748288,0,3,0.2727272727272727,0.25,3.6666666666666665,2,6,0,0,3,0.5,0.10606060606060605,0.55,0.18136443749222203,0.07390674835519226,2,0,0,1.0,1.8181818181818181,3,6,3,14.448050940791438
medium_ER_25,ER_20_w_10_nodes,src/graph_reconstruct_attacks/data/medium_ER_25/ER_20_w_10_nodes,0,10,24,0.5333333333333333,4.8,1.1661903789690602,3,7,1.9609640474436814,0.43476190476190474,0.42857142857142855,-0.2000000000000044,1,1,1.0,3,1.488888888888889,0,0,5.051184676449361,2.183929133574305,12.57676227933995,0,5,0.5555555555555556,0.5,5.4,4,7,0.4,4,9,0.6,0.06689814814814814,0.6923076923076923,0.3329581717154476,0.10286362517242094,4,0,0,1.0,1.4444444444444444,2,5,4,9.93437201274627
medium_ER_25,ER_20_w_11_nodes,src/graph_reconstruct_attacks/data/medium_ER_25/ER_20_w_11_nodes,0,11,26,0.4727272727272727,4.7272727272727275,1.1354541815269814,3,7,2.0403733936884962,0.42251082251082245,0.4326923076923077,0.030303030303026758,1,1,1.0,3,1.5636363636363637,0,0,5.030768772314208,1.846767207227666,15.551522864110824,0,3,0.3,0.2727272727272727,4.0,3,5,0.3333333333333333,1,4,0.6666666666666666,0.03333333333333333,0.5555555555555556,0.135828691136128,0.06524829315900957,3,0,0,1.0,1.8,3,2,2,12.614550840229354
medium_ER_25,ER_20_w_12_nodes,src/graph_reconstruct_attacks/data/medium_ER_25/ER_20_w_12_nodes,0,12,22,0.3333333333333333,3.6666666666666665,2.0138409955990957,1,7,2.5220552088742,0.47142857142857136,0.5060240963855421,-0.07495835646862886,1,1,1.0,4,2.015151515151515,3,3,4.786646712129092,0.3910762427817906,17.260508249748288,0,1,0.09090909090909091,0.08333333333333333,4.0,4,4,0,0,1,1.0,0.0,0.3793103448275862,0.059615192439940366,0.0323306784268079,1,0,1,1.0,2.6363636363636362,4,2,2,14.925172195511099
medium_ER_25,ER_21_w_10_nodes,src/graph_reconstruct_attacks/data/medium_ER_25/ER_21_w_10_nodes,0,10,27,0.6,5.4,1.3564659966250536,4,8,2.0464393446710156,0.6402380952380952,0.5859375,-0.3222143364088031,1,1,1.0,2,1.4,0,0,5.662756754537092,2.693976581717463,12.234488049888835,0,4,0.4444444444444444,0.4,6.25,5,8,0.6666666666666666,4,8,0.8,0.013888888888888888,0.6428571428571429,0.24647834186247855,0.07710599569638699,4,0,0,1.0,1.5555555555555556,2,4,2,9.36376040427669
medium_ER_25,ER_21_w_11_nodes,src/graph_reconstruct_attacks/data/medium_ER_25/ER_21_w_11_nodes,0,11,21,0.38181818181818183,3.8181818181818183,1.5850541612875175,1,6,2.481714572986073,0.27575757575757576,0.3287671232876712,-0.28144458281444595,1,1,1.0,4,1.7636363636363637,1,1,4.408490183912479,0.7519221120086436,14.925172195511099,0,3,0.3,0.2727272727272727,5.666666666666667,5,6,0.6666666666666666,2,5,0.8333333333333334,0.0044444444444444444,0.5555555555555556,0.27092630006115787,0.07132310570211067,3,0,0,1.0,1.8,3,1,1,12.234488049888835
medium_ER_25,ER_21_w_12_nodes,src/graph_reconstruct_attacks/data/medium_ER_25/ER_21_w_12_nodes,0,12,23,0.3484848484848485,3.8333333333333335,1.4624940645653537,1,6,2.4591479170272446,0.2388888888888889,0.3076923076923077,-0.06553672316384183,1,1,1.0,4,1.8333333333333333,1,1,4.437580193199452,0.725535902847618,17.54223309021688,0,4,0.36363636363636365,0.3333333333333333,4.5,3,6,0.16666666666666666,1,5,0.5,0.049999999999999996,0.5789473684210527,0.28118270529346945,0.08499063808265812,3,0,0,1.0,1.7272727272727273,3,3,1,14.448050940791438
medium_ER_25,ER_22_w_10_nodes,src/graph_reconstruct_attacks/data/medium_ER_25/ER_22_w_10_nodes,0,10,25,0.5555555555555556,5.0,0.6324555320336759,4,6,1.3709505944546687,0.4133333333333334,0.4117647058823529,-0.21951219512195339,1,1,1.0,2,1.4444444444444444,0,0,5.0669573858051535,3.075835679327221,12.50104156540183,0,4,0.4444444444444444,0.4,5.5,5,6,0.5,3,7,0.7,0.02546296296296296,0.6428571428571429,0.26842153776666916,0.08230581582606022,4,0,0,1.0,1.5555555555555556,2,2,1,9.74569162638257
medium_ER_25,ER_22_w_11_nodes,src/graph_reconstruct_attacks/data/medium_ER_25/ER_22_w_11_nodes,0,11,25,0.45454545454545453,4.545454545454546,1.0756508696544755,2,6,1.6729330318733675,0.3090909090909091,0.3473684210526316,-0.3157894736842065,1,1,1.0,3,1.5636363636363637,0,0,4.777657715627834,1.7585415165909442,15.489374957361969,0,5,0.5,0.45454545454545453,4.4,3,5,0.3,3,8,0.5333333333333333,0.08888888888888889,0.6666666666666666,0.29789548832842216,0.09943911098451115,4,0,0,1.0,1.5,2,7,4,12.501041565401833
medium_ER_25,ER_22_w_12_nodes,src/graph_reconstruct_attacks/data/medium_ER_25/ER_22_w_12_nodes,0,12,17,0.25757575757575757,2.8333333333333335,1.1426091000668408,1,5,2.1174924611847548,0.2472222222222222,0.3076923076923077,-0.02539682539682485,1,1,1.0,6,2.4242424242424243,3,3,3.3844243102415392,0.30631024731436424,15.40070080622779,0,4,0.36363636363636365,0.3333333333333333,2.5,2,3,0,0,4,0.4,0.3818181818181818,0.5,0.27881552630219414,0.11701495957418624,2,1,1,1.0,2.0,4,2,1,12.161722179459781
medium_ER_25,ER_23_w_10_nodes,src/graph_reconstruct_attacks/data/medium_ER_25/ER_23_w_10_nodes,0,10,23,0.5111111111111111,4.6,1.1135528725660042,3,6,1.9709505944546686,0.42666666666666664,0.4044943820224719,-0.6160130718954205,1,1,1.0,2,1.488888888888889,0,0,4.7793379062250345,2.315876537397304,12.614550840229354,0,4,0.4444444444444444,0.4,5.75,5,6,0.5,3,7,0.7,0.023148148148148143,0.6428571428571429,0.3029065785933293,0.08751941335053327,4,0,0,1.0,1.5555555555555556,2,3,2,9.93437201274627
medium_ER_25,ER_23_w_11_nodes,src/graph_reconstruct_attacks/data/medium_ER_25/ER_23_w_11_nodes,0,11,27,0.4909090909090909,4.909090909090909,1.311109554714178,3,8,2.1180782093497093,0.4413419913419913,0.41739130434782606,-0.3287764866712229,1,1,1.0,2,1.509090909090909,0,0,5.180658515814354,2.37283801718546,15.58255709785079,0,3,0.3,0.2727272727272727,6.0,4,8,0.3333333333333333,1,4,0.6666666666666666,0.015555555555555555,0.5882352941176471,0.19045151077846004,0.06064685117263881,3,0,0,1.0,1.7,2,1,1,12.57676227933995
medium_ER_25,ER_23_w_12_nodes,src/graph_reconstruct_attacks/data/medium_ER_25/ER_23_w_12_nodes,0,12,27,0.4090909090909091,4.5,1.8027756377319946,2,8,2.054585169337799,0.4246031746031746,0.39473684210526316,-0.1266968325791841,1,1,1.0,3,1.696969696969697,0,0,5.1822452050751675,1.3816788598663572,18.389306321728604,0,3,0.2727272727272727,0.25,5.0,5,5,0,0,3,0.5,0.016666666666666666,0.5238095238095238,0.17022309651515602,0.05924827554995776,3,0,0,1.0,1.9090909090909092,3,1,1,15.395953272199742
medium_ER_25,ER_24_w_10_nodes,src/graph_reconstruct_attacks/data/medium_ER_25/ER_24_w_10_nodes,0,10,25,0.5555555555555556,5.0,1.0,4,7,1.8464393446710154,0.47095238095238096,0.4857142857142857,-0.03703703703703953,1,1,1.0,3,1.4666666666666666,0,0,5.1987899756232885,2.526689344820418,12.50104156540183,0,5,0.5555555555555556,0.5,5.4,4,7,0.6,6,11,0.7333333333333333,0.04208754208754208,0.6923076923076923,0.3250180150334454,0.09933101851115973,4,0,0,1.0,1.4444444444444444,2,3,1,9.863790938460564
medium_ER_25,ER_24_w_11_nodes,src/graph_reconstruct_attacks/data/medium_ER_25/ER_24_w_11_nodes,0,11,24,0.43636363636363634,4.363636363636363,1.3666633071248098,3,7,1.789929075309999,0.48008658008658006,0.42857142857142855,-0.2736921910538316,1,1,1.0,3,1.6,0,0,4.711126266983567,1.7440356739423728,15.395953272199742,0,3,0.3,0.2727272727272727,5.0,3,7,0.6666666666666666,2,5,0.8333333333333334,0.014814814814814815,0.5555555555555556,0.2066369926181366,0.06681378595607655,3,0,0,1.0,1.8,3,3,2,12.576762279339954
medium_ER_25,ER_24_w_12_nodes,src/graph_reconstruct_attacks/data/medium_ER_25/ER_24_w_12_nodes,0,12,26,0.3939393939393939,4.333333333333333,1.0274023338281628,3,6,1.9591479170272446,0.3638888888888889,0.3225806451612903,-0.206751054852321,1,1,1.0,3,1.6818181818181819,0,0,4.56396156428068,1.472050410791278,18.218610094559647,0,5,0.45454545454545453,0.4166666666666667,4.8,4,6,0.4,4,9,0.6,0.057272727272727274,0.6470588235294118,0.3524555384844386,0.09279365817310276,3,0,0,1.0,1.5454545454545454,2,3,2,14.925172195511099
medium_ER_25,ER_25_w_10_nodes,src/graph_reconstruct_attacks/data/medium_ER_25/ER_25_w_10_nodes,0,10,21,0.4666666666666667,4.2,1.4696938456699067,2,7,2.446439344671016,0.5352380952380952,0.4230769230769231,-0.38271604938271675,1,1,1.0,3,1.5777777777777777,0,0,4.604177437305734,1.2887810075390305,12.576762279339954,0,6,0.6666666666666666,0.6,4.333333333333333,3,7,0.3333333333333333,5,11,0.5238095238095238,0.17083333333333334,0.75,0.4106365092676151,0.13716365630887123,3,0,0,1.0,1.3333333333333333,2,1,1,9.745691626382566
medium_ER_25,ER_25_w_11_nodes,src/graph_reconstruct_attacks/data/medium_ER_25/ER_25_w_11_nodes,0,11,24,0.43636363636363634,4.363636363636363,1.3666633071248098,2,7,1.789929075309999,0.38484848484848483,0.3626373626373626,-0.2446448703494926,1,1,1.0,3,1.6,0,0,4.734576116755694,1.548808694472605,15.395953272199742,0,5,0.5,0.45454545454545453,4.4,2,7,0.3,3,8,0.5333333333333333,0.11185185185185186,0.6666666666666666,0.31005542001870917,0.10394379532340606,4,0,0,1.0,1.5,2,5,3,12.387098213094996
medium_ER_25,ER_25_w_12_nodes,src/graph_reconstruct_attacks/data/medium_ER_25/ER_25_w_12_nodes,0,12,25,0.3787878787878788,4.166666666666667,1.7240134054647667,1,7,2.4182958340544896,0.41071428571428575,0.4329896907216495,-0.23042505592841342,1,1,1.0,3,1.7575757575757576,1,1,4.850679503623589,0.8451987055051644,18.020799585810725,0,5,0.45454545454545453,0.4166666666666667,5.6,4,7,0.6,6,11,0.7333333333333333,0.054545454545454536,0.6470588235294118,0.3558543170751465,0.0956642867492535,3,0,0,1.0,1.5454545454545454,2,2,1,14.70332344589474
medium_ER_25,ER_26_w_10_nodes,src/graph_reconstruct_attacks/data/medium_ER_25/ER_26_w_10_nodes,0,10,19,0.4222222222222222,3.8,0.8717797887081347,2,5,1.7609640474436812,0.3,0.3157894736842105,-5.36145202308562e-15,1,1,1.0,3,1.6666666666666667,0,0,4.015826282008106,1.2143831843588861,12.387098213094996,0,4,0.4444444444444444,0.4,4.25,3,5,0.5,3,7,0.7,0.039351851851851846,0.6,0.34455668313816645,0.1028139319764461,3,0,0,1.0,1.6666666666666667,3,5,2,9.745691626382566
medium_ER_25,ER_26_w_11_nodes,src/graph_reconstruct_attacks/data/medium_ER_25/ER_26_w_11_nodes,0,11,35,0.6363636363636364,6.363636363636363,1.4937887931959075,4,9,2.481714572986073,0.7004329004329004,0.66,-0.2574074074074081,1,1,1.0,2,1.3636363636363635,0,0,6.6511679789976865,3.346426092501713,14.70332344589474,0,5,0.5,0.45454545454545453,7.2,6,8,0.7,7,12,0.8,0.013703703703703704,0.6666666666666666,0.24380033971725842,0.07370634685020357,5,0,0,1.0,1.5,2,3,1,11.537652175065501
medium_ER_25,ER_26_w_12_nodes,src/graph_reconstruct_attacks/data/medium_ER_25/ER_26_w_12_nodes,0,12,27,0.4090909090909091,4.5,1.5,2,8,2.355388542207534,0.2845238095238095,0.2777777777777778,-0.4242424242424235,1,1,1.0,3,1.621212121212121,0,0,4.881598375012475,1.7111886051009224,18.389306321728604,0,5,0.45454545454545453,0.4166666666666667,5.0,3,8,0.4,4,9,0.6,0.06666666666666665,0.6470588235294118,0.31995250984156154,0.0907404187179784,3,0,0,1.0,1.5454545454545454,2,4,2,15.114228431731151
medium_ER_25,ER_27_w_10_nodes,src/graph_reconstruct_attacks/data/medium_ER_25/ER_27_w_10_nodes,0,10,25,0.5555555555555556,5.0,1.0954451150103321,3,6,1.6854752972273346,0.4,0.42452830188679247,-0.251956181533651,1,1,1.0,3,1.4666666666666666,0,0,5.215681544266015,2.5499674878988503,12.50104156540183,0,4,0.4444444444444444,0.4,5.5,4,6,0.16666666666666666,1,5,0.5,0.0449074074074074,0.6428571428571429,0.24823831163546267,0.08291250899934842,4,0,0,1.0,1.5555555555555556,2,3,1,9.74569162638257
medium_ER_25,ER_27_w_11_nodes,src/graph_reconstruct_attacks/data/medium_ER_25/ER_27_w_11_nodes,0,11,27,0.4909090909090909,4.909090909090909,1.6211413181933645,2,7,1.789929075309999,0.496969696969697,0.5,-0.19653179190751588,1,1,1.0,3,1.5454545454545454,0,0,5.398597099803807,1.6211177269928498,15.58255709785079,0,5,0.5,0.45454545454545453,5.8,5,7,0.6,6,11,0.7333333333333333,0.025740740740740738,0.6666666666666666,0.31089695230693226,0.09074057551270714,4,0,0,1.0,1.5,2,5,2,12.614550840229354
medium_ER_25,ER_27_w_12_nodes,src/graph_reconstruct_attacks/data/medium_ER_25/ER_27_w_12_nodes,0,12,26,0.3939393939393939,4.333333333333333,1.4907119849998598,2,8,2.2841591278514217,0.40138888888888885,0.3,-0.3547671840354783,1,1,1.0,2,1.606060606060606,0,0,4.709202977260696,1.7601785717090705,18.218610094559647,0,4,0.36363636363636365,0.3333333333333333,5.0,3,8,0.3333333333333333,2,6,0.6,0.04242424242424242,0.6111111111111112,0.26338619826019977,0.07781995930788385,3,0,0,1.0,1.6363636363636365,2,5,3,15.114228431731151
medium_ER_25,ER_28_w_10_nodes,src/graph_reconstruct_attacks/data/medium_ER_25/ER_28_w_10_nodes,0,10,28,0.6222222222222222,5.6,1.3564659966250536,4,8,2.2464393446710154,0.6378571428571428,0.5869565217391305,-0.38842975206611396,1,1,1.0,2,1.3777777777777778,0,0,5.845728543654075,3.0881600594385494,12.042602523649927,0,6,0.6666666666666666,0.6,6.166666666666667,4,8,0.6666666666666666,10,16,0.7619047619047619,0.034060846560846555,0.75,0.34041877024712835,0.10575470647115062,4,0,0,1.0,1.3333333333333333,2,2,2,9.579360204616044
medium_ER_25,ER_28_w_11_nodes,src/graph_reconstruct_attacks/data/medium_ER_25/ER_28_w_11_nodes,0,11,29,0.5272727272727272,5.2727272727272725,1.2856486930664501,3,7,2.1180782093497093,0.464069264069264,0.47368421052631576,-0.09433962264150912,1,1,1.0,3,1.509090909090909,0,0,5.583345065223036,2.2982666540013654,15.55152286411082,0,5,0.5,0.45454545454545453,5.6,4,7,0.4,4,9,0.6,0.057089947089947087,0.6666666666666666,0.26674335059978055,0.08739826746981766,4,0,0,1.0,1.5,2,1,1,12.57676227933995
medium_ER_25,ER_28_w_12_nodes,src/graph_reconstruct_attacks/data/medium_ER_25/ER_28_w_12_nodes,0,12,23,0.3484848484848485,3.8333333333333335,1.0671873729054748,2,5,1.9182958340544893,0.2972222222222222,0.3333333333333333,0.17510548523206756,1,1,1.0,3,1.8333333333333333,0,0,4.2272557425056405,0.8189572645868431,17.54223309021688,0,4,0.36363636363636365,0.3333333333333333,4.5,4,5,0.3333333333333333,2,6,0.6,0.04848484848484848,0.55,0.3136172366949441,0.08357204201002941,3,0,0,1.0,1.8181818181818181,3,4,3,14.448050940791438
medium_ER_25,ER_29_w_10_nodes,src/graph_reconstruct_attacks/data/medium_ER_25/ER_29_w_10_nodes,0,10,23,0.5111111111111111,4.6,1.42828568570857,2,7,2.4464393446710155,0.5609523809523809,0.4838709677419355,-0.19639065817410037,1,1,1.0,3,1.5333333333333334,0,0,5.019011955990981,1.4408361037975135,12.614550840229354,0,5,0.5555555555555556,0.5,5.6,4,7,0.6,6,11,0.7333333333333333,0.037037037037037035,0.6923076923076923,0.3579796907583311,0.10543189447577925,3,0,0,1.0,1.4444444444444444,2,2,1,9.957853108595794
medium_ER_25,ER_29_w_11_nodes,src/graph_reconstruct_attacks/data/medium_ER_25/ER_29_w_11_nodes,0,11,26,0.4727272727272727,4.7272727272727275,1.4200453956193917,2,7,2.413088436425758,0.43333333333333335,0.4444444444444444,-0.3368794326241106,1,1,1.0,3,1.5454545454545454,0,0,5.090764951136832,1.730864160168002,15.551522864110824,0,7,0.7,0.6363636363636364,4.571428571428571,3,6,0.3333333333333333,7,14,0.5,0.15185185185185185,0.7692307692307693,0.4039362462179388,0.1288771213356979,4,0,0,1.0,1.3,2,1,1,12.387098213094996
medium_ER_25,ER_29_w_12_nodes,src/graph_reconstruct_attacks/data/medium_ER_25/ER_29_w_12_nodes,0,12,19,0.2878787878787879,3.1666666666666665,1.2801909579781012,1,5,2.084962500721156,0.2833333333333333,0.35294117647058826,0.08385744234800914,1,1,1.0,4,2.1363636363636362,1,1,3.8698411762189475,0.5886919359641393,16.238112017575762,0,4,0.36363636363636365,0.3333333333333333,4.0,2,5,0.3333333333333333,2,6,0.6,0.20787878787878783,0.55,0.35334944569747384,0.09948013880671076,3,0,0,1.0,1.8181818181818181,3,4,2,13.075536031843507
medium_ER_25,ER_2_w_10_nodes,src/graph_reconstruct_attacks/data/medium_ER_25/ER_2_w_10_nodes,0,10,22,0.4888888888888889,4.4,1.2,3,7,1.9609640474436814,0.37333333333333335,0.4024390243902439,-0.2311435523114366,1,1,1.0,2,1.511111111111111,0,0,4.694818990704977,2.282261997258907,12.614550840229354,0,7,0.7777777777777778,0.7,4.142857142857143,3,6,0.3333333333333333,7,14,0.5,0.1898148148148148,0.8181818181818182,0.45164442645915953,0.1516943632258426,3,0,0,1.0,1.2222222222222223,2,1,1,9.745691626382566
medium_ER_25,ER_2_w_11_nodes,src/graph_reconstruct_attacks/data/medium_ER_25/ER_2_w_11_nodes,0,11,21,0.38181818181818183,3.8181818181818183,1.192261549873091,2,6,2.1867043459100244,0.40606060606060607,0.3582089552238806,-0.10139860139859998,1,1,1.0,3,1.7272727272727273,0,0,4.194935850736497,1.1930620663286322,14.925172195511099,0,2,0.2,0.18181818181818182,4.5,4,5,0,0,2,0.6666666666666666,0.007407407407407408,0.47619047619047616,0.15009970415536292,0.05391799026459405,2,0,0,1.0,2.1,3,2,1,12.387098213094996
medium_ER_25,ER_2_w_12_nodes,src/graph_reconstruct_attacks/data/medium_ER_25/ER_2_w_12_nodes,0,12,29,0.4393939393939394,4.833333333333333,1.2801909579781015,2,6,2.054585169337799,0.4583333333333333,0.4462809917355372,-0.11654526534859666,1,1,1.0,3,1.621212121212121,0,0,5.17113002521709,1.6522104308553198,18.65059849613075,0,2,0.18181818181818182,0.16666666666666666,5.5,5,6,0,0,2,0.6666666666666666,0.010909090909090908,0.5238095238095238,0.11146418663067335,0.042180604140916005,2,0,0,1.0,1.9090909090909092,3,1,1,15.58255709785079
medium_ER_25,ER_30_w_10_nodes,src/graph_reconstruct_attacks/data/medium_ER_25/ER_30_w_10_nodes,0,10,26,0.5777777777777777,5.2,1.661324772583615,2,8,2.321928094887362,0.6566666666666666,0.5853658536585366,-0.3656565656565563,1,1,1.0,2,1.4222222222222223,0,0,5.639059269993913,1.7806937212383986,12.387098213094996,0,2,0.2222222222222222,0.2,6.5,5,8,1.0,1,3,1.0,0.0,0.5625,0.1220193351638888,0.04783307413525516,2,0,0,1.0,1.7777777777777777,2,1,1,9.09749251487192
medium_ER_25,ER_30_w_11_nodes,src/graph_reconstruct_attacks/data/medium_ER_25/ER_30_w_11_nodes,0,11,27,0.4909090909090909,4.909090909090909,1.083306844346635,3,7,2.1180782093497093,0.33290043290043286,0.3482142857142857,-0.11438679245282835,1,1,1.0,2,1.509090909090909,0,0,5.137374028408177,2.4303401878866926,15.58255709785079,0,3,0.3,0.2727272727272727,4.666666666666667,4,5,0,0,3,0.5,0.025925925925925925,0.5882352941176471,0.1589282911004622,0.06171743045955169,3,0,0,1.0,1.7,2,1,1,12.57676227933995
medium_ER_25,ER_30_w_12_nodes,src/graph_reconstruct_attacks/data/medium_ER_25/ER_30_w_12_nodes,0,12,37,0.5606060606060606,6.166666666666667,1.8633899812498247,3,9,2.688721875540867,0.6417989417989418,0.5801886792452831,-0.2874295515804958,1,1,1.0,3,1.4545454545454546,0,0,6.636776721410753,2.5070476943032203,18.65059849613075,0,8,0.7272727272727273,0.6666666666666666,6.5,4,9,0.5714285714285714,16,24,0.6666666666666666,0.06889807162534435,0.7857142857142857,0.35700990348900485,0.10439534739237429,4,0,0,1.0,1.2727272727272727,2,3,2,15.55152286411082
medium_ER_25,ER_31_w_10_nodes,src/graph_reconstruct_attacks/data/medium_ER_25/ER_31_w_10_nodes,0,10,23,0.5111111111111111,4.6,1.624807680927192,3,7,1.9219280948873623,0.5485714285714286,0.5,-0.3375886524822696,1,1,1.0,3,1.511111111111111,0,0,5.0628326470495875,1.9778808526475304,12.614550840229354,0,3,0.3333333333333333,0.3,6.666666666666667,6,7,1.0,3,6,1.0,0.0,0.6,0.2441949838075788,0.068298637876836,3,0,0,1.0,1.6666666666666667,2,4,1,9.863790938460564
medium_ER_25,ER_31_w_11_nodes,src/graph_reconstruct_attacks/data/medium_ER_25/ER_31_w_11_nodes,0,11,23,0.41818181818181815,4.181818181818182,1.7486712783337588,1,6,1.4949188482339508,0.3909090909090909,0.4666666666666667,-0.1896551724137932,1,1,1.0,3,1.709090909090909,2,2,4.869078216616618,0.821255088254507,15.271014535591446,0,6,0.6,0.5454545454545454,4.5,1,6,0.4,6,12,0.5714285714285714,0.2444444444444444,0.7142857142857143,0.3777384567395705,0.1305797949635959,4,1,1,1.0,1.4,2,4,1,12.042602523649927
medium_ER_25,ER_31_w_12_nodes,src/graph_reconstruct_attacks/data/medium_ER_25/ER_31_w_12_nodes,0,12,31,0.4696969696969697,5.166666666666667,1.4624940645653537,3,8,2.4591479170272446,0.3823412698412698,0.4014084507042254,-0.14642678660669944,1,1,1.0,3,1.5454545454545454,0,0,5.554413369067069,2.2059183928177974,18.806619772411096,0,3,0.2727272727272727,0.25,6.0,5,7,0.6666666666666666,2,5,0.8333333333333334,0.00606060606060606,0.55,0.1656442947885638,0.05331590001658067,3,0,0,1.0,1.8181818181818181,3,2,1,15.58255709785079
medium_ER_25,ER_32_w_10_nodes,src/graph_reconstruct_attacks/data/medium_ER_25/ER_32_w_10_nodes,0,10,23,0.5111111111111111,4.6,1.2806248474865698,3,7,2.1219280948873624,0.5342857142857143,0.4945054945054945,-0.17627856365614858,1,1,1.0,3,1.5333333333333334,0,0,4.91175568033512,1.857504636556791,12.614550840229354,0,5,0.5555555555555556,0.5,5.0,4,7,0.5,5,10,0.6666666666666666,0.062499999999999986,0.6923076923076923,0.33633107361837344,0.10704257496437865,3,0,0,1.0,1.4444444444444444,2,1,1,9.957853108595794
medium_ER_25,ER_32_w_11_nodes,src/graph_reconstruct_attacks/data/medium_ER_25/ER_32_w_11_nodes,0,11,27,0.4909090909090909,4.909090909090909,1.9750509984000393,2,9,2.3685225277282065,0.6282828282828283,0.5669291338582677,-0.2832502874664639,1,1,1.0,3,1.5454545454545454,0,0,5.57179111656476,1.611968257686436,15.58255709785079,0,3,0.3,0.2727272727272727,6.666666666666667,5,9,1.0,3,6,1.0,0.0,0.5555555555555556,0.1972067166973371,0.05944045204931786,3,0,0,1.0,1.8,3,1,1,12.57676227933995
medium_ER_25,ER_32_w_12_nodes,src/graph_reconstruct_attacks/data/medium_ER_25/ER_32_w_12_nodes,0,12,29,0.4393939393939394,4.833333333333333,0.7993052538854531,3,6,1.6140054628542202,0.40277777777777773,0.391304347826087,-0.0021598272138227534,1,1,1.0,3,1.621212121212121,0,0,4.97648360643209,1.8026223969002413,18.65059849613075,0,4,0.36363636363636365,0.3333333333333333,4.75,4,5,0.16666666666666666,1,5,0.5,0.053030303030303025,0.6111111111111112,0.2239499144694996,0.0713850750841256,4,0,0,1.0,1.6363636363636365,2,2,1,15.489374957361969
medium_ER_25,ER_33_w_10_nodes,src/graph_reconstruct_attacks/data/medium_ER_25/ER_33_w_10_nodes,0,10,24,0.5333333333333333,4.8,0.8717797887081347,4,6,1.4854752972273344,0.44666666666666666,0.4421052631578947,-0.16043956043955848,1,1,1.0,2,1.4666666666666666,0,0,4.9450951584300205,2.5505102572168217,12.57676227933995,0,4,0.4444444444444444,0.4,5.0,4,6,0.3333333333333333,2,6,0.6,0.041666666666666664,0.6428571428571429,0.25808025467192464,0.08599786379731174,4,0,0,1.0,1.5555555555555556,2,5,2,9.863790938460564
medium_ER_25,ER_33_w_11_nodes,src/graph_reconstruct_attacks/data/medium_ER_25/ER_33_w_11_nodes,0,11,18,0.32727272727272727,3.272727272727273,1.3545149477955765,1,6,2.3685225277282065,0.36363636363636365,0.29411764705882354,-0.16923076923077068,1,1,1.0,4,1.9454545454545455,1,1,3.7886513651821443,0.5951958942407095,14.158602817677263,0,4,0.4,0.36363636363636365,4.0,2,6,0.5,3,7,0.7,0.09074074074074073,0.5882352941176471,0.3657617766866138,0.10567937775553915,2,0,0,1.0,1.7,3,2,1,11.222381740286911
medium_ER_25,ER_33_w_12_nodes,src/graph_reconstruct_attacks/data/medium_ER_25/ER_33_w_12_nodes,0,12,27,0.4090909090909091,4.5,1.5,2,7,2.418295834054489,0.3976190476190476,0.3888888888888889,-0.2333333333333317,1,1,1.0,3,1.6666666666666667,0,0,4.954300813702052,1.333994566347765,18.389306321728604,0,2,0.18181818181818182,0.16666666666666666,5.5,4,7,0,0,2,0.6666666666666666,0.004545454545454545,0.4782608695652174,0.121291386808711,0.04414771654845133,2,0,0,1.0,2.090909090909091,3,1,1,15.489374957361969
medium_ER_25,ER_34_w_10_nodes,src/graph_reconstruct_attacks/data/medium_ER_25/ER_34_w_10_nodes,0,10,24,0.5333333333333333,4.8,1.32664991614216,2,6,2.0464393446710156,0.6266666666666667,0.57,-0.19999999999999937,1,1,1.0,3,1.488888888888889,0,0,5.155096055523753,1.640226988715773,12.57676227933995,0,6,0.6666666666666666,0.6,5.166666666666667,3,6,0.6,9,15,0.7142857142857143,0.06805555555555555,0.75,0.38635638201642025,0.12051520193865496,4,0,0,1.0,1.3333333333333333,2,4,3,9.957853108595794
medium_ER_25,ER_34_w_11_nodes,src/graph_reconstruct_attacks/data/medium_ER_25/ER_34_w_11_nodes,0,11,19,0.34545454545454546,3.4545454545454546,1.6713433009863852,1,7,2.3685225277282065,0.3307359307359307,0.3387096774193548,-0.31459459459459466,1,1,1.0,4,1.8363636363636364,2,2,4.1498763677367645,0.7308939888832948,14.448050940791438,0,3,0.3,0.2727272727272727,4.333333333333333,4,5,0,0,3,0.5,0.05714285714285715,0.5555555555555556,0.2332153767923955,0.08002411782357367,3,0,0,1.0,1.8,3,2,1,11.810653447129246
medium_ER_25,ER_34_w_12_nodes,src/graph_reconstruct_attacks/data/medium_ER_25/ER_34_w_12_nodes,0,12,26,0.3939393939393939,4.333333333333333,1.649915822768611,2,8,2.4182958340544896,0.41785714285714287,0.32038834951456313,-0.38429098576700044,1,1,1.0,3,1.6666666666666667,0,0,4.81255523497027,1.4288911917258955,18.218610094559647,0,5,0.45454545454545453,0.4166666666666667,4.8,2,8,0.2,2,7,0.4666666666666667,0.11909090909090907,0.6470588235294118,0.30236571636089266,0.09596909967976683,3,0,0,1.0,1.5454545454545454,2,4,2,14.925172195511099
medium_ER_25,ER_35_w_10_nodes,src/graph_reconstruct_attacks/data/medium_ER_25/ER_35_w_10_nodes,0,10,25,0.5555555555555556,5.0,1.0,4,7,1.8464393446710154,0.589047619047619,0.6,0.03703703703703275,1,1,1.0,2,1.4444444444444444,0,0,5.236662189830785,2.502960992065602,12.50104156540183,0,5,0.5555555555555556,0.5,5.2,4,7,0.6,6,11,0.7333333333333333,0.060185185185185175,0.6923076923076923,0.3072271812996282,0.10008431015289297,4,0,0,1.0,1.4444444444444444,2,3,1,9.863790938460564
medium_ER_25,ER_35_w_11_nodes,src/graph_reconstruct_attacks/data/medium_ER_25/ER_35_w_11_nodes,0,11,24,0.43636363636363634,4.363636363636363,1.7200807207658637,2,8,2.3685225277282065,0.3865800865800866,0.3711340206185567,-0.3247210804462693,1,1,1.0,3,1.6,0,0,4.926115477438694,1.4617941933535041,15.395953272199742,0,5,0.5,0.45454545454545453,5.0,3,8,0.4,4,9,0.6,0.07560846560846561,0.6666666666666666,0.3226633467671388,0.10192312135182977,4,0,0,1.0,1.5,2,4,1,12.387098213094996
medium_ER_25,ER_35_w_12_nodes,src/graph_reconstruct_attacks/data/medium_ER_25/ER_35_w_12_nodes,0,12,24,0.36363636363636365,4.0,1.224744871391589,2,6,1.9591479170272446,0.2972222222222222,0.3333333333333333,-0.042145593869731365,1,1,1.0,3,1.803030303030303,0,0,4.427783771870004,1.195784322980254,17.795490304084858,0,2,0.18181818181818182,0.16666666666666666,3.5,3,4,0,0,2,0.6666666666666666,0.02121212121212121,0.44,0.08447074635204471,0.05080666120671494,2,0,0,1.0,2.272727272727273,3,2,2,15.114228431731151
medium_ER_25,ER_36_w_10_nodes,src/graph_reconstruct_attacks/data/medium_ER_25/ER_36_w_10_nodes,0,10,18,0.4,3.6,1.1135528725660044,2,5,1.9709505944546688,0.27666666666666667,0.22641509433962265,-0.40389972144846664,1,1,1.0,3,1.6222222222222222,0,0,3.867885482717144,1.4508712275366582,12.234488049888835,0,5,0.5555555555555556,0.5,3.6,2,5,0.2,2,7,0.4666666666666667,0.15740740740740738,0.6923076923076923,0.4000839862684916,0.1344066021009572,3,0,0,1.0,1.4444444444444444,2,3,3,9.36376040427669
medium_ER_25,ER_36_w_11_nodes,src/graph_reconstruct_attacks/data/medium_ER_25/ER_36_w_11_nodes,0,11,30,0.5454545454545454,5.454545454545454,1.3726971700492272,4,8,2.1867043459100244,0.4803030303030303,0.5208333333333334,-0.0374149659863945,1,1,1.0,2,1.4545454545454546,0,0,5.811515796040652,3.1202287564828763,15.489374957361973,0,4,0.4,0.36363636363636365,6.25,4,8,0.5,3,7,0.7,0.025925925925925925,0.625,0.2238395876078188,0.07004530507359112,4,0,0,1.0,1.6,2,4,1,12.387098213094996
medium_ER_25,ER_36_w_12_nodes,src/graph_reconstruct_attacks/data/medium_ER_25/ER_36_w_12_nodes,0,12,23,0.3484848484848485,3.8333333333333335,1.4043582955293932,1,7,1.9473387961875537,0.32896825396825397,0.38961038961038963,0.005274261603374844,1,1,1.0,4,1.8484848484848484,1,1,4.387146547353833,0.6960172574102004,17.54223309021688,0,4,0.36363636363636365,0.3333333333333333,4.5,3,7,0.3333333333333333,2,6,0.6,0.07090909090909091,0.5789473684210527,0.2719290304120206,0.08531381911360027,3,0,0,1.0,1.7272727272727273,3,7,3,14.448050940791438
medium_ER_25,ER_37_w_10_nodes,src/graph_reconstruct_attacks/data/medium_ER_25/ER_37_w_10_nodes,0,10,29,0.6444444444444445,5.8,1.2489995996796797,4,8,1.6854752972273344,0.680952380952381,0.6530612244897959,-0.2163355408388516,1,1,1.0,2,1.3555555555555556,0,0,6.026541162851297,3.045975475528983,11.810653447129246,0,8,0.8888888888888888,0.8,5.625,4,7,0.5714285714285714,16,24,0.6666666666666666,0.11111111111111109,0.9,0.4036808820164304,0.13331857117899484,4,0,0,1.0,1.1111111111111112,2,1,1,9.74569162638257
medium_ER_25,ER_37_w_11_nodes,src/graph_reconstruct_attacks/data/medium_ER_25/ER_37_w_11_nodes,0,11,33,0.6,6.0,1.2060453783110545,4,8,2.1180782093497093,0.5707792207792207,0.5722543352601156,-0.12106238418777199,1,1,1.0,2,1.4,0,0,6.227622461519557,3.141380804326314,15.114228431731147,0,5,0.5,0.45454545454545453,6.0,4,8,0.5,5,10,0.6666666666666666,0.03518518518518519,0.6666666666666666,0.23274901492757727,0.07880024817311733,4,0,0,1.0,1.5,2,3,2,12.042602523649927
medium_ER_25,ER_37_w_12_nodes,src/graph_reconstruct_attacks/data/medium_ER_25/ER_37_w_12_nodes,0,12,28,0.42424242424242425,4.666666666666667,1.8408935028645435,2,8,2.688721875540867,0.47281746031746036,0.43902439024390244,-0.21895006402048808,1,1,1.0,3,1.6666666666666667,0,0,5.326074190492964,1.24430767552386,18.53321289741289,0,3,0.2727272727272727,0.25,6.666666666666667,5,8,0.6666666666666666,2,5,0.8333333333333334,0.004545454545454545,0.5238095238095238,0.20632029442954075,0.05625966533990133,3,0,0,1.0,1.9090909090909092,3,2,1,15.489374957361969
medium_ER_25,ER_38_w_10_nodes,src/graph_reconstruct_attacks/data/medium_ER_25/ER_38_w_10_nodes,0,10,28,0.6222222222222222,5.6,0.8,4,7,1.6854752972273346,0.5523809523809524,0.5681818181818182,-0.017094017094012114,1,1,1.0,2,1.3777777777777778,0,0,5.71964568357963,3.6699412604320165,12.042602523649927,0,7,0.7777777777777778,0.7,5.428571428571429,4,6,0.5238095238095238,11,18,0.6428571428571429,0.08425925925925924,0.8181818181818182,0.3771474112801354,0.12188167690672208,4,0,0,1.0,1.2222222222222223,2,1,1,9.74569162638257
medium_ER_25,ER_38_w_11_nodes,src/graph_reconstruct_attacks/data/medium_ER_25/ER_38_w_11_nodes,0,11,24,0.43636363636363634,4.363636363636363,1.1499191491521379,2,7,1.6171895725927152,0.4411255411255411,0.4431818181818182,-0.3298969072165013,1,1,1.0,3,1.6363636363636365,0,0,4.621654378108982,1.6549993603275623,15.395953272199742,0,5,0.5,0.45454545454545453,5.0,4,7,0.5,5,10,0.6666666666666666,0.075,0.6666666666666666,0.356247968278207,0.10123472591401304,4,0,0,1.0,1.5,2,3,1,12.387098213094996
medium_ER_25,ER_38_w_12_nodes,src/graph_reconstruct_attacks/data/medium_ER_25/ER_38_w_12_nodes,0,12,23,0.3484848484848485,3.8333333333333335,1.3437096247164249,2,7,1.896240625180289,0.32976190476190476,0.3157894736842105,-0.24324324324324406,1,1,1.0,3,1.803030303030303,0,0,4.2428059408907135,1.2235545517736583,17.54223309021688,0,3,0.2727272727272727,0.25,5.0,5,5,0.3333333333333333,1,4,0.6666666666666666,0.036969696969696965,0.55,0.2443425016542768,0.06605207709405783,3,0,0,1.0,1.8181818181818181,3,6,3,14.70332344589474
medium_ER_25,ER_39_w_10_nodes,src/graph_reconstruct_attacks/data/medium_ER_25/ER_39_w_10_nodes,0,10,22,0.4888888888888889,4.4,1.2806248474865698,2,6,2.046439344671015,0.6533333333333333,0.5421686746987951,-0.39322533136965987,1,1,1.0,3,1.5777777777777777,0,0,4.695942547726699,1.293065671608205,12.614550840229354,0,2,0.2222222222222222,0.2,5.5,5,6,1.0,1,3,1.0,0.0,0.47368421052631576,0.1496742537493494,0.05356585614990829,2,0,0,1.0,2.111111111111111,3,1,1,9.863790938460564
medium_ER_25,ER_39_w_11_nodes,src/graph_reconstruct_attacks/data/medium_ER_25/ER_39_w_11_nodes,0,11,20,0.36363636363636365,3.6363636363636362,1.36666330712481,1,5,1.789929075309999,0.24545454545454543,0.2857142857142857,-0.3675213675213685,1,1,1.0,3,1.8181818181818181,2,1,4.145680745394336,0.6765957239135247,14.70332344589474,0,4,0.4,0.36363636363636365,4.75,4,5,0.3333333333333333,2,6,0.6,0.09444444444444444,0.625,0.3416386354261507,0.09660469053540523,3,0,0,1.0,1.6,2,5,5,11.810653447129246
medium_ER_25,ER_39_w_12_nodes,src/graph_reconstruct_attacks/data/medium_ER_25/ER_39_w_12_nodes,0,12,27,0.4090909090909091,4.5,1.5545631755148024,2,8,2.221251836004466,0.3759920634920635,0.3577981651376147,-0.47138964577657066,1,1,1.0,3,1.6515151515151516,0,0,4.907992969508291,1.667035897296993,18.389306321728604,0,4,0.36363636363636365,0.3333333333333333,6.0,5,8,0.3333333333333333,2,6,0.6,0.041406926406926406,0.6111111111111112,0.27393745309074813,0.07410377619945713,3,0,0,1.0,1.6363636363636365,2,1,1,15.271014535591446
medium_ER_25,ER_3_w_10_nodes,src/graph_reconstruct_attacks/data/medium_ER_25/ER_3_w_10_nodes,0,10,19,0.4222222222222222,3.8,1.4,2,6,2.1709505944546685,0.61,0.42857142857142855,-0.31810490693739557,1,1,1.0,3,1.711111111111111,0,0,4.2264555293497335,1.2296621311202613,12.387098213094996,0,2,0.2222222222222222,0.2,4.5,4,5,1.0,1,3,1.0,0.0,0.45,0.1643967768658842,0.0590843215373687,2,0,0,1.0,2.2222222222222223,3,3,3,9.93437201274627
medium_ER_25,ER_3_w_11_nodes,src/graph_reconstruct_attacks/data/medium_ER_25/ER_3_w_11_nodes,0,11,27,0.4909090909090909,4.909090909090909,1.1642044068059725,3,7,2.1180782093497093,0.42077922077922075,0.4247787610619469,-0.13655030800821455,1,1,1.0,3,1.5272727272727273,0,0,5.175759405399681,2.1818413289582637,15.58255709785079,0,5,0.5,0.45454545454545453,6.0,5,7,0.6,6,11,0.7333333333333333,0.025,0.6666666666666666,0.3395277564869111,0.09038718024882786,3,0,0,1.0,1.5,2,2,1,12.614550840229354
medium_ER_25,ER_3_w_12_nodes,src/graph_reconstruct_attacks/data/medium_ER_25/ER_3_w_12_nodes,0,12,27,0.4090909090909091,4.5,1.8929694486000912,1,7,2.688721875540867,0.3992063492063492,0.46551724137931033,-0.182913472070098,1,1,1.0,3,1.6818181818181819,1,1,5.249672565058041,0.9031284256575662,18.389306321728604,0,4,0.36363636363636365,0.3333333333333333,6.25,5,7,0.6666666666666666,4,8,0.8,0.013203463203463202,0.6111111111111112,0.27032022995161115,0.07358910311324772,4,0,0,1.0,1.6363636363636365,2,2,2,15.271014535591446
medium_ER_25,ER_40_w_10_nodes,src/graph_reconstruct_attacks/data/medium_ER_25/ER_40_w_10_nodes,0,10,25,0.5555555555555556,5.0,1.4832396974191326,3,8,2.321928094887362,0.5357142857142858,0.5405405405405406,-0.19047619047618738,1,1,1.0,2,1.4444444444444444,0,0,5.38709147034946,2.5545044976238165,12.50104156540183,0,3,0.3333333333333333,0.3,4.666666666666667,4,5,0,0,3,0.5,0.025462962962962958,0.6,0.15581803596130767,0.06706463385917169,3,0,0,1.0,1.6666666666666667,2,1,1,9.579360204616044
medium_ER_25,ER_40_w_11_nodes,src/graph_reconstruct_attacks/data/medium_ER_25/ER_40_w_11_nodes,0,11,21,0.38181818181818183,3.8181818181818183,1.7486712783337586,1,6,2.2312702546075758,0.3393939393939394,0.47368421052631576,-0.023835319609966914,1,1,1.0,4,1.8363636363636364,2,2,4.639941871992062,0.7123885342799909,14.925172195511099,0,5,0.5,0.45454545454545453,5.0,3,6,0.6,6,11,0.7333333333333333,0.10518518518518519,0.6666666666666666,0.3814915927349881,0.11323773570920184,3,0,0,1.0,1.5,2,1,1,11.810653447129246
medium_ER_25,ER_40_w_12_nodes,src/graph_reconstruct_attacks/data/medium_ER_25/ER_40_w_12_nodes,0,12,16,0.24242424242424243,2.6666666666666665,0.7453559924999299,2,4,1.4591479170272446,0.125,0.2,0.1794871794871795,1,1,1.0,5,2.3181818181818183,0,0,3.011278513975605,0.38201390801619023,14.932179723270043,0,4,0.36363636363636365,0.3333333333333333,3.0,2,4,0.3333333333333333,2,6,0.6,0.23636363636363636,0.5238095238095238,0.4837385080784645,0.11501699933971266,2,0,0,1.0,1.9090909090909092,3,2,1,11.642197076187038
medium_ER_25,ER_41_w_10_nodes,src/graph_reconstruct_attacks/data/medium_ER_25/ER_41_w_10_nodes,0,10,25,0.5555555555555556,5.0,1.0954451150103321,3,7,2.1219280948873624,0.43619047619047613,0.4528301886792453,-0.08543417366946898,1,1,1.0,2,1.4444444444444444,0,0,5.233020542215543,2.4684175985064405,12.50104156540183,0,5,0.5555555555555556,0.5,5.4,3,7,0.5,5,10,0.6666666666666666,0.062037037037037036,0.6923076923076923,0.31581301586364247,0.1001804368408134,4,0,0,1.0,1.4444444444444444,2,4,2,9.863790938460564
medium_ER_25,ER_41_w_11_nodes,src/graph_reconstruct_attacks/data/medium_ER_25/ER_41_w_11_nodes,0,11,30,0.5454545454545454,5.454545454545454,0.9875254992000196,3,7,1.676737030052133,0.4844155844155844,0.49640287769784175,-0.0449927431059524,1,1,1.0,2,1.4545454545454546,0,0,5.646441013341079,2.4090008238576557,15.489374957361973,0,6,0.6,0.5454545454545454,5.666666666666667,5,6,0.4666666666666667,7,13,0.6190476190476191,0.055555555555555546,0.7142857142857143,0.33010857114643877,0.09807712621161677,4,0,0,1.0,1.4,2,5,2,12.57676227933995
medium_ER_25,ER_41_w_12_nodes,src/graph_reconstruct_attacks/data/medium_ER_25/ER_41_w_12_nodes,0,12,22,0.3333333333333333,3.6666666666666665,1.3743685418725535,2,7,2.1174924611847548,0.29325396825396827,0.2571428571428571,-0.22872340425531998,1,1,1.0,3,1.7878787878787878,0,0,4.127982455352216,1.2595954131154214,17.260508249748288,0,4,0.36363636363636365,0.3333333333333333,3.75,2,5,0,0,4,0.4,0.14212121212121212,0.6111111111111112,0.24665527003703366,0.09212577802019313,3,0,0,1.0,1.6363636363636365,2,2,1,14.158602817677263
medium_ER_25,ER_42_w_10_nodes,src/graph_reconstruct_attacks/data/medium_ER_25/ER_42_w_10_nodes,0,10,27,0.6,5.4,1.0198039027185568,4,7,1.9219280948873623,0.5695238095238095,0.5564516129032258,-0.19220779220779702,1,1,1.0,2,1.4,0,0,5.57113685505736,2.8656619060635933,12.234488049888835,0,5,0.5555555555555556,0.5,6.2,5,7,0.6,6,11,0.7333333333333333,0.0287037037037037,0.6923076923076923,0.3121645306277213,0.09265246478809551,4,0,0,1.0,1.4444444444444444,2,4,3,9.579360204616044
medium_ER_25,ER_42_w_11_nodes,src/graph_reconstruct_attacks/data/medium_ER_25/ER_42_w_11_nodes,0,11,24,0.43636363636363634,4.363636363636363,0.77138921583987,3,5,1.4353713907745331,0.3969696969696969,0.39285714285714285,-0.08333333333333459,1,1,1.0,3,1.6363636363636365,0,0,4.51458377455914,1.634689459418064,15.395953272199742,0,5,0.5,0.45454545454545453,4.8,4,5,0.3,3,8,0.5333333333333333,0.10740740740740741,0.6666666666666666,0.3559865535509859,0.10120842046176333,3,0,0,1.0,1.5,2,6,2,12.387098213094996
medium_ER_25,ER_42_w_12_nodes,src/graph_reconstruct_attacks/data/medium_ER_25/ER_42_w_12_nodes,0,12,29,0.4393939393939394,4.833333333333333,1.9507833184532708,2,8,2.4182958340544896,0.6468253968253969,0.5149253731343284,-0.28370221327967754,1,1,1.0,3,1.621212121212121,0,0,5.5028026639287715,1.2880139499088015,18.65059849613075,0,2,0.18181818181818182,0.16666666666666666,5.5,3,8,1.0,1,3,1.0,0.0,0.4782608695652174,0.09747667525246442,0.043860896890185894,2,0,0,1.0,2.090909090909091,3,2,2,15.58255709785079
medium_ER_25,ER_43_w_10_nodes,src/graph_reconstruct_attacks/data/medium_ER_25/ER_43_w_10_nodes,0,10,29,0.6444444444444445,5.8,1.6,4,9,2.170950594454669,0.7150793650793651,0.6513157894736842,-0.3663584324086292,1,1,1.0,2,1.3555555555555556,0,0,6.127269059659792,3.0946495286869906,11.810653447129246,0,7,0.7777777777777778,0.7,5.714285714285714,4,9,0.5714285714285714,12,19,0.6785714285714286,0.0810185185185185,0.8181818181818182,0.3534492845734436,0.11853146349905579,4,0,0,1.0,1.2222222222222223,2,3,1,9.579360204616044
medium_ER_25,ER_43_w_11_nodes,src/graph_reconstruct_attacks/data/medium_ER_25/ER_43_w_11_nodes,0,11,23,0.41818181818181815,4.181818181818182,0.9359663764533636,2,5,1.676737030052133,0.40303030303030307,0.4230769230769231,-0.03603603603604007,1,1,1.0,3,1.6545454545454545,0,0,4.398217367920868,1.4434281405089986,15.271014535591446,0,4,0.4,0.36363636363636365,4.25,3,5,0.5,3,7,0.7,0.05555555555555556,0.5555555555555556,0.27316528425288655,0.08738689192007695,3,0,0,1.0,1.8,3,4,3,12.387098213094996
medium_ER_25,ER_43_w_12_nodes,src/graph_reconstruct_attacks/data/medium_ER_25/ER_43_w_12_nodes,0,12,24,0.36363636363636365,4.0,1.5275252316519468,2,7,2.3553885422075336,0.3142857142857143,0.27906976744186046,-0.2631578947368446,1,1,1.0,3,1.7272727272727273,0,0,4.499513873377376,1.4254999319485073,17.795490304084858,0,2,0.18181818181818182,0.16666666666666666,5.5,4,7,0,0,2,0.6666666666666666,0.004545454545454545,0.4782608695652174,0.15518447340838903,0.0473301508954113,2,0,0,1.0,2.090909090909091,3,3,2,15.114228431731151
medium_ER_25,ER_44_w_10_nodes,src/graph_reconstruct_attacks/data/medium_ER_25/ER_44_w_10_nodes,0,10,23,0.5111111111111111,4.6,1.2806248474865698,2,6,2.1709505944546685,0.43,0.42857142857142855,-0.5023328149300132,1,1,1.0,2,1.488888888888889,0,0,4.879593009113703,1.8738899590675264,12.614550840229354,0,5,0.5555555555555556,0.5,5.0,4,6,0.5,5,10,0.6666666666666666,0.04166666666666666,0.6923076923076923,0.3417796395059824,0.10648412621340218,4,0,0,1.0,1.4444444444444444,2,3,2,9.957853108595794
medium_ER_25,ER_44_w_11_nodes,src/graph_reconstruct_attacks/data/medium_ER_25/ER_44_w_11_nodes,0,11,27,0.4909090909090909,4.909090909090909,2.0205555246266247,1,7,2.59490661824394,0.4961038961038961,0.609375,0.01937046004842589,1,1,1.0,4,1.6545454545454545,1,1,5.760545963594317,0.837433715456511,15.58255709785079,0,6,0.6,0.5454545454545454,6.166666666666667,4,7,0.7333333333333333,11,17,0.8095238095238095,0.02777777777777778,0.6666666666666666,0.361237364262322,0.10527863997038102,4,0,0,1.0,1.5,3,3,1,12.576762279339954
medium_ER_25,ER_44_w_12_nodes,src/graph_reconstruct_attacks/data/medium_ER_25/ER_44_w_12_nodes,0,12,23,0.3484848484848485,3.8333333333333335,1.0671873729054748,2,6,2.084962500721156,0.40277777777777773,0.375,-0.08986928104575201,1,1,1.0,3,1.8333333333333333,0,0,4.147863694876448,0.9944620425862882,17.54223309021688,0,4,0.36363636363636365,0.3333333333333333,4.25,2,6,0.3333333333333333,2,6,0.6,0.1106060606060606,0.5789473684210527,0.2970391018866925,0.08733382982426238,3,0,0,1.0,1.7272727272727273,3,4,2,14.448050940791438
medium_ER_25,ER_45_w_10_nodes,src/graph_reconstruct_attacks/data/medium_ER_25/ER_45_w_10_nodes,0,10,25,0.5555555555555556,5.0,1.0954451150103321,3,6,1.6854752972273344,0.49000000000000005,0.4811320754716981,-0.2519561815336518,1,1,1.0,2,1.4444444444444444,0,0,5.209619926416799,2.373526755874031,12.50104156540183,0,5,0.5555555555555556,0.5,5.2,4,6,0.4,4,9,0.6,0.05648148148148147,0.6923076923076923,0.3044106261291427,0.10015037505228121,4,0,0,1.0,1.4444444444444444,2,1,1,9.863790938460564
medium_ER_25,ER_45_w_11_nodes,src/graph_reconstruct_attacks/data/medium_ER_25/ER_45_w_11_nodes,0,11,23,0.41818181818181815,4.181818181818182,1.3360853142453697,2,7,2.1180782093497093,0.3103896103896104,0.3253012048192771,-0.1572327044025166,1,1,1.0,3,1.6181818181818182,0,0,4.582893924729782,1.6037176432016846,15.271014535591446,0,5,0.5,0.45454545454545453,4.4,3,7,0.2,2,7,0.4666666666666667,0.11322751322751322,0.6666666666666666,0.33152998696675207,0.10646098690622942,3,0,0,1.0,1.5,2,4,1,12.234488049888835
medium_ER_25,ER_45_w_12_nodes,src/graph_reconstruct_attacks/data/medium_ER_25/ER_45_w_12_nodes,0,12,25,0.3787878787878788,4.166666666666667,1.7716909687891083,1,7,2.688721875540867,0.41111111111111115,0.3979591836734694,-0.25358166189111725,1,1,1.0,3,1.7575757575757576,1,1,4.845865532904791,0.827295784377592,18.020799585810725,0,5,0.45454545454545453,0.4166666666666667,5.6,4,7,0.5,5,10,0.6666666666666666,0.04913419913419912,0.6470588235294118,0.34814423621308405,0.09603389914338327,3,0,0,1.0,1.5454545454545454,2,3,2,14.70332344589474
medium_ER_25,ER_46_w_10_nodes,src/graph_reconstruct_attacks/data/medium_ER_25/ER_46_w_10_nodes,0,10,30,0.6666666666666666,6.0,1.4832396974191326,3,8,2.3219280948873626,0.669047619047619,0.6708074534161491,-0.14076050700466355,1,1,1.0,2,1.3333333333333333,0,0,6.338034754824917,2.717277864685844,11.537652175065501,0,6,0.6666666666666666,0.6,6.333333333333333,3,8,0.6666666666666666,10,16,0.7619047619047619,0.041666666666666664,0.75,0.30966712586495376,0.10042370586185691,5,0,0,1.0,1.3333333333333333,2,2,1,9.09749251487192
medium_ER_25,ER_46_w_11_nodes,src/graph_reconstruct_attacks/data/medium_ER_25/ER_46_w_11_nodes,0,11,29,0.5272727272727272,5.2727272727272725,1.3545149477955765,2,7,2.1180782093497093,0.587012987012987,0.5373134328358209,-0.08614232209737217,1,1,1.0,3,1.509090909090909,0,0,5.6228725831260356,1.5465511754558896,15.55152286411082,0,5,0.5,0.45454545454545453,6.0,5,7,0.6,6,11,0.7333333333333333,0.023703703703703706,0.625,0.297157419258539,0.08513836414536737,4,0,0,1.0,1.6,3,4,1,12.57676227933995
medium_ER_25,ER_46_w_12_nodes,src/graph_reconstruct_attacks/data/medium_ER_25/ER_46_w_12_nodes,0,12,20,0.30303030303030304,3.3333333333333335,1.5456030825826172,2,6,1.9591479170272446,0.22777777777777777,0.19672131147540983,-0.5206929740134744,1,1,1.0,3,1.8484848484848484,0,0,3.861849608224687,1.0158992949685441,16.60917987984748,0,5,0.45454545454545453,0.4166666666666667,3.8,2,6,0.2,2,7,0.4666666666666667,0.1606060606060606,0.6111111111111112,0.41050415945660734,0.11717459260522121,2,0,0,1.0,1.6363636363636365,3,1,1,13.075536031843507
medium_ER_25,ER_47_w_10_nodes,src/graph_reconstruct_attacks/data/medium_ER_25/ER_47_w_10_nodes,0,10,17,0.37777777777777777,3.4,0.8,2,4,1.3709505944546687,0.3,0.2727272727272727,-0.35507246376811186,1,1,1.0,3,1.7555555555555555,0,0,3.565745198237387,1.0098247654419106,12.042602523649927,0,4,0.4444444444444444,0.4,3.25,2,4,0.3333333333333333,2,6,0.6,0.10185185185185185,0.5625,0.345955694703503,0.11630760590373272,3,0,0,1.0,1.7777777777777777,3,6,5,9.36376040427669
medium_ER_25,ER_47_w_11_nodes,src/graph_reconstruct_attacks/data/medium_ER_25/ER_47_w_11_nodes,0,11,26,0.4727272727272727,4.7272727272727275,1.6006197146962737,2,8,2.3685225277282065,0.4385281385281385,0.43243243243243246,-0.23583180987202992,1,1,1.0,3,1.5818181818181818,0,0,5.196021908945211,1.55895572272157,15.551522864110824,0,8,0.8,0.7272727272727273,4.5,3,6,0.35714285714285715,10,18,0.5,0.2366666666666667,0.8333333333333334,0.4374472013923657,0.1460275169013475,4,0,0,1.0,1.2,2,1,1,12.234488049888835
medium_ER_25,ER_47_w_12_nodes,src/graph_reconstruct_attacks/data/medium_ER_25/ER_47_w_12_nodes,0,12,25,0.3787878787878788,4.166666666666667,1.1426091000668408,2,6,2.117492461184755,0.29444444444444445,0.3103448275862069,0.0740740740740719,1,1,1.0,3,1.7727272727272727,0,0,4.527725231313312,1.1111170570330724,18.020799585810725,0,3,0.2727272727272727,0.25,4.333333333333333,3,5,0.3333333333333333,1,4,0.6666666666666666,0.05353535353535353,0.5238095238095238,0.1724499163207545,0.06523219836070455,2,0,0,1.0,1.9090909090909092,3,2,2,15.114228431731151
medium_ER_25,ER_48_w_10_nodes,src/graph_reconstruct_attacks/data/medium_ER_25/ER_48_w_10_nodes,0,10,32,0.7111111111111111,6.4,1.2,5,9,1.8464393446710154,0.7181746031746032,0.7,-0.23232323232323232,1,1,1.0,2,1.288888888888889,0,0,6.583871741428652,3.9999999999999973,10.86335979764525,0,7,0.7777777777777778,0.7,6.428571428571429,5,9,0.6666666666666666,14,21,0.75,0.05046296296296295,0.8181818181818182,0.3363167875074391,0.1083127574915829,5,0,0,1.0,1.2222222222222223,2,4,1,8.778733752247508
medium_ER_25,ER_48_w_11_nodes,src/graph_reconstruct_attacks/data/medium_ER_25/ER_48_w_11_nodes,0,11,27,0.4909090909090909,4.909090909090909,1.2398346997259868,3,7,2.1180782093497093,0.41428571428571426,0.42105263157894735,-0.1679389312977095,1,1,1.0,3,1.5272727272727273,0,0,5.205548675917241,2.1444456441562822,15.58255709785079,0,4,0.4,0.36363636363636365,5.25,4,7,0.5,3,7,0.7,0.025396825396825397,0.625,0.2236856072884131,0.0771420671265028,4,0,0,1.0,1.6,2,4,2,12.614550840229354
medium_ER_25,ER_48_w_12_nodes,src/graph_reconstruct_attacks/data/medium_ER_25/ER_48_w_12_nodes,0,12,25,0.3787878787878788,4.166666666666667,1.4043582955293932,3,7,1.9591479170272446,0.3837301587301587,0.3626373626373626,-0.10993657505285565,1,1,1.0,3,1.7575757575757576,0,0,4.615164364179894,1.3805676376435188,18.020799585810725,0,7,0.6363636363636364,0.5833333333333334,4.142857142857143,3,6,0.23809523809523808,5,12,0.42857142857142855,0.27878787878787875,0.7333333333333333,0.4152069553529658,0.13362304990863275,3,0,0,1.0,1.3636363636363635,2,1,1,14.158602817677263
medium_ER_25,ER_49_w_10_nodes,src/graph_reconstruct_attacks/data/medium_ER_25/ER_49_w_10_nodes,0,10,25,0.5555555555555556,5.0,1.0,4,7,1.8464393446710154,0.5390476190476191,0.5142857142857142,-0.18518518518518903,1,1,1.0,2,1.4444444444444444,0,0,5.1770667819960146,2.2626176690834408,12.50104156540183,0,4,0.4444444444444444,0.4,5.75,4,7,0.8333333333333334,5,9,0.9,0.006944444444444444,0.6428571428571429,0.273299009452229,0.0821112426759348,4,0,0,1.0,1.5555555555555556,2,4,2,9.74569162638257
medium_ER_25,ER_49_w_11_nodes,src/graph_reconstruct_attacks/data/medium_ER_25/ER_49_w_11_nodes,0,11,19,0.34545454545454546,3.4545454545454546,1.3726971700492272,1,6,2.3685225277282065,0.5696969696969697,0.47368421052631576,-0.2333333333333338,1,1,1.0,4,1.9272727272727272,1,1,3.990225273670104,0.6824967579329683,14.448050940791438,0,3,0.3,0.2727272727272727,3.3333333333333335,2,4,0.6666666666666666,2,5,0.8333333333333334,0.03703703703703704,0.47619047619047616,0.1630112143201233,0.08355539981317926,2,0,0,1.0,2.1,3,2,1,11.810653447129246
medium_ER_25,ER_49_w_12_nodes,src/graph_reconstruct_attacks/data/medium_ER_25/ER_49_w_12_nodes,0,12,30,0.45454545454545453,5.0,1.0801234497346435,3,7,2.1258145836939115,0.40119047619047615,0.4251968503937008,0.010989010989010109,1,1,1.0,3,1.5909090909090908,0,0,5.24398946439523,2.17103766111909,18.741678965478076,0,6,0.5454545454545454,0.5,5.166666666666667,4,6,0.4,6,12,0.5714285714285714,0.09696969696969696,0.6875,0.3403855967793014,0.09702991370387257,4,0,0,1.0,1.4545454545454546,2,3,2,15.395953272199742
medium_ER_25,ER_4_w_10_nodes,src/graph_reconstruct_attacks/data/medium_ER_25/ER_4_w_10_nodes,0,10,31,0.6888888888888889,6.2,1.2489995996796797,3,8,1.6854752972273344,0.7238095238095238,0.6923076923076923,-0.18773946360153332,1,1,1.0,2,1.3111111111111111,0,0,6.4283766816572765,2.7038588622891644,11.222381740286913,0,3,0.3333333333333333,0.3,7.0,7,7,1.0,3,6,1.0,0.0,0.6,0.15663257610340794,0.05593355272325118,3,0,0,1.0,1.6666666666666667,2,1,1,7.480873803373037
medium_ER_25,ER_4_w_11_nodes,src/graph_reconstruct_attacks/data/medium_ER_25/ER_4_w_11_nodes,0,11,25,0.45454545454545453,4.545454545454546,1.0756508696544755,3,6,1.789929075309999,0.43636363636363634,0.4421052631578947,0.20000000000000043,1,1,1.0,3,1.6181818181818182,0,0,4.879966361269236,1.447319852374164,15.489374957361969,0,5,0.5,0.45454545454545453,4.8,3,6,0.4,4,9,0.6,0.10417989417989416,0.6666666666666666,0.32180971361771865,0.0983784436114211,4,0,0,1.0,1.5,2,5,1,12.501041565401833
medium_ER_25,ER_4_w_12_nodes,src/graph_reconstruct_attacks/data/medium_ER_25/ER_4_w_12_nodes,0,12,28,0.42424242424242425,4.666666666666667,2.0138409955990957,1,9,2.3553885422075336,0.5208333333333334,0.49606299212598426,-0.25513987192450044,1,1,1.0,3,1.6818181818181819,1,1,5.413717452282346,0.8715176308984344,18.53321289741289,0,3,0.2727272727272727,0.25,6.666666666666667,5,9,0.6666666666666666,2,5,0.8333333333333334,0.004545454545454545,0.55,0.20026386939496824,0.056368509939118905,3,0,0,1.0,1.8181818181818181,3,3,1,15.489374957361969
medium_ER_25,ER_50_w_10_nodes,src/graph_reconstruct_attacks/data/medium_ER_25/ER_50_w_10_nodes,0,10,28,0.6222222222222222,5.6,1.5620499351813308,3,8,2.2464393446710154,0.6311904761904762,0.6170212765957447,-0.21897335932423165,1,1,1.0,3,1.4,0,0,5.97978241944095,2.4424981866724873,12.042602523649927,0,3,0.3333333333333333,0.3,7.333333333333333,7,8,1.0,3,6,1.0,0.0,0.5625,0.19566751075103844,0.05913442476005383,3,0,0,1.0,1.7777777777777777,3,2,1,8.778733752247508
medium_ER_25,ER_50_w_11_nodes,src/graph_reconstruct_attacks/data/medium_ER_25/ER_50_w_11_nodes,0,11,23,0.41818181818181815,4.181818181818182,1.79990817029303,1,7,2.413088436425758,0.3515151515151515,0.3956043956043956,-0.22505626406601817,1,1,1.0,3,1.7272727272727273,1,1,4.883611723875559,0.7745382164535487,15.271014535591446,0,3,0.3,0.2727272727272727,5.666666666666667,4,7,0.3333333333333333,1,4,0.6666666666666666,0.011111111111111112,0.5263157894736842,0.22419468605809786,0.0668111800981088,3,0,0,1.0,1.9,3,2,1,12.501041565401833
medium_ER_25,ER_50_w_12_nodes,src/graph_reconstruct_attacks/data/medium_ER_25/ER_50_w_12_nodes,0,12,30,0.45454545454545453,5.0,1.35400640077266,2,8,1.9591479170272446,0.469047619047619,0.48091603053435117,-0.11837802485284313,1,1,1.0,3,1.606060606060606,0,0,5.351801176952869,1.5742537599743,18.741678965478076,0,5,0.45454545454545453,0.4166666666666667,5.2,4,6,0.3,3,8,0.5333333333333333,0.08409090909090909,0.6470588235294118,0.2617600166772968,0.08369881180848043,4,0,0,1.0,1.5454545454545454,2,6,1,15.489374957361969
medium_ER_25,ER_51_w_10_nodes,src/graph_reconstruct_attacks/data/medium_ER_25/ER_51_w_10_nodes,0,10,25,0.5555555555555556,5.0,1.61245154965971,2,7,2.4464393446710155,0.518095238095238,0.584070796460177,-0.13728675873273613,1,1,1.0,3,1.4666666666666666,0,0,5.497212937464855,1.7914883541511573,12.50104156540183,0,7,0.7777777777777778,0.7,5.0,2,7,0.47619047619047616,10,17,0.6071428571428571,0.18796296296296292,0.8181818181818182,0.39371037181209956,0.13634599719428425,4,0,0,1.0,1.2222222222222223,2,2,1,9.957853108595794
medium_ER_25,ER_51_w_11_nodes,src/graph_reconstruct_attacks/data/medium_ER_25/ER_51_w_11_nodes,0,11,25,0.45454545454545453,4.545454545454546,1.4373989364401725,2,7,2.0403733936884962,0.43246753246753245,0.45,-4.2700885562506056e-16,1,1,1.0,4,1.6545454545454545,0,0,5.029713247638734,1.2963795398469256,15.489374957361969,0,6,0.6,0.5454545454545454,4.666666666666667,2,7,0.4,6,12,0.5714285714285714,0.15222222222222223,0.6666666666666666,0.3664955292648844,0.11664587948546455,3,0,0,1.0,1.5,3,1,1,12.387098213094996
medium_ER_25,ER_51_w_12_nodes,src/graph_reconstruct_attacks/data/medium_ER_25/ER_51_w_12_nodes,0,12,27,0.4090909090909091,4.5,0.7637626158259734,3,6,1.650022421648354,0.4777777777777778,0.45918367346938777,0.08474576271186914,1,1,1.0,3,1.6666666666666667,0,0,4.687550681126197,1.3766447278998295,18.389306321728604,0,4,0.36363636363636365,0.3333333333333333,4.0,3,5,0.3333333333333333,2,6,0.6,0.08181818181818182,0.5789473684210527,0.18478898552196707,0.07820921164395613,3,0,0,1.0,1.7272727272727273,3,5,2,15.271014535591446
medium_ER_25,ER_52_w_10_nodes,src/graph_reconstruct_attacks/data/medium_ER_25/ER_52_w_10_nodes,0,10,20,0.4444444444444444,4.0,1.1832159566199232,2,6,1.7609640474436812,0.48666666666666664,0.4925373134328358,-0.015761821366023967,1,1,1.0,3,1.711111111111111,0,0,4.367405053860271,0.9957532420926519,12.501041565401833,0,4,0.4444444444444444,0.4,5.0,4,6,0.5,3,7,0.7,0.07129629629629629,0.6,0.3409377718719464,0.09759651958919179,3,0,0,1.0,1.6666666666666667,3,5,2,9.863790938460564
medium_ER_25,ER_52_w_11_nodes,src/graph_reconstruct_attacks/data/medium_ER_25/ER_52_w_11_nodes,0,11,23,0.41818181818181815,4.181818181818182,1.192261549873091,2,6,2.186704345910025,0.36666666666666664,0.37037037037037035,-0.07602339181286853,1,1,1.0,3,1.6545454545454545,0,0,4.529480330468514,1.46797890090016,15.271014535591446,0,2,0.2,0.18181818181818182,4.0,4,4,0,0,2,0.6666666666666666,0.025396825396825397,0.5,0.10735309572901532,0.052036320716399104,2,0,0,1.0,2.0,3,1,1,12.576762279339954
medium_ER_25,ER_52_w_12_nodes,src/graph_reconstruct_attacks/data/medium_ER_25/ER_52_w_12_nodes,0,12,31,0.4696969696969697,5.166666666666667,1.6749792701868151,2,8,2.188721875540867,0.6261904761904762,0.5136986301369864,-0.37157400156616893,1,1,1.0,3,1.5757575757575757,0,0,5.600003107376602,1.5595879870798175,18.806619772411096,0,8,0.7272727272727273,0.6666666666666666,4.75,2,6,0.35714285714285715,10,18,0.5,0.2003030303030303,0.7857142857142857,0.3851322401270814,0.1251378844288338,4,0,0,1.0,1.2727272727272727,2,2,2,15.271014535591446
medium_ER_25,ER_53_w_10_nodes,src/graph_reconstruct_attacks/data/medium_ER_25/ER_53_w_10_nodes,0,10,32,0.7111111111111111,6.4,1.2,5,8,1.5219280948873621,0.6976190476190476,0.6833333333333333,-0.26436781609195403,1,1,1.0,2,1.288888888888889,0,0,6.584084898558059,4.125707841490746,10.86335979764525,0,7,0.7777777777777778,0.7,6.142857142857143,5,8,0.5714285714285714,12,19,0.6785714285714286,0.0638888888888889,0.8181818181818182,0.32334310727029714,0.10891096119547101,5,0,0,1.0,1.2222222222222223,2,4,1,8.778733752247508
medium_ER_25,ER_53_w_11_nodes,src/graph_reconstruct_attacks/data/medium_ER_25/ER_53_w_11_nodes,0,11,21,0.38181818181818183,3.8181818181818183,1.6958871005616027,1,7,2.5503407095463886,0.44199134199134194,0.44,-0.14784946236559263,1,1,1.0,3,1.8,1,1,4.530928627015021,0.8027280084425382,14.925172195511099,0,5,0.5,0.45454545454545453,4.0,1,7,0.2,2,7,0.4666666666666667,0.3055555555555556,0.6666666666666666,0.3108800560485843,0.12402621956771819,3,1,1,1.0,1.5,2,1,1,11.810653447129246
medium_ER_25,ER_53_w_12_nodes,src/graph_reconstruct_attacks/data/medium_ER_25/ER_53_w_12_nodes,0,12,26,0.3939393939393939,4.333333333333333,1.3123346456686351,2,6,2.2295739585136225,0.5083333333333333,0.4329896907216495,-0.2593340060544936,1,1,1.0,3,1.6666666666666667,0,0,4.680949779253169,1.389015122493,18.218610094559647,0,6,0.5454545454545454,0.5,4.333333333333333,2,6,0.3333333333333333,5,11,0.5238095238095238,0.17393939393939392,0.6875,0.3676673541125665,0.11233302099848023,3,0,0,1.0,1.4545454545454546,2,3,2,14.70332344589474
medium_ER_25,ER_54_w_10_nodes,src/graph_reconstruct_attacks/data/medium_ER_25/ER_54_w_10_nodes,0,10,25,0.5555555555555556,5.0,1.1832159566199232,3,7,2.1709505944546685,0.48428571428571426,0.4485981308411215,-0.39225181598063386,1,1,1.0,2,1.4444444444444444,0,0,5.220385683180582,2.4846567634051016,12.50104156540183,0,5,0.5555555555555556,0.5,5.4,3,7,0.4,4,9,0.6,0.06666666666666667,0.6923076923076923,0.3058307643866994,0.10058274371718529,4,0,0,1.0,1.4444444444444444,2,2,1,9.863790938460564
medium_ER_25,ER_54_w_11_nodes,src/graph_reconstruct_attacks/data/medium_ER_25/ER_54_w_11_nodes,0,11,19,0.34545454545454546,3.4545454545454546,1.233150906022776,1,5,2.1180782093497093,0.23636363636363636,0.21818181818181817,-0.23913043478260929,1,1,1.0,3,1.8363636363636364,1,1,3.8501945365400028,0.8127685054985144,14.448050940791438,0,5,0.5,0.45454545454545453,3.4,1,5,0.3,3,8,0.5333333333333333,0.25873015873015875,0.6666666666666666,0.3886089427993488,0.1315776226783412,3,1,1,1.0,1.5,2,3,1,11.222381740286911
medium_ER_25,ER_54_w_12_nodes,src/graph_reconstruct_attacks/data/medium_ER_25/ER_54_w_12_nodes,0,12,29,0.4393939393939394,4.833333333333333,1.3437096247164249,3,8,2.188721875540867,0.40992063492063496,0.36885245901639346,-0.19131455399060843,1,1,1.0,3,1.606060606060606,0,0,5.165506258412352,1.7625224951355383,18.65059849613075,0,3,0.2727272727272727,0.25,4.666666666666667,4,5,0.3333333333333333,1,4,0.6666666666666666,0.01818181818181818,0.5238095238095238,0.15414260599702564,0.057007698932649245,3,0,0,1.0,1.9090909090909092,3,2,1,15.551522864110824
medium_ER_25,ER_55_w_10_nodes,src/graph_reconstruct_attacks/data/medium_ER_25/ER_55_w_10_nodes,0,10,22,0.4888888888888889,4.4,1.624807680927192,2,7,2.521928094887362,0.6142857142857142,0.6136363636363636,-0.04166666666666877,1,1,1.0,3,1.6,0,0,5.028823314037594,1.3397497442320676,12.614550840229354,0,2,0.2222222222222222,0.2,4.0,4,4,0,0,2,0.6666666666666666,0.013888888888888888,0.5,0.09387590666117875,0.055964158577628445,2,0,0,1.0,2.0,3,2,1,9.863790938460564
medium_ER_25,ER_55_w_11_nodes,src/graph_reconstruct_attacks/data/medium_ER_25/ER_55_w_11_nodes,0,11,28,0.509090909090909,5.090909090909091,1.378704626191191,3,7,2.1180782093497093,0.5307359307359307,0.48,-0.3027646662171318,1,1,1.0,3,1.509090909090909,0,0,5.393387598753354,2.0989696143235568,15.58255709785079,0,7,0.7,0.6363636363636364,5.0,3,7,0.42857142857142855,9,16,0.5714285714285714,0.1351851851851852,0.7692307692307693,0.3797481182924745,0.12132944877657968,4,0,0,1.0,1.3,2,3,2,12.576762279339954
medium_ER_25,ER_55_w_12_nodes,src/graph_reconstruct_attacks/data/medium_ER_25/ER_55_w_12_nodes,0,12,30,0.45454545454545453,5.0,0.9128709291752769,3,6,1.7841591278514217,0.39999999999999997,0.408,-0.13385826771653828,1,1,1.0,2,1.5454545454545454,0,0,5.164534997340462,2.353993035295301,18.741678965478076,0,5,0.45454545454545453,0.4166666666666667,5.0,4,6,0.3,3,8,0.5333333333333333,0.06515151515151514,0.6470588235294118,0.271117769372087,0.08360820502819832,4,0,0,1.0,1.5454545454545454,2,5,1,15.489374957361969
medium_ER_25,ER_56_w_10_nodes,src/graph_reconstruct_attacks/data/medium_ER_25/ER_56_w_10_nodes,0,10,26,0.5777777777777777,5.2,0.8717797887081347,4,6,1.4854752972273344,0.42666666666666664,0.4247787610619469,-0.1741935483871032,1,1,1.0,2,1.4222222222222223,0,0,5.3294881861012335,3.1436772239793527,12.387098213094996,0,6,0.6666666666666666,0.6,5.5,4,6,0.5333333333333333,8,14,0.6666666666666666,0.044444444444444446,0.75,0.36941598690501204,0.11267198409732003,4,0,0,1.0,1.3333333333333333,2,5,1,9.863790938460564
medium_ER_25,ER_56_w_11_nodes,src/graph_reconstruct_attacks/data/medium_ER_25/ER_56_w_11_nodes,0,11,18,0.32727272727272727,3.272727272727273,0.9620913858416694,2,5,1.867633890971212,0.0787878787878788,0.13043478260869565,-0.10071942446043028,1,1,1.0,3,1.8363636363636364,0,0,3.557854180201911,0.9740910020074932,14.158602817677263,0,3,0.3,0.2727272727272727,3.0,2,4,0,0,3,0.5,0.05925925925925926,0.5,0.22287615469180047,0.08617048703848175,2,0,0,1.0,2.0,3,3,3,11.537652175065498
medium_ER_25,ER_56_w_12_nodes,src/graph_reconstruct_attacks/data/medium_ER_25/ER_56_w_12_nodes,0,12,26,0.3939393939393939,4.333333333333333,1.4337208778404378,2,6,2.084962500721156,0.44999999999999996,0.36363636363636365,-0.15121136173767846,1,1,1.0,3,1.7272727272727273,0,0,4.805796536878451,1.0878726639884888,18.218610094559647,0,5,0.45454545454545453,0.4166666666666667,4.8,3,6,0.4,4,9,0.6,0.07181818181818182,0.6111111111111112,0.3234246965405139,0.09312419859733645,4,0,0,1.0,1.6363636363636365,3,2,2,14.925172195511099
medium_ER_25,ER_57_w_10_nodes,src/graph_reconstruct_attacks/data/medium_ER_25/ER_57_w_10_nodes,0,10,22,0.4888888888888889,4.4,1.5620499351813308,2,7,2.2464393446710154,0.6438095238095238,0.5517241379310345,-0.21918941273779863,1,1,1.0,3,1.6,0,0,4.8911547811944995,1.2285754434949403,12.614550840229354,0,7,0.7777777777777778,0.7,4.142857142857143,2,7,0.38095238095238093,8,15,0.5357142857142857,0.324537037037037,0.8181818181818182,0.41456017822954105,0.15524373493389607,3,0,0,1.0,1.2222222222222223,2,2,1,9.745691626382566
medium_ER_25,ER_57_w_11_nodes,src/graph_reconstruct_attacks/data/medium_ER_25/ER_57_w_11_nodes,0,11,28,0.509090909090909,5.090909090909091,0.7925270806437588,4,6,1.5726236638951638,0.4272727272727273,0.4322033898305085,-0.13675213675213968,1,1,1.0,2,1.490909090909091,0,0,5.217677099927572,2.5230000951346443,15.58255709785079,0,5,0.5,0.45454545454545453,5.8,5,6,0.6,6,11,0.7333333333333333,0.024814814814814817,0.6666666666666666,0.3249651678972325,0.08823045368310474,4,0,0,1.0,1.5,2,4,1,12.614550840229354
medium_ER_25,ER_57_w_12_nodes,src/graph_reconstruct_attacks/data/medium_ER_25/ER_57_w_12_nodes,0,12,25,0.3787878787878788,4.166666666666667,0.9860132971832694,3,6,1.7295739585136223,0.3083333333333333,0.3176470588235294,-1.0022846750088267e-15,1,1,1.0,3,1.7121212121212122,0,0,4.444193856913412,1.6147185872149896,18.020799585810725,0,4,0.36363636363636365,0.3333333333333333,4.5,4,6,0.16666666666666666,1,5,0.5,0.06792207792207791,0.5789473684210527,0.2743261777234234,0.07980617739554356,3,0,0,1.0,1.7272727272727273,3,6,3,14.925172195511099
medium_ER_25,ER_58_w_10_nodes,src/graph_reconstruct_attacks/data/medium_ER_25/ER_58_w_10_nodes,0,10,25,0.5555555555555556,5.0,1.0954451150103321,3,7,2.1219280948873624,0.4614285714285714,0.4528301886792453,-0.29551820728291384,1,1,1.0,2,1.4444444444444444,0,0,5.196455345886889,2.5964763526166976,12.50104156540183,0,5,0.5555555555555556,0.5,4.8,4,6,0.3,3,8,0.5333333333333333,0.06712962962962962,0.6923076923076923,0.29770112787885816,0.10034452540152553,4,0,0,1.0,1.4444444444444444,2,4,1,9.863790938460564
medium_ER_25,ER_58_w_11_nodes,src/graph_reconstruct_attacks/data/medium_ER_25/ER_58_w_11_nodes,0,11,22,0.4,4.0,1.348399724926484,1,6,2.1180782093497093,0.3,0.3157894736842105,-0.2096219931271463,1,1,1.0,3,1.7272727272727273,1,1,4.419942547015692,0.8883494823756031,15.114228431731151,0,5,0.5,0.45454545454545453,4.2,3,5,0.2,2,7,0.4666666666666667,0.11166666666666668,0.625,0.34535572853142554,0.10923053112764897,3,0,0,1.0,1.6,3,4,2,12.042602523649927
medium_ER_25,ER_58_w_12_nodes,src/graph_reconstruct_attacks/data/medium_ER_25/ER_58_w_12_nodes,0,12,28,0.42424242424242425,4.666666666666667,1.1785113019775793,3,7,2.188721875540867,0.33888888888888885,0.32432432432432434,-0.15102770330652493,1,1,1.0,3,1.621212121212121,0,0,4.936335779533408,2.0519899680465885,18.53321289741289,0,5,0.45454545454545453,0.4166666666666667,5.0,3,7,0.3,3,8,0.5333333333333333,0.07196969696969695,0.6470588235294118,0.3013718243247388,0.08859155592435303,3,0,0,1.0,1.5454545454545454,2,3,1,15.271014535591446
medium_ER_25,ER_59_w_10_nodes,src/graph_reconstruct_attacks/data/medium_ER_25/ER_59_w_10_nodes,0,10,26,0.5777777777777777,5.2,1.661324772583615,2,8,2.321928094887362,0.6214285714285714,0.6341463414634146,-0.22558922558922684,1,1,1.0,2,1.4222222222222223,0,0,5.6775144552498364,1.826000871470877,12.387098213094996,0,7,0.7777777777777778,0.7,5.0,2,8,0.47619047619047616,10,17,0.6071428571428571,0.17824074074074073,0.8181818181818182,0.3679347338127391,0.13304524747130372,4,0,0,1.0,1.2222222222222223,2,1,1,9.93437201274627
medium_ER_25,ER_59_w_11_nodes,src/graph_reconstruct_attacks/data/medium_ER_25/ER_59_w_11_nodes,0,11,31,0.5636363636363636,5.636363636363637,0.9791208740244552,4,7,1.8585552118703144,0.47748917748917746,0.46308724832214765,-0.22956730769230846,1,1,1.0,2,1.4363636363636363,0,0,5.788880898410645,2.887095396623189,15.395953272199742,0,6,0.6,0.5454545454545454,5.333333333333333,4,6,0.3333333333333333,5,11,0.5238095238095238,0.06925925925925926,0.7142857142857143,0.29765226428553504,0.09665754905250243,4,0,0,1.0,1.4,2,5,1,12.50104156540183
medium_ER_25,ER_59_w_12_nodes,src/graph_reconstruct_attacks/data/medium_ER_25/ER_59_w_12_nodes,0,12,24,0.36363636363636365,4.0,1.7795130420052185,1,7,2.355388542207534,0.32182539682539685,0.3626373626373626,-0.16451857467778555,1,1,1.0,4,1.8484848484848484,1,1,4.755039323439204,0.7291234275115249,17.795490304084858,0,2,0.18181818181818182,0.16666666666666666,5.0,5,5,0,0,2,0.6666666666666666,0.004545454545454545,0.4583333333333333,0.13973562246139468,0.046786473881512525,2,0,0,1.0,2.1818181818181817,3,3,2,15.114228431731151
medium_ER_25,ER_5_w_10_nodes,src/graph_reconstruct_attacks/data/medium_ER_25/ER_5_w_10_nodes,0,10,23,0.5111111111111111,4.6,1.2,2,7,1.6854752972273344,0.51,0.43333333333333335,-0.3182503770739062,1,1,1.0,2,1.488888888888889,0,0,4.854866832255984,1.7473692696460084,12.614550840229354,0,7,0.7777777777777778,0.7,4.285714285714286,2,5,0.3333333333333333,7,14,0.5,0.21527777777777773,0.8181818181818182,0.42521154582505816,0.14737681322400398,4,0,0,1.0,1.2222222222222223,2,1,1,9.863790938460564
medium_ER_25,ER_5_w_11_nodes,src/graph_reconstruct_attacks/data/medium_ER_25/ER_5_w_11_nodes,0,11,26,0.4727272727272727,4.7272727272727275,1.6564424689353272,2,7,2.2312702546075758,0.45584415584415583,0.5089285714285714,-0.05625000000000122,1,1,1.0,3,1.5818181818181818,0,0,5.313773976475463,1.4157449957300585,15.551522864110824,0,3,0.3,0.2727272727272727,5.0,2,7,0.3333333333333333,1,4,0.6666666666666666,0.04518518518518518,0.5555555555555556,0.1611114683860218,0.06568210678847647,2,0,0,1.0,1.8,3,2,2,12.614550840229354
medium_ER_25,ER_5_w_12_nodes,src/graph_reconstruct_attacks/data/medium_ER_25/ER_5_w_12_nodes,0,12,23,0.3484848484848485,3.8333333333333335,1.0671873729054748,2,6,2.084962500721156,0.2111111111111111,0.20833333333333334,-0.20261437908496926,1,1,1.0,3,1.7727272727272727,0,0,4.094912834669407,1.5015806644203917,17.54223309021688,0,4,0.36363636363636365,0.3333333333333333,4.0,3,6,0,0,4,0.4,0.08454545454545453,0.5789473684210527,0.2788236122219379,0.08654678976791431,3,0,0,1.0,1.7272727272727273,3,4,3,14.448050940791438
medium_ER_25,ER_60_w_10_nodes,src/graph_reconstruct_attacks/data/medium_ER_25/ER_60_w_10_nodes,0,10,24,0.5333333333333333,4.8,1.16619037896906,3,7,2.1219280948873624,0.46428571428571425,0.4897959183673469,-0.06403940886699386,1,1,1.0,2,1.4666666666666666,0,0,5.082427840742209,2.4955140531506252,12.57676227933995,0,4,0.4444444444444444,0.4,4.5,3,6,0.3333333333333333,2,6,0.6,0.060185185185185175,0.6428571428571429,0.22676579743913022,0.0872906771956428,3,0,0,1.0,1.5555555555555556,2,4,3,9.863790938460564
medium_ER_25,ER_60_w_11_nodes,src/graph_reconstruct_attacks/data/medium_ER_25/ER_60_w_11_nodes,0,11,24,0.43636363636363634,4.363636363636363,1.2264306875665492,3,7,2.1180782093497093,0.47705627705627707,0.43820224719101125,-0.049847405900306604,1,1,1.0,3,1.6363636363636365,0,0,4.718471402455078,1.350006405407997,15.395953272199742,0,4,0.4,0.36363636363636365,5.0,4,6,0.5,3,7,0.7,0.024074074074074074,0.625,0.2908607738497631,0.08286677319586144,3,0,0,1.0,1.6,2,4,2,12.501041565401833
medium_ER_25,ER_60_w_12_nodes,src/graph_reconstruct_attacks/data/medium_ER_25/ER_60_w_12_nodes,0,12,20,0.30303030303030304,3.3333333333333335,1.8408935028645437,1,7,2.688721875540867,0.4222222222222222,0.40298507462686567,-0.19911176905995548,1,1,1.0,3,1.9393939393939394,2,3,4.259131209001975,0.708514400082799,16.60917987984748,0,2,0.18181818181818182,0.16666666666666666,4.0,2,6,1.0,1,3,1.0,0.0,0.44,0.12617479238403545,0.05689123415545709,2,0,0,1.0,2.272727272727273,3,3,2,14.158602817677263
medium_ER_25,ER_61_w_10_nodes,src/graph_reconstruct_attacks/data/medium_ER_25/ER_61_w_10_nodes,0,10,24,0.5333333333333333,4.8,1.8867962264113207,2,8,2.446439344671015,0.7769047619047619,0.6330275229357798,-0.3296763576522247,1,1,1.0,3,1.488888888888889,0,0,5.401706553071922,1.6542017814074559,12.57676227933995,0,5,0.5555555555555556,0.5,6.0,3,8,0.8,8,13,0.8666666666666667,0.018518518518518517,0.6923076923076923,0.33623573391566597,0.10206859296407243,4,0,0,1.0,1.4444444444444444,2,2,1,9.93437201274627
medium_ER_25,ER_61_w_11_nodes,src/graph_reconstruct_attacks/data/medium_ER_25/ER_61_w_11_nodes,0,11,23,0.41818181818181815,4.181818181818182,1.526623238522424,1,7,2.3685225277282065,0.3255411255411255,0.3488372093023256,-0.15115115115115252,1,1,1.0,3,1.7272727272727273,1,1,4.698264329658372,0.8258451711642191,15.271014535591446,0,4,0.4,0.36363636363636365,4.75,3,7,0.16666666666666666,1,5,0.5,0.058641975308641965,0.5882352941176471,0.27198175493241683,0.08629703693152511,3,0,0,1.0,1.7,3,4,2,12.387098213094996
medium_ER_25,ER_61_w_12_nodes,src/graph_reconstruct_attacks/data/medium_ER_25/ER_61_w_12_nodes,0,12,23,0.3484848484848485,3.8333333333333335,1.4624940645653537,1,6,2.4591479170272446,0.2388888888888889,0.3076923076923077,-0.22146892655367448,1,1,1.0,4,1.803030303030303,1,1,4.396636052115518,0.8536050552143214,17.54223309021688,0,6,0.5454545454545454,0.5,4.5,3,6,0.4666666666666667,7,13,0.6190476190476191,0.10575757575757574,0.6875,0.4499989725932266,0.12089578481655873,3,0,0,1.0,1.4545454545454546,2,2,1,13.834091726163757
medium_ER_25,ER_62_w_10_nodes,src/graph_reconstruct_attacks/data/medium_ER_25/ER_62_w_10_nodes,0,10,26,0.5777777777777777,5.2,1.7776388834631176,3,8,2.2464393446710154,0.6238095238095238,0.528,-0.5639981908638572,1,1,1.0,2,1.4222222222222223,0,0,5.599246274230433,2.7358678862046317,12.387098213094996,0,7,0.7777777777777778,0.7,4.714285714285714,3,8,0.38095238095238093,8,15,0.5357142857142857,0.12361111111111109,0.8181818181818182,0.3658146594573172,0.1319018751409812,4,0,0,1.0,1.2222222222222223,2,1,1,9.93437201274627
medium_ER_25,ER_62_w_11_nodes,src/graph_reconstruct_attacks/data/medium_ER_25/ER_62_w_11_nodes,0,11,30,0.5454545454545454,5.454545454545454,1.6713433009863852,3,8,2.481714572986073,0.5939393939393939,0.5436241610738255,-0.29226493747104687,1,1,1.0,2,1.4545454545454546,0,0,5.883802378585023,2.3988319979697406,15.489374957361973,0,7,0.7,0.6363636363636364,6.142857142857143,4,8,0.6190476190476191,13,20,0.7142857142857143,0.04518518518518518,0.7692307692307693,0.38384106755318304,0.11193284808061114,4,0,0,1.0,1.3,2,3,1,12.614550840229354
medium_ER_25,ER_62_w_12_nodes,src/graph_reconstruct_attacks/data/medium_ER_25/ER_62_w_12_nodes,0,12,31,0.4696969696969697,5.166666666666667,1.1426091000668408,3,7,2.117492461184755,0.44246031746031744,0.41605839416058393,-0.1414225941422641,1,1,1.0,3,1.5454545454545454,0,0,5.402229097114786,2.4554601169095784,18.806619772411096,0,4,0.36363636363636365,0.3333333333333333,6.0,5,7,0.6666666666666666,4,8,0.8,0.00818181818181818,0.5789473684210527,0.24021778367164584,0.06643034690046656,4,0,0,1.0,1.7272727272727273,3,2,1,15.58255709785079
medium_ER_25,ER_63_w_10_nodes,src/graph_reconstruct_attacks/data/medium_ER_25/ER_63_w_10_nodes,0,10,20,0.4444444444444444,4.0,1.1832159566199232,3,6,1.7609640474436812,0.38666666666666666,0.3582089552238806,-0.23613312202852504,1,1,1.0,3,1.6222222222222222,0,0,4.303044229742871,1.522370026241986,12.501041565401833,0,6,0.6666666666666666,0.6,3.8333333333333335,3,6,0.26666666666666666,4,10,0.47619047619047616,0.19907407407407407,0.75,0.42753130642476345,0.1437738923275455,3,0,0,1.0,1.3333333333333333,2,2,1,9.579360204616043
medium_ER_25,ER_63_w_11_nodes,src/graph_reconstruct_attacks/data/medium_ER_25/ER_63_w_11_nodes,0,11,27,0.4909090909090909,4.909090909090909,1.311109554714178,3,7,2.1180782093497093,0.4095238095238095,0.46956521739130436,0.09920983318700646,1,1,1.0,3,1.5454545454545454,0,0,5.310891953825672,2.1294340850217424,15.58255709785079,0,4,0.4,0.36363636363636365,6.0,5,7,0.8333333333333334,5,9,0.9,0.0044444444444444444,0.5882352941176471,0.270826397124189,0.07470202473069144,4,0,0,1.0,1.7,3,3,1,12.614550840229354
medium_ER_25,ER_63_w_12_nodes,src/graph_reconstruct_attacks/data/medium_ER_25/ER_63_w_12_nodes,0,12,32,0.48484848484848486,5.333333333333333,1.1055415967851332,4,8,1.780672129520887,0.39365079365079364,0.410958904109589,-0.06666666666666667,1,1,1.0,2,1.5151515151515151,0,0,5.562498994430597,2.9260307000917285,18.845537838441462,0,6,0.5454545454545454,0.5,5.5,4,8,0.4666666666666667,7,13,0.6190476190476191,0.0606060606060606,0.6875,0.3141176890561318,0.0926025001300339,4,0,0,1.0,1.4545454545454546,2,1,1,15.551522864110824
medium_ER_25,ER_64_w_10_nodes,src/graph_reconstruct_attacks/data/medium_ER_25/ER_64_w_10_nodes,0,10,25,0.5555555555555556,5.0,1.0,4,7,1.8464393446710154,0.489047619047619,0.5142857142857142,-4.420332412859455e-15,1,1,1.0,2,1.4444444444444444,0,0,5.2110353550722355,2.703792627990011,12.50104156540183,0,5,0.5555555555555556,0.5,5.4,4,7,0.6,6,11,0.7333333333333333,0.037037037037037035,0.6923076923076923,0.31564825632252963,0.0998807303485897,4,0,0,1.0,1.4444444444444444,2,3,1,9.863790938460564
medium_ER_25,ER_64_w_11_nodes,src/graph_reconstruct_attacks/data/medium_ER_25/ER_64_w_11_nodes,0,11,23,0.41818181818181815,4.181818181818182,1.3360853142453697,2,6,1.823067982273661,0.4575757575757576,0.39759036144578314,-0.04289215686274501,1,1,1.0,3,1.7272727272727273,0,0,4.647384120346098,0.981598695471703,15.271014535591446,0,6,0.6,0.5454545454545454,4.333333333333333,3,5,0.3333333333333333,5,11,0.5238095238095238,0.18888888888888888,0.7142857142857143,0.3983773668473674,0.12383130680638914,3,0,0,1.0,1.4,2,2,2,12.042602523649927
medium_ER_25,ER_64_w_12_nodes,src/graph_reconstruct_attacks/data/medium_ER_25/ER_64_w_12_nodes,0,12,25,0.3787878787878788,4.166666666666667,1.3437096247164249,1,6,2.188721875540867,0.3638888888888889,0.3333333333333333,-0.2999999999999988,1,1,1.0,3,1.7424242424242424,1,1,4.543492814342359,0.8335875207831054,18.020799585810725,0,6,0.5454545454545454,0.5,4.166666666666667,3,5,0.26666666666666666,4,10,0.47619047619047616,0.187012987012987,0.6875,0.37387692786175913,0.11503010450518514,3,0,0,1.0,1.4545454545454546,2,2,1,14.448050940791438
medium_ER_25,ER_65_w_10_nodes,src/graph_reconstruct_attacks/data/medium_ER_25/ER_65_w_10_nodes,0,10,23,0.5111111111111111,4.6,1.3564659966250536,2,7,1.9609640474436814,0.5609523809523809,0.4891304347826087,-0.28205128205128444,1,1,1.0,2,1.488888888888889,0,0,4.949871268070983,1.7232672672773963,12.614550840229354,0,4,0.4444444444444444,0.4,5.75,4,7,0.8333333333333334,5,9,0.9,0.006944444444444444,0.6428571428571429,0.3048270370831386,0.08703910527003736,4,0,0,1.0,1.5555555555555556,2,5,1,9.93437201274627
medium_ER_25,ER_65_w_11_nodes,src/graph_reconstruct_attacks/data/medium_ER_25/ER_65_w_11_nodes,0,11,25,0.45454545454545453,4.545454545454546,1.6713433009863852,2,8,2.1180782093497093,0.4354978354978355,0.40384615384615385,-0.28135223555070893,1,1,1.0,3,1.5818181818181818,0,0,5.059684087152196,1.6902273990450791,15.489374957361969,0,4,0.4,0.36363636363636365,5.0,4,6,0.3333333333333333,2,6,0.6,0.02777777777777778,0.5882352941176471,0.24992286219272894,0.08098835213709711,3,0,0,1.0,1.7,3,4,1,12.576762279339954
medium_ER_25,ER_65_w_12_nodes,src/graph_reconstruct_attacks/data/medium_ER_25/ER_65_w_12_nodes,0,12,28,0.42424242424242425,4.666666666666667,1.1785113019775793,3,6,1.9591479170272448,0.41944444444444445,0.40540540540540543,-0.11882229232386946,1,1,1.0,3,1.6363636363636365,0,0,4.959545737449705,1.58223849266489,18.53321289741289,0,6,0.5454545454545454,0.5,4.5,3,6,0.26666666666666666,4,10,0.47619047619047616,0.1583333333333333,0.6875,0.3408643871841655,0.10473397066808926,3,0,0,1.0,1.4545454545454546,2,4,1,15.114228431731151
medium_ER_25,ER_66_w_10_nodes,src/graph_reconstruct_attacks/data/medium_ER_25/ER_66_w_10_nodes,0,10,29,0.6444444444444445,5.8,1.5362291495737217,4,9,1.8464393446710154,0.6607936507936507,0.6357615894039735,-0.26718252162039235,1,1,1.0,2,1.3555555555555556,0,0,6.125851400890175,3.246752331024942,11.810653447129246,0,5,0.5555555555555556,0.5,6.4,4,9,0.6,6,11,0.7333333333333333,0.031018518518518518,0.6923076923076923,0.26946356494307927,0.08828352452251752,4,0,0,1.0,1.4444444444444444,2,4,2,9.09749251487192
medium_ER_25,ER_66_w_11_nodes,src/graph_reconstruct_attacks/data/medium_ER_25/ER_66_w_11_nodes,0,11,22,0.4,4.0,1.4770978917519928,2,7,2.368522527728207,0.4497835497835498,0.4230769230769231,-0.07027027027027202,1,1,1.0,3,1.7272727272727273,0,0,4.522588070712864,1.24966445933752,15.114228431731151,0,3,0.3,0.2727272727272727,4.333333333333333,3,6,0.3333333333333333,1,4,0.6666666666666666,0.018518518518518517,0.5263157894736842,0.2070638293427949,0.07113225307077736,3,0,0,1.0,1.9,3,2,1,12.387098213094996
medium_ER_25,ER_66_w_12_nodes,src/graph_reconstruct_attacks/data/medium_ER_25/ER_66_w_12_nodes,0,12,23,0.3484848484848485,3.8333333333333335,1.3437096247164249,2,7,2.188721875540867,0.41150793650793654,0.35526315789473684,-0.17346938775510282,1,1,1.0,3,1.8484848484848484,0,0,4.300274572595264,0.8365384632810363,17.54223309021688,0,5,0.45454545454545453,0.4166666666666667,4.4,3,7,0.5,5,10,0.6666666666666666,0.04878787878787879,0.5789473684210527,0.3914758843516069,0.10227901831883218,3,0,0,1.0,1.7272727272727273,3,2,1,14.158602817677263
medium_ER_25,ER_67_w_10_nodes,src/graph_reconstruct_attacks/data/medium_ER_25/ER_67_w_10_nodes,0,10,30,0.6666666666666666,6.0,1.5491933384829668,4,8,2.1709505944546685,0.6761904761904762,0.6851851851851852,-0.15264797507788175,1,1,1.0,2,1.3333333333333333,0,0,6.366633434240551,3.179258660778003,11.537652175065501,0,5,0.5555555555555556,0.5,6.8,4,8,0.7,7,12,0.8,0.023148148148148143,0.6923076923076923,0.2663939041931739,0.08550060507922166,4,0,0,1.0,1.4444444444444444,2,1,1,8.778733752247508
medium_ER_25,ER_67_w_11_nodes,src/graph_reconstruct_attacks/data/medium_ER_25/ER_67_w_11_nodes,0,11,22,0.4,4.0,0.8528028654224418,3,5,1.5726236638951638,0.16363636363636364,0.17142857142857143,-0.30952380952380737,1,1,1.0,3,1.6363636363636365,0,0,4.1548988801342235,1.8557686751926852,15.114228431731151,0,3,0.3,0.2727272727272727,4.666666666666667,4,5,0,0,3,0.5,0.02857142857142857,0.5555555555555556,0.2345352003368157,0.07086971229754169,3,0,0,1.0,1.8,3,4,2,12.387098213094996
medium_ER_25,ER_67_w_12_nodes,src/graph_reconstruct_attacks/data/medium_ER_25/ER_67_w_12_nodes,0,12,35,0.5303030303030303,5.833333333333333,1.51840559652405,3,8,2.2841591278514217,0.5025793650793651,0.5245901639344263,-0.02763385146804745,1,1,1.0,3,1.4848484848484849,0,0,6.23731703034187,2.499410788392004,18.806619772411096,0,3,0.2727272727272727,0.25,6.0,5,7,0.3333333333333333,1,4,0.6666666666666666,0.010606060606060605,0.55,0.12944089890958846,0.04946057943904185,3,0,0,1.0,1.8181818181818181,3,1,1,15.271014535591442
medium_ER_25,ER_68_w_10_nodes,src/graph_reconstruct_attacks/data/medium_ER_25/ER_68_w_10_nodes,0,10,23,0.5111111111111111,4.6,1.624807680927192,1,7,2.446439344671015,0.4923809523809524,0.53125,-0.12587412587412927,1,1,1.0,3,1.5777777777777777,1,1,5.15205805057054,0.8588503769469108,12.614550840229354,0,6,0.6666666666666666,0.6,5.333333333333333,4,7,0.6,9,15,0.7142857142857143,0.07175925925925924,0.75,0.39724103062607063,0.12472832503106689,4,0,0,1.0,1.3333333333333333,2,2,1,9.93437201274627
medium_ER_25,ER_68_w_11_nodes,src/graph_reconstruct_attacks/data/medium_ER_25/ER_68_w_11_nodes,0,11,30,0.5454545454545454,5.454545454545454,0.9875254992000195,4,7,1.9362600275315274,0.4930735930735931,0.4748201438848921,-0.3463751438434959,1,1,1.0,2,1.4545454545454546,0,0,5.595808495905506,2.9219003705868847,15.489374957361973,0,6,0.6,0.5454545454545454,5.833333333333333,5,7,0.5333333333333333,8,14,0.6666666666666666,0.05185185185185185,0.7142857142857143,0.3370968787616886,0.09818287858878459,4,0,0,1.0,1.4,2,3,1,12.57676227933995
medium_ER_25,ER_68_w_12_nodes,src/graph_reconstruct_attacks/data/medium_ER_25/ER_68_w_12_nodes,0,12,22,0.3333333333333333,3.6666666666666665,1.3743685418725535,1,6,2.3553885422075336,0.3194444444444444,0.3,-0.17213114754098524,1,1,1.0,4,1.9545454545454546,1,1,4.2035641906984225,0.5631062470336926,17.260508249748288,0,4,0.36363636363636365,0.3333333333333333,5.25,5,6,0.3333333333333333,2,6,0.6,0.06484848484848485,0.5789473684210527,0.35231386781796165,0.08552946420265763,3,0,0,1.0,1.7272727272727273,3,2,2,14.158602817677263
medium_ER_25,ER_69_w_10_nodes,src/graph_reconstruct_attacks/data/medium_ER_25/ER_69_w_10_nodes,0,10,27,0.6,5.4,1.1135528725660042,4,7,1.9709505944546686,0.5757142857142857,0.576,-0.08371559633027466,1,1,1.0,2,1.4,0,0,5.62680955842709,2.7696660456388353,12.234488049888835,0,4,0.4444444444444444,0.4,5.75,4,7,0.6666666666666666,4,8,0.8,0.012499999999999997,0.6428571428571429,0.22492427407377957,0.07820289966583793,4,0,0,1.0,1.5555555555555556,2,3,2,9.36376040427669
medium_ER_25,ER_69_w_11_nodes,src/graph_reconstruct_attacks/data/medium_ER_25/ER_69_w_11_nodes,0,11,26,0.4727272727272727,4.7272727272727275,1.3545149477955762,3,7,2.1867043459100244,0.47316017316017317,0.4766355140186916,-0.06605922551252737,1,1,1.0,3,1.5454545454545454,0,0,5.128680242851635,2.063938505618364,15.551522864110824,0,4,0.4,0.36363636363636365,5.25,3,7,0.5,3,7,0.7,0.0462962962962963,0.625,0.2444385325787284,0.07930110271741281,3,0,0,1.0,1.6,2,4,1,12.614550840229354
medium_ER_25,ER_69_w_12_nodes,src/graph_reconstruct_attacks/data/medium_ER_25/ER_69_w_12_nodes,0,12,24,0.36363636363636365,4.0,1.632993161855452,1,6,2.2516291673878226,0.2611111111111111,0.375,0.15094339622641387,1,1,1.0,5,1.9090909090909092,2,2,4.75190950165236,0.5823468312065271,17.795490304084858,0,5,0.45454545454545453,0.4166666666666667,5.0,3,6,0.4,4,9,0.6,0.07363636363636362,0.6111111111111112,0.35106154334038764,0.09808030564862621,3,0,0,1.0,1.6363636363636365,3,4,2,14.448050940791438
medium_ER_25,ER_6_w_10_nodes,src/graph_reconstruct_attacks/data/medium_ER_25/ER_6_w_10_nodes,0,10,26,0.5777777777777777,5.2,1.0770329614269007,3,7,2.0464393446710156,0.5009523809523809,0.5217391304347826,-0.024817518248172875,1,1,1.0,2,1.4222222222222223,0,0,5.431665018965189,2.4816333161282738,12.387098213094996,0,4,0.4444444444444444,0.4,5.25,3,7,0.5,3,7,0.7,0.03333333333333333,0.6428571428571429,0.22329038431285977,0.08169097885145658,3,0,0,1.0,1.5555555555555556,2,1,1,9.579360204616044
medium_ER_25,ER_6_w_11_nodes,src/graph_reconstruct_attacks/data/medium_ER_25/ER_6_w_11_nodes,0,11,23,0.41818181818181815,4.181818181818182,1.2662171161076472,2,6,2.0403733936884962,0.4666666666666666,0.43902439024390244,-0.08809135399673666,1,1,1.0,3,1.690909090909091,0,0,4.565067326504044,1.2579010473740504,15.271014535591446,0,3,0.3,0.2727272727272727,5.0,4,6,0.6666666666666666,2,5,0.8333333333333334,0.007407407407407408,0.5,0.23834756863323636,0.06708057089199705,3,0,0,1.0,2.0,3,1,1,12.501041565401833
medium_ER_25,ER_6_w_12_nodes,src/graph_reconstruct_attacks/data/medium_ER_25/ER_6_w_12_nodes,0,12,28,0.42424242424242425,4.666666666666667,1.4337208778404378,3,8,1.6258145836939115,0.47400793650793654,0.41739130434782606,-0.29230769230768916,1,1,1.0,3,1.621212121212121,0,0,5.031774944952933,1.632669876911062,18.53321289741289,0,5,0.45454545454545453,0.4166666666666667,5.4,3,8,0.5,5,10,0.6666666666666666,0.06471861471861472,0.6470588235294118,0.3174198415210938,0.08748323178525598,3,0,0,1.0,1.5454545454545454,2,6,2,15.271014535591446
medium_ER_25,ER_70_w_10_nodes,src/graph_reconstruct_attacks/data/medium_ER_25/ER_70_w_10_nodes,0,10,22,0.4888888888888889,4.4,1.0198039027185568,2,6,1.7219280948873623,0.4,0.3375,-0.2872340425531884,1,1,1.0,3,1.5333333333333334,0,0,4.615294585149805,1.6218499301258822,12.614550840229354,0,4,0.4444444444444444,0.4,5.25,5,6,0.5,3,7,0.7,0.03333333333333334,0.6428571428571429,0.3102616314726209,0.09070205537305522,4,0,0,1.0,1.5555555555555556,2,4,2,9.957853108595794
medium_ER_25,ER_70_w_11_nodes,src/graph_reconstruct_attacks/data/medium_ER_25/ER_70_w_11_nodes,0,11,28,0.509090909090909,5.090909090909091,1.311109554714178,3,7,2.186704345910025,0.5324675324675324,0.4838709677419355,-0.14333333333333326,1,1,1.0,3,1.509090909090909,0,0,5.405024986267272,2.2364928152547527,15.58255709785079,0,6,0.6,0.5454545454545454,5.833333333333333,5,7,0.6,9,15,0.7142857142857143,0.040370370370370376,0.7142857142857143,0.3684667153494005,0.10328751606997086,4,0,0,1.0,1.4,2,2,1,12.614550840229354
medium_ER_25,ER_70_w_12_nodes,src/graph_reconstruct_attacks/data/medium_ER_25/ER_70_w_12_nodes,0,12,27,0.4090909090909091,4.5,1.4433756729740645,1,6,2.054585169337799,0.31666666666666665,0.3644859813084112,-0.098086124401917,1,1,1.0,3,1.7121212121212122,1,1,4.9773558042289885,0.8300944048686161,18.389306321728604,0,4,0.36363636363636365,0.3333333333333333,5.75,5,6,0.6666666666666666,4,8,0.8,0.011111111111111112,0.55,0.28932032221344733,0.07249088717535643,3,0,0,1.0,1.8181818181818181,3,1,1,15.271014535591446
medium_ER_25,ER_71_w_10_nodes,src/graph_reconstruct_attacks/data/medium_ER_25/ER_71_w_10_nodes,0,10,24,0.5333333333333333,4.8,1.6613247725836149,3,8,2.446439344671015,0.6538095238095238,0.5428571428571428,-0.3263525305410119,1,1,1.0,2,1.4666666666666666,0,0,5.242083009539804,2.185182406702423,12.57676227933995,0,3,0.3333333333333333,0.3,6.333333333333333,4,8,1.0,3,6,1.0,0.0,0.6,0.21309446151314299,0.06733427855159009,3,0,0,1.0,1.6666666666666667,2,3,3,9.74569162638257
medium_ER_25,ER_71_w_11_nodes,src/graph_reconstruct_attacks/data/medium_ER_25/ER_71_w_11_nodes,0,11,25,0.45454545454545453,4.545454545454546,1.6160353486028343,2,7,2.413088436425758,0.5489177489177489,0.46601941747572817,-0.22401073105298502,1,1,1.0,3,1.6,0,0,5.068691724169072,1.5675685881007526,15.489374957361969,0,7,0.7,0.6363636363636364,5.0,3,7,0.5238095238095238,11,18,0.6428571428571429,0.09746031746031747,0.7692307692307693,0.4421742541784546,0.13144723671555164,3,0,0,1.0,1.3,2,2,1,12.234488049888835
medium_ER_25,ER_71_w_12_nodes,src/graph_reconstruct_attacks/data/medium_ER_25/ER_71_w_12_nodes,0,12,28,0.42424242424242425,4.666666666666667,1.178511301977579,3,7,2.188721875540867,0.4464285714285714,0.4594594594594595,-0.05093833780160345,1,1,1.0,3,1.6666666666666667,0,0,5.021332973472823,1.387497149107584,18.53321289741289,0,4,0.36363636363636365,0.3333333333333333,5.75,5,7,0.6666666666666666,4,8,0.8,0.03411255411255411,0.5789473684210527,0.2803998466477065,0.07104519826526685,3,0,0,1.0,1.7272727272727273,3,4,1,15.395953272199742
medium_ER_25,ER_72_w_10_nodes,src/graph_reconstruct_attacks/data/medium_ER_25/ER_72_w_10_nodes,0,10,23,0.5111111111111111,4.6,1.42828568570857,1,6,1.895461844238322,0.47000000000000003,0.5161290322580645,-0.2196969696969692,1,1,1.0,3,1.5555555555555556,1,1,5.019884120481352,0.9092233529619048,12.614550840229354,0,6,0.6666666666666666,0.6,4.5,1,6,0.4666666666666667,7,13,0.6190476190476191,0.25,0.75,0.36650248824502446,0.1340636572780399,4,1,1,1.0,1.3333333333333333,2,3,1,9.93437201274627
medium_ER_25,ER_72_w_11_nodes,src/graph_reconstruct_attacks/data/medium_ER_25/ER_72_w_11_nodes,0,11,22,0.4,4.0,1.4142135623730951,1,6,2.2998963911678914,0.3242424242424242,0.38961038961038963,-0.20754716981132412,1,1,1.0,4,1.7454545454545454,1,1,4.483055349119322,0.8029728096507781,15.114228431731151,0,5,0.5,0.45454545454545453,4.4,2,6,0.4,4,9,0.6,0.12407407407407409,0.625,0.3572225187173555,0.10960943720399574,3,0,0,1.0,1.6,3,4,1,12.042602523649927
medium_ER_25,ER_72_w_12_nodes,src/graph_reconstruct_attacks/data/medium_ER_25/ER_72_w_12_nodes,0,12,20,0.30303030303030304,3.3333333333333335,1.6499158227686108,1,6,2.5220552088742,0.2722222222222222,0.2857142857142857,-0.2828601472134612,1,1,1.0,4,1.9545454545454546,2,2,4.0586202445352955,0.6697480430839012,16.60917987984748,0,1,0.09090909090909091,0.08333333333333333,4.0,4,4,0,0,1,1.0,0.0,0.36666666666666664,0.07281171345758339,0.03424067081713458,1,0,1,1.0,2.727272727272727,4,2,2,14.448050940791438
medium_ER_25,ER_73_w_10_nodes,src/graph_reconstruct_attacks/data/medium_ER_25/ER_73_w_10_nodes,0,10,24,0.5333333333333333,4.8,1.5362291495737217,3,8,2.1709505944546685,0.5997619047619047,0.5533980582524272,-0.26754690757470323,1,1,1.0,3,1.488888888888889,0,0,5.207644780602672,2.0921200595948237,12.57676227933995,0,6,0.6666666666666666,0.6,5.166666666666667,3,8,0.6,9,15,0.7142857142857143,0.0787037037037037,0.75,0.38145342658750503,0.12110839928886878,3,0,0,1.0,1.3333333333333333,2,2,1,9.957853108595794
medium_ER_25,ER_73_w_11_nodes,src/graph_reconstruct_attacks/data/medium_ER_25/ER_73_w_11_nodes,0,11,24,0.43636363636363634,4.363636363636363,2.10076727423479,2,8,2.1867043459100244,0.677056277056277,0.4857142857142857,-0.46094609460946345,1,1,1.0,3,1.6,0,0,5.093713629798282,1.612709526925185,15.395953272199742,0,3,0.3,0.2727272727272727,7.0,5,8,0.6666666666666666,2,5,0.8333333333333334,0.005555555555555556,0.5882352941176471,0.2346675209679035,0.06486159896014294,3,0,0,1.0,1.7,2,4,3,12.576762279339954
medium_ER_25,ER_73_w_12_nodes,src/graph_reconstruct_attacks/data/medium_ER_25/ER_73_w_12_nodes,0,12,34,0.5151515151515151,5.666666666666667,1.6499158227686108,3,9,2.625814583693911,0.506547619047619,0.5142857142857142,-0.1738466238924541,1,1,1.0,2,1.4848484848484849,0,0,6.117728836286533,2.4089678777483794,18.845537838441466,0,6,0.5454545454545454,0.5,6.833333333333333,5,9,0.7333333333333333,11,17,0.8095238095238095,0.018787878787878787,0.6875,0.32832141142616683,0.0857586664896498,4,0,0,1.0,1.4545454545454546,2,3,1,15.58255709785079
medium_ER_25,ER_74_w_10_nodes,src/graph_reconstruct_attacks/data/medium_ER_25/ER_74_w_10_nodes,0,10,27,0.6,5.4,1.2,3,7,2.1709505944546685,0.628095238095238,0.5952380952380952,-0.2727272727272734,1,1,1.0,2,1.4,0,0,5.631394026714962,2.5954707432589554,12.234488049888835,0,5,0.5555555555555556,0.5,6.0,5,7,0.7,7,12,0.8,0.02175925925925926,0.6923076923076923,0.30220809933631887,0.09282971382941782,4,0,0,1.0,1.4444444444444444,2,3,1,9.579360204616044
medium_ER_25,ER_74_w_11_nodes,src/graph_reconstruct_attacks/data/medium_ER_25/ER_74_w_11_nodes,0,11,20,0.36363636363636365,3.6363636363636362,1.36666330712481,1,6,2.413088436425758,0.3060606060606061,0.3333333333333333,-0.2182741116751271,1,1,1.0,3,1.7818181818181817,1,1,4.104880700403856,0.8320110420214685,14.70332344589474,0,3,0.3,0.2727272727272727,3.6666666666666665,2,5,0,0,3,0.5,0.06851851851851852,0.5555555555555556,0.19669973108454025,0.08005457911201268,2,0,0,1.0,1.8,3,3,1,12.042602523649927
medium_ER_25,ER_74_w_12_nodes,src/graph_reconstruct_attacks/data/medium_ER_25/ER_74_w_12_nodes,0,12,29,0.4393939393939394,4.833333333333333,1.462494064565354,2,7,2.4591479170272446,0.4361111111111111,0.43548387096774194,-0.21227955584585084,1,1,1.0,3,1.606060606060606,0,0,5.246237505254236,1.406987953509582,18.65059849613075,0,6,0.5454545454545454,0.5,5.166666666666667,4,7,0.4666666666666667,7,13,0.6190476190476191,0.06060606060606059,0.6470588235294118,0.3497484368251514,0.09911213848158977,4,0,0,1.0,1.5454545454545454,3,2,2,15.271014535591446
medium_ER_25,ER_75_w_10_nodes,src/graph_reconstruct_attacks/data/medium_ER_25/ER_75_w_10_nodes,0,10,31,0.6888888888888889,6.2,1.16619037896906,4,8,1.9609640474436814,0.6616666666666666,0.6607142857142857,-0.15910898965791379,1,1,1.0,2,1.3111111111111111,0,0,6.397687676436467,3.6130162778195825,11.222381740286913,0,6,0.6666666666666666,0.6,6.5,5,8,0.6666666666666666,10,16,0.7619047619047619,0.03194444444444444,0.75,0.3046965197672904,0.097036702297435,5,0,0,1.0,1.3333333333333333,2,5,2,8.778733752247508
medium_ER_25,ER_75_w_11_nodes,src/graph_reconstruct_attacks/data/medium_ER_25/ER_75_w_11_nodes,0,11,26,0.4727272727272727,4.7272727272727275,1.54277843167974,2,7,2.3685225277282065,0.5341991341991341,0.4636363636363636,-0.2586445366528318,1,1,1.0,3,1.5454545454545454,0,0,5.1548024727148505,1.7676579299195287,15.551522864110824,0,4,0.4,0.36363636363636365,5.25,3,7,0.5,3,7,0.7,0.03518518518518519,0.625,0.244751491206289,0.07909489044673153,3,0,0,1.0,1.6,2,4,2,12.614550840229354
medium_ER_25,ER_75_w_12_nodes,src/graph_reconstruct_attacks/data/medium_ER_25/ER_75_w_12_nodes,0,12,16,0.24242424242424243,2.6666666666666665,0.9428090415820634,1,5,1.6258145836939115,0.32222222222222224,0.28125,-0.125,1,1,1.0,5,2.4242424242424243,2,2,3.027208035799396,0.28754491464226184,14.932179723270043,0,3,0.2727272727272727,0.25,2.6666666666666665,2,3,0.3333333333333333,1,4,0.6666666666666666,0.1696969696969697,0.4230769230769231,0.21474668213378284,0.09071181159613871,2,0,0,1.0,2.3636363636363638,4,6,3,12.161722179459781
medium_ER_25,ER_76_w_10_nodes,src/graph_reconstruct_attacks/data/medium_ER_25/ER_76_w_10_nodes,0,10,27,0.6,5.4,1.0198039027185568,4,8,1.5709505944546687,0.5969047619047619,0.5806451612903226,-0.12982832618025889,1,1,1.0,2,1.4,0,0,5.568980769522739,2.796535764258338,12.234488049888835,0,6,0.6666666666666666,0.6,5.5,4,8,0.5333333333333333,8,14,0.6666666666666666,0.07407407407407407,0.75,0.33944575719547243,0.10988589823309482,4,0,0,1.0,1.3333333333333333,2,2,2,9.74569162638257
medium_ER_25,ER_76_w_11_nodes,src/graph_reconstruct_attacks/data/medium_ER_25/ER_76_w_11_nodes,0,11,34,0.6181818181818182,6.181818181818182,1.1922615498730909,4,8,1.971747257128181,0.5603896103896104,0.5543478260869565,-0.24897959183673657,1,1,1.0,2,1.3818181818181818,0,0,6.377913549581506,3.672254657853771,14.925172195511095,0,6,0.6,0.5454545454545454,6.333333333333333,4,8,0.4666666666666667,7,13,0.6190476190476191,0.046296296296296294,0.7142857142857143,0.2857986068704732,0.08894303504787515,5,0,0,1.0,1.4,2,1,1,12.042602523649927
medium_ER_25,ER_76_w_12_nodes,src/graph_reconstruct_attacks/data/medium_ER_25/ER_76_w_12_nodes,0,12,26,0.3939393939393939,4.333333333333333,1.649915822768611,1,7,2.625814583693911,0.4472222222222222,0.4077669902912621,-0.3684210526315775,1,1,1.0,4,1.7727272727272727,1,1,4.889275958459132,0.8382786399923717,18.218610094559647,0,6,0.5454545454545454,0.5,5.0,4,7,0.4666666666666667,7,13,0.6190476190476191,0.07610389610389609,0.6470588235294118,0.3933709193129574,0.10809684546782268,3,0,0,1.0,1.5454545454545454,3,2,1,14.70332344589474
medium_ER_25,ER_77_w_10_nodes,src/graph_reconstruct_attacks/data/medium_ER_25/ER_77_w_10_nodes,0,10,23,0.5111111111111111,4.6,1.3564659966250536,3,7,1.9219280948873623,0.4223809523809524,0.42391304347826086,-0.18750000000000053,1,1,1.0,3,1.511111111111111,0,0,4.948296439121711,2.127774110093841,12.614550840229354,0,5,0.5555555555555556,0.5,5.0,3,7,0.3,3,8,0.5333333333333333,0.10123456790123457,0.6923076923076923,0.32251112428802964,0.10841627171047331,3,0,0,1.0,1.4444444444444444,2,2,1,9.957853108595794
medium_ER_25,ER_77_w_11_nodes,src/graph_reconstruct_attacks/data/medium_ER_25/ER_77_w_11_nodes,0,11,25,0.45454545454545453,4.545454545454546,0.7820295697311479,4,6,1.3092966682370037,0.36363636363636365,0.358695652173913,-0.2614678899082584,1,1,1.0,3,1.5636363636363637,0,0,4.662613583518521,1.9123375391198183,15.489374957361969,0,6,0.6,0.5454545454545454,4.166666666666667,4,5,0.26666666666666666,4,10,0.47619047619047616,0.13703703703703704,0.7142857142857143,0.36481374102141656,0.11667020956163919,4,0,0,1.0,1.4,2,2,1,12.387098213094996
medium_ER_25,ER_77_w_12_nodes,src/graph_reconstruct_attacks/data/medium_ER_25/ER_77_w_12_nodes,0,12,25,0.3787878787878788,4.166666666666667,1.4043582955293932,2,7,2.355388542207534,0.3615079365079365,0.32967032967032966,-0.24113475177304577,1,1,1.0,3,1.6818181818181819,0,0,4.596731660674523,1.306742549155902,18.020799585810725,0,2,0.18181818181818182,0.16666666666666666,3.5,3,4,0,0,2,0.6666666666666666,0.01818181818181818,0.4583333333333333,0.09311196048891432,0.04875644705420713,2,0,0,1.0,2.1818181818181817,3,1,1,15.271014535591446
medium_ER_25,ER_78_w_10_nodes,src/graph_reconstruct_attacks/data/medium_ER_25/ER_78_w_10_nodes,0,10,25,0.5555555555555556,5.0,1.61245154965971,1,7,2.121928094887362,0.5852380952380952,0.6371681415929203,-0.15236875800256652,1,1,1.0,3,1.511111111111111,1,1,5.513355537631775,0.9145681946293851,12.50104156540183,0,5,0.5555555555555556,0.5,6.0,5,7,0.9,9,14,0.9333333333333333,0.005555555555555556,0.6428571428571429,0.3346159600491018,0.0966457878946032,4,0,0,1.0,1.5555555555555556,3,2,2,9.863790938460564
medium_ER_25,ER_78_w_11_nodes,src/graph_reconstruct_attacks/data/medium_ER_25/ER_78_w_11_nodes,0,11,21,0.38181818181818183,3.8181818181818183,1.6414063713879807,1,6,2.481714572986073,0.4090909090909091,0.40540540540540543,-0.3094688221709004,1,1,1.0,3,1.7272727272727273,1,1,4.443042370356148,0.8769552428914725,14.925172195511099,0,6,0.6,0.5454545454545454,3.6666666666666665,2,6,0.26666666666666666,4,10,0.47619047619047616,0.24444444444444446,0.7142857142857143,0.3796145306878327,0.13844104800780754,3,0,0,1.0,1.4,2,2,1,11.537652175065498
medium_ER_25,ER_78_w_12_nodes,src/graph_reconstruct_attacks/data/medium_ER_25/ER_78_w_12_nodes,0,12,26,0.3939393939393939,4.333333333333333,1.4337208778404378,2,7,2.4591479170272446,0.4039682539682539,0.45454545454545453,0.13525498891352428,1,1,1.0,4,1.7575757575757576,0,0,4.921537022289879,1.0308034508524166,18.218610094559647,0,7,0.6363636363636364,0.5833333333333334,4.714285714285714,3,6,0.38095238095238093,8,15,0.5357142857142857,0.23090909090909092,0.7333333333333333,0.4307870213414308,0.12613058502476884,3,0,0,1.0,1.3636363636363635,2,1,1,14.448050940791438
medium_ER_25,ER_79_w_10_nodes,src/graph_reconstruct_attacks/data/medium_ER_25/ER_79_w_10_nodes,0,10,32,0.7111111111111111,6.4,1.0198039027185568,5,8,1.9219280948873623,0.6569047619047619,0.6573033707865169,-0.15129151291512916,1,1,1.0,2,1.288888888888889,0,0,6.543854944539829,4.107249982688779,10.86335979764525,0,6,0.6666666666666666,0.6,6.5,5,8,0.6,9,15,0.7142857142857143,0.03425925925925926,0.75,0.2914311983529454,0.09480867202789121,5,0,0,1.0,1.3333333333333333,2,4,1,8.405153089434911
medium_ER_25,ER_79_w_11_nodes,src/graph_reconstruct_attacks/data/medium_ER_25/ER_79_w_11_nodes,0,11,20,0.36363636363636365,3.6363636363636362,1.2264306875665492,2,6,2.186704345910025,0.2636363636363636,0.29508196721311475,-0.13085621970920774,1,1,1.0,3,1.7272727272727273,0,0,4.061562974390556,1.0980854512932603,14.70332344589474,0,2,0.2,0.18181818181818182,3.0,3,3,0,0,2,0.6666666666666666,0.022222222222222223,0.45454545454545453,0.10615737646687606,0.05855056894939475,2,0,0,1.0,2.2,3,2,2,12.234488049888835
medium_ER_25,ER_79_w_12_nodes,src/graph_reconstruct_attacks/data/medium_ER_25/ER_79_w_12_nodes,0,12,23,0.3484848484848485,3.8333333333333335,1.9075871903765997,1,8,2.6258145836939115,0.39345238095238094,0.41379310344827586,-0.30721966205837165,1,1,1.0,3,1.7575757575757576,1,1,4.6396957012708935,0.917413436974649,17.54223309021688,0,2,0.18181818181818182,0.16666666666666666,5.5,5,6,0,0,2,0.6666666666666666,0.00606060606060606,0.5,0.15192961317695228,0.048084249806814514,2,0,0,1.0,2.0,3,3,2,14.925172195511099
medium_ER_25,ER_7_w_10_nodes,src/graph_reconstruct_attacks/data/medium_ER_25/ER_7_w_10_nodes,0,10,23,0.5111111111111111,4.6,1.2,3,7,2.1709505944546685,0.4976190476190476,0.5,-0.06242197253433101,1,1,1.0,3,1.5333333333333334,0,0,4.915022163117017,1.8286213443776045,12.614550840229354,0,4,0.4444444444444444,0.4,4.75,3,7,0.3333333333333333,2,6,0.6,0.07129629629629629,0.6428571428571429,0.24281359511698797,0.0902267229245519,3,0,0,1.0,1.5555555555555556,2,3,2,9.93437201274627
medium_ER_25,ER_7_w_11_nodes,src/graph_reconstruct_attacks/data/medium_ER_25/ER_7_w_11_nodes,0,11,26,0.4727272727272727,4.7272727272727275,1.2128785512842122,3,6,1.867633890971212,0.4121212121212121,0.37142857142857144,-0.2515042117930163,1,1,1.0,3,1.5636363636363637,0,0,5.004461333219629,1.850334889131856,15.551522864110824,0,3,0.3,0.2727272727272727,5.666666666666667,5,6,0.6666666666666666,2,5,0.8333333333333334,0.0044444444444444444,0.5263157894736842,0.21194389610248932,0.06147394186315764,3,0,0,1.0,1.9,3,3,2,12.614550840229354
medium_ER_25,ER_7_w_12_nodes,src/graph_reconstruct_attacks/data/medium_ER_25/ER_7_w_12_nodes,0,12,27,0.4090909090909091,4.5,1.707825127659933,2,8,2.355388542207534,0.446031746031746,0.4017857142857143,-0.28259815802229743,1,1,1.0,3,1.6363636363636365,0,0,5.0414212298761445,1.5284733715088574,18.389306321728604,0,6,0.5454545454545454,0.5,4.666666666666667,3,6,0.3333333333333333,5,11,0.5238095238095238,0.09242424242424241,0.6875,0.35246054234107205,0.10643511293429134,4,0,0,1.0,1.4545454545454546,2,3,1,14.925172195511099
medium_ER_25,ER_80_w_10_nodes,src/graph_reconstruct_attacks/data/medium_ER_25/ER_80_w_10_nodes,0,10,28,0.6222222222222222,5.6,1.0198039027185568,4,7,1.9219280948873623,0.5185714285714286,0.5149253731343284,-0.3475935828876986,1,1,1.0,2,1.3777777777777778,0,0,5.748558697860789,3.408601353015935,12.042602523649927,0,6,0.6666666666666666,0.6,5.333333333333333,4,7,0.4666666666666667,7,13,0.6190476190476191,0.07268518518518519,0.75,0.31862535033441447,0.10695951936226158,4,0,0,1.0,1.3333333333333333,2,4,1,9.579360204616044
medium_ER_25,ER_80_w_11_nodes,src/graph_reconstruct_attacks/data/medium_ER_25/ER_80_w_11_nodes,0,11,23,0.41818181818181815,4.181818181818182,1.2662171161076472,3,7,2.004886164091843,0.47575757575757577,0.4024390243902439,-0.1869522882181125,1,1,1.0,3,1.6181818181818182,0,0,4.506855096411605,1.6295137238562827,15.271014535591446,0,4,0.4,0.36363636363636365,4.25,3,7,0.3333333333333333,2,6,0.6,0.06851851851851852,0.5882352941176471,0.25528903034365413,0.08869004201440056,3,0,0,1.0,1.7,3,4,3,12.387098213094996
medium_ER_25,ER_80_w_12_nodes,src/graph_reconstruct_attacks/data/medium_ER_25/ER_80_w_12_nodes,0,12,18,0.2727272727272727,3.0,1.7795130420052185,1,7,2.084962500721156,0.2738095238095238,0.38181818181818183,-0.17353787152444822,1,1,1.0,5,2.196969696969697,4,4,4.025789320362062,0.5239213510710771,15.835624381153007,0,4,0.36363636363636365,0.3333333333333333,4.5,3,7,0.3333333333333333,2,6,0.6,0.19999999999999998,0.5789473684210527,0.3384681572253614,0.10607038004992414,2,0,0,1.0,1.7272727272727273,3,2,1,12.638843434179455
medium_ER_25,ER_81_w_10_nodes,src/graph_reconstruct_attacks/data/medium_ER_25/ER_81_w_10_nodes,0,10,21,0.4666666666666667,4.2,0.8717797887081347,3,6,1.7609640474436812,0.3333333333333333,0.3380281690140845,-0.061797752808987624,1,1,1.0,3,1.6,0,0,4.377692994370131,1.8509137081724834,12.576762279339954,0,4,0.4444444444444444,0.4,4.0,3,5,0.16666666666666666,1,5,0.5,0.06867283950617283,0.6,0.2726302778478035,0.09671380331627308,3,0,0,1.0,1.6666666666666667,3,5,1,9.93437201274627
medium_ER_25,ER_81_w_11_nodes,src/graph_reconstruct_attacks/data/medium_ER_25/ER_81_w_11_nodes,0,11,22,0.4,4.0,1.651445647689541,2,7,2.413088436425758,0.4004329004329005,0.4444444444444444,-0.12958435207824046,1,1,1.0,3,1.7454545454545454,0,0,4.710385357439231,0.8474276497855238,15.114228431731151,0,7,0.7,0.6363636363636364,3.7142857142857144,2,6,0.23809523809523808,5,12,0.42857142857142855,0.3881481481481482,0.7692307692307693,0.40176863303776283,0.15451379389861533,3,0,0,1.0,1.3,2,1,1,11.537652175065498
medium_ER_25,ER_81_w_12_nodes,src/graph_reconstruct_attacks/data/medium_ER_25/ER_81_w_12_nodes,0,12,20,0.30303030303030304,3.3333333333333335,1.247219128924647,1,5,1.9182958340544893,0.2861111111111111,0.32142857142857145,0.010416666666663505,1,1,1.0,5,2.0606060606060606,2,2,3.860488940599816,0.5020542484801865,16.60917987984748,0,1,0.09090909090909091,0.08333333333333333,3.0,3,3,0,0,1,1.0,0.0,0.3235294117647059,0.04162888200492248,0.03697870983938694,1,0,1,1.0,3.090909090909091,5,2,2,14.448050940791438
medium_ER_25,ER_82_w_10_nodes,src/graph_reconstruct_attacks/data/medium_ER_25/ER_82_w_10_nodes,0,10,25,0.5555555555555556,5.0,1.2649110640673518,3,7,2.170950594454669,0.4461904761904762,0.4722222222222222,-0.24854819976771228,1,1,1.0,2,1.4444444444444444,0,0,5.2896005635093335,2.4724005533603925,12.50104156540183,0,4,0.4444444444444444,0.4,5.0,3,6,0.16666666666666666,1,5,0.5,0.04953703703703703,0.6428571428571429,0.22597106536664244,0.0840903974059585,3,0,0,1.0,1.5555555555555556,2,1,1,9.74569162638257
medium_ER_25,ER_82_w_11_nodes,src/graph_reconstruct_attacks/data/medium_ER_25/ER_82_w_11_nodes,0,11,25,0.45454545454545453,4.545454545454546,1.4993111365882401,2,7,2.2221915755066783,0.5774891774891775,0.504950495049505,-0.12580414581844285,1,1,1.0,3,1.6363636363636365,0,0,5.015489032768013,1.3293728496271227,15.489374957361969,0,4,0.4,0.36363636363636365,5.25,4,7,0.5,3,7,0.7,0.03481481481481482,0.5882352941176471,0.2547239000666085,0.08142784756568741,3,0,0,1.0,1.7,3,5,1,12.576762279339954
medium_ER_25,ER_82_w_12_nodes,src/graph_reconstruct_attacks/data/medium_ER_25/ER_82_w_12_nodes,0,12,33,0.5,5.5,1.118033988749895,4,7,2.0,0.4071428571428572,0.4230769230769231,-0.13793103448276234,1,1,1.0,2,1.5,0,0,5.718249339245605,2.9778968665066965,18.858502815605835,0,7,0.6363636363636364,0.5833333333333334,5.285714285714286,4,7,0.38095238095238093,8,15,0.5357142857142857,0.09999999999999999,0.7333333333333333,0.3418692177014047,0.10339469397446283,4,0,0,1.0,1.3636363636363635,2,3,2,15.551522864110824
medium_ER_25,ER_83_w_10_nodes,src/graph_reconstruct_attacks/data/medium_ER_25/ER_83_w_10_nodes,0,10,26,0.5777777777777777,5.2,0.9797958971132713,4,7,1.895461844238322,0.48571428571428565,0.5,-0.07339449541285067,1,1,1.0,3,1.4444444444444444,0,0,5.376827090067988,2.811695609334691,12.387098213094996,0,4,0.4444444444444444,0.4,5.5,5,6,0.5,3,7,0.7,0.020833333333333332,0.6,0.24160613201526532,0.08007305382877247,4,0,0,1.0,1.6666666666666667,3,3,2,9.579360204616044
medium_ER_25,ER_83_w_11_nodes,src/graph_reconstruct_attacks/data/medium_ER_25/ER_83_w_11_nodes,0,11,24,0.43636363636363634,4.363636363636363,1.0679400113155209,3,6,1.9808259362290785,0.42121212121212115,0.3793103448275862,-0.27699530516431914,1,1,1.0,3,1.6,0,0,4.581973297039935,1.7171098083280751,15.395953272199742,0,3,0.3,0.2727272727272727,4.333333333333333,4,5,0.3333333333333333,1,4,0.6666666666666666,0.022222222222222223,0.5263157894736842,0.18797284818759216,0.06716227111416488,3,0,0,1.0,1.9,3,3,2,12.576762279339954
medium_ER_25,ER_83_w_12_nodes,src/graph_reconstruct_attacks/data/medium_ER_25/ER_83_w_12_nodes,0,12,24,0.36363636363636365,4.0,1.4142135623730951,2,6,2.2295739585136225,0.37222222222222223,0.35714285714285715,-0.07692307692307693,1,1,1.0,4,1.8333333333333333,0,0,4.535873752576876,0.9409556842864557,17.795490304084858,0,3,0.2727272727272727,0.25,5.0,5,5,0.6666666666666666,2,5,0.8333333333333334,0.012626262626262626,0.5238095238095238,0.21678092608016328,0.06383789763352736,3,0,0,1.0,1.9090909090909092,3,1,1,14.925172195511099
medium_ER_25,ER_84_w_10_nodes,src/graph_reconstruct_attacks/data/medium_ER_25/ER_84_w_10_nodes,0,10,26,0.5777777777777777,5.2,1.077032961426901,3,7,2.0464393446710156,0.48761904761904756,0.4956521739130435,-0.2525547445255462,1,1,1.0,2,1.4222222222222223,0,0,5.397555462632724,2.649064055307821,12.387098213094996,0,5,0.5555555555555556,0.5,5.4,4,7,0.4,4,9,0.6,0.054166666666666655,0.6923076923076923,0.29252027953495136,0.09691972449813631,4,0,0,1.0,1.4444444444444444,2,4,1,9.74569162638257
medium_ER_25,ER_84_w_11_nodes,src/graph_reconstruct_attacks/data/medium_ER_25/ER_84_w_11_nodes,0,11,22,0.4,4.0,1.5954480704349312,1,7,2.3685225277282065,0.3632034632034632,0.4875,0.11546391752577231,1,1,1.0,4,1.8545454545454545,1,1,4.738042113269955,0.5900937382642187,15.114228431731151,0,5,0.5,0.45454545454545453,5.0,4,7,0.6,6,11,0.7333333333333333,0.04486772486772487,0.625,0.37920318027197647,0.10564693128768085,3,0,0,1.0,1.6,3,4,2,12.042602523649927
medium_ER_25,ER_84_w_12_nodes,src/graph_reconstruct_attacks/data/medium_ER_25/ER_84_w_12_nodes,0,12,22,0.3333333333333333,3.6666666666666665,1.178511301977579,2,6,2.188721875540867,0.25277777777777777,0.26865671641791045,-0.16299559471365616,1,1,1.0,3,1.7878787878787878,0,0,4.036639304604227,1.1456136986685561,17.260508249748288,0,3,0.2727272727272727,0.25,5.0,4,6,0.3333333333333333,1,4,0.6666666666666666,0.0303030303030303,0.5789473684210527,0.2680332404942215,0.06870489995317429,3,0,0,1.0,1.7272727272727273,2,4,3,14.448050940791438
medium_ER_25,ER_85_w_10_nodes,src/graph_reconstruct_attacks/data/medium_ER_25/ER_85_w_10_nodes,0,10,25,0.5555555555555556,5.0,1.4142135623730951,3,8,2.121928094887362,0.5599999999999999,0.5454545454545454,-0.1923076923076937,1,1,1.0,3,1.4666666666666666,0,0,5.347929801919984,2.0659771860140785,12.50104156540183,0,6,0.6666666666666666,0.6,5.166666666666667,3,8,0.4666666666666667,7,13,0.6190476190476191,0.11111111111111109,0.75,0.35857346237947657,0.11746085257766942,4,0,0,1.0,1.3333333333333333,2,2,2,9.93437201274627
medium_ER_25,ER_85_w_11_nodes,src/graph_reconstruct_attacks/data/medium_ER_25/ER_85_w_11_nodes,0,11,25,0.45454545454545453,4.545454545454546,1.5587661999529316,2,7,1.9362600275315274,0.45281385281385284,0.4117647058823529,-0.3503086419753096,1,1,1.0,3,1.6,0,0,4.984616102279122,1.4799761007483547,15.489374957361969,0,5,0.5,0.45454545454545453,4.8,4,7,0.4,4,9,0.6,0.052592592592592594,0.625,0.31164373078496566,0.09806752547665032,4,0,0,1.0,1.6,3,4,2,12.501041565401833
medium_ER_25,ER_85_w_12_nodes,src/graph_reconstruct_attacks/data/medium_ER_25/ER_85_w_12_nodes,0,12,23,0.3484848484848485,3.8333333333333335,1.6244657241348273,1,6,2.4591479170272446,0.3416666666666666,0.3333333333333333,-0.19398907103825266,1,1,1.0,3,1.8333333333333333,1,1,4.468399715274819,0.7431163999909592,17.54223309021688,0,6,0.5454545454545454,0.5,4.333333333333333,2,6,0.3333333333333333,5,11,0.5238095238095238,0.21233766233766233,0.6875,0.40164570703475344,0.12440278199967733,3,0,0,1.0,1.4545454545454546,2,3,2,13.834091726163757
medium_ER_25,ER_86_w_10_nodes,src/graph_reconstruct_attacks/data/medium_ER_25/ER_86_w_10_nodes,0,10,32,0.7111111111111111,6.4,1.2806248474865698,4,8,2.121928094887362,0.6964285714285714,0.6795580110497238,-0.34899792674498964,1,1,1.0,2,1.288888888888889,0,0,6.604095158810285,3.835917888995964,10.86335979764525,0,8,0.8888888888888888,0.8,6.125,4,8,0.6071428571428571,17,25,0.6944444444444444,0.07824074074074074,0.9,0.36869842154093624,0.12233491484804052,5,0,0,1.0,1.1111111111111112,2,2,1,9.09749251487192
medium_ER_25,ER_86_w_11_nodes,src/graph_reconstruct_attacks/data/medium_ER_25/ER_86_w_11_nodes,0,11,28,0.509090909090909,5.090909090909091,1.083306844346635,4,7,1.823067982273661,0.44285714285714284,0.4462809917355372,0.002967359050444899,1,1,1.0,3,1.509090909090909,0,0,5.334552529846096,2.2374418531808495,15.58255709785079,0,5,0.5,0.45454545454545453,5.8,4,7,0.6,6,11,0.7333333333333333,0.030370370370370367,0.6666666666666666,0.3181175514056778,0.08834032750390096,4,0,0,1.0,1.5,2,4,1,12.614550840229354
medium_ER_25,ER_86_w_12_nodes,src/graph_reconstruct_attacks/data/medium_ER_25/ER_86_w_12_nodes,0,12,27,0.4090909090909091,4.5,1.0408329997330663,2,6,1.7841591278514217,0.24722222222222223,0.26732673267326734,-0.12140575079871893,1,1,1.0,3,1.6363636363636365,0,0,4.7353614839447085,1.5234974254166753,18.389306321728604,0,4,0.36363636363636365,0.3333333333333333,5.25,5,6,0.3333333333333333,2,6,0.6,0.02424242424242424,0.5789473684210527,0.27451517067335296,0.07396083901978048,4,0,0,1.0,1.7272727272727273,3,5,4,15.271014535591446
medium_ER_25,ER_87_w_10_nodes,src/graph_reconstruct_attacks/data/medium_ER_25/ER_87_w_10_nodes,0,10,25,0.5555555555555556,5.0,1.6733200530681511,3,8,2.2464393446710154,0.7559523809523809,0.631578947368421,-0.30798274002157644,1,1,1.0,3,1.4666666666666666,0,0,5.440491682185373,1.8057667365577577,12.50104156540183,0,3,0.3333333333333333,0.3,7.333333333333333,7,8,1.0,3,6,1.0,0.0,0.6,0.22941813044941237,0.06404043322994439,3,0,0,1.0,1.6666666666666667,2,2,2,9.579360204616044
medium_ER_25,ER_87_w_11_nodes,src/graph_reconstruct_attacks/data/medium_ER_25/ER_87_w_11_nodes,0,11,21,0.38181818181818183,3.8181818181818183,1.4658650451451907,2,7,2.1180782093497093,0.3316017316017316,0.38028169014084506,-0.040991420400382776,1,1,1.0,4,1.7818181818181817,0,0,4.400810874645993,0.9901817417960289,14.925172195511099,0,4,0.4,0.36363636363636365,5.0,3,7,0.5,3,7,0.7,0.06185185185185185,0.625,0.32739203875352013,0.09281700510256587,3,0,0,1.0,1.6,2,1,1,12.042602523649927
medium_ER_25,ER_87_w_12_nodes,src/graph_reconstruct_attacks/data/medium_ER_25/ER_87_w_12_nodes,0,12,25,0.3787878787878788,4.166666666666667,1.4624940645653537,2,6,2.2295739585136225,0.4305555555555556,0.391304347826087,-0.23762376237623947,1,1,1.0,4,1.7878787878787878,0,0,4.6412291890449975,1.0971882122750725,18.020799585810725,0,6,0.5454545454545454,0.5,3.8333333333333335,2,6,0.13333333333333333,2,8,0.38095238095238093,0.2318181818181818,0.6875,0.3457745308872593,0.11704958491568979,3,0,0,1.0,1.4545454545454546,2,3,1,14.448050940791438
medium_ER_25,ER_88_w_10_nodes,src/graph_reconstruct_attacks/data/medium_ER_25/ER_88_w_10_nodes,0,10,25,0.5555555555555556,5.0,1.4142135623730951,3,8,2.0464393446710156,0.6271428571428571,0.5454545454545454,-0.34482758620689713,1,1,1.0,2,1.4444444444444444,0,0,5.293558273970074,2.478278062463122,12.50104156540183,0,5,0.5555555555555556,0.5,5.2,4,7,0.5,5,10,0.6666666666666666,0.048611111111111105,0.6923076923076923,0.30482956976198594,0.09979620020064077,4,0,0,1.0,1.4444444444444444,2,4,2,9.863790938460564
medium_ER_25,ER_88_w_11_nodes,src/graph_reconstruct_attacks/data/medium_ER_25/ER_88_w_11_nodes,0,11,21,0.38181818181818183,3.8181818181818183,0.9359663764533637,3,6,1.676737030052133,0.3242424242424242,0.28125,-0.22993492407808971,1,1,1.0,3,1.709090909090909,0,0,4.010787748807463,1.5491372391718223,14.925172195511099,0,3,0.3,0.2727272727272727,4.333333333333333,3,6,0.3333333333333333,1,4,0.6666666666666666,0.02592592592592593,0.5555555555555556,0.2371884519493755,0.07427571296824824,3,0,0,1.0,1.8,3,5,3,12.234488049888835
medium_ER_25,ER_88_w_12_nodes,src/graph_reconstruct_attacks/data/medium_ER_25/ER_88_w_12_nodes,0,12,24,0.36363636363636365,4.0,1.5275252316519468,2,8,1.9508257945180887,0.2704365079365079,0.27906976744186046,-0.2334047109207709,1,1,1.0,3,1.7424242424242424,0,0,4.498365723145127,1.3996659329720917,17.795490304084858,0,2,0.18181818181818182,0.16666666666666666,6.0,4,8,0,0,2,0.6666666666666666,0.004545454545454545,0.5,0.1521819640997662,0.04772619891567069,2,0,0,1.0,2.0,3,1,1,15.114228431731151
medium_ER_25,ER_89_w_10_nodes,src/graph_reconstruct_attacks/data/medium_ER_25/ER_89_w_10_nodes,0,10,22,0.4888888888888889,4.4,1.4966629547095764,1,6,1.3567796494470397,0.3933333333333333,0.4883720930232558,-0.009174311926607991,1,1,1.0,3,1.6222222222222222,1,1,4.925006797292454,0.8547685988632088,12.614550840229354,0,5,0.5555555555555556,0.5,5.2,5,6,0.6,6,11,0.7333333333333333,0.037037037037037035,0.6428571428571429,0.361933928861492,0.10856360692102951,4,0,0,1.0,1.5555555555555556,3,7,2,9.93437201274627
medium_ER_25,ER_89_w_11_nodes,src/graph_reconstruct_attacks/data/medium_ER_25/ER_89_w_11_nodes,0,11,19,0.34545454545454546,3.4545454545454546,1.304790917673393,1,5,2.2312702546075758,0.3393939393939394,0.32142857142857145,-0.22018348623853262,1,1,1.0,4,1.8727272727272728,1,1,3.9087607113694833,0.7783760936656946,14.448050940791438,0,4,0.4,0.36363636363636365,3.5,2,5,0.3333333333333333,2,6,0.6,0.1137037037037037,0.5555555555555556,0.2906493625015079,0.1036208104655752,3,0,0,1.0,1.8,3,3,2,11.537652175065498
medium_ER_25,ER_89_w_12_nodes,src/graph_reconstruct_attacks/data/medium_ER_25/ER_89_w_12_nodes,0,12,33,0.5,5.5,1.7559422921421233,3,9,2.5220552088742005,0.5835317460317461,0.5389221556886228,-0.27428746552252803,1,1,1.0,2,1.5,0,0,5.968654832915543,2.3659008982610112,18.858502815605835,0,9,0.8181818181818182,0.75,5.222222222222222,3,7,0.4166666666666667,15,24,0.5333333333333333,0.18787878787878787,0.8461538461538461,0.40755379490031846,0.1307919303611466,4,0,0,1.0,1.1818181818181819,2,1,1,15.395953272199742
medium_ER_25,ER_8_w_10_nodes,src/graph_reconstruct_attacks/data/medium_ER_25/ER_8_w_10_nodes,0,10,24,0.5333333333333333,4.8,0.8717797887081347,3,6,1.7609640474436812,0.44666666666666666,0.4421052631578947,-0.127937336814611,1,1,1.0,2,1.4666666666666666,0,0,4.955304831351935,2.271369059243331,12.57676227933995,0,4,0.4444444444444444,0.4,5.0,4,6,0.16666666666666666,1,5,0.5,0.04629629629629629,0.6428571428571429,0.25601472323595437,0.08589785602263163,3,0,0,1.0,1.5555555555555556,2,2,1,9.863790938460564
medium_ER_25,ER_8_w_11_nodes,src/graph_reconstruct_attacks/data/medium_ER_25/ER_8_w_11_nodes,0,11,28,0.509090909090909,5.090909090909091,1.378704626191191,3,7,2.299896391167891,0.4701298701298702,0.432,-0.2349809885931605,1,1,1.0,3,1.5272727272727273,0,0,5.413198474482801,2.104566277135862,15.58255709785079,0,5,0.5,0.45454545454545453,5.2,3,7,0.4,4,9,0.6,0.048282828282828275,0.6666666666666666,0.2753886086151021,0.09027801103769453,4,0,0,1.0,1.5,2,2,2,12.614550840229354
medium_ER_25,ER_8_w_12_nodes,src/graph_reconstruct_attacks/data/medium_ER_25/ER_8_w_12_nodes,0,12,24,0.36363636363636365,4.0,1.4719601443879744,1,6,2.4591479170272446,0.37777777777777777,0.4235294117647059,-0.001158748551564044,1,1,1.0,4,1.9242424242424243,1,1,4.60091536494604,0.5608704270776014,17.795490304084858,0,2,0.18181818181818182,0.16666666666666666,5.0,5,5,0,0,2,0.6666666666666666,0.02121212121212121,0.5,0.13365592520139316,0.04736583269769348,2,0,0,1.0,2.0,3,1,1,15.114228431731151
medium_ER_25,ER_90_w_10_nodes,src/graph_reconstruct_attacks/data/medium_ER_25/ER_90_w_10_nodes,0,10,27,0.6,5.4,1.42828568570857,2,7,2.121928094887362,0.6723809523809524,0.627906976744186,-0.1826923076923063,1,1,1.0,3,1.4222222222222223,0,0,5.753679911844518,1.8038110341990328,12.234488049888835,0,6,0.6666666666666666,0.6,5.833333333333333,4,7,0.6,9,15,0.7142857142857143,0.05515873015873014,0.75,0.3387873463796995,0.10921128699174244,4,0,0,1.0,1.3333333333333333,2,4,1,9.74569162638257
medium_ER_25,ER_90_w_11_nodes,src/graph_reconstruct_attacks/data/medium_ER_25/ER_90_w_11_nodes,0,11,28,0.509090909090909,5.090909090909091,1.443137078762504,3,8,2.186704345910025,0.5751082251082251,0.5,-0.2807017543859672,1,1,1.0,3,1.5272727272727273,0,0,5.428036759489119,2.04793070639687,15.58255709785079,0,3,0.3,0.2727272727272727,6.666666666666667,6,8,1.0,3,6,1.0,0.0,0.5555555555555556,0.2056897716498526,0.05783346320909575,3,0,0,1.0,1.8,3,2,1,12.50104156540183
medium_ER_25,ER_90_w_12_nodes,src/graph_reconstruct_attacks/data/medium_ER_25/ER_90_w_12_nodes,0,12,21,0.3181818181818182,3.5,1.2583057392117916,1,6,2.251629167387823,0.34722222222222215,0.3870967741935484,-0.17434210526315944,1,1,1.0,4,1.9696969696969697,1,1,4.0109034588864505,0.6678468589134519,16.949718416795147,0,4,0.36363636363636365,0.3333333333333333,4.25,3,6,0.6666666666666666,4,8,0.8,0.02424242424242424,0.5,0.36605087746845244,0.08936538504672416,3,0,0,1.0,2.0,4,4,1,13.834091726163757
medium_ER_25,ER_91_w_10_nodes,src/graph_reconstruct_attacks/data/medium_ER_25/ER_91_w_10_nodes,0,10,20,0.4444444444444444,4.0,1.0954451150103321,2,6,2.1219280948873624,0.31999999999999995,0.3181818181818182,-0.2612612612612607,1,1,1.0,3,1.6,0,0,4.255007768700754,1.6359777871897978,12.501041565401833,0,4,0.4444444444444444,0.4,4.75,4,6,0.3333333333333333,2,6,0.6,0.05787037037037036,0.6428571428571429,0.3310603179460896,0.0985912155415078,3,0,0,1.0,1.5555555555555556,2,4,2,9.863790938460564
medium_ER_25,ER_91_w_11_nodes,src/graph_reconstruct_attacks/data/medium_ER_25/ER_91_w_11_nodes,0,11,20,0.36363636363636365,3.6363636363636362,1.5534552264213692,1,7,2.2221915755066783,0.4484848484848485,0.4090909090909091,-0.341991341991342,1,1,1.0,4,1.8,1,1,4.215499229438797,0.812329516880688,14.70332344589474,0,3,0.3,0.2727272727272727,5.0,4,7,1.0,3,6,1.0,0.0,0.5263157894736842,0.27917539871492636,0.0739491623321471,3,0,0,1.0,1.9,3,1,1,12.042602523649927
medium_ER_25,ER_91_w_12_nodes,src/graph_reconstruct_attacks/data/medium_ER_25/ER_91_w_12_nodes,0,12,28,0.42424242424242425,4.666666666666667,1.247219128924647,2,6,2.1258145836939115,0.25,0.29464285714285715,0.03030303030302859,1,1,1.0,3,1.6363636363636365,0,0,5.036549283905746,1.389707719572812,18.53321289741289,0,6,0.5454545454545454,0.5,5.0,3,6,0.4,6,12,0.5714285714285714,0.1096969696969697,0.6875,0.3588046805077016,0.10380282707580077,4,0,0,1.0,1.4545454545454546,2,4,2,15.114228431731151
medium_ER_25,ER_92_w_10_nodes,src/graph_reconstruct_attacks/data/medium_ER_25/ER_92_w_10_nodes,0,10,23,0.5111111111111111,4.6,1.0198039027185568,3,6,1.9219280948873623,0.39666666666666667,0.4090909090909091,-0.26734693877550847,1,1,1.0,2,1.488888888888889,0,0,4.7979209799055145,2.3769701702299098,12.614550840229354,0,5,0.5555555555555556,0.5,4.4,3,5,0.3,3,8,0.5333333333333333,0.0787037037037037,0.6923076923076923,0.325154350346123,0.10781409421347847,3,0,0,1.0,1.4444444444444444,2,4,1,9.957853108595794
medium_ER_25,ER_92_w_11_nodes,src/graph_reconstruct_attacks/data/medium_ER_25/ER_92_w_11_nodes,0,11,31,0.5636363636363636,5.636363636363637,1.3666633071248098,4,8,2.0403733936884962,0.5584415584415584,0.5454545454545454,-0.21936459909228362,1,1,1.0,2,1.4363636363636363,0,0,5.925664964763527,3.194997810412336,15.395953272199742,0,4,0.4,0.36363636363636365,5.5,5,7,0.3333333333333333,2,6,0.6,0.02962962962962963,0.625,0.18862153054472505,0.0691384527238938,4,0,0,1.0,1.6,2,2,1,12.234488049888835
medium_ER_25,ER_92_w_12_nodes,src/graph_reconstruct_attacks/data/medium_ER_25/ER_92_w_12_nodes,0,12,27,0.4090909090909091,4.5,0.8660254037844386,3,6,1.7295739585136223,0.4083333333333334,0.36363636363636365,-0.11111111111111417,1,1,1.0,3,1.6515151515151516,0,0,4.658877933549702,1.8453155589006918,18.389306321728604,0,5,0.45454545454545453,0.4166666666666667,5.0,4,6,0.4,4,9,0.6,0.06701298701298701,0.6470588235294118,0.3371130845473092,0.09033396612592087,3,0,0,1.0,1.5454545454545454,2,6,2,15.114228431731151
medium_ER_25,ER_93_w_10_nodes,src/graph_reconstruct_attacks/data/medium_ER_25/ER_93_w_10_nodes,0,10,25,0.5555555555555556,5.0,1.2649110640673518,3,7,2.1709505944546685,0.5619047619047619,0.5277777777777778,-0.21167161226508527,1,1,1.0,2,1.4444444444444444,0,0,5.278954066212074,2.2233314834651745,12.50104156540183,0,4,0.4444444444444444,0.4,5.75,5,7,0.6666666666666666,4,8,0.8,0.012499999999999999,0.6428571428571429,0.2609953220566334,0.0820316208144627,4,0,0,1.0,1.5555555555555556,2,3,3,9.74569162638257
medium_ER_25,ER_93_w_11_nodes,src/graph_reconstruct_attacks/data/medium_ER_25/ER_93_w_11_nodes,0,11,24,0.43636363636363634,4.363636363636363,1.3666633071248098,1,6,2.1180782093497093,0.29090909090909095,0.32967032967032966,-0.16193656093489506,1,1,1.0,3,1.6545454545454545,1,1,4.778434799723093,0.8452013638579255,15.395953272199742,0,4,0.4,0.36363636363636365,5.25,4,6,0.3333333333333333,2,6,0.6,0.025925925925925925,0.5882352941176471,0.28855928064803055,0.0822068251851612,4,0,0,1.0,1.7,3,3,2,12.501041565401833
medium_ER_25,ER_93_w_12_nodes,src/graph_reconstruct_attacks/data/medium_ER_25/ER_93_w_12_nodes,0,12,26,0.3939393939393939,4.333333333333333,1.247219128924647,3,7,2.1258145836939115,0.4055555555555555,0.375,-0.12262521588946436,1,1,1.0,3,1.7272727272727273,0,0,4.69820953673177,1.220034046587459,18.218610094559647,0,3,0.2727272727272727,0.25,5.666666666666667,5,7,1.0,3,6,1.0,0.0,0.5,0.23949898993703336,0.059537194986459,3,0,0,1.0,2.0,3,4,1,15.271014535591446
medium_ER_25,ER_94_w_10_nodes,src/graph_reconstruct_attacks/data/medium_ER_25/ER_94_w_10_nodes,0,10,29,0.6444444444444445,5.8,1.4,3,8,2.3219280948873626,0.6811904761904761,0.6442953020134228,-0.2056421677802578,1,1,1.0,3,1.3777777777777778,0,0,6.09351510389104,2.562281617099946,11.810653447129246,0,8,0.8888888888888888,0.8,5.75,3,7,0.6071428571428571,17,25,0.6944444444444444,0.10787037037037038,0.9,0.40552047853203305,0.13337982788629613,5,0,0,1.0,1.1111111111111112,2,1,1,9.74569162638257
medium_ER_25,ER_94_w_11_nodes,src/graph_reconstruct_attacks/data/medium_ER_25/ER_94_w_11_nodes,0,11,33,0.6,6.0,1.4770978917519928,4,8,2.2312702546075758,0.6798701298701298,0.6271186440677966,-0.24581724581724637,1,1,1.0,2,1.4,0,0,6.300172791852207,2.925144472581771,15.114228431731147,0,5,0.5,0.45454545454545453,6.4,5,8,0.6,6,11,0.7333333333333333,0.022962962962962963,0.6666666666666666,0.24756410331310355,0.07769415481450176,4,0,0,1.0,1.5,2,3,1,12.042602523649927
medium_ER_25,ER_94_w_12_nodes,src/graph_reconstruct_attacks/data/medium_ER_25/ER_94_w_12_nodes,0,12,29,0.4393939393939394,4.833333333333333,1.9075871903765993,1,7,2.6258145836939115,0.4876984126984127,0.5413533834586466,0.14332603938730773,1,1,1.0,4,1.7575757575757576,1,1,5.6753573657218155,0.6243572355183067,18.65059849613075,0,5,0.45454545454545453,0.4166666666666667,5.6,3,7,0.4,4,9,0.6,0.11515151515151513,0.6470588235294118,0.2709626529493963,0.08712029579947632,4,0,0,1.0,1.5454545454545454,2,3,2,15.395953272199742
medium_ER_25,ER_95_w_10_nodes,src/graph_reconstruct_attacks/data/medium_ER_25/ER_95_w_10_nodes,0,10,28,0.6222222222222222,5.6,0.66332495807108,5,7,1.3609640474436813,0.5138095238095237,0.5267175572519084,0.008174386920979302,1,1,1.0,2,1.3777777777777778,0,0,5.68230497129799,4.000000000000001,12.042602523649927,0,5,0.5555555555555556,0.5,5.6,5,6,0.5,5,10,0.6666666666666666,0.039351851851851846,0.6923076923076923,0.275591457719154,0.09102574405200879,5,0,0,1.0,1.4444444444444444,2,5,3,9.36376040427669
medium_ER_25,ER_95_w_11_nodes,src/graph_reconstruct_attacks/data/medium_ER_25/ER_95_w_11_nodes,0,11,23,0.41818181818181815,4.181818181818182,1.3360853142453697,2,6,1.6858157091530304,0.2696969696969697,0.2891566265060241,-0.2890855457227139,1,1,1.0,3,1.6545454545454545,0,0,4.556230560752864,1.6097714641541945,15.271014535591446,0,5,0.5,0.45454545454545453,4.8,3,6,0.4,4,9,0.6,0.07777777777777777,0.6666666666666666,0.35484502909275173,0.10516365740074636,3,0,0,1.0,1.5,2,6,1,12.234488049888835
medium_ER_25,ER_95_w_12_nodes,src/graph_reconstruct_attacks/data/medium_ER_25/ER_95_w_12_nodes,0,12,27,0.4090909090909091,4.5,1.3228756555322954,2,6,2.188721875540867,0.3055555555555555,0.3142857142857143,-0.5000000000000028,1,1,1.0,3,1.621212121212121,0,0,4.816871293867237,1.7526279665727897,18.389306321728604,0,6,0.5454545454545454,0.5,4.666666666666667,3,6,0.4,6,12,0.5714285714285714,0.08896103896103895,0.6875,0.3778533824695346,0.10634638234921703,3,0,0,1.0,1.4545454545454546,2,4,2,14.925172195511099
medium_ER_25,ER_96_w_10_nodes,src/graph_reconstruct_attacks/data/medium_ER_25/ER_96_w_10_nodes,0,10,20,0.4444444444444444,4.0,1.0954451150103321,2,5,1.6854752972273346,0.3,0.4090909090909091,0.16666666666666702,1,1,1.0,3,1.5777777777777777,0,0,4.378606343288247,1.6126073222739874,12.501041565401833,0,5,0.5555555555555556,0.5,4.4,3,5,0.4,4,9,0.6,0.08333333333333333,0.6923076923076923,0.38897690024796827,0.12005090839847607,3,0,0,1.0,1.4444444444444444,2,5,1,9.745691626382566
medium_ER_25,ER_96_w_11_nodes,src/graph_reconstruct_attacks/data/medium_ER_25/ER_96_w_11_nodes,0,11,26,0.4727272727272727,4.7272727272727275,1.1354541815269814,3,6,1.5394847569315018,0.3484848484848485,0.375,-0.0740740740740784,1,1,1.0,3,1.5636363636363637,0,0,5.008421838992074,1.8655186962050216,15.551522864110824,0,3,0.3,0.2727272727272727,5.666666666666667,5,6,0.3333333333333333,1,4,0.6666666666666666,0.013580246913580249,0.5555555555555556,0.20558612751039645,0.06159675295198438,3,0,0,1.0,1.8,3,3,2,12.614550840229354
medium_ER_25,ER_96_w_12_nodes,src/graph_reconstruct_attacks/data/medium_ER_25/ER_96_w_12_nodes,0,12,24,0.36363636363636365,4.0,0.9128709291752769,2,6,1.584962500721156,0.3055555555555555,0.23376623376623376,-0.4241758241758305,1,1,1.0,3,1.7272727272727273,0,0,4.157476336727517,1.3832583141296129,17.795490304084858,0,4,0.36363636363636365,0.3333333333333333,4.25,4,5,0.16666666666666666,1,5,0.5,0.04458874458874459,0.55,0.29694934045640364,0.08228493807696065,3,0,0,1.0,1.8181818181818181,3,8,2,14.70332344589474
medium_ER_25,ER_97_w_10_nodes,src/graph_reconstruct_attacks/data/medium_ER_25/ER_97_w_10_nodes,0,10,32,0.7111111111111111,6.4,1.42828568570857,4,8,1.9709505944546686,0.7171428571428572,0.7049180327868853,-0.2667814113597246,1,1,1.0,2,1.288888888888889,0,0,6.6692467106538365,3.548416213227723,10.86335979764525,0,8,0.8888888888888888,0.8,6.5,4,8,0.7142857142857143,20,28,0.7777777777777778,0.04953703703703704,0.9,0.3775286348614332,0.12165038676438096,5,0,0,1.0,1.1111111111111112,2,3,2,9.09749251487192
medium_ER_25,ER_97_w_11_nodes,src/graph_reconstruct_attacks/data/medium_ER_25/ER_97_w_11_nodes,0,11,18,0.32727272727272727,3.272727272727273,1.28564869306645,1,5,1.9362600275315274,0.20303030303030303,0.24,-0.308139534883723,1,1,1.0,4,1.9272727272727272,2,2,3.7337451953637997,0.6395433747009176,14.158602817677263,0,5,0.5,0.45454545454545453,3.6,3,4,0.3,3,8,0.5333333333333333,0.1574074074074074,0.625,0.4348639348763436,0.12982095798461632,3,0,0,1.0,1.6,3,2,1,10.86335979764525
medium_ER_25,ER_97_w_12_nodes,src/graph_reconstruct_attacks/data/medium_ER_25/ER_97_w_12_nodes,0,12,23,0.3484848484848485,3.8333333333333335,0.8975274678557508,2,5,1.8250112108241772,0.20555555555555557,0.21428571428571427,-0.12806539509536718,1,1,1.0,3,1.7575757575757576,0,0,4.040374463962487,1.3018179262295773,17.54223309021688,0,3,0.2727272727272727,0.25,4.666666666666667,4,5,0.3333333333333333,1,4,0.6666666666666666,0.018787878787878784,0.5238095238095238,0.2566652958804914,0.06647299178587202,3,0,0,1.0,1.9090909090909092,3,3,3,14.70332344589474
medium_ER_25,ER_98_w_10_nodes,src/graph_reconstruct_attacks/data/medium_ER_25/ER_98_w_10_nodes,0,10,25,0.5555555555555556,5.0,0.6324555320336759,4,6,1.3709505944546687,0.5033333333333333,0.5,-0.016260162601629616,1,1,1.0,2,1.4444444444444444,0,0,5.0827390083339266,2.6724511587475677,12.50104156540183,0,4,0.4444444444444444,0.4,5.0,4,6,0.5,3,7,0.7,0.037037037037037035,0.6428571428571429,0.24178572194203896,0.08345102563560004,4,0,0,1.0,1.5555555555555556,2,2,2,9.74569162638257
medium_ER_25,ER_98_w_11_nodes,src/graph_reconstruct_attacks/data/medium_ER_25/ER_98_w_11_nodes,0,11,25,0.45454545454545453,4.545454545454546,0.9875254992000196,3,7,1.6767370300521325,0.4818181818181818,0.44680851063829785,-0.26050420168067157,1,1,1.0,3,1.5818181818181818,0,0,4.7257429542584415,1.9518220215775128,15.489374957361969,0,4,0.4,0.36363636363636365,5.25,4,7,0.5,3,7,0.7,0.04074074074074074,0.625,0.27801083228024703,0.08080889955538834,3,0,0,1.0,1.6,2,5,3,12.576762279339954
medium_ER_25,ER_98_w_12_nodes,src/graph_reconstruct_attacks/data/medium_ER_25/ER_98_w_12_nodes,0,12,20,0.30303030303030304,3.3333333333333335,1.3123346456686351,2,6,2.084962500721156,0.24166666666666667,0.15789473684210525,-0.5564202334630338,1,1,1.0,4,1.893939393939394,0,0,3.704894988273848,0.9568275551140571,16.60917987984748,0,3,0.2727272727272727,0.25,3.0,2,4,0,0,3,0.5,0.05757575757575758,0.4782608695652174,0.19936556356060128,0.07795724932859256,2,0,0,1.0,2.090909090909091,3,4,3,13.834091726163757
medium_ER_25,ER_99_w_10_nodes,src/graph_reconstruct_attacks/data/medium_ER_25/ER_99_w_10_nodes,0,10,22,0.4888888888888889,4.4,1.3564659966250536,1,6,1.8464393446710154,0.4133333333333333,0.42857142857142855,-0.31623931623931706,1,1,1.0,3,1.5777777777777777,1,1,4.773450803685951,0.9200213950359941,12.614550840229354,0,4,0.4444444444444444,0.4,5.0,4,6,0.6666666666666666,4,8,0.8,0.014814814814814814,0.6,0.2895308570769419,0.09043582139277735,4,0,0,1.0,1.6666666666666667,3,4,2,9.957853108595794
medium_ER_25,ER_99_w_11_nodes,src/graph_reconstruct_attacks/data/medium_ER_25/ER_99_w_11_nodes,0,11,33,0.6,6.0,1.1281521496355325,4,8,2.1626441180472606,0.5668831168831169,0.5406976744186046,-0.3328347045624567,1,1,1.0,2,1.4,0,0,6.167882546320546,3.4758445401785223,15.114228431731147,0,6,0.6,0.5454545454545454,6.0,4,8,0.4666666666666667,7,13,0.6190476190476191,0.051481481481481475,0.7142857142857143,0.2869639179477948,0.09150063291678587,5,0,0,1.0,1.4,2,3,2,12.234488049888835
medium_ER_25,ER_99_w_12_nodes,src/graph_reconstruct_attacks/data/medium_ER_25/ER_99_w_12_nodes,0,12,21,0.3181818181818182,3.5,1.3228756555322954,1,6,2.2841591278514217,0.25555555555555554,0.23809523809523808,-0.33333333333333504,1,1,1.0,3,1.8333333333333333,1,1,3.9355633224615683,0.8593811141412816,16.949718416795147,0,4,0.36363636363636365,0.3333333333333333,3.0,2,4,0,0,4,0.4,0.10606060606060605,0.55,0.24793348579632896,0.0951126370005485,3,0,0,1.0,1.8181818181818181,3,5,1,13.834091726163757
medium_ER_25,ER_9_w_10_nodes,src/graph_reconstruct_attacks/data/medium_ER_25/ER_9_w_10_nodes,0,10,23,0.5111111111111111,4.6,1.1135528725660042,3,7,1.9609640474436814,0.49142857142857144,0.43820224719101125,-0.34933333333333216,1,1,1.0,2,1.488888888888889,0,0,4.803066125090065,2.2824240037006245,12.614550840229354,0,5,0.5555555555555556,0.5,4.2,4,5,0.3,3,8,0.5333333333333333,0.08796296296296295,0.6923076923076923,0.3017733959448082,0.10849102498479547,4,0,0,1.0,1.4444444444444444,2,2,1,9.957853108595794
medium_ER_25,ER_9_w_11_nodes,src/graph_reconstruct_attacks/data/medium_ER_25/ER_9_w_11_nodes,0,11,27,0.4909090909090909,4.909090909090909,1.6211413181933645,3,8,1.9362600275315274,0.5023809523809524,0.5,-0.1574803149606293,1,1,1.0,3,1.5454545454545454,0,0,5.384792546011024,2.017846153208356,15.58255709785079,0,4,0.4,0.36363636363636365,6.0,3,8,0.5,3,7,0.7,0.05333333333333334,0.625,0.24882264245869387,0.07654825628904383,3,0,0,1.0,1.6,2,3,1,12.614550840229354
medium_ER_25,ER_9_w_12_nodes,src/graph_reconstruct_attacks/data/medium_ER_25/ER_9_w_12_nodes,0,12,29,0.4393939393939394,4.833333333333333,1.4043582955293932,3,8,2.054585169337799,0.4396825396825397,0.43902439024390244,-0.11596463858554631,1,1,1.0,3,1.5757575757575757,0,0,5.241750687196369,1.9786970394184762,18.65059849613075,0,5,0.45454545454545453,0.4166666666666667,5.0,3,8,0.3,3,8,0.5333333333333333,0.05714285714285714,0.6470588235294118,0.27482637493819123,0.08635690013583455,3,0,0,1.0,1.5454545454545454,2,5,1,15.395953272199742
peertube_follow,PP_10_w_10_nodes,src/graph_reconstruct_attacks/data/peertube_follow/PP_10_w_10_nodes,0,10,18,0.4,3.6,2.3748684174075834,1,9,2.3709505944546687,0.7130952380952381,0.44,-0.6298932384341643,1,1,1.0,2,1.6,1,1,4.559766782510705,1.0,12.234488049888835,0,3,0.3333333333333333,0.3,6.666666666666667,4,9,1.0,3,6,1.0,0.0,0.6,0.29538647515355354,0.08249113238963851,3,0,0,1.0,1.6666666666666667,2,3,2,9.745691626382566
peertube_follow,PP_10_w_11_nodes,src/graph_reconstruct_attacks/data/peertube_follow/PP_10_w_11_nodes,0,11,49,0.8909090909090909,8.909090909090908,1.2398346997259868,7,10,1.4353713907745331,0.9272727272727272,0.9090909090909091,-0.2917398945518494,1,1,1.0,2,1.1090909090909091,0,0,9.04604214754126,5.999999999999997,7.462243346555482,0,8,0.8,0.7272727272727273,9.5,8,10,1.0,28,36,1.0,0.0,0.8333333333333334,0.2794189424621227,0.08254950260793127,8,0,0,1.0,1.2,2,3,3,5.173171694527417
peertube_follow,PP_10_w_12_nodes,src/graph_reconstruct_attacks/data/peertube_follow/PP_10_w_12_nodes,0,12,13,0.19696969696969696,2.1666666666666665,2.733536577809454,1,11,1.4182958340544896,0.22525252525252526,0.1,-0.828680897646415,1,1,1.0,2,1.803030303030303,8,1,3.5877414504720124,0.9999999999999993,13.310669611326363,0,11,1.0,0.9166666666666666,1.3636363636363635,1,3,0.03636363636363636,2,13,0.19696969696969696,0.9545454545454545,1.0,0.6678841654071894,0.400090827038979,2,1,8,1.0,1.0,1,1,1,3.171726453653233
peertube_follow,PP_10_w_8_nodes,src/graph_reconstruct_attacks/data/peertube_follow/PP_10_w_8_nodes,0,8,18,0.6428571428571429,4.5,1.6583123951777,2,7,2.5,0.8196428571428571,0.6891891891891891,-0.496103896103896,1,1,1.0,2,1.3571428571428572,0,0,4.952381520619417,1.8394686386463717,7.118036769169399,0,2,0.2857142857142857,0.25,6.0,5,7,1.0,1,3,1.0,0.0,0.5833333333333334,0.16683844755549407,0.06521679443505825,2,0,0,1.0,1.7142857142857142,2,1,1,4.308543071784684
peertube_follow,PP_10_w_9_nodes,src/graph_reconstruct_attacks/data/peertube_follow/PP_10_w_9_nodes,0,9,30,0.8333333333333334,6.666666666666667,1.247219128924647,4,8,1.8910611120726528,0.8925925925925926,0.864406779661017,-0.2919896640826882,1,1,1.0,2,1.1666666666666667,0,0,6.85943737821639,3.7639320225002106,6.289542577760611,0,4,0.5,0.4444444444444444,7.5,6,8,1.0,6,10,1.0,0.0,0.6666666666666666,0.20830248799801648,0.07285880169210178,4,0,0,1.0,1.5,2,1,1,2.5774917998372184
peertube_follow,PP_11_w_10_nodes,src/graph_reconstruct_attacks/data/peertube_follow/PP_11_w_10_nodes,0,10,31,0.6888888888888889,6.2,2.181742422927143,1,9,2.4464393446710155,0.785873015873016,0.827027027027027,-0.38090909090909575,1,1,1.0,2,1.3111111111111111,1,1,6.880433695363925,1.0000000000000022,11.222381740286913,0,8,0.8888888888888888,0.8,6.625,4,9,0.7857142857142857,22,30,0.8333333333333334,0.04351851851851851,0.9,0.37543096968287,0.12407087183734809,6,0,0,1.0,1.1111111111111112,2,2,2,9.36376040427669
peertube_follow,PP_11_w_11_nodes,src/graph_reconstruct_attacks/data/peertube_follow/PP_11_w_11_nodes,0,11,11,0.2,2.0,2.5584085962673253,1,10,1.0957952550009336,0.18383838383838383,0.06382978723404255,-0.8818342151675486,1,1,1.0,2,1.8,8,1,3.297070544363275,0.999999999999999,11.077925645748465,0,10,1.0,0.9090909090909091,1.2,1,2,0.022222222222222223,1,11,0.2,0.9777777777777779,1.0,0.6876203939060362,0.4269388034019242,2,1,8,1.0,1.0,1,1,1,1.6532125137753426
peertube_follow,PP_11_w_12_nodes,src/graph_reconstruct_attacks/data/peertube_follow/PP_11_w_12_nodes,0,12,50,0.7575757575757576,8.333333333333334,2.494438257849294,1,10,1.9591479170272446,0.8314814814814815,0.8910891089108911,-0.16707616707616613,1,1,1.0,3,1.2727272727272727,1,1,9.054756279205613,0.9736203988364661,14.932179723270037,0,9,0.8181818181818182,0.75,8.555555555555555,1,10,0.7777777777777778,28,37,0.8222222222222222,0.18181818181818182,0.8461538461538461,0.28224862581350224,0.09722665079003058,8,1,1,1.0,1.1818181818181819,2,1,1,12.638843434179451
peertube_follow,PP_11_w_8_nodes,src/graph_reconstruct_attacks/data/peertube_follow/PP_11_w_8_nodes,0,8,8,0.2857142857142857,2.0,1.5811388300841898,1,6,1.4056390622295665,0.25833333333333336,0.16666666666666666,-0.6533333333333333,1,1,1.0,3,1.8928571428571428,5,2,2.7072932688216556,0.4524933868350225,6.4924956819919135,0,6,0.8571428571428571,0.75,1.5,1,2,0.06666666666666667,1,7,0.3333333333333333,0.9047619047619047,0.875,0.6588986769856986,0.35025278708632807,2,1,4,1.0,1.1428571428571428,2,1,1,2.3222192947339177
peertube_follow,PP_11_w_9_nodes,src/graph_reconstruct_attacks/data/peertube_follow/PP_11_w_9_nodes,0,9,20,0.5555555555555556,4.444444444444445,2.2166597048066667,2,8,2.2810361125534238,0.8359788359788359,0.5934065934065934,-0.6610004856726582,1,1,1.0,2,1.4444444444444444,0,0,5.150821760646488,1.9999999999999991,9.863790938460564,0,3,0.375,0.3333333333333333,7.333333333333333,6,8,1.0,3,6,1.0,0.0,0.6153846153846154,0.2588359728126586,0.0780937805091956,3,0,0,1.0,1.625,2,2,2,7.331916589114478
peertube_follow,PP_12_w_10_nodes,src/graph_reconstruct_attacks/data/peertube_follow/PP_12_w_10_nodes,0,10,31,0.6888888888888889,6.2,2.181742422927143,1,9,2.4464393446710155,0.785873015873016,0.827027027027027,-0.38090909090909575,1,1,1.0,2,1.3111111111111111,1,1,6.880433695363925,1.0000000000000007,11.222381740286913,0,4,0.4444444444444444,0.4,7.75,6,9,1.0,6,10,1.0,0.0,0.6428571428571429,0.207797041532746,0.0690118364216001,4,0,0,1.0,1.5555555555555556,2,1,1,7.973789325275925
peertube_follow,PP_12_w_11_nodes,src/graph_reconstruct_attacks/data/peertube_follow/PP_12_w_11_nodes,0,11,13,0.23636363636363636,2.3636363636363638,2.568081253059188,1,10,1.6171895725927152,0.3242424242424243,0.16666666666666666,-0.7997711670480547,1,1,1.0,2,1.7636363636363637,6,1,3.6457513110645907,0.9999999999999989,12.161722179459781,0,10,1.0,0.9090909090909091,1.6,1,4,0.06666666666666667,3,13,0.23636363636363636,0.9,1.0,0.6350338186193928,0.3672027401973881,2,1,6,1.0,1.0,1,1,1,4.151982395457475
peertube_follow,PP_12_w_12_nodes,src/graph_reconstruct_attacks/data/peertube_follow/PP_12_w_12_nodes,0,12,28,0.42424242424242425,4.666666666666667,2.2852182001336816,1,10,2.4591479170272446,0.587037037037037,0.4925373134328358,-0.3700097370983448,1,1,1.0,3,1.6515151515151516,1,1,5.560156840740964,0.8757971563720843,18.53321289741289,0,4,0.36363636363636365,0.3333333333333333,6.75,5,10,0.8333333333333334,5,9,0.9,0.0036363636363636364,0.5789473684210527,0.2632364183196363,0.07041980503096494,4,0,0,1.0,1.7272727272727273,3,2,1,15.395953272199742
peertube_follow,PP_12_w_8_nodes,src/graph_reconstruct_attacks/data/peertube_follow/PP_12_w_8_nodes,0,8,13,0.4642857142857143,3.25,1.984313483298443,1,7,1.4056390622295665,0.5357142857142857,0.6666666666666666,-0.7049180327868856,1,1,1.0,2,1.5357142857142858,3,1,4.162277660168379,0.9999999999999991,7.573360894794219,0,4,0.5714285714285714,0.5,4.75,4,7,1.0,6,10,1.0,0.0,0.7,0.4231512040680131,0.1430003796913456,4,0,0,1.0,1.4285714285714286,2,4,4,5.468243914652199
peertube_follow,PP_12_w_9_nodes,src/graph_reconstruct_attacks/data/peertube_follow/PP_12_w_9_nodes,0,9,18,0.5,4.0,1.632993161855452,2,7,2.5032583347756456,0.4888888888888888,0.4090909090909091,-0.5510204081632677,1,1,1.0,2,1.5,0,0,4.461217883622741,1.6875530999975767,9.957853108595794,0,3,0.375,0.3333333333333333,6.0,5,7,0.6666666666666666,2,5,0.8333333333333334,0.007142857142857143,0.6153846153846154,0.2868808177125845,0.0851022197734129,3,0,0,1.0,1.625,2,2,2,7.5733608947942175
peertube_follow,PP_13_w_10_nodes,src/graph_reconstruct_attacks/data/peertube_follow/PP_13_w_10_nodes,0,10,17,0.37777777777777777,3.4,2.4166091947189146,1,9,2.4464393446710155,0.6288888888888888,0.42857142857142855,-0.6953762466001806,1,1,1.0,2,1.6222222222222222,2,1,4.456187023086761,1.0,12.042602523649927,0,1,0.1111111111111111,0.1,9.0,9,9,0,0,1,1.0,0.0,0.5294117647058824,0.11846675077090306,0.03932474349280863,1,0,1,1.0,1.8888888888888888,2,2,2,9.863790938460564
peertube_follow,PP_13_w_11_nodes,src/graph_reconstruct_attacks/data/peertube_follow/PP_13_w_11_nodes,0,11,28,0.509090909090909,5.090909090909091,2.609581835346786,2,10,2.481714572986073,0.7878787878787878,0.5526315789473685,-0.5574891236793037,1,1,1.0,2,1.490909090909091,0,0,5.948461555402851,2.0000000000000027,15.58255709785079,0,3,0.3,0.2727272727272727,8.666666666666666,6,10,1.0,3,6,1.0,0.0,0.5882352941176471,0.20801680899491376,0.05747742075543296,3,0,0,1.0,1.7,2,3,3,12.50104156540183
peertube_follow,PP_13_w_12_nodes,src/graph_reconstruct_attacks/data/peertube_follow/PP_13_w_12_nodes,0,12,26,0.3939393939393939,4.333333333333333,2.656229575084871,1,11,2.6887218755408666,0.581060606060606,0.4883720930232558,-0.535978018203675,1,1,1.0,2,1.606060606060606,2,1,5.446402501145368,1.0,18.218610094559647,0,1,0.09090909090909091,0.08333333333333333,11.0,11,11,0,0,1,1.0,0.0,0.5238095238095238,0.0905716893610155,0.028569549846082776,1,0,1,1.0,1.9090909090909092,2,2,2,15.489374957361969
peertube_follow,PP_13_w_8_nodes,src/graph_reconstruct_attacks/data/peertube_follow/PP_13_w_8_nodes,0,8,18,0.6428571428571429,4.5,1.6583123951777,3,7,1.5,0.805952380952381,0.6486486486486487,-0.5450643776824016,1,1,1.0,2,1.3571428571428572,0,0,4.90179961612277,2.43844718719117,7.118036769169399,0,3,0.42857142857142855,0.375,6.333333333333333,5,7,1.0,3,6,1.0,0.0,0.6363636363636364,0.26661193211306083,0.08761964362156849,3,0,0,1.0,1.5714285714285714,2,4,4,4.7345118040569645
peertube_follow,PP_13_w_9_nodes,src/graph_reconstruct_attacks/data/peertube_follow/PP_13_w_9_nodes,0,9,8,0.2222222222222222,1.7777777777777777,1.617802197617893,1,6,0.9864267287308424,0.0,0,-0.7530864197530864,1,1,1.0,3,2.0555555555555554,8,2,2.5395845610617456,0.3571597874887268,7.480873803373035,0,6,0.75,0.6666666666666666,1.3333333333333333,1,3,0,0,6,0.2857142857142857,0.8928571428571428,0.8,0.6738873386790493,0.3497852075169525,1,1,6,1.0,1.25,2,1,1,2.5774917998372175
peertube_follow,PP_14_w_10_nodes,src/graph_reconstruct_attacks/data/peertube_follow/PP_14_w_10_nodes,0,10,28,0.6222222222222222,5.6,2.33238075793812,2,9,1.9219280948873623,0.8674603174603174,0.7307692307692307,-0.5390070921985828,1,1,1.0,2,1.3777777777777778,0,0,6.331274719672812,2.0,12.042602523649927,0,9,1.0,0.9,5.222222222222222,2,9,0.5277777777777778,19,28,0.6222222222222222,0.20833333333333331,1.0,0.410595615651392,0.1575093399935793,5,0,0,1.0,1.0,1,2,2,9.93437201274627
peertube_follow,PP_14_w_11_nodes,src/graph_reconstruct_attacks/data/peertube_follow/PP_14_w_11_nodes,0,11,32,0.5818181818181818,5.818181818181818,2.5160640914723724,1,10,3.095795255000934,0.7231601731601732,0.6984126984126984,-0.46020053202373645,1,1,1.0,2,1.4181818181818182,1,1,6.684407461307434,1.0,15.271014535591442,0,8,0.8,0.7272727272727273,6.375,3,10,0.6785714285714286,19,27,0.75,0.05703703703703703,0.8333333333333334,0.37246792693474956,0.11974000801704045,5,0,0,1.0,1.2,2,1,1,12.57676227933995
peertube_follow,PP_14_w_12_nodes,src/graph_reconstruct_attacks/data/peertube_follow/PP_14_w_12_nodes,0,12,21,0.3181818181818182,3.5,2.565800719723442,1,11,2.2841591278514217,0.6512626262626263,0.32608695652173914,-0.5384475549900022,1,1,1.0,2,1.6818181818181819,1,1,4.570655430363888,0.9999999999999996,16.949718416795147,0,5,0.45454545454545453,0.4166666666666667,4.6,2,11,0.4,4,9,0.6,0.05151515151515151,0.6470588235294118,0.3521498794447451,0.11332928069362465,3,0,0,1.0,1.5454545454545454,2,2,2,13.473476040515532
peertube_follow,PP_14_w_8_nodes,src/graph_reconstruct_attacks/data/peertube_follow/PP_14_w_8_nodes,0,8,16,0.5714285714285714,4.0,1.8027756377319946,1,7,2.4056390622295662,0.6952380952380952,0.639344262295082,-0.5752461322081576,1,1,1.0,2,1.4285714285714286,1,1,4.591771562912576,0.9999999999999983,7.483184264445129,0,3,0.42857142857142855,0.375,6.0,5,7,1.0,3,6,1.0,0.0,0.6363636363636364,0.29404268585040194,0.09575508021016042,3,0,0,1.0,1.5714285714285714,2,3,3,5.308543071784685
peertube_follow,PP_14_w_9_nodes,src/graph_reconstruct_attacks/data/peertube_follow/PP_14_w_9_nodes,0,9,14,0.3888888888888889,3.111111111111111,2.0245407953653998,1,8,2.058813890331201,0.746031746031746,0.4375,-0.589869281045752,1,1,1.0,2,1.6111111111111112,1,1,3.914770816738831,1.0000000000000002,9.579360204616043,0,3,0.375,0.3333333333333333,5.333333333333333,3,8,1.0,3,6,1.0,0.0,0.6153846153846154,0.34952606038019385,0.10342159358453332,3,0,0,1.0,1.625,2,2,2,7.331916589114478
peertube_follow,PP_15_w_10_nodes,src/graph_reconstruct_attacks/data/peertube_follow/PP_15_w_10_nodes,0,10,44,0.9777777777777777,8.8,0.39999999999999997,8,9,0.7219280948873623,0.9777777777777779,0.9767441860465116,-0.22222222222216317,1,1,1.0,2,1.0222222222222221,0,0,8.815072906367325,7.999999999999998,1.6532125137753426,0,9,1.0,0.9,8.777777777777779,8,9,0.9722222222222222,35,44,0.9777777777777777,0.003472222222222222,1.0,0.3219573543060981,0.10198589110693845,8,0,0,1.0,1.0,1,8,8,1.5563025007672866
peertube_follow,PP_15_w_11_nodes,src/graph_reconstruct_attacks/data/peertube_follow/PP_15_w_11_nodes,0,11,31,0.5636363636363636,5.636363636363637,2.67217062849074,2,10,2.913977073182752,0.8335497835497836,0.639344262295082,-0.5854643337819676,1,1,1.0,2,1.4363636363636363,0,0,6.502953692661816,1.999999999999999,15.395953272199742,0,4,0.4,0.36363636363636365,8.75,7,10,1.0,6,10,1.0,0.0,0.625,0.24050545223067551,0.06660270092770298,4,0,0,1.0,1.6,2,2,2,12.234488049888835
peertube_follow,PP_15_w_12_nodes,src/graph_reconstruct_attacks/data/peertube_follow/PP_15_w_12_nodes,0,12,19,0.2878787878787879,3.1666666666666665,1.9930434571835662,1,8,2.1258145836939115,0.30416666666666664,0.4153846153846154,-0.30792870313460435,1,1,1.0,4,2.0303030303030303,4,3,4.3213271780072695,0.49152876683539004,16.238112017575762,0,1,0.09090909090909091,0.08333333333333333,3.0,3,3,0,0,1,1.0,0.0,0.34375,0.031247780007154925,0.038504843010813555,1,0,1,1.0,2.909090909090909,4,4,4,14.158602817677263
peertube_follow,PP_15_w_8_nodes,src/graph_reconstruct_attacks/data/peertube_follow/PP_15_w_8_nodes,0,8,17,0.6071428571428571,4.25,1.920286436967152,2,7,1.75,0.819047619047619,0.6,-0.6937269372693711,1,1,1.0,2,1.3928571428571428,0,0,4.790273027272392,1.9999999999999971,7.331916589114478,0,3,0.42857142857142855,0.375,6.666666666666667,6,7,1.0,3,6,1.0,0.0,0.6363636363636364,0.2871857717179528,0.0911916787577351,3,0,0,1.0,1.5714285714285714,2,4,4,5.065505023098389
peertube_follow,PP_15_w_9_nodes,src/graph_reconstruct_attacks/data/peertube_follow/PP_15_w_9_nodes,0,9,16,0.4444444444444444,3.5555555555555554,2.165954298846436,1,8,2.4193819456463714,0.7058201058201058,0.4838709677419355,-0.6793002915451894,1,1,1.0,2,1.5555555555555556,1,1,4.394540793642136,1.0000000000000002,9.863790938460564,0,1,0.125,0.1111111111111111,8.0,8,8,0,0,1,1.0,0.0,0.5333333333333333,0.11755897684579,0.04238897913082242,1,0,1,1.0,1.875,2,1,1,7.5733608947942175
peertube_follow,PP_16_w_10_nodes,src/graph_reconstruct_attacks/data/peertube_follow/PP_16_w_10_nodes,0,10,36,0.8,7.2,1.6613247725836147,3,9,2.1709505944546685,0.8778571428571429,0.8481012658227848,-0.3227091633466117,1,1,1.0,2,1.2,0,0,7.5296458009456675,2.965958164196508,8.947513679120227,0,3,0.3333333333333333,0.3,8.666666666666666,8,9,1.0,3,6,1.0,0.0,0.6,0.1399928460294217,0.05003323661612476,3,0,0,1.0,1.6666666666666667,2,1,1,3.853698211776175
peertube_follow,PP_16_w_11_nodes,src/graph_reconstruct_attacks/data/peertube_follow/PP_16_w_11_nodes,0,11,49,0.8909090909090909,8.909090909090908,1.2398346997259868,7,10,1.4353713907745331,0.9272727272727272,0.9090909090909091,-0.2917398945518494,1,1,1.0,2,1.1090909090909091,0,0,9.04604214754126,5.999999999999997,7.462243346555482,0,8,0.8,0.7272727272727273,9.5,8,10,1.0,28,36,1.0,0.0,0.8333333333333334,0.2794189424621227,0.08254950260793127,8,0,0,1.0,1.2,2,3,3,5.173171694527417
peertube_follow,PP_16_w_8_nodes,src/graph_reconstruct_attacks/data/peertube_follow/PP_16_w_8_nodes,0,8,9,0.32142857142857145,2.25,1.8540496217739157,1,7,1.4056390622295665,0.5119047619047619,0.24,-0.7174311926605519,1,1,1.0,2,1.6785714285714286,3,1,2.999999999999999,0.9999999999999993,6.839283168216569,0,2,0.2857142857142857,0.25,4.5,2,7,1.0,1,3,1.0,0.0,0.5833333333333334,0.32732683535398854,0.11036113788185077,2,0,0,1.0,1.7142857142857142,2,4,4,5.065505023098389
peertube_follow,PP_16_w_9_nodes,src/graph_reconstruct_attacks/data/peertube_follow/PP_16_w_9_nodes,0,9,15,0.4166666666666667,3.3333333333333335,2.160246899469287,1,8,2.0588138903312014,0.6351851851851852,0.48214285714285715,-0.6679447852760736,1,1,1.0,2,1.5833333333333333,2,1,4.213148418875527,0.9999999999999989,9.745691626382566,0,8,1.0,0.8888888888888888,2.75,1,6,0.25,7,15,0.4166666666666667,0.6071428571428571,1.0,0.5302991249435006,0.2601534574175115,3,1,2,1.0,1.0,1,1,1,6.073366374249938
peertube_follow,PP_17_w_10_nodes,src/graph_reconstruct_attacks/data/peertube_follow/PP_17_w_10_nodes,0,10,28,0.6222222222222222,5.6,2.33238075793812,2,9,1.9219280948873623,0.8674603174603174,0.7307692307692307,-0.5390070921985828,1,1,1.0,2,1.3777777777777778,0,0,6.331274719672814,2.000000000000001,12.042602523649927,0,9,1.0,0.9,5.222222222222222,2,9,0.5277777777777778,19,28,0.6222222222222222,0.20833333333333331,1.0,0.4105956156513919,0.15750933999357933,5,0,0,1.0,1.0,1,2,2,9.93437201274627
peertube_follow,PP_17_w_11_nodes,src/graph_reconstruct_attacks/data/peertube_follow/PP_17_w_11_nodes,0,11,11,0.2,2.0,2.5584085962673253,1,10,1.0957952550009336,0.18383838383838383,0.06382978723404255,-0.8818342151675486,1,1,1.0,2,1.8,8,1,3.297070544363274,0.9999999999999992,11.077925645748465,0,1,0.1,0.09090909090909091,10.0,10,10,0,0,1,1.0,0.0,0.5263157894736842,0.20855495345151268,0.04992574152629237,1,0,1,1.0,1.9,2,8,8,9.503816179887517
peertube_follow,PP_17_w_8_nodes,src/graph_reconstruct_attacks/data/peertube_follow/PP_17_w_8_nodes,0,8,17,0.6071428571428571,4.25,1.5612494995995996,2,7,2.5,0.7928571428571428,0.6461538461538462,-0.4709219858156038,1,1,1.0,2,1.3928571428571428,0,0,4.659928220142482,1.7971297884065656,7.331916589114478,0,2,0.2857142857142857,0.25,6.0,5,7,1.0,1,3,1.0,0.0,0.5833333333333334,0.18424919958351116,0.06771973260962355,2,0,0,1.0,1.7142857142857142,2,1,1,4.7345118040569645
peertube_follow,PP_17_w_9_nodes,src/graph_reconstruct_attacks/data/peertube_follow/PP_17_w_9_nodes,0,9,26,0.7222222222222222,5.777777777777778,1.8121673811444545,2,8,1.8365916681089791,0.8783068783068784,0.7985611510791367,-0.45431945307644694,1,1,1.0,2,1.2777777777777777,0,0,6.225927516084276,1.9999999999999973,8.405153089434911,0,8,1.0,0.8888888888888888,5.5,2,8,0.6428571428571429,18,26,0.7222222222222222,0.14285714285714285,1.0,0.40259347098743176,0.15110095540625487,5,0,0,1.0,1.0,1,2,2,7.118036769169399
peertube_follow,PP_18_w_10_nodes,src/graph_reconstruct_attacks/data/peertube_follow/PP_18_w_10_nodes,0,10,31,0.6888888888888889,6.2,2.181742422927143,1,9,2.4464393446710155,0.785873015873016,0.827027027027027,-0.38090909090909575,1,1,1.0,2,1.3111111111111111,1,1,6.880433695363925,0.9999999999999993,11.222381740286913,0,8,0.8888888888888888,0.8,6.625,4,9,0.7857142857142857,22,30,0.8333333333333334,0.04351851851851851,0.9,0.3754309696828697,0.12407087183734807,6,0,0,1.0,1.1111111111111112,2,2,2,9.36376040427669
peertube_follow,PP_18_w_11_nodes,src/graph_reconstruct_attacks/data/peertube_follow/PP_18_w_11_nodes,0,11,22,0.4,4.0,2.1320071635561044,1,8,2.8453509366224363,0.6727272727272727,0.5274725274725275,-0.36929460580912943,1,1,1.0,3,1.709090909090909,1,1,4.911560599427585,0.9460040304190799,15.114228431731151,0,2,0.2,0.18181818181818182,6.0,5,7,1.0,1,3,1.0,0.0,0.47619047619047616,0.16149835630136208,0.05036947500657385,2,0,0,1.0,2.1,3,2,2,12.501041565401833
peertube_follow,PP_18_w_8_nodes,src/graph_reconstruct_attacks/data/peertube_follow/PP_18_w_8_nodes,0,8,7,0.25,1.75,1.984313483298443,1,7,0.5435644431995964,0.0,0,-1.0,1,1,1.0,2,1.75,7,1,2.6457513110645903,0.9999999999999993,6.073366374249938,0,1,0.14285714285714285,0.125,7.0,7,7,0,0,1,1.0,0.0,0.5384615384615384,0.26726124191242445,0.07577195037478103,1,0,1,1.0,1.8571428571428572,2,7,7,4.734511804056966
peertube_follow,PP_18_w_9_nodes,src/graph_reconstruct_attacks/data/peertube_follow/PP_18_w_9_nodes,0,9,16,0.4444444444444444,3.5555555555555554,2.1140330656044943,2,8,1.8799649487271108,0.7984126984126985,0.4426229508196721,-0.6659678546471,1,1,1.0,2,1.5555555555555556,0,0,4.309661263316453,1.5069425051281358,9.863790938460564,0,6,0.75,0.6666666666666666,3.6666666666666665,2,8,0.4,6,12,0.5714285714285714,0.1607142857142857,0.8,0.44987207423189274,0.1800439055623234,3,0,0,1.0,1.25,2,1,1,7.118036769169399
peertube_follow,PP_19_w_10_nodes,src/graph_reconstruct_attacks/data/peertube_follow/PP_19_w_10_nodes,0,10,39,0.8666666666666667,7.8,1.2489995996796797,5,9,1.8464393446710154,0.9095238095238095,0.8901098901098901,-0.2745098039215631,1,1,1.0,2,1.1333333333333333,0,0,7.965581199082771,4.7639320225002075,6.910894287855446,0,9,1.0,0.9,7.666666666666667,5,9,0.8333333333333334,30,39,0.8666666666666667,0.03425925925925925,1.0,0.34959574824934564,0.11368250443080058,7,0,0,1.0,1.0,1,4,4,6.289542577760611
peertube_follow,PP_19_w_11_nodes,src/graph_reconstruct_attacks/data/peertube_follow/PP_19_w_11_nodes,0,11,28,0.509090909090909,5.090909090909091,2.7120788891229632,2,10,2.3685225277282065,0.7506493506493507,0.5225806451612903,-0.6311513107465885,1,1,1.0,2,1.490909090909091,0,0,6.006023088061232,1.9999999999999976,15.58255709785079,0,4,0.4,0.36363636363636365,8.25,6,10,0.8333333333333334,5,9,0.9,0.003703703703703704,0.625,0.26292798034492054,0.07221403420244443,4,0,0,1.0,1.6,2,4,4,12.57676227933995
peertube_follow,PP_19_w_8_nodes,src/graph_reconstruct_attacks/data/peertube_follow/PP_19_w_8_nodes,0,8,16,0.5714285714285714,4.0,1.7320508075688772,2,7,2.5,0.799404761904762,0.6,-0.5625,1,1,1.0,2,1.4285714285714286,0,0,4.510066632976695,1.7610795937258203,7.483184264445129,0,3,0.42857142857142855,0.375,6.0,5,7,1.0,3,6,1.0,0.0,0.6363636363636364,0.29904759331766506,0.09596097316349429,3,0,0,1.0,1.5714285714285714,2,2,2,5.308543071784685
peertube_follow,PP_19_w_9_nodes,src/graph_reconstruct_attacks/data/peertube_follow/PP_19_w_9_nodes,0,9,11,0.3055555555555556,2.4444444444444446,1.7708197167232473,1,7,1.8910611120726526,0.3862433862433863,0.3,-0.5376344086021508,1,1,1.0,3,1.8611111111111112,4,2,3.279920736720018,0.44279808345722504,8.778733752247508,0,2,0.25,0.2222222222222222,4.0,1,7,0,0,2,0.6666666666666666,0.25,0.5714285714285714,0.20474691674533968,0.10493831415386631,1,1,2,1.0,1.75,2,3,1,6.839283168216569
peertube_follow,PP_1_w_10_nodes,src/graph_reconstruct_attacks/data/peertube_follow/PP_1_w_10_nodes,0,10,16,0.35555555555555557,3.2,2.4,1,9,2.321928094887362,0.6261111111111111,0.375,-0.7037037037037037,1,1,1.0,2,1.6444444444444444,2,1,4.246445568482842,0.9999999999999999,11.810653447129246,0,1,0.1111111111111111,0.1,9.0,9,9,0,0,1,1.0,0.0,0.5294117647058824,0.12945910625023843,0.04063144821824257,1,0,1,1.0,1.8888888888888888,2,2,2,9.745691626382566
peertube_follow,PP_1_w_11_nodes,src/graph_reconstruct_attacks/data/peertube_follow/PP_1_w_11_nodes,0,11,12,0.21818181818181817,2.1818181818181817,2.5519397904760366,1,10,1.4911148500551854,0.24646464646464647,0.12,-0.8224755700325733,1,1,1.0,2,1.7818181818181817,7,1,3.462284653119692,0.9999999999999991,11.642197076187038,0,10,1.0,0.9090909090909091,1.4,1,3,0.044444444444444446,2,12,0.21818181818181817,0.9444444444444445,1.0,0.6619312858901717,0.39492867178536245,2,1,7,1.0,1.0,1,1,1,2.9956351945975475
peertube_follow,PP_1_w_12_nodes,src/graph_reconstruct_attacks/data/peertube_follow/PP_1_w_12_nodes,0,12,18,0.2727272727272727,3.0,2.70801280154532,1,11,2.355388542207534,0.5467171717171717,0.3375,-0.6377233070211876,1,1,1.0,2,1.7272727272727273,4,1,4.354013902634196,0.9999999999999992,15.835624381153007,0,1,0.09090909090909091,0.08333333333333333,11.0,11,11,0,0,1,1.0,0.0,0.5238095238095238,0.13129155519643157,0.035391553051721925,1,0,1,1.0,1.9090909090909092,2,4,4,13.834091726163757
peertube_follow,PP_1_w_8_nodes,src/graph_reconstruct_attacks/data/peertube_follow/PP_1_w_8_nodes,0,8,14,0.5,3.5,1.8027756377319946,1,7,2.5,0.6791666666666667,0.5625,-0.5849056603773585,1,1,1.0,2,1.5,1,1,4.148939773367839,0.9999999999999993,7.603324118171656,0,2,0.2857142857142857,0.25,6.0,5,7,1.0,1,3,1.0,0.0,0.5833333333333334,0.23229307226421786,0.07723526517604648,2,0,0,1.0,1.7142857142857142,2,2,2,5.468243914652198
peertube_follow,PP_1_w_9_nodes,src/graph_reconstruct_attacks/data/peertube_follow/PP_1_w_9_nodes,0,9,11,0.3055555555555556,2.4444444444444446,2.1140330656044943,1,8,1.836591668108979,0.38227513227513227,0.25,-0.7357001972386584,1,1,1.0,2,1.6944444444444444,4,1,3.3825565946607306,1.0,8.778733752247508,0,1,0.125,0.1111111111111111,8.0,8,8,0,0,1,1.0,0.0,0.5333333333333333,0.18406507183480933,0.053692601026243854,1,0,1,1.0,1.875,2,4,4,7.118036769169399
peertube_follow,PP_20_w_11_nodes,src/graph_reconstruct_attacks/data/peertube_follow/PP_20_w_11_nodes,0,11,12,0.21818181818181817,2.1818181818181817,2.5519397904760366,1,10,1.4911148500551858,0.24646464646464647,0.12,-0.8224755700325735,1,1,1.0,2,1.7818181818181817,7,1,3.462284653119692,0.9999999999999996,11.642197076187038,0,10,1.0,0.9090909090909091,1.4,1,3,0.044444444444444446,2,12,0.21818181818181817,0.9444444444444445,1.0,0.6619312858901718,0.39492867178536245,2,1,7,1.0,1.0,1,1,1,2.9956351945975475
peertube_follow,PP_20_w_8_nodes,src/graph_reconstruct_attacks/data/peertube_follow/PP_20_w_8_nodes,0,8,14,0.5,3.5,1.8027756377319946,1,7,2.5,0.6791666666666667,0.5625,-0.5849056603773585,1,1,1.0,2,1.5,1,1,4.148939773367836,1.0000000000000007,7.603324118171656,0,2,0.2857142857142857,0.25,6.0,5,7,1.0,1,3,1.0,0.0,0.5833333333333334,0.23229307226421772,0.07723526517604648,2,0,0,1.0,1.7142857142857142,2,2,2,5.468243914652198
peertube_follow,PP_20_w_9_nodes,src/graph_reconstruct_attacks/data/peertube_follow/PP_20_w_9_nodes,0,9,22,0.6111111111111112,4.888888888888889,1.9116278371205837,2,8,1.6577427265048887,0.7962962962962963,0.6470588235294118,-0.5042735042735049,1,1,1.0,2,1.3888888888888888,0,0,5.399169269669681,1.9999999999999993,9.579360204616044,0,8,1.0,0.8888888888888888,4.5,2,8,0.5,14,22,0.6111111111111112,0.20833333333333331,1.0,0.4526556881282592,0.17534958888702576,4,0,0,1.0,1.0,1,2,2,7.603324118171656
peertube_follow,PP_21_w_10_nodes,src/graph_reconstruct_attacks/data/peertube_follow/PP_21_w_10_nodes,0,10,39,0.8666666666666667,7.8,1.2489995996796797,5,9,1.8464393446710154,0.9095238095238095,0.8901098901098901,-0.2745098039215631,1,1,1.0,2,1.1333333333333333,0,0,7.96558119908277,4.763932022500209,6.910894287855446,0,5,0.5555555555555556,0.5,8.6,7,9,1.0,10,15,1.0,0.0,0.6923076923076923,0.2111976396863052,0.06903644747065522,5,0,0,1.0,1.4444444444444444,2,1,1,2.79934054945358
peertube_follow,PP_21_w_11_nodes,src/graph_reconstruct_attacks/data/peertube_follow/PP_21_w_11_nodes,0,11,32,0.5818181818181818,5.818181818181818,2.8225772175018227,3,10,1.8585552118703144,0.8262626262626263,0.6060606060606061,-0.6776034236804565,1,1,1.0,2,1.4181818181818182,0,0,6.676324496757748,2.8599450553597383,15.271014535591442,0,4,0.4,0.36363636363636365,9.5,9,10,1.0,6,10,1.0,0.0,0.625,0.24042116322270943,0.06481207662425482,4,0,0,1.0,1.6,2,5,5,12.042602523649927
peertube_follow,PP_21_w_8_nodes,src/graph_reconstruct_attacks/data/peertube_follow/PP_21_w_8_nodes,0,8,11,0.39285714285714285,2.75,1.3919410907075054,1,5,1.75,0.4791666666666667,0.3333333333333333,-0.601532567049809,1,1,1.0,3,1.6785714285714286,1,1,3.2202989503197776,0.8409216810074562,7.331916589114478,0,5,0.7142857142857143,0.625,2.8,2,5,0.3,3,8,0.5333333333333333,0.3571428571428571,0.7777777777777778,0.5360150689381559,0.21315218367305278,2,0,0,1.0,1.2857142857142858,2,2,1,4.734511804056966
peertube_follow,PP_21_w_9_nodes,src/graph_reconstruct_attacks/data/peertube_follow/PP_21_w_9_nodes,0,9,16,0.4444444444444444,3.5555555555555554,2.2166597048066667,1,8,2.197159723424149,0.6465608465608466,0.5714285714285714,-0.6848772763262074,1,1,1.0,2,1.5555555555555556,2,1,4.509266261037505,0.999999999999999,9.863790938460564,0,8,1.0,0.8888888888888888,3.0,1,6,0.2857142857142857,8,16,0.4444444444444444,0.5892857142857143,1.0,0.4961858205974552,0.24773401582332885,4,1,2,1.0,1.0,1,1,1,6.4924956819919135
peertube_follow,PP_22_w_10_nodes,src/graph_reconstruct_attacks/data/peertube_follow/PP_22_w_10_nodes,0,10,39,0.8666666666666667,7.8,1.2489995996796797,5,9,1.8464393446710154,0.9095238095238095,0.8901098901098901,-0.2745098039215631,1,1,1.0,2,1.1333333333333333,0,0,7.965581199082767,4.763932022500209,6.910894287855446,0,5,0.5555555555555556,0.5,8.6,7,9,1.0,10,15,1.0,0.0,0.6923076923076923,0.21119763968630517,0.06903644747065521,5,0,0,1.0,1.4444444444444444,2,1,1,2.79934054945358
peertube_follow,PP_22_w_11_nodes,src/graph_reconstruct_attacks/data/peertube_follow/PP_22_w_11_nodes,0,11,19,0.34545454545454546,3.4545454545454546,2.387986461193399,1,9,2.2221915755066783,0.5595959595959596,0.38461538461538464,-0.5916230366492139,1,1,1.0,3,1.690909090909091,1,1,4.531932215798157,0.9499440847378696,14.448050940791438,0,1,0.1,0.09090909090909091,9.0,9,9,0,0,1,1.0,0.0,0.5,0.11421251772843778,0.034985897813639796,1,0,1,1.0,2.0,3,1,1,12.234488049888835
peertube_follow,PP_22_w_8_nodes,src/graph_reconstruct_attacks/data/peertube_follow/PP_22_w_8_nodes,0,8,14,0.5,3.5,1.224744871391589,2,6,1.5487949406953985,0.3708333333333333,0.2926829268292683,-0.6584022038567505,1,1,1.0,2,1.5,0,0,3.7488214918383416,1.7100549170625214,7.603324118171656,0,3,0.42857142857142855,0.375,4.0,3,6,0.6666666666666666,2,5,0.8333333333333334,0.015873015873015872,0.6363636363636364,0.3053524897187094,0.10932818181043129,3,0,0,1.0,1.5714285714285714,2,5,3,5.547425160699821
peertube_follow,PP_22_w_9_nodes,src/graph_reconstruct_attacks/data/peertube_follow/PP_22_w_9_nodes,0,9,26,0.7222222222222222,5.777777777777778,1.8121673811444545,2,8,2.4193819456463714,0.8698412698412699,0.7985611510791367,-0.44350097975179814,1,1,1.0,2,1.2777777777777777,0,0,6.234657096849294,1.9999999999999973,8.405153089434911,0,7,0.875,0.7777777777777778,6.142857142857143,4,8,0.8095238095238095,17,24,0.8571428571428571,0.0369047619047619,0.8888888888888888,0.38379765143496425,0.13066470996127297,5,0,0,1.0,1.125,2,1,1,6.8392831682165705
peertube_follow,PP_23_w_10_nodes,src/graph_reconstruct_attacks/data/peertube_follow/PP_23_w_10_nodes,0,10,39,0.8666666666666667,7.8,1.2489995996796797,5,9,1.8464393446710154,0.9095238095238095,0.8901098901098901,-0.2745098039215631,1,1,1.0,2,1.1333333333333333,0,0,7.965581199082768,4.763932022500208,6.910894287855446,0,5,0.5555555555555556,0.5,8.6,7,9,1.0,10,15,1.0,0.0,0.6923076923076923,0.21119763968630526,0.06903644747065522,5,0,0,1.0,1.4444444444444444,2,1,1,2.79934054945358
peertube_follow,PP_23_w_11_nodes,src/graph_reconstruct_attacks/data/peertube_follow/PP_23_w_11_nodes,0,11,49,0.8909090909090909,8.909090909090908,1.2398346997259868,7,10,1.4353713907745331,0.9272727272727272,0.9090909090909091,-0.2917398945518494,1,1,1.0,2,1.1090909090909091,0,0,9.04604214754126,5.999999999999997,7.462243346555482,0,8,0.8,0.7272727272727273,9.5,8,10,1.0,28,36,1.0,0.0,0.8333333333333334,0.2794189424621226,0.08254950260793127,8,0,0,1.0,1.2,2,3,3,5.173171694527417
peertube_follow,PP_23_w_8_nodes,src/graph_reconstruct_attacks/data/peertube_follow/PP_23_w_8_nodes,0,8,17,0.6071428571428571,4.25,1.7853571071357126,2,7,2.1556390622295662,0.8107142857142857,0.6176470588235294,-0.5964912280701749,1,1,1.0,2,1.3928571428571428,0,0,4.7347321148865795,2.000000000000001,7.331916589114478,0,3,0.42857142857142855,0.375,6.333333333333333,5,7,1.0,3,6,1.0,0.0,0.6363636363636364,0.28395410638677837,0.09140467090753404,3,0,0,1.0,1.5714285714285714,2,3,3,5.065505023098389
peertube_follow,PP_23_w_9_nodes,src/graph_reconstruct_attacks/data/peertube_follow/PP_23_w_9_nodes,0,9,15,0.4166666666666667,3.3333333333333335,2.1081851067789192,1,8,1.7527152789797047,0.4351851851851852,0.4909090909090909,-0.6451612903225797,1,1,1.0,2,1.5833333333333333,3,1,4.248450836662673,0.9999999999999997,9.745691626382566,0,1,0.125,0.1111111111111111,8.0,8,8,0,0,1,1.0,0.0,0.5333333333333333,0.12240092970742764,0.04488053286519027,1,0,1,1.0,1.875,2,3,3,7.603324118171656
peertube_follow,PP_24_w_11_nodes,src/graph_reconstruct_attacks/data/peertube_follow/PP_24_w_11_nodes,0,11,28,0.509090909090909,5.090909090909091,2.778310325442932,2,10,2.3685225277282065,0.842857142857143,0.5732484076433121,-0.6281436255269663,1,1,1.0,2,1.490909090909091,0,0,6.055179812233054,1.9999999999999996,15.58255709785079,0,2,0.2,0.18181818181818182,10.0,10,10,1.0,1,3,1.0,0.0,0.5555555555555556,0.1464435628621079,0.04284812214848227,2,0,0,1.0,1.8,2,2,2,12.387098213094996
peertube_follow,PP_24_w_8_nodes,src/graph_reconstruct_attacks/data/peertube_follow/PP_24_w_8_nodes,0,8,8,0.2857142857142857,2.0,1.9364916731037085,1,7,1.2987949406953985,0.25595238095238093,0.13043478260869565,-0.8585858585858586,1,1,1.0,2,1.7142857142857142,5,1,2.8434044873336743,0.999999999999999,6.4924956819919135,0,1,0.14285714285714285,0.125,7.0,7,7,0,0,1,1.0,0.0,0.5384615384615384,0.23673427445027628,0.06907013444626295,1,0,1,1.0,1.8571428571428572,2,5,5,5.065505023098389
peertube_follow,PP_24_w_9_nodes,src/graph_reconstruct_attacks/data/peertube_follow/PP_24_w_9_nodes,0,9,20,0.5555555555555556,4.444444444444445,2.006163342807532,1,8,2.2810361125534233,0.717989417989418,0.6896551724137931,-0.4777497900923583,1,1,1.0,2,1.4444444444444444,1,1,5.174454867779325,0.9999999999999982,9.863790938460564,0,8,1.0,0.8888888888888888,4.0,1,6,0.42857142857142855,12,20,0.5555555555555556,0.42559523809523814,1.0,0.4548753298894834,0.19844969333355683,4,1,1,1.0,1.0,1,1,1,7.483184264445128
peertube_follow,PP_25_w_11_nodes,src/graph_reconstruct_attacks/data/peertube_follow/PP_25_w_11_nodes,0,11,23,0.41818181818181815,4.181818181818182,2.8225772175018227,2,10,1.9362600275315274,0.8404040404040404,0.4358974358974359,-0.6593114241001566,1,1,1.0,2,1.5818181818181818,0,0,5.24624601598647,1.999999999999999,15.271014535591446,0,2,0.2,0.18181818181818182,10.0,10,10,1.0,1,3,1.0,0.0,0.5555555555555556,0.18930299505045053,0.04868737168605888,2,0,0,1.0,1.8,2,3,3,12.576762279339954
peertube_follow,PP_25_w_8_nodes,src/graph_reconstruct_attacks/data/peertube_follow/PP_25_w_8_nodes,0,8,16,0.5714285714285714,4.0,1.8027756377319946,1,7,2.4056390622295662,0.7160714285714286,0.6885245901639344,-0.5349593495934959,1,1,1.0,2,1.4285714285714286,1,1,4.636831394442339,1.0000000000000004,7.483184264445129,0,2,0.2857142857142857,0.25,6.0,5,7,1.0,1,3,1.0,0.0,0.5833333333333334,0.18861928000196831,0.07085077984726926,2,0,0,1.0,1.7142857142857142,2,1,1,5.065505023098389
peertube_follow,PP_25_w_9_nodes,src/graph_reconstruct_attacks/data/peertube_follow/PP_25_w_9_nodes,0,9,24,0.6666666666666666,5.333333333333333,2.0,3,8,1.974937501201927,0.834920634920635,0.6885245901639344,-0.5756521739130437,1,1,1.0,2,1.3333333333333333,0,0,5.827835491533177,3.000000000000001,9.09749251487192,0,8,1.0,0.8888888888888888,5.0,3,8,0.5714285714285714,16,24,0.6666666666666666,0.1369047619047619,1.0,0.42640870251009816,0.16138512677440467,4,0,0,1.0,1.0,1,3,3,7.483184264445129
peertube_follow,PP_26_w_11_nodes,src/graph_reconstruct_attacks/data/peertube_follow/PP_26_w_11_nodes,0,11,49,0.8909090909090909,8.909090909090908,1.2398346997259868,7,10,1.4353713907745331,0.9272727272727272,0.9090909090909091,-0.2917398945518494,1,1,1.0,2,1.1090909090909091,0,0,9.04604214754126,5.999999999999997,7.462243346555482,0,8,0.8,0.7272727272727273,9.5,8,10,1.0,28,36,1.0,0.0,0.8333333333333334,0.2794189424621226,0.08254950260793127,8,0,0,1.0,1.2,2,3,3,5.173171694527417
peertube_follow,PP_26_w_8_nodes,src/graph_reconstruct_attacks/data/peertube_follow/PP_26_w_8_nodes,0,8,8,0.2857142857142857,2.0,1.5811388300841898,1,6,1.4056390622295665,0.25833333333333336,0.16666666666666666,-0.6533333333333333,1,1,1.0,3,1.8928571428571428,5,2,2.7072932688216556,0.4524933868350225,6.4924956819919135,0,6,0.8571428571428571,0.75,1.5,1,2,0.06666666666666667,1,7,0.3333333333333333,0.9047619047619047,0.875,0.6588986769856983,0.35025278708632807,2,1,4,1.0,1.1428571428571428,2,1,1,2.3222192947339177
peertube_follow,PP_26_w_9_nodes,src/graph_reconstruct_attacks/data/peertube_follow/PP_26_w_9_nodes,0,9,14,0.3888888888888889,3.111111111111111,2.0245407953653998,1,8,2.058813890331201,0.746031746031746,0.4375,-0.589869281045752,1,1,1.0,2,1.6111111111111112,1,1,3.914770816738831,1.0000000000000002,9.579360204616043,0,3,0.375,0.3333333333333333,5.333333333333333,3,8,1.0,3,6,1.0,0.0,0.6153846153846154,0.3495260603801938,0.10342159358453332,3,0,0,1.0,1.625,2,2,2,7.331916589114478
peertube_follow,PP_27_w_8_nodes,src/graph_reconstruct_attacks/data/peertube_follow/PP_27_w_8_nodes,0,8,22,0.7857142857142857,5.5,1.118033988749895,4,7,2.0,0.8119047619047619,0.7788461538461539,-0.3655172413793054,1,1,1.0,2,1.2142857142857142,0,0,5.6710230216050554,3.6072437528048935,5.576041733441989,0,7,1.0,0.875,5.285714285714286,4,7,0.7142857142857143,15,22,0.7857142857142857,0.07698412698412697,1.0,0.4190598297771793,0.15523813717182378,4,0,0,1.0,1.0,1,2,2,4.7345118040569645
peertube_follow,PP_27_w_9_nodes,src/graph_reconstruct_attacks/data/peertube_follow/PP_27_w_9_nodes,0,9,26,0.7222222222222222,5.777777777777778,1.617802197617893,4,8,1.5304930567574824,0.8365079365079365,0.75,-0.41843220338983533,1,1,1.0,2,1.2777777777777777,0,0,6.096643536362341,3.267949192431123,8.405153089434911,0,5,0.625,0.5555555555555556,6.6,4,8,0.9,9,14,0.9333333333333333,0.008928571428571428,0.7272727272727273,0.29502849777284973,0.0979595761622323,4,0,0,1.0,1.375,2,4,4,6.073366374249938
peertube_follow,PP_28_w_11_nodes,src/graph_reconstruct_attacks/data/peertube_follow/PP_28_w_11_nodes,0,11,49,0.8909090909090909,8.909090909090908,1.2398346997259868,7,10,1.4353713907745331,0.9272727272727272,0.9090909090909091,-0.2917398945518494,1,1,1.0,2,1.1090909090909091,0,0,9.04604214754126,5.999999999999997,7.462243346555482,0,8,0.8,0.7272727272727273,9.5,8,10,1.0,28,36,1.0,0.0,0.8333333333333334,0.2794189424621227,0.08254950260793127,8,0,0,1.0,1.2,2,3,3,5.173171694527417
peertube_follow,PP_28_w_8_nodes,src/graph_reconstruct_attacks/data/peertube_follow/PP_28_w_8_nodes,0,8,13,0.4642857142857143,3.25,1.8540496217739157,1,7,2.1556390622295662,0.5773809523809523,0.5581395348837209,-0.6305841924398639,1,1,1.0,2,1.5357142857142858,2,1,3.9906884634585333,0.9999999999999998,7.573360894794219,0,4,0.5714285714285714,0.5,4.25,2,7,0.6666666666666666,4,8,0.8,0.047619047619047616,0.7,0.4015232511701561,0.14761941042510607,3,0,0,1.0,1.4285714285714286,2,3,1,5.468243914652199
peertube_follow,PP_28_w_9_nodes,src/graph_reconstruct_attacks/data/peertube_follow/PP_28_w_9_nodes,0,9,24,0.6666666666666666,5.333333333333333,2.0548046676563256,1,8,2.197159723424149,0.7619047619047619,0.7804878048780488,-0.509433962264147,1,1,1.0,2,1.3333333333333333,1,1,5.984371174685569,1.0000000000000022,9.09749251487192,0,7,0.875,0.7777777777777778,5.714285714285714,4,8,0.7619047619047619,16,23,0.8214285714285714,0.04464285714285714,0.8888888888888888,0.3988107977878552,0.1399414490868693,5,0,0,1.0,1.125,2,3,3,7.331916589114478
peertube_follow,PP_29_w_11_nodes,src/graph_reconstruct_attacks/data/peertube_follow/PP_29_w_11_nodes,0,11,32,0.5818181818181818,5.818181818181818,2.5873180855923104,2,10,2.550340709546388,0.8388888888888889,0.6596858638743456,-0.5369175627240144,1,1,1.0,2,1.4181818181818182,0,0,6.6088271689387215,1.9999999999999991,15.271014535591442,0,2,0.2,0.18181818181818182,10.0,10,10,1.0,1,3,1.0,0.0,0.5555555555555556,0.12600322543492543,0.039315638703059444,2,0,0,1.0,1.8,2,1,1,11.537652175065501
peertube_follow,PP_29_w_8_nodes,src/graph_reconstruct_attacks/data/peertube_follow/PP_29_w_8_nodes,0,8,17,0.6071428571428571,4.25,1.8540496217739157,2,7,2.25,0.844047619047619,0.6521739130434783,-0.6267087276550987,1,1,1.0,2,1.3928571428571428,0,0,4.792527518492259,1.9999999999999993,7.331916589114478,0,2,0.2857142857142857,0.25,7.0,7,7,1.0,1,3,1.0,0.0,0.5833333333333334,0.19520961482848076,0.06723400708883157,2,0,0,1.0,1.7142857142857142,2,2,2,4.7345118040569645
peertube_follow,PP_29_w_9_nodes,src/graph_reconstruct_attacks/data/peertube_follow/PP_29_w_9_nodes,0,9,11,0.3055555555555556,2.4444444444444446,2.165954298846436,1,8,1.3516441151533922,0.34523809523809523,0.32432432432432434,-0.7868020304568528,1,1,1.0,2,1.6944444444444444,5,1,3.4741936586103757,0.9999999999999994,8.778733752247508,0,1,0.125,0.1111111111111111,8.0,8,8,0,0,1,1.0,0.0,0.5333333333333333,0.17217913472278562,0.05422385492857589,1,0,1,1.0,1.875,2,5,5,7.118036769169399
peertube_follow,PP_2_w_10_nodes,src/graph_reconstruct_attacks/data/peertube_follow/PP_2_w_10_nodes,0,10,26,0.5777777777777777,5.2,2.1354156504062622,2,9,2.521928094887362,0.7896031746031746,0.6590909090909091,-0.46147798742138385,1,1,1.0,2,1.4222222222222223,0,0,5.874542780893547,1.829907666333281,12.387098213094996,0,7,0.7777777777777778,0.7,5.571428571428571,2,9,0.6190476190476191,13,20,0.7142857142857143,0.09120370370370369,0.8181818181818182,0.3812715508201707,0.1311977257982396,4,0,0,1.0,1.2222222222222223,2,2,1,9.93437201274627
peertube_follow,PP_2_w_12_nodes,src/graph_reconstruct_attacks/data/peertube_follow/PP_2_w_12_nodes,0,12,21,0.3181818181818182,3.5,2.565800719723442,1,11,2.2841591278514217,0.7012626262626264,0.358695652173913,-0.5193601163424828,1,1,1.0,2,1.6818181818181819,1,1,4.607786975817647,1.0000000000000004,16.949718416795147,0,5,0.45454545454545453,0.4166666666666667,4.4,2,11,0.4,4,9,0.6,0.05151515151515151,0.6470588235294118,0.3389894768426471,0.11417323373887148,3,0,0,1.0,1.5454545454545454,2,2,1,13.473476040515532
peertube_follow,PP_2_w_8_nodes,src/graph_reconstruct_attacks/data/peertube_follow/PP_2_w_8_nodes,0,8,17,0.6071428571428571,4.25,1.3919410907075054,3,7,1.811278124459133,0.7428571428571429,0.6190476190476191,-0.4166666666666676,1,1,1.0,2,1.3928571428571428,0,0,4.566758709698782,1.8673625064201609,7.331916589114478,0,6,0.8571428571428571,0.75,4.0,3,7,0.4666666666666667,7,13,0.6190476190476191,0.1746031746031746,0.875,0.43712751382862,0.17145506019502654,3,0,0,1.0,1.1428571428571428,2,1,1,5.547425160699821
peertube_follow,PP_2_w_9_nodes,src/graph_reconstruct_attacks/data/peertube_follow/PP_2_w_9_nodes,0,9,17,0.4722222222222222,3.7777777777777777,1.872477727372524,2,8,2.197159723424149,0.7801587301587302,0.5238095238095238,-0.49610591900311646,1,1,1.0,2,1.5277777777777777,0,0,4.401247514351475,1.3397697499114865,9.93437201274627,0,5,0.625,0.5555555555555556,4.6,3,8,0.6,6,11,0.7333333333333333,0.06547619047619047,0.7272727272727273,0.41690377419443464,0.1402711268626927,3,0,0,1.0,1.375,2,2,2,7.483184264445128
peertube_follow,PP_30_w_8_nodes,src/graph_reconstruct_attacks/data/peertube_follow/PP_30_w_8_nodes,0,8,11,0.39285714285714285,2.75,1.3919410907075054,1,5,1.75,0.4791666666666667,0.3333333333333333,-0.601532567049809,1,1,1.0,3,1.6785714285714286,1,1,3.2202989503197776,0.8409216810074562,7.331916589114478,0,5,0.7142857142857143,0.625,2.8,2,5,0.3,3,8,0.5333333333333333,0.3571428571428571,0.7777777777777778,0.536015068938156,0.21315218367305278,2,0,0,1.0,1.2857142857142858,2,2,1,4.734511804056966
peertube_follow,PP_30_w_9_nodes,src/graph_reconstruct_attacks/data/peertube_follow/PP_30_w_9_nodes,0,9,16,0.4444444444444444,3.5555555555555554,1.892154040658489,2,8,2.058813890331201,0.7724867724867726,0.47368421052631576,-0.5328582739509106,1,1,1.0,2,1.5555555555555556,0,0,4.189677122366665,1.2966824015686085,9.863790938460564,0,5,0.625,0.5555555555555556,3.8,2,8,0.5,5,10,0.6666666666666666,0.08928571428571427,0.7272727272727273,0.4055328417876287,0.15130397515335042,3,0,0,1.0,1.375,2,1,1,7.331916589114478
peertube_follow,PP_31_w_8_nodes,src/graph_reconstruct_attacks/data/peertube_follow/PP_31_w_8_nodes,0,8,10,0.35714285714285715,2.5,1.8027756377319946,1,7,1.75,0.6011904761904762,0.32142857142857145,-0.6493055555555557,1,1,1.0,2,1.6428571428571428,2,1,3.193906206599486,0.9999999999999997,7.118036769169399,0,7,1.0,0.875,1.8571428571428572,1,3,0.14285714285714285,3,10,0.35714285714285715,0.8333333333333333,1.0,0.6279860462771822,0.33234165412231753,2,1,2,1.0,1.0,1,1,1,3.123851640967086
peertube_follow,PP_31_w_9_nodes,src/graph_reconstruct_attacks/data/peertube_follow/PP_31_w_9_nodes,0,9,32,0.8888888888888888,7.111111111111111,1.0999438818457405,5,8,1.6577427265048887,0.9153439153439152,0.8955223880597015,-0.37441643323996265,1,1,1.0,2,1.1111111111111112,0,0,7.240852293406547,5.000000000000002,4.770152160326103,0,8,1.0,0.8888888888888888,7.0,5,8,0.8571428571428571,24,32,0.8888888888888888,0.02738095238095238,1.0,0.3615168759298518,0.12346848675102007,6,0,0,1.0,1.0,1,5,5,4.311223910432452
peertube_follow,PP_32_w_8_nodes,src/graph_reconstruct_attacks/data/peertube_follow/PP_32_w_8_nodes,0,8,22,0.7857142857142857,5.5,1.4142135623730951,3,7,2.1556390622295662,0.8761904761904762,0.8130841121495327,-0.4757763975155272,1,1,1.0,2,1.2142857142857142,0,0,5.768685436286891,2.9999999999999996,5.576041733441989,0,5,0.7142857142857143,0.625,6.4,5,7,1.0,10,15,1.0,0.0,0.7777777777777778,0.33758806003681463,0.11394064078328997,5,0,0,1.0,1.2857142857142858,2,2,2,3.7770641547424284
peertube_follow,PP_32_w_9_nodes,src/graph_reconstruct_attacks/data/peertube_follow/PP_32_w_9_nodes,0,9,17,0.4722222222222222,3.7777777777777777,2.1487866228681907,1,8,2.4193819456463714,0.6060846560846561,0.5735294117647058,-0.6266666666666685,1,1,1.0,2,1.5277777777777777,2,1,4.642708041976009,0.9999999999999991,9.93437201274627,0,3,0.375,0.3333333333333333,6.333333333333333,5,8,1.0,3,6,1.0,0.0,0.6153846153846154,0.29020578053179763,0.08846730002486419,3,0,0,1.0,1.625,2,3,3,7.603324118171656
peertube_follow,PP_33_w_8_nodes,src/graph_reconstruct_attacks/data/peertube_follow/PP_33_w_8_nodes,0,8,12,0.42857142857142855,3.0,1.3228756555322954,2,6,1.75,0.37916666666666665,0.2903225806451613,-0.5216138328530248,1,1,1.0,3,1.6428571428571428,0,0,3.3897793564921965,1.100506491814601,7.483184264445128,0,3,0.42857142857142855,0.375,2.3333333333333335,2,3,0,0,3,0.5,0.07142857142857142,0.5384615384615384,0.24961735693873904,0.12914373802118223,2,0,0,1.0,1.8571428571428572,3,2,1,5.468243914652199
peertube_follow,PP_33_w_9_nodes,src/graph_reconstruct_attacks/data/peertube_follow/PP_33_w_9_nodes,0,9,30,0.8333333333333334,6.666666666666667,1.247219128924647,4,8,1.8910611120726528,0.8925925925925926,0.864406779661017,-0.2919896640826882,1,1,1.0,2,1.1666666666666667,0,0,6.85943737821639,3.7639320225002106,6.289542577760611,0,4,0.5,0.4444444444444444,7.5,6,8,1.0,6,10,1.0,0.0,0.6666666666666666,0.20830248799801646,0.07285880169210178,4,0,0,1.0,1.5,2,1,1,2.5774917998372184
peertube_follow,PP_34_w_8_nodes,src/graph_reconstruct_attacks/data/peertube_follow/PP_34_w_8_nodes,0,8,20,0.7142857142857143,5.0,1.6583123951777,2,7,2.1556390622295662,0.8797619047619047,0.7912087912087912,-0.5018773466833567,1,1,1.0,2,1.2857142857142858,0,0,5.428288235777309,1.999999999999999,6.4924956819919135,0,3,0.42857142857142855,0.375,6.666666666666667,6,7,1.0,3,6,1.0,0.0,0.6363636363636364,0.23055448821271007,0.08115090813239803,3,0,0,1.0,1.5714285714285714,2,1,1,3.7770641547424284
peertube_follow,PP_34_w_9_nodes,src/graph_reconstruct_attacks/data/peertube_follow/PP_34_w_9_nodes,0,9,30,0.8333333333333334,6.666666666666667,1.247219128924647,4,8,1.8910611120726526,0.8925925925925926,0.864406779661017,-0.2919896640826882,1,1,1.0,2,1.1666666666666667,0,0,6.859437378216392,3.7639320225002093,6.289542577760611,0,4,0.5,0.4444444444444444,7.5,6,8,1.0,6,10,1.0,0.0,0.6666666666666666,0.20830248799801646,0.07285880169210178,4,0,0,1.0,1.5,2,1,1,2.5774917998372184
peertube_follow,PP_35_w_8_nodes,src/graph_reconstruct_attacks/data/peertube_follow/PP_35_w_8_nodes,0,8,17,0.6071428571428571,4.25,1.920286436967152,2,7,1.75,0.819047619047619,0.6,-0.6937269372693711,1,1,1.0,2,1.3928571428571428,0,0,4.7902730272723915,2.0000000000000004,7.331916589114478,0,2,0.2857142857142857,0.25,7.0,7,7,1.0,1,3,1.0,0.0,0.5833333333333334,0.19617223849082646,0.06705140408826071,2,0,0,1.0,1.7142857142857142,2,1,1,4.7345118040569645
peertube_follow,PP_35_w_9_nodes,src/graph_reconstruct_attacks/data/peertube_follow/PP_35_w_9_nodes,0,9,21,0.5833333333333334,4.666666666666667,1.9436506316151,3,8,1.836591668108979,0.7957671957671958,0.6063829787234043,-0.533707865168541,1,1,1.0,2,1.4166666666666667,0,0,5.185921662732994,2.267949192431121,9.74569162638257,0,4,0.5,0.4444444444444444,6.5,5,8,0.8333333333333334,5,9,0.9,0.011904761904761904,0.6666666666666666,0.30986375652846676,0.09574308439632057,3,0,0,1.0,1.5,2,1,1,7.331916589114478
peertube_follow,PP_36_w_8_nodes,src/graph_reconstruct_attacks/data/peertube_follow/PP_36_w_8_nodes,0,8,10,0.35714285714285715,2.5,1.8027756377319946,1,7,1.75,0.6011904761904762,0.32142857142857145,-0.6493055555555557,1,1,1.0,2,1.6428571428571428,2,1,3.193906206599486,0.9999999999999999,7.118036769169399,0,3,0.42857142857142855,0.375,3.6666666666666665,2,7,0.6666666666666666,2,5,0.8333333333333334,0.023809523809523808,0.6363636363636364,0.397718078880477,0.14403369711116476,2,0,0,1.0,1.5714285714285714,2,1,1,5.065505023098389
peertube_follow,PP_36_w_9_nodes,src/graph_reconstruct_attacks/data/peertube_follow/PP_36_w_9_nodes,0,9,9,0.25,2.0,1.5634719199411433,1,6,1.6577427265048887,0.15555555555555556,0.15,-0.6599423631123923,1,1,1.0,4,2.138888888888889,6,3,2.7553976982227066,0.3243225093355254,7.9737893252759235,0,2,0.25,0.2222222222222222,2.0,1,3,0,0,2,0.6666666666666666,0.25,0.4444444444444444,0.18343542490623294,0.11716685099800458,1,1,2,1.0,2.25,3,2,1,6.073366374249938
peertube_follow,PP_37_w_8_nodes,src/graph_reconstruct_attacks/data/peertube_follow/PP_37_w_8_nodes,0,8,10,0.35714285714285715,2.5,1.8708286933869707,1,7,1.9056390622295665,0.43452380952380953,0.3103448275862069,-0.7173524150268339,1,1,1.0,2,1.6428571428571428,3,1,3.2682418914324227,0.9999999999999992,7.118036769169399,0,2,0.2857142857142857,0.25,5.0,3,7,1.0,1,3,1.0,0.0,0.5833333333333334,0.31093876259013653,0.09995756274510292,2,0,0,1.0,1.7142857142857142,2,2,2,5.308543071784685
peertube_follow,PP_37_w_9_nodes,src/graph_reconstruct_attacks/data/peertube_follow/PP_37_w_9_nodes,0,9,23,0.6388888888888888,5.111111111111111,1.852592444503674,3,8,1.974937501201927,0.819047619047619,0.6818181818181818,-0.4771762208067935,1,1,1.0,2,1.3611111111111112,0,0,5.581532824083545,2.4221105081510554,9.36376040427669,0,6,0.75,0.6666666666666666,5.5,3,8,0.7333333333333333,11,17,0.8095238095238095,0.04464285714285714,0.8,0.37036737147231286,0.12787252733409432,4,0,0,1.0,1.25,2,2,2,7.331916589114478
peertube_follow,PP_38_w_8_nodes,src/graph_reconstruct_attacks/data/peertube_follow/PP_38_w_8_nodes,0,8,22,0.7857142857142857,5.5,1.118033988749895,4,7,2.0,0.8119047619047619,0.7788461538461539,-0.3655172413793054,1,1,1.0,2,1.2142857142857142,0,0,5.671023021605052,3.6072437528048926,5.576041733441989,0,7,1.0,0.875,5.285714285714286,4,7,0.7142857142857143,15,22,0.7857142857142857,0.07698412698412697,1.0,0.4190598297771795,0.15523813717182378,4,0,0,1.0,1.0,1,2,2,4.7345118040569645
peertube_follow,PP_39_w_8_nodes,src/graph_reconstruct_attacks/data/peertube_follow/PP_39_w_8_nodes,0,8,16,0.5714285714285714,4.0,1.7320508075688772,2,7,2.5,0.799404761904762,0.6,-0.5625,1,1,1.0,2,1.4285714285714286,0,0,4.510066632976698,1.7610795937258208,7.483184264445129,0,6,0.8571428571428571,0.75,4.0,2,7,0.5333333333333333,8,14,0.6666666666666666,0.15079365079365076,0.875,0.4559257281821229,0.18067552676765297,3,0,0,1.0,1.1428571428571428,2,1,1,5.547425160699821
peertube_follow,PP_3_w_10_nodes,src/graph_reconstruct_attacks/data/peertube_follow/PP_3_w_10_nodes,0,10,26,0.5777777777777777,5.2,2.1354156504062622,2,9,2.5219280948873624,0.7896031746031746,0.6590909090909091,-0.46147798742138385,1,1,1.0,2,1.4222222222222223,0,0,5.874542780893547,1.8299076663332747,12.387098213094996,0,7,0.7777777777777778,0.7,5.571428571428571,2,9,0.6190476190476191,13,20,0.7142857142857143,0.09120370370370369,0.8181818181818182,0.3812715508201708,0.1311977257982396,4,0,0,1.0,1.2222222222222223,2,2,1,9.93437201274627
peertube_follow,PP_3_w_11_nodes,src/graph_reconstruct_attacks/data/peertube_follow/PP_3_w_11_nodes,0,11,31,0.5636363636363636,5.636363636363637,2.568081253059188,2,10,2.3685225277282065,0.8069264069264069,0.6333333333333333,-0.522706209453201,1,1,1.0,2,1.4363636363636363,0,0,6.452060684886561,2.0,15.395953272199742,0,5,0.5,0.45454545454545453,7.8,5,10,0.9,9,14,0.9333333333333333,0.0044444444444444444,0.6666666666666666,0.2832945976908479,0.08031405424317617,5,0,0,1.0,1.5,2,4,3,12.387098213094996
peertube_follow,PP_3_w_12_nodes,src/graph_reconstruct_attacks/data/peertube_follow/PP_3_w_12_nodes,0,12,25,0.3787878787878788,4.166666666666667,2.6404965862924765,1,11,2.4591479170272446,0.6628787878787878,0.4462809917355372,-0.5393576302213344,1,1,1.0,2,1.621212121212121,1,1,5.251267200614854,0.9999999999999991,18.020799585810725,0,4,0.36363636363636365,0.3333333333333333,6.5,3,11,0.6666666666666666,4,8,0.8,0.01515151515151515,0.6111111111111112,0.2762335440085138,0.07881866668472799,3,0,0,1.0,1.6363636363636365,2,2,1,14.925172195511099
peertube_follow,PP_3_w_8_nodes,src/graph_reconstruct_attacks/data/peertube_follow/PP_3_w_8_nodes,0,8,12,0.42857142857142855,3.0,2.0615528128088303,1,7,1.5487949406953985,0.6964285714285714,0.36585365853658536,-0.8356510745891282,1,1,1.0,2,1.5714285714285714,1,1,3.7808876759666576,0.9999999999999993,7.483184264445128,0,2,0.2857142857142857,0.25,6.5,6,7,1.0,1,3,1.0,0.0,0.5833333333333334,0.2837776945113167,0.08620574761283185,2,0,0,1.0,1.7142857142857142,2,5,5,5.547425160699821
peertube_follow,PP_3_w_9_nodes,src/graph_reconstruct_attacks/data/peertube_follow/PP_3_w_9_nodes,0,9,14,0.3888888888888889,3.111111111111111,2.131480677027876,1,8,2.4193819456463714,0.5978835978835978,0.42,-0.681895093062606,1,1,1.0,2,1.6111111111111112,2,1,4.00192814471084,0.9999999999999988,9.579360204616043,0,2,0.25,0.2222222222222222,6.5,5,8,1.0,1,3,1.0,0.0,0.5714285714285714,0.2495282589836266,0.07458644341382997,2,0,0,1.0,1.75,2,3,3,7.483184264445128
peertube_follow,PP_4_w_10_nodes,src/graph_reconstruct_attacks/data/peertube_follow/PP_4_w_10_nodes,0,10,31,0.6888888888888889,6.2,2.181742422927143,1,9,2.4464393446710155,0.785873015873016,0.827027027027027,-0.38090909090909575,1,1,1.0,2,1.3111111111111111,1,1,6.880433695363926,1.0000000000000004,11.222381740286913,0,9,1.0,0.9,5.888888888888889,1,8,0.6111111111111112,22,31,0.6888888888888889,0.2657407407407407,1.0,0.38248518455521646,0.14790760650629733,6,1,1,1.0,1.0,1,1,1,9.579360204616044
peertube_follow,PP_4_w_11_nodes,src/graph_reconstruct_attacks/data/peertube_follow/PP_4_w_11_nodes,0,11,49,0.8909090909090909,8.909090909090908,1.2398346997259868,7,10,1.4353713907745331,0.9272727272727272,0.9090909090909091,-0.2917398945518494,1,1,1.0,2,1.1090909090909091,0,0,9.04604214754126,5.999999999999997,7.462243346555482,0,8,0.8,0.7272727272727273,9.5,8,10,1.0,28,36,1.0,0.0,0.8333333333333334,0.27941894246212273,0.08254950260793127,8,0,0,1.0,1.2,2,3,3,5.173171694527417
peertube_follow,PP_4_w_12_nodes,src/graph_reconstruct_attacks/data/peertube_follow/PP_4_w_12_nodes,0,12,50,0.7575757575757576,8.333333333333334,2.494438257849294,1,10,1.9591479170272446,0.8314814814814815,0.8910891089108911,-0.16707616707616613,1,1,1.0,3,1.2727272727272727,1,1,9.054756279205609,0.9736203988364701,14.932179723270037,0,9,0.8181818181818182,0.75,8.555555555555555,1,10,0.7777777777777778,28,37,0.8222222222222222,0.18181818181818182,0.8461538461538461,0.2822486258135018,0.0972266507900306,8,1,1,1.0,1.1818181818181819,2,1,1,12.638843434179451
peertube_follow,PP_4_w_8_nodes,src/graph_reconstruct_attacks/data/peertube_follow/PP_4_w_8_nodes,0,8,26,0.9285714285714286,6.5,0.7071067811865476,5,7,1.2987949406953985,0.9404761904761905,0.9310344827586207,-0.3220338983050855,1,1,1.0,2,1.0714285714285714,0,0,6.560525324350849,5.0,2.5774917998372184,0,7,1.0,0.875,6.428571428571429,5,7,0.9047619047619048,19,26,0.9285714285714286,0.01904761904761905,1.0,0.37273096179685083,0.13352067386159197,6,0,0,1.0,1.0,1,5,5,2.3222192947339186
peertube_follow,PP_4_w_9_nodes,src/graph_reconstruct_attacks/data/peertube_follow/PP_4_w_9_nodes,0,9,30,0.8333333333333334,6.666666666666667,1.247219128924647,4,8,1.8910611120726526,0.8925925925925926,0.864406779661017,-0.2919896640826882,1,1,1.0,2,1.1666666666666667,0,0,6.859437378216392,3.7639320225002093,6.289542577760611,0,4,0.5,0.4444444444444444,7.5,6,8,1.0,6,10,1.0,0.0,0.6666666666666666,0.20830248799801657,0.07285880169210178,4,0,0,1.0,1.5,2,1,1,2.5774917998372184
peertube_follow,PP_5_w_10_nodes,src/graph_reconstruct_attacks/data/peertube_follow/PP_5_w_10_nodes,0,10,24,0.5333333333333333,4.8,2.5219040425836985,2,9,2.521928094887362,0.8352380952380953,0.5853658536585366,-0.6581593194122214,1,1,1.0,2,1.4666666666666666,0,0,5.650967234844368,2.0,12.57676227933995,0,2,0.2222222222222222,0.2,9.0,9,9,1.0,1,3,1.0,0.0,0.5625,0.15912262891297735,0.049178991476458045,2,0,0,1.0,1.7777777777777777,2,2,2,9.579360204616044
peertube_follow,PP_5_w_11_nodes,src/graph_reconstruct_attacks/data/peertube_follow/PP_5_w_11_nodes,0,11,23,0.41818181818181815,4.181818181818182,2.854603357837742,1,10,2.0403733936884962,0.7405483405483405,0.4576271186440678,-0.7530624149329186,1,1,1.0,2,1.5818181818181818,1,1,5.365812377415201,0.9999999999999979,15.271014535591446,0,2,0.2,0.18181818181818182,9.0,8,10,1.0,1,3,1.0,0.0,0.5555555555555556,0.17103068490755993,0.048973114215977324,2,0,0,1.0,1.8,2,2,2,12.576762279339954
peertube_follow,PP_5_w_12_nodes,src/graph_reconstruct_attacks/data/peertube_follow/PP_5_w_12_nodes,0,12,18,0.2727272727272727,3.0,2.8284271247461903,1,11,2.2841591278514217,0.4522727272727273,0.32142857142857145,-0.7358490566037735,1,1,1.0,2,1.7272727272727273,5,1,4.462167074334212,0.9999999999999991,15.835624381153007,0,1,0.09090909090909091,0.08333333333333333,11.0,11,11,0,0,1,1.0,0.0,0.5238095238095238,0.12479132625770577,0.03565429081555721,1,0,1,1.0,1.9090909090909092,2,5,5,13.834091726163757
peertube_follow,PP_5_w_8_nodes,src/graph_reconstruct_attacks/data/peertube_follow/PP_5_w_8_nodes,0,8,20,0.7142857142857143,5.0,1.4142135623730951,3,7,2.1556390622295662,0.8464285714285714,0.75,-0.43216080402010243,1,1,1.0,2,1.2857142857142858,0,0,5.286761119256553,2.6313506281127617,6.4924956819919135,0,7,1.0,0.875,4.714285714285714,3,7,0.6190476190476191,13,20,0.7142857142857143,0.14285714285714285,1.0,0.4408201278340716,0.1697604286754008,4,0,0,1.0,1.0,1,2,2,5.308543071784685
peertube_follow,PP_5_w_9_nodes,src/graph_reconstruct_attacks/data/peertube_follow/PP_5_w_9_nodes,0,9,13,0.3611111111111111,2.888888888888889,2.1829869671542776,1,8,1.836591668108979,0.42724867724867727,0.45652173913043476,-0.7357954545454544,1,1,1.0,2,1.6388888888888888,4,1,3.923503216338685,0.9999999999999994,9.36376040427669,0,3,0.375,0.3333333333333333,5.333333333333333,4,8,1.0,3,6,1.0,0.0,0.6153846153846154,0.35816532830193104,0.10881987914651522,3,0,0,1.0,1.625,2,2,2,7.118036769169399
peertube_follow,PP_6_w_10_nodes,src/graph_reconstruct_attacks/data/peertube_follow/PP_6_w_10_nodes,0,10,31,0.6888888888888889,6.2,2.181742422927143,1,9,2.4464393446710155,0.785873015873016,0.827027027027027,-0.38090909090909575,1,1,1.0,2,1.3111111111111111,1,1,6.880433695363926,1.0000000000000004,11.222381740286913,0,9,1.0,0.9,5.888888888888889,1,8,0.6111111111111112,22,31,0.6888888888888889,0.2657407407407407,1.0,0.38248518455521624,0.14790760650629733,6,1,1,1.0,1.0,1,1,1,9.579360204616044
peertube_follow,PP_6_w_11_nodes,src/graph_reconstruct_attacks/data/peertube_follow/PP_6_w_11_nodes,0,11,28,0.509090909090909,5.090909090909091,2.778310325442932,3,10,1.8676338909712125,0.8151515151515152,0.535031847133758,-0.6530640863833962,1,1,1.0,2,1.490909090909091,0,0,6.0134666619857065,2.4790733177517916,15.58255709785079,0,6,0.6,0.5454545454545454,6.333333333333333,3,10,0.6666666666666666,10,16,0.7619047619047619,0.037037037037037035,0.7142857142857143,0.32647766734933,0.1051718610928139,4,0,0,1.0,1.4,2,1,1,12.614550840229354
peertube_follow,PP_6_w_12_nodes,src/graph_reconstruct_attacks/data/peertube_follow/PP_6_w_12_nodes,0,12,43,0.6515151515151515,7.166666666666667,2.823512391016236,1,11,3.0220552088742,0.7952441077441077,0.805111821086262,-0.40828478964401366,1,1,1.0,2,1.3484848484848484,1,1,8.133965730438971,1.0000000000000009,17.542233090216875,0,11,1.0,0.9166666666666666,6.818181818181818,1,10,0.5818181818181818,32,43,0.6515151515151515,0.2509090909090909,1.0,0.35808536037319755,0.13070408927959776,7,1,1,1.0,1.0,1,1,1,15.271014535591442
peertube_follow,PP_6_w_8_nodes,src/graph_reconstruct_attacks/data/peertube_follow/PP_6_w_8_nodes,0,8,11,0.39285714285714285,2.75,1.920286436967152,1,7,2.1556390622295662,0.48214285714285715,0.4411764705882353,-0.7338003502626971,1,1,1.0,2,1.6071428571428572,3,1,3.574887488281189,0.9999999999999996,7.331916589114478,0,4,0.5714285714285714,0.5,3.75,2,7,0.6666666666666666,4,8,0.8,0.047619047619047616,0.7,0.4597052275626799,0.1688921074608587,3,0,0,1.0,1.4285714285714286,2,1,1,5.065505023098389
peertube_follow,PP_6_w_9_nodes,src/graph_reconstruct_attacks/data/peertube_follow/PP_6_w_9_nodes,0,9,16,0.4444444444444444,3.5555555555555554,1.8324913891634047,1,8,2.113283334294875,0.6984126984126984,0.5357142857142857,-0.4794520547945205,1,1,1.0,2,1.5555555555555556,1,1,4.175987728816857,1.0000000000000007,9.863790938460564,0,3,0.375,0.3333333333333333,5.0,3,8,1.0,3,6,1.0,0.0,0.6153846153846154,0.28481065348241613,0.09484193565336113,3,0,0,1.0,1.625,2,3,3,7.573360894794219
peertube_follow,PP_7_w_10_nodes,src/graph_reconstruct_attacks/data/peertube_follow/PP_7_w_10_nodes,0,10,23,0.5111111111111111,4.6,2.6907248094147422,2,9,1.5709505944546687,0.8242063492063492,0.5042016806722689,-0.7640575798470535,1,1,1.0,2,1.488888888888889,0,0,5.512046737253903,2.0000000000000004,12.614550840229354,0,3,0.3333333333333333,0.3,8.666666666666666,8,9,1.0,3,6,1.0,0.0,0.6,0.2454682056078514,0.06807092871187177,3,0,0,1.0,1.6666666666666667,2,6,6,9.863790938460564
peertube_follow,PP_7_w_11_nodes,src/graph_reconstruct_attacks/data/peertube_follow/PP_7_w_11_nodes,0,11,29,0.5272727272727272,5.2727272727272725,2.73332661424962,2,10,2.663532754804255,0.8196248196248196,0.5818181818181818,-0.610408489606049,1,1,1.0,2,1.4727272727272727,0,0,6.191646619110861,1.9999999999999978,15.55152286411082,0,4,0.4,0.36363636363636365,8.5,6,10,1.0,6,10,1.0,0.0,0.625,0.25805102734220975,0.0700532608849097,4,0,0,1.0,1.6,2,2,2,12.50104156540183
peertube_follow,PP_7_w_12_nodes,src/graph_reconstruct_attacks/data/peertube_follow/PP_7_w_12_nodes,0,12,29,0.4393939393939394,4.833333333333333,2.9674156357941426,2,11,2.4591479170272446,0.787878787878788,0.47560975609756095,-0.5903671912255609,1,1,1.0,2,1.5606060606060606,0,0,5.923691004291852,1.9999999999999993,18.65059849613075,0,6,0.5454545454545454,0.5,6.333333333333333,3,11,0.6,9,15,0.7142857142857143,0.034848484848484844,0.6875,0.32858496300508294,0.09986616893651022,4,0,0,1.0,1.4545454545454546,2,1,1,15.271014535591446
peertube_follow,PP_7_w_8_nodes,src/graph_reconstruct_attacks/data/peertube_follow/PP_7_w_8_nodes,0,8,14,0.5,3.5,1.8027756377319946,1,7,1.75,0.5,0.5625,-0.5978260869565224,1,1,1.0,2,1.5,2,1,4.185901980535346,0.9999999999999994,7.603324118171656,0,7,1.0,0.875,3.0,1,4,0.3333333333333333,7,14,0.5,0.5674603174603173,1.0,0.5070678421338539,0.24842209846918312,3,1,2,1.0,1.0,1,1,1,5.065505023098389
peertube_follow,PP_7_w_9_nodes,src/graph_reconstruct_attacks/data/peertube_follow/PP_7_w_9_nodes,0,9,24,0.6666666666666666,5.333333333333333,2.0,3,8,1.974937501201927,0.834920634920635,0.6885245901639344,-0.5756521739130437,1,1,1.0,2,1.3333333333333333,0,0,5.827835491533171,2.9999999999999987,9.09749251487192,0,5,0.625,0.5555555555555556,6.6,4,8,0.9,9,14,0.9333333333333333,0.008928571428571428,0.7272727272727273,0.3218749929086613,0.10402264126479796,4,0,0,1.0,1.375,2,2,2,6.8392831682165705
peertube_follow,PP_8_w_10_nodes,src/graph_reconstruct_attacks/data/peertube_follow/PP_8_w_10_nodes,0,10,27,0.6,5.4,2.3748684174075834,1,9,2.321928094887362,0.7761904761904762,0.7551020408163265,-0.510344827586208,1,1,1.0,2,1.4,1,1,6.2523310160174494,0.9999999999999996,12.234488049888835,0,9,1.0,0.9,5.0,1,8,0.5,18,27,0.6,0.3333333333333333,1.0,0.40915721289130924,0.16809776858373246,5,1,1,1.0,1.0,1,1,1,9.957853108595794
peertube_follow,PP_8_w_11_nodes,src/graph_reconstruct_attacks/data/peertube_follow/PP_8_w_11_nodes,0,11,27,0.4909090909090909,4.909090909090909,2.609581835346786,2,10,2.413088436425758,0.7777777777777778,0.5244755244755245,-0.5501000461751595,1,1,1.0,2,1.509090909090909,0,0,5.774602231330049,2.0000000000000004,15.58255709785079,0,6,0.6,0.5454545454545454,6.0,3,10,0.6,9,15,0.7142857142857143,0.04259259259259259,0.7142857142857143,0.3410021188668804,0.1079139210890926,4,0,0,1.0,1.4,2,1,1,12.576762279339954
peertube_follow,PP_8_w_12_nodes,src/graph_reconstruct_attacks/data/peertube_follow/PP_8_w_12_nodes,0,12,50,0.7575757575757576,8.333333333333334,2.4267032964268394,5,11,2.117492461184755,0.8668831168831169,0.7910447761194029,-0.48540914560770315,1,1,1.0,2,1.2424242424242424,0,0,8.835709457203462,5.000000000000001,14.932179723270037,0,5,0.45454545454545453,0.4166666666666667,11.0,11,11,1.0,10,15,1.0,0.0,0.6470588235294118,0.19513451489700967,0.053953805921400685,5,0,0,1.0,1.5454545454545454,2,2,2,10.466105817131353
peertube_follow,PP_8_w_8_nodes,src/graph_reconstruct_attacks/data/peertube_follow/PP_8_w_8_nodes,0,8,8,0.2857142857142857,2.0,1.5811388300841898,1,6,1.4056390622295665,0.25833333333333336,0.16666666666666666,-0.6533333333333333,1,1,1.0,3,1.8928571428571428,5,2,2.7072932688216556,0.4524933868350225,6.4924956819919135,0,6,0.8571428571428571,0.75,1.5,1,2,0.06666666666666667,1,7,0.3333333333333333,0.9047619047619047,0.875,0.6588986769856983,0.35025278708632807,2,1,4,1.0,1.1428571428571428,2,1,1,2.3222192947339177
peertube_follow,PP_8_w_9_nodes,src/graph_reconstruct_attacks/data/peertube_follow/PP_8_w_9_nodes,0,9,17,0.4722222222222222,3.7777777777777777,2.096440251568134,1,8,2.197159723424149,0.6208994708994708,0.6268656716417911,-0.5685413005272433,1,1,1.0,2,1.5277777777777777,2,1,4.657639809961939,0.9999999999999989,9.93437201274627,0,4,0.5,0.4444444444444444,5.5,4,8,1.0,6,10,1.0,0.0,0.6666666666666666,0.36113560741496353,0.11215915079723984,4,0,0,1.0,1.5,2,3,2,7.573360894794219
peertube_follow,PP_9_w_10_nodes,src/graph_reconstruct_attacks/data/peertube_follow/PP_9_w_10_nodes,0,10,31,0.6888888888888889,6.2,2.181742422927143,1,9,2.4464393446710155,0.785873015873016,0.827027027027027,-0.38090909090909575,1,1,1.0,2,1.3111111111111111,1,1,6.880433695363925,1.0000000000000007,11.222381740286913,0,4,0.4444444444444444,0.4,7.75,6,9,1.0,6,10,1.0,0.0,0.6428571428571429,0.2077970415327461,0.0690118364216001,4,0,0,1.0,1.5555555555555556,2,1,1,7.973789325275925
peertube_follow,PP_9_w_11_nodes,src/graph_reconstruct_attacks/data/peertube_follow/PP_9_w_11_nodes,0,11,37,0.6727272727272727,6.7272727272727275,2.259964162664737,4,10,2.481714572986073,0.8182539682539681,0.7125,-0.4604556668117849,1,1,1.0,2,1.3272727272727274,0,0,7.264721242045855,3.7603807506210174,14.158602817677268,0,5,0.5,0.45454545454545453,8.8,6,10,1.0,10,15,1.0,0.0,0.6666666666666666,0.24678625521193903,0.06971149553456002,5,0,0,1.0,1.5,2,3,1,10.86335979764525
peertube_follow,PP_9_w_12_nodes,src/graph_reconstruct_attacks/data/peertube_follow/PP_9_w_12_nodes,0,12,50,0.7575757575757576,8.333333333333334,2.494438257849294,1,10,1.9591479170272446,0.8314814814814815,0.8910891089108911,-0.16707616707616613,1,1,1.0,3,1.2727272727272727,1,1,9.054756279205613,0.9736203988364661,14.932179723270037,0,9,0.8181818181818182,0.75,8.555555555555555,1,10,0.7777777777777778,28,37,0.8222222222222222,0.18181818181818182,0.8461538461538461,0.28224862581350235,0.09722665079003058,8,1,1,1.0,1.1818181818181819,2,1,1,12.638843434179451
peertube_follow,PP_9_w_8_nodes,src/graph_reconstruct_attacks/data/peertube_follow/PP_9_w_8_nodes,0,8,17,0.6071428571428571,4.25,1.5612494995995996,2,7,2.5,0.7928571428571428,0.6461538461538462,-0.4709219858156038,1,1,1.0,2,1.3928571428571428,0,0,4.659928220142482,1.7971297884065656,7.331916589114478,0,2,0.2857142857142857,0.25,6.0,5,7,1.0,1,3,1.0,0.0,0.5833333333333334,0.1842491995835113,0.06771973260962355,2,0,0,1.0,1.7142857142857142,2,1,1,4.7345118040569645
peertube_follow,PP_9_w_9_nodes,src/graph_reconstruct_attacks/data/peertube_follow/PP_9_w_9_nodes,0,9,11,0.3055555555555556,2.4444444444444446,1.4229164972072998,1,6,1.836591668108979,0.3925925925925926,0.36,-0.37499999999999956,1,1,1.0,4,2.138888888888889,4,3,3.169001539443844,0.26503401953718586,8.778733752247508,0,2,0.25,0.2222222222222222,1.5,1,2,0,0,2,0.6666666666666666,0.25,0.42105263157894735,0.07388204314172057,0.115208342687493,1,1,2,1.0,2.375,3,4,2,6.839283168216569
Garr201201,slice 0,src/graph_reconstruct_attacks/data/vne_instances/Garr201201/slice 0,0,12,15,0.22727272727272727,2.5,1.3228756555322954,1,5,2.188721875540867,0.19444444444444442,0.18181818181818182,-0.5811965811965798,1,1,1.0,4,2.242424242424242,4,2,3.039742071366263,0.4106753015833022,14.428729529828047,0,1,0.09090909090909091,0.08333333333333333,5.0,5,5,0,0,1,1.0,0.0,0.39285714285714285,0.1222961390310208,0.04180309966434343,1,0,1,1.0,2.5454545454545454,4,4,4,12.638843434179455
Garr201201,slice 1,src/graph_reconstruct_attacks/data/vne_instances/Garr201201/slice 1,0,12,11,0.16666666666666666,1.8333333333333333,1.1426091000668408,1,5,1.6258145836939115,0.0,0,-0.34865900383141835,1,1,1.0,6,2.909090909090909,11,6,2.4434115456081127,0.1515451806448258,12.031037760363619,0,2,0.18181818181818182,0.16666666666666666,3.0,1,5,0,0,2,0.6666666666666666,0.18181818181818182,0.39285714285714285,0.31209449908622533,0.09099242676508137,1,1,2,1.0,2.5454545454545454,5,4,4,9.803347985449776
Garr201201,slice 10,src/graph_reconstruct_attacks/data/vne_instances/Garr201201/slice 10,0,13,15,0.19230769230769232,2.3076923076923075,1.135755620017954,1,5,1.9877733714879842,0.16153846153846155,0.21428571428571427,-0.09550561797752787,1,1,1.0,5,2.6538461538461537,4,5,2.9363126258768437,0.2667759161748489,15.640274109741032,0,3,0.25,0.23076923076923078,3.6666666666666665,2,5,0.3333333333333333,1,4,0.6666666666666666,0.30303030303030304,0.5,0.39432394652778335,0.09509546510936323,2,1,1,1.0,2.0,3,2,2,12.692219203810254
Garr201201,slice 100,src/graph_reconstruct_attacks/data/vne_instances/Garr201201/slice 100,0,11,15,0.2727272727272727,2.727272727272727,1.1354541815269814,1,5,2.0403733936884962,0.33636363636363636,0.2727272727272727,-0.20689655172413815,1,1,1.0,5,2.2363636363636363,2,2,3.1807949007605805,0.3947648010715094,13.075536031843507,0,2,0.2,0.18181818181818182,4.0,3,5,1.0,1,3,1.0,0.0,0.45454545454545453,0.261416365779956,0.0673229061239813,2,0,0,1.0,2.2,3,2,2,10.86335979764525
Garr201201,slice 101,src/graph_reconstruct_attacks/data/vne_instances/Garr201201/slice 101,0,13,17,0.21794871794871795,2.6153846153846154,1.0769230769230769,1,5,2.038159681645953,0.2846153846153846,0.2571428571428571,-0.2035398230088508,1,1,1.0,5,2.5641025641025643,2,4,3.0614059821220927,0.2590421924831248,16.797437444658673,0,3,0.25,0.23076923076923078,3.0,2,4,0,0,3,0.5,0.1767676767676768,0.48,0.2944558260617178,0.08431844477829592,2,0,0,1.0,2.0833333333333335,3,5,1,13.888817445248913
Garr201201,slice 102,src/graph_reconstruct_attacks/data/vne_instances/Garr201201/slice 102,0,13,14,0.1794871794871795,2.1538461538461537,0.8634593969478327,1,4,1.7758589482446405,0.0,0,-0.33333333333333187,1,1,1.0,5,2.769230769230769,4,3,2.4829297226867912,0.26785909040839084,15.010185394812815,0,3,0.25,0.23076923076923078,2.3333333333333335,2,3,0,0,3,0.5,0.2272727272727273,0.41379310344827586,0.3811947343187191,0.09790951317070609,2,0,0,1.0,2.4166666666666665,4,3,3,12.031037760363619
Garr201201,slice 103,src/graph_reconstruct_attacks/data/vne_instances/Garr201201/slice 103,0,12,14,0.21212121212121213,2.3333333333333335,1.0274023338281628,1,4,1.9591479170272448,0.0,0,-0.5721925133689835,1,1,1.0,5,2.409090909090909,3,3,2.704584313081417,0.4278569511937147,13.888817445248913,0,2,0.18181818181818182,0.16666666666666666,3.0,2,4,0,0,2,0.6666666666666666,0.05454545454545454,0.39285714285714285,0.228221760751717,0.07229479369033387,2,0,0,1.0,2.5454545454545454,4,4,4,11.642197076187038
Garr201201,slice 104,src/graph_reconstruct_attacks/data/vne_instances/Garr201201/slice 104,0,8,9,0.32142857142857145,2.25,0.4330127018922193,2,3,0.8112781244591328,0.0,0,-0.499999999999998,1,1,1.0,3,1.9285714285714286,0,0,2.3144371805708377,0.7369225896867586,6.839283168216569,0,3,0.42857142857142855,0.375,2.0,2,2,0,0,3,0.5,0.2857142857142857,0.5833333333333334,0.4380995375499538,0.16154622026469356,2,0,0,1.0,1.7142857142857142,3,2,2,4.734511804056966
Garr201201,slice 105,src/graph_reconstruct_attacks/data/vne_instances/Garr201201/slice 105,0,12,15,0.22727272727272727,2.5,1.6583123951777,1,7,2.1258145836939115,0.12896825396825395,0.15384615384615385,-0.5723270440251569,1,1,1.0,5,2.303030303030303,5,3,3.3180590089719604,0.28612635374976264,14.428729529828047,0,1,0.09090909090909091,0.08333333333333333,2.0,2,2,0,0,1,1.0,0.0,0.275,0.020289939610304654,0.04698682382738954,1,0,1,1.0,3.6363636363636362,5,4,4,12.638843434179455
Garr201201,slice 106,src/graph_reconstruct_attacks/data/vne_instances/Garr201201/slice 106,0,11,15,0.2727272727272727,2.727272727272727,0.8624393618641034,1,4,1.789929075309999,0.1515151515151515,0.2,-0.22222222222222227,1,1,1.0,5,2.2363636363636363,1,1,3.0817739846925836,0.4073811673272032,13.075536031843507,0,2,0.2,0.18181818181818182,3.0,3,3,0,0,2,0.6666666666666666,0.13703703703703704,0.43478260869565216,0.13861978888102783,0.07391160467714333,2,0,0,1.0,2.3,4,3,3,10.86335979764525
Garr201201,slice 107,src/graph_reconstruct_attacks/data/vne_instances/Garr201201/slice 107,0,11,15,0.2727272727272727,2.727272727272727,1.28564869306645,1,5,2.1180782093497093,0.3303030303030303,0.34285714285714286,-0.07462686567164287,1,1,1.0,5,2.290909090909091,3,3,3.3676982795232027,0.2997056407262797,13.075536031843507,0,4,0.4,0.36363636363636365,3.0,1,5,0.3333333333333333,2,6,0.6,0.26296296296296295,0.5263157894736842,0.3715047477784148,0.12860979821317736,2,1,1,1.0,1.9,4,3,3,10.006491539079562
Garr201201,slice 108,src/graph_reconstruct_attacks/data/vne_instances/Garr201201/slice 108,0,13,17,0.21794871794871795,2.6153846153846154,0.8355984993230935,1,4,1.760495029766198,0.10256410256410256,0.09375,-0.39344262295081917,1,1,1.0,4,2.2564102564102564,1,1,2.8491002705428348,0.5494913188979125,16.797437444658673,0,3,0.25,0.23076923076923078,2.6666666666666665,2,3,0,0,3,0.5,0.1792929292929293,0.48,0.24736556764369436,0.08817085412695723,2,0,0,1.0,2.0833333333333335,3,5,5,13.888817445248913
Garr201201,slice 109,src/graph_reconstruct_attacks/data/vne_instances/Garr201201/slice 109,0,13,16,0.20512820512820512,2.4615384615384617,1.277942132756627,1,5,2.1996877947313282,0.16153846153846155,0.17647058823529413,-0.21212121212121213,1,1,1.0,5,2.5384615384615383,5,4,3.0818437197966597,0.20748652710753782,16.2354946765387,0,2,0.16666666666666666,0.15384615384615385,3.5,3,4,1.0,1,3,1.0,0.0,0.375,0.15011747944356169,0.06655135197221554,2,0,0,1.0,2.6666666666666665,4,3,1,13.888817445248913
Garr201201,slice 11,src/graph_reconstruct_attacks/data/vne_instances/Garr201201/slice 11,0,12,12,0.18181818181818182,2.0,0.9128709291752769,1,4,1.7841591278514217,0.0,0,-0.19083969465648917,1,1,1.0,8,3.1818181818181817,8,7,2.4843391259929937,0.13758952849000552,12.692219203810254,0,2,0.18181818181818182,0.16666666666666666,3.0,2,4,0,0,2,0.6666666666666666,0.43636363636363634,0.39285714285714285,0.26340637577006304,0.08151800065272555,1,1,2,1.0,2.5454545454545454,5,5,5,10.466105817131357
Garr201201,slice 110,src/graph_reconstruct_attacks/data/vne_instances/Garr201201/slice 110,0,7,6,0.2857142857142857,1.7142857142857142,1.0301575072754254,1,4,1.3787834934861753,0.0,0,-0.49999999999999944,1,1,1.0,4,2.0952380952380953,6,3,2.1357792050698574,0.3819660112501051,4.734511804056966,0,1,0.16666666666666666,0.14285714285714285,4.0,4,4,0,0,1,1.0,0.0,0.46153846153846156,0.3077061047013178,0.08745889863780554,1,0,1,1.0,2.1666666666666665,3,4,4,3.4775553321989814
Garr201201,slice 111,src/graph_reconstruct_attacks/data/vne_instances/Garr201201/slice 111,0,12,16,0.24242424242424243,2.6666666666666665,0.8498365855987975,1,4,1.7841591278514217,0.125,0.0967741935483871,-0.4088050314465409,1,1,1.0,4,2.1666666666666665,1,1,2.8857381037669803,0.45687979675030166,14.932179723270043,0,3,0.2727272727272727,0.25,2.6666666666666665,2,3,0,0,3,0.5,0.10909090909090909,0.4782608695652174,0.27810559866549467,0.09167520492340152,2,0,0,1.0,2.090909090909091,4,5,4,12.161722179459781
Garr201201,slice 112,src/graph_reconstruct_attacks/data/vne_instances/Garr201201/slice 112,0,13,18,0.23076923076923078,2.769230769230769,1.475640468711606,1,6,2.199687794731328,0.14871794871794872,0.1956521739130435,-0.10024449877750684,1,1,1.0,5,2.3076923076923075,3,3,3.554271379343329,0.32679313502389934,17.32749477456612,0,2,0.16666666666666666,0.15384615384615385,2.5,1,4,0,0,2,0.6666666666666666,0.16666666666666669,0.3870967741935484,0.11280219344563193,0.06927912486415559,1,1,2,1.0,2.5833333333333335,4,6,5,14.932179723270043
Garr201201,slice 113,src/graph_reconstruct_attacks/data/vne_instances/Garr201201/slice 113,0,7,6,0.2857142857142857,1.7142857142857142,0.6998542122237652,1,3,1.4488156357251847,0.0,0,-0.6666666666666661,1,1,1.0,5,2.4761904761904763,6,4,1.9318516525781368,0.22537710049551105,4.734511804056966,0,2,0.3333333333333333,0.2857142857142857,2.5,2,3,0,0,2,0.6666666666666666,0.6,0.5454545454545454,0.5000000000000003,0.1577658905097594,1,1,2,1.0,1.8333333333333333,3,3,3,3.135132651376774
Garr201201,slice 114,src/graph_reconstruct_attacks/data/vne_instances/Garr201201/slice 114,0,12,11,0.16666666666666666,1.8333333333333333,0.7993052538854534,1,3,1.5545851693377997,0.0,0,-0.5068493150684924,1,1,1.0,8,3.4696969696969697,11,7,2.16121248479347,0.101510336275613,12.031037760363619,0,3,0.2727272727272727,0.25,1.3333333333333333,1,2,0,0,3,0.5,0.34545454545454546,0.2972972972972973,0.2988273394728396,0.1363226139022698,1,1,3,1.0,3.3636363636363638,7,3,3,9.08549263695339
Garr201201,slice 115,src/graph_reconstruct_attacks/data/vne_instances/Garr201201/slice 115,0,8,8,0.2857142857142857,2.0,0.5,1,3,1.061278124459133,0.2916666666666667,0.3333333333333333,-0.06666666666666667,1,1,1.0,6,2.7857142857142856,5,5,2.23499319715487,0.1667170082377571,6.4924956819919135,0,2,0.2857142857142857,0.25,2.0,2,2,0,0,2,0.6666666666666666,0.47619047619047616,0.4117647058823529,0.13167309117465992,0.13317949124417455,1,1,2,1.0,2.4285714285714284,4,6,4,4.734511804056966
Garr201201,slice 116,src/graph_reconstruct_attacks/data/vne_instances/Garr201201/slice 116,0,12,18,0.2727272727272727,3.0,1.0801234497346435,1,5,2.1258145836939115,0.10555555555555556,0.13953488372093023,-0.09422492401216012,1,1,1.0,4,2.0757575757575757,1,1,3.39479695038888,0.6340280806746758,15.835624381153007,0,1,0.09090909090909091,0.08333333333333333,4.0,4,4,0,0,1,1.0,0.0,0.3793103448275862,0.11199401329547978,0.03589854154319484,1,0,1,1.0,2.6363636363636362,4,1,1,13.834091726163757
Garr201201,slice 117,src/graph_reconstruct_attacks/data/vne_instances/Garr201201/slice 117,0,8,9,0.32142857142857145,2.25,1.0897247358851685,1,4,1.5,0.4375,0.375,-0.2980769230769229,1,1,1.0,4,2.0714285714285716,3,3,2.723071494031463,0.36764391614828873,6.839283168216569,0,2,0.2857142857142857,0.25,3.0,2,4,1.0,1,3,1.0,0.0,0.4375,0.32592783468567055,0.10686055876254284,2,0,0,1.0,2.2857142857142856,4,4,3,5.065505023098389
Garr201201,slice 118,src/graph_reconstruct_attacks/data/vne_instances/Garr201201/slice 118,0,10,9,0.2,1.8,1.1661903789690602,1,5,1.360964047443681,0.0,0,-0.5299999999999999,1,1,1.0,6,2.7111111111111112,9,5,2.3502824077124833,0.1704362171512987,8.947513679120226,0,5,0.5555555555555556,0.5,1.4,1,2,0,0,5,0.3333333333333333,0.8055555555555555,0.5625,0.6608138479981686,0.2564292869652415,1,1,5,1.0,1.7777777777777777,4,1,1,4.770152160326101
Garr201201,slice 119,src/graph_reconstruct_attacks/data/vne_instances/Garr201201/slice 119,0,13,16,0.20512820512820512,2.4615384615384617,1.08240363688233,1,5,1.9877733714879842,0.22564102564102562,0.1935483870967742,-0.18518518518518517,1,1,1.0,5,2.5641025641025643,3,3,2.970476016824283,0.3077780018520846,16.2354946765387,0,2,0.16666666666666666,0.15384615384615385,3.5,2,5,1.0,1,3,1.0,0.0,0.35294117647058826,0.23651086046839462,0.06312079834748575,2,0,0,1.0,2.8333333333333335,5,6,2,13.888817445248913
Garr201201,slice 12,src/graph_reconstruct_attacks/data/vne_instances/Garr201201/slice 12,0,13,19,0.24358974358974358,2.923076923076923,1.4390989949130544,1,5,2.199687794731328,0.10769230769230768,0.18,-0.18962432915921223,1,1,1.0,4,2.1538461538461537,3,3,3.5856556380790368,0.6090680019022667,17.82689242399695,0,4,0.3333333333333333,0.3076923076923077,3.75,2,5,0.16666666666666666,1,5,0.5,0.1919191919191919,0.5714285714285714,0.3461739082134775,0.10084257553323923,2,0,0,1.0,1.75,3,4,2,14.428729529828047
Garr201201,slice 120,src/graph_reconstruct_attacks/data/vne_instances/Garr201201/slice 120,0,12,15,0.22727272727272727,2.5,0.9574271077563381,1,4,1.9182958340544893,0.06944444444444443,0.10714285714285714,-0.2784090909090926,1,1,1.0,5,2.393939393939394,2,2,2.925887356814474,0.36548107689502235,14.428729529828047,0,2,0.18181818181818182,0.16666666666666666,2.5,2,3,0,0,2,0.6666666666666666,0.12727272727272726,0.4074074074074074,0.10265260961499942,0.07367517055495897,2,0,0,1.0,2.4545454545454546,4,4,4,12.161722179459781
Garr201201,slice 121,src/graph_reconstruct_attacks/data/vne_instances/Garr201201/slice 121,0,12,13,0.19696969696969696,2.1666666666666665,1.4043582955293932,1,6,1.8250112108241772,0.17777777777777778,0.2222222222222222,-0.2023121387283236,1,1,1.0,5,2.5,7,6,3.0068935469560873,0.2765485177188365,13.310669611326363,0,1,0.09090909090909091,0.08333333333333333,2.0,2,2,0,0,1,1.0,0.0,0.3142857142857143,0.07530864884108388,0.04740293281016962,1,0,1,1.0,3.1818181818181817,5,5,5,11.642197076187038
Garr201201,slice 122,src/graph_reconstruct_attacks/data/vne_instances/Garr201201/slice 122,0,12,13,0.19696969696969696,2.1666666666666665,1.1426091000668408,1,5,1.8553885422075338,0.18333333333333335,0.2608695652173913,-0.12635379061371887,1,1,1.0,6,2.8484848484848486,8,6,2.917590428065483,0.16925918333472925,13.310669611326363,0,1,0.09090909090909091,0.08333333333333333,2.0,2,2,0,0,1,1.0,0.0,0.2894736842105263,0.07712452605071221,0.04673397256762665,1,0,1,1.0,3.4545454545454546,5,4,4,11.642197076187038
Garr201201,slice 123,src/graph_reconstruct_attacks/data/vne_instances/Garr201201/slice 123,0,8,8,0.2857142857142857,2.0,0.8660254037844386,1,4,1.2987949406953985,0.2708333333333333,0.2727272727272727,-0.3968253968253968,1,1,1.0,5,2.5,5,4,2.3920045164004105,0.20225667230439534,6.4924956819919135,0,2,0.2857142857142857,0.25,2.0,2,2,0,0,2,0.6666666666666666,0.47619047619047616,0.4666666666666667,0.1766543395520745,0.13094419389977976,1,1,2,1.0,2.142857142857143,3,5,3,4.734511804056966
Garr201201,slice 124,src/graph_reconstruct_attacks/data/vne_instances/Garr201201/slice 124,0,8,7,0.25,1.75,0.6614378277661477,1,3,1.4056390622295665,0.0,0,6.476300976980063e-16,1,1,1.0,5,2.5714285714285716,7,5,2.028523488026884,0.2434017461399325,6.073366374249938,0,2,0.2857142857142857,0.25,1.5,1,2,0,0,2,0.6666666666666666,0.2857142857142857,0.3888888888888889,0.27962176872023015,0.14491839129558942,1,1,2,1.0,2.5714285714285716,4,4,4,4.308543071784685
Garr201201,slice 125,src/graph_reconstruct_attacks/data/vne_instances/Garr201201/slice 125,0,12,12,0.18181818181818182,2.0,0.816496580927726,1,4,1.5510981710072647,0.0,0,-0.44827586206896386,1,1,1.0,6,2.878787878787879,4,3,2.272099626974175,0.22546719986015365,12.692219203810254,0,2,0.18181818181818182,0.16666666666666666,2.0,2,2,0,0,2,0.6666666666666666,0.13636363636363635,0.34375,0.18998031814000232,0.08200506769696757,2,0,0,1.0,2.909090909090909,5,7,7,10.466105817131357
Garr201201,slice 126,src/graph_reconstruct_attacks/data/vne_instances/Garr201201/slice 126,0,11,12,0.21818181818181817,2.1818181818181817,0.8331955809010617,1,4,1.6858157091530304,0.13636363636363635,0.16666666666666666,-0.22222222222222116,1,1,1.0,6,2.709090909090909,4,4,2.5754920144346674,0.20233609914227965,11.642197076187038,0,1,0.1,0.09090909090909091,2.0,2,2,0,0,1,1.0,0.0,0.25,0.04612395654519747,0.054976626054506955,1,0,1,1.0,4.0,6,2,2,10.006491539079562
Garr201201,slice 127,src/graph_reconstruct_attacks/data/vne_instances/Garr201201/slice 127,0,12,14,0.21212121212121213,2.3333333333333335,0.8498365855987975,1,4,1.7841591278514217,0.4583333333333333,0.391304347826087,-0.4108527131782913,1,1,1.0,6,2.984848484848485,5,6,2.6548630210376007,0.14634235383424124,13.888817445248913,0,1,0.09090909090909091,0.08333333333333333,4.0,4,4,0,0,1,1.0,0.0,0.3142857142857143,0.18186662899151151,0.04276042153600773,1,0,1,1.0,3.1818181818181817,5,2,2,12.161722179459781
Garr201201,slice 128,src/graph_reconstruct_attacks/data/vne_instances/Garr201201/slice 128,0,10,14,0.3111111111111111,2.8,1.2489995996796797,1,5,2.246439344671016,0.19666666666666666,0.2727272727272727,-0.15294117647058725,1,1,1.0,5,2.1333333333333333,3,3,3.3939617506498037,0.364248415258669,11.222381740286911,0,1,0.1111111111111111,0.1,5.0,5,5,0,0,1,1.0,0.0,0.375,0.14433671999793274,0.0430568265337154,1,0,1,1.0,2.6666666666666665,5,2,2,9.36376040427669
Garr201201,slice 129,src/graph_reconstruct_attacks/data/vne_instances/Garr201201/slice 129,0,13,15,0.19230769230769232,2.3076923076923075,1.135755620017954,1,5,1.8262452584026092,0.1358974358974359,0.21428571428571427,0.08360128617363287,1,1,1.0,6,2.858974358974359,8,6,3.082347458821391,0.1681686950682828,15.640274109741032,0,3,0.25,0.23076923076923078,3.6666666666666665,3,5,0.6666666666666666,2,5,0.8333333333333334,0.025252525252525256,0.3870967741935484,0.4321377230307276,0.0847681905682904,2,0,0,1.0,2.5833333333333335,5,5,2,12.692219203810254
Garr201201,slice 13,src/graph_reconstruct_attacks/data/vne_instances/Garr201201/slice 13,0,10,13,0.28888888888888886,2.6,1.4966629547095767,1,5,1.5219280948873621,0.25999999999999995,0.375,-0.26829268292682934,1,1,1.0,5,2.1777777777777776,4,4,3.383930712141117,0.4647139714044537,10.86335979764525,0,3,0.3333333333333333,0.3,3.0,1,5,0.3333333333333333,1,4,0.6666666666666666,0.2222222222222222,0.47368421052631576,0.2836426845212883,0.11751492714522101,2,1,1,1.0,2.111111111111111,4,4,2,8.405153089434915
Garr201201,slice 130,src/graph_reconstruct_attacks/data/vne_instances/Garr201201/slice 130,0,9,10,0.2777777777777778,2.2222222222222223,1.227262335243029,1,4,1.836591668108979,0.0,0,-0.47286821705426496,1,1,1.0,4,2.111111111111111,4,3,2.749501263022703,0.504738336496815,8.405153089434915,0,4,0.5,0.4444444444444444,2.5,1,4,0,0,4,0.4,0.4464285714285714,0.6666666666666666,0.4926990369516454,0.1891075863989933,2,1,1,1.0,1.5,2,2,2,5.576041733441991
Garr201201,slice 131,src/graph_reconstruct_attacks/data/vne_instances/Garr201201/slice 131,0,8,11,0.39285714285714285,2.75,1.3919410907075054,1,6,1.811278124459133,0.5333333333333333,0.4444444444444444,-0.31192660550458656,1,1,1.0,3,1.7857142857142858,2,2,3.333484212784974,0.45249338683502294,7.331916589114478,0,2,0.2857142857142857,0.25,4.5,3,6,1.0,1,3,1.0,0.0,0.5384615384615384,0.2890170981991112,0.09140221290684784,2,0,0,1.0,1.8571428571428572,3,3,2,5.468243914652199
Garr201201,slice 132,src/graph_reconstruct_attacks/data/vne_instances/Garr201201/slice 132,0,13,20,0.2564102564102564,3.076923076923077,1.3846153846153846,1,6,2.287783719941071,0.12051282051282051,0.1111111111111111,-0.2935323383084564,1,1,1.0,4,2.0641025641025643,1,1,3.6182866365569906,0.7078700102255292,18.296714439975105,0,3,0.25,0.23076923076923078,4.0,4,4,0,0,3,0.5,0.05429292929292929,0.5217391304347826,0.26648491165973004,0.07295843888561931,2,0,0,1.0,1.9166666666666667,3,2,2,15.40070080622779
Garr201201,slice 133,src/graph_reconstruct_attacks/data/vne_instances/Garr201201/slice 133,0,13,17,0.21794871794871795,2.6153846153846154,1.4955555457864294,1,6,2.287783719941071,0.1641025641025641,0.21428571428571427,-0.10305343511450414,1,1,1.0,5,2.4615384615384617,5,4,3.520710023420042,0.21456080177385595,16.797437444658673,0,1,0.08333333333333333,0.07692307692307693,5.0,5,5,0,0,1,1.0,0.0,0.35294117647058826,0.11887045077800469,0.03429138146389178,1,0,1,1.0,2.8333333333333335,5,3,3,14.932179723270043
Garr201201,slice 134,src/graph_reconstruct_attacks/data/vne_instances/Garr201201/slice 134,0,11,16,0.2909090909090909,2.909090909090909,1.083306844346635,1,4,1.6767370300521325,0.13636363636363635,0.24324324324324326,0.09956709956709957,1,1,1.0,4,2.109090909090909,1,1,3.4419391536528448,0.4797710819337231,13.473476040515532,0,4,0.4,0.36363636363636365,3.0,2,4,0.16666666666666666,1,5,0.5,0.11851851851851852,0.5,0.3859544852266102,0.11582521739755638,2,0,0,1.0,2.0,4,5,2,10.458789210074194
Garr201201,slice 135,src/graph_reconstruct_attacks/data/vne_instances/Garr201201/slice 135,0,13,22,0.28205128205128205,3.3846153846153846,1.4955555457864294,1,6,2.4116022179746714,0.41025641025641024,0.31343283582089554,-0.14391829155060312,1,1,1.0,4,2.051282051282051,1,1,3.999008655271895,0.6308385540858684,19.151375313654405,0,2,0.16666666666666666,0.15384615384615385,3.5,3,4,1.0,1,3,1.0,0.0,0.375,0.11411949202903555,0.05032354382362796,2,0,0,1.0,2.6666666666666665,4,3,2,16.60917987984748
Garr201201,slice 136,src/graph_reconstruct_attacks/data/vne_instances/Garr201201/slice 136,0,13,14,0.1794871794871795,2.1538461538461537,1.3499945211372495,1,5,1.760495029766198,0.0,0,-0.3428571428571431,1,1,1.0,5,2.4358974358974357,6,4,2.812099127617138,0.3203168630770911,15.010185394812815,0,3,0.25,0.23076923076923078,2.6666666666666665,1,5,0,0,3,0.5,0.2272727272727273,0.46153846153846156,0.2835524755324058,0.10525540265593174,2,1,1,1.0,2.1666666666666665,4,1,1,12.031037760363619
Garr201201,slice 137,src/graph_reconstruct_attacks/data/vne_instances/Garr201201/slice 137,0,11,11,0.2,2.0,0.8528028654224418,1,4,1.6171895725927152,0.0,0,-0.15238095238095323,1,1,1.0,7,2.981818181818182,7,6,2.432064471323432,0.14743730366135843,11.077925645748465,0,1,0.1,0.09090909090909091,2.0,2,2,0,0,1,1.0,0.0,0.2564102564102564,0.09413803534419539,0.053977100178446466,1,0,1,1.0,3.9,7,3,3,9.503816179887517
Garr201201,slice 138,src/graph_reconstruct_attacks/data/vne_instances/Garr201201/slice 138,0,12,15,0.22727272727272727,2.5,0.9574271077563381,1,5,1.6258145836939115,0.2388888888888889,0.21428571428571427,-0.1842105263157909,1,1,1.0,6,2.6515151515151514,2,3,2.934306998471972,0.2285313355975993,14.428729529828047,0,3,0.2727272727272727,0.25,3.0,2,5,0.6666666666666666,2,5,0.8333333333333334,0.00909090909090909,0.3548387096774194,0.421252813206334,0.0917144906100471,2,0,0,1.0,2.8181818181818183,6,4,1,11.642197076187038
Garr201201,slice 139,src/graph_reconstruct_attacks/data/vne_instances/Garr201201/slice 139,0,9,10,0.2777777777777778,2.2222222222222223,1.0304020550550783,1,4,1.8910611120726526,0.35185185185185186,0.35294117647058826,-0.42857142857143016,1,1,1.0,4,2.3055555555555554,4,4,2.6279313293503295,0.28169903204241,8.405153089434915,0,3,0.375,0.3333333333333333,2.3333333333333335,2,3,0.3333333333333333,1,4,0.6666666666666666,0.42857142857142855,0.5,0.350821097378784,0.13962702532147014,2,1,1,1.0,2.0,3,3,3,6.073366374249938
Garr201201,slice 14,src/graph_reconstruct_attacks/data/vne_instances/Garr201201/slice 14,0,13,19,0.24358974358974358,2.923076923076923,1.327898192433236,1,6,2.1996877947313282,0.2512820512820513,0.3125,0.021212121212121644,1,1,1.0,5,2.4358974358974357,3,3,3.6327910658542235,0.33110649525420494,17.82689242399695,0,2,0.16666666666666666,0.15384615384615385,2.5,1,4,0,0,2,0.6666666666666666,0.16666666666666669,0.3870967741935484,0.10159087027580435,0.06774713570132904,1,1,2,1.0,2.5833333333333335,4,3,3,15.40070080622779
Garr201201,slice 140,src/graph_reconstruct_attacks/data/vne_instances/Garr201201/slice 140,0,8,10,0.35714285714285715,2.5,1.0,1,4,1.75,0.10416666666666666,0.15789473684210525,-0.3043478260869554,1,1,1.0,3,1.8571428571428572,2,2,2.8587226393595544,0.6570769172228295,7.118036769169399,0,1,0.14285714285714285,0.125,4.0,4,4,0,0,1,1.0,0.0,0.4375,0.16991220414928632,0.059952448602011536,1,0,1,1.0,2.2857142857142856,3,2,2,5.468243914652199
Garr201201,slice 141,src/graph_reconstruct_attacks/data/vne_instances/Garr201201/slice 141,0,13,17,0.21794871794871795,2.6153846153846154,1.0769230769230769,1,5,2.038159681645953,0.35641025641025637,0.34285714285714286,-0.053097345132745104,1,1,1.0,6,2.6666666666666665,4,4,3.2190335721061363,0.2088819964512541,16.797437444658673,0,4,0.3333333333333333,0.3076923076923077,2.0,1,3,0,0,4,0.4,0.4595959595959596,0.46153846153846156,0.20407279167736606,0.12491594905664398,2,1,2,1.0,2.1666666666666665,4,1,1,13.310669611326363
Garr201201,slice 142,src/graph_reconstruct_attacks/data/vne_instances/Garr201201/slice 142,0,7,7,0.3333333333333333,2.0,1.0690449676496976,1,4,1.8423709931771084,0.0,0,-0.8360655737704907,1,1,1.0,4,2.0,3,2,2.3582944711822624,0.5139605971027524,5.065505023098389,0,1,0.16666666666666666,0.14285714285714285,4.0,4,4,0,0,1,1.0,0.0,0.42857142857142855,0.23633410373467678,0.07989329349236542,1,0,1,1.0,2.3333333333333335,4,3,3,3.6994040818153366
Garr201201,slice 143,src/graph_reconstruct_attacks/data/vne_instances/Garr201201/slice 143,0,11,11,0.2,2.0,0.8528028654224418,1,4,1.6171895725927152,0.13636363636363635,0.2,0.05714285714285776,1,1,1.0,7,3.036363636363636,8,7,2.5269790088485937,0.1508212358153979,11.077925645748465,0,2,0.2,0.18181818181818182,2.0,1,3,0,0,2,0.6666666666666666,0.2,0.3225806451612903,0.22822834427170988,0.0938635139587706,1,1,2,1.0,3.1,6,6,5,8.947513679120226
Garr201201,slice 144,src/graph_reconstruct_attacks/data/vne_instances/Garr201201/slice 144,0,11,14,0.2545454545454545,2.5454545454545454,0.7820295697311479,1,4,1.6767370300521325,0.09090909090909091,0.12,-0.35922330097087274,1,1,1.0,4,2.1272727272727274,1,1,2.767319896718543,0.6877674538896852,12.638843434179455,0,1,0.1,0.09090909090909091,4.0,4,4,0,0,1,1.0,0.0,0.38461538461538464,0.13967520864569927,0.04379013381145115,1,0,1,1.0,2.6,4,1,1,10.86335979764525
Garr201201,slice 145,src/graph_reconstruct_attacks/data/vne_instances/Garr201201/slice 145,0,13,13,0.16666666666666666,2.0,1.1766968108291043,1,4,1.6691803368667308,0.0,0,-0.23809523809523817,1,1,1.0,6,2.7948717948717947,9,6,2.644222883793019,0.21635720901986102,14.343400073848198,0,3,0.25,0.23076923076923078,2.0,1,4,0,0,3,0.5,0.3181818181818182,0.4,0.2606790271020146,0.11793987006768102,1,1,3,1.0,2.5,5,3,3,11.324242418515635
Garr201201,slice 146,src/graph_reconstruct_attacks/data/vne_instances/Garr201201/slice 146,0,12,11,0.16666666666666666,1.8333333333333333,1.0671873729054748,1,4,1.4591479170272448,0.0,0,-0.6141304347826085,1,1,1.0,7,3.212121212121212,11,6,2.246979603717468,0.10892952221651543,12.031037760363619,0,2,0.18181818181818182,0.16666666666666666,2.5,1,4,0,0,2,0.6666666666666666,0.18181818181818182,0.3055555555555556,0.25287063235617185,0.09327354998459002,1,1,2,1.0,3.272727272727273,6,4,4,9.803347985449776
Garr201201,slice 147,src/graph_reconstruct_attacks/data/vne_instances/Garr201201/slice 147,0,10,11,0.24444444444444444,2.2,0.8717797887081347,1,3,1.4854752972273344,0.16666666666666666,0.17647058823529413,-0.3968253968253999,1,1,1.0,5,2.3555555555555556,3,3,2.5243201083092544,0.43364180783948747,10.006491539079562,0,3,0.3333333333333333,0.3,2.6666666666666665,2,3,0.3333333333333333,1,4,0.6666666666666666,0.25,0.5,0.47164665439707626,0.12543908096442308,2,0,0,1.0,2.0,3,5,2,7.480873803373035
Garr201201,slice 148,src/graph_reconstruct_attacks/data/vne_instances/Garr201201/slice 148,0,12,17,0.25757575757575757,2.8333333333333335,1.2801909579781012,1,5,2.188721875540867,0.2888888888888889,0.36585365853658536,0.11936936936936783,1,1,1.0,6,2.4393939393939394,3,3,3.600565805273659,0.28490952609726994,15.40070080622779,0,3,0.2727272727272727,0.25,4.0,2,5,0.3333333333333333,1,4,0.6666666666666666,0.32727272727272727,0.4782608695652174,0.29646430456134676,0.08872036720844236,2,1,1,1.0,2.090909090909091,4,4,2,12.638843434179455
Garr201201,slice 149,src/graph_reconstruct_attacks/data/vne_instances/Garr201201/slice 149,0,10,13,0.28888888888888886,2.6,1.42828568570857,1,6,2.1219280948873624,0.32,0.2903225806451613,-0.28289473684210525,1,1,1.0,4,2.0444444444444443,2,3,3.2553633511071682,0.4805796505660115,10.86335979764525,0,2,0.2222222222222222,0.2,4.0,2,6,0,0,2,0.6666666666666666,0.0648148148148148,0.5,0.23321330689915765,0.07886288282837153,2,0,0,1.0,2.0,3,4,2,8.778733752247508
Garr201201,slice 15,src/graph_reconstruct_attacks/data/vne_instances/Garr201201/slice 15,0,13,21,0.2692307692307692,3.230769230769231,0.8904489925223251,2,5,1.8262452584026092,0.258974358974359,0.23076923076923078,-0.41642228739003256,1,1,1.0,4,2.0256410256410255,0,0,3.4173826308414488,0.9106400507755794,18.737923138804117,0,3,0.25,0.23076923076923078,3.6666666666666665,3,4,0.3333333333333333,1,4,0.6666666666666666,0.061868686868686865,0.5,0.26490478908174137,0.07144421514482192,2,0,0,1.0,2.0,3,5,4,15.835624381153007
Garr201201,slice 150,src/graph_reconstruct_attacks/data/vne_instances/Garr201201/slice 150,0,13,16,0.20512820512820512,2.4615384615384617,1.0088366960464616,1,4,1.8339272176418302,0.11538461538461539,0.1,-0.4603174603174603,1,1,1.0,6,2.6025641025641026,2,3,2.797626936713012,0.284931876764322,16.2354946765387,0,2,0.16666666666666666,0.15384615384615385,2.0,2,2,0,0,2,0.6666666666666666,0.007575757575757576,0.2857142857142857,0.13842594816837972,0.06668285161658218,2,0,0,1.0,3.5,6,6,5,13.888817445248913
Garr201201,slice 151,src/graph_reconstruct_attacks/data/vne_instances/Garr201201/slice 151,0,12,12,0.18181818181818182,2.0,1.224744871391589,1,4,1.5,0.1111111111111111,0.14285714285714285,-0.6296296296296298,1,1,1.0,6,2.909090909090909,9,5,2.6083261056878158,0.13663791730430366,12.692219203810254,0,1,0.09090909090909091,0.08333333333333333,4.0,4,4,0,0,1,1.0,0.0,0.3142857142857143,0.07937476808976947,0.04796261795133318,1,0,1,1.0,3.1818181818181817,5,6,6,11.077925645748465
Garr201201,slice 152,src/graph_reconstruct_attacks/data/vne_instances/Garr201201/slice 152,0,10,13,0.28888888888888886,2.6,0.9165151389911681,1,4,1.8464393446710154,0.5666666666666667,0.48,-0.2093023255813969,1,1,1.0,5,2.5555555555555554,3,3,3.06643644028053,0.19665418819837013,10.86335979764525,0,2,0.2222222222222222,0.2,2.5,2,3,1.0,1,3,1.0,0.0,0.32142857142857145,0.04093910634640404,0.0872033765179264,2,0,0,1.0,3.111111111111111,5,4,4,8.778733752247508
Garr201201,slice 153,src/graph_reconstruct_attacks/data/vne_instances/Garr201201/slice 153,0,13,15,0.19230769230769232,2.3076923076923075,1.0658774200423862,1,5,1.8262452584026092,0.2564102564102564,0.2222222222222222,-0.5196078431372548,1,1,1.0,5,2.6153846153846154,4,2,2.6699996218446804,0.2656033536445776,15.640274109741032,0,2,0.16666666666666666,0.15384615384615385,3.0,3,3,0,0,2,0.6666666666666666,0.10606060606060606,0.36363636363636365,0.2287358270038683,0.06390093862864006,2,0,0,1.0,2.75,5,5,3,13.310669611326363
Garr201201,slice 154,src/graph_reconstruct_attacks/data/vne_instances/Garr201201/slice 154,0,10,12,0.26666666666666666,2.4,1.2806248474865698,1,5,2.1709505944546685,0.0,0,-0.48207171314740915,1,1,1.0,3,2.022222222222222,3,2,2.8986092654986657,0.6241183087254757,10.458789210074194,0,1,0.1111111111111111,0.1,5.0,5,5,0,0,1,1.0,0.0,0.42857142857142855,0.16963604922195497,0.04949400990962405,1,0,1,1.0,2.3333333333333335,3,3,3,8.778733752247508
Garr201201,slice 155,src/graph_reconstruct_attacks/data/vne_instances/Garr201201/slice 155,0,12,13,0.19696969696969696,2.1666666666666665,0.8975274678557507,1,4,1.8250112108241772,0.06944444444444443,0.15,0.022556390977443396,1,1,1.0,6,2.757575757575758,5,4,2.64887842785167,0.22091939265721536,13.310669611326363,0,2,0.18181818181818182,0.16666666666666666,2.5,2,3,0,0,2,0.6666666666666666,0.09090909090909091,0.36666666666666664,0.1662642882861595,0.0764809074578068,2,0,0,1.0,2.727272727272727,5,5,5,11.077925645748465
Garr201201,slice 156,src/graph_reconstruct_attacks/data/vne_instances/Garr201201/slice 156,0,12,18,0.2727272727272727,3.0,1.0,1,4,1.8250112108241772,0.23611111111111108,0.35714285714285715,0.46153846153846084,1,1,1.0,6,2.5,2,2,3.6405581469061925,0.24315379034910203,15.835624381153007,0,4,0.36363636363636365,0.3333333333333333,3.5,3,4,0.3333333333333333,2,6,0.6,0.14242424242424243,0.44,0.39307310101161413,0.09718935143078763,3,0,0,1.0,2.272727272727273,5,5,1,12.638843434179455
Garr201201,slice 157,src/graph_reconstruct_attacks/data/vne_instances/Garr201201/slice 157,0,12,17,0.25757575757575757,2.8333333333333335,1.6244657241348273,1,7,2.084962500721156,0.3742063492063492,0.3191489361702128,-0.23324150596877857,1,1,1.0,4,2.1515151515151514,2,3,3.6556168296236686,0.413731506619717,15.40070080622779,0,2,0.18181818181818182,0.16666666666666666,2.5,2,3,0,0,2,0.6666666666666666,0.01818181818181818,0.3793103448275862,0.10169709758221829,0.06743219468968141,2,0,0,1.0,2.6363636363636362,4,4,2,13.075536031843507
Garr201201,slice 158,src/graph_reconstruct_attacks/data/vne_instances/Garr201201/slice 158,0,7,6,0.2857142857142857,1.7142857142857142,0.6998542122237652,1,3,1.4488156357251847,0.0,0,-0.6666666666666661,1,1,1.0,5,2.4761904761904763,6,4,1.9318516525781368,0.22537710049551052,4.734511804056966,0,1,0.16666666666666666,0.14285714285714285,2.0,2,2,0,0,1,1.0,0.0,0.3,0.14942924536134242,0.09308936324428402,1,0,1,1.0,3.3333333333333335,5,3,3,3.4775553321989814
Garr201201,slice 159,src/graph_reconstruct_attacks/data/vne_instances/Garr201201/slice 159,0,13,17,0.21794871794871795,2.6153846153846154,1.146128032750103,1,4,1.9877733714879842,0.16666666666666666,0.16666666666666666,-0.3719298245614031,1,1,1.0,5,2.41025641025641,3,2,3.0981836079158467,0.3658036601211633,16.797437444658673,0,2,0.16666666666666666,0.15384615384615385,3.5,3,4,0,0,2,0.6666666666666666,0.09090909090909091,0.42857142857142855,0.15752831072897125,0.06302850775609467,2,0,0,1.0,2.3333333333333335,4,3,2,14.428729529828047
Garr201201,slice 16,src/graph_reconstruct_attacks/data/vne_instances/Garr201201/slice 16,0,13,19,0.24358974358974358,2.923076923076923,1.0714144828603167,1,5,1.8810947601100747,0.1692307692307692,0.20454545454545456,-0.11076923076923202,1,1,1.0,4,2.230769230769231,2,2,3.36349191042891,0.512991378834842,17.82689242399695,0,3,0.25,0.23076923076923078,2.6666666666666665,1,4,0,0,3,0.5,0.22095959595959594,0.48,0.17178675314213454,0.08671899220206088,2,1,1,1.0,2.0833333333333335,3,7,4,14.932179723270043
Garr201201,slice 160,src/graph_reconstruct_attacks/data/vne_instances/Garr201201/slice 160,0,13,14,0.1794871794871795,2.1538461538461537,1.026281851086641,1,4,1.8843135277997989,0.0,0,0.01408450704225262,1,1,1.0,7,3.0256410256410255,8,6,2.7667391582707714,0.18078808170046037,15.010185394812815,0,1,0.08333333333333333,0.07692307692307693,2.0,2,2,0,0,1,1.0,0.0,0.26666666666666666,0.06725239623261987,0.0439982942523114,1,0,1,1.0,3.75,6,4,4,13.310669611326363
Garr201201,slice 161,src/graph_reconstruct_attacks/data/vne_instances/Garr201201/slice 161,0,13,19,0.24358974358974358,2.923076923076923,1.3278981924332363,1,6,2.1920058354921066,0.26666666666666666,0.25,-0.08010335917312639,1,1,1.0,5,2.269230769230769,1,1,3.588673366171788,0.4094708628001136,17.82689242399695,0,1,0.08333333333333333,0.07692307692307693,3.0,3,3,0,0,1,1.0,0.0,0.2926829268292683,0.039444662325563484,0.03681874732007548,1,0,1,1.0,3.4166666666666665,5,1,1,15.835624381153007
Garr201201,slice 162,src/graph_reconstruct_attacks/data/vne_instances/Garr201201/slice 162,0,10,10,0.2222222222222222,2.0,0.7745966692414834,1,3,1.5709505944546684,0.0,0,-0.37254901960784753,1,1,1.0,6,2.6666666666666665,5,4,2.28109275828007,0.19966575432487402,9.503816179887517,0,3,0.3333333333333333,0.3,2.3333333333333335,2,3,0,0,3,0.5,0.5833333333333333,0.5294117647058824,0.4860687014523517,0.13784097244526045,2,1,1,1.0,1.8888888888888888,3,3,3,6.921565792466024
Garr201201,slice 163,src/graph_reconstruct_attacks/data/vne_instances/Garr201201/slice 163,0,9,9,0.25,2.0,0.816496580927726,1,3,1.584962500721156,0.0,0,-0.19999999999999962,1,1,1.0,5,2.3333333333333335,4,4,2.31130154549881,0.31663523752133405,7.9737893252759235,0,1,0.125,0.1111111111111111,2.0,2,2,0,0,1,1.0,0.0,0.3076923076923077,0.10588150342772484,0.06685659553951162,1,0,1,1.0,3.25,5,3,3,6.4924956819919135
Garr201201,slice 164,src/graph_reconstruct_attacks/data/vne_instances/Garr201201/slice 164,0,10,11,0.24444444444444444,2.2,0.9797958971132712,1,4,1.8954618442383218,0.0,0,-0.5714285714285725,1,1,1.0,4,2.2666666666666666,3,2,2.524217732703494,0.4109425972620065,10.006491539079562,0,2,0.2222222222222222,0.2,2.5,2,3,0,0,2,0.6666666666666666,0.041666666666666664,0.391304347826087,0.2743988170414349,0.08858221775587831,2,0,0,1.0,2.5555555555555554,4,3,3,7.9737893252759235
Garr201201,slice 165,src/graph_reconstruct_attacks/data/vne_instances/Garr201201/slice 165,0,12,15,0.22727272727272727,2.5,1.3844373104863459,1,5,2.1258145836939115,0.18333333333333335,0.2647058823529412,-0.11825192802056649,1,1,1.0,4,2.303030303030303,4,3,3.2832976554314293,0.38421464472685196,14.428729529828047,0,1,0.09090909090909091,0.08333333333333333,5.0,5,5,0,0,1,1.0,0.0,0.4074074074074074,0.15086761449860653,0.038803609744826266,1,0,1,1.0,2.4545454545454546,3,4,4,12.638843434179455
Garr201201,slice 166,src/graph_reconstruct_attacks/data/vne_instances/Garr201201/slice 166,0,10,10,0.2222222222222222,2.0,0.7745966692414834,1,3,1.5709505944546684,0.0,0,0.21568627450980354,1,1,1.0,6,2.7333333333333334,6,6,2.3968366814787196,0.26794919243112303,9.503816179887517,0,2,0.2222222222222222,0.2,3.0,3,3,0,0,2,0.6666666666666666,0.125,0.42857142857142855,0.3829394104555632,0.0933176907926632,2,0,0,1.0,2.3333333333333335,4,4,4,7.480873803373035
Garr201201,slice 167,src/graph_reconstruct_attacks/data/vne_instances/Garr201201/slice 167,0,12,13,0.19696969696969696,2.1666666666666665,0.6871842709362768,1,4,1.207518749639422,0.19444444444444445,0.16666666666666666,-0.48571428571428776,1,1,1.0,6,2.9242424242424243,3,3,2.3642855007089443,0.15687891153349207,13.310669611326363,0,2,0.18181818181818182,0.16666666666666666,2.0,2,2,0,0,2,0.6666666666666666,0.14545454545454545,0.34375,0.16520977995572933,0.07990794913102042,2,0,0,1.0,2.909090909090909,5,9,7,11.077925645748465
Garr201201,slice 168,src/graph_reconstruct_attacks/data/vne_instances/Garr201201/slice 168,0,12,16,0.24242424242424243,2.6666666666666665,1.178511301977579,1,5,2.1887218755408666,0.23055555555555554,0.17142857142857143,-0.1661807580174927,1,1,1.0,5,2.3181818181818183,3,3,3.176563355436964,0.322402121874606,14.932179723270043,0,3,0.2727272727272727,0.25,4.0,3,5,0,0,3,0.5,0.203030303030303,0.5238095238095238,0.35131254060444084,0.08726248363190134,2,0,0,1.0,1.9090909090909092,3,3,2,12.161722179459781
Garr201201,slice 169,src/graph_reconstruct_attacks/data/vne_instances/Garr201201/slice 169,0,7,7,0.3333333333333333,2.0,0.5345224838248488,1,3,1.1488348542809166,0.0,0,-0.07692307692307777,1,1,1.0,4,2.0476190476190474,2,2,2.151538014223008,0.3819660112501051,5.065505023098389,0,3,0.5,0.42857142857142855,2.0,2,2,0,0,3,0.5,0.6,0.6666666666666666,0.5301313233888121,0.2041735789462894,2,1,1,1.0,1.5,2,1,1,3.135132651376774
Garr201201,slice 17,src/graph_reconstruct_attacks/data/vne_instances/Garr201201/slice 17,0,12,13,0.19696969696969696,2.1666666666666665,0.9860132971832694,1,4,1.7295739585136223,0.3055555555555555,0.2857142857142857,0.005464480874316763,1,1,1.0,6,2.803030303030303,7,6,2.695539993748436,0.1754565519512501,13.310669611326363,0,2,0.18181818181818182,0.16666666666666666,2.5,1,4,0,0,2,0.6666666666666666,0.18181818181818182,0.36666666666666664,0.20293597069076877,0.08247722567367877,1,1,2,1.0,2.727272727272727,5,6,3,11.077925645748465
Garr201201,slice 170,src/graph_reconstruct_attacks/data/vne_instances/Garr201201/slice 170,0,8,7,0.25,1.75,0.6614378277661477,1,3,1.4056390622295665,0.0,0,-0.33333333333333387,1,1,1.0,6,2.6785714285714284,7,5,2.0,0.19806226419516162,6.073366374249938,0,1,0.14285714285714285,0.125,2.0,2,2,0,0,1,1.0,0.0,0.28,0.14433756729740624,0.08055474741149876,1,0,1,1.0,3.5714285714285716,6,3,3,4.734511804056966
Garr201201,slice 171,src/graph_reconstruct_attacks/data/vne_instances/Garr201201/slice 171,0,12,17,0.25757575757575757,2.8333333333333335,1.0671873729054748,1,5,2.084962500721156,0.24444444444444444,0.23684210526315788,-0.1018518518518532,1,1,1.0,4,2.1363636363636362,1,1,3.2435483227462427,0.5363036598817379,15.40070080622779,0,4,0.36363636363636365,0.3333333333333333,3.75,3,5,0.3333333333333333,2,6,0.6,0.15151515151515152,0.5789473684210527,0.43996181451604516,0.11033303705729708,2,0,0,1.0,1.7272727272727273,3,2,1,12.161722179459781
Garr201201,slice 172,src/graph_reconstruct_attacks/data/vne_instances/Garr201201/slice 172,0,13,15,0.19230769230769232,2.3076923076923075,1.2015768732164085,1,5,2.103909910282364,0.2205128205128205,0.20689655172413793,-0.42061281337047357,1,1,1.0,6,2.8333333333333335,5,5,2.866438217353891,0.15468855706180926,15.640274109741032,0,3,0.25,0.23076923076923078,2.6666666666666665,1,5,0.3333333333333333,1,4,0.6666666666666666,0.16666666666666669,0.35294117647058826,0.3485770577301603,0.0987531786033578,2,1,1,1.0,2.8333333333333335,5,3,2,12.692219203810254
Garr201201,slice 173,src/graph_reconstruct_attacks/data/vne_instances/Garr201201/slice 173,0,13,20,0.2564102564102564,3.076923076923077,1.3846153846153848,1,6,2.133937566094917,0.3230769230769231,0.2777777777777778,-0.28654970760233966,1,1,1.0,5,2.5,3,3,3.811842030496782,0.20494970112553165,18.296714439975105,0,2,0.16666666666666666,0.15384615384615385,3.0,2,4,1.0,1,3,1.0,0.0,0.3157894736842105,0.026642176458973595,0.0636912651554361,2,0,0,1.0,3.1666666666666665,5,3,2,15.835624381153007
Garr201201,slice 174,src/graph_reconstruct_attacks/data/vne_instances/Garr201201/slice 174,0,13,20,0.2564102564102564,3.076923076923077,1.3846153846153846,1,5,1.8843135277997989,0.09487179487179488,0.16666666666666666,0.14893617021276598,1,1,1.0,6,2.448717948717949,4,4,3.84032551390289,0.21221431955804373,18.296714439975105,0,2,0.16666666666666666,0.15384615384615385,3.0,2,4,0,0,2,0.6666666666666666,0.30303030303030304,0.41379310344827586,0.09216840994418955,0.06452110296023572,1,1,2,1.0,2.4166666666666665,4,4,4,15.835624381153007
Garr201201,slice 175,src/graph_reconstruct_attacks/data/vne_instances/Garr201201/slice 175,0,8,7,0.25,1.75,1.0897247358851685,1,4,1.5487949406953985,0.0,0,-0.4933333333333329,1,1,1.0,4,2.2142857142857144,7,3,2.2215832939527664,0.3186693563950225,6.073366374249938,0,1,0.14285714285714285,0.125,3.0,3,3,0,0,1,1.0,0.0,0.3888888888888889,0.2115424984640821,0.07731426827549218,1,0,1,1.0,2.5714285714285716,4,5,5,4.734511804056966
Garr201201,slice 176,src/graph_reconstruct_attacks/data/vne_instances/Garr201201/slice 176,0,9,10,0.2777777777777778,2.2222222222222223,1.1331154474650633,1,5,1.6577427265048887,0.3925925925925926,0.3333333333333333,-0.18279569892473146,1,1,1.0,5,2.2777777777777777,4,4,2.7938299010164824,0.29104044864676665,8.405153089434915,0,1,0.125,0.1111111111111111,2.0,2,2,0,0,1,1.0,0.0,0.3076923076923077,0.059910022772596015,0.06410395707929956,1,0,1,1.0,3.25,5,2,2,6.839283168216569
Garr201201,slice 177,src/graph_reconstruct_attacks/data/vne_instances/Garr201201/slice 177,0,11,10,0.18181818181818182,1.8181818181818181,0.5749595745760689,1,3,1.2406705316766884,0.0,0,-1.850371707708595e-15,1,1,1.0,8,3.5636363636363635,10,8,2.052880840033716,0.09976840617723448,10.466105817131357,0,2,0.2,0.18181818181818182,2.0,2,2,0,0,2,0.6666666666666666,0.5333333333333333,0.37037037037037035,0.32591103873582733,0.09373788921231213,1,1,2,1.0,2.7,4,7,7,8.333554464492554
Garr201201,slice 178,src/graph_reconstruct_attacks/data/vne_instances/Garr201201/slice 178,0,11,15,0.2727272727272727,2.727272727272727,1.052348809344566,1,4,1.6767370300521325,0.18181818181818182,0.1875,-0.3574660633484162,1,1,1.0,4,2.1272727272727274,1,1,3.075852763055005,0.5095380901606807,13.075536031843507,0,2,0.2,0.18181818181818182,4.0,4,4,0,0,2,0.6666666666666666,0.12222222222222223,0.5,0.2318064022851824,0.06943281177445981,2,0,0,1.0,2.0,3,5,4,10.86335979764525
Garr201201,slice 179,src/graph_reconstruct_attacks/data/vne_instances/Garr201201/slice 179,0,12,16,0.24242424242424243,2.6666666666666665,1.3123346456686351,1,6,2.084962500721156,0.11666666666666665,0.08108108108108109,-0.49559082892416223,1,1,1.0,5,2.1515151515151514,2,2,3.1588661552176562,0.46825972048981096,14.932179723270043,0,2,0.18181818181818182,0.16666666666666666,4.5,3,6,0,0,2,0.6666666666666666,0.02424242424242424,0.4583333333333333,0.25525337100225076,0.06295274101783456,2,0,0,1.0,2.1818181818181817,4,4,3,12.638843434179455
Garr201201,slice 18,src/graph_reconstruct_attacks/data/vne_instances/Garr201201/slice 18,0,12,16,0.24242424242424243,2.6666666666666665,1.1055415967851334,1,5,1.9591479170272446,0.15555555555555556,0.2647058823529412,-0.05747126436781609,1,1,1.0,6,2.5303030303030303,1,2,3.2509511520724415,0.2934540327330776,14.932179723270043,0,2,0.18181818181818182,0.16666666666666666,2.0,2,2,0,0,2,0.6666666666666666,0.00909090909090909,0.28205128205128205,0.08380068027881866,0.0695670760509311,2,0,0,1.0,3.5454545454545454,6,6,6,12.638843434179455
Garr201201,slice 180,src/graph_reconstruct_attacks/data/vne_instances/Garr201201/slice 180,0,13,16,0.20512820512820512,2.4615384615384617,1.08240363688233,1,4,1.9877733714879844,0.05128205128205128,0.0967741935483871,-0.00392156862745098,1,1,1.0,6,2.730769230769231,5,5,3.0656115597997005,0.18795542337195076,16.2354946765387,0,1,0.08333333333333333,0.07692307692307693,2.0,2,2,0,0,1,1.0,0.0,0.23076923076923078,0.013982038741876288,0.04594553560289053,1,0,1,1.0,4.333333333333333,6,3,3,14.428729529828047
Garr201201,slice 181,src/graph_reconstruct_attacks/data/vne_instances/Garr201201/slice 181,0,13,14,0.1794871794871795,2.1538461538461537,1.0986812966989001,1,5,1.8262452584026092,0.11025641025641025,0.125,-0.18954248366012993,1,1,1.0,8,3.141025641025641,8,6,2.810445187146345,0.14303015218830198,15.010185394812815,0,2,0.16666666666666666,0.15384615384615385,2.0,1,3,0,0,2,0.6666666666666666,0.16666666666666669,0.3,0.1125071360546988,0.08176715037077713,1,1,2,1.0,3.3333333333333335,7,5,4,12.692219203810254
Garr201201,slice 182,src/graph_reconstruct_attacks/data/vne_instances/Garr201201/slice 182,0,9,10,0.2777777777777778,2.2222222222222223,0.7856742013183862,1,4,1.4466166676282082,0.0,0,-0.3333333333333334,1,1,1.0,4,2.1666666666666665,1,1,2.4639366730312178,0.5342384335851177,8.405153089434915,0,4,0.5,0.4444444444444444,2.0,1,3,0,0,4,0.4,0.5119047619047619,0.6153846153846154,0.5358704162754849,0.19111858185004774,2,1,1,1.0,1.625,3,1,1,5.576041733441991
Garr201201,slice 183,src/graph_reconstruct_attacks/data/vne_instances/Garr201201/slice 183,0,13,15,0.19230769230769232,2.3076923076923075,1.135755620017954,1,5,1.9877733714879842,0.16153846153846155,0.10714285714285714,-0.6432584269662913,1,1,1.0,5,2.6025641025641026,3,2,2.7165790097993487,0.25226552018892934,15.640274109741032,0,2,0.16666666666666666,0.15384615384615385,3.5,2,5,1.0,1,3,1.0,0.0,0.34285714285714286,0.32396791923164875,0.06539767650653144,2,0,0,1.0,2.9166666666666665,5,6,2,13.310669611326363
Garr201201,slice 184,src/graph_reconstruct_attacks/data/vne_instances/Garr201201/slice 184,0,13,12,0.15384615384615385,1.8461538461538463,0.7692307692307693,1,3,1.5485806065228545,0.0,0,-0.19999999999999923,1,1,1.0,8,3.6666666666666665,12,8,2.1566393785093454,0.08637167944697734,13.637799490613178,0,1,0.08333333333333333,0.07692307692307693,2.0,2,2,0,0,1,1.0,0.0,0.21428571428571427,0.09093598915630403,0.04781608162700656,1,0,1,1.0,4.666666666666667,8,5,5,12.031037760363619
Garr201201,slice 185,src/graph_reconstruct_attacks/data/vne_instances/Garr201201/slice 185,0,12,17,0.25757575757575757,2.8333333333333335,1.2133516482134197,1,5,2.2295739585136225,0.0861111111111111,0.15,-0.3408450704225367,1,1,1.0,4,2.0606060606060606,2,2,3.3168206018357784,0.6646747804060832,15.40070080622779,0,1,0.09090909090909091,0.08333333333333333,5.0,5,5,0,0,1,1.0,0.0,0.3793103448275862,0.13986235539642516,0.036396430023289766,1,0,1,1.0,2.6363636363636362,4,2,2,13.473476040515532
Garr201201,slice 186,src/graph_reconstruct_attacks/data/vne_instances/Garr201201/slice 186,0,10,9,0.2,1.8,0.7483314773547882,1,3,1.5219280948873621,0.0,0,-0.4318181818181819,1,1,1.0,7,3.066666666666667,9,6,2.0886215149848093,0.13781295746005634,8.947513679120226,0,1,0.1111111111111111,0.1,2.0,2,2,0,0,1,1.0,0.0,0.23684210526315788,0.09798981541152178,0.06398015847835743,1,0,1,1.0,4.222222222222222,7,4,4,7.480873803373035
Garr201201,slice 187,src/graph_reconstruct_attacks/data/vne_instances/Garr201201/slice 187,0,13,14,0.1794871794871795,2.1538461538461537,1.0986812966989,1,4,1.922023142851573,0.11538461538461539,0.25,0.05405405405405462,1,1,1.0,7,3.076923076923077,9,7,2.9116973910632487,0.14737170317503545,15.010185394812815,0,2,0.16666666666666666,0.15384615384615385,1.5,1,2,0,0,2,0.6666666666666666,0.16666666666666669,0.2857142857142857,0.03419116236953456,0.08506702266972102,1,1,2,1.0,3.5,6,3,3,12.692219203810254
Garr201201,slice 188,src/graph_reconstruct_attacks/data/vne_instances/Garr201201/slice 188,0,13,19,0.24358974358974358,2.923076923076923,1.3278981924332358,1,5,2.1339375660949167,0.11282051282051281,0.1875,-0.14351851851851802,1,1,1.0,4,2.2051282051282053,3,2,3.550081813326269,0.45873066588467293,17.82689242399695,0,2,0.16666666666666666,0.15384615384615385,4.0,3,5,0,0,2,0.6666666666666666,0.011363636363636364,0.41379310344827586,0.1934497670800319,0.053830284671090134,2,0,0,1.0,2.4166666666666665,4,2,2,15.40070080622779
Garr201201,slice 189,src/graph_reconstruct_attacks/data/vne_instances/Garr201201/slice 189,0,13,19,0.24358974358974358,2.923076923076923,1.6390212117432705,1,7,2.199687794731328,0.3608058608058608,0.3333333333333333,-0.19274977895667542,1,1,1.0,4,2.230769230769231,4,4,3.76402960232589,0.3880316590814832,17.82689242399695,0,2,0.16666666666666666,0.15384615384615385,4.0,4,4,1.0,1,3,1.0,0.0,0.3870967741935484,0.1790926413252442,0.05272845057744315,2,0,0,1.0,2.5833333333333335,4,3,2,15.40070080622779
Garr201201,slice 19,src/graph_reconstruct_attacks/data/vne_instances/Garr201201/slice 19,0,9,8,0.2222222222222222,1.7777777777777777,0.6285393610547089,1,3,1.3516441151533924,0.0,0,-0.3333333333333333,1,1,1.0,7,3.0555555555555554,8,6,2.0000000000000004,0.14041878729273377,7.480873803373035,0,1,0.125,0.1111111111111111,2.0,2,2,0,0,1,1.0,0.0,0.25806451612903225,0.18257418583505514,0.07059380957350385,1,0,1,1.0,3.875,7,3,3,6.073366374249938
Garr201201,slice 190,src/graph_reconstruct_attacks/data/vne_instances/Garr201201/slice 190,0,7,7,0.3333333333333333,2.0,0.7559289460184544,1,3,1.5566567074628228,0.23809523809523808,0.3333333333333333,-0.1666666666666663,1,1,1.0,5,2.2857142857142856,4,4,2.3429230827771703,0.267949192431122,5.065505023098389,0,3,0.5,0.42857142857142855,2.0,1,3,0.3333333333333333,1,4,0.6666666666666666,0.3333333333333333,0.5,0.5370659324977791,0.20049904766454915,2,1,1,1.0,2.0,4,2,2,3.135132651376774
Garr201201,slice 191,src/graph_reconstruct_attacks/data/vne_instances/Garr201201/slice 191,0,7,10,0.47619047619047616,2.857142857142857,0.989743318610787,1,4,1.8423709931771084,0.4047619047619047,0.4090909090909091,-0.21212121212121385,1,1,1.0,3,1.6666666666666667,1,1,3.1949289870390087,0.7066376619127958,5.547425160699821,0,2,0.3333333333333333,0.2857142857142857,4.0,4,4,1.0,1,3,1.0,0.0,0.5454545454545454,0.3063022115903478,0.10193998856993743,2,0,0,1.0,1.8333333333333333,3,1,1,3.808548551240405
Garr201201,slice 192,src/graph_reconstruct_attacks/data/vne_instances/Garr201201/slice 192,0,13,14,0.1794871794871795,2.1538461538461537,0.9483713850721502,1,4,1.854285871987246,0.0,0,-0.1375000000000018,1,1,1.0,6,2.7435897435897436,6,5,2.5872985720269943,0.21861417394752256,15.010185394812815,0,1,0.08333333333333333,0.07692307692307693,3.0,3,3,0,0,1,1.0,0.0,0.32432432432432434,0.1497268686607369,0.04019996206657552,1,0,1,1.0,3.0833333333333335,5,4,4,13.310669611326363
Garr201201,slice 193,src/graph_reconstruct_attacks/data/vne_instances/Garr201201/slice 193,0,10,12,0.26666666666666666,2.4,1.2806248474865698,1,5,2.1709505944546685,0.0,0,-0.48207171314741165,1,1,1.0,4,2.1333333333333333,3,3,2.9208096264818906,0.5960316825434983,10.458789210074194,0,4,0.4444444444444444,0.4,2.25,1,3,0,0,4,0.4,0.31944444444444436,0.5625,0.4156607751882308,0.16101032847356175,2,1,1,1.0,1.7777777777777777,3,1,1,7.480873803373035
Garr201201,slice 194,src/graph_reconstruct_attacks/data/vne_instances/Garr201201/slice 194,0,10,12,0.26666666666666666,2.4,0.8,1,4,1.6854752972273346,0.0,0,-0.5652173913043481,1,1,1.0,4,2.111111111111111,1,1,2.6036047499732202,0.5258951750500431,10.458789210074194,0,2,0.2222222222222222,0.2,3.0,3,3,0,0,2,0.6666666666666666,0.09259259259259257,0.45,0.2494345160254145,0.08405604789476735,2,0,0,1.0,2.2222222222222223,4,5,5,8.405153089434915
Garr201201,slice 195,src/graph_reconstruct_attacks/data/vne_instances/Garr201201/slice 195,0,11,15,0.2727272727272727,2.727272727272727,0.616575453011388,2,4,1.3221793455166666,0.1515151515151515,0.10714285714285714,-0.04651162790697669,1,1,1.0,5,2.1818181818181817,0,0,2.8733424299351262,0.4915209703997978,13.075536031843507,0,2,0.2,0.18181818181818182,3.0,3,3,1.0,1,3,1.0,0.0,0.35714285714285715,0.20690286634009453,0.06964254418172511,2,0,0,1.0,2.8,5,4,1,10.86335979764525
Garr201201,slice 196,src/graph_reconstruct_attacks/data/vne_instances/Garr201201/slice 196,0,9,10,0.2777777777777778,2.2222222222222223,1.1331154474650633,1,4,1.8910611120726526,0.24074074074074073,0.3333333333333333,-0.03174603174603286,1,1,1.0,5,2.3055555555555554,5,4,2.858074660921715,0.29828037769735005,8.405153089434915,0,1,0.125,0.1111111111111111,2.0,2,2,0,0,1,1.0,0.0,0.32,0.06728809241979677,0.06385682038644898,1,0,1,1.0,3.125,5,3,3,6.839283168216569
Garr201201,slice 197,src/graph_reconstruct_attacks/data/vne_instances/Garr201201/slice 197,0,12,13,0.19696969696969696,2.1666666666666665,0.8975274678557508,1,4,1.8250112108241772,0.06944444444444443,0.15,0.022556390977443396,1,1,1.0,8,3.1515151515151514,7,6,2.717421073228744,0.13333461951025774,13.310669611326363,0,3,0.2727272727272727,0.25,3.0,2,4,0.3333333333333333,1,4,0.6666666666666666,0.11818181818181818,0.39285714285714285,0.4651956955733498,0.10079514898247546,2,0,0,1.0,2.5454545454545454,5,3,2,10.466105817131357
Garr201201,slice 198,src/graph_reconstruct_attacks/data/vne_instances/Garr201201/slice 198,0,10,11,0.24444444444444444,2.2,1.077032961426901,1,4,1.8464393446710154,0.06666666666666667,0.15789473684210525,0.013793103448276056,1,1,1.0,4,2.3555555555555556,5,4,2.7776755802918034,0.34591344158123954,10.006491539079562,0,1,0.1111111111111111,0.1,2.0,2,2,0,0,1,1.0,0.0,0.32142857142857145,0.07414607228661087,0.05755543353211397,1,0,1,1.0,3.111111111111111,4,3,3,8.405153089434915
Garr201201,slice 199,src/graph_reconstruct_attacks/data/vne_instances/Garr201201/slice 199,0,13,13,0.16666666666666666,2.0,1.1094003924504583,1,4,1.8339272176418302,0.0,0,-0.22972972972972996,1,1,1.0,5,2.8205128205128207,9,6,2.6083133200447395,0.2108445597803908,14.343400073848198,0,1,0.08333333333333333,0.07692307692307693,3.0,3,3,0,0,1,1.0,0.0,0.3076923076923077,0.10940585109244765,0.04458310652601772,1,0,1,1.0,3.25,5,6,6,12.692219203810254
Garr201201,slice 2,src/graph_reconstruct_attacks/data/vne_instances/Garr201201/slice 2,0,11,15,0.2727272727272727,2.727272727272727,1.28564869306645,1,5,2.1180782093497093,0.2,0.17142857142857143,-0.49999999999999983,1,1,1.0,4,2.2545454545454544,3,2,3.2741698866847564,0.4447778823510165,13.075536031843507,0,3,0.3,0.2727272727272727,4.333333333333333,4,5,0,0,3,0.5,0.22592592592592597,0.5882352941176471,0.3363045932920092,0.09732408810217075,2,0,0,1.0,1.7,2,4,2,10.458789210074194
Garr201201,slice 20,src/graph_reconstruct_attacks/data/vne_instances/Garr201201/slice 20,0,13,15,0.19230769230769232,2.3076923076923075,1.0658774200423862,1,4,1.7758589482446405,0.038461538461538464,0.1111111111111111,0.08045977011494149,1,1,1.0,6,2.7051282051282053,5,5,2.9262666065601595,0.20410831399756155,15.640274109741032,0,4,0.3333333333333333,0.3076923076923077,3.25,2,4,0.16666666666666666,1,5,0.5,0.3737373737373737,0.5217391304347826,0.4887401747782616,0.11881343823855825,2,0,0,1.0,1.9166666666666667,4,3,3,12.031037760363619
Garr201201,slice 200,src/graph_reconstruct_attacks/data/vne_instances/Garr201201/slice 200,0,12,14,0.21212121212121213,2.3333333333333335,1.3743685418725535,1,5,2.117492461184755,0.14722222222222223,0.2,-0.1277777777777769,1,1,1.0,5,2.4242424242424243,6,5,3.1299341065022364,0.35130190740052586,13.888817445248913,0,1,0.09090909090909091,0.08333333333333333,2.0,2,2,0,0,1,1.0,0.0,0.3055555555555556,0.05563292883873123,0.046751514220463516,1,0,1,1.0,3.272727272727273,5,5,5,12.161722179459781
Garr201201,slice 201,src/graph_reconstruct_attacks/data/vne_instances/Garr201201/slice 201,0,11,14,0.2545454545454545,2.5454545454545454,1.0756508696544758,1,5,1.8676338909712125,0.19090909090909092,0.21428571428571427,-0.04999999999999865,1,1,1.0,4,2.2545454545454544,1,2,3.042206251756535,0.38495784750290724,12.638843434179455,0,2,0.2,0.18181818181818182,3.5,2,5,0,0,2,0.6666666666666666,0.12222222222222223,0.47619047619047616,0.21520779755620947,0.0742160841071661,2,0,0,1.0,2.1,3,6,5,10.458789210074194
Garr201201,slice 202,src/graph_reconstruct_attacks/data/vne_instances/Garr201201/slice 202,0,13,20,0.2564102564102564,3.076923076923077,1.2064913185660093,1,5,2.045841640885174,0.20512820512820512,0.23529411764705882,0.08496732026143822,1,1,1.0,5,2.3974358974358974,3,3,3.653978941492918,0.2963805576678693,18.296714439975105,0,3,0.25,0.23076923076923078,3.6666666666666665,3,5,0.6666666666666666,2,5,0.8333333333333334,0.00505050505050505,0.3870967741935484,0.275548601685701,0.06976083177604309,2,0,0,1.0,2.5833333333333335,5,6,2,15.40070080622779
Garr201201,slice 203,src/graph_reconstruct_attacks/data/vne_instances/Garr201201/slice 203,0,11,11,0.2,2.0,1.044465935734187,1,4,1.4949188482339508,0.0,0,-0.49382716049382736,1,1,1.0,7,2.909090909090909,7,5,2.4929193830560648,0.18310620959855817,11.077925645748465,0,1,0.1,0.09090909090909091,2.0,2,2,0,0,1,1.0,0.0,0.2564102564102564,0.09318822332017977,0.054192164829919405,1,0,1,1.0,3.9,7,4,4,9.503816179887517
Garr201201,slice 204,src/graph_reconstruct_attacks/data/vne_instances/Garr201201/slice 204,0,9,9,0.25,2.0,0.816496580927726,1,3,1.584962500721156,0.18518518518518517,0.25,-1.9984014443252762e-16,1,1,1.0,6,2.638888888888889,6,5,2.4142135623730954,0.20103892671168913,7.9737893252759235,0,3,0.375,0.3333333333333333,2.3333333333333335,2,3,0.3333333333333333,1,4,0.6666666666666666,0.42857142857142855,0.47058823529411764,0.5077594838566167,0.15128900842138154,2,1,1,1.0,2.125,4,3,2,5.576041733441991
Garr201201,slice 205,src/graph_reconstruct_attacks/data/vne_instances/Garr201201/slice 205,0,11,11,0.2,2.0,1.1281521496355325,1,5,1.676737030052133,0.0,0,-0.3459915611814351,1,1,1.0,5,2.4545454545454546,6,4,2.5184168084111285,0.271890757484945,11.077925645748465,0,2,0.2,0.18181818181818182,2.5,2,3,0,0,2,0.6666666666666666,0.06666666666666667,0.4166666666666667,0.25745811117544315,0.08688020618834257,2,0,0,1.0,2.4,4,5,5,8.947513679120226
Garr201201,slice 206,src/graph_reconstruct_attacks/data/vne_instances/Garr201201/slice 206,0,13,16,0.20512820512820512,2.4615384615384617,1.336780553614059,1,6,2.075869296697727,0.12051282051282051,0.17142857142857143,-0.21711568938193343,1,1,1.0,6,2.58974358974359,4,4,3.221789623596081,0.27529812031155004,16.2354946765387,0,2,0.16666666666666666,0.15384615384615385,4.0,2,6,0,0,2,0.6666666666666666,0.13636363636363635,0.41379310344827586,0.1870534986609864,0.06451324488952602,2,0,0,1.0,2.4166666666666665,5,5,5,13.888817445248913
Garr201201,slice 207,src/graph_reconstruct_attacks/data/vne_instances/Garr201201/slice 207,0,13,18,0.23076923076923078,2.769230769230769,1.0490908997681427,1,5,2.038159681645953,0.23846153846153847,0.15384615384615385,-0.36585365853658647,1,1,1.0,4,2.282051282051282,1,2,3.103812340746146,0.513933360902656,17.32749477456612,0,4,0.3333333333333333,0.3076923076923077,3.25,1,5,0,0,4,0.4,0.3131313131313131,0.5714285714285714,0.38892694261596084,0.10921172275976862,2,1,1,1.0,1.75,3,2,2,13.888817445248913
Garr201201,slice 208,src/graph_reconstruct_attacks/data/vne_instances/Garr201201/slice 208,0,12,11,0.16666666666666666,1.8333333333333333,0.7993052538854533,1,3,1.5545851693377994,0.0,0,-0.5068493150684924,1,1,1.0,8,3.590909090909091,11,7,2.1307251783246715,0.090520863153309,12.031037760363619,0,2,0.18181818181818182,0.16666666666666666,2.5,2,3,0,0,2,0.6666666666666666,0.5454545454545454,0.3793103448275862,0.36649519182147583,0.08490914127506656,1,1,2,1.0,2.6363636363636362,4,4,4,9.803347985449776
Garr201201,slice 209,src/graph_reconstruct_attacks/data/vne_instances/Garr201201/slice 209,0,13,15,0.19230769230769232,2.3076923076923075,1.0658774200423862,1,5,1.8262452584026092,0.11025641025641025,0.1111111111111111,-0.1274509803921577,1,1,1.0,6,2.7435897435897436,4,5,2.8319853826269643,0.21399716774859276,15.640274109741032,0,3,0.25,0.23076923076923078,2.6666666666666665,1,5,0.3333333333333333,1,4,0.6666666666666666,0.16666666666666669,0.41379310344827586,0.3627998749388111,0.09799815109208683,2,1,1,1.0,2.4166666666666665,4,4,1,12.692219203810254
Garr201201,slice 21,src/graph_reconstruct_attacks/data/vne_instances/Garr201201/slice 21,0,13,15,0.19230769230769232,2.3076923076923075,0.9101661204768642,1,4,1.8262452584026092,0.1282051282051282,0.12,0.03225806451612862,1,1,1.0,7,2.91025641025641,6,5,2.782805121165336,0.18388951408481397,15.640274109741032,0,1,0.08333333333333333,0.07692307692307693,2.0,2,2,0,0,1,1.0,0.0,0.23076923076923078,0.02468967603367319,0.04649632704813557,1,0,1,1.0,4.333333333333333,7,3,3,13.888817445248913
Garr201201,slice 210,src/graph_reconstruct_attacks/data/vne_instances/Garr201201/slice 210,0,9,10,0.2777777777777778,2.2222222222222223,1.0304020550550783,1,4,1.8910611120726526,0.0,0,-0.5384615384615401,1,1,1.0,4,2.0833333333333335,3,3,2.5963182905792728,0.5087011385997073,8.405153089434915,0,3,0.375,0.3333333333333333,2.0,1,3,0,0,3,0.5,0.2857142857142857,0.5333333333333333,0.3345670514109228,0.14928170939662141,2,1,1,1.0,1.875,3,3,3,6.073366374249938
Garr201201,slice 211,src/graph_reconstruct_attacks/data/vne_instances/Garr201201/slice 211,0,12,12,0.18181818181818182,2.0,0.7071067811865476,1,3,1.5,0.0,0,0.04761904761904719,1,1,1.0,8,3.3333333333333335,8,7,2.3593225381903546,0.11313790745287443,12.692219203810254,0,2,0.18181818181818182,0.16666666666666666,2.5,2,3,0,0,2,0.6666666666666666,0.02727272727272727,0.2894736842105263,0.34950730375948585,0.07734459783950584,2,0,0,1.0,3.4545454545454546,7,6,6,10.466105817131357
Garr201201,slice 212,src/graph_reconstruct_attacks/data/vne_instances/Garr201201/slice 212,0,11,11,0.2,2.0,0.9534625892455924,1,4,1.823067982273661,0.07575757575757575,0.1875,-0.02542372881355873,1,1,1.0,7,3.018181818181818,8,7,2.5815600991047907,0.14330732682844483,11.077925645748465,0,1,0.1,0.09090909090909091,2.0,2,2,0,0,1,1.0,0.0,0.2631578947368421,0.09819052782070942,0.053740371108430815,1,0,1,1.0,3.8,7,4,4,9.503816179887517
Garr201201,slice 213,src/graph_reconstruct_attacks/data/vne_instances/Garr201201/slice 213,0,9,9,0.25,2.0,0.816496580927726,1,3,1.584962500721156,0.0,0,-1.9984014443252762e-16,1,1,1.0,6,2.5555555555555554,5,5,2.3760789782885157,0.2679491924311227,7.9737893252759235,0,1,0.125,0.1111111111111111,2.0,2,2,0,0,1,1.0,0.0,0.2857142857142857,0.10084456975579364,0.06645650078149623,1,0,1,1.0,3.5,6,3,3,6.4924956819919135
Garr201201,slice 214,src/graph_reconstruct_attacks/data/vne_instances/Garr201201/slice 214,0,8,10,0.35714285714285715,2.5,1.3228756555322954,1,5,2.1556390622295662,0.23333333333333334,0.2727272727272727,-0.5053763440860217,1,1,1.0,3,1.8214285714285714,2,1,3.0270849523953935,0.663204784077041,7.118036769169399,0,1,0.14285714285714285,0.125,5.0,5,5,0,0,1,1.0,0.0,0.4666666666666667,0.1767460612308497,0.06023554026779065,1,0,1,1.0,2.142857142857143,3,2,2,5.468243914652199
Garr201201,slice 215,src/graph_reconstruct_attacks/data/vne_instances/Garr201201/slice 215,0,13,19,0.24358974358974358,2.923076923076923,1.1409536133993328,1,4,1.8339272176418302,0.20512820512820512,0.2,-0.2179487179487173,1,1,1.0,5,2.2435897435897436,2,2,3.3622426238755416,0.507509973168278,17.82689242399695,0,4,0.3333333333333333,0.3076923076923077,3.5,3,4,0.3333333333333333,2,6,0.6,0.1212121212121212,0.5217391304347826,0.39551677942800384,0.09782211819652678,2,0,0,1.0,1.9166666666666667,3,6,1,14.428729529828047
Garr201201,slice 216,src/graph_reconstruct_attacks/data/vne_instances/Garr201201/slice 216,0,9,12,0.3333333333333333,2.6666666666666665,1.1547005383792515,1,5,2.058813890331201,0.06666666666666667,0.11538461538461539,-0.35849056603773705,1,1,1.0,3,1.8888888888888888,1,1,3.070038660719704,0.6865349422110928,9.09749251487192,0,1,0.125,0.1111111111111111,4.0,4,4,0,0,1,1.0,0.0,0.42105263157894735,0.13734377638387396,0.05186681956413214,1,0,1,1.0,2.375,3,1,1,7.331916589114478
Garr201201,slice 217,src/graph_reconstruct_attacks/data/vne_instances/Garr201201/slice 217,0,13,21,0.2692307692307692,3.230769230769231,1.5268794800984007,1,7,2.353533948577482,0.2886446886446886,0.3387096774193548,-0.051696284329564295,1,1,1.0,4,2.076923076923077,1,1,4.0262568070722775,0.6315313128812113,18.737923138804117,0,2,0.16666666666666666,0.15384615384615385,2.5,2,3,0,0,2,0.6666666666666666,0.047979797979797977,0.4,0.0644252187694941,0.056686476245887026,2,0,0,1.0,2.5,4,4,3,16.238112017575762
Garr201201,slice 218,src/graph_reconstruct_attacks/data/vne_instances/Garr201201/slice 218,0,12,11,0.16666666666666666,1.8333333333333333,0.8975274678557507,1,3,1.4591479170272448,0.0,0,-0.4666666666666656,1,1,1.0,7,3.257575757575758,11,6,2.205946115051096,0.11104007235614657,12.031037760363619,0,1,0.09090909090909091,0.08333333333333333,3.0,3,3,0,0,1,1.0,0.0,0.2558139534883721,0.1677442222141338,0.050747821701676785,1,0,1,1.0,3.909090909090909,7,6,6,10.466105817131357
Garr201201,slice 219,src/graph_reconstruct_attacks/data/vne_instances/Garr201201/slice 219,0,11,12,0.21818181818181817,2.1818181818181817,1.2662171161076472,1,5,2.004886164091843,0.24545454545454548,0.2608695652173913,-0.29616724738676015,1,1,1.0,6,2.6,6,5,2.8833526946796106,0.1988772469809205,11.642197076187038,0,1,0.1,0.09090909090909091,2.0,2,2,0,0,1,1.0,0.0,0.2564102564102564,0.024006635704359763,0.05548218496921641,1,0,1,1.0,3.9,6,4,4,10.006491539079562
Garr201201,slice 22,src/graph_reconstruct_attacks/data/vne_instances/Garr201201/slice 22,0,9,11,0.3055555555555556,2.4444444444444446,1.3425606637327303,1,5,2.197159723424149,0.30000000000000004,0.375,-0.17129629629629622,1,1,1.0,4,2.0833333333333335,4,3,3.149303822071464,0.4015066279271202,8.778733752247508,0,3,0.375,0.3333333333333333,3.6666666666666665,2,5,0.6666666666666666,2,5,0.8333333333333334,0.07142857142857142,0.5333333333333333,0.4196853277060267,0.12489781316500265,2,0,0,1.0,1.875,3,2,1,6.4924956819919135
Garr201201,slice 220,src/graph_reconstruct_attacks/data/vne_instances/Garr201201/slice 220,0,10,12,0.26666666666666666,2.4,0.9165151389911681,1,4,1.5709505944546687,0.36666666666666664,0.2857142857142857,-0.06666666666666642,1,1,1.0,4,2.2222222222222223,2,3,2.75415133459252,0.33668961633692696,10.458789210074194,0,3,0.3333333333333333,0.3,2.6666666666666665,2,4,0.3333333333333333,1,4,0.6666666666666666,0.125,0.5,0.3769498531375506,0.1192496964763191,2,0,0,1.0,2.0,3,1,1,7.9737893252759235
Garr201201,slice 221,src/graph_reconstruct_attacks/data/vne_instances/Garr201201/slice 221,0,12,13,0.19696969696969696,2.1666666666666665,1.0671873729054748,1,4,1.9182958340544893,0.0,0,-0.48958333333333376,1,1,1.0,5,2.5303030303030303,5,4,2.590725625241726,0.25390718960875913,13.310669611326363,0,1,0.09090909090909091,0.08333333333333333,4.0,4,4,0,0,1,1.0,0.0,0.3333333333333333,0.16695330816618725,0.04304863842293606,1,0,1,1.0,3.0,5,4,4,11.642197076187038
Garr201201,slice 222,src/graph_reconstruct_attacks/data/vne_instances/Garr201201/slice 222,0,13,20,0.2564102564102564,3.076923076923077,1.4390989949130544,2,7,1.8919954870390203,0.29560439560439555,0.2727272727272727,-0.1792828685258961,1,1,1.0,4,2.076923076923077,0,0,3.6898463775321235,0.6371629679726125,18.296714439975105,0,3,0.25,0.23076923076923078,4.0,3,5,0.6666666666666666,2,5,0.8333333333333334,0.026515151515151516,0.46153846153846156,0.2761742557349139,0.07226573285906789,2,0,0,1.0,2.1666666666666665,3,4,2,15.40070080622779
Garr201201,slice 223,src/graph_reconstruct_attacks/data/vne_instances/Garr201201/slice 223,0,13,18,0.23076923076923078,2.769230769230769,1.475640468711606,1,6,2.353533948577482,0.14102564102564102,0.1956521739130435,-0.13089005235602139,1,1,1.0,5,2.358974358974359,4,3,3.5552186856739842,0.31935809610982724,17.32749477456612,0,3,0.25,0.23076923076923078,5.0,4,6,0.6666666666666666,2,5,0.8333333333333334,0.014393939393939393,0.5,0.3606423361169916,0.07715088682499296,2,0,0,1.0,2.0,3,4,1,14.428729529828047
Garr201201,slice 224,src/graph_reconstruct_attacks/data/vne_instances/Garr201201/slice 224,0,13,19,0.24358974358974358,2.923076923076923,1.3846153846153846,1,5,2.199687794731328,0.2717948717948718,0.24489795918367346,-0.07042253521126768,1,1,1.0,4,2.2435897435897436,3,3,3.6053354105439457,0.3715239589065223,17.82689242399695,0,5,0.4166666666666667,0.38461538461538464,3.4,2,5,0.1,1,6,0.4,0.4545454545454546,0.631578947368421,0.382874720280821,0.12673135570604946,2,1,1,1.0,1.5833333333333333,2,3,1,13.888817445248913
Garr201201,slice 225,src/graph_reconstruct_attacks/data/vne_instances/Garr201201/slice 225,0,12,16,0.24242424242424243,2.6666666666666665,1.0274023338281628,1,4,1.9591479170272448,0.25,0.18181818181818182,-0.15942028985507245,1,1,1.0,5,2.4393939393939394,2,3,3.0746527769835876,0.3311707012275352,14.932179723270043,0,3,0.2727272727272727,0.25,2.6666666666666665,1,4,0,0,3,0.5,0.22272727272727272,0.4583333333333333,0.24503029146204777,0.09775153520375424,2,1,1,1.0,2.1818181818181817,4,4,2,12.161722179459781
Garr201201,slice 226,src/graph_reconstruct_attacks/data/vne_instances/Garr201201/slice 226,0,10,10,0.2222222222222222,2.0,0.8944271909999159,1,3,1.5219280948873621,0.0,0,-0.2500000000000003,1,1,1.0,5,2.4444444444444446,5,5,2.371663340112052,0.31497619329920956,9.503816179887517,0,3,0.3333333333333333,0.3,2.0,1,3,0,0,3,0.5,0.3055555555555555,0.5,0.4085627551803275,0.14311371314272384,2,1,1,1.0,2.0,3,4,4,6.921565792466024
Garr201201,slice 227,src/graph_reconstruct_attacks/data/vne_instances/Garr201201/slice 227,0,10,11,0.24444444444444444,2.2,0.9797958971132713,1,4,1.8954618442383218,0.08333333333333333,0.16666666666666666,-0.3619047619047602,1,1,1.0,5,2.577777777777778,5,3,2.6797872126674798,0.18977701957024065,10.006491539079562,0,2,0.2222222222222222,0.2,2.5,2,3,0,0,2,0.6666666666666666,0.013888888888888888,0.34615384615384615,0.28425293194922246,0.08586137616911298,2,0,0,1.0,2.888888888888889,5,3,3,7.9737893252759235
Garr201201,slice 228,src/graph_reconstruct_attacks/data/vne_instances/Garr201201/slice 228,0,9,11,0.3055555555555556,2.4444444444444446,1.0657403385139377,1,4,1.974937501201927,0.16666666666666666,0.14285714285714285,-0.46666666666666606,1,1,1.0,4,2.0555555555555554,2,1,2.829161825829579,0.5255995741487934,8.778733752247508,0,4,0.5,0.4444444444444444,2.5,2,3,0.16666666666666666,1,5,0.5,0.2738095238095238,0.5714285714285714,0.4972553780306245,0.16729804832418552,2,0,0,1.0,1.75,3,2,1,6.073366374249938
Garr201201,slice 229,src/graph_reconstruct_attacks/data/vne_instances/Garr201201/slice 229,0,13,22,0.28205128205128205,3.3846153846153846,1.6888075692384732,1,7,2.5654483718208256,0.31025641025641026,0.3380281690140845,-0.1450878334417699,1,1,1.0,4,2.051282051282051,1,1,4.244915713410814,0.4982578712012435,19.151375313654405,0,4,0.3333333333333333,0.3076923076923077,4.5,3,7,0.3333333333333333,2,6,0.6,0.19949494949494953,0.5714285714285714,0.2922640270306027,0.08933181245974339,2,0,0,1.0,1.75,3,2,2,15.835624381153007
Garr201201,slice 23,src/graph_reconstruct_attacks/data/vne_instances/Garr201201/slice 23,0,13,18,0.23076923076923078,2.769230769230769,1.2498520622516862,1,5,2.161978179679554,0.041025641025641026,0.07142857142857142,-0.24999999999999964,1,1,1.0,5,2.282051282051282,3,3,3.314239626587005,0.3637609658961872,17.32749477456612,0,2,0.16666666666666666,0.15384615384615385,4.0,3,5,0,0,2,0.6666666666666666,0.007575757575757576,0.41379310344827586,0.21954490818174757,0.05575221626934964,2,0,0,1.0,2.4166666666666665,4,4,4,14.932179723270043
Garr201201,slice 230,src/graph_reconstruct_attacks/data/vne_instances/Garr201201/slice 230,0,13,16,0.20512820512820512,2.4615384615384617,1.3367805536140591,1,5,2.038159681645953,0.11025641025641025,0.17142857142857143,-0.4322250639386189,1,1,1.0,5,2.5641025641025643,5,4,3.1109568232017004,0.3064785103013051,16.2354946765387,0,1,0.08333333333333333,0.07692307692307693,3.0,3,3,0,0,1,1.0,0.0,0.2857142857142857,0.07896231056597332,0.03819214965698866,1,0,1,1.0,3.5,5,5,5,14.428729529828047
Garr201201,slice 231,src/graph_reconstruct_attacks/data/vne_instances/Garr201201/slice 231,0,8,8,0.2857142857142857,2.0,0.8660254037844386,1,3,1.561278124459133,0.0,0,-0.6410256410256411,1,1,1.0,5,2.357142857142857,4,3,2.307250371348216,0.2907246405630768,6.4924956819919135,0,1,0.14285714285714285,0.125,3.0,3,3,0,0,1,1.0,0.0,0.3181818181818182,0.19028807903429523,0.06938442491954167,1,0,1,1.0,3.142857142857143,5,3,3,5.065505023098389
Garr201201,slice 232,src/graph_reconstruct_attacks/data/vne_instances/Garr201201/slice 232,0,12,17,0.25757575757575757,2.8333333333333335,0.8975274678557508,1,5,1.4182958340544896,0.12777777777777777,0.16666666666666666,-0.3076923076923087,1,1,1.0,4,2.1666666666666665,1,1,3.1319526705465255,0.5816150281403583,15.40070080622779,0,2,0.18181818181818182,0.16666666666666666,3.0,3,3,0,0,2,0.6666666666666666,0.02121212121212121,0.39285714285714285,0.12842601151007768,0.0629463924806505,2,0,0,1.0,2.5454545454545454,4,2,2,13.075536031843507
Garr201201,slice 233,src/graph_reconstruct_attacks/data/vne_instances/Garr201201/slice 233,0,11,13,0.23636363636363636,2.3636363636363638,0.9791208740244552,1,4,1.789929075309999,0.0,0,-0.18181818181818352,1,1,1.0,5,2.327272727272727,3,3,2.75685360206828,0.38196601125010454,12.161722179459781,0,1,0.1,0.09090909090909091,3.0,3,3,0,0,1,1.0,0.0,0.3333333333333333,0.10303773031951398,0.046930919419579435,1,0,1,1.0,3.0,5,3,3,10.458789210074194
Garr201201,slice 234,src/graph_reconstruct_attacks/data/vne_instances/Garr201201/slice 234,0,12,13,0.19696969696969696,2.1666666666666665,0.6871842709362768,1,4,1.207518749639422,0.125,0.16666666666666666,0.009523809523810043,1,1,1.0,7,3.015151515151515,3,4,2.544949267948028,0.15687891153349223,13.310669611326363,0,3,0.2727272727272727,0.25,2.6666666666666665,2,4,0.3333333333333333,1,4,0.6666666666666666,0.43636363636363634,0.4230769230769231,0.47345430319356924,0.10632994333513578,2,1,1,1.0,2.3636363636363638,4,1,1,10.466105817131357
Garr201201,slice 235,src/graph_reconstruct_attacks/data/vne_instances/Garr201201/slice 235,0,13,20,0.2564102564102564,3.076923076923077,1.268647884805434,1,5,2.2577560641285177,0.04615384615384615,0.057692307692307696,-0.41129032258064807,1,1,1.0,4,2.076923076923077,2,2,3.521519056904472,0.6299999175099738,18.296714439975105,0,4,0.3333333333333333,0.3076923076923077,3.25,1,5,0,0,4,0.4,0.21212121212121207,0.5454545454545454,0.3101316921198149,0.10087051034001787,2,1,1,1.0,1.8333333333333333,3,3,2,14.932179723270043
Garr201201,slice 236,src/graph_reconstruct_attacks/data/vne_instances/Garr201201/slice 236,0,10,10,0.2222222222222222,2.0,0.8944271909999159,1,4,1.6854752972273346,0.15,0.21428571428571427,-0.2765957446808521,1,1,1.0,7,3.022222222222222,7,6,2.483273945050665,0.13258989797153575,9.503816179887517,0,2,0.2222222222222222,0.2,1.5,1,2,0,0,2,0.6666666666666666,0.2222222222222222,0.28125,0.03613126064779303,0.11438301137681275,1,1,2,1.0,3.5555555555555554,6,5,4,7.480873803373035
Garr201201,slice 237,src/graph_reconstruct_attacks/data/vne_instances/Garr201201/slice 237,0,12,12,0.18181818181818182,2.0,0.7071067811865476,1,3,1.5,0.19444444444444445,0.2,0.04761904761904719,1,1,1.0,7,3.272727272727273,9,7,2.3604716527823215,0.11721234481252861,12.692219203810254,0,1,0.09090909090909091,0.08333333333333333,3.0,3,3,0,0,1,1.0,0.0,0.3142857142857143,0.13986651068806827,0.04663193112986522,1,0,1,1.0,3.1818181818181817,5,3,3,11.077925645748465
Garr201201,slice 238,src/graph_reconstruct_attacks/data/vne_instances/Garr201201/slice 238,0,12,17,0.25757575757575757,2.8333333333333335,0.7993052538854533,2,4,1.5545851693377994,0.25,0.2571428571428571,-0.09677419354838471,1,1,1.0,4,2.1818181818181817,0,0,3.0906599201392266,0.689475643109213,15.40070080622779,0,2,0.18181818181818182,0.16666666666666666,3.5,3,4,0,0,2,0.6666666666666666,0.06818181818181818,0.44,0.20914817968886312,0.06149093567971181,2,0,0,1.0,2.272727272727273,4,5,4,13.075536031843507
Garr201201,slice 239,src/graph_reconstruct_attacks/data/vne_instances/Garr201201/slice 239,0,12,13,0.19696969696969696,2.1666666666666665,0.8975274678557508,1,4,1.8250112108241772,0.0,0,0.022556390977442956,1,1,1.0,6,2.8333333333333335,6,5,2.6266042289196956,0.18833396030197874,13.310669611326363,0,1,0.09090909090909091,0.08333333333333333,2.0,2,2,0,0,1,1.0,0.0,0.2682926829268293,0.05077177943908481,0.049730707212229525,1,0,1,1.0,3.727272727272727,6,3,3,11.642197076187038
Garr201201,slice 24,src/graph_reconstruct_attacks/data/vne_instances/Garr201201/slice 24,0,13,14,0.1794871794871795,2.1538461538461537,1.3499945211372495,1,5,1.9877733714879842,0.11025641025641025,0.10714285714285714,-0.3448275862068959,1,1,1.0,6,2.6923076923076925,8,5,2.9134408566968553,0.20178568668458416,15.010185394812815,0,5,0.4166666666666667,0.38461538461538464,2.4,1,4,0.1,1,6,0.4,0.5984848484848485,0.5454545454545454,0.5243552707585726,0.16014721509529425,2,1,2,1.0,1.8333333333333333,3,1,1,10.568367562843136
Garr201201,slice 240,src/graph_reconstruct_attacks/data/vne_instances/Garr201201/slice 240,0,12,13,0.19696969696969696,2.1666666666666665,0.9860132971832694,1,4,1.855388542207534,0.20833333333333334,0.2857142857142857,-0.3541666666666667,1,1,1.0,7,3.106060606060606,7,7,2.5743681156480887,0.12622115434942596,13.310669611326363,0,1,0.09090909090909091,0.08333333333333333,2.0,2,2,0,0,1,1.0,0.0,0.23404255319148937,0.06081364150092481,0.048718057849714114,1,0,1,1.0,4.2727272727272725,7,4,4,11.642197076187038
Garr201201,slice 241,src/graph_reconstruct_attacks/data/vne_instances/Garr201201/slice 241,0,7,7,0.3333333333333333,2.0,0.9258200997725514,1,4,1.3787834934861753,0.3095238095238095,0.3,-0.4259259259259255,1,1,1.0,4,2.142857142857143,4,3,2.389373301097711,0.2955321857406859,5.065505023098389,0,2,0.3333333333333333,0.2857142857142857,1.5,1,2,0,0,2,0.6666666666666666,0.3333333333333333,0.46153846153846156,0.16788260236544517,0.1581981552812502,1,1,2,1.0,2.1666666666666665,3,4,2,3.4775553321989814
Garr201201,slice 242,src/graph_reconstruct_attacks/data/vne_instances/Garr201201/slice 242,0,12,21,0.3181818181818182,3.5,1.3844373104863459,1,6,2.4591479170272446,0.3527777777777778,0.328125,-0.17812061711079888,1,1,1.0,4,2.015151515151515,1,1,4.004352407100666,0.6391795557576502,16.949718416795147,0,3,0.2727272727272727,0.25,4.0,3,5,0.6666666666666666,2,5,0.8333333333333334,0.00909090909090909,0.4230769230769231,0.2436511958299908,0.07088904848134588,3,0,0,1.0,2.3636363636363638,4,3,2,14.158602817677263
Garr201201,slice 243,src/graph_reconstruct_attacks/data/vne_instances/Garr201201/slice 243,0,7,6,0.2857142857142857,1.7142857142857142,0.6998542122237652,1,3,1.4488156357251847,0.0,0,-0.3333333333333326,1,1,1.0,5,2.380952380952381,6,4,1.9696155060244163,0.2603226902583529,4.734511804056966,0,2,0.3333333333333333,0.2857142857142857,2.0,1,3,0,0,2,0.6666666666666666,0.3333333333333333,0.46153846153846156,0.40824829046386235,0.16597365585032262,1,1,2,1.0,2.1666666666666665,4,3,3,3.135132651376774
Garr201201,slice 244,src/graph_reconstruct_attacks/data/vne_instances/Garr201201/slice 244,0,13,13,0.16666666666666666,2.0,0.8770580193070292,1,4,1.7381493331928664,0.0,0,-0.1736111111111117,1,1,1.0,7,3.141025641025641,8,6,2.429863664264902,0.1252749662527063,14.343400073848198,0,1,0.08333333333333333,0.07692307692307693,3.0,3,3,0,0,1,1.0,0.0,0.2727272727272727,0.1390798330169804,0.04483265579805592,1,0,1,1.0,3.6666666666666665,7,4,4,12.692219203810254
Garr201201,slice 245,src/graph_reconstruct_attacks/data/vne_instances/Garr201201/slice 245,0,9,10,0.2777777777777778,2.2222222222222223,1.1331154474650633,1,4,1.8910611120726528,0.07407407407407407,0.16666666666666666,-0.19047619047619146,1,1,1.0,4,2.1666666666666665,4,3,2.7643594789072137,0.3569585230117362,8.405153089434915,0,3,0.375,0.3333333333333333,3.3333333333333335,2,4,0.3333333333333333,1,4,0.6666666666666666,0.17857142857142855,0.5714285714285714,0.4647165919182525,0.1381699081568722,2,0,0,1.0,1.75,3,1,1,6.073366374249938
Garr201201,slice 246,src/graph_reconstruct_attacks/data/vne_instances/Garr201201/slice 246,0,12,13,0.19696969696969696,2.1666666666666665,0.8975274678557507,1,4,1.8250112108241772,0.0,0,-0.36842105263157854,1,1,1.0,5,2.6515151515151514,4,3,2.504967592650697,0.2844532391473293,13.310669611326363,0,3,0.2727272727272727,0.25,3.0,2,4,0,0,3,0.5,0.33636363636363636,0.4782608695652174,0.4456853420744135,0.10549144899520652,2,0,0,1.0,2.090909090909091,4,3,3,10.466105817131357
Garr201201,slice 247,src/graph_reconstruct_attacks/data/vne_instances/Garr201201/slice 247,0,12,12,0.18181818181818182,2.0,0.9128709291752769,1,3,1.4833557549816874,0.13888888888888887,0.17647058823529413,-0.2631578947368418,1,1,1.0,7,3.1666666666666665,9,6,2.465358716138797,0.12249807480320038,12.692219203810254,0,2,0.18181818181818182,0.16666666666666666,3.0,3,3,1.0,1,3,1.0,0.0,0.3548387096774194,0.4047180221378614,0.07489945581643419,2,0,0,1.0,2.8181818181818183,5,2,1,10.466105817131357
Garr201201,slice 248,src/graph_reconstruct_attacks/data/vne_instances/Garr201201/slice 248,0,7,6,0.2857142857142857,1.7142857142857142,1.3850513878332367,1,5,1.1488348542809166,0.0,0,-0.7760000000000005,1,1,1.0,3,1.9047619047619047,6,2,2.2882456112707374,0.4659298032772687,4.734511804056966,0,5,0.8333333333333334,0.7142857142857143,1.2,1,2,0,0,5,0.3333333333333333,0.9333333333333333,0.8571428571428571,0.6881909602355867,0.39063591295944244,1,1,5,1.0,1.1666666666666667,2,1,1,1.1760912590556798
Garr201201,slice 249,src/graph_reconstruct_attacks/data/vne_instances/Garr201201/slice 249,0,13,21,0.2692307692307692,3.230769230769231,0.890448992522325,2,5,1.8262452584026092,0.31025641025641026,0.28846153846153844,-0.35483870967742204,1,1,1.0,4,2.128205128205128,0,0,3.4475059075131607,0.5698004929330858,18.737923138804117,0,2,0.16666666666666666,0.15384615384615385,3.0,3,3,0,0,2,0.6666666666666666,0.007575757575757576,0.36363636363636365,0.11502812269670605,0.05371752374135512,2,0,0,1.0,2.75,4,3,2,16.238112017575762
Garr201201,slice 25,src/graph_reconstruct_attacks/data/vne_instances/Garr201201/slice 25,0,10,11,0.24444444444444444,2.2,1.0770329614269007,1,4,1.8464393446710154,0.2,0.3157894736842105,0.013793103448276056,1,1,1.0,6,2.6444444444444444,6,6,2.875983470500581,0.20410636082442324,10.006491539079562,0,1,0.1111111111111111,0.1,4.0,4,4,0,0,1,1.0,0.0,0.34615384615384615,0.18303202189291284,0.04953322067507383,1,0,1,1.0,2.888888888888889,5,3,3,8.405153089434915
Garr201201,slice 250,src/graph_reconstruct_attacks/data/vne_instances/Garr201201/slice 250,0,10,10,0.2222222222222222,2.0,1.3416407864998738,1,5,1.295461844238322,0.0,0,-0.5525114155251137,1,1,1.0,4,2.2666666666666666,6,4,2.623829968183788,0.45452036641236987,9.503816179887517,0,1,0.1111111111111111,0.1,5.0,5,5,0,0,1,1.0,0.0,0.4090909090909091,0.21339121094121447,0.05533565721233233,1,0,1,1.0,2.4444444444444446,4,6,6,7.9737893252759235
Garr201201,slice 251,src/graph_reconstruct_attacks/data/vne_instances/Garr201201/slice 251,0,10,10,0.2222222222222222,2.0,1.0954451150103321,1,4,1.5219280948873621,0.13333333333333333,0.1875,-0.3888888888888903,1,1,1.0,6,2.7555555555555555,7,5,2.5885853971661095,0.16374688438766463,9.503816179887517,0,1,0.1111111111111111,0.1,2.0,2,2,0,0,1,1.0,0.0,0.24324324324324326,0.021561274208824723,0.06306603280094429,1,0,1,1.0,4.111111111111111,6,4,4,7.9737893252759235
Garr201201,slice 252,src/graph_reconstruct_attacks/data/vne_instances/Garr201201/slice 252,0,7,7,0.3333333333333333,2.0,0.5345224838248488,1,3,1.1488348542809166,0.0,0,-0.07692307692307777,1,1,1.0,5,2.2857142857142856,3,3,2.188901059316735,0.27651994672834784,5.065505023098389,0,1,0.16666666666666666,0.14285714285714285,2.0,2,2,0,0,1,1.0,0.0,0.3157894736842105,0.09032370312716886,0.08884300853381118,1,0,1,1.0,3.1666666666666665,5,1,1,3.6994040818153366
Garr201201,slice 253,src/graph_reconstruct_attacks/data/vne_instances/Garr201201/slice 253,0,12,17,0.25757575757575757,2.8333333333333335,0.9860132971832694,1,4,1.8553885422075338,0.18055555555555555,0.16216216216216217,-0.1877729257641926,1,1,1.0,4,2.1818181818181817,1,1,3.175158639734595,0.5778967240974214,15.40070080622779,0,1,0.09090909090909091,0.08333333333333333,3.0,3,3,0,0,1,1.0,0.0,0.3548387096774194,0.07427132848895672,0.03926092867967709,1,0,1,1.0,2.8181818181818183,4,1,1,13.473476040515532
Garr201201,slice 254,src/graph_reconstruct_attacks/data/vne_instances/Garr201201/slice 254,0,10,10,0.2222222222222222,2.0,0.8944271909999159,1,4,1.6854752972273346,0.0,0,-0.38297872340425554,1,1,1.0,6,2.8444444444444446,6,5,2.403842157517501,0.15689060218342912,9.503816179887517,0,3,0.3333333333333333,0.3,2.6666666666666665,2,4,0,0,3,0.5,0.5972222222222222,0.5,0.4843858775491934,0.13626382007387408,2,1,1,1.0,2.0,4,1,1,6.921565792466024
Garr201201,slice 255,src/graph_reconstruct_attacks/data/vne_instances/Garr201201/slice 255,0,13,19,0.24358974358974358,2.923076923076923,0.9970370305242862,1,5,1.9877733714879842,0.13076923076923078,0.20930232558139536,-0.017857142857140865,1,1,1.0,5,2.3076923076923075,1,1,3.3664937254849727,0.4512104597101781,17.82689242399695,0,1,0.08333333333333333,0.07692307692307693,3.0,3,3,0,0,1,1.0,0.0,0.3,0.08446492248969885,0.035137781178291125,1,0,1,1.0,3.3333333333333335,5,1,1,15.835624381153007
Garr201201,slice 256,src/graph_reconstruct_attacks/data/vne_instances/Garr201201/slice 256,0,10,12,0.26666666666666666,2.4,1.019803902718557,1,4,1.9219280948873623,0.0,0,-0.371428571428571,1,1,1.0,6,2.4,3,3,2.823448397562979,0.29806484126051175,10.458789210074194,0,1,0.1111111111111111,0.1,4.0,4,4,0,0,1,1.0,0.0,0.32142857142857145,0.15232905628958776,0.04856250251260248,1,0,1,1.0,3.111111111111111,6,2,2,8.778733752247508
Garr201201,slice 257,src/graph_reconstruct_attacks/data/vne_instances/Garr201201/slice 257,0,9,10,0.2777777777777778,2.2222222222222223,0.9162456945817024,1,4,1.836591668108979,0.0,0,-0.6666666666666701,1,1,1.0,4,2.0555555555555554,2,2,2.482956588678592,0.5309500735143159,8.405153089434915,0,1,0.125,0.1111111111111111,3.0,3,3,0,0,1,1.0,0.0,0.36363636363636365,0.14333740106179066,0.05919044131103283,1,0,1,1.0,2.75,4,2,2,6.839283168216569
Garr201201,slice 258,src/graph_reconstruct_attacks/data/vne_instances/Garr201201/slice 258,0,12,14,0.21212121212121213,2.3333333333333335,1.6499158227686108,1,7,1.9508257945180885,0.3968253968253968,0.2571428571428571,-0.42222222222222133,1,1,1.0,4,2.272727272727273,6,4,3.199983700806772,0.30408540494156,13.888817445248913,0,1,0.09090909090909091,0.08333333333333333,2.0,2,2,0,0,1,1.0,0.0,0.3333333333333333,0.06539228201668518,0.04663660677768766,1,0,1,1.0,3.0,4,4,4,12.161722179459781
Garr201201,slice 259,src/graph_reconstruct_attacks/data/vne_instances/Garr201201/slice 259,0,13,15,0.19230769230769232,2.3076923076923075,1.4349813927828945,1,6,2.075869296697727,0.09487179487179488,0.09090909090909091,-0.4009661835748793,1,1,1.0,5,2.41025641025641,5,4,3.03974065931251,0.39309209980338433,15.640274109741032,0,3,0.25,0.23076923076923078,3.0,1,6,0,0,3,0.5,0.23484848484848486,0.48,0.2637280226942682,0.10108962098827924,2,1,1,1.0,2.0833333333333335,4,3,3,12.692219203810254
Garr201201,slice 26,src/graph_reconstruct_attacks/data/vne_instances/Garr201201/slice 26,0,11,13,0.23636363636363636,2.3636363636363638,0.7713892158398701,1,3,1.4353713907745331,0.0,0,-0.37878787878787495,1,1,1.0,6,2.727272727272727,4,3,2.696191424754537,0.16779310461899993,12.161722179459781,0,3,0.3,0.2727272727272727,2.6666666666666665,2,3,0,0,3,0.5,0.22592592592592592,0.45454545454545453,0.39773340890449965,0.10458752032855638,2,0,0,1.0,2.2,4,6,6,9.503816179887517
Garr201201,slice 260,src/graph_reconstruct_attacks/data/vne_instances/Garr201201/slice 260,0,9,10,0.2777777777777778,2.2222222222222223,0.9162456945817024,1,4,1.836591668108979,0.42592592592592593,0.375,-0.6666666666666649,1,1,1.0,5,2.5555555555555554,4,4,2.5040111708859683,0.1919207869269864,8.405153089434915,0,2,0.25,0.2222222222222222,2.5,2,3,1.0,1,3,1.0,0.0,0.32,0.16994975566068554,0.09916397119411502,2,0,0,1.0,3.125,5,4,3,6.4924956819919135
Garr201201,slice 261,src/graph_reconstruct_attacks/data/vne_instances/Garr201201/slice 261,0,13,13,0.16666666666666666,2.0,1.2403473458920846,1,5,1.573402452417767,0.05897435897435897,0.13043478260869565,-0.1930379746835444,1,1,1.0,5,2.769230769230769,10,6,2.7640875643030682,0.20033802145827473,14.343400073848198,0,5,0.4166666666666667,0.38461538461538464,2.4,1,3,0.1,1,6,0.4,0.7121212121212122,0.5714285714285714,0.5777529275856711,0.1722277123103918,2,1,3,1.0,1.75,3,1,1,9.75918207871954
Garr201201,slice 262,src/graph_reconstruct_attacks/data/vne_instances/Garr201201/slice 262,0,10,10,0.2222222222222222,2.0,1.1832159566199232,1,4,1.7609640474436812,0.0,0,-0.39072847682119277,1,1,1.0,5,2.3777777777777778,6,4,2.5576124149583563,0.32486912943335405,9.503816179887517,0,4,0.4444444444444444,0.4,2.25,1,4,0,0,4,0.4,0.5972222222222222,0.6,0.5048757568158174,0.1870555069932322,2,1,2,1.0,1.6666666666666667,3,2,2,6.289542577760609
Garr201201,slice 263,src/graph_reconstruct_attacks/data/vne_instances/Garr201201/slice 263,0,10,9,0.2,1.8,0.6000000000000001,1,3,1.295461844238322,0.0,0,-0.3333333333333347,1,1,1.0,8,3.4,9,7,2.006593618346017,0.1099883936821399,8.947513679120226,0,2,0.2222222222222222,0.2,2.0,2,2,0,0,2,0.6666666666666666,0.38888888888888884,0.3103448275862069,0.21747514934545845,0.109341471187121,1,1,2,1.0,3.2222222222222223,6,6,6,6.921565792466024
Garr201201,slice 264,src/graph_reconstruct_attacks/data/vne_instances/Garr201201/slice 264,0,13,21,0.2692307692307692,3.230769230769231,1.186711432349347,1,5,2.199687794731328,0.12564102564102564,0.16071428571428573,-0.2676056338028186,1,1,1.0,4,2.0,1,1,3.6471431164271757,0.7155661719036825,18.737923138804117,0,3,0.25,0.23076923076923078,3.6666666666666665,2,5,0.3333333333333333,1,4,0.6666666666666666,0.045454545454545456,0.4444444444444444,0.2659572468419289,0.07107390190599738,2,0,0,1.0,2.25,4,3,2,15.835624381153007
Garr201201,slice 265,src/graph_reconstruct_attacks/data/vne_instances/Garr201201/slice 265,0,12,14,0.21212121212121213,2.3333333333333335,1.0274023338281628,1,4,1.9591479170272448,0.05555555555555555,0.12,-0.12299465240641666,1,1,1.0,5,2.5303030303030303,4,3,2.849270207256702,0.25794278193314685,13.888817445248913,0,1,0.09090909090909091,0.08333333333333333,3.0,3,3,0,0,1,1.0,0.0,0.3055555555555556,0.08113622300335403,0.04617986774830711,1,0,1,1.0,3.272727272727273,5,3,3,12.161722179459781
Garr201201,slice 266,src/graph_reconstruct_attacks/data/vne_instances/Garr201201/slice 266,0,13,20,0.2564102564102564,3.076923076923077,1.8170787401565716,1,7,2.4996981431844145,0.29816849816849816,0.19047619047619047,-0.36686009026434524,1,1,1.0,3,2.0128205128205128,2,2,3.908379330842986,0.627546516425897,18.296714439975105,0,3,0.25,0.23076923076923078,4.0,2,6,0,0,3,0.5,0.04166666666666667,0.48,0.23617016814580927,0.07384139562928445,2,0,0,1.0,2.0833333333333335,3,2,1,15.40070080622779
Garr201201,slice 267,src/graph_reconstruct_attacks/data/vne_instances/Garr201201/slice 267,0,13,19,0.24358974358974358,2.923076923076923,1.2064913185660093,1,6,2.038159681645953,0.26666666666666666,0.1956521739130435,-0.2785602503912371,1,1,1.0,4,2.08974358974359,1,1,3.356344686020033,0.625202598224912,17.82689242399695,0,3,0.25,0.23076923076923078,4.0,2,6,0.3333333333333333,1,4,0.6666666666666666,0.09343434343434343,0.5,0.2970164041785751,0.07684742104782041,2,0,0,1.0,2.0,3,5,3,14.932179723270043
Garr201201,slice 268,src/graph_reconstruct_attacks/data/vne_instances/Garr201201/slice 268,0,13,16,0.20512820512820512,2.4615384615384617,0.9294650748918902,1,4,1.8843135277997989,0.11538461538461539,0.10344827586206896,-0.20603015075376885,1,1,1.0,6,2.6538461538461537,3,3,2.815281887274894,0.25126591830433126,16.2354946765387,0,1,0.08333333333333333,0.07692307692307693,4.0,4,4,0,0,1,1.0,0.0,0.3333333333333333,0.13722727144777294,0.03694631011956074,1,0,1,1.0,3.0,5,2,2,14.428729529828047
Garr201201,slice 269,src/graph_reconstruct_attacks/data/vne_instances/Garr201201/slice 269,0,13,17,0.21794871794871795,2.6153846153846154,1.0769230769230769,1,4,1.922023142851573,0.19230769230769232,0.2571428571428571,-0.004219409282700487,1,1,1.0,5,2.448717948717949,3,3,3.199691719124664,0.421149633026607,16.797437444658673,0,3,0.25,0.23076923076923078,3.6666666666666665,3,4,0.3333333333333333,1,4,0.6666666666666666,0.15404040404040403,0.46153846153846156,0.349247949756856,0.08215888843626483,2,0,0,1.0,2.1666666666666665,4,5,1,13.888817445248913
Garr201201,slice 27,src/graph_reconstruct_attacks/data/vne_instances/Garr201201/slice 27,0,9,8,0.2222222222222222,1.7777777777777777,0.7856742013183862,1,3,1.5304930567574826,0.0,0,-0.02564102564102564,1,1,1.0,5,2.611111111111111,8,5,2.1357792050698574,0.23106752724837476,7.480873803373035,0,1,0.125,0.1111111111111111,2.0,2,2,0,0,1,1.0,0.0,0.3076923076923077,0.15385305235065877,0.06970083807126431,1,0,1,1.0,3.25,5,4,4,6.073366374249938
Garr201201,slice 270,src/graph_reconstruct_attacks/data/vne_instances/Garr201201/slice 270,0,8,8,0.2857142857142857,2.0,1.224744871391589,1,4,1.5,0.16666666666666666,0.21428571428571427,-0.48148148148148145,1,1,1.0,4,2.107142857142857,5,3,2.58308222240392,0.36764391614828834,6.4924956819919135,0,2,0.2857142857142857,0.25,4.0,4,4,1.0,1,3,1.0,0.0,0.5384615384615384,0.4268583865645692,0.11839430791034151,2,0,0,1.0,1.8571428571428572,3,2,1,4.734511804056966
Garr201201,slice 271,src/graph_reconstruct_attacks/data/vne_instances/Garr201201/slice 271,0,13,15,0.19230769230769232,2.3076923076923075,1.2639751327042295,1,5,2.038159681645953,0.16923076923076924,0.2,-0.45833333333333454,1,1,1.0,5,2.628205128205128,6,4,2.990393973081261,0.22430914991792414,15.640274109741032,0,3,0.25,0.23076923076923078,1.6666666666666667,1,3,0,0,3,0.5,0.3181818181818182,0.4,0.12207651819517722,0.11321227460500774,1,1,3,1.0,2.5,4,4,2,12.692219203810254
Garr201201,slice 272,src/graph_reconstruct_attacks/data/vne_instances/Garr201201/slice 272,0,12,20,0.30303030303030304,3.3333333333333335,1.6499158227686108,1,6,2.4591479170272446,0.375,0.42857142857142855,-0.2033694344163676,1,1,1.0,4,2.0606060606060606,2,1,4.189490593675389,0.48738344960024,16.60917987984748,0,2,0.18181818181818182,0.16666666666666666,3.5,2,5,0,0,2,0.6666666666666666,0.00909090909090909,0.39285714285714285,0.13198114721219184,0.05524030056229462,2,0,0,1.0,2.5454545454545454,4,3,2,14.158602817677263
Garr201201,slice 273,src/graph_reconstruct_attacks/data/vne_instances/Garr201201/slice 273,0,9,10,0.2777777777777778,2.2222222222222223,0.6285393610547089,1,3,1.3516441151533922,0.18518518518518517,0.21428571428571427,-0.17647058823529546,1,1,1.0,5,2.361111111111111,2,2,2.4448541251016067,0.3036140923135156,8.405153089434915,0,2,0.25,0.2222222222222222,3.0,3,3,1.0,1,3,1.0,0.0,0.38095238095238093,0.4029008609386964,0.09484057247368208,2,0,0,1.0,2.625,5,5,1,6.4924956819919135
Garr201201,slice 274,src/graph_reconstruct_attacks/data/vne_instances/Garr201201/slice 274,0,13,15,0.19230769230769232,2.3076923076923075,1.0658774200423862,1,4,1.95006375643621,0.16666666666666666,0.2222222222222222,-0.04166666666666712,1,1,1.0,6,2.769230769230769,6,5,2.9152312988114066,0.22089156943432559,15.640274109741032,0,3,0.25,0.23076923076923078,3.6666666666666665,3,4,0.3333333333333333,1,4,0.6666666666666666,0.4090909090909091,0.48,0.3865716385547289,0.09350646795651654,2,1,1,1.0,2.0833333333333335,4,4,2,12.692219203810254
Garr201201,slice 275,src/graph_reconstruct_attacks/data/vne_instances/Garr201201/slice 275,0,13,14,0.1794871794871795,2.1538461538461537,1.0262818510866412,1,4,1.760495029766198,0.07692307692307693,0.13043478260869565,-0.3099415204678382,1,1,1.0,6,2.8846153846153846,7,5,2.6813798733403704,0.1862319763055606,15.010185394812815,0,1,0.08333333333333333,0.07692307692307693,3.0,3,3,0,0,1,1.0,0.0,0.26666666666666666,0.08006054207057725,0.043668188050964556,1,0,1,1.0,3.75,6,5,5,13.310669611326363
Garr201201,slice 276,src/graph_reconstruct_attacks/data/vne_instances/Garr201201/slice 276,0,12,15,0.22727272727272727,2.5,1.2583057392117916,1,5,1.7924812503605778,0.2638888888888889,0.28125,-0.042600896860986594,1,1,1.0,7,2.727272727272727,5,5,3.291645553160157,0.1841618979882748,14.428729529828047,0,5,0.45454545454545453,0.4166666666666667,2.8,2,5,0.2,2,7,0.4666666666666667,0.39393939393939387,0.4782608695652174,0.4918507775044434,0.1478953444399455,2,1,1,1.0,2.090909090909091,5,2,1,10.466105817131357
Garr201201,slice 277,src/graph_reconstruct_attacks/data/vne_instances/Garr201201/slice 277,0,8,8,0.2857142857142857,2.0,0.5,1,3,1.061278124459133,0.2916666666666667,0.3333333333333333,-0.06666666666666667,1,1,1.0,6,2.7857142857142856,5,5,2.234993197154869,0.16671700823775643,6.4924956819919135,0,2,0.2857142857142857,0.25,2.5,2,3,1.0,1,3,1.0,0.0,0.3181818181818182,0.47543804376250326,0.11523035834388932,2,0,0,1.0,3.142857142857143,6,6,2,4.734511804056966
Garr201201,slice 278,src/graph_reconstruct_attacks/data/vne_instances/Garr201201/slice 278,0,8,8,0.2857142857142857,2.0,1.0,1,4,1.811278124459133,0.0,0,-0.4444444444444444,1,1,1.0,4,2.1785714285714284,4,3,2.396836681478722,0.3478800675824251,6.4924956819919135,0,2,0.2857142857142857,0.25,3.0,2,4,0,0,2,0.6666666666666666,0.07142857142857142,0.4666666666666667,0.38293941045556296,0.12013116085279418,2,0,0,1.0,2.142857142857143,4,3,3,4.734511804056966
Garr201201,slice 279,src/graph_reconstruct_attacks/data/vne_instances/Garr201201/slice 279,0,13,14,0.1794871794871795,2.1538461538461537,0.8634593969478326,1,4,1.7758589482446405,0.0,0,-0.0476190476190461,1,1,1.0,6,2.871794871794872,6,5,2.5676887068397987,0.18114751648254288,15.010185394812815,0,2,0.16666666666666666,0.15384615384615385,2.5,2,3,0,0,2,0.6666666666666666,0.08585858585858586,0.36363636363636365,0.2241777361594816,0.06937111164891593,2,0,0,1.0,2.75,5,6,6,12.692219203810254
Garr201201,slice 28,src/graph_reconstruct_attacks/data/vne_instances/Garr201201/slice 28,0,13,16,0.20512820512820512,2.4615384615384617,1.1512791959304434,1,4,1.8262452584026092,0.10256410256410256,0.09375,-0.3684210526315789,1,1,1.0,5,2.4871794871794872,3,3,2.935526870042458,0.37987329744766,16.2354946765387,0,4,0.3333333333333333,0.3076923076923077,3.25,2,4,0,0,4,0.4,0.44444444444444436,0.5714285714285714,0.4245344175597128,0.116158187069283,2,0,0,1.0,1.75,3,4,2,12.692219203810254
Garr201201,slice 280,src/graph_reconstruct_attacks/data/vne_instances/Garr201201/slice 280,0,8,7,0.25,1.75,0.6614378277661477,1,3,1.4056390622295665,0.0,0,-0.33333333333333387,1,1,1.0,6,2.7142857142857144,7,5,1.9890437907365461,0.186393497351669,6.073366374249938,0,1,0.14285714285714285,0.125,2.0,2,2,0,0,1,1.0,0.0,0.2692307692307692,0.11911770226439844,0.08085074536734937,1,0,1,1.0,3.7142857142857144,6,3,3,4.734511804056966
Garr201201,slice 281,src/graph_reconstruct_attacks/data/vne_instances/Garr201201/slice 281,0,9,10,0.2777777777777778,2.2222222222222223,0.9162456945817024,1,4,1.836591668108979,0.0,0,0.04761904761904632,1,1,1.0,4,2.2777777777777777,4,3,2.6457513110645916,0.3819660112501051,8.405153089434915,0,2,0.25,0.2222222222222222,2.5,1,4,0,0,2,0.6666666666666666,0.25,0.47058823529411764,0.2236067977499786,0.11098279154354079,1,1,2,1.0,2.125,3,4,4,6.4924956819919135
Garr201201,slice 282,src/graph_reconstruct_attacks/data/vne_instances/Garr201201/slice 282,0,11,12,0.21818181818181817,2.1818181818181817,0.9359663764533637,1,4,1.867633890971212,0.0,0,-0.512605042016806,1,1,1.0,4,2.4,3,2,2.5034225316371184,0.37272002239245156,11.642197076187038,0,3,0.3,0.2727272727272727,2.3333333333333335,2,3,0,0,3,0.5,0.17777777777777778,0.43478260869565216,0.3821580248816331,0.11707948935945056,2,0,0,1.0,2.3,4,3,3,8.947513679120226
Garr201201,slice 283,src/graph_reconstruct_attacks/data/vne_instances/Garr201201/slice 283,0,13,15,0.19230769230769232,2.3076923076923075,1.3803352649943355,1,6,2.038159681645953,0.33076923076923076,0.28125,-0.6054313099041533,1,1,1.0,6,3.141025641025641,7,5,2.9654683396794193,0.10033041008227853,15.640274109741032,0,1,0.08333333333333333,0.07692307692307693,6.0,6,6,0,0,1,1.0,0.0,0.3,0.2074610600019985,0.03749965529195526,1,0,1,1.0,3.3333333333333335,6,4,4,13.888817445248913
Garr201201,slice 284,src/graph_reconstruct_attacks/data/vne_instances/Garr201201/slice 284,0,12,13,0.19696969696969696,2.1666666666666665,0.9860132971832692,1,4,1.8553885422075338,0.08333333333333333,0.14285714285714285,-0.3541666666666667,1,1,1.0,7,3.015151515151515,7,5,2.6882769199712238,0.13573607056909148,13.310669611326363,0,3,0.2727272727272727,0.25,1.6666666666666667,1,2,0,0,3,0.5,0.4727272727272727,0.3793103448275862,0.10749670395185562,0.12551711038316352,1,1,3,1.0,2.6363636363636362,5,4,1,10.466105817131357
Garr201201,slice 285,src/graph_reconstruct_attacks/data/vne_instances/Garr201201/slice 285,0,13,17,0.21794871794871795,2.6153846153846154,1.146128032750103,1,4,1.9877733714879842,0.14102564102564102,0.16666666666666666,0.10526315789473732,1,1,1.0,5,2.4358974358974357,4,4,3.2021587785847303,0.32826180891586393,16.797437444658673,0,2,0.16666666666666666,0.15384615384615385,3.5,3,4,0,0,2,0.6666666666666666,0.017676767676767676,0.41379310344827586,0.18666484405370531,0.0592146528610205,2,0,0,1.0,2.4166666666666665,4,3,2,14.428729529828047
Garr201201,slice 286,src/graph_reconstruct_attacks/data/vne_instances/Garr201201/slice 286,0,13,19,0.24358974358974358,2.923076923076923,1.1409536133993328,1,5,2.038159681645953,0.2,0.2,-0.2934272300469474,1,1,1.0,4,2.1153846153846154,1,1,3.3150492081787393,0.6583583259018326,17.82689242399695,0,4,0.3333333333333333,0.3076923076923077,3.0,2,4,0.16666666666666666,1,5,0.5,0.148989898989899,0.5,0.34013311094684523,0.09946287379958073,2,0,0,1.0,2.0,4,4,3,14.428729529828047
Garr201201,slice 287,src/graph_reconstruct_attacks/data/vne_instances/Garr201201/slice 287,0,13,17,0.21794871794871795,2.6153846153846154,1.076923076923077,1,5,1.8810947601100747,0.07948717948717948,0.17142857142857143,0.171794871794872,1,1,1.0,5,2.4615384615384617,1,2,3.2051248344309475,0.3308830567633728,16.797437444658673,0,4,0.3333333333333333,0.3076923076923077,3.5,2,5,0.3333333333333333,2,6,0.6,0.16666666666666666,0.5217391304347826,0.45848943914055773,0.10643093244342454,2,0,0,1.0,1.9166666666666667,3,2,1,13.310669611326363
Garr201201,slice 288,src/graph_reconstruct_attacks/data/vne_instances/Garr201201/slice 288,0,12,17,0.25757575757575757,2.8333333333333335,0.9860132971832694,2,4,0.9798687566511528,0.19444444444444445,0.24324324324324326,0.0285714285714287,1,1,1.0,4,2.1363636363636362,0,0,3.2903231225601264,0.6126116403293957,15.40070080622779,0,2,0.18181818181818182,0.16666666666666666,3.0,2,4,0,0,2,0.6666666666666666,0.09393939393939392,0.4230769230769231,0.15652177079859422,0.06476287728719782,2,0,0,1.0,2.3636363636363638,4,7,6,13.075536031843507
Garr201201,slice 289,src/graph_reconstruct_attacks/data/vne_instances/Garr201201/slice 289,0,10,10,0.2222222222222222,2.0,0.6324555320336759,1,3,1.3709505944546687,0.0,0,-0.11111111111111223,1,1,1.0,6,2.688888888888889,4,4,2.2309942684764525,0.20871215252208017,9.503816179887517,0,3,0.3333333333333333,0.3,2.3333333333333335,2,3,0,0,3,0.5,0.5972222222222222,0.5294117647058824,0.4949108521701546,0.13940311122268034,2,1,1,1.0,1.8888888888888888,3,2,2,6.921565792466024
Garr201201,slice 29,src/graph_reconstruct_attacks/data/vne_instances/Garr201201/slice 29,0,9,10,0.2777777777777778,2.2222222222222223,1.227262335243029,1,4,1.836591668108979,0.14814814814814814,0.15789473684210525,-0.39534883720930364,1,1,1.0,4,2.111111111111111,4,4,2.7816534525312013,0.5587090895875392,8.405153089434915,0,4,0.5,0.4444444444444444,2.5,1,4,0.16666666666666666,1,5,0.5,0.39285714285714285,0.6153846153846154,0.5068834969369912,0.18776387146696574,2,1,1,1.0,1.625,3,2,2,5.576041733441991
Garr201201,slice 290,src/graph_reconstruct_attacks/data/vne_instances/Garr201201/slice 290,0,11,11,0.2,2.0,0.8528028654224418,1,3,1.5726236638951638,0.1515151515151515,0.2,-0.5277777777777756,1,1,1.0,7,3.272727272727273,8,6,2.414213562373096,0.11359984435644592,11.077925645748465,0,3,0.3,0.2727272727272727,2.6666666666666665,2,3,0.3333333333333333,1,4,0.6666666666666666,0.4666666666666667,0.38461538461538464,0.5314211303633148,0.12118688950353934,2,1,1,1.0,2.6,5,4,2,8.333554464492554
Garr201201,slice 291,src/graph_reconstruct_attacks/data/vne_instances/Garr201201/slice 291,0,11,12,0.21818181818181817,2.1818181818181817,0.9359663764533636,1,4,1.867633890971212,0.1515151515151515,0.15789473684210525,-0.512605042016806,1,1,1.0,5,2.4727272727272727,3,2,2.535139973558948,0.3462859453814769,11.642197076187038,0,4,0.4,0.36363636363636365,1.75,1,3,0,0,4,0.4,0.4777777777777778,0.5,0.40470572184892667,0.16530302723937834,2,1,2,1.0,2.0,4,1,1,8.333554464492554
Garr201201,slice 292,src/graph_reconstruct_attacks/data/vne_instances/Garr201201/slice 292,0,13,17,0.21794871794871795,2.6153846153846154,1.2733034890189883,1,5,2.0458416408851736,0.28205128205128205,0.3157894736842105,0.0018939393939382725,1,1,1.0,6,2.717948717948718,4,4,3.3791160107425973,0.18326212655269933,16.797437444658673,0,1,0.08333333333333333,0.07692307692307693,5.0,5,5,0,0,1,1.0,0.0,0.3333333333333333,0.13238532695221691,0.03424337034957538,1,0,1,1.0,3.0,6,2,2,14.932179723270043
Garr201201,slice 293,src/graph_reconstruct_attacks/data/vne_instances/Garr201201/slice 293,0,12,15,0.22727272727272727,2.5,1.6072751268321592,1,6,1.9508257945180885,0.2222222222222222,0.23684210526315788,-0.3948170731707328,1,1,1.0,4,2.227272727272727,5,4,3.326812346478413,0.47586174774415085,14.428729529828047,0,2,0.18181818181818182,0.16666666666666666,4.5,3,6,1.0,1,3,1.0,0.0,0.4230769230769231,0.26514168046220254,0.06566048640806564,2,0,0,1.0,2.3636363636363638,4,1,1,12.161722179459781
Garr201201,slice 294,src/graph_reconstruct_attacks/data/vne_instances/Garr201201/slice 294,0,9,9,0.25,2.0,0.4714045207910317,1,3,0.9864267287308424,0.0,0,-0.05882352941176507,1,1,1.0,6,2.611111111111111,3,3,2.1489611417496346,0.21834654746879878,7.9737893252759235,0,2,0.25,0.2222222222222222,2.5,2,3,0,0,2,0.6666666666666666,0.23214285714285712,0.4444444444444444,0.38525361093522525,0.10670070495633563,2,0,0,1.0,2.25,4,7,7,6.073366374249938
Garr201201,slice 295,src/graph_reconstruct_attacks/data/vne_instances/Garr201201/slice 295,0,8,12,0.42857142857142855,3.0,0.8660254037844386,2,4,1.561278124459133,0.16666666666666666,0.2222222222222222,-0.3333333333333318,1,1,1.0,3,1.6428571428571428,0,0,3.2101841298833715,1.139194146888297,7.483184264445128,0,4,0.5714285714285714,0.5,2.75,2,4,0.16666666666666666,1,5,0.5,0.21428571428571427,0.7,0.4187951830856354,0.16267165172363002,2,0,0,1.0,1.4285714285714286,2,3,2,5.308543071784685
Garr201201,slice 296,src/graph_reconstruct_attacks/data/vne_instances/Garr201201/slice 296,0,11,13,0.23636363636363636,2.3636363636363638,1.067940011315521,1,4,1.9808259362290785,0.13636363636363635,0.125,-0.4969696969696974,1,1,1.0,4,2.309090909090909,3,3,2.7904448918796185,0.43147055524070843,12.161722179459781,0,2,0.2,0.18181818181818182,3.5,3,4,0,0,2,0.6666666666666666,0.14814814814814817,0.45454545454545453,0.2438132528495338,0.07767174633207005,2,0,0,1.0,2.2,4,3,2,10.006491539079562
Garr201201,slice 297,src/graph_reconstruct_attacks/data/vne_instances/Garr201201/slice 297,0,7,6,0.2857142857142857,1.7142857142857142,1.0301575072754254,1,4,1.3787834934861753,0.0,0,-0.49999999999999944,1,1,1.0,4,2.0952380952380953,6,3,2.1357792050698574,0.38196601125010515,4.734511804056966,0,1,0.16666666666666666,0.14285714285714285,4.0,4,4,0,0,1,1.0,0.0,0.46153846153846156,0.30770610470131793,0.08745889863780554,1,0,1,1.0,2.1666666666666665,3,4,4,3.4775553321989814
Garr201201,slice 298,src/graph_reconstruct_attacks/data/vne_instances/Garr201201/slice 298,0,9,9,0.25,2.0,0.6666666666666666,1,3,1.4355205042826666,0.0,0,0.15624999999999944,1,1,1.0,6,2.6666666666666665,5,5,2.3105856435060153,0.20505873861172086,7.9737893252759235,0,2,0.25,0.2222222222222222,2.5,2,3,0,0,2,0.6666666666666666,0.07142857142857142,0.4,0.38605794584816533,0.1041044628771543,2,0,0,1.0,2.5,4,5,5,6.073366374249938
Garr201201,slice 299,src/graph_reconstruct_attacks/data/vne_instances/Garr201201/slice 299,0,11,12,0.21818181818181817,2.1818181818181817,1.0285189544531599,1,4,1.823067982273661,0.0,0,-0.2187499999999992,1,1,1.0,5,2.5454545454545454,4,5,2.6341537209925185,0.299739238655081,11.642197076187038,0,2,0.2,0.18181818181818182,3.0,3,3,0,0,2,0.6666666666666666,0.044444444444444446,0.37037037037037035,0.268528057561073,0.08284432517830795,2,0,0,1.0,2.7,5,2,2,9.503816179887517
Garr201201,slice 3,src/graph_reconstruct_attacks/data/vne_instances/Garr201201/slice 3,0,13,14,0.1794871794871795,2.1538461538461537,0.8634593969478325,1,4,1.7758589482446405,0.0,0,-0.04761904761904754,1,1,1.0,5,2.6794871794871793,4,4,2.5236156237889626,0.29959546747945415,15.010185394812815,0,4,0.3333333333333333,0.3076923076923077,2.5,2,3,0,0,4,0.4,0.5757575757575758,0.5454545454545454,0.5071684265167534,0.1319434117972601,2,1,1,1.0,1.8333333333333333,3,1,1,11.324242418515635
Garr201201,slice 30,src/graph_reconstruct_attacks/data/vne_instances/Garr201201/slice 30,0,13,21,0.2692307692307692,3.230769230769231,1.422557077608225,1,6,2.199687794731328,0.24102564102564103,0.25,-0.2703703703703696,1,1,1.0,4,2.0256410256410255,2,2,3.772037350418956,0.7008249615357547,18.737923138804117,0,3,0.25,0.23076923076923078,4.0,3,6,0.3333333333333333,1,4,0.6666666666666666,0.053030303030303025,0.5,0.22796596050050097,0.0719291483043487,2,0,0,1.0,2.0,3,6,5,15.835624381153007
Garr201201,slice 300,src/graph_reconstruct_attacks/data/vne_instances/Garr201201/slice 300,0,11,13,0.23636363636363636,2.3636363636363638,1.2984415324623362,1,6,1.6858157091530304,0.3151515151515152,0.2222222222222222,-0.2187500000000001,1,1,1.0,4,2.2,3,3,2.995469300345505,0.3625388386031365,12.161722179459781,0,2,0.2,0.18181818181818182,4.5,3,6,1.0,1,3,1.0,0.0,0.47619047619047616,0.32619937579155833,0.07387005341630326,2,0,0,1.0,2.1,3,6,3,10.006491539079562
Garr201201,slice 301,src/graph_reconstruct_attacks/data/vne_instances/Garr201201/slice 301,0,12,17,0.25757575757575757,2.8333333333333335,1.4624940645653537,1,6,2.355388542207534,0.2333333333333333,0.2727272727272727,-0.21602288984263301,1,1,1.0,4,2.1363636363636362,2,2,3.546280057761253,0.5772360182536375,15.40070080622779,0,6,0.5454545454545454,0.5,3.0,1,5,0.26666666666666666,4,10,0.47619047619047616,0.3436363636363637,0.6470588235294118,0.5253429169735964,0.16414992480734536,2,1,1,1.0,1.5454545454545454,3,1,1,11.077925645748465
Garr201201,slice 302,src/graph_reconstruct_attacks/data/vne_instances/Garr201201/slice 302,0,13,17,0.21794871794871795,2.6153846153846154,1.3323467750529825,1,5,2.199687794731328,0.20769230769230768,0.23076923076923078,-0.22302158273381317,1,1,1.0,5,2.3846153846153846,4,4,3.296764348809071,0.4017265769529448,16.797437444658673,0,3,0.25,0.23076923076923078,3.6666666666666665,3,4,0.3333333333333333,1,4,0.6666666666666666,0.06818181818181818,0.42857142857142855,0.3364029003329463,0.08196073124066527,2,0,0,1.0,2.3333333333333335,4,3,1,13.888817445248913
Garr201201,slice 303,src/graph_reconstruct_attacks/data/vne_instances/Garr201201/slice 303,0,13,13,0.16666666666666666,2.0,1.0377490433255416,1,4,1.760495029766198,0.0,0,-0.35545023696682543,1,1,1.0,7,3.1538461538461537,9,7,2.5599508323833917,0.13498495793749138,14.343400073848198,0,1,0.08333333333333333,0.07692307692307693,4.0,4,4,0,0,1,1.0,0.0,0.3076923076923077,0.18753530427039847,0.04142966382469929,1,0,1,1.0,3.25,6,5,5,12.692219203810254
Garr201201,slice 304,src/graph_reconstruct_attacks/data/vne_instances/Garr201201/slice 304,0,12,17,0.25757575757575757,2.8333333333333335,1.2801909579781012,1,5,2.188721875540867,0.3527777777777778,0.2926829268292683,-0.30180180180180227,1,1,1.0,4,2.1363636363636362,2,2,3.3364516864344207,0.4733407670110333,15.40070080622779,0,3,0.2727272727272727,0.25,3.0,2,4,0.3333333333333333,1,4,0.6666666666666666,0.10303030303030301,0.4782608695652174,0.21116483239184197,0.08935220673966356,2,0,0,1.0,2.090909090909091,3,4,3,12.638843434179455
Garr201201,slice 305,src/graph_reconstruct_attacks/data/vne_instances/Garr201201/slice 305,0,13,17,0.21794871794871795,2.6153846153846154,1.2113858267710478,1,6,1.7381493331928664,0.1641025641025641,0.16216216216216217,-0.36348122866894145,1,1,1.0,5,2.371794871794872,2,2,3.1358211260559807,0.4299944920242421,16.797437444658673,0,1,0.08333333333333333,0.07692307692307693,6.0,6,6,0,0,1,1.0,0.0,0.36363636363636365,0.1779540335843034,0.034531749132875655,1,0,1,1.0,2.75,5,2,2,14.932179723270043
Garr201201,slice 306,src/graph_reconstruct_attacks/data/vne_instances/Garr201201/slice 306,0,7,6,0.2857142857142857,1.7142857142857142,0.6998542122237652,1,3,1.4488156357251847,0.0,0,-0.6666666666666661,1,1,1.0,5,2.4761904761904763,6,4,1.9318516525781373,0.22537710049551096,4.734511804056966,0,2,0.3333333333333333,0.2857142857142857,1.5,1,2,0,0,2,0.6666666666666666,0.3333333333333333,0.4,0.2886751345948129,0.1686146734955184,1,1,2,1.0,2.5,4,3,3,3.135132651376774
Garr201201,slice 307,src/graph_reconstruct_attacks/data/vne_instances/Garr201201/slice 307,0,8,7,0.25,1.75,1.299038105676658,1,5,1.2987949406953985,0.0,0,-0.5866666666666678,1,1,1.0,4,2.107142857142857,7,3,2.334414218338976,0.38196601125010504,6.073366374249938,0,2,0.2857142857142857,0.25,3.0,1,5,0,0,2,0.6666666666666666,0.2857142857142857,0.5384615384615384,0.3535533905932738,0.1424703924452039,1,1,2,1.0,1.8571428571428572,3,2,2,4.308543071784685
Garr201201,slice 308,src/graph_reconstruct_attacks/data/vne_instances/Garr201201/slice 308,0,9,8,0.2222222222222222,1.7777777777777777,0.7856742013183862,1,3,1.5304930567574826,0.0,0,-0.23076923076923078,1,1,1.0,5,2.6666666666666665,8,5,2.1191657828874626,0.2216537182617093,7.480873803373035,0,3,0.375,0.3333333333333333,1.6666666666666667,1,3,0,0,3,0.5,0.46428571428571425,0.47058823529411764,0.48079640850885125,0.18056219077501642,1,1,3,1.0,2.125,4,2,2,4.992465147808038
Garr201201,slice 309,src/graph_reconstruct_attacks/data/vne_instances/Garr201201/slice 309,0,12,16,0.24242424242424243,2.6666666666666665,1.247219128924647,1,5,2.188721875540867,0.21944444444444444,0.3333333333333333,-0.19047619047619047,1,1,1.0,6,2.5757575757575757,3,2,3.363091492423131,0.2825350323653346,14.932179723270043,0,3,0.2727272727272727,0.25,4.0,3,5,0.6666666666666666,2,5,0.8333333333333334,0.05454545454545454,0.4583333333333333,0.3747691019033949,0.08494431423836026,2,0,0,1.0,2.1818181818181817,4,4,2,12.161722179459781
Garr201201,slice 31,src/graph_reconstruct_attacks/data/vne_instances/Garr201201/slice 31,0,12,13,0.19696969696969696,2.1666666666666665,0.8975274678557508,1,4,1.8250112108241772,0.13888888888888887,0.15,-0.27067669172932296,1,1,1.0,5,2.621212121212121,4,3,2.5156029201231633,0.266529562237737,13.310669611326363,0,2,0.18181818181818182,0.16666666666666666,2.5,2,3,0,0,2,0.6666666666666666,0.08181818181818182,0.3548387096774194,0.2353308741912097,0.07494948675859743,2,0,0,1.0,2.8181818181818183,5,5,4,11.077925645748465
Garr201201,slice 310,src/graph_reconstruct_attacks/data/vne_instances/Garr201201/slice 310,0,13,14,0.1794871794871795,2.1538461538461537,1.2307692307692306,1,5,2.038159681645953,0.19487179487179487,0.23076923076923078,-0.16666666666666766,1,1,1.0,7,2.948717948717949,9,6,2.968495635982046,0.14723960532733033,15.010185394812815,0,1,0.08333333333333333,0.07692307692307693,5.0,5,5,0,0,1,1.0,0.0,0.34285714285714286,0.18797802541314407,0.03788977460970488,1,0,1,1.0,2.9166666666666665,5,5,5,13.310669611326363
Garr201201,slice 311,src/graph_reconstruct_attacks/data/vne_instances/Garr201201/slice 311,0,13,18,0.23076923076923078,2.769230769230769,1.249852062251686,1,5,2.1619781796795534,0.14358974358974358,0.14285714285714285,-0.5357142857142848,1,1,1.0,4,2.217948717948718,2,1,3.2236892699495465,0.500290525425749,17.32749477456612,0,2,0.16666666666666666,0.15384615384615385,3.0,3,3,0,0,2,0.6666666666666666,0.04292929292929293,0.42857142857142855,0.1708662033249541,0.05775216443700296,2,0,0,1.0,2.3333333333333335,3,4,3,14.932179723270043
Garr201201,slice 312,src/graph_reconstruct_attacks/data/vne_instances/Garr201201/slice 312,0,8,8,0.2857142857142857,2.0,1.0,1,4,1.811278124459133,0.1875,0.25,-0.2222222222222222,1,1,1.0,5,2.2857142857142856,5,4,2.4942697371758626,0.29551192040789775,6.4924956819919135,0,1,0.14285714285714285,0.125,2.0,2,2,0,0,1,1.0,0.0,0.3181818181818182,0.096901943646665,0.07448534024369066,1,0,1,1.0,3.142857142857143,5,3,3,5.065505023098389
Garr201201,slice 313,src/graph_reconstruct_attacks/data/vne_instances/Garr201201/slice 313,0,13,16,0.20512820512820512,2.4615384615384617,1.08240363688233,1,5,1.9877733714879842,0.26666666666666666,0.2903225806451613,-0.1396011396011396,1,1,1.0,6,3.0,5,4,3.112797101394712,0.11885923491696722,16.2354946765387,0,1,0.08333333333333333,0.07692307692307693,3.0,3,3,0,0,1,1.0,0.0,0.23529411764705882,0.006574102277370168,0.04585402740823883,1,0,1,1.0,4.25,6,2,2,14.428729529828047
Garr201201,slice 314,src/graph_reconstruct_attacks/data/vne_instances/Garr201201/slice 314,0,12,12,0.18181818181818182,2.0,0.816496580927726,1,3,1.584962500721156,0.0,0,-0.6499999999999977,1,1,1.0,7,3.106060606060606,6,5,2.279166327162781,0.14464516306011338,12.692219203810254,0,2,0.18181818181818182,0.16666666666666666,3.0,3,3,0,0,2,0.6666666666666666,0.2909090909090909,0.4074074074074074,0.3608356175873586,0.07878170739140708,2,0,0,1.0,2.4545454545454546,4,4,4,10.466105817131357
Garr201201,slice 315,src/graph_reconstruct_attacks/data/vne_instances/Garr201201/slice 315,0,11,12,0.21818181818181817,2.1818181818181817,1.1134044285378082,1,4,1.9362600275315274,0.1212121212121212,0.14285714285714285,-0.4035087719298262,1,1,1.0,6,2.727272727272727,6,5,2.7617356804492195,0.176978344830411,11.642197076187038,0,4,0.4,0.36363636363636365,2.5,1,4,0.16666666666666666,1,5,0.5,0.35555555555555557,0.47619047619047616,0.5132480366451385,0.15051602730687144,2,1,1,1.0,2.1,4,2,2,8.333554464492554
Garr201201,slice 316,src/graph_reconstruct_attacks/data/vne_instances/Garr201201/slice 316,0,7,7,0.3333333333333333,2.0,1.0690449676496976,1,4,1.8423709931771084,0.0,0,-0.6065573770491793,1,1,1.0,3,1.9047619047619047,3,2,2.376078978288516,0.5857864376269051,5.065505023098389,0,3,0.5,0.42857142857142855,2.3333333333333335,1,4,0,0,3,0.5,0.43333333333333335,0.6666666666666666,0.4792293245425806,0.2070904927688498,2,1,1,1.0,1.5,2,1,1,3.135132651376774
Garr201201,slice 317,src/graph_reconstruct_attacks/data/vne_instances/Garr201201/slice 317,0,8,8,0.2857142857142857,2.0,1.0,1,4,1.811278124459133,0.1875,0.25,-0.4444444444444444,1,1,1.0,5,2.392857142857143,5,4,2.4728339089952556,0.23844281816810978,6.4924956819919135,0,4,0.5714285714285714,0.5,1.75,1,3,0.16666666666666666,1,5,0.5,0.5238095238095237,0.5384615384615384,0.5794226406104335,0.23314463094955362,2,1,2,1.0,1.8571428571428572,4,1,1,3.7770641547424297
Garr201201,slice 318,src/graph_reconstruct_attacks/data/vne_instances/Garr201201/slice 318,0,11,14,0.2545454545454545,2.5454545454545454,1.3726971700492272,1,5,2.1180782093497093,0.2545454545454545,0.375,-0.3725490196078422,1,1,1.0,4,2.2181818181818183,4,3,3.3139542333940843,0.4190691748772981,12.638843434179455,0,1,0.1,0.09090909090909091,4.0,4,4,0,0,1,1.0,0.0,0.38461538461538464,0.06920267662504556,0.04591086043312384,1,0,1,1.0,2.6,4,4,4,10.86335979764525
Garr201201,slice 319,src/graph_reconstruct_attacks/data/vne_instances/Garr201201/slice 319,0,12,16,0.24242424242424243,2.6666666666666665,1.1055415967851332,1,5,2.054585169337799,0.2722222222222222,0.2647058823529412,-0.17333333333333334,1,1,1.0,6,2.5454545454545454,2,4,3.1315778111742625,0.2679491924311236,14.932179723270043,0,3,0.2727272727272727,0.25,2.6666666666666665,2,4,0,0,3,0.5,0.08181818181818182,0.4074074074074074,0.2789501282345243,0.09068708110577717,2,0,0,1.0,2.4545454545454546,5,5,1,12.161722179459781
Garr201201,slice 32,src/graph_reconstruct_attacks/data/vne_instances/Garr201201/slice 32,0,13,17,0.21794871794871795,2.6153846153846154,1.002954216185023,1,4,1.6691803368667308,0.17948717948717946,0.17647058823529413,-0.18181818181818285,1,1,1.0,5,2.448717948717949,3,3,3.012812661996023,0.39832086811684575,16.797437444658673,0,1,0.08333333333333333,0.07692307692307693,3.0,3,3,0,0,1,1.0,0.0,0.2926829268292683,0.0828555871130289,0.03731722750816945,1,0,1,1.0,3.4166666666666665,5,3,3,14.932179723270043
Garr201201,slice 320,src/graph_reconstruct_attacks/data/vne_instances/Garr201201/slice 320,0,7,6,0.2857142857142857,1.7142857142857142,0.45175395145262565,1,2,0.863120568566631,0.0,0,-0.19999999999999687,1,1,1.0,6,2.6666666666666665,6,5,1.847759065022574,0.19806226419516135,4.734511804056966,0,2,0.3333333333333333,0.2857142857142857,2.0,2,2,0,0,2,0.6666666666666666,0.5333333333333333,0.46153846153846156,0.4619397662556433,0.1598802032906487,1,1,2,1.0,2.1666666666666665,4,5,5,3.135132651376774
Garr201201,slice 321,src/graph_reconstruct_attacks/data/vne_instances/Garr201201/slice 321,0,11,12,0.21818181818181817,2.1818181818181817,1.1134044285378082,1,4,1.9362600275315274,0.07575757575757575,0.14285714285714285,-0.19298245614035095,1,1,1.0,5,2.5454545454545454,5,5,2.741066753596362,0.25157391791842376,11.642197076187038,0,1,0.1,0.09090909090909091,4.0,4,4,0,0,1,1.0,0.0,0.3448275862068966,0.14255408919772874,0.048083948703890045,1,0,1,1.0,2.9,5,4,4,10.006491539079562
Garr201201,slice 322,src/graph_reconstruct_attacks/data/vne_instances/Garr201201/slice 322,0,8,7,0.25,1.75,0.6614378277661477,1,3,1.4056390622295665,0.0,0,-0.6666666666666642,1,1,1.0,6,2.8214285714285716,7,5,1.9498558243636472,0.16671700823775654,6.073366374249938,0,2,0.2857142857142857,0.25,1.5,1,2,0,0,2,0.6666666666666666,0.2857142857142857,0.3333333333333333,0.23192061392433014,0.146335699838552,1,1,2,1.0,3.0,5,4,4,4.308543071784685
Garr201201,slice 323,src/graph_reconstruct_attacks/data/vne_instances/Garr201201/slice 323,0,11,13,0.23636363636363636,2.3636363636363638,0.8813963377120598,1,4,1.823067982273661,0.3484848484848485,0.2727272727272727,-0.25438596491228066,1,1,1.0,4,2.381818181818182,2,3,2.6484401402261613,0.41261205765454045,12.161722179459781,0,1,0.1,0.09090909090909091,3.0,3,3,0,0,1,1.0,0.0,0.35714285714285715,0.13738368110685029,0.046177427671836316,1,0,1,1.0,2.8,4,2,2,10.458789210074194
Garr201201,slice 324,src/graph_reconstruct_attacks/data/vne_instances/Garr201201/slice 324,0,13,18,0.23076923076923078,2.769230769230769,1.1200169060431566,1,5,1.9877733714879842,0.14358974358974358,0.15,-0.08173076923077138,1,1,1.0,5,2.3461538461538463,2,2,3.268548098845915,0.3284658990055551,17.32749477456612,0,3,0.25,0.23076923076923078,4.333333333333333,4,5,0.3333333333333333,1,4,0.6666666666666666,0.11616161616161617,0.5217391304347826,0.3576960783133786,0.07824403545590708,2,0,0,1.0,1.9166666666666667,3,2,1,14.428729529828047
Garr201201,slice 325,src/graph_reconstruct_attacks/data/vne_instances/Garr201201/slice 325,0,10,11,0.24444444444444444,2.2,0.8717797887081347,1,4,1.7609640474436812,0.0,0,-0.37499999999999944,1,1,1.0,5,2.2888888888888888,3,3,2.501192435105972,0.34402364888100223,10.006491539079562,0,2,0.2222222222222222,0.2,3.5,3,4,0,0,2,0.6666666666666666,0.19444444444444442,0.5,0.33361454444871574,0.08938740348548475,2,0,0,1.0,2.0,3,5,5,7.9737893252759235
Garr201201,slice 326,src/graph_reconstruct_attacks/data/vne_instances/Garr201201/slice 326,0,11,11,0.2,2.0,1.1281521496355325,1,4,1.789929075309999,0.19696969696969696,0.16666666666666666,-0.47953216374268987,1,1,1.0,5,2.6363636363636362,8,4,2.5037946682914214,0.17685695193591452,11.077925645748465,0,1,0.1,0.09090909090909091,4.0,4,4,0,0,1,1.0,0.0,0.3333333333333333,0.21768593886200202,0.048160554744894404,1,0,1,1.0,3.0,5,5,5,9.503816179887517
Garr201201,slice 327,src/graph_reconstruct_attacks/data/vne_instances/Garr201201/slice 327,0,11,16,0.2909090909090909,2.909090909090909,1.3787046261911908,1,6,2.004886164091843,0.34848484848484845,0.2926829268292683,-0.2915980230642504,1,1,1.0,5,2.0727272727272728,1,1,3.4786134969941074,0.49224367006136793,13.473476040515532,0,3,0.3,0.2727272727272727,4.0,3,6,0.3333333333333333,1,4,0.6666666666666666,0.1037037037037037,0.5555555555555556,0.31011682191579004,0.09070403889854566,2,0,0,1.0,1.8,3,4,4,10.86335979764525
Garr201201,slice 328,src/graph_reconstruct_attacks/data/vne_instances/Garr201201/slice 328,0,13,14,0.1794871794871795,2.1538461538461537,0.6617173282340483,1,3,1.419556298571613,0.07692307692307693,0.15789473684210525,0.23287671232876692,1,1,1.0,8,3.217948717948718,5,5,2.521164557435138,0.14737389257079553,15.010185394812815,0,3,0.25,0.23076923076923078,2.0,2,2,0,0,3,0.5,0.4772727272727273,0.4,0.20734051143747295,0.10294758147280064,2,1,1,1.0,2.5,5,4,1,12.031037760363619
Garr201201,slice 329,src/graph_reconstruct_attacks/data/vne_instances/Garr201201/slice 329,0,12,17,0.25757575757575757,2.8333333333333335,1.2133516482134197,1,6,1.9508257945180887,0.2111111111111111,0.225,-0.24686940966010829,1,1,1.0,5,2.1818181818181817,1,1,3.4028531877297077,0.4294313283793418,15.40070080622779,0,4,0.36363636363636365,0.3333333333333333,3.5,2,6,0.3333333333333333,2,6,0.6,0.08484848484848485,0.5,0.42547807935373705,0.10692866086387799,2,0,0,1.0,2.0,4,1,1,12.161722179459781
Garr201201,slice 33,src/graph_reconstruct_attacks/data/vne_instances/Garr201201/slice 33,0,12,14,0.21212121212121213,2.3333333333333335,1.1055415967851332,1,5,1.855388542207534,0.0,0,-0.4710144927536242,1,1,1.0,5,2.5,3,3,2.7974025173501635,0.337097467813569,13.888817445248913,0,1,0.09090909090909091,0.08333333333333333,5.0,5,5,0,0,1,1.0,0.0,0.3548387096774194,0.190013586855952,0.04037255158363452,1,0,1,1.0,2.8181818181818183,5,3,3,12.161722179459781
Garr201201,slice 330,src/graph_reconstruct_attacks/data/vne_instances/Garr201201/slice 330,0,13,17,0.21794871794871795,2.6153846153846154,1.2733034890189885,1,5,2.199687794731328,0.07948717948717948,0.15789473684210525,-0.1173708920187806,1,1,1.0,5,2.4615384615384617,3,3,3.312834401511666,0.35493190147638737,16.797437444658673,0,1,0.08333333333333333,0.07692307692307693,3.0,3,3,0,0,1,1.0,0.0,0.2926829268292683,0.06614245627016786,0.03760145584432376,1,0,1,1.0,3.4166666666666665,5,3,3,14.932179723270043
Garr201201,slice 331,src/graph_reconstruct_attacks/data/vne_instances/Garr201201/slice 331,0,13,15,0.19230769230769232,2.3076923076923075,0.7216024245882199,1,3,1.4604846813131116,0.0,0,-0.046511627906977375,1,1,1.0,5,2.6153846153846154,3,3,2.564610562504055,0.2861593862561679,15.640274109741032,0,2,0.16666666666666666,0.15384615384615385,2.0,1,3,0,0,2,0.6666666666666666,0.16666666666666669,0.35294117647058826,0.1558419678933863,0.0768012055430333,1,1,2,1.0,2.8333333333333335,4,5,5,13.310669611326363
Garr201201,slice 332,src/graph_reconstruct_attacks/data/vne_instances/Garr201201/slice 332,0,13,13,0.16666666666666666,2.0,1.0377490433255416,1,4,1.760495029766198,0.11538461538461539,0.15,-0.1706161137440766,1,1,1.0,7,3.1025641025641026,10,7,2.5964125978201382,0.13171555485502054,14.343400073848198,0,2,0.16666666666666666,0.15384615384615385,3.5,3,4,1.0,1,3,1.0,0.0,0.3333333333333333,0.3746757208871487,0.07042614465438918,2,0,0,1.0,3.0,6,5,1,12.031037760363619
Garr201201,slice 333,src/graph_reconstruct_attacks/data/vne_instances/Garr201201/slice 333,0,12,16,0.24242424242424243,2.6666666666666665,1.5456030825826172,1,7,2.054585169337799,0.40079365079365076,0.2926829268292683,-0.4046417759838547,1,1,1.0,4,2.1363636363636362,2,1,3.3541933202603698,0.5466692740050365,14.932179723270043,0,2,0.18181818181818182,0.16666666666666666,2.5,2,3,0,0,2,0.6666666666666666,0.07878787878787878,0.4230769230769231,0.11115665865769243,0.06780251766283503,2,0,0,1.0,2.3636363636363638,3,5,2,12.638843434179455
Garr201201,slice 334,src/graph_reconstruct_attacks/data/vne_instances/Garr201201/slice 334,0,12,13,0.19696969696969696,2.1666666666666665,1.2133516482134197,1,5,1.7841591278514217,0.0,0,-0.521276595744681,1,1,1.0,4,2.4545454545454546,5,3,2.695328650576292,0.3644653239790315,13.310669611326363,0,3,0.2727272727272727,0.25,2.3333333333333335,1,3,0,0,3,0.5,0.20909090909090908,0.4583333333333333,0.35159148210688207,0.11090090660475047,2,1,1,1.0,2.1818181818181817,3,4,4,10.466105817131357
Garr201201,slice 335,src/graph_reconstruct_attacks/data/vne_instances/Garr201201/slice 335,0,9,13,0.3611111111111111,2.888888888888889,1.6629588385661962,1,6,1.7527152789797045,0.3888888888888889,0.4864864864864865,-0.2762557077625572,1,1,1.0,4,1.9166666666666667,3,3,3.7448260776819238,0.5857864376269047,9.36376040427669,0,1,0.125,0.1111111111111111,3.0,3,3,0,0,1,1.0,0.0,0.38095238095238093,0.078288744248825,0.050852505128970854,1,0,1,1.0,2.625,4,3,3,7.483184264445128
Garr201201,slice 336,src/graph_reconstruct_attacks/data/vne_instances/Garr201201/slice 336,0,10,10,0.2222222222222222,2.0,0.7745966692414834,1,3,1.5709505944546684,0.0,0,-0.5686274509803901,1,1,1.0,6,2.6666666666666665,4,3,2.23606797749979,0.22993129489181502,9.503816179887517,0,1,0.1111111111111111,0.1,3.0,3,3,0,0,1,1.0,0.0,0.3,0.15811388300841875,0.05889430420796475,1,0,1,1.0,3.3333333333333335,6,3,3,7.9737893252759235
Garr201201,slice 337,src/graph_reconstruct_attacks/data/vne_instances/Garr201201/slice 337,0,7,6,0.2857142857142857,1.7142857142857142,0.6998542122237652,1,3,1.4488156357251847,0.0,0,-0.6666666666666661,1,1,1.0,5,2.4761904761904763,6,4,1.9318516525781364,0.22537710049551044,4.734511804056966,0,1,0.16666666666666666,0.14285714285714285,3.0,3,3,0,0,1,1.0,0.0,0.35294117647058826,0.2886751345948129,0.0897061916159101,1,0,1,1.0,2.8333333333333335,5,3,3,3.4775553321989814
Garr201201,slice 338,src/graph_reconstruct_attacks/data/vne_instances/Garr201201/slice 338,0,9,9,0.25,2.0,0.6666666666666666,1,3,1.4355205042826666,0.0,0,-0.1249999999999988,1,1,1.0,5,2.388888888888889,3,3,2.2215832939527678,0.32738027160888755,7.9737893252759235,0,3,0.375,0.3333333333333333,2.3333333333333335,2,3,0,0,3,0.5,0.5535714285714285,0.5714285714285714,0.49515019024233314,0.15822520115587613,2,1,1,1.0,1.75,3,2,2,5.576041733441991
Garr201201,slice 339,src/graph_reconstruct_attacks/data/vne_instances/Garr201201/slice 339,0,12,14,0.21212121212121213,2.3333333333333335,0.9428090415820632,1,4,1.7924812503605778,0.0,0,-0.16666666666666755,1,1,1.0,5,2.393939393939394,2,2,2.7037839071880976,0.3989633065333788,13.888817445248913,0,2,0.18181818181818182,0.16666666666666666,2.5,2,3,0,0,2,0.6666666666666666,0.0606060606060606,0.36666666666666664,0.18908324751313285,0.07285588017286083,2,0,0,1.0,2.727272727272727,5,6,6,11.642197076187038
Garr201201,slice 34,src/graph_reconstruct_attacks/data/vne_instances/Garr201201/slice 34,0,13,18,0.23076923076923078,2.769230769230769,1.186711432349347,1,5,2.199687794731328,0.14358974358974358,0.21951219512195122,0.11547911547911427,1,1,1.0,6,2.5,4,4,3.4412470787618887,0.21450667041317642,17.32749477456612,0,5,0.4166666666666667,0.38461538461538464,3.0,2,4,0.2,2,7,0.4666666666666667,0.4974747474747474,0.5714285714285714,0.43220606074911405,0.12729751816865295,2,1,1,1.0,1.75,3,1,1,13.310669611326363
Garr201201,slice 340,src/graph_reconstruct_attacks/data/vne_instances/Garr201201/slice 340,0,13,15,0.19230769230769232,2.3076923076923075,1.5384615384615383,1,6,2.045841640885174,0.09999999999999999,0.17142857142857143,-0.3153846153846161,1,1,1.0,5,2.4871794871794872,8,4,3.234567747729985,0.20848235492568667,15.640274109741032,0,2,0.16666666666666666,0.15384615384615385,2.5,1,4,0,0,2,0.6666666666666666,0.16666666666666669,0.3870967741935484,0.08302568285537455,0.08079333586039225,1,1,2,1.0,2.5833333333333335,4,2,2,13.310669611326363
Garr201201,slice 341,src/graph_reconstruct_attacks/data/vne_instances/Garr201201/slice 341,0,13,14,0.1794871794871795,2.1538461538461537,0.8634593969478326,1,3,1.5262349099495227,0.1282051282051282,0.14285714285714285,-0.4666666666666709,1,1,1.0,6,2.8846153846153846,5,4,2.5020031851144338,0.20144293971053798,15.010185394812815,0,3,0.25,0.23076923076923078,2.6666666666666665,2,3,0,0,3,0.5,0.5,0.46153846153846156,0.3694500121328179,0.10131487355708954,2,1,1,1.0,2.1666666666666665,4,6,4,12.031037760363619
Garr201201,slice 342,src/graph_reconstruct_attacks/data/vne_instances/Garr201201/slice 342,0,12,13,0.19696969696969696,2.1666666666666665,1.2801909579781015,1,6,1.5510981710072647,0.17222222222222225,0.12,-0.20231213872832346,1,1,1.0,5,2.5454545454545454,6,5,2.87253571393505,0.22802733236271003,13.310669611326363,0,3,0.2727272727272727,0.25,3.0,1,6,0,0,3,0.5,0.2545454545454545,0.4782608695652174,0.33147666558975997,0.11073207568686866,2,1,1,1.0,2.090909090909091,4,1,1,10.466105817131357
Garr201201,slice 343,src/graph_reconstruct_attacks/data/vne_instances/Garr201201/slice 343,0,12,12,0.18181818181818182,2.0,1.224744871391589,1,5,1.7295739585136223,0.11944444444444445,0.14285714285714285,-0.3763440860215043,1,1,1.0,6,2.772727272727273,9,5,2.672181905094522,0.15550374286792312,12.692219203810254,0,1,0.09090909090909091,0.08333333333333333,2.0,2,2,0,0,1,1.0,0.0,0.2558139534883721,0.0298423640615324,0.05182245544548725,1,0,1,1.0,3.909090909090909,6,6,6,11.077925645748465
Garr201201,slice 344,src/graph_reconstruct_attacks/data/vne_instances/Garr201201/slice 344,0,12,16,0.24242424242424243,2.6666666666666665,1.3743685418725535,1,5,2.1258145836939115,0.036111111111111115,0.07894736842105263,-0.23076923076923078,1,1,1.0,4,2.1818181818181817,4,4,3.304872184611509,0.5627352184885922,14.932179723270043,0,3,0.2727272727272727,0.25,4.0,3,5,0,0,3,0.5,0.07212121212121211,0.5,0.3321762343328129,0.08817237272236665,2,0,0,1.0,2.0,3,3,3,12.161722179459781
Garr201201,slice 345,src/graph_reconstruct_attacks/data/vne_instances/Garr201201/slice 345,0,10,12,0.26666666666666666,2.4,1.019803902718557,1,5,1.5709505944546687,0.14333333333333334,0.13636363636363635,-0.18867924528301977,1,1,1.0,4,2.1777777777777776,1,2,2.808117305264889,0.3994269633520723,10.458789210074194,0,5,0.5555555555555556,0.5,2.4,2,3,0.1,1,6,0.4,0.6527777777777778,0.6923076923076923,0.5775312800685654,0.1912783665699734,2,1,0,1.0,1.4444444444444444,2,1,1,6.921565792466024
Garr201201,slice 346,src/graph_reconstruct_attacks/data/vne_instances/Garr201201/slice 346,0,11,13,0.23636363636363636,2.3636363636363638,1.0679400113155209,1,4,1.9808259362290785,0.13636363636363635,0.25,-0.10303030303030304,1,1,1.0,6,2.581818181818182,4,3,2.94496155478698,0.25251551277153694,12.161722179459781,0,1,0.1,0.09090909090909091,2.0,2,2,0,0,1,1.0,0.0,0.2631578947368421,0.028290176658357973,0.052175725969814804,1,0,1,1.0,3.8,6,3,3,10.458789210074194
Garr201201,slice 347,src/graph_reconstruct_attacks/data/vne_instances/Garr201201/slice 347,0,9,11,0.3055555555555556,2.4444444444444446,0.8314794192830981,1,4,1.7527152789797045,0.09259259259259259,0.15789473684210525,0.16455696202531667,1,1,1.0,5,2.2222222222222223,2,2,2.8029789275199657,0.32772485640503535,8.778733752247508,0,2,0.25,0.2222222222222222,3.0,3,3,0,0,2,0.6666666666666666,0.029761904761904757,0.4444444444444444,0.2870436862017437,0.08951114312544917,2,0,0,1.0,2.25,4,4,4,6.839283168216569
Garr201201,slice 348,src/graph_reconstruct_attacks/data/vne_instances/Garr201201/slice 348,0,13,14,0.1794871794871795,2.1538461538461537,0.6617173282340483,1,3,1.419556298571613,0.1794871794871795,0.15789473684210525,-0.5342465753424688,1,1,1.0,7,3.3461538461538463,5,6,2.314773429072855,0.10994548822986304,15.010185394812815,0,2,0.16666666666666666,0.15384615384615385,2.5,2,3,0,0,2,0.6666666666666666,0.10606060606060606,0.3157894736842105,0.24349432205968619,0.07319346030031294,2,0,0,1.0,3.1666666666666665,6,7,5,12.692219203810254
Garr201201,slice 349,src/graph_reconstruct_attacks/data/vne_instances/Garr201201/slice 349,0,13,16,0.20512820512820512,2.4615384615384617,1.2779421327566267,1,5,2.199687794731328,0.16923076923076924,0.17647058823529413,-0.25252525252525254,1,1,1.0,6,2.6153846153846154,5,3,3.1363247613573897,0.2438190539185916,16.2354946765387,0,2,0.16666666666666666,0.15384615384615385,2.5,1,4,0,0,2,0.6666666666666666,0.16666666666666669,0.35294117647058826,0.10613767637916142,0.07527938400770935,1,1,2,1.0,2.8333333333333335,5,3,2,13.888817445248913
Garr201201,slice 35,src/graph_reconstruct_attacks/data/vne_instances/Garr201201/slice 35,0,8,9,0.32142857142857145,2.25,1.1989578808281798,1,4,1.9056390622295665,0.2708333333333333,0.35294117647058826,-0.26168224299065423,1,1,1.0,4,2.0714285714285716,4,3,2.8439355807718227,0.38620149357832056,6.839283168216569,0,2,0.2857142857142857,0.25,3.5,3,4,1.0,1,3,1.0,0.0,0.4375,0.35942393699753233,0.10554578447633928,2,0,0,1.0,2.2857142857142856,4,2,1,5.065505023098389
Garr201201,slice 350,src/graph_reconstruct_attacks/data/vne_instances/Garr201201/slice 350,0,13,18,0.23076923076923078,2.769230769230769,1.2498520622516862,1,6,1.9877733714879842,0.23333333333333334,0.21428571428571427,-0.027027027027026262,1,1,1.0,5,2.3461538461538463,2,2,3.415112544200734,0.2952357870656792,17.32749477456612,0,6,0.5,0.46153846153846156,3.0,2,4,0.2,3,9,0.42857142857142855,0.505050505050505,0.631578947368421,0.5317916399284387,0.14901315977020543,2,0,0,1.0,1.5833333333333333,3,1,1,12.692219203810254
Garr201201,slice 351,src/graph_reconstruct_attacks/data/vne_instances/Garr201201/slice 351,0,10,11,0.24444444444444444,2.2,1.16619037896906,1,5,1.8464393446710154,0.37666666666666665,0.3,-0.3749999999999993,1,1,1.0,5,2.4,5,4,2.7185333249861157,0.2504371040697509,10.006491539079562,0,1,0.1111111111111111,0.1,5.0,5,5,0,0,1,1.0,0.0,0.4090909090909091,0.21348831402358068,0.051218489570980075,1,0,1,1.0,2.4444444444444446,4,3,3,8.405153089434915
Garr201201,slice 352,src/graph_reconstruct_attacks/data/vne_instances/Garr201201/slice 352,0,13,15,0.19230769230769232,2.3076923076923075,1.5384615384615383,1,6,2.0381596816459533,0.25384615384615383,0.2571428571428571,-0.29729729729729776,1,1,1.0,5,2.5384615384615383,7,5,3.224349269675296,0.2033569009298847,15.640274109741032,0,2,0.16666666666666666,0.15384615384615385,1.5,1,2,0,0,2,0.6666666666666666,0.16666666666666669,0.3333333333333333,0.04811562371476668,0.08275682202035559,1,1,2,1.0,3.0,4,4,2,13.310669611326363
Garr201201,slice 353,src/graph_reconstruct_attacks/data/vne_instances/Garr201201/slice 353,0,13,18,0.23076923076923078,2.769230769230769,1.309952797378954,1,5,2.199687794731328,0.1282051282051282,0.20930232558139536,-0.44164759725400543,1,1,1.0,4,2.217948717948718,3,2,3.367851760366706,0.5236785843480035,17.32749477456612,0,5,0.4166666666666667,0.38461538461538464,2.0,1,3,0,0,5,0.3333333333333333,0.3964646464646465,0.5714285714285714,0.27374287504221023,0.14328059682684813,2,1,2,1.0,1.75,3,1,1,13.310669611326363
Garr201201,slice 354,src/graph_reconstruct_attacks/data/vne_instances/Garr201201/slice 354,0,13,19,0.24358974358974358,2.923076923076923,0.9970370305242862,1,4,1.8262452584026092,0.20512820512820512,0.13953488372093023,-0.43010752688171894,1,1,1.0,5,2.1794871794871793,1,1,3.245785034986486,0.5770476457377353,17.82689242399695,0,2,0.16666666666666666,0.15384615384615385,4.0,4,4,1.0,1,3,1.0,0.0,0.3870967741935484,0.2414725263611641,0.053341409002459234,2,0,0,1.0,2.5833333333333335,5,4,2,15.40070080622779
Garr201201,slice 355,src/graph_reconstruct_attacks/data/vne_instances/Garr201201/slice 355,0,8,10,0.35714285714285715,2.5,1.4142135623730951,1,5,2.1556390622295662,0.32916666666666666,0.391304347826087,-0.4364640883977914,1,1,1.0,4,1.8928571428571428,3,3,3.1488424958438186,0.5952607467674225,7.118036769169399,0,1,0.14285714285714285,0.125,4.0,4,4,0,0,1,1.0,0.0,0.4117647058823529,0.14700260995733516,0.05952928584946739,1,0,1,1.0,2.4285714285714284,4,3,3,5.468243914652199
Garr201201,slice 356,src/graph_reconstruct_attacks/data/vne_instances/Garr201201/slice 356,0,13,15,0.19230769230769232,2.3076923076923075,1.2015768732164083,1,4,1.9220231428515733,0.05128205128205128,0.10344827586206896,-0.3382899628252799,1,1,1.0,5,2.576923076923077,5,4,2.9079532566625796,0.30220375720410564,15.640274109741032,0,1,0.08333333333333333,0.07692307692307693,4.0,4,4,0,0,1,1.0,0.0,0.3157894736842105,0.08153533991276633,0.04068587408868189,1,0,1,1.0,3.1666666666666665,5,5,5,13.888817445248913
Garr201201,slice 357,src/graph_reconstruct_attacks/data/vne_instances/Garr201201/slice 357,0,12,15,0.22727272727272727,2.5,0.9574271077563381,1,4,1.9182958340544893,0.125,0.10714285714285714,-0.10795454545454293,1,1,1.0,6,2.5454545454545454,2,3,2.9107226416789307,0.2769217369865609,14.428729529828047,0,2,0.18181818181818182,0.16666666666666666,3.5,3,4,0,0,2,0.6666666666666666,0.01212121212121212,0.39285714285714285,0.28085940545218396,0.06489054865227635,2,0,0,1.0,2.5454545454545454,4,4,3,12.161722179459781
Garr201201,slice 358,src/graph_reconstruct_attacks/data/vne_instances/Garr201201/slice 358,0,9,9,0.25,2.0,1.1547005383792515,1,4,1.5304930567574824,0.0,0,-0.7142857142857144,1,1,1.0,5,2.388888888888889,5,3,2.4699052584685064,0.31442854304191414,7.9737893252759235,0,2,0.25,0.2222222222222222,4.0,4,4,0,0,2,0.6666666666666666,0.21428571428571427,0.5333333333333333,0.40073299478347457,0.10587956602379439,2,0,0,1.0,1.875,3,3,3,6.073366374249938
Garr201201,slice 359,src/graph_reconstruct_attacks/data/vne_instances/Garr201201/slice 359,0,13,14,0.1794871794871795,2.1538461538461537,1.0986812966989,1,4,1.922023142851573,0.0,0,-0.3243243243243233,1,1,1.0,6,2.871794871794872,7,5,2.706837038633623,0.15890822038993996,15.010185394812815,0,3,0.25,0.23076923076923078,2.6666666666666665,1,4,0,0,3,0.5,0.2424242424242424,0.42857142857142855,0.3657675048391644,0.1012827750270227,2,1,1,1.0,2.3333333333333335,4,3,3,12.031037760363619
Garr201201,slice 36,src/graph_reconstruct_attacks/data/vne_instances/Garr201201/slice 36,0,10,12,0.26666666666666666,2.4,1.624807680927192,1,6,1.6854752972273346,0.16666666666666666,0.2,-0.8055555555555544,1,1,1.0,4,2.111111111111111,5,2,3.125459014007087,0.4515711954202441,10.458789210074194,0,3,0.3333333333333333,0.3,4.333333333333333,3,6,0.3333333333333333,1,4,0.6666666666666666,0.20833333333333331,0.6,0.41314933828589295,0.11523706485078522,2,0,0,1.0,1.6666666666666667,2,3,2,7.9737893252759235
Garr201201,slice 360,src/graph_reconstruct_attacks/data/vne_instances/Garr201201/slice 360,0,12,14,0.21212121212121213,2.3333333333333335,1.0274023338281628,1,4,1.9591479170272446,0.06944444444444443,0.12,0.026737967914439005,1,1,1.0,7,2.787878787878788,6,6,2.927565765910466,0.19987351629036193,13.888817445248913,0,4,0.36363636363636365,0.3333333333333333,2.5,2,3,0,0,4,0.4,0.5,0.5,0.4146878377520312,0.12986180055587754,2,1,1,1.0,2.0,4,2,1,10.466105817131357
Garr201201,slice 361,src/graph_reconstruct_attacks/data/vne_instances/Garr201201/slice 361,0,11,14,0.2545454545454545,2.5454545454545454,1.3726971700492272,1,5,1.9808259362290785,0.06969696969696969,0.09375,-0.6153846153846143,1,1,1.0,5,2.1454545454545455,3,3,3.1089251118754055,0.5096743985391492,12.638843434179455,0,2,0.2,0.18181818181818182,5.0,5,5,0,0,2,0.6666666666666666,0.05185185185185185,0.5,0.2936894050021873,0.07103692661755173,2,0,0,1.0,2.0,3,3,3,10.458789210074194
Garr201201,slice 362,src/graph_reconstruct_attacks/data/vne_instances/Garr201201/slice 362,0,11,12,0.21818181818181817,2.1818181818181817,0.9359663764533637,1,4,1.867633890971212,0.07575757575757575,0.15789473684210525,-0.2100840336134443,1,1,1.0,7,2.7818181818181817,5,4,2.6560135761888994,0.19385207724898215,11.642197076187038,0,3,0.3,0.2727272727272727,1.6666666666666667,1,2,0,0,3,0.5,0.22222222222222224,0.3448275862068966,0.23068101063831134,0.12329210268159857,2,1,1,1.0,2.9,6,3,1,8.947513679120226
Garr201201,slice 363,src/graph_reconstruct_attacks/data/vne_instances/Garr201201/slice 363,0,13,19,0.24358974358974358,2.923076923076923,1.5423028965971861,1,6,2.449311833026446,0.31794871794871793,0.28846153846153844,-0.3674242424242431,1,1,1.0,5,2.2564102564102564,3,3,3.6017683256399695,0.4515891843249346,17.82689242399695,0,1,0.08333333333333333,0.07692307692307693,6.0,6,6,0,0,1,1.0,0.0,0.4,0.131246779680123,0.032936301723818937,1,0,1,1.0,2.5,4,3,3,15.835624381153007
Garr201201,slice 364,src/graph_reconstruct_attacks/data/vne_instances/Garr201201/slice 364,0,10,10,0.2222222222222222,2.0,1.2649110640673518,1,5,1.7609640474436812,0.14333333333333334,0.16666666666666666,-0.5740740740740737,1,1,1.0,5,2.511111111111111,7,4,2.6326208062402965,0.19887826590443713,9.503816179887517,0,1,0.1111111111111111,0.1,3.0,3,3,0,0,1,1.0,0.0,0.3103448275862069,0.059304141013242294,0.06007276994903327,1,0,1,1.0,3.2222222222222223,5,5,5,7.9737893252759235
Garr201201,slice 365,src/graph_reconstruct_attacks/data/vne_instances/Garr201201/slice 365,0,9,12,0.3333333333333333,2.6666666666666665,1.2472191289246473,1,5,2.197159723424149,0.31851851851851853,0.3333333333333333,-0.2173913043478246,1,1,1.0,4,2.0277777777777777,3,3,3.232631013124421,0.3774098924230168,9.09749251487192,0,3,0.375,0.3333333333333333,4.0,3,5,0.6666666666666666,2,5,0.8333333333333334,0.023809523809523808,0.5714285714285714,0.4083254209113905,0.11675214627436603,2,0,0,1.0,1.75,3,3,1,6.839283168216569
Garr201201,slice 366,src/graph_reconstruct_attacks/data/vne_instances/Garr201201/slice 366,0,13,18,0.23076923076923078,2.769230769230769,1.422557077608225,1,5,2.161978179679554,0.0923076923076923,0.13333333333333333,-0.3684210526315783,1,1,1.0,5,2.2564102564102564,4,4,3.430562093339206,0.4885794839273969,17.32749477456612,0,1,0.08333333333333333,0.07692307692307693,3.0,3,3,0,0,1,1.0,0.0,0.3157894736842105,0.053774591315809604,0.0369436915363407,1,0,1,1.0,3.1666666666666665,5,4,4,15.40070080622779
Garr201201,slice 367,src/graph_reconstruct_attacks/data/vne_instances/Garr201201/slice 367,0,12,12,0.18181818181818182,2.0,1.0,1,4,1.8250112108241772,0.0,0,-0.416666666666667,1,1,1.0,6,2.8333333333333335,7,6,2.4519891512493928,0.18330715414162255,12.692219203810254,0,1,0.09090909090909091,0.08333333333333333,3.0,3,3,0,0,1,1.0,0.0,0.3235294117647059,0.16053528794481356,0.04583484159583884,1,0,1,1.0,3.090909090909091,5,5,5,11.077925645748465
Garr201201,slice 368,src/graph_reconstruct_attacks/data/vne_instances/Garr201201/slice 368,0,13,17,0.21794871794871795,2.6153846153846154,1.146128032750103,1,5,2.1339375660949167,0.09743589743589744,0.08333333333333333,-0.27390180878553033,1,1,1.0,5,2.423076923076923,2,2,3.101719312192464,0.370806629700236,16.797437444658673,0,1,0.08333333333333333,0.07692307692307693,3.0,3,3,0,0,1,1.0,0.0,0.3,0.07119490843494676,0.03821457189459196,1,0,1,1.0,3.3333333333333335,5,2,2,14.932179723270043
Garr201201,slice 369,src/graph_reconstruct_attacks/data/vne_instances/Garr201201/slice 369,0,11,13,0.23636363636363636,2.3636363636363638,1.2264306875665492,1,4,1.9362600275315274,0.1212121212121212,0.23076923076923078,0.12499999999999946,1,1,1.0,5,2.4909090909090907,6,6,3.1209372234288923,0.31211795883448556,12.161722179459781,0,4,0.4,0.36363636363636365,2.75,1,4,0.16666666666666666,1,5,0.5,0.2888888888888889,0.5,0.4393311145253084,0.14156187082914312,2,1,1,1.0,2.0,4,3,2,8.947513679120226
Garr201201,slice 37,src/graph_reconstruct_attacks/data/vne_instances/Garr201201/slice 37,0,11,13,0.23636363636363636,2.3636363636363638,0.9791208740244552,1,4,1.8585552118703144,0.18181818181818182,0.2608695652173913,0.1874999999999985,1,1,1.0,7,2.8,5,5,2.9917555521390686,0.1792224689119473,12.161722179459781,0,2,0.2,0.18181818181818182,4.0,4,4,1.0,1,3,1.0,0.0,0.37037037037037035,0.3425642900162292,0.0701980209766016,2,0,0,1.0,2.7,5,5,1,10.006491539079562
Garr201201,slice 370,src/graph_reconstruct_attacks/data/vne_instances/Garr201201/slice 370,0,12,13,0.19696969696969696,2.1666666666666665,0.9860132971832694,1,4,1.7295739585136223,0.16666666666666666,0.2857142857142857,0.21857923497267742,1,1,1.0,7,3.0606060606060606,8,8,2.891224259051005,0.16711927704672772,13.310669611326363,0,2,0.18181818181818182,0.16666666666666666,2.5,2,3,0,0,2,0.6666666666666666,0.32727272727272727,0.36666666666666664,0.16926001788724704,0.07947373898870667,1,1,2,1.0,2.727272727272727,5,6,5,11.077925645748465
Garr201201,slice 371,src/graph_reconstruct_attacks/data/vne_instances/Garr201201/slice 371,0,13,13,0.16666666666666666,2.0,1.1766968108291043,1,5,1.7758589482446405,0.16153846153846155,0.13636363636363635,-0.26213592233009736,1,1,1.0,6,2.8846153846153846,10,5,2.666899295541543,0.13941328637740313,14.343400073848198,0,3,0.25,0.23076923076923078,3.0,1,5,0,0,3,0.5,0.5909090909090909,0.5,0.34661354821958196,0.10953851161155986,1,1,3,1.0,2.0,3,3,3,11.324242418515635
Garr201201,slice 372,src/graph_reconstruct_attacks/data/vne_instances/Garr201201/slice 372,0,13,18,0.23076923076923078,2.769230769230769,1.2498520622516862,1,5,2.038159681645953,0.1769230769230769,0.21428571428571427,-0.11999999999999994,1,1,1.0,5,2.3461538461538463,3,3,3.4301748169891,0.32965555157380283,17.32749477456612,0,2,0.16666666666666666,0.15384615384615385,2.5,1,4,0,0,2,0.6666666666666666,0.16666666666666669,0.3870967741935484,0.062418676765441855,0.07168791341312672,1,1,2,1.0,2.5833333333333335,4,5,4,14.932179723270043
Garr201201,slice 373,src/graph_reconstruct_attacks/data/vne_instances/Garr201201/slice 373,0,12,16,0.24242424242424243,2.6666666666666665,0.8498365855987975,1,4,1.7841591278514217,0.05555555555555555,0.0967741935483871,0.1949685534591195,1,1,1.0,6,2.5757575757575757,3,3,3.081051102434881,0.19681688481982318,14.932179723270043,0,2,0.18181818181818182,0.16666666666666666,1.5,1,2,0,0,2,0.6666666666666666,0.18181818181818182,0.3055555555555556,0.037432501910042874,0.0866513795889052,1,1,2,1.0,3.272727272727273,5,4,4,12.638843434179455
Garr201201,slice 374,src/graph_reconstruct_attacks/data/vne_instances/Garr201201/slice 374,0,12,15,0.22727272727272727,2.5,1.0408329997330663,1,4,1.8879185026711327,0.125,0.20689655172413793,0.16201117318435784,1,1,1.0,7,2.727272727272727,5,5,3.090812912804545,0.19060897675452151,14.428729529828047,0,2,0.18181818181818182,0.16666666666666666,2.5,2,3,0,0,2,0.6666666666666666,0.32727272727272727,0.3793103448275862,0.10046902149690388,0.07735588357992197,1,1,2,1.0,2.6363636363636362,5,2,2,12.161722179459781
Garr201201,slice 375,src/graph_reconstruct_attacks/data/vne_instances/Garr201201/slice 375,0,11,11,0.2,2.0,0.8528028654224418,1,4,1.6171895725927152,0.13636363636363635,0.2,-0.15238095238095323,1,1,1.0,8,3.2,8,7,2.5062911725280212,0.12867141154532835,11.077925645748465,0,2,0.2,0.18181818181818182,1.5,1,2,0,0,2,0.6666666666666666,0.2,0.2702702702702703,0.06678564908090401,0.10242626776699039,1,1,2,1.0,3.7,7,6,5,8.947513679120226
Garr201201,slice 376,src/graph_reconstruct_attacks/data/vne_instances/Garr201201/slice 376,0,13,16,0.20512820512820512,2.4615384615384617,1.1512791959304434,1,5,1.8810947601100747,0.03333333333333333,0.09375,-0.08,1,1,1.0,5,2.423076923076923,2,2,3.0523151359692675,0.4107719413878356,16.2354946765387,0,2,0.16666666666666666,0.15384615384615385,2.0,2,2,0,0,2,0.6666666666666666,0.0707070707070707,0.35294117647058826,0.07586389676846197,0.06862595418962006,2,0,0,1.0,2.8333333333333335,4,7,7,13.888817445248913
Garr201201,slice 377,src/graph_reconstruct_attacks/data/vne_instances/Garr201201/slice 377,0,11,10,0.18181818181818182,1.8181818181818181,0.9359663764533637,1,4,1.6767370300521325,0.0,0,-0.08108108108108159,1,1,1.0,5,2.7636363636363637,10,6,2.307250371348216,0.20246160207924502,10.466105817131357,0,4,0.4,0.36363636363636365,2.0,1,3,0,0,4,0.4,0.7333333333333334,0.5555555555555556,0.5817313003310831,0.18244872494695136,1,1,4,1.0,1.8,3,1,1,6.910894287855444
Garr201201,slice 378,src/graph_reconstruct_attacks/data/vne_instances/Garr201201/slice 378,0,12,14,0.21212121212121213,2.3333333333333335,1.247219128924647,1,5,2.1258145836939115,0.13888888888888887,0.21428571428571427,-0.47826086956521646,1,1,1.0,6,2.5757575757575757,6,4,2.970077367538266,0.20576799030596868,13.888817445248913,0,3,0.2727272727272727,0.25,3.3333333333333335,3,4,0.6666666666666666,2,5,0.8333333333333334,0.00909090909090909,0.4074074074074074,0.4321407364028459,0.09351964352187894,2,0,0,1.0,2.4545454545454546,5,3,1,11.077925645748465
Garr201201,slice 379,src/graph_reconstruct_attacks/data/vne_instances/Garr201201/slice 379,0,10,11,0.24444444444444444,2.2,1.3266499161421599,1,5,2.0464393446710156,0.0,0,-0.5217391304347825,1,1,1.0,4,2.1777777777777776,4,3,2.7584941342523925,0.5180214576794151,10.006491539079562,0,1,0.1111111111111111,0.1,5.0,5,5,0,0,1,1.0,0.0,0.4090909090909091,0.19310245105812154,0.05167417823093515,1,0,1,1.0,2.4444444444444446,4,4,4,8.405153089434915
Garr201201,slice 38,src/graph_reconstruct_attacks/data/vne_instances/Garr201201/slice 38,0,11,14,0.2545454545454545,2.5454545454545454,0.8907235428302467,1,4,1.789929075309999,0.25757575757575757,0.23076923076923078,-0.49333333333333584,1,1,1.0,4,2.272727272727273,1,1,2.8296029122823843,0.43389176400038404,12.638843434179455,0,4,0.4,0.36363636363636365,2.25,1,4,0.16666666666666666,1,5,0.5,0.36296296296296293,0.5263157894736842,0.428568311371546,0.14124623756483368,2,1,1,1.0,1.9,3,2,1,9.503816179887517
Garr201201,slice 380,src/graph_reconstruct_attacks/data/vne_instances/Garr201201/slice 380,0,13,19,0.24358974358974358,2.923076923076923,1.1409536133993328,1,6,1.8230264907128848,0.09999999999999999,0.13333333333333333,-0.177554438860972,1,1,1.0,4,2.128205128205128,1,1,3.3516788666157074,0.7178087415603704,17.82689242399695,0,2,0.16666666666666666,0.15384615384615385,2.5,2,3,0,0,2,0.6666666666666666,0.027777777777777776,0.3870967741935484,0.12499814926619114,0.05886312936307344,2,0,0,1.0,2.5833333333333335,4,3,3,15.40070080622779
Garr201201,slice 381,src/graph_reconstruct_attacks/data/vne_instances/Garr201201/slice 381,0,8,8,0.2857142857142857,2.0,0.5,1,3,1.061278124459133,0.0,0,-0.06666666666666667,1,1,1.0,5,2.392857142857143,3,3,2.164842698536668,0.24340174613993276,6.4924956819919135,0,2,0.2857142857142857,0.25,2.5,2,3,0,0,2,0.6666666666666666,0.19047619047619047,0.4666666666666667,0.40313582305315937,0.1196461061496591,2,0,0,1.0,2.142857142857143,4,6,6,4.734511804056966
Garr201201,slice 382,src/graph_reconstruct_attacks/data/vne_instances/Garr201201/slice 382,0,9,8,0.2222222222222222,1.7777777777777777,0.9162456945817024,1,3,1.3516441151533924,0.0,0,-0.6923076923076923,1,1,1.0,5,2.6666666666666665,8,4,2.1168831578743346,0.183044267669957,7.480873803373035,0,3,0.375,0.3333333333333333,1.3333333333333333,1,2,0,0,3,0.5,0.46428571428571425,0.42105263157894735,0.3577512399397838,0.1838321479778374,1,1,3,1.0,2.375,4,3,3,4.992465147808038
Garr201201,slice 383,src/graph_reconstruct_attacks/data/vne_instances/Garr201201/slice 383,0,8,8,0.2857142857142857,2.0,0.8660254037844386,1,4,1.2987949406953985,0.0,0,-0.3968253968253968,1,1,1.0,5,2.3214285714285716,4,3,2.3344142183389778,0.2652292743345732,6.4924956819919135,0,1,0.14285714285714285,0.125,2.0,2,2,0,0,1,1.0,0.0,0.30434782608695654,0.0736846191351167,0.07770926976723411,1,0,1,1.0,3.2857142857142856,5,2,2,5.065505023098389
Garr201201,slice 384,src/graph_reconstruct_attacks/data/vne_instances/Garr201201/slice 384,0,13,19,0.24358974358974358,2.923076923076923,1.3278981924332363,1,6,2.192005835492107,0.13333333333333333,0.125,-0.17829457364341075,1,1,1.0,4,2.1538461538461537,1,1,3.48184832566824,0.5794470574152134,17.82689242399695,0,2,0.16666666666666666,0.15384615384615385,3.0,3,3,0,0,2,0.6666666666666666,0.011363636363636364,0.3870967741935484,0.1592839939432796,0.05565484716336086,2,0,0,1.0,2.5833333333333335,4,5,4,15.40070080622779
Garr201201,slice 385,src/graph_reconstruct_attacks/data/vne_instances/Garr201201/slice 385,0,13,15,0.19230769230769232,2.3076923076923075,0.6056929133855239,1,3,1.2957378005380122,0.0,0,-0.2676056338028172,1,1,1.0,4,2.5256410256410255,1,1,2.4644311058762907,0.504492343395075,15.640274109741032,0,2,0.16666666666666666,0.15384615384615385,3.0,3,3,0,0,2,0.6666666666666666,0.06060606060606061,0.4,0.29613008341537145,0.06570307165951784,2,0,0,1.0,2.5,4,7,7,13.310669611326363
Garr201201,slice 386,src/graph_reconstruct_attacks/data/vne_instances/Garr201201/slice 386,0,13,19,0.24358974358974358,2.923076923076923,1.7742403991801223,1,7,2.038159681645953,0.27326007326007323,0.3157894736842105,-0.19696969696969704,1,1,1.0,5,2.269230769230769,4,4,3.9365140069159352,0.47776760414485364,17.82689242399695,0,1,0.08333333333333333,0.07692307692307693,5.0,5,5,0,0,1,1.0,0.0,0.35294117647058826,0.10160923710442558,0.0326331835300219,1,0,1,1.0,2.8333333333333335,5,4,4,15.835624381153007
Garr201201,slice 387,src/graph_reconstruct_attacks/data/vne_instances/Garr201201/slice 387,0,7,6,0.2857142857142857,1.7142857142857142,1.0301575072754254,1,4,1.3787834934861753,0.0,0,-0.49999999999999944,1,1,1.0,4,2.0952380952380953,6,3,2.135779205069858,0.38196601125010554,4.734511804056966,0,1,0.16666666666666666,0.14285714285714285,4.0,4,4,0,0,1,1.0,0.0,0.46153846153846156,0.3077061047013178,0.08745889863780554,1,0,1,1.0,2.1666666666666665,3,4,4,3.4775553321989814
Garr201201,slice 388,src/graph_reconstruct_attacks/data/vne_instances/Garr201201/slice 388,0,10,11,0.24444444444444444,2.2,0.8717797887081347,1,4,1.7609640474436812,0.0,0,-0.6041666666666662,1,1,1.0,4,2.2666666666666666,2,1,2.448917132741931,0.4384471871911693,10.006491539079562,0,1,0.1111111111111111,0.1,4.0,4,4,0,0,1,1.0,0.0,0.375,0.17989612074005723,0.05378884812175225,1,0,1,1.0,2.6666666666666665,4,2,2,8.405153089434915
Garr201201,slice 389,src/graph_reconstruct_attacks/data/vne_instances/Garr201201/slice 389,0,7,8,0.38095238095238093,2.2857142857142856,1.0301575072754257,1,4,1.9502120649147465,0.35714285714285715,0.42857142857142855,-0.2,1,1,1.0,4,1.9523809523809523,3,2,2.7468716110443707,0.4330490338002854,5.308543071784685,0,3,0.5,0.42857142857142855,3.0,2,4,0.6666666666666666,2,5,0.8333333333333334,0.13333333333333333,0.6,0.5055534504778821,0.17177784703192303,2,0,0,1.0,1.6666666666666667,3,2,2,3.4775553321989814
Garr201201,slice 39,src/graph_reconstruct_attacks/data/vne_instances/Garr201201/slice 39,0,12,16,0.24242424242424243,2.6666666666666665,1.247219128924647,1,6,1.896240625180289,0.14166666666666666,0.25,0.027777777777777776,1,1,1.0,5,2.409090909090909,2,3,3.3884508693386786,0.3048497690792426,14.932179723270043,0,1,0.09090909090909091,0.08333333333333333,2.0,2,2,0,0,1,1.0,0.0,0.275,0.031476218710546636,0.04543942198670861,1,0,1,1.0,3.6363636363636362,5,1,1,13.075536031843507
Garr201201,slice 390,src/graph_reconstruct_attacks/data/vne_instances/Garr201201/slice 390,0,12,13,0.19696969696969696,2.1666666666666665,0.8975274678557508,1,4,1.8250112108241772,0.18055555555555555,0.15,-0.27067669172932307,1,1,1.0,5,2.6515151515151514,4,4,2.556246944056652,0.2415673719934669,13.310669611326363,0,3,0.2727272727272727,0.25,2.0,1,3,0,0,3,0.5,0.3181818181818182,0.4583333333333333,0.26936534389940225,0.11487513685017957,2,1,1,1.0,2.1818181818181817,3,3,3,10.466105817131357
Garr201201,slice 391,src/graph_reconstruct_attacks/data/vne_instances/Garr201201/slice 391,0,13,18,0.23076923076923078,2.769230769230769,1.1200169060431566,1,5,2.133937566094917,0.07948717948717948,0.15,0.2044198895027618,1,1,1.0,5,2.3974358974358974,3,3,3.364461435418021,0.30656507852490417,17.32749477456612,0,3,0.25,0.23076923076923078,2.6666666666666665,1,5,0,0,3,0.5,0.24242424242424243,0.46153846153846156,0.19985455392078888,0.08956688316294004,2,1,1,1.0,2.1666666666666665,4,5,4,14.428729529828047
Garr201201,slice 392,src/graph_reconstruct_attacks/data/vne_instances/Garr201201/slice 392,0,12,15,0.22727272727272727,2.5,0.9574271077563381,1,4,1.9182958340544893,0.16666666666666666,0.21428571428571427,-0.3636363636363623,1,1,1.0,5,2.4545454545454546,2,2,2.8668952696353664,0.36912872860304174,14.428729529828047,0,2,0.18181818181818182,0.16666666666666666,3.5,3,4,0,0,2,0.6666666666666666,0.13333333333333333,0.44,0.22260702848609307,0.06877917853514708,2,0,0,1.0,2.272727272727273,4,4,4,12.161722179459781
Garr201201,slice 393,src/graph_reconstruct_attacks/data/vne_instances/Garr201201/slice 393,0,12,18,0.2727272727272727,3.0,1.1547005383792515,1,6,1.780672129520887,0.21666666666666665,0.2727272727272727,-0.01886792452830114,1,1,1.0,5,2.1515151515151514,1,1,3.519623058936216,0.5009932022404663,15.835624381153007,0,2,0.18181818181818182,0.16666666666666666,3.0,2,4,0,0,2,0.6666666666666666,0.08484848484848484,0.4230769230769231,0.13146171454592337,0.06180357853423042,2,0,0,1.0,2.3636363636363638,4,2,2,13.473476040515532
Garr201201,slice 394,src/graph_reconstruct_attacks/data/vne_instances/Garr201201/slice 394,0,11,12,0.21818181818181817,2.1818181818181817,1.1922615498730909,1,4,1.789929075309999,0.0,0,-0.43181818181818193,1,1,1.0,5,2.4363636363636365,5,4,2.7184322124475724,0.3831888100340511,11.642197076187038,0,4,0.4,0.36363636363636365,2.25,1,4,0,0,4,0.4,0.43703703703703706,0.5263157894736842,0.42389507721013786,0.16355491527508592,2,1,2,1.0,1.9,4,2,2,8.333554464492554
Garr201201,slice 395,src/graph_reconstruct_attacks/data/vne_instances/Garr201201/slice 395,0,13,21,0.2692307692307692,3.230769230769231,1.2498520622516862,1,6,2.075869296697727,0.1358974358974359,0.21052631578947367,0.04109589041095946,1,1,1.0,4,2.051282051282051,1,1,3.766831053401446,0.6146936461477366,18.737923138804117,0,2,0.16666666666666666,0.15384615384615385,3.5,3,4,0,0,2,0.6666666666666666,0.007575757575757576,0.41379310344827586,0.15093065678167708,0.05111154622395182,2,0,0,1.0,2.4166666666666665,4,3,3,16.238112017575762
Garr201201,slice 396,src/graph_reconstruct_attacks/data/vne_instances/Garr201201/slice 396,0,13,15,0.19230769230769232,2.3076923076923075,1.4349813927828945,1,6,2.0758692966977272,0.056410256410256404,0.09090909090909091,-0.32850241545893805,1,1,1.0,6,2.5384615384615383,7,5,3.093930198818374,0.2802640390767747,15.640274109741032,0,3,0.25,0.23076923076923078,3.6666666666666665,2,6,0.3333333333333333,1,4,0.6666666666666666,0.08333333333333334,0.46153846153846156,0.37951714022526917,0.0901866206688613,2,0,0,1.0,2.1666666666666665,4,3,2,12.692219203810254
Garr201201,slice 397,src/graph_reconstruct_attacks/data/vne_instances/Garr201201/slice 397,0,11,13,0.23636363636363636,2.3636363636363638,1.2984415324623362,1,6,1.6858157091530304,0.3151515151515152,0.2222222222222222,-0.3000000000000001,1,1,1.0,4,2.2545454545454544,3,3,2.9834799885126966,0.30278818620050846,12.161722179459781,0,2,0.2,0.18181818181818182,2.0,1,3,0,0,2,0.6666666666666666,0.2,0.4166666666666667,0.11080904779530582,0.09077502163377632,1,1,2,1.0,2.4,3,6,3,10.006491539079562
Garr201201,slice 398,src/graph_reconstruct_attacks/data/vne_instances/Garr201201/slice 398,0,10,13,0.28888888888888886,2.6,0.8,1,4,1.6854752972273346,0.08333333333333333,0.125,-0.34482758620689474,1,1,1.0,4,2.0,1,1,2.832546072609094,0.5778472350182926,10.86335979764525,0,2,0.2222222222222222,0.2,3.5,3,4,0,0,2,0.6666666666666666,0.037037037037037035,0.5,0.27072312365587303,0.07817919821038491,2,0,0,1.0,2.0,3,3,3,8.778733752247508
Garr201201,slice 399,src/graph_reconstruct_attacks/data/vne_instances/Garr201201/slice 399,0,13,15,0.19230769230769232,2.3076923076923075,0.8213137116947163,1,3,1.4572659136233872,0.0,0,-0.2121212121212092,1,1,1.0,7,3.0128205128205128,4,5,2.6107401015599607,0.1510293796370439,15.640274109741032,0,1,0.08333333333333333,0.07692307692307693,3.0,3,3,0,0,1,1.0,0.0,0.27906976744186046,0.09089481961871505,0.04069690068910359,1,0,1,1.0,3.5833333333333335,6,3,3,13.888817445248913
Garr201201,slice 4,src/graph_reconstruct_attacks/data/vne_instances/Garr201201/slice 4,0,7,7,0.3333333333333333,2.0,0.5345224838248488,1,3,1.1488348542809166,0.33333333333333337,0.375,-0.07692307692307777,1,1,1.0,5,2.4285714285714284,4,4,2.233209543057642,0.22537710049551046,5.065505023098389,0,2,0.3333333333333333,0.2857142857142857,2.5,2,3,1.0,1,3,1.0,0.0,0.375,0.4784233858312223,0.1326849127636019,2,0,0,1.0,2.6666666666666665,5,5,2,3.4775553321989814
Garr201201,slice 40,src/graph_reconstruct_attacks/data/vne_instances/Garr201201/slice 40,0,12,18,0.2727272727272727,3.0,1.6832508230603465,1,6,2.292481250360578,0.38611111111111107,0.33962264150943394,-0.401557285873193,1,1,1.0,4,2.0757575757575757,3,2,3.770285669455276,0.5550098728852475,15.835624381153007,0,6,0.5454545454545454,0.5,3.5,2,6,0.26666666666666666,4,10,0.47619047619047616,0.37121212121212116,0.6470588235294118,0.4952555270953509,0.1507388570649713,2,0,0,1.0,1.5454545454545454,3,2,1,11.642197076187038
Garr201201,slice 400,src/graph_reconstruct_attacks/data/vne_instances/Garr201201/slice 400,0,10,11,0.24444444444444444,2.2,0.8717797887081347,1,4,1.7609640474436812,0.21666666666666665,0.17647058823529413,-0.6041666666666664,1,1,1.0,5,2.688888888888889,4,4,2.4534576096077085,0.17015702927451698,10.006491539079562,0,3,0.3333333333333333,0.3,2.0,1,3,0,0,3,0.5,0.3055555555555555,0.4090909090909091,0.262278160244633,0.13709609588117502,2,1,1,1.0,2.4444444444444446,4,2,2,7.480873803373035
Garr201201,slice 401,src/graph_reconstruct_attacks/data/vne_instances/Garr201201/slice 401,0,9,9,0.25,2.0,0.6666666666666666,1,3,1.4355205042826666,0.18518518518518517,0.2727272727272727,-0.1249999999999988,1,1,1.0,7,3.0,6,6,2.3463165444788237,0.14174414301860042,7.9737893252759235,0,2,0.25,0.2222222222222222,2.5,2,3,0,0,2,0.6666666666666666,0.5714285714285714,0.4444444444444444,0.3113896355468009,0.1065974740328105,1,1,2,1.0,2.25,4,5,4,6.073366374249938
Garr201201,slice 402,src/graph_reconstruct_attacks/data/vne_instances/Garr201201/slice 402,0,8,8,0.2857142857142857,2.0,0.8660254037844386,1,3,1.561278124459133,0.0,0,-0.4358974358974359,1,1,1.0,4,2.25,4,3,2.3213120745694047,0.30737287663628315,6.4924956819919135,0,3,0.42857142857142855,0.375,1.6666666666666667,1,3,0,0,3,0.5,0.5238095238095237,0.5384615384615384,0.35887354975225605,0.19300500436920537,1,1,3,1.0,1.8571428571428572,3,3,3,4.308543071784685
Garr201201,slice 403,src/graph_reconstruct_attacks/data/vne_instances/Garr201201/slice 403,0,11,17,0.3090909090909091,3.090909090909091,0.899954085146515,2,5,1.789929075309999,0.10909090909090909,0.15,-0.07509881422924886,1,1,1.0,4,1.9636363636363636,0,0,3.3868618900641647,0.6777929578876033,13.834091726163757,0,3,0.3,0.2727272727272727,4.0,3,5,0.3333333333333333,1,4,0.6666666666666666,0.08888888888888889,0.5555555555555556,0.3282496097115452,0.08621151110017707,2,0,0,1.0,1.8,3,5,2,11.222381740286911
Garr201201,slice 404,src/graph_reconstruct_attacks/data/vne_instances/Garr201201/slice 404,0,12,16,0.24242424242424243,2.6666666666666665,1.0274023338281628,1,4,1.6258145836939115,0.15277777777777776,0.18181818181818182,-0.12941176470588237,1,1,1.0,6,2.4242424242424243,2,2,3.1091286654481616,0.2991076218352313,14.932179723270043,0,3,0.2727272727272727,0.25,3.3333333333333335,2,4,0,0,3,0.5,0.2545454545454545,0.5,0.28255744296466817,0.09025446906811212,2,0,0,1.0,2.0,4,1,1,12.161722179459781
Garr201201,slice 405,src/graph_reconstruct_attacks/data/vne_instances/Garr201201/slice 405,0,11,17,0.3090909090909091,3.090909090909091,1.083306844346635,1,5,2.1180782093497093,0.11515151515151514,0.14285714285714285,0.014492753623188403,1,1,1.0,4,1.981818181818182,1,1,3.5235612126310234,0.5736294775125904,13.834091726163757,0,3,0.3,0.2727272727272727,4.333333333333333,4,5,0.3333333333333333,1,4,0.6666666666666666,0.025925925925925925,0.5263157894736842,0.333883711707458,0.08451175764050015,3,0,0,1.0,1.9,3,4,2,11.222381740286911
Garr201201,slice 406,src/graph_reconstruct_attacks/data/vne_instances/Garr201201/slice 406,0,8,7,0.25,1.75,0.6614378277661477,1,3,1.4056390622295665,0.0,0,-0.6666666666666642,1,1,1.0,6,2.8214285714285716,7,5,1.949855824363647,0.16671700823775643,6.073366374249938,0,3,0.42857142857142855,0.375,1.3333333333333333,1,2,0,0,3,0.5,0.5238095238095237,0.4117647058823529,0.5211208891696024,0.20852976780741284,1,1,3,1.0,2.4285714285714284,5,1,1,3.7770641547424297
Garr201201,slice 407,src/graph_reconstruct_attacks/data/vne_instances/Garr201201/slice 407,0,12,17,0.25757575757575757,2.8333333333333335,1.2801909579781012,2,6,1.5510981710072647,0.25833333333333336,0.21951219512195122,-0.16738197424892756,1,1,1.0,4,2.1363636363636362,0,0,3.4079643616767683,0.5252283790091448,15.40070080622779,0,3,0.2727272727272727,0.25,3.6666666666666665,2,6,0,0,3,0.5,0.13939393939393938,0.5238095238095238,0.274094161713681,0.08696998753154365,2,0,0,1.0,1.9090909090909092,3,3,1,12.638843434179455
Garr201201,slice 408,src/graph_reconstruct_attacks/data/vne_instances/Garr201201/slice 408,0,11,14,0.2545454545454545,2.5454545454545454,0.9875254992000196,1,4,1.6171895725927152,0.2424242424242424,0.3333333333333333,0.13846153846153852,1,1,1.0,6,2.5272727272727273,3,3,3.1368581602844543,0.2208240391952268,12.638843434179455,0,2,0.2,0.18181818181818182,2.0,2,2,0,0,2,0.6666666666666666,0.05925925925925925,0.37037037037037035,0.1088020748709165,0.07626688776778089,2,0,0,1.0,2.7,5,6,5,10.458789210074194
Garr201201,slice 409,src/graph_reconstruct_attacks/data/vne_instances/Garr201201/slice 409,0,13,19,0.24358974358974358,2.923076923076923,1.2686478848054341,1,5,2.257756064128518,0.19743589743589743,0.2553191489361702,-0.12204724409448782,1,1,1.0,5,2.269230769230769,3,2,3.4899340171442006,0.3388595379302356,17.82689242399695,0,4,0.3333333333333333,0.3076923076923077,4.0,3,5,0.3333333333333333,2,6,0.6,0.14646464646464646,0.5714285714285714,0.38221313918927463,0.09836927036686666,2,0,0,1.0,1.75,3,2,1,14.428729529828047
Garr201201,slice 41,src/graph_reconstruct_attacks/data/vne_instances/Garr201201/slice 41,0,12,16,0.24242424242424243,2.6666666666666665,1.247219128924647,1,5,2.188721875540867,0.2111111111111111,0.25,0.09523809523809523,1,1,1.0,4,2.303030303030303,3,3,3.314412122042583,0.432082762962096,14.932179723270043,0,1,0.09090909090909091,0.08333333333333333,3.0,3,3,0,0,1,1.0,0.0,0.34375,0.07657520984970044,0.03978034512470409,1,0,1,1.0,2.909090909090909,4,3,3,13.075536031843507
Garr201201,slice 410,src/graph_reconstruct_attacks/data/vne_instances/Garr201201/slice 410,0,11,13,0.23636363636363636,2.3636363636363638,1.2984415324623364,1,5,2.1180782093497093,0.18484848484848485,0.2222222222222222,-0.18596491228070175,1,1,1.0,4,2.290909090909091,4,4,3.0174300101496208,0.3524425118695703,12.161722179459781,0,1,0.1,0.09090909090909091,3.0,3,3,0,0,1,1.0,0.0,0.35714285714285715,0.11734333859557514,0.04631864871291985,1,0,1,1.0,2.8,4,4,4,10.458789210074194
Garr201201,slice 411,src/graph_reconstruct_attacks/data/vne_instances/Garr201201/slice 411,0,12,15,0.22727272727272727,2.5,0.8660254037844386,1,4,1.7295739585136223,0.0,0,-0.4035087719298247,1,1,1.0,5,2.303030303030303,1,1,2.783017873563845,0.49858327836442734,14.428729529828047,0,3,0.2727272727272727,0.25,2.3333333333333335,2,3,0,0,3,0.5,0.21212121212121213,0.4782608695652174,0.2716272882664468,0.09841438282551039,2,0,0,1.0,2.090909090909091,3,3,3,11.642197076187038
Garr201201,slice 412,src/graph_reconstruct_attacks/data/vne_instances/Garr201201/slice 412,0,13,13,0.16666666666666666,2.0,0.7844645405527362,1,3,1.5766212201074912,0.0,0,-0.4772727272727263,1,1,1.0,7,3.282051282051282,7,5,2.269899982348454,0.11059368087597354,14.343400073848198,0,2,0.16666666666666666,0.15384615384615385,2.5,2,3,0,0,2,0.6666666666666666,0.17424242424242425,0.34285714285714286,0.310486652268651,0.07261944356582099,2,0,0,1.0,2.9166666666666665,5,5,5,12.031037760363619
Garr201201,slice 413,src/graph_reconstruct_attacks/data/vne_instances/Garr201201/slice 413,0,12,16,0.24242424242424243,2.6666666666666665,1.1055415967851332,1,5,2.0545851693377997,0.2833333333333333,0.4411764705882353,0.25333333333333335,1,1,1.0,5,2.5303030303030303,3,3,3.4575397361054114,0.2581565334537965,14.932179723270043,0,3,0.2727272727272727,0.25,3.0,1,5,0,0,3,0.5,0.4484848484848485,0.5238095238095238,0.18936710561794845,0.09993152725023322,2,1,1,1.0,1.9090909090909092,3,5,2,12.161722179459781
Garr201201,slice 414,src/graph_reconstruct_attacks/data/vne_instances/Garr201201/slice 414,0,10,13,0.28888888888888886,2.6,0.9165151389911681,1,4,1.8464393446710154,0.15,0.12,-0.7131782945736457,1,1,1.0,4,2.0444444444444443,1,1,2.826086860247677,0.631377130978853,10.86335979764525,0,2,0.2222222222222222,0.2,3.5,3,4,0,0,2,0.6666666666666666,0.05555555555555555,0.45,0.2361932598312485,0.08024575149262259,2,0,0,1.0,2.2222222222222223,4,4,3,8.778733752247508
Garr201201,slice 415,src/graph_reconstruct_attacks/data/vne_instances/Garr201201/slice 415,0,13,14,0.1794871794871795,2.1538461538461537,0.8634593969478326,1,4,1.7758589482446405,0.0,0,-0.23809523809523686,1,1,1.0,6,2.8205128205128207,4,4,2.498276581207776,0.2138920444368547,15.010185394812815,0,4,0.3333333333333333,0.3076923076923077,2.25,1,3,0,0,4,0.4,0.5227272727272727,0.5,0.5067629418709654,0.13269405010932508,2,1,1,1.0,2.0,4,1,1,11.324242418515635
Garr201201,slice 416,src/graph_reconstruct_attacks/data/vne_instances/Garr201201/slice 416,0,8,7,0.25,1.75,0.9682458365518543,1,4,1.4056390622295665,0.0,0,-0.4848484848484846,1,1,1.0,5,2.392857142857143,7,4,2.156639378509345,0.253786811872648,6.073366374249938,0,1,0.14285714285714285,0.125,2.0,2,2,0,0,1,1.0,0.0,0.3333333333333333,0.17553494952620888,0.07932046134264731,1,0,1,1.0,3.0,5,4,4,4.734511804056966
Garr201201,slice 417,src/graph_reconstruct_attacks/data/vne_instances/Garr201201/slice 417,0,9,8,0.2222222222222222,1.7777777777777777,1.1331154474650633,1,4,1.224394445405986,0.0,0,-0.5,1,1,1.0,4,2.3333333333333335,8,3,2.288245611270738,0.2679491924311227,7.480873803373035,0,1,0.125,0.1111111111111111,3.0,3,3,0,0,1,1.0,0.0,0.36363636363636365,0.18587401723009256,0.06818541079148513,1,0,1,1.0,2.75,4,6,6,6.073366374249938
Garr201201,slice 418,src/graph_reconstruct_attacks/data/vne_instances/Garr201201/slice 418,0,11,12,0.21818181818181817,2.1818181818181817,0.9359663764533637,1,4,1.867633890971212,0.0,0,-0.2100840336134443,1,1,1.0,5,2.4727272727272727,4,3,2.5710849484294154,0.2916643963954421,11.642197076187038,0,3,0.3,0.2727272727272727,2.6666666666666665,2,4,0,0,3,0.5,0.22592592592592592,0.47619047619047616,0.4121778484931019,0.11595650155648228,2,0,0,1.0,2.1,4,3,3,8.947513679120226
Garr201201,slice 419,src/graph_reconstruct_attacks/data/vne_instances/Garr201201/slice 419,0,10,11,0.24444444444444444,2.2,1.2489995996796797,1,5,1.6854752972273344,0.2533333333333333,0.2857142857142857,-0.26587301587301615,1,1,1.0,6,2.511111111111111,6,5,2.93265879542312,0.21945031079428223,10.006491539079562,0,2,0.2222222222222222,0.2,2.5,1,4,0,0,2,0.6666666666666666,0.2222222222222222,0.391304347826087,0.19810871881792813,0.09754265479836165,1,1,2,1.0,2.5555555555555554,5,5,3,7.9737893252759235
Garr201201,slice 42,src/graph_reconstruct_attacks/data/vne_instances/Garr201201/slice 42,0,8,7,0.25,1.75,1.299038105676658,1,4,0.8112781244591328,0.0,0,-0.7499999999999993,1,1,1.0,3,2.0714285714285716,7,2,2.3027756377319957,0.3542486889354094,6.073366374249938,0,1,0.14285714285714285,0.125,4.0,4,4,0,0,1,1.0,0.0,0.4375,0.2453993177604249,0.07633562190147689,1,0,1,1.0,2.2857142857142856,3,6,6,4.734511804056966
Garr201201,slice 420,src/graph_reconstruct_attacks/data/vne_instances/Garr201201/slice 420,0,10,12,0.26666666666666666,2.4,0.8,1,4,1.6854752972273346,0.08333333333333333,0.15,-0.04347826086956518,1,1,1.0,5,2.3333333333333335,1,1,2.752608567600287,0.3735157760289859,10.458789210074194,0,3,0.3333333333333333,0.3,3.3333333333333335,3,4,0.3333333333333333,1,4,0.6666666666666666,0.25,0.5294117647058824,0.4605906173011436,0.11675837043015448,2,0,0,1.0,1.8888888888888888,3,3,2,7.9737893252759235
Garr201201,slice 421,src/graph_reconstruct_attacks/data/vne_instances/Garr201201/slice 421,0,13,17,0.21794871794871795,2.6153846153846154,1.076923076923077,1,4,1.8843135277997989,0.21794871794871792,0.2571428571428571,-0.29861111111111127,1,1,1.0,5,2.5256410256410255,2,2,3.012350038435902,0.29751904955281133,16.797437444658673,0,2,0.16666666666666666,0.15384615384615385,3.0,2,4,0,0,2,0.6666666666666666,0.10858585858585859,0.41379310344827586,0.1740235947719422,0.061512362656687095,2,0,0,1.0,2.4166666666666665,4,5,4,14.428729529828047
Garr201201,slice 422,src/graph_reconstruct_attacks/data/vne_instances/Garr201201/slice 422,0,10,11,0.24444444444444444,2.2,1.077032961426901,1,4,1.8464393446710154,0.0,0,-0.7448275862068967,1,1,1.0,4,2.1777777777777776,3,2,2.5432544543028093,0.4388876574116674,10.006491539079562,0,2,0.2222222222222222,0.2,4.0,4,4,0,0,2,0.6666666666666666,0.20833333333333331,0.5294117647058824,0.34059601038700815,0.0901977931118855,2,0,0,1.0,1.8888888888888888,3,4,4,7.9737893252759235
Garr201201,slice 423,src/graph_reconstruct_attacks/data/vne_instances/Garr201201/slice 423,0,9,9,0.25,2.0,0.6666666666666666,1,3,1.4355205042826666,0.18518518518518517,0.2727272727272727,0.15624999999999944,1,1,1.0,7,2.888888888888889,6,6,2.3772028539729577,0.16575681568607806,7.9737893252759235,0,3,0.375,0.3333333333333333,2.3333333333333335,2,3,0.3333333333333333,1,4,0.6666666666666666,0.5357142857142857,0.47058823529411764,0.5377013048829704,0.1486744981313639,2,1,1,1.0,2.125,4,2,2,5.576041733441991
Garr201201,slice 424,src/graph_reconstruct_attacks/data/vne_instances/Garr201201/slice 424,0,12,16,0.24242424242424243,2.6666666666666665,1.3743685418725535,1,5,2.2295739585136225,0.19999999999999998,0.23684210526315788,-0.25217391304347825,1,1,1.0,5,2.303030303030303,4,3,3.387056177035012,0.29694729864649166,14.932179723270043,0,2,0.18181818181818182,0.16666666666666666,4.0,3,5,0,0,2,0.6666666666666666,0.05454545454545454,0.4583333333333333,0.18883202976377655,0.06415428412800646,2,0,0,1.0,2.1818181818181817,4,3,2,12.638843434179455
Garr201201,slice 425,src/graph_reconstruct_attacks/data/vne_instances/Garr201201/slice 425,0,12,15,0.22727272727272727,2.5,1.5,1,6,2.188721875540867,0.12777777777777777,0.25,-0.2373737373737382,1,1,1.0,5,2.3484848484848486,4,2,3.3687779603171877,0.4117600305026729,14.428729529828047,0,4,0.36363636363636365,0.3333333333333333,4.0,3,6,0.5,3,7,0.7,0.15757575757575756,0.5789473684210527,0.47290246142179604,0.12071844021424029,2,0,0,1.0,1.7272727272727273,3,2,1,11.077925645748465
Garr201201,slice 426,src/graph_reconstruct_attacks/data/vne_instances/Garr201201/slice 426,0,11,16,0.2909090909090909,2.909090909090909,1.311109554714178,1,5,2.186704345910025,0.36363636363636365,0.375,-0.08333333333333333,1,1,1.0,4,2.1272727272727274,3,2,3.5128579946103224,0.36463137145777574,13.473476040515532,0,5,0.5,0.45454545454545453,3.4,2,5,0.3,3,8,0.5333333333333333,0.38518518518518524,0.625,0.4615429854827669,0.14162783905498139,2,0,0,1.0,1.6,3,2,1,10.006491539079562
Garr201201,slice 427,src/graph_reconstruct_attacks/data/vne_instances/Garr201201/slice 427,0,11,13,0.23636363636363636,2.3636363636363638,0.7713892158398701,1,4,1.617189572592715,0.07575757575757575,0.14285714285714285,0.2571428571428574,1,1,1.0,6,2.6545454545454548,3,4,2.7445117646282857,0.20873771008332262,12.161722179459781,0,2,0.2,0.18181818181818182,2.5,2,3,0,0,2,0.6666666666666666,0.08888888888888889,0.35714285714285715,0.15066624488599156,0.07956289990529819,2,0,0,1.0,2.8,5,6,6,10.006491539079562
Garr201201,slice 428,src/graph_reconstruct_attacks/data/vne_instances/Garr201201/slice 428,0,13,15,0.19230769230769232,2.3076923076923075,0.9910845174403945,1,4,1.922023142851573,0.0641025641025641,0.11538461538461539,-0.22009569377990484,1,1,1.0,6,2.628205128205128,4,4,2.756541070490809,0.26766839028882755,15.640274109741032,0,1,0.08333333333333333,0.07692307692307693,4.0,4,4,0,0,1,1.0,0.0,0.3076923076923077,0.16390787004541507,0.037835303962323895,1,0,1,1.0,3.25,6,3,3,13.888817445248913
Garr201201,slice 429,src/graph_reconstruct_attacks/data/vne_instances/Garr201201/slice 429,0,10,9,0.2,1.8,0.4,1,2,0.7219280948873623,0.0,0,-0.12499999999999775,1,1,1.0,9,3.6666666666666665,9,8,1.918985947228995,0.09788696740969312,8.947513679120226,0,2,0.2222222222222222,0.2,2.0,2,2,0,0,2,0.6666666666666666,0.38888888888888884,0.2903225806451613,0.322252701275551,0.1093461098947917,1,1,2,1.0,3.4444444444444446,7,8,8,6.921565792466024
Garr201201,slice 43,src/graph_reconstruct_attacks/data/vne_instances/Garr201201/slice 43,0,7,7,0.3333333333333333,2.0,1.0690449676496976,1,4,1.8423709931771084,0.21428571428571427,0.2727272727272727,-0.4918032786885237,1,1,1.0,4,2.0476190476190474,4,3,2.467598964866742,0.36791213028150427,5.065505023098389,0,3,0.5,0.42857142857142855,2.6666666666666665,2,4,0.3333333333333333,1,4,0.6666666666666666,0.5333333333333333,0.6666666666666666,0.5207471376157506,0.200551006322238,2,1,1,1.0,1.5,2,1,1,3.135132651376774
Garr201201,slice 430,src/graph_reconstruct_attacks/data/vne_instances/Garr201201/slice 430,0,13,18,0.23076923076923078,2.769230769230769,0.9730085108210398,1,5,1.8919954870390203,0.0923076923076923,0.15789473684210525,0.04374999999999964,1,1,1.0,6,2.41025641025641,1,1,3.238497928331132,0.4238020180064558,17.32749477456612,0,3,0.25,0.23076923076923078,3.0,2,4,0,0,3,0.5,0.14015151515151517,0.46153846153846156,0.24891988432982048,0.08329124937946661,2,0,0,1.0,2.1666666666666665,4,6,4,14.428729529828047
Garr201201,slice 431,src/graph_reconstruct_attacks/data/vne_instances/Garr201201/slice 431,0,13,18,0.23076923076923078,2.769230769230769,1.309952797378954,1,5,2.1339375660949167,0.2205128205128205,0.20930232558139536,-0.35641547861507156,1,1,1.0,5,2.269230769230769,3,3,3.3241758940399944,0.49438592695466704,17.32749477456612,0,4,0.3333333333333333,0.3076923076923077,3.25,2,5,0.3333333333333333,2,6,0.6,0.13636363636363635,0.48,0.38289897737358497,0.10212142561449035,2,0,0,1.0,2.0833333333333335,4,1,1,13.888817445248913
Garr201201,slice 432,src/graph_reconstruct_attacks/data/vne_instances/Garr201201/slice 432,0,12,19,0.2878787878787879,3.1666666666666665,1.4624940645653535,1,5,2.0545851693377997,0.1722222222222222,0.2222222222222222,-0.1901565995525719,1,1,1.0,4,2.0454545454545454,3,3,3.8081750433727244,0.6530644654156474,16.238112017575762,0,4,0.36363636363636365,0.3333333333333333,3.5,1,5,0,0,4,0.4,0.2136363636363636,0.55,0.30722878712461826,0.10604590793176324,3,1,1,1.0,1.8181818181818181,3,5,1,13.075536031843507
Garr201201,slice 433,src/graph_reconstruct_attacks/data/vne_instances/Garr201201/slice 433,0,8,10,0.35714285714285715,2.5,1.118033988749895,1,4,2.0,0.2708333333333333,0.3,-0.3000000000000017,1,1,1.0,4,1.9285714285714286,2,2,2.955003875638697,0.5857864376269047,7.118036769169399,0,3,0.42857142857142855,0.375,3.3333333333333335,2,4,0.6666666666666666,2,5,0.8333333333333334,0.06349206349206349,0.5833333333333334,0.44822726559666204,0.140895273070487,2,0,0,1.0,1.7142857142857142,3,2,1,5.065505023098389
Garr201201,slice 434,src/graph_reconstruct_attacks/data/vne_instances/Garr201201/slice 434,0,13,20,0.2564102564102564,3.076923076923077,1.3846153846153848,1,5,2.199687794731328,0.23846153846153847,0.2777777777777778,-0.07142857142857235,1,1,1.0,4,2.1923076923076925,3,2,3.7740476271722465,0.4286417491848792,18.296714439975105,0,4,0.3333333333333333,0.3076923076923077,4.0,3,5,0.5,3,7,0.7,0.032828282828282825,0.46153846153846156,0.37747698545898745,0.08977912630377162,2,0,0,1.0,2.1666666666666665,4,4,1,14.932179723270043
Garr201201,slice 435,src/graph_reconstruct_attacks/data/vne_instances/Garr201201/slice 435,0,13,13,0.16666666666666666,2.0,1.0377490433255416,1,5,1.573402452417767,0.16153846153846155,0.15,-0.4394463667820072,1,1,1.0,7,3.448717948717949,10,7,2.5568305524455024,0.09526222217463695,14.343400073848198,0,2,0.16666666666666666,0.15384615384615385,3.5,2,5,1.0,1,3,1.0,0.0,0.2727272727272727,0.40851029435570774,0.07081873374797305,2,0,0,1.0,3.6666666666666665,7,7,2,12.031037760363619
Garr201201,slice 436,src/graph_reconstruct_attacks/data/vne_instances/Garr201201/slice 436,0,13,16,0.20512820512820512,2.4615384615384617,0.7457969011409737,1,4,1.6143308351592656,0.0641025641025641,0.1111111111111111,-0.18518518518518517,1,1,1.0,5,2.5128205128205128,1,1,2.727130270622397,0.3335685943526196,16.2354946765387,0,2,0.16666666666666666,0.15384615384615385,3.0,3,3,0,0,2,0.6666666666666666,0.06060606060606061,0.3870967741935484,0.14302040659468154,0.0643789882688049,2,0,0,1.0,2.5833333333333335,4,6,6,13.888817445248913
Garr201201,slice 437,src/graph_reconstruct_attacks/data/vne_instances/Garr201201/slice 437,0,12,17,0.25757575757575757,2.8333333333333335,1.404358295529393,1,6,2.125814583693911,0.3194444444444445,0.20930232558139536,-0.4442896935933149,1,1,1.0,3,2.0,1,1,3.3356738676466833,0.7444004987581437,15.40070080622779,0,4,0.36363636363636365,0.3333333333333333,3.0,2,5,0.16666666666666666,1,5,0.5,0.1515151515151515,0.55,0.32973713661530807,0.11286895772109738,2,0,0,1.0,1.8181818181818181,3,1,1,12.161722179459781
Garr201201,slice 438,src/graph_reconstruct_attacks/data/vne_instances/Garr201201/slice 438,0,13,15,0.19230769230769232,2.3076923076923075,1.0658774200423862,1,4,1.9500637564362098,0.11538461538461539,0.1111111111111111,-0.18055555555555342,1,1,1.0,6,2.717948717948718,6,4,2.850437748421983,0.19971601455872023,15.640274109741032,0,3,0.25,0.23076923076923078,3.0,3,3,0,0,3,0.5,0.42929292929292934,0.48,0.3066769534854674,0.0945434162448489,2,1,1,1.0,2.0833333333333335,4,4,3,12.692219203810254
Garr201201,slice 439,src/graph_reconstruct_attacks/data/vne_instances/Garr201201/slice 439,0,13,16,0.20512820512820512,2.4615384615384617,1.0088366960464616,1,4,1.8339272176418302,0.0,0,-0.5238095238095238,1,1,1.0,4,2.3461538461538463,2,2,2.805819710385123,0.53617151373673,16.2354946765387,0,4,0.3333333333333333,0.3076923076923077,2.0,2,2,0,0,4,0.4,0.24242424242424243,0.5,0.33384151748705715,0.11875397570964741,2,0,0,1.0,2.0,3,3,3,12.692219203810254
Garr201201,slice 44,src/graph_reconstruct_attacks/data/vne_instances/Garr201201/slice 44,0,10,9,0.2,1.8,0.7483314773547882,1,3,1.5219280948873621,0.0,0,-0.22727272727272738,1,1,1.0,6,2.977777777777778,9,6,2.126757059617217,0.15664567730600978,8.947513679120226,0,3,0.3333333333333333,0.3,2.3333333333333335,2,3,0,0,3,0.5,0.7222222222222222,0.5,0.5572379056256059,0.15209742278387453,1,1,3,1.0,2.0,4,2,2,6.289542577760609
Garr201201,slice 440,src/graph_reconstruct_attacks/data/vne_instances/Garr201201/slice 440,0,13,16,0.20512820512820512,2.4615384615384617,1.692307692307692,1,7,2.038159681645953,0.389010989010989,0.2857142857142857,-0.38831615120274915,1,1,1.0,5,2.4871794871794872,6,4,3.445991988397975,0.19874493957114928,16.2354946765387,0,3,0.25,0.23076923076923078,2.6666666666666665,1,5,0,0,3,0.5,0.4393939393939394,0.48,0.1468012265072585,0.10577131164496598,1,1,3,1.0,2.0833333333333335,3,2,1,13.310669611326363
Garr201201,slice 441,src/graph_reconstruct_attacks/data/vne_instances/Garr201201/slice 441,0,7,6,0.2857142857142857,1.7142857142857142,0.6998542122237652,1,3,1.4488156357251847,0.0,0,-0.3333333333333326,1,1,1.0,5,2.380952380952381,6,4,1.969615506024416,0.2603226902583532,4.734511804056966,0,2,0.3333333333333333,0.2857142857142857,2.5,2,3,0,0,2,0.6666666666666666,0.5333333333333333,0.5454545454545454,0.4642428268800126,0.15919535997910197,1,1,2,1.0,1.8333333333333333,3,3,3,3.135132651376774
Garr201201,slice 442,src/graph_reconstruct_attacks/data/vne_instances/Garr201201/slice 442,0,11,13,0.23636363636363636,2.3636363636363638,0.8813963377120598,1,4,1.823067982273661,0.2121212121212121,0.2727272727272727,-0.25438596491228066,1,1,1.0,7,3.090909090909091,5,4,2.8838681189852844,0.1266549973960554,12.161722179459781,0,2,0.2,0.18181818181818182,2.5,2,3,0,0,2,0.6666666666666666,0.4666666666666667,0.37037037037037035,0.04934326193508822,0.08933374225011566,1,1,2,1.0,2.7,5,4,3,10.006491539079562
Garr201201,slice 443,src/graph_reconstruct_attacks/data/vne_instances/Garr201201/slice 443,0,13,16,0.20512820512820512,2.4615384615384617,1.1512791959304434,1,5,2.103909910282364,0.14358974358974358,0.1875,-0.18181818181818182,1,1,1.0,6,2.769230769230769,5,4,3.114353934303934,0.1692328268470634,16.2354946765387,0,2,0.16666666666666666,0.15384615384615385,4.5,4,5,1.0,1,3,1.0,0.0,0.3870967741935484,0.3132931144939461,0.05927376768176026,2,0,0,1.0,2.5833333333333335,4,4,1,13.888817445248913
Garr201201,slice 444,src/graph_reconstruct_attacks/data/vne_instances/Garr201201/slice 444,0,13,16,0.20512820512820512,2.4615384615384617,1.336780553614059,1,5,1.95006375643621,0.05897435897435897,0.08571428571428572,-0.3141683778234086,1,1,1.0,5,2.3846153846153846,4,4,3.094592395641204,0.46027209140046416,16.2354946765387,0,2,0.16666666666666666,0.15384615384615385,3.5,2,5,0,0,2,0.6666666666666666,0.07575757575757576,0.42857142857142855,0.1828190870851712,0.06408532082251019,2,0,0,1.0,2.3333333333333335,4,3,3,13.888817445248913
Garr201201,slice 445,src/graph_reconstruct_attacks/data/vne_instances/Garr201201/slice 445,0,12,13,0.19696969696969696,2.1666666666666665,0.8975274678557507,1,4,1.8250112108241772,0.06944444444444443,0.15,0.1203007518796985,1,1,1.0,6,2.803030303030303,5,6,2.660917396967755,0.17910650836671127,13.310669611326363,0,2,0.18181818181818182,0.16666666666666666,2.0,2,2,0,0,2,0.6666666666666666,0.01818181818181818,0.34375,0.17410151246466357,0.07595872128173141,2,0,0,1.0,2.909090909090909,5,5,5,11.077925645748465
Garr201201,slice 446,src/graph_reconstruct_attacks/data/vne_instances/Garr201201/slice 446,0,12,17,0.25757575757575757,2.8333333333333335,1.2801909579781012,1,5,2.188721875540867,0.18055555555555555,0.21951219512195122,0.08108108108108127,1,1,1.0,5,2.3181818181818183,3,3,3.514646531909424,0.30750247544557263,15.40070080622779,0,1,0.09090909090909091,0.08333333333333333,3.0,3,3,0,0,1,1.0,0.0,0.3333333333333333,0.06514717219446808,0.038601354178431524,1,0,1,1.0,3.0,5,2,2,13.473476040515532
Garr201201,slice 447,src/graph_reconstruct_attacks/data/vne_instances/Garr201201/slice 447,0,13,14,0.1794871794871795,2.1538461538461537,0.7692307692307693,1,3,1.5485806065228545,0.1282051282051282,0.15,-0.5555555555555545,1,1,1.0,7,3.1153846153846154,5,4,2.4771866399030102,0.14116452489881642,15.010185394812815,0,2,0.16666666666666666,0.15384615384615385,3.0,3,3,0,0,2,0.6666666666666666,0.11363636363636365,0.32432432432432434,0.2751374651776826,0.06877634380564036,2,0,0,1.0,3.0833333333333335,6,5,4,12.692219203810254
Garr201201,slice 448,src/graph_reconstruct_attacks/data/vne_instances/Garr201201/slice 448,0,13,15,0.19230769230769232,2.3076923076923075,1.4876215081395165,1,6,2.0381596816459533,0.0,0,-0.7298937784522004,1,1,1.0,5,2.4615384615384617,5,3,2.936328378641501,0.3484025210682149,15.640274109741032,0,6,0.5,0.46153846153846156,1.8333333333333333,1,3,0,0,6,0.2857142857142857,0.5227272727272727,0.5714285714285714,0.5420632551570753,0.1863441687681858,2,1,2,1.0,1.75,3,1,1,10.568367562843136
Garr201201,slice 449,src/graph_reconstruct_attacks/data/vne_instances/Garr201201/slice 449,0,11,12,0.21818181818181817,2.1818181818181817,1.2662171161076472,1,5,2.004886164091843,0.1303030303030303,0.13043478260869565,-0.4216027874564451,1,1,1.0,6,2.5636363636363635,6,4,2.8266626626210813,0.25806295368160137,11.642197076187038,0,1,0.1,0.09090909090909091,5.0,5,5,0,0,1,1.0,0.0,0.35714285714285715,0.19232482429962733,0.045914407167181974,1,0,1,1.0,2.8,5,4,4,10.006491539079562
Garr201201,slice 45,src/graph_reconstruct_attacks/data/vne_instances/Garr201201/slice 45,0,9,10,0.2777777777777778,2.2222222222222223,0.9162456945817024,1,4,1.8365916681089791,0.09259259259259259,0.1875,-0.19047619047619122,1,1,1.0,4,2.1666666666666665,2,2,2.607249545713019,0.481534484467202,8.405153089434915,0,3,0.375,0.3333333333333333,2.6666666666666665,1,4,0.3333333333333333,1,4,0.6666666666666666,0.25,0.5333333333333333,0.46087124910553345,0.14626154013780657,2,1,1,1.0,1.875,3,2,2,6.073366374249938
Garr201201,slice 450,src/graph_reconstruct_attacks/data/vne_instances/Garr201201/slice 450,0,12,12,0.18181818181818182,2.0,0.9128709291752769,1,4,1.7841591278514217,0.125,0.17647058823529413,-0.28244274809160175,1,1,1.0,7,3.3181818181818183,9,7,2.487172280872188,0.10612519930417003,12.692219203810254,0,2,0.18181818181818182,0.16666666666666666,2.0,1,3,0,0,2,0.6666666666666666,0.18181818181818182,0.2972972972972973,0.05173400076383043,0.09161827723726948,1,1,2,1.0,3.3636363636363638,6,5,4,10.466105817131357
Garr201201,slice 451,src/graph_reconstruct_attacks/data/vne_instances/Garr201201/slice 451,0,8,8,0.2857142857142857,2.0,1.0,1,4,1.811278124459133,0.0,0,-0.3333333333333333,1,1,1.0,4,2.142857142857143,4,3,2.4048671723720663,0.3819660112501045,6.4924956819919135,0,2,0.2857142857142857,0.25,2.5,2,3,0,0,2,0.6666666666666666,0.047619047619047616,0.4375,0.3521470916140878,0.12038159763131351,2,0,0,1.0,2.2857142857142856,4,3,3,4.734511804056966
Garr201201,slice 452,src/graph_reconstruct_attacks/data/vne_instances/Garr201201/slice 452,0,10,9,0.2,1.8,1.32664991614216,1,5,1.1567796494470395,0.0,0,-0.6981132075471699,1,1,1.0,4,2.422222222222222,9,3,2.4038421575175,0.21832287965333166,8.947513679120226,0,1,0.1111111111111111,0.1,5.0,5,5,0,0,1,1.0,0.0,0.391304347826087,0.25639347616704566,0.059396486620576186,1,0,1,1.0,2.5555555555555554,4,7,7,7.480873803373035
Garr201201,slice 453,src/graph_reconstruct_attacks/data/vne_instances/Garr201201/slice 453,0,9,10,0.2777777777777778,2.2222222222222223,0.9162456945817024,1,4,1.836591668108979,0.42592592592592593,0.375,-0.30952380952380887,1,1,1.0,5,2.4166666666666665,4,4,2.5790716258095143,0.24170304947732923,8.405153089434915,0,3,0.375,0.3333333333333333,3.0,2,4,0.3333333333333333,1,4,0.6666666666666666,0.5357142857142857,0.5714285714285714,0.4914527593594376,0.13872271542551884,2,1,1,1.0,1.75,3,2,2,6.073366374249938
Garr201201,slice 454,src/graph_reconstruct_attacks/data/vne_instances/Garr201201/slice 454,0,10,11,0.24444444444444444,2.2,1.0770329614269007,1,4,1.8464393446710154,0.21666666666666665,0.15789473684210525,-0.3655172413793102,1,1,1.0,5,2.422222222222222,4,4,2.659983924849373,0.3089903285801335,10.006491539079562,0,4,0.4444444444444444,0.4,2.0,1,3,0,0,4,0.4,0.5833333333333333,0.5625,0.40852938054100335,0.17819405691728107,2,1,2,1.0,1.7777777777777777,3,2,1,6.921565792466024
Garr201201,slice 455,src/graph_reconstruct_attacks/data/vne_instances/Garr201201/slice 455,0,9,10,0.2777777777777778,2.2222222222222223,0.9162456945817024,1,4,1.836591668108979,0.42592592592592593,0.375,-0.6666666666666701,1,1,1.0,5,2.5277777777777777,4,4,2.4811943040920164,0.19192078692698755,8.405153089434915,0,3,0.375,0.3333333333333333,2.0,1,3,0.3333333333333333,1,4,0.6666666666666666,0.25,0.4,0.3318156687535905,0.14987914817149836,2,1,1,1.0,2.5,4,2,2,6.073366374249938
Garr201201,slice 456,src/graph_reconstruct_attacks/data/vne_instances/Garr201201/slice 456,0,10,12,0.26666666666666666,2.4,1.019803902718557,1,4,1.9219280948873623,0.21666666666666665,0.13636363636363635,-0.28571428571428525,1,1,1.0,4,2.2444444444444445,2,3,2.7680404917552055,0.4002725576143301,10.458789210074194,0,4,0.4444444444444444,0.4,2.75,1,4,0,0,4,0.4,0.5509259259259258,0.6428571428571429,0.4713808289397484,0.16038791096582924,2,1,1,1.0,1.5555555555555556,2,2,1,7.480873803373035
Garr201201,slice 457,src/graph_reconstruct_attacks/data/vne_instances/Garr201201/slice 457,0,11,13,0.23636363636363636,2.3636363636363638,1.5534552264213692,1,7,1.4911148500551858,0.0,0,-0.4598108747044909,1,1,1.0,4,2.109090909090909,2,1,2.987834844033922,0.5572064164742077,12.161722179459781,0,1,0.1,0.09090909090909091,7.0,7,7,0,0,1,1.0,0.0,0.45454545454545453,0.2066875979799045,0.0443416511812257,1,0,1,1.0,2.2,3,2,2,10.458789210074194
Garr201201,slice 458,src/graph_reconstruct_attacks/data/vne_instances/Garr201201/slice 458,0,11,13,0.23636363636363636,2.3636363636363638,0.9791208740244551,1,4,1.8585552118703144,0.1212121212121212,0.13043478260869565,-0.29999999999999954,1,1,1.0,4,2.2363636363636363,2,2,2.7350498599568285,0.49192836295423303,12.161722179459781,0,1,0.1,0.09090909090909091,4.0,4,4,0,0,1,1.0,0.0,0.35714285714285715,0.17034801806776614,0.04501667705789804,1,0,1,1.0,2.8,4,2,2,10.458789210074194
Garr201201,slice 459,src/graph_reconstruct_attacks/data/vne_instances/Garr201201/slice 459,0,10,11,0.24444444444444444,2.2,0.8717797887081347,1,4,1.7609640474436812,0.15,0.17647058823529413,-0.4895833333333356,1,1,1.0,5,2.4,2,2,2.528625935727817,0.35257660358240067,10.006491539079562,0,3,0.3333333333333333,0.3,2.6666666666666665,2,4,0.3333333333333333,1,4,0.6666666666666666,0.2222222222222222,0.47368421052631576,0.48393698430990917,0.12660204265722796,2,0,0,1.0,2.111111111111111,4,2,1,7.480873803373035
Garr201201,slice 46,src/graph_reconstruct_attacks/data/vne_instances/Garr201201/slice 46,0,11,12,0.21818181818181817,2.1818181818181817,1.02851895445316,1,4,1.823067982273661,0.07575757575757575,0.15,-0.2187500000000017,1,1,1.0,5,2.4363636363636365,4,4,2.664943109916512,0.41655348762428973,11.642197076187038,0,3,0.3,0.2727272727272727,2.0,1,3,0,0,3,0.5,0.3,0.45454545454545453,0.27723535670165517,0.12386026656667141,2,1,1,1.0,2.2,4,4,2,8.947513679120226
Garr201201,slice 460,src/graph_reconstruct_attacks/data/vne_instances/Garr201201/slice 460,0,13,17,0.21794871794871795,2.6153846153846154,1.3323467750529827,1,5,2.199687794731328,0.21538461538461537,0.3076923076923077,0.021582733812949437,1,1,1.0,6,2.6666666666666665,5,5,3.430380053367063,0.25658004541159923,16.797437444658673,0,3,0.25,0.23076923076923078,2.6666666666666665,1,4,0,0,3,0.5,0.2095959595959596,0.41379310344827586,0.17970691829134028,0.09258228024266425,2,1,1,1.0,2.4166666666666665,5,3,2,13.888817445248913
Garr201201,slice 461,src/graph_reconstruct_attacks/data/vne_instances/Garr201201/slice 461,0,13,16,0.20512820512820512,2.4615384615384617,1.08240363688233,1,4,1.9877733714879842,0.10256410256410256,0.1935483870967742,0.12156862745098039,1,1,1.0,6,2.782051282051282,5,4,3.1421105782862497,0.18152254084353184,16.2354946765387,0,1,0.08333333333333333,0.07692307692307693,2.0,2,2,0,0,1,1.0,0.0,0.24489795918367346,0.019735430987816365,0.045352620798213505,1,0,1,1.0,4.083333333333333,6,3,3,14.428729529828047
Garr201201,slice 462,src/graph_reconstruct_attacks/data/vne_instances/Garr201201/slice 462,0,10,12,0.26666666666666666,2.4,1.2,1,4,1.895461844238322,0.31666666666666665,0.375,-0.06666666666666683,1,1,1.0,5,2.4444444444444446,5,3,3.119390258776317,0.23161813622185154,10.458789210074194,0,1,0.1111111111111111,0.1,4.0,4,4,0,0,1,1.0,0.0,0.391304347826087,0.138740888584496,0.04817253061635865,1,0,1,1.0,2.5555555555555554,4,3,3,8.778733752247508
Garr201201,slice 463,src/graph_reconstruct_attacks/data/vne_instances/Garr201201/slice 463,0,10,10,0.2222222222222222,2.0,0.8944271909999159,1,3,1.5219280948873621,0.0,0,-0.2500000000000003,1,1,1.0,5,2.6222222222222222,6,5,2.4038421575175,0.2141764649416587,9.503816179887517,0,1,0.1111111111111111,0.1,2.0,2,2,0,0,1,1.0,0.0,0.28125,0.07099780486622913,0.061547802198063994,1,0,1,1.0,3.5555555555555554,5,4,4,7.9737893252759235
Garr201201,slice 464,src/graph_reconstruct_attacks/data/vne_instances/Garr201201/slice 464,0,13,17,0.21794871794871795,2.6153846153846154,1.3888823142513682,1,6,1.9877733714879842,0.21794871794871795,0.225,-0.136304062909568,1,1,1.0,6,2.5,4,4,3.4386233245529336,0.2178211642095758,16.797437444658673,0,3,0.25,0.23076923076923078,3.3333333333333335,2,6,0,0,3,0.5,0.15656565656565655,0.48,0.24280212608452084,0.08452057950243264,2,0,0,1.0,2.0833333333333335,4,3,2,13.888817445248913
Garr201201,slice 465,src/graph_reconstruct_attacks/data/vne_instances/Garr201201/slice 465,0,11,11,0.2,2.0,0.6030226891555273,1,3,1.3092966682370037,0.21212121212121213,0.23076923076923078,-0.374999999999999,1,1,1.0,8,3.5090909090909093,8,7,2.241133660238234,0.09869663909465658,11.077925645748465,0,2,0.2,0.18181818181818182,2.0,2,2,0,0,2,0.6666666666666666,0.5333333333333333,0.37037037037037035,0.23553172631272198,0.08823307349413445,1,1,2,1.0,2.7,5,7,5,8.947513679120226
Garr201201,slice 466,src/graph_reconstruct_attacks/data/vne_instances/Garr201201/slice 466,0,13,16,0.20512820512820512,2.4615384615384617,1.08240363688233,1,5,1.7758589482446405,0.05897435897435897,0.0967741935483871,-0.056105610561056105,1,1,1.0,6,2.551282051282051,4,4,3.0137432150191144,0.2856782510357007,16.2354946765387,0,3,0.25,0.23076923076923078,2.6666666666666665,2,3,0,0,3,0.5,0.14898989898989898,0.4444444444444444,0.2777148206201359,0.08930797011654842,2,0,0,1.0,2.25,4,6,4,13.310669611326363
Garr201201,slice 467,src/graph_reconstruct_attacks/data/vne_instances/Garr201201/slice 467,0,13,16,0.20512820512820512,2.4615384615384617,1.393136175098064,1,5,2.161978179679554,0.04615384615384615,0.08333333333333333,-0.3333333333333333,1,1,1.0,4,2.3076923076923075,4,3,3.141552830680374,0.524555625374502,16.2354946765387,0,3,0.25,0.23076923076923078,3.0,1,5,0,0,3,0.5,0.1893939393939394,0.48,0.28136397199052887,0.09418211119620148,2,1,1,1.0,2.0833333333333335,3,2,1,13.310669611326363
Garr201201,slice 468,src/graph_reconstruct_attacks/data/vne_instances/Garr201201/slice 468,0,7,6,0.2857142857142857,1.7142857142857142,1.0301575072754254,1,4,1.3787834934861753,0.0,0,-0.7142857142857147,1,1,1.0,4,2.1904761904761907,6,3,2.1010029896154587,0.2955321857406865,4.734511804056966,0,1,0.16666666666666666,0.14285714285714285,2.0,2,2,0,0,1,1.0,0.0,0.3333333333333333,0.1287947001553887,0.09298302693604892,1,0,1,1.0,3.0,4,4,4,3.4775553321989814
Garr201201,slice 469,src/graph_reconstruct_attacks/data/vne_instances/Garr201201/slice 469,0,9,11,0.3055555555555556,2.4444444444444446,1.4229164972072998,1,5,1.8910611120726526,0.18888888888888888,0.24,-0.39754098360655676,1,1,1.0,3,1.9444444444444444,3,2,3.10232389400306,0.5544178805615643,8.778733752247508,0,4,0.5,0.4444444444444444,3.25,2,5,0.3333333333333333,2,6,0.6,0.23214285714285712,0.6666666666666666,0.491587850158503,0.168274435152784,2,0,0,1.0,1.5,2,2,1,6.073366374249938
Garr201201,slice 47,src/graph_reconstruct_attacks/data/vne_instances/Garr201201/slice 47,0,7,7,0.3333333333333333,2.0,0.9258200997725514,1,3,1.4488156357251847,0.23809523809523808,0.3,-0.48484848484848697,1,1,1.0,4,2.0952380952380953,4,3,2.3798781233842154,0.3403209584817707,5.065505023098389,0,1,0.16666666666666666,0.14285714285714285,3.0,3,3,0,0,1,1.0,0.0,0.4,0.15199101343686228,0.08372576632170924,1,0,1,1.0,2.5,4,3,3,3.6994040818153366
Garr201201,slice 470,src/graph_reconstruct_attacks/data/vne_instances/Garr201201/slice 470,0,12,16,0.24242424242424243,2.6666666666666665,1.3743685418725535,1,5,2.1258145836939115,0.21666666666666667,0.23684210526315788,-0.14285714285714285,1,1,1.0,5,2.3636363636363638,5,4,3.4018181571030834,0.28095380281105425,14.932179723270043,0,3,0.2727272727272727,0.25,2.3333333333333335,1,5,0,0,3,0.5,0.34545454545454546,0.4583333333333333,0.15083456715806307,0.11245517330861289,1,1,3,1.0,2.1818181818181817,4,3,1,12.161722179459781
Garr201201,slice 471,src/graph_reconstruct_attacks/data/vne_instances/Garr201201/slice 471,0,13,15,0.19230769230769232,2.3076923076923075,1.2015768732164085,1,4,1.9220231428515733,0.11538461538461539,0.20689655172413793,-0.28252788104089305,1,1,1.0,6,2.871794871794872,6,6,2.973972661409977,0.22295621271848093,15.640274109741032,0,2,0.16666666666666666,0.15384615384615385,4.0,4,4,0,0,2,0.6666666666666666,0.13636363636363635,0.41379310344827586,0.23302601082128924,0.06550860473903666,2,0,0,1.0,2.4166666666666665,4,2,2,13.310669611326363
Garr201201,slice 472,src/graph_reconstruct_attacks/data/vne_instances/Garr201201/slice 472,0,12,11,0.16666666666666666,1.8333333333333333,0.7993052538854533,1,3,1.5545851693377994,0.0,0,-0.657534246575342,1,1,1.0,8,3.5757575757575757,11,7,2.111990736253066,0.09294731324285417,12.031037760363619,0,1,0.09090909090909091,0.08333333333333333,3.0,3,3,0,0,1,1.0,0.0,0.25,0.18928704092269588,0.04963456508448642,1,0,1,1.0,4.0,7,5,5,10.466105817131357
Garr201201,slice 473,src/graph_reconstruct_attacks/data/vne_instances/Garr201201/slice 473,0,7,7,0.3333333333333333,2.0,0.5345224838248488,1,3,1.1488348542809166,0.33333333333333337,0.375,-0.07692307692307777,1,1,1.0,5,2.4285714285714284,4,4,2.233209543057643,0.22537710049551127,5.065505023098389,0,2,0.3333333333333333,0.2857142857142857,2.5,2,3,0,0,2,0.6666666666666666,0.6,0.5454545454545454,0.3607385624329017,0.1398381579361886,1,1,2,1.0,1.8333333333333333,3,5,3,3.4775553321989814
Garr201201,slice 474,src/graph_reconstruct_attacks/data/vne_instances/Garr201201/slice 474,0,13,14,0.1794871794871795,2.1538461538461537,1.2307692307692306,1,5,2.038159681645953,0.2076923076923077,0.23076923076923078,-0.01111111111111057,1,1,1.0,6,2.730769230769231,8,6,2.931569567607791,0.1852473815282614,15.010185394812815,0,3,0.25,0.23076923076923078,3.3333333333333335,1,5,0.3333333333333333,1,4,0.6666666666666666,0.16666666666666669,0.46153846153846156,0.38876861782557615,0.10004264115110396,2,1,1,1.0,2.1666666666666665,4,2,1,12.031037760363619
Garr201201,slice 475,src/graph_reconstruct_attacks/data/vne_instances/Garr201201/slice 475,0,13,14,0.1794871794871795,2.1538461538461537,1.0986812966989001,1,5,1.8262452584026092,0.11025641025641025,0.125,-0.37254901960784226,1,1,1.0,6,2.923076923076923,7,6,2.7381486469002683,0.18492110620509436,15.010185394812815,0,2,0.16666666666666666,0.15384615384615385,2.0,1,3,0,0,2,0.6666666666666666,0.16666666666666669,0.3333333333333333,0.10956875730364289,0.07867201408891518,1,1,2,1.0,3.0,5,5,4,12.692219203810254
Garr201201,slice 476,src/graph_reconstruct_attacks/data/vne_instances/Garr201201/slice 476,0,11,14,0.2545454545454545,2.5454545454545454,1.4373989364401722,1,5,2.1180782093497093,0.27878787878787875,0.2727272727272727,-0.2576832151300249,1,1,1.0,4,2.1454545454545455,3,3,3.245301949119451,0.5087778089247303,12.638843434179455,0,2,0.2,0.18181818181818182,3.5,2,5,0,0,2,0.6666666666666666,0.044444444444444446,0.45454545454545453,0.20776229347183148,0.07368502922666925,2,0,0,1.0,2.2,3,4,2,10.458789210074194
Garr201201,slice 477,src/graph_reconstruct_attacks/data/vne_instances/Garr201201/slice 477,0,13,17,0.21794871794871795,2.6153846153846154,1.002954216185023,1,5,1.8919954870390203,0.11025641025641025,0.08823529411764706,-0.3000000000000009,1,1,1.0,4,2.2564102564102564,1,1,2.9845217163058244,0.5510333509802655,16.797437444658673,0,2,0.16666666666666666,0.15384615384615385,4.0,3,5,0,0,2,0.6666666666666666,0.025252525252525256,0.42857142857142855,0.26828296139023455,0.05862080342719023,2,0,0,1.0,2.3333333333333335,4,6,5,14.428729529828047
Garr201201,slice 478,src/graph_reconstruct_attacks/data/vne_instances/Garr201201/slice 478,0,10,11,0.24444444444444444,2.2,1.2489995996796797,1,5,1.8464393446710154,0.14333333333333334,0.14285714285714285,-0.3059360730593612,1,1,1.0,5,2.2888888888888888,5,4,2.8187894778047697,0.3532911515364142,10.006491539079562,0,2,0.2222222222222222,0.2,4.0,3,5,1.0,1,3,1.0,0.0,0.47368421052631576,0.35579288219169863,0.08612492416357048,2,0,0,1.0,2.111111111111111,3,2,1,7.9737893252759235
Garr201201,slice 479,src/graph_reconstruct_attacks/data/vne_instances/Garr201201/slice 479,0,8,9,0.32142857142857145,2.25,0.9682458365518543,1,4,1.9056390622295665,0.1875,0.2,-0.5000000000000014,1,1,1.0,5,2.1785714285714284,2,3,2.6032632316888034,0.38950015305819086,6.839283168216569,0,3,0.42857142857142855,0.375,1.6666666666666667,1,2,0,0,3,0.5,0.30952380952380953,0.4666666666666667,0.29982130192487805,0.1692013716054943,2,1,1,1.0,2.142857142857143,4,2,1,4.734511804056966
Garr201201,slice 48,src/graph_reconstruct_attacks/data/vne_instances/Garr201201/slice 48,0,11,16,0.2909090909090909,2.909090909090909,1.3787046261911908,1,6,2.004886164091843,0.4090909090909091,0.2926829268292683,-0.4497528830313015,1,1,1.0,4,2.036363636363636,1,1,3.453741210099354,0.5488458505420012,13.473476040515532,0,2,0.2,0.18181818181818182,5.5,5,6,1.0,1,3,1.0,0.0,0.45454545454545453,0.2932124496297482,0.06375482335371106,2,0,0,1.0,2.2,4,4,3,11.222381740286911
Garr201201,slice 480,src/graph_reconstruct_attacks/data/vne_instances/Garr201201/slice 480,0,11,13,0.23636363636363636,2.3636363636363638,0.9791208740244552,1,4,1.8585552118703144,0.18181818181818182,0.2608695652173913,-0.05625000000000001,1,1,1.0,6,2.5454545454545454,3,3,2.9098317797051774,0.26057101709225294,12.161722179459781,0,3,0.3,0.2727272727272727,1.6666666666666667,1,2,0,0,3,0.5,0.24444444444444446,0.4,0.13538231277507212,0.12183023121267027,2,1,1,1.0,2.5,5,2,1,9.503816179887517
Garr201201,slice 481,src/graph_reconstruct_attacks/data/vne_instances/Garr201201/slice 481,0,13,17,0.21794871794871795,2.6153846153846154,1.2733034890189885,1,5,2.038159681645953,0.11025641025641025,0.15789473684210525,-0.04266666666666598,1,1,1.0,6,2.4871794871794872,5,5,3.286709644651401,0.28879829123629747,16.797437444658673,0,4,0.3333333333333333,0.3076923076923077,3.5,3,5,0.16666666666666666,1,5,0.5,0.23484848484848486,0.5217391304347826,0.40795005778119814,0.10608324884048388,2,0,0,1.0,1.9166666666666667,3,2,2,13.310669611326363
Garr201201,slice 482,src/graph_reconstruct_attacks/data/vne_instances/Garr201201/slice 482,0,13,16,0.20512820512820512,2.4615384615384617,1.336780553614059,1,6,2.075869296697727,0.0,0,-0.41996830427892234,1,1,1.0,4,2.282051282051282,3,3,3.0278049389430253,0.4718268558716397,16.2354946765387,0,6,0.5,0.46153846153846156,2.1666666666666665,1,3,0,0,6,0.2857142857142857,0.5340909090909091,0.631578947368421,0.5292265112703585,0.17518679581431418,2,1,1,1.0,1.5833333333333333,3,1,1,11.324242418515635
Garr201201,slice 483,src/graph_reconstruct_attacks/data/vne_instances/Garr201201/slice 483,0,13,13,0.16666666666666666,2.0,1.1094003924504583,1,4,1.8339272176418302,0.16666666666666666,0.14285714285714285,-0.6981981981981988,1,1,1.0,6,3.1923076923076925,10,5,2.4757758355567105,0.10488216571547215,14.343400073848198,0,2,0.16666666666666666,0.15384615384615385,3.5,3,4,0,0,2,0.6666666666666666,0.48484848484848486,0.4,0.1631190734206404,0.07751324180584757,1,1,2,1.0,2.5,4,3,1,12.031037760363619
Garr201201,slice 484,src/graph_reconstruct_attacks/data/vne_instances/Garr201201/slice 484,0,11,11,0.2,2.0,1.1281521496355325,1,5,1.676737030052133,0.0,0,-0.5316455696202533,1,1,1.0,5,2.5090909090909093,5,3,2.4521837328860725,0.28583778606041604,11.077925645748465,0,1,0.1,0.09090909090909091,2.0,2,2,0,0,1,1.0,0.0,0.30303030303030304,0.12028979595210515,0.05463343444725222,1,0,1,1.0,3.3,5,4,4,9.503816179887517
Garr201201,slice 485,src/graph_reconstruct_attacks/data/vne_instances/Garr201201/slice 485,0,8,10,0.35714285714285715,2.5,1.0,1,4,1.75,0.0,0,-0.5151515151515177,1,1,1.0,3,1.7857142857142858,1,1,2.801293436077509,0.672808833196811,7.118036769169399,0,1,0.14285714285714285,0.125,3.0,3,3,0,0,1,1.0,0.0,0.4117647058823529,0.13939546937151184,0.061886546495513194,1,0,1,1.0,2.4285714285714284,3,1,1,5.468243914652199
Garr201201,slice 486,src/graph_reconstruct_attacks/data/vne_instances/Garr201201/slice 486,0,7,6,0.2857142857142857,1.7142857142857142,0.45175395145262565,1,2,0.863120568566631,0.0,0,-0.19999999999999687,1,1,1.0,6,2.6666666666666665,6,5,1.8477590650225735,0.1980622641951616,4.734511804056966,0,2,0.3333333333333333,0.2857142857142857,1.5,1,2,0,0,2,0.6666666666666666,0.3333333333333333,0.375,0.35355339059327345,0.16844059871436393,1,1,2,1.0,2.6666666666666665,5,5,5,3.135132651376774
Garr201201,slice 487,src/graph_reconstruct_attacks/data/vne_instances/Garr201201/slice 487,0,12,17,0.25757575757575757,2.8333333333333335,1.2133516482134197,1,5,2.054585169337799,0.225,0.15,-0.3391684901531733,1,1,1.0,4,2.106060606060606,1,1,3.2546938309436317,0.598240836051102,15.40070080622779,0,1,0.09090909090909091,0.08333333333333333,4.0,4,4,0,0,1,1.0,0.0,0.3548387096774194,0.10473242543946971,0.0377236801716033,1,0,1,1.0,2.8181818181818183,4,1,1,13.473476040515532
Garr201201,slice 488,src/graph_reconstruct_attacks/data/vne_instances/Garr201201/slice 488,0,10,10,0.2222222222222222,2.0,1.4142135623730951,1,6,1.3609640474436813,0.2066666666666667,0.15,-0.5499999999999999,1,1,1.0,5,2.533333333333333,7,4,2.7128993747316867,0.17745033054854242,9.503816179887517,0,2,0.2222222222222222,0.2,2.0,2,2,0,0,2,0.6666666666666666,0.38888888888888884,0.42857142857142855,0.1260039369736621,0.10486701334879761,1,1,2,1.0,2.3333333333333335,3,5,3,7.480873803373035
Garr201201,slice 489,src/graph_reconstruct_attacks/data/vne_instances/Garr201201/slice 489,0,10,11,0.24444444444444444,2.2,0.9797958971132713,1,4,1.895461844238322,0.2333333333333333,0.3333333333333333,0.161904761904762,1,1,1.0,6,2.6222222222222222,6,5,2.807427233525014,0.2021998799742427,10.006491539079562,0,3,0.3333333333333333,0.3,3.0,2,4,0.6666666666666666,2,5,0.8333333333333334,0.041666666666666664,0.45,0.48406533970191906,0.11896045426204603,2,0,0,1.0,2.2222222222222223,4,3,1,7.480873803373035
Garr201201,slice 49,src/graph_reconstruct_attacks/data/vne_instances/Garr201201/slice 49,0,13,15,0.19230769230769232,2.3076923076923075,0.9910845174403943,1,5,1.6691803368667308,0.0,0,-0.4046822742474917,1,1,1.0,6,2.6153846153846154,2,2,2.6983740691779468,0.3097908709002763,15.640274109741032,0,2,0.16666666666666666,0.15384615384615385,2.0,2,2,0,0,2,0.6666666666666666,0.06060606060606061,0.3333333333333333,0.13748228725776263,0.07012567929970452,2,0,0,1.0,3.0,5,7,7,13.310669611326363
Garr201201,slice 490,src/graph_reconstruct_attacks/data/vne_instances/Garr201201/slice 490,0,12,15,0.22727272727272727,2.5,1.0408329997330663,1,4,1.8879185026711325,0.125,0.10344827586206896,-0.00558659217877115,1,1,1.0,5,2.4545454545454546,3,3,2.9656111504493925,0.3751387927493755,14.428729529828047,0,1,0.09090909090909091,0.08333333333333333,3.0,3,3,0,0,1,1.0,0.0,0.3333333333333333,0.09250714777332085,0.04184061606263306,1,0,1,1.0,3.0,4,3,3,12.638843434179455
Garr201201,slice 491,src/graph_reconstruct_attacks/data/vne_instances/Garr201201/slice 491,0,11,11,0.2,2.0,0.6030226891555273,1,3,1.3092966682370037,0.0,0,-0.374999999999999,1,1,1.0,8,3.3454545454545452,7,6,2.2294657949275543,0.11172577208558786,11.077925645748465,0,2,0.2,0.18181818181818182,2.5,2,3,0,0,2,0.6666666666666666,0.08888888888888889,0.2857142857142857,0.38515218358608594,0.08456981484070217,2,0,0,1.0,3.5,7,7,7,8.947513679120226
Garr201201,slice 492,src/graph_reconstruct_attacks/data/vne_instances/Garr201201/slice 492,0,10,10,0.2222222222222222,2.0,0.6324555320336759,1,3,1.3709505944546687,0.0,0,-0.3888888888888899,1,1,1.0,7,3.088888888888889,6,5,2.2095923278191587,0.13064772411900896,9.503816179887517,0,2,0.2222222222222222,0.2,2.5,2,3,0,0,2,0.6666666666666666,0.5555555555555556,0.42857142857142855,0.2593634630494929,0.09955811844285407,1,1,2,1.0,2.3333333333333335,4,6,6,7.480873803373035
Garr201201,slice 493,src/graph_reconstruct_attacks/data/vne_instances/Garr201201/slice 493,0,13,20,0.2564102564102564,3.076923076923077,0.9970370305242863,1,5,1.9877733714879842,0.14871794871794872,0.125,-0.1309523809523833,1,1,1.0,4,2.076923076923077,1,1,3.418298028587196,0.6653588715309147,18.296714439975105,0,4,0.3333333333333333,0.3076923076923077,3.0,1,4,0.16666666666666666,1,5,0.5,0.19823232323232323,0.5217391304347826,0.33160086909954845,0.10107911055435655,2,1,1,1.0,1.9166666666666667,3,3,3,14.932179723270043
Garr201201,slice 494,src/graph_reconstruct_attacks/data/vne_instances/Garr201201/slice 494,0,13,15,0.19230769230769232,2.3076923076923075,0.8213137116947163,1,4,1.7381493331928664,0.0,0,-0.24999999999999914,1,1,1.0,6,2.730769230769231,3,3,2.591585619090004,0.22952420821224456,15.640274109741032,0,3,0.25,0.23076923076923078,2.6666666666666665,2,4,0,0,3,0.5,0.19444444444444445,0.41379310344827586,0.37210815776582123,0.09426156492353863,2,0,0,1.0,2.4166666666666665,5,4,4,12.692219203810254
Garr201201,slice 495,src/graph_reconstruct_attacks/data/vne_instances/Garr201201/slice 495,0,13,17,0.21794871794871795,2.6153846153846154,1.2733034890189885,1,5,2.199687794731328,0.17435897435897435,0.23684210526315788,-0.07746478873239532,1,1,1.0,5,2.4358974358974357,4,3,3.3193955696747937,0.3251872955774124,16.797437444658673,0,1,0.08333333333333333,0.07692307692307693,5.0,5,5,0,0,1,1.0,0.0,0.375,0.1278467536905115,0.03551756123392692,1,0,1,1.0,2.6666666666666665,4,3,3,14.932179723270043
Garr201201,slice 496,src/graph_reconstruct_attacks/data/vne_instances/Garr201201/slice 496,0,11,11,0.2,2.0,0.8528028654224418,1,4,1.6171895725927152,0.0,0,-0.3619047619047609,1,1,1.0,8,3.1636363636363636,7,6,2.4109855897886896,0.14187295242301776,11.077925645748465,0,2,0.2,0.18181818181818182,1.5,1,2,0,0,2,0.6666666666666666,0.2,0.2702702702702703,0.0754678870051283,0.10278876670198735,1,1,2,1.0,3.7,7,6,6,8.947513679120226
Garr201201,slice 497,src/graph_reconstruct_attacks/data/vne_instances/Garr201201/slice 497,0,13,18,0.23076923076923078,2.769230769230769,0.8904489925223251,1,4,1.8262452584026092,0.1282051282051282,0.16216216216216217,0.07906976744186021,1,1,1.0,5,2.3846153846153846,2,2,3.148415514165593,0.29126325624860344,17.32749477456612,0,4,0.3333333333333333,0.3076923076923077,3.0,2,4,0,0,4,0.4,0.32575757575757575,0.5714285714285714,0.34795066528605745,0.10482123474002436,2,0,0,1.0,1.75,3,3,1,13.888817445248913
Garr201201,slice 498,src/graph_reconstruct_attacks/data/vne_instances/Garr201201/slice 498,0,13,15,0.19230769230769232,2.3076923076923075,0.9101661204768642,1,4,1.8262452584026092,0.0641025641025641,0.12,-0.1612903225806446,1,1,1.0,6,2.641025641025641,3,3,2.712595767793542,0.319513167588219,15.640274109741032,0,1,0.08333333333333333,0.07692307692307693,4.0,4,4,0,0,1,1.0,0.0,0.3333333333333333,0.18142810596488892,0.03804710723540551,1,0,1,1.0,3.0,5,3,3,13.888817445248913
Garr201201,slice 499,src/graph_reconstruct_attacks/data/vne_instances/Garr201201/slice 499,0,12,16,0.24242424242424243,2.6666666666666665,1.4907119849998598,1,5,1.9591479170272446,0.3833333333333333,0.3,-0.5833333333333334,1,1,1.0,4,2.3333333333333335,3,2,3.3362439772576478,0.3351023081381361,14.932179723270043,0,1,0.09090909090909091,0.08333333333333333,5.0,5,5,0,0,1,1.0,0.0,0.3548387096774194,0.08301653975193657,0.03878694455724355,1,0,1,1.0,2.8181818181818183,4,3,3,13.075536031843507
Garr201201,slice 5,src/graph_reconstruct_attacks/data/vne_instances/Garr201201/slice 5,0,10,10,0.2222222222222222,2.0,0.6324555320336759,1,3,1.3709505944546687,0.0,0,-0.11111111111111223,1,1,1.0,7,3.1333333333333333,6,6,2.2892257071671613,0.12804676603428997,9.503816179887517,0,2,0.2222222222222222,0.2,2.0,2,2,0,0,2,0.6666666666666666,0.38888888888888884,0.3333333333333333,0.1013505509206851,0.10668961016468057,1,1,2,1.0,3.0,5,6,6,7.480873803373035
Garr201201,slice 50,src/graph_reconstruct_attacks/data/vne_instances/Garr201201/slice 50,0,10,9,0.2,1.8,1.077032961426901,1,4,1.5709505944546687,0.0,0,-0.5545454545454551,1,1,1.0,5,2.6222222222222222,9,4,2.27113760576572,0.1881040062545344,8.947513679120226,0,4,0.4444444444444444,0.4,1.5,1,3,0,0,4,0.4,0.5833333333333333,0.5,0.5339403643998125,0.21196918808688264,1,1,4,1.0,2.0,4,1,1,5.576332134309985
Garr201201,slice 51,src/graph_reconstruct_attacks/data/vne_instances/Garr201201/slice 51,0,13,16,0.20512820512820512,2.4615384615384617,0.8426500884694864,1,4,1.6691803368667308,0.11538461538461539,0.10714285714285714,-0.08333333333333333,1,1,1.0,5,2.6025641025641026,1,1,2.794214238047972,0.35525161001146904,16.2354946765387,0,2,0.16666666666666666,0.15384615384615385,3.0,2,4,0,0,2,0.6666666666666666,0.030303030303030304,0.35294117647058826,0.2609552273407567,0.062422881090603254,2,0,0,1.0,2.8333333333333335,5,7,6,13.888817445248913
Garr201201,slice 52,src/graph_reconstruct_attacks/data/vne_instances/Garr201201/slice 52,0,13,13,0.16666666666666666,2.0,1.3587324409735149,1,5,1.6691803368667308,0.09743589743589744,0.12,-0.4875621890547269,1,1,1.0,6,2.8205128205128207,10,5,2.7731444012861948,0.16040660132396717,14.343400073848198,0,2,0.16666666666666666,0.15384615384615385,1.5,1,2,0,0,2,0.6666666666666666,0.16666666666666669,0.3076923076923077,0.09584489593250262,0.08461845340775472,1,1,2,1.0,3.25,5,3,2,12.031037760363619
Garr201201,slice 53,src/graph_reconstruct_attacks/data/vne_instances/Garr201201/slice 53,0,13,23,0.2948717948717949,3.5384615384615383,1.336780553614059,1,6,2.4116022179746714,0.32564102564102565,0.3,-0.0601792573623572,1,1,1.0,4,2.0,1,1,4.075441483663395,0.6202990466073255,19.537835504643017,0,3,0.25,0.23076923076923078,4.0,3,5,0.3333333333333333,1,4,0.6666666666666666,0.037121212121212124,0.5,0.19680336266589912,0.06626175880237584,3,0,0,1.0,2.0,3,3,2,16.60917987984748
Garr201201,slice 54,src/graph_reconstruct_attacks/data/vne_instances/Garr201201/slice 54,0,11,14,0.2545454545454545,2.5454545454545454,0.7820295697311479,2,4,1.3092966682370037,0.0,0,-0.544827586206895,1,1,1.0,4,2.1272727272727274,0,0,2.730141385743275,0.6309692001742514,12.638843434179455,0,2,0.2,0.18181818181818182,3.0,2,4,0,0,2,0.6666666666666666,0.10185185185185185,0.43478260869565216,0.19156894212413886,0.0762299915892817,2,0,0,1.0,2.3,4,7,7,10.458789210074194
Garr201201,slice 55,src/graph_reconstruct_attacks/data/vne_instances/Garr201201/slice 55,0,11,13,0.23636363636363636,2.3636363636363638,0.8813963377120597,1,4,1.8230679822736608,0.1515151515151515,0.13636363636363635,-0.14035087719298256,1,1,1.0,5,2.4363636363636365,3,3,2.7409978648699793,0.332907743445288,12.161722179459781,0,1,0.1,0.09090909090909091,2.0,2,2,0,0,1,1.0,0.0,0.30303030303030304,0.07024401742178851,0.05085797706926818,1,0,1,1.0,3.3,5,2,2,10.458789210074194
Garr201201,slice 56,src/graph_reconstruct_attacks/data/vne_instances/Garr201201/slice 56,0,13,17,0.21794871794871795,2.6153846153846154,1.44320484917644,1,5,2.2577560641285177,0.12564102564102564,0.21951219512195122,-0.30769230769230865,1,1,1.0,4,2.3333333333333335,4,3,3.403008604135813,0.4966038696128201,16.797437444658673,0,1,0.08333333333333333,0.07692307692307693,5.0,5,5,0,0,1,1.0,0.0,0.36363636363636365,0.1292856323183992,0.034877278856517785,1,0,1,1.0,2.75,4,4,4,14.932179723270043
Garr201201,slice 57,src/graph_reconstruct_attacks/data/vne_instances/Garr201201/slice 57,0,7,7,0.3333333333333333,2.0,0.7559289460184544,1,3,1.5566567074628228,0.0,0,-0.45833333333333276,1,1,1.0,3,1.9047619047619047,2,2,2.2143197433775352,0.6227971460270424,5.065505023098389,0,3,0.5,0.42857142857142855,2.0,1,3,0,0,3,0.5,0.4666666666666667,0.6666666666666666,0.4971536808707693,0.2086923698741716,2,1,1,1.0,1.5,2,2,2,3.135132651376774
Garr201201,slice 58,src/graph_reconstruct_attacks/data/vne_instances/Garr201201/slice 58,0,13,14,0.1794871794871795,2.1538461538461537,1.166596222161777,1,5,1.8262452584026092,0.05897435897435897,0.12,-0.1629392971246015,1,1,1.0,7,2.923076923076923,8,7,2.8680366198277065,0.17338518566132527,15.010185394812815,0,5,0.4166666666666667,0.38461538461538464,2.2,1,3,0.1,1,6,0.4,0.5227272727272727,0.5,0.5448712152125061,0.16069087297287757,2,1,2,1.0,2.0,4,1,1,10.568367562843136
Garr201201,slice 59,src/graph_reconstruct_attacks/data/vne_instances/Garr201201/slice 59,0,8,9,0.32142857142857145,2.25,0.6614378277661477,1,3,1.4056390622295665,0.0,0,0.06896551724138013,1,1,1.0,5,2.2142857142857144,2,2,2.487046420830363,0.3456828802238723,6.839283168216569,0,3,0.42857142857142855,0.375,2.6666666666666665,2,3,0,0,3,0.5,0.365079365079365,0.5833333333333334,0.4839717939265947,0.15533287226660192,2,0,0,1.0,1.7142857142857142,3,3,3,4.734511804056966
Garr201201,slice 6,src/graph_reconstruct_attacks/data/vne_instances/Garr201201/slice 6,0,13,17,0.21794871794871795,2.6153846153846154,1.3323467750529823,1,6,2.0458416408851736,0.14615384615384613,0.15384615384615385,-0.16369047619047714,1,1,1.0,5,2.4871794871794872,5,4,3.341313468822122,0.22542453134232043,16.797437444658673,0,4,0.3333333333333333,0.3076923076923077,3.75,2,6,0.3333333333333333,2,6,0.6,0.1590909090909091,0.5,0.43424327888774694,0.10287222741711886,2,0,0,1.0,2.0,4,2,1,13.310669611326363
Garr201201,slice 60,src/graph_reconstruct_attacks/data/vne_instances/Garr201201/slice 60,0,12,13,0.19696969696969696,2.1666666666666665,0.8975274678557507,1,4,1.8250112108241772,0.0,0,-0.17293233082706827,1,1,1.0,6,2.712121212121212,5,4,2.5675649041577318,0.1971565037236583,13.310669611326363,0,3,0.2727272727272727,0.25,2.6666666666666665,2,4,0,0,3,0.5,0.21818181818181817,0.4583333333333333,0.4178868492854528,0.10454605254224111,2,0,0,1.0,2.1818181818181817,4,3,3,10.466105817131357
Garr201201,slice 61,src/graph_reconstruct_attacks/data/vne_instances/Garr201201/slice 61,0,11,14,0.2545454545454545,2.5454545454545454,1.4993111365882401,1,5,2.186704345910025,0.17272727272727273,0.2647058823529412,-0.42718446601941784,1,1,1.0,4,2.2181818181818183,4,2,3.3039103782383554,0.3859098030819995,12.638843434179455,0,4,0.4,0.36363636363636365,2.75,1,5,0.16666666666666666,1,5,0.5,0.2925925925925926,0.5263157894736842,0.36474083018174297,0.13590990722922167,2,1,1,1.0,1.9,3,1,1,9.503816179887517
Garr201201,slice 62,src/graph_reconstruct_attacks/data/vne_instances/Garr201201/slice 62,0,7,7,0.3333333333333333,2.0,0.7559289460184544,1,3,1.5566567074628228,0.0,0,-0.1666666666666663,1,1,1.0,4,2.0952380952380953,3,3,2.276388221734683,0.3819660112501053,5.065505023098389,0,3,0.5,0.42857142857142855,2.0,1,3,0,0,3,0.5,0.43333333333333335,0.6,0.5033082934079519,0.20496377401475904,2,1,1,1.0,1.6666666666666667,3,2,2,3.135132651376774
Garr201201,slice 63,src/graph_reconstruct_attacks/data/vne_instances/Garr201201/slice 63,0,13,17,0.21794871794871795,2.6153846153846154,1.1461280327501029,1,5,2.1339375660949167,0.0,0,-0.18604651162790792,1,1,1.0,6,2.5641025641025643,2,3,3.1282224345264797,0.3128640838602464,16.797437444658673,0,4,0.3333333333333333,0.3076923076923077,2.75,2,4,0,0,4,0.4,0.42550505050505055,0.48,0.3421237765810094,0.1111401744453734,2,1,0,1.0,2.0833333333333335,4,2,2,13.310669611326363
Garr201201,slice 64,src/graph_reconstruct_attacks/data/vne_instances/Garr201201/slice 64,0,9,8,0.2222222222222222,1.7777777777777777,0.6285393610547089,1,3,1.3516441151533924,0.0,0,0.0,1,1,1.0,6,2.8333333333333335,8,6,2.052880840033716,0.19806226419516185,7.480873803373035,0,2,0.25,0.2222222222222222,2.0,1,3,0,0,2,0.6666666666666666,0.25,0.4,0.3681603558983799,0.12403247479941046,1,1,2,1.0,2.5,4,5,5,5.576041733441991
Garr201201,slice 65,src/graph_reconstruct_attacks/data/vne_instances/Garr201201/slice 65,0,11,12,0.21818181818181817,2.1818181818181817,0.8331955809010617,1,4,1.6858157091530304,0.0,0,-0.11111111111111027,1,1,1.0,5,2.5272727272727273,3,4,2.5168870649067303,0.294640856664821,11.642197076187038,0,2,0.2,0.18181818181818182,2.0,2,2,0,0,2,0.6666666666666666,0.011111111111111112,0.3125,0.24358109830330488,0.08215370931183025,2,0,0,1.0,3.2,5,6,6,9.503816179887517
Garr201201,slice 66,src/graph_reconstruct_attacks/data/vne_instances/Garr201201/slice 66,0,10,11,0.24444444444444444,2.2,1.32664991614216,1,5,1.3609640474436813,0.1,0.13636363636363635,-0.5999999999999998,1,1,1.0,4,2.2222222222222223,5,3,2.792221048681019,0.4157549460290173,10.006491539079562,0,3,0.3333333333333333,0.3,3.0,1,5,0,0,3,0.5,0.2777777777777778,0.5625,0.37031178363753875,0.13320354908975757,2,1,1,1.0,1.7777777777777777,3,4,1,7.480873803373035
Garr201201,slice 67,src/graph_reconstruct_attacks/data/vne_instances/Garr201201/slice 67,0,11,12,0.21818181818181817,2.1818181818181817,0.7158188976374373,1,4,1.2776134368191154,0.0,0,-0.5157894736842126,1,1,1.0,6,2.8181818181818183,3,3,2.362801760360053,0.15499664023575532,11.642197076187038,0,3,0.3,0.2727272727272727,2.0,2,2,0,0,3,0.5,0.4777777777777778,0.4166666666666667,0.34711036663385875,0.11896117437780991,2,1,1,1.0,2.4,4,1,1,8.947513679120226
Garr201201,slice 68,src/graph_reconstruct_attacks/data/vne_instances/Garr201201/slice 68,0,8,9,0.32142857142857145,2.25,0.82915619758885,1,3,1.5,0.0,0,-0.4210526315789463,1,1,1.0,4,1.9642857142857142,2,2,2.511959612199782,0.5202831407855314,6.839283168216569,0,3,0.42857142857142855,0.375,2.0,1,3,0,0,3,0.5,0.3333333333333333,0.5833333333333334,0.3688340537590629,0.16714791532699275,2,1,1,1.0,1.7142857142857142,3,4,4,4.734511804056966
Garr201201,slice 69,src/graph_reconstruct_attacks/data/vne_instances/Garr201201/slice 69,0,11,13,0.23636363636363636,2.3636363636363638,0.8813963377120598,1,4,1.823067982273661,0.0,0,-0.7105263157894726,1,1,1.0,6,2.4727272727272727,2,2,2.60725344459266,0.3365922988738342,12.161722179459781,0,2,0.2,0.18181818181818182,3.5,3,4,0,0,2,0.6666666666666666,0.06666666666666667,0.4166666666666667,0.2947556901883103,0.07670178303037238,2,0,0,1.0,2.4,4,4,4,10.006491539079562
Garr201201,slice 7,src/graph_reconstruct_attacks/data/vne_instances/Garr201201/slice 7,0,13,15,0.19230769230769232,2.3076923076923075,1.0658774200423862,1,4,1.9500637564362098,0.05128205128205128,0.1111111111111111,0.09722222222222122,1,1,1.0,5,2.641025641025641,5,5,2.8990635535693485,0.2971957852798766,15.640274109741032,0,2,0.16666666666666666,0.15384615384615385,2.5,2,3,0,0,2,0.6666666666666666,0.030303030303030304,0.35294117647058826,0.1609545888135755,0.06793991113862922,2,0,0,1.0,2.8333333333333335,5,3,3,13.310669611326363
Garr201201,slice 70,src/graph_reconstruct_attacks/data/vne_instances/Garr201201/slice 70,0,10,10,0.2222222222222222,2.0,0.7745966692414834,1,3,1.5709505944546684,0.23333333333333334,0.23076923076923078,-0.5686274509803901,1,1,1.0,6,3.0,7,5,2.2561897492053373,0.1338017374909773,9.503816179887517,0,1,0.1111111111111111,0.1,3.0,3,3,0,0,1,1.0,0.0,0.28125,0.08113998560756912,0.060599447889359004,1,0,1,1.0,3.5555555555555554,6,3,3,7.9737893252759235
Garr201201,slice 71,src/graph_reconstruct_attacks/data/vne_instances/Garr201201/slice 71,0,13,20,0.2564102564102564,3.076923076923077,1.327898192433236,1,6,2.3158243335257076,0.18974358974358976,0.22641509433962265,-0.37483787289234805,1,1,1.0,5,2.217948717948718,1,1,3.602767349566239,0.43451213408252976,18.296714439975105,0,6,0.5,0.46153846153846156,2.8333333333333335,2,4,0.2,3,9,0.42857142857142855,0.2272727272727273,0.5454545454545454,0.4845067458883835,0.13803227473581636,2,0,0,1.0,1.8333333333333333,4,1,1,13.888817445248913
Garr201201,slice 72,src/graph_reconstruct_attacks/data/vne_instances/Garr201201/slice 72,0,11,13,0.23636363636363636,2.3636363636363638,1.2264306875665492,1,4,1.9362600275315274,0.22727272727272727,0.46153846153846156,0.12499999999999938,1,1,1.0,6,2.727272727272727,7,6,3.2548404709152594,0.16575681568607709,12.161722179459781,0,2,0.2,0.18181818181818182,1.5,1,2,0,0,2,0.6666666666666666,0.2,0.3125,0.022028116285071196,0.09952078821607353,1,1,2,1.0,3.2,5,2,2,10.006491539079562
Garr201201,slice 73,src/graph_reconstruct_attacks/data/vne_instances/Garr201201/slice 73,0,13,12,0.15384615384615385,1.8461538461538463,0.7692307692307693,1,3,1.5485806065228545,0.0,0,-0.34999999999999776,1,1,1.0,9,3.769230769230769,12,8,2.1487559875808055,0.0814019035828984,13.637799490613178,0,1,0.08333333333333333,0.07692307692307693,2.0,2,2,0,0,1,1.0,0.0,0.2033898305084746,0.12239995604795605,0.04838152449892058,1,0,1,1.0,4.916666666666667,9,5,5,12.031037760363619
Garr201201,slice 74,src/graph_reconstruct_attacks/data/vne_instances/Garr201201/slice 74,0,12,20,0.30303030303030304,3.3333333333333335,1.178511301977579,1,5,2.188721875540867,0.20555555555555557,0.16363636363636364,-0.2530120481927706,1,1,1.0,4,1.893939393939394,1,1,3.7058857572579824,0.737629683727463,16.60917987984748,0,4,0.36363636363636365,0.3333333333333333,3.5,2,5,0,0,4,0.4,0.15545454545454543,0.6111111111111112,0.3025093120676874,0.09899260573111829,3,0,0,1.0,1.6363636363636365,2,4,2,13.473476040515532
Garr201201,slice 75,src/graph_reconstruct_attacks/data/vne_instances/Garr201201/slice 75,0,10,11,0.24444444444444444,2.2,0.9797958971132713,1,4,1.895461844238322,0.15,0.16666666666666666,-0.3619047619047602,1,1,1.0,4,2.2888888888888888,3,3,2.5923840035710928,0.42918422773418474,10.006491539079562,0,2,0.2222222222222222,0.2,3.5,3,4,1.0,1,3,1.0,0.0,0.42857142857142855,0.38219455318201895,0.08681739236270836,2,0,0,1.0,2.3333333333333335,4,3,1,7.9737893252759235
Garr201201,slice 76,src/graph_reconstruct_attacks/data/vne_instances/Garr201201/slice 76,0,12,12,0.18181818181818182,2.0,0.7071067811865476,1,3,1.5,0.0,0,-0.1428571428571444,1,1,1.0,7,3.090909090909091,6,6,2.28794056649386,0.1649465905910543,12.692219203810254,0,1,0.09090909090909091,0.08333333333333333,3.0,3,3,0,0,1,1.0,0.0,0.275,0.17750076452070257,0.046118353429005526,1,0,1,1.0,3.6363636363636362,7,3,3,11.077925645748465
Garr201201,slice 77,src/graph_reconstruct_attacks/data/vne_instances/Garr201201/slice 77,0,9,9,0.25,2.0,0.6666666666666666,1,3,1.4355205042826666,0.0,0,-0.1249999999999988,1,1,1.0,5,2.4722222222222223,4,3,2.2302513871561147,0.23106752724837498,7.9737893252759235,0,1,0.125,0.1111111111111111,3.0,3,3,0,0,1,1.0,0.0,0.36363636363636365,0.19062424772975986,0.06377773617454763,1,0,1,1.0,2.75,4,2,2,6.4924956819919135
Garr201201,slice 78,src/graph_reconstruct_attacks/data/vne_instances/Garr201201/slice 78,0,12,16,0.24242424242424243,2.6666666666666665,1.5456030825826172,1,6,2.188721875540867,0.13055555555555556,0.21951219512195122,-0.3970345963756178,1,1,1.0,4,2.196969696969697,4,2,3.4420869413730797,0.529181906291701,14.932179723270043,0,3,0.2727272727272727,0.25,3.3333333333333335,1,6,0,0,3,0.5,0.21818181818181817,0.5238095238095238,0.238625252936626,0.09859007484444932,2,1,1,1.0,1.9090909090909092,3,2,1,12.161722179459781
Garr201201,slice 79,src/graph_reconstruct_attacks/data/vne_instances/Garr201201/slice 79,0,8,8,0.2857142857142857,2.0,0.7071067811865476,1,3,1.5,0.0,0,-0.14285714285714285,1,1,1.0,5,2.4285714285714284,4,4,2.2853322091009924,0.24418484847625435,6.4924956819919135,0,3,0.42857142857142855,0.375,2.0,1,3,0,0,3,0.5,0.38095238095238093,0.5,0.4949347156773142,0.17709991662808194,2,1,1,1.0,2.0,4,2,2,4.308543071784685
Garr201201,slice 8,src/graph_reconstruct_attacks/data/vne_instances/Garr201201/slice 8,0,10,13,0.28888888888888886,2.6,1.019803902718557,1,4,1.9219280948873623,0.2333333333333333,0.23076923076923078,-0.39999999999999997,1,1,1.0,4,2.088888888888889,2,2,2.9390305829193917,0.5542300838371615,10.86335979764525,0,3,0.3333333333333333,0.3,2.6666666666666665,2,3,0.3333333333333333,1,4,0.6666666666666666,0.125,0.47368421052631576,0.2881434551782609,0.11147384473261583,2,0,0,1.0,2.111111111111111,4,4,3,8.405153089434915
Garr201201,slice 80,src/graph_reconstruct_attacks/data/vne_instances/Garr201201/slice 80,0,12,12,0.18181818181818182,2.0,1.5275252316519468,1,6,1.780672129520887,0.0,0,-0.6791044776119394,1,1,1.0,4,2.5,8,4,2.7526513482706925,0.3091606826913977,12.692219203810254,0,2,0.18181818181818182,0.16666666666666666,5.0,4,6,0,0,2,0.6666666666666666,0.13636363636363635,0.4782608695652174,0.3445004490824338,0.0791458898377131,2,0,0,1.0,2.090909090909091,4,2,2,10.466105817131357
Garr201201,slice 81,src/graph_reconstruct_attacks/data/vne_instances/Garr201201/slice 81,0,10,12,0.26666666666666666,2.4,1.4966629547095764,1,5,1.9219280948873623,0.33999999999999997,0.32142857142857145,-0.46511627906976666,1,1,1.0,4,2.1333333333333333,4,3,3.117898519433874,0.38828437055710424,10.458789210074194,0,1,0.1111111111111111,0.1,5.0,5,5,0,0,1,1.0,0.0,0.4090909090909091,0.15908650990484072,0.048813561271378855,1,0,1,1.0,2.4444444444444446,4,4,4,8.778733752247508
Garr201201,slice 82,src/graph_reconstruct_attacks/data/vne_instances/Garr201201/slice 82,0,13,21,0.2692307692307692,3.230769230769231,1.2498520622516862,1,5,2.1619781796795534,0.11025641025641025,0.15789473684210525,-0.3461538461538451,1,1,1.0,4,2.217948717948718,2,1,3.771731454379255,0.4171969137377687,18.737923138804117,0,4,0.3333333333333333,0.3076923076923077,2.0,1,3,0,0,4,0.4,0.33131313131313134,0.48,0.1265952019170218,0.11434137386429408,2,1,2,1.0,2.0833333333333335,3,4,3,15.40070080622779
Garr201201,slice 83,src/graph_reconstruct_attacks/data/vne_instances/Garr201201/slice 83,0,11,14,0.2545454545454545,2.5454545454545454,1.0756508696544755,1,4,1.789929075309999,0.1515151515151515,0.21428571428571427,0.09090909090908936,1,1,1.0,6,2.4,4,4,3.0711646437334674,0.3271178894981552,12.638843434179455,0,3,0.3,0.2727272727272727,3.3333333333333335,3,4,0.3333333333333333,1,4,0.6666666666666666,0.1222222222222222,0.5,0.3755839888098496,0.09855766536218773,2,0,0,1.0,2.0,3,5,4,10.006491539079562
Garr201201,slice 84,src/graph_reconstruct_attacks/data/vne_instances/Garr201201/slice 84,0,9,9,0.25,2.0,0.816496580927726,1,3,1.584962500721156,0.18518518518518517,0.25,-0.19999999999999962,1,1,1.0,6,2.7222222222222223,6,5,2.409612546364719,0.18304426766995704,7.9737893252759235,0,1,0.125,0.1111111111111111,3.0,3,3,0,0,1,1.0,0.0,0.3076923076923077,0.14130449613614265,0.06448802515758945,1,0,1,1.0,3.25,6,3,3,6.4924956819919135
Garr201201,slice 85,src/graph_reconstruct_attacks/data/vne_instances/Garr201201/slice 85,0,9,9,0.25,2.0,0.9428090415820634,1,4,1.7527152789797045,0.2592592592592593,0.23076923076923078,-0.19277108433734955,1,1,1.0,4,2.361111111111111,6,4,2.414213562373093,0.3046890895905212,7.9737893252759235,0,2,0.25,0.2222222222222222,2.5,1,4,0,0,2,0.6666666666666666,0.25,0.47058823529411764,0.25794590652085514,0.1189574589633638,1,1,2,1.0,2.125,3,4,2,6.073366374249938
Garr201201,slice 86,src/graph_reconstruct_attacks/data/vne_instances/Garr201201/slice 86,0,13,17,0.21794871794871795,2.6153846153846154,1.2113858267710478,1,5,2.199687794731328,0.05897435897435897,0.08108108108108109,-0.246073298429321,1,1,1.0,4,2.3461538461538463,3,2,3.1414662509025013,0.39121811740441736,16.797437444658673,0,3,0.25,0.23076923076923078,3.6666666666666665,3,5,0.3333333333333333,1,4,0.6666666666666666,0.06818181818181818,0.48,0.35092181657254834,0.08308133199862307,2,0,0,1.0,2.0833333333333335,3,4,2,13.888817445248913
Garr201201,slice 87,src/graph_reconstruct_attacks/data/vne_instances/Garr201201/slice 87,0,12,15,0.22727272727272727,2.5,1.3228756555322954,1,5,1.8250112108241772,0.10555555555555556,0.09090909090909091,-0.4772727272727264,1,1,1.0,5,2.242424242424242,3,3,3.063673277932033,0.5643077832961728,14.428729529828047,0,2,0.18181818181818182,0.16666666666666666,4.0,4,4,0,0,2,0.6666666666666666,0.04242424242424242,0.4583333333333333,0.25673214125224203,0.06653686047457197,2,0,0,1.0,2.1818181818181817,3,5,4,12.161722179459781
Garr201201,slice 88,src/graph_reconstruct_attacks/data/vne_instances/Garr201201/slice 88,0,11,11,0.2,2.0,0.7385489458759964,1,3,1.5394847569315018,0.1515151515151515,0.21428571428571427,-0.15789473684210384,1,1,1.0,8,3.3454545454545452,8,7,2.3965900232672617,0.10876156414798163,11.077925645748465,0,2,0.2,0.18181818181818182,1.5,1,2,0,0,2,0.6666666666666666,0.2,0.25,0.02907837899720495,0.10449487761343175,1,1,2,1.0,4.0,7,5,4,8.947513679120226
Garr201201,slice 89,src/graph_reconstruct_attacks/data/vne_instances/Garr201201/slice 89,0,9,8,0.2222222222222222,1.7777777777777777,1.0304020550550783,1,4,1.6577427265048887,0.0,0,-0.3793103448275862,1,1,1.0,5,2.4444444444444446,8,4,2.2469796037174667,0.2427033726593428,7.480873803373035,0,3,0.375,0.3333333333333333,2.3333333333333335,1,4,0,0,3,0.5,0.6071428571428571,0.5714285714285714,0.4815881171200634,0.17647152132422841,1,1,3,1.0,1.75,3,1,1,4.992465147808038
Garr201201,slice 9,src/graph_reconstruct_attacks/data/vne_instances/Garr201201/slice 9,0,9,9,0.25,2.0,0.816496580927726,1,3,1.584962500721156,0.18518518518518517,0.25,-1.9984014443252762e-16,1,1,1.0,6,2.638888888888889,6,5,2.414213562373095,0.20103892671168963,7.9737893252759235,0,1,0.125,0.1111111111111111,2.0,2,2,0,0,1,1.0,0.0,0.2857142857142857,0.07435965480491097,0.06812118066588163,1,0,1,1.0,3.5,6,3,3,6.4924956819919135
Garr201201,slice 90,src/graph_reconstruct_attacks/data/vne_instances/Garr201201/slice 90,0,12,14,0.21212121212121213,2.3333333333333335,1.3743685418725535,1,5,2.1174924611847548,0.036111111111111115,0.1,-0.24444444444444377,1,1,1.0,4,2.3333333333333335,5,4,3.036035340649208,0.39448180173303854,13.888817445248913,0,3,0.2727272727272727,0.25,2.6666666666666665,1,5,0,0,3,0.5,0.23939393939393933,0.4782608695652174,0.2661635432226797,0.10725699170757938,2,1,1,1.0,2.090909090909091,3,2,2,11.077925645748465
Garr201201,slice 91,src/graph_reconstruct_attacks/data/vne_instances/Garr201201/slice 91,0,10,11,0.24444444444444444,2.2,1.077032961426901,1,4,1.8464393446710154,0.2,0.3157894736842105,-0.13793103448275834,1,1,1.0,6,2.8,6,6,2.8625264676238236,0.15920591454750815,10.006491539079562,0,2,0.2222222222222222,0.2,4.0,4,4,1.0,1,3,1.0,0.0,0.34615384615384615,0.37203656383297,0.08395295137463546,2,0,0,1.0,2.888888888888889,6,4,1,7.9737893252759235
Garr201201,slice 92,src/graph_reconstruct_attacks/data/vne_instances/Garr201201/slice 92,0,13,21,0.2692307692307692,3.230769230769231,1.671196998646187,2,7,2.0349409139562287,0.4520146520146521,0.23076923076923078,-0.4581525108493489,1,1,1.0,3,1.9615384615384615,0,0,3.860631295038291,0.6937051692636075,18.737923138804117,0,3,0.25,0.23076923076923078,4.666666666666667,3,6,0,0,3,0.5,0.09595959595959595,0.5714285714285714,0.24504136898334766,0.07140808410892727,2,0,0,1.0,1.75,2,2,2,15.835624381153007
Garr201201,slice 93,src/graph_reconstruct_attacks/data/vne_instances/Garr201201/slice 93,0,13,17,0.21794871794871795,2.6153846153846154,1.1461280327501029,1,5,2.1339375660949167,0.2205128205128205,0.25,-0.1421188630490971,1,1,1.0,4,2.3461538461538463,2,2,3.129738632276518,0.52588944670978,16.797437444658673,0,2,0.16666666666666666,0.15384615384615385,2.5,2,3,0,0,2,0.6666666666666666,0.022727272727272728,0.375,0.16019733470441835,0.06160277707173271,2,0,0,1.0,2.6666666666666665,4,5,4,14.428729529828047
Garr201201,slice 94,src/graph_reconstruct_attacks/data/vne_instances/Garr201201/slice 94,0,10,13,0.28888888888888886,2.6,1.2,1,5,2.1709505944546685,0.18666666666666668,0.21428571428571427,-0.17695473251028848,1,1,1.0,4,2.1555555555555554,3,3,3.17226235811348,0.3336989939740023,10.86335979764525,0,1,0.1111111111111111,0.1,5.0,5,5,0,0,1,1.0,0.0,0.4090909090909091,0.16136317017733948,0.04534202393894764,1,0,1,1.0,2.4444444444444446,4,2,2,9.09749251487192
Garr201201,slice 95,src/graph_reconstruct_attacks/data/vne_instances/Garr201201/slice 95,0,12,12,0.18181818181818182,2.0,0.9128709291752769,1,4,1.7841591278514217,0.0,0,-0.0076335877862599485,1,1,1.0,6,2.9545454545454546,8,7,2.5079762923395985,0.19436759495378622,12.692219203810254,0,2,0.18181818181818182,0.16666666666666666,2.0,1,3,0,0,2,0.6666666666666666,0.18181818181818182,0.3333333333333333,0.20412414523193112,0.08687325041252654,1,1,2,1.0,3.0,5,5,5,10.466105817131357
Garr201201,slice 96,src/graph_reconstruct_attacks/data/vne_instances/Garr201201/slice 96,0,8,8,0.2857142857142857,2.0,0.5,1,3,1.061278124459133,0.0,0,-0.06666666666666667,1,1,1.0,6,2.642857142857143,4,4,2.1939932777126576,0.19304164494060233,6.4924956819919135,0,2,0.2857142857142857,0.25,1.5,1,2,0,0,2,0.6666666666666666,0.2857142857142857,0.35,0.12340122705999253,0.14159662655411326,1,1,2,1.0,2.857142857142857,5,6,6,4.734511804056966
Garr201201,slice 97,src/graph_reconstruct_attacks/data/vne_instances/Garr201201/slice 97,0,12,12,0.18181818181818182,2.0,1.0801234497346435,1,4,1.7841591278514217,0.1111111111111111,0.15789473684210525,-0.31937172774869077,1,1,1.0,6,2.984848484848485,9,6,2.616232917852626,0.14069857757587878,12.692219203810254,0,2,0.18181818181818182,0.16666666666666666,2.5,1,4,0,0,2,0.6666666666666666,0.18181818181818182,0.36666666666666664,0.24786274792513438,0.08528824705541421,1,1,2,1.0,2.727272727272727,5,4,3,10.466105817131357
Garr201201,slice 98,src/graph_reconstruct_attacks/data/vne_instances/Garr201201/slice 98,0,13,13,0.16666666666666666,2.0,0.6793662204867574,1,3,1.4572659136233872,0.0,0,-0.31884057971014507,1,1,1.0,8,3.3846153846153846,7,7,2.280029870248304,0.12262796725798883,14.343400073848198,0,2,0.16666666666666666,0.15384615384615385,3.0,3,3,0,0,2,0.6666666666666666,0.20454545454545456,0.35294117647058826,0.3445621082543803,0.07223173045941095,2,0,0,1.0,2.8333333333333335,5,7,7,12.031037760363619
Garr201201,slice 99,src/graph_reconstruct_attacks/data/vne_instances/Garr201201/slice 99,0,9,12,0.3333333333333333,2.6666666666666665,1.4142135623730951,1,5,1.9749375012019272,0.2777777777777778,0.3103448275862069,-0.4448160535117052,1,1,1.0,3,1.8333333333333333,2,2,3.265760456229241,0.7691667073309271,9.09749251487192,0,5,0.625,0.5555555555555556,2.6,1,5,0.2,2,7,0.4666666666666667,0.42857142857142855,0.7272727272727273,0.48671933114690696,0.2003165001407279,2,1,1,1.0,1.375,2,2,1,6.073366374249938
