reward_label,GED,nb_components,nb_edges,nb_neighbors_attackers,error_0,error_1,error_2,error_3,error_4,error_5,error_6,error_7,error_8,error_9,error_10,error_11,error_12,error_13,error_14,error_15
Gram_error_fro,0.0,1,12,3,0.0,0.0,0.0,0.0,0.0,0.0,0.0,0.0,0.0,0.0,0.0,0.0,0.0,0.0,0.0,0.0
Gram_error_fro,2.0,2,12,3,0.0,0.0463461,0.04623728,0.04196089,0.0371815,0.03243669,0.02792162,0.02372927,0.01990623,0.01647996,0.01347567,0.01093054,0.00890766,0.00749974,0.00678935,0.00675208
Gram_error_fro,2.0,1,12,3,0.0,0.06273306,0.0438084,0.0318831,0.02558422,0.0220646,0.01971804,0.01785539,0.01622782,0.01475275,0.01340221,0.01216438,0.01103163,0.00999713,0.0090541,0.00819575
Gram_error_fro,2.0,1,12,3,0.0,0.07796454,0.0561772,0.04335682,0.03660511,0.03214125,0.02858164,0.02551427,0.02280912,0.02040909,0.01827608,0.01637849,0.01468854,0.01318169,0.0118364,0.01063378
Gram_error_fro,2.0,1,12,3,0.0,0.04292809,0.03367516,0.02773458,0.02391694,0.02091176,0.01838344,0.01622791,0.014379,0.01278208,0.01139283,0.01017629,0.00910513,0.00815779,0.00731698,0.00656863
Gram_error_fro,0.0,1,12,3,0.0,0.0,0.0,0.0,0.0,0.0,0.0,0.0,0.0,0.0,0.0,0.0,0.0,0.0,0.0,0.0
Gram_error_fro,2.0,1,12,3,0.0,0.0855743,0.06811113,0.05893152,0.05244807,0.04674199,0.04156497,0.03689852,0.03272731,0.0290206,0.02573842,0.02283767,0.02027595,0.01801357,0.01601452,0.01424672
Gram_error_fro,4.0,1,12,3,0.0,0.09086642,0.06643194,0.05716508,0.05150613,0.04641352,0.04161295,0.03715874,0.03309303,0.02942399,0.02613766,0.02320841,0.02060546,0.01829674,0.01625109,0.01443931
Gram_error_fro,4.0,1,12,3,0.0,0.06393126,0.05611566,0.04726401,0.04009946,0.03434838,0.02958615,0.02556604,0.02214483,0.01922346,0.01672357,0.01457991,0.01273756,0.01115033,0.00977948,0.00859255
Gram_error_fro,4.0,1,12,3,0.0,0.10654601,0.08831492,0.0747996,0.06443594,0.05572264,0.04829911,0.04197466,0.03658048,0.03196669,0.02800616,0.02459345,0.02164184,0.01908003,0.01684931,0.01490108
Gram_error_fro,2.0,1,12,3,0.0,0.06045418,0.06164907,0.05492451,0.04727136,0.04030284,0.03436806,0.02943248,0.0253565,0.02198896,0.01919565,0.01686509,0.0149072,0.01325003,0.01183644,0.01062115
Gram_error_fro,2.0,1,12,3,0.0,0.04974706,0.04577923,0.03994579,0.03508339,0.03105598,0.02762229,0.02465251,0.0220682,0.01981002,0.01782868,0.01608285,0.01453807,0.01316578,0.01194226,0.01084778
Gram_error_fro,2.0,1,12,3,0.0,0.09467688,0.07553273,0.06564677,0.05873514,0.05265893,0.04711664,0.04208406,0.03754658,0.03347526,0.02983319,0.0265812,0.02368088,0.02109602,0.01879325,0.01674218
Gram_error_fro,4.0,1,12,3,0.0,0.06113662,0.04604879,0.03980591,0.03589017,0.03264117,0.02971659,0.02701452,0.02450174,0.02216994,0.02001755,0.01804228,0.01623902,0.01459986,0.01311495,0.01177333
Gram_error_fro,4.0,2,12,3,0.0,0.08627423,0.0763381,0.06472779,0.05508988,0.04675532,0.03940974,0.03293459,0.02725222,0.02229568,0.01801049,0.01436241,0.01134854,0.00901205,0.00744592,0.00673244
Gram_error_fro,4.0,1,12,3,0.0,0.11731337,0.10100421,0.08623626,0.07516447,0.06621616,0.05864344,0.05209581,0.04637924,0.04136506,0.03695549,0.03307044,0.0296419,0.02661133,0.02392806,0.02154815
Gram_error_fro,0.0,1,12,2,0.0,0.0,0.0,0.0,0.0,0.0,0.0,0.0,0.0,0.0,0.0,0.0,0.0,0.0,0.0,0.0
Gram_error_fro,2.0,1,12,2,0.0,0.00765866,0.00312676,0.00229427,0.00230212,0.00233049,0.0022763,0.00216905,0.00203958,0.00190528,0.00177397,0.00164846,0.00152934,0.00141643,0.00130937,0.00120787
Gram_error_fro,2.0,1,12,2,0.0,0.04221711,0.02454232,0.01805965,0.0147792,0.01260293,0.0109217,0.00952818,0.00833885,0.00731098,0.00641705,0.00563661,0.00495337,0.004354,0.0038274,0.00336423
Gram_error_fro,2.0,1,12,2,0.0,0.03977874,0.03319526,0.02950781,0.02619644,0.02296953,0.01990804,0.01710644,0.01461192,0.01243148,0.0105484,0.00893479,0.00755911,0.00639021,0.00539924,0.00456041
Gram_error_fro,2.0,1,12,2,0.0,0.00774739,0.00309386,0.00288441,0.00341992,0.00392441,0.00423997,0.00436879,0.00435103,0.00422849,0.0040357,0.00379904,0.003538,0.00326665,0.00299498,0.00272988
Gram_error_fro,2.0,1,12,2,0.0,0.04764418,0.03703678,0.02734642,0.0199532,0.01441799,0.01031661,0.00729039,0.00506183,0.00342623,0.00223631,0.0013906,0.00083211,0.00055722,0.00054172,0.00063126
Gram_error_fro,2.0,1,12,2,0.0,0.04748018,0.03783808,0.02909369,0.02234197,0.01717089,0.0132361,0.01024287,0.00795694,0.0062014,0.00484536,0.00379235,0.00297095,0.00232798,0.00182346,0.00142712
Gram_error_fro,4.0,1,12,2,0.0,0.03211615,0.02663748,0.02263154,0.01944964,0.01680085,0.01455854,0.01264382,0.01099915,0.00958011,0.00835153,0.00728505,0.00635746,0.00554949,0.004845,0.00423029
Gram_error_fro,4.0,1,12,2,0.0,0.06075818,0.03519954,0.02478639,0.01903269,0.01507423,0.01210132,0.00979048,0.00796485,0.00650811,0.005337,0.00438974,0.00361956,0.0029906,0.00247507,0.00205117
Gram_error_fro,2.0,1,12,2,0.0,0.06136071,0.02476681,0.01297814,0.00882914,0.00690926,0.00574523,0.00490457,0.00423983,0.00369045,0.00322613,0.00282885,0.00248638,0.00218967,0.00193162,0.00170649
Gram_error_fro,4.0,2,12,2,0.0,0.02001429,0.01080356,0.00501525,0.00260783,0.0037239,0.00534605,0.00666555,0.00770439,0.00853979,0.00923116,0.00981835,0.01032719,0.01077448,0.01117135,0.01152541
Gram_error_fro,4.0,1,12,2,0.0,0.05336333,0.04144972,0.03203973,0.02468442,0.01890249,0.01443299,0.01101484,0.00840976,0.00642342,0.00490604,0.00374481,0.00285532,0.00217428,0.00165405,0.00125853
Gram_error_fro,2.0,1,12,2,0.0,0.053593,0.03546816,0.02876247,0.02524327,0.02274264,0.02071748,0.01900104,0.01751838,0.01622092,0.01507169,0.0140418,0.01310893,0.01225608,0.01147042,0.01074227
Gram_error_fro,4.0,1,12,2,0.0,0.06364545,0.02769306,0.01872601,0.01523542,0.01306118,0.01138406,0.00998431,0.00878123,0.00773439,0.00681785,0.00601239,0.00530279,0.0046766,0.00412341,0.00363438
Gram_error_fro,4.0,1,12,2,0.0,0.02990861,0.02028258,0.01523405,0.01218087,0.01024494,0.008923,0.00792244,0.00709405,0.00636858,0.00571533,0.00512069,0.00457817,0.00408397,0.00363521,0.00322918
Gram_error_fro,4.0,1,12,2,0.0,0.07046481,0.03074889,0.01929724,0.01482512,0.01227383,0.01046329,0.00903838,0.00786077,0.00686263,0.00600432,0.0052597,0.00461017,0.00404165,0.00354305,0.00310529
Gram_error_fro,0.0,1,12,3,0.0,0.0,0.0,0.0,0.0,0.0,0.0,0.0,0.0,0.0,0.0,0.0,0.0,0.0,0.0,0.0
Gram_error_fro,0.0,1,12,3,0.0,0.0,0.0,0.0,0.0,0.0,0.0,0.0,0.0,0.0,0.0,0.0,0.0,0.0,0.0,0.0
Gram_error_fro,2.0,1,12,3,0.0,0.04407727,0.02460997,0.01699319,0.01298179,0.01029905,0.00830662,0.00676908,0.00556415,0.00461133,0.00385184,0.00324134,0.0027462,0.00234087,0.002006,0.00172692
Gram_error_fro,2.0,1,12,3,0.0,0.02658499,0.014455,0.00971295,0.00728564,0.00570791,0.00456553,0.00370096,0.00303255,0.00250861,0.00209332,0.0017609,0.00149244,0.00127383,0.00109444,0.00094615
Gram_error_fro,2.0,1,12,3,0.0,0.04561813,0.02711748,0.02112213,0.01756241,0.01488732,0.0127277,0.01093704,0.00943385,0.0081625,0.00708113,0.00615691,0.00536367,0.0046803,0.00408966,0.00357773
Gram_error_fro,2.0,1,12,3,0.0,0.04236284,0.0214838,0.01405572,0.01054823,0.00845668,0.00700902,0.00591972,0.00506202,0.00436793,0.00379539,0.00331607,0.00290997,0.0025625,0.00226283,0.00200268
Gram_error_fro,2.0,1,12,3,0.0,0.05619383,0.0281633,0.01879756,0.0146277,0.01192883,0.00987807,0.00824033,0.00691328,0.00583255,0.00494954,0.00422537,0.00362862,0.00313397,0.00272116,0.00237412
Gram_error_fro,4.0,1,12,3,0.0,0.04989628,0.02629288,0.01811831,0.01422718,0.01170802,0.00981811,0.0083065,0.00706331,0.00602742,0.00515804,0.00442489,0.00380429,0.00327721,0.00282823,0.0024447
Gram_error_fro,2.0,1,12,3,0.0,0.06148869,0.03393329,0.02369325,0.0184559,0.01506656,0.01260481,0.01070545,0.00918702,0.00794406,0.00690875,0.00603468,0.00528877,0.0046468,0.00409056,0.00360605
Gram_error_fro,2.0,1,12,3,0.0,0.04056686,0.02173079,0.0152216,0.01178068,0.00949959,0.00783242,0.00655218,0.0055393,0.00472124,0.00405016,0.00349277,0.00302511,0.00262944,0.00229233,0.00200344
Gram_error_fro,4.0,1,12,3,0.0,0.06107588,0.04603102,0.03499007,0.02639544,0.01986493,0.01496107,0.01128962,0.00853996,0.00647859,0.00493249,0.00377375,0.00290737,0.00226227,0.00178467,0.00143329
Gram_error_fro,4.0,1,12,3,0.0,0.05906687,0.03469436,0.02498153,0.0198939,0.01639102,0.01370395,0.01156078,0.00981892,0.00838519,0.00719312,0.00619364,0.00534967,0.00463278,0.00402078,0.00349611
Gram_error_fro,2.0,1,12,3,0.0,0.04476551,0.03183858,0.02470071,0.02004344,0.01664768,0.0140081,0.01188257,0.01013676,0.00868524,0.0074681,0.00644076,0.00556896,0.00482577,0.00418974,0.00364355
Gram_error_fro,4.0,1,12,3,0.0,0.0654771,0.03555243,0.02167312,0.01364375,0.00880506,0.00602315,0.00458983,0.00394143,0.00364968,0.00347279,0.00331091,0.00313414,0.00293956,0.0027327,0.00252062
Gram_error_fro,4.0,1,12,3,0.0,0.11642378,0.10469224,0.08943516,0.07599704,0.06459544,0.0550198,0.04700416,0.04029314,0.03466227,0.02992231,0.02591693,0.02251838,0.01962268,0.01714527,0.01501734
Gram_error_fro,4.0,1,12,3,0.0,0.11175646,0.1052387,0.091221,0.07777402,0.06601186,0.05601276,0.04760799,0.04057274,0.03468768,0.02975834,0.02561929,0.02213261,0.01918464,0.01668226,0.01454945
Gram_error_fro,0.0,1,12,3,0.0,0.0,0.0,0.0,0.0,0.0,0.0,0.0,0.0,0.0,0.0,0.0,0.0,0.0,0.0,0.0
Gram_error_fro,2.0,1,12,3,0.0,0.03430571,0.02002656,0.01208987,0.00754085,0.00488993,0.00332492,0.00239009,0.00181592,0.00144209,0.00117833,0.00097742,0.00081591,0.00068207,0.00056966,0.00047483
Gram_error_fro,2.0,1,12,3,0.0,0.04337863,0.02706424,0.02220833,0.01911313,0.01653013,0.01429294,0.0123532,0.0106772,0.00923301,0.00799008,0.00692037,0.00599899,0.00520438,0.00451816,0.00392472
Gram_error_fro,2.0,1,12,3,0.0,0.05575136,0.02367512,0.01154022,0.00687274,0.00467492,0.00342398,0.00261559,0.00205017,0.00163402,0.00131713,0.00107028,0.00087501,0.00071894,0.00059328,0.00049153
Gram_error_fro,2.0,1,12,3,0.0,0.03531134,0.02032973,0.0131839,0.00927833,0.00678441,0.00506343,0.00383067,0.00292787,0.00225618,0.00175019,0.00136516,0.00106972,0.00084146,0.00066408,0.00052557
Gram_error_fro,2.0,1,12,3,0.0,0.04273781,0.01677095,0.00874572,0.00550086,0.0037691,0.00269012,0.0019654,0.00145812,0.00109335,0.00082595,0.00062714,0.00047782,0.00036486,0.00027899,0.0002135
Gram_error_fro,4.0,1,12,3,0.0,0.06512233,0.0286264,0.01683014,0.0114521,0.00836564,0.00635841,0.00495819,0.00393707,0.00316868,0.00257681,0.00211273,0.00174383,0.00144742,0.00120715,0.00101098
Gram_error_fro,4.0,1,12,3,0.0,0.07299411,0.03927133,0.02729118,0.02107308,0.01677662,0.0135674,0.01110166,0.00917206,0.00763921,0.00640577,0.00540216,0.00457767,0.0038947,0.00332491,0.00284665
Gram_error_fro,4.0,1,12,3,0.0,0.05404143,0.02493219,0.01320067,0.00728652,0.00402387,0.00228862,0.00156613,0.00142032,0.00143811,0.00144338,0.00140538,0.00133237,0.00123781,0.0011328,0.0010251
Gram_error_fro,4.0,1,12,3,0.0,0.06691684,0.03507548,0.02172916,0.01534249,0.01164189,0.00921821,0.00750492,0.00622769,0.00523687,0.00444455,0.00379635,0.003257,0.00280266,0.00241653,0.00208627
Gram_error_fro,2.0,1,12,3,0.0,0.03430571,0.02002656,0.01208987,0.00754085,0.00488993,0.00332492,0.00239009,0.00181592,0.00144209,0.00117833,0.00097742,0.00081591,0.00068207,0.00056966,0.00047483
Gram_error_fro,2.0,1,12,3,0.0,0.0707988,0.03841549,0.02399382,0.0161064,0.01114092,0.00783857,0.00558906,0.00403411,0.00294633,0.0021769,0.00162686,0.00122967,0.00094007,0.00072697,0.0005687
Gram_error_fro,4.0,1,12,3,0.0,0.06727545,0.04927229,0.03539808,0.02576113,0.0190088,0.01420502,0.01073818,0.00820379,0.00632973,0.00492995,0.00387522,0.0030743,0.00246176,0.00198997,0.00162389
Gram_error_fro,4.0,1,12,3,0.0,0.05486607,0.0341613,0.02297382,0.01616622,0.01170534,0.00867215,0.0065516,0.00503239,0.00392054,0.00309207,0.0024655,0.00198568,0.00161424,0.00132385,0.00109468
Gram_error_fro,4.0,1,12,3,0.0,0.05667265,0.02760267,0.01701926,0.01198259,0.0088627,0.0067336,0.00523688,0.00416425,0.00337845,0.00278801,0.00233243,0.00197192,0.00168019,0.00143969,0.0012385
Gram_error_fro,4.0,1,12,3,0.0,0.0662952,0.04310146,0.0329684,0.02690698,0.0224378,0.01887229,0.01594439,0.01351007,0.01147253,0.00975949,0.00831436,0.00709186,0.0060553,0.00517467,0.00442527
Gram_error_fro,0.0,1,12,1,0.0,0.0,0.0,0.0,0.0,0.0,0.0,0.0,0.0,0.0,0.0,0.0,0.0,0.0,0.0,0.0
Gram_error_fro,2.0,1,12,1,0.0,0.00589947,0.00165565,0.00131034,0.00109989,0.00092222,0.0007807,0.00066764,0.000575,0.00049739,0.00043142,0.00037488,0.00032618,0.00028408,0.00024763,0.000216
Gram_error_fro,0.0,1,12,1,0.0,0.0,0.0,0.0,0.0,0.0,0.0,0.0,0.0,0.0,0.0,0.0,0.0,0.0,0.0,0.0
Gram_error_fro,2.0,1,12,1,0.0,0.04239276,0.02508469,0.0205445,0.01805681,0.01608002,0.0143408,0.01278008,0.01137862,0.01012349,0.00900227,0.00800258,0.00711241,0.00632047,0.00561634,0.00499051
Gram_error_fro,2.0,1,12,1,0.0,0.01774525,0.01249945,0.00900939,0.00698214,0.00566687,0.00470765,0.00395229,0.00333428,0.00281984,0.00238821,0.00202457,0.00171746,0.00145765,0.00123754,0.00105088
Gram_error_fro,0.0,1,12,1,0.0,0.0,0.0,0.0,0.0,0.0,0.0,0.0,0.0,0.0,0.0,0.0,0.0,0.0,0.0,0.0
Gram_error_fro,4.0,1,12,1,0.0,0.03595616,0.02351236,0.02034844,0.01824063,0.01637737,0.01468998,0.01316953,0.01180502,0.01058296,0.00948958,0.00851171,0.00763722,0.00685502,0.0061551,0.00552852
Gram_error_fro,4.0,1,12,1,0.0,0.04983544,0.0278733,0.02075673,0.01658221,0.01353347,0.01117008,0.00929225,0.00777597,0.00653674,0.00551463,0.00466572,0.00395685,0.00336238,0.00286209,0.00243983
Gram_error_fro,4.0,1,12,1,0.0,0.10391912,0.06904066,0.05808741,0.05123239,0.04555242,0.0405455,0.03608553,0.03211198,0.0285771,0.02543687,0.02264997,0.02017793,0.01798551,0.01604077,0.01431505
Gram_error_fro,2.0,1,12,1,0.0,0.0309486,0.02131654,0.0170397,0.01393891,0.011467,0.00947776,0.00787065,0.00656398,0.00549395,0.00461191,0.00388076,0.00327193,0.0027631,0.00233656,0.0019781
Gram_error_fro,2.0,1,12,1,0.0,0.03799446,0.02386869,0.01997532,0.01737362,0.01510437,0.01307996,0.01129358,0.00973357,0.00838078,0.00721291,0.00620746,0.00534322,0.00460097,0.00396365,0.00341637
Gram_error_fro,2.0,1,12,1,0.0,0.00614638,0.0017683,0.00157189,0.00146387,0.00129754,0.00112713,0.00097544,0.00084569,0.00073532,0.00064097,0.00055977,0.0004895,0.00042841,0.00037517,0.00032866
Gram_error_fro,2.0,1,12,1,0.0,0.04239276,0.02508469,0.02020728,0.01723682,0.01480311,0.01270175,0.01088451,0.00932049,0.00797961,0.00683273,0.005853,0.00501648,0.00430222,0.00369213,0.00317072
Gram_error_fro,4.0,1,12,1,0.0,0.0397945,0.02439166,0.01986175,0.01685035,0.01435096,0.01222652,0.0104218,0.00889008,0.00759003,0.00648607,0.00554797,0.00475012,0.00407085,0.00349191,0.0029979
Gram_error_fro,4.0,1,12,1,0.0,0.11286974,0.07350257,0.06033862,0.05203691,0.04528638,0.03947888,0.0344318,0.03004193,0.02622644,0.02291227,0.02003412,0.01753408,0.01536121,0.0134711,0.01182524
Gram_error_fro,2.0,1,12,1,0.0,0.0309486,0.02131654,0.01694089,0.0137282,0.01118402,0.0091578,0.00753744,0.00623279,0.00517445,0.00430998,0.0035997,0.00301323,0.00252701,0.00212254,0.00178511
Gram_error_fro,0.0,1,12,3,0.0,0.0,0.0,0.0,0.0,0.0,0.0,0.0,0.0,0.0,0.0,0.0,0.0,0.0,0.0,0.0
Gram_error_fro,2.0,1,12,3,0.0,0.03398958,0.02627961,0.0239866,0.02284185,0.02188684,0.0209096,0.01987445,0.01879098,0.01767975,0.01656196,0.01545609,0.01437685,0.01333525,0.01233901,0.01139315
Gram_error_fro,2.0,1,12,3,0.0,0.0886244,0.06793368,0.05586435,0.04866185,0.04325809,0.0387336,0.03479796,0.03132674,0.02824513,0.02549793,0.02304085,0.02083722,0.01885632,0.01707219,0.0154627
Gram_error_fro,2.0,1,12,3,0.0,0.05514164,0.05506683,0.05015638,0.0448342,0.03996018,0.03566136,0.03190038,0.0286068,0.02571135,0.0231543,0.02088615,0.01886637,0.01706165,0.01544442,0.01399165
Gram_error_fro,2.0,1,12,3,0.0,0.05679177,0.04899028,0.03880597,0.03018764,0.02350313,0.0184579,0.01468686,0.01188057,0.00979904,0.00825974,0.00712321,0.00628202,0.00565357,0.00517528,0.00480097
Gram_error_fro,2.0,1,12,3,0.0,0.0530546,0.0533036,0.04953182,0.04524959,0.04107783,0.03718231,0.03360867,0.030359,0.02741757,0.02476174,0.02236684,0.02020849,0.01826362,0.01651092,0.01493098
Gram_error_fro,2.0,1,12,3,0.0,0.05325163,0.03891969,0.03177006,0.02748274,0.02442315,0.02199637,0.0199411,0.01813106,0.01650132,0.01501653,0.01365619,0.0124073,0.01126069,0.01020904,0.009246
Gram_error_fro,2.0,1,12,3,0.0,0.01914995,0.01388316,0.01264024,0.01178452,0.01099425,0.0102875,0.00966557,0.00911463,0.00861877,0.00816467,0.00774239,0.00734493,0.00696754,0.00660711,0.00626169
Gram_error_fro,4.0,1,12,3,0.0,0.06777694,0.04089693,0.03228809,0.02695492,0.02279915,0.01944627,0.01672166,0.01449449,0.01266013,0.011136,0.00985778,0.00877576,0.00785151,0.00705524,0.00636372
Gram_error_fro,2.0,1,12,3,0.0,0.007252,0.00448766,0.00280449,0.00167999,0.00154323,0.00206229,0.00262393,0.00306967,0.00338578,0.00358713,0.00369341,0.00372353,0.00369415,0.0036194,0.003511
Gram_error_fro,4.0,1,12,3,0.0,0.05715539,0.05687625,0.0503255,0.0436257,0.03781554,0.03295275,0.02889554,0.02548655,0.02259404,0.02011559,0.01797296,0.01610631,0.01446933,0.01302571,0.01174658
Gram_error_fro,2.0,1,12,3,0.0,0.06544037,0.05284441,0.04671789,0.0417985,0.03745558,0.03361432,0.03022519,0.0272325,0.02458216,0.02222628,0.02012422,0.01824206,0.01655156,0.01502913,0.01365496
Gram_error_fro,4.0,1,12,3,0.0,0.02624477,0.02180159,0.01986657,0.01905208,0.01849991,0.01793049,0.01727956,0.01654937,0.01575929,0.01493076,0.01408302,0.01323208,0.01239068,0.01156863,0.01077319
Gram_error_fro,4.0,1,12,3,0.0,0.09899072,0.07595475,0.06210511,0.05350894,0.04726641,0.04225231,0.03799014,0.03425521,0.03092974,0.0279444,0.02525322,0.02282229,0.02062449,0.01863687,0.01683936
Gram_error_fro,4.0,1,12,3,0.0,0.02970752,0.02263333,0.02012864,0.0189534,0.01811124,0.01731302,0.01648619,0.0156251,0.01474249,0.013854,0.01297356,0.01211226,0.01127841,0.01047792,0.00971471
Gram_error_fro,4.0,1,12,3,0.0,0.05414755,0.02755692,0.01912196,0.01552873,0.01318868,0.011348,0.00981133,0.00850016,0.00736983,0.00639016,0.00553885,0.00479834,0.00415418,0.00359406,0.00310734
Gram_error_fro,0.0,1,12,3,0.0,0.0,0.0,0.0,0.0,0.0,0.0,0.0,0.0,0.0,0.0,0.0,0.0,0.0,0.0,0.0
Gram_error_fro,2.0,1,12,3,0.0,0.05483366,0.04523777,0.03665166,0.02975601,0.02422101,0.01977905,0.01620644,0.0133259,0.01099864,0.00911499,0.00758733,0.00634525,0.0053321,0.0045024,0.00381981
Gram_error_fro,2.0,1,12,3,0.0,0.05082641,0.01903985,0.00755971,0.00397323,0.0025444,0.00177926,0.00130113,0.000982,0.00076128,0.00060395,0.00048808,0.0003997,0.00033006,0.00027374,0.00022735
Gram_error_fro,0.0,1,12,3,0.0,0.0,0.0,0.0,0.0,0.0,0.0,0.0,0.0,0.0,0.0,0.0,0.0,0.0,0.0,0.0
Gram_error_fro,2.0,1,12,3,0.0,0.07563665,0.08050515,0.07572213,0.06889834,0.06177973,0.05494407,0.04862691,0.04291501,0.03781871,0.03330875,0.02933718,0.02584925,0.02278999,0.0201076,0.01775499
Gram_error_fro,2.0,1,12,3,0.0,0.07541984,0.08046936,0.07568853,0.06890615,0.06192061,0.05528992,0.04921343,0.04374563,0.03887387,0.03455521,0.03073553,0.02735923,0.02437384,0.02173193,0.0193915
Gram_error_fro,2.0,1,12,3,0.0,0.04909123,0.01806478,0.00742653,0.00449143,0.00345609,0.00277823,0.00221483,0.00175151,0.00138507,0.0011016,0.00088311,0.00071326,0.00057934,0.00047226,0.00038567
Gram_error_fro,2.0,1,12,3,0.0,0.05717884,0.04452457,0.03289133,0.02403934,0.01750101,0.01272371,0.00924395,0.00670942,0.0048625,0.00351731,0.00253998,0.00183374,0.00132822,0.00097177,0.00072584
Gram_error_fro,4.0,1,12,3,0.0,0.0538811,0.03368918,0.02216261,0.01625539,0.01280668,0.01052497,0.00888538,0.00763191,0.00662374,0.00578124,0.00505911,0.00443091,0.00388026,0.00339602,0.00296983
Gram_error_fro,4.0,1,12,3,0.0,0.05231822,0.0296029,0.0172704,0.01034634,0.00654632,0.00473746,0.00407114,0.00386244,0.00374871,0.00360976,0.00342513,0.00320403,0.0029611,0.00270939,0.00245881
Gram_error_fro,2.0,1,12,3,0.0,0.04084979,0.03322507,0.02480124,0.01854015,0.01430097,0.01148585,0.00957136,0.00819911,0.00715186,0.00630655,0.00559532,0.00498038,0.00443984,0.00396016,0.00353229
Gram_error_fro,4.0,1,12,3,0.0,0.06164544,0.04293293,0.02980479,0.0210199,0.01507676,0.01098223,0.00810599,0.0060473,0.00454879,0.00344256,0.00261677,0.00199512,0.00152428,0.00116614,0.00089291
Gram_error_fro,4.0,1,12,3,0.0,0.06975636,0.04983794,0.03576172,0.02596425,0.01896649,0.01391113,0.01023643,0.00755322,0.00558648,0.00414001,0.00307303,0.00228395,0.00169911,0.00126486,0.00094196
Gram_error_fro,2.0,1,12,3,0.0,0.04229088,0.02041577,0.01232345,0.00853177,0.00624271,0.00469937,0.00360332,0.00279909,0.00219484,0.00173276,0.00137473,0.00109464,0.00087398,0.00069927,0.00056043
Gram_error_fro,4.0,1,12,3,0.0,0.09737076,0.05373727,0.03198738,0.02080107,0.01434139,0.01035799,0.00780794,0.00612447,0.00497272,0.00414941,0.00353147,0.00304534,0.00264746,0.00231198,0.00202331
Gram_error_fro,4.0,1,12,3,0.0,0.0763356,0.08066976,0.07585939,0.06905008,0.06188598,0.05496211,0.04854233,0.04273306,0.03755508,0.032983,0.02896868,0.02545512,0.02238426,0.01970116,0.0173559
Gram_error_fro,0.0,1,12,4,0.0,0.0,0.0,0.0,0.0,0.0,0.0,0.0,0.0,0.0,0.0,0.0,0.0,0.0,0.0,0.0
Gram_error_fro,0.0,1,12,4,0.0,0.0,0.0,0.0,0.0,0.0,0.0,0.0,0.0,0.0,0.0,0.0,0.0,0.0,0.0,0.0
Gram_error_fro,2.0,1,12,4,0.0,0.04675448,0.03618737,0.02502621,0.01706106,0.0116807,0.0080948,0.00574941,0.00426233,0.00335099,0.00279776,0.00244462,0.00219208,0.00198681,0.00180415,0.00163433
Gram_error_fro,2.0,1,12,4,0.0,0.0614798,0.04209752,0.02986004,0.02204937,0.01664185,0.01273921,0.00986416,0.00771807,0.00609744,0.00485913,0.00390156,0.00315243,0.00256009,0.00208734,0.00170709
Gram_error_fro,0.0,1,12,4,0.0,0.0,0.0,0.0,0.0,0.0,0.0,0.0,0.0,0.0,0.0,0.0,0.0,0.0,0.0,0.0
Gram_error_fro,2.0,1,12,4,0.0,0.05413514,0.0595015,0.05471507,0.0472013,0.03968792,0.03307966,0.027547,0.02299981,0.01928024,0.01623275,0.01372476,0.01164923,0.00992153,0.00847527,0.00725827
Gram_error_fro,4.0,1,12,4,0.0,0.08380585,0.04718895,0.02722986,0.01879428,0.01474004,0.01209411,0.01001286,0.00828473,0.00684145,0.00564223,0.00465164,0.00383698,0.00316886,0.00262165,0.00217354
Gram_error_fro,2.0,1,12,4,0.0,0.02528673,0.01445578,0.00890909,0.00647397,0.00514112,0.00413118,0.00326653,0.00252919,0.00192056,0.00143407,0.00105554,0.00076763,0.00055316,0.00039681,0.00028574
Gram_error_fro,2.0,1,12,4,0.0,0.05076607,0.04095956,0.03129421,0.02443225,0.01939004,0.01554082,0.01254834,0.01019903,0.00834057,0.00685987,0.00567191,0.00471246,0.00393268,0.0032952,0.0027712
Gram_error_fro,4.0,1,12,4,0.0,0.07753315,0.07322207,0.06287164,0.05210388,0.04237845,0.03420003,0.02758271,0.02232872,0.01818589,0.01491771,0.01232677,0.01025722,0.00858947,0.00723308,0.00612001
Gram_error_fro,4.0,1,12,4,0.0,0.09780125,0.07675404,0.06315179,0.05262276,0.04381424,0.03650147,0.03051338,0.02563795,0.02166355,0.01840629,0.01571725,0.01347985,0.01160403,0.01002041,0.00867528
Gram_error_fro,6.0,1,12,4,0.0,0.09235317,0.06236085,0.04086181,0.02790157,0.01977237,0.01444776,0.01086773,0.00842167,0.00672419,0.00552023,0.00463974,0.00397134,0.00344384,0.00301265,0.00265011
Gram_error_fro,2.0,1,12,4,0.0,0.07214291,0.05606153,0.04153812,0.03180667,0.0255087,0.02131163,0.01834632,0.01610607,0.01430782,0.01279542,0.01148233,0.01031956,0.0092783,0.00834043,0.00749358
Gram_error_fro,2.0,1,12,4,0.0,0.06146066,0.03501476,0.02213723,0.01522035,0.01090276,0.00799051,0.00593894,0.00445322,0.00335798,0.00254148,0.00192843,0.00146599,0.00111601,0.00085049,0.00064865
Gram_error_fro,4.0,1,12,4,0.0,0.08321702,0.06638794,0.05262002,0.04252315,0.03500708,0.02933142,0.02495036,0.02147693,0.01864915,0.01629379,0.01429632,0.01257968,0.01109038,0.00978986,0.00864915
Gram_error_fro,4.0,1,12,4,0.0,0.10131432,0.06252742,0.03974261,0.02767571,0.02028176,0.01518764,0.01148585,0.00874212,0.00669179,0.00515139,0.00398804,0.00310452,0.00242952,0.00191074,0.00150967
Gram_error_fro,0.0,1,12,3,0.0,0.0,0.0,0.0,0.0,0.0,0.0,0.0,0.0,0.0,0.0,0.0,0.0,0.0,0.0,0.0
Gram_error_fro,2.0,1,12,3,0.0,0.0342372,0.02719146,0.0240596,0.02214036,0.02054239,0.01906929,0.01767923,0.01636121,0.01511153,0.01392905,0.01281364,0.01176528,0.01078357,0.00986757,0.00901567
Gram_error_fro,2.0,1,12,3,0.0,0.02721676,0.02319856,0.01990994,0.0173673,0.0152974,0.01352726,0.01197724,0.01060881,0.00939827,0.00832724,0.00737969,0.0065413,0.0057992,0.00514198,0.00455957
Gram_error_fro,2.0,1,12,3,0.0,0.06700284,0.04788292,0.03827097,0.03229722,0.02766591,0.02378465,0.02046672,0.01761769,0.01516883,0.01306292,0.01125086,0.00969058,0.00834612,0.00718692,0.00618699
Gram_error_fro,2.0,1,12,3,0.0,0.0342372,0.02719146,0.02371617,0.02130767,0.01921371,0.01730849,0.01557553,0.01400708,0.01259216,0.01131782,0.01017087,0.00913875,0.00820991,0.00737388,0.00662123
Gram_error_fro,2.0,1,12,3,0.0,0.00722609,0.00372103,0.00394428,0.0048729,0.00570176,0.00626325,0.00656358,0.00665508,0.00659312,0.00642371,0.00618189,0.00589342,0.00557698,0.00524606,0.00491042
Gram_error_fro,4.0,1,12,3,0.0,0.08674999,0.06266156,0.04783631,0.03877639,0.03225972,0.02714248,0.02296614,0.01949683,0.01658797,0.01413509,0.01205846,0.01029506,0.00879416,0.00751439,0.0064217
Gram_error_fro,4.0,1,12,3,0.0,0.10324727,0.09042779,0.07447946,0.0609571,0.04996073,0.04107674,0.03389286,0.02806432,0.02331533,0.01942855,0.01623338,0.01359577,0.01141003,0.00959246,0.00807638
Gram_error_fro,2.0,1,12,3,0.0,0.00571842,0.00263856,0.00187312,0.00144589,0.00115683,0.0010808,0.00115251,0.00125366,0.00132609,0.00135713,0.00135129,0.00131736,0.0012639,0.00119792,0.00112478
Gram_error_fro,4.0,1,12,3,0.0,0.06770817,0.06015008,0.04955411,0.04025125,0.03263352,0.02654317,0.02171708,0.01789941,0.01487254,0.01246106,0.01052717,0.00896406,0.00768956,0.00664067,0.0057692
Gram_error_fro,4.0,1,12,3,0.0,0.0477625,0.04509903,0.03777121,0.03072186,0.02490065,0.02025907,0.01657261,0.01363058,0.01126624,0.00935251,0.00779299,0.00651414,0.00545948,0.00458529,0.00385743
Gram_error_fro,4.0,1,12,3,0.0,0.04902431,0.03470716,0.02890176,0.02508945,0.02190884,0.01916892,0.01681895,0.01480925,0.01308741,0.01160509,0.01032115,0.00920199,0.00822061,0.00735545,0.00658922
Gram_error_fro,4.0,1,12,3,0.0,0.05516634,0.02785965,0.01527875,0.01014069,0.00799461,0.00686106,0.00604574,0.00535033,0.00472574,0.00416147,0.00365493,0.00320388,0.00280506,0.00245431,0.00214707
Gram_error_fro,4.0,1,12,3,0.0,0.10285604,0.07092652,0.05368445,0.04253538,0.03413939,0.0275511,0.02232915,0.01817362,0.01485656,0.0122007,0.01006757,0.00834866,0.00695875,0.00583077,0.00491178
Gram_error_fro,4.0,1,12,3,0.0,0.14595591,0.13349728,0.11517178,0.09868087,0.08460337,0.07273789,0.0627606,0.05435643,0.04725229,0.04122154,0.03607924,0.03167523,0.02788752,0.02461667,0.02178131
Gram_error_fro,4.0,1,12,3,0.0,0.09456368,0.06903073,0.05521654,0.04528463,0.03770247,0.03184754,0.02726002,0.02359846,0.02061887,0.01814964,0.01606993,0.01429387,0.01275946,0.01142113,0.01024473
Gram_error_fro,0.0,1,12,2,0.0,0.0,0.0,0.0,0.0,0.0,0.0,0.0,0.0,0.0,0.0,0.0,0.0,0.0,0.0,0.0
Gram_error_fro,2.0,1,12,2,0.0,0.00566256,0.00195041,0.00162473,0.00161139,0.00151917,0.00138481,0.00124197,0.00110519,0.00097944,0.00086576,0.00076379,0.00067272,0.00059161,0.00051955,0.00045566
Gram_error_fro,2.0,1,12,2,0.0,0.01911703,0.0111966,0.00767457,0.00558778,0.00417992,0.00319689,0.00250423,0.00201276,0.00165957,0.00140022,0.00120398,0.00105023,0.00092548,0.00082111,0.00073164
Gram_error_fro,2.0,1,12,2,0.0,0.06303015,0.02313692,0.01009531,0.00581139,0.00398244,0.00294373,0.00225437,0.0017634,0.00139969,0.00112255,0.00090666,0.00073558,0.00059831,0.0004872,0.00039677
Gram_error_fro,2.0,1,12,2,0.0,0.01911703,0.0111966,0.00767457,0.00558778,0.00417992,0.00319689,0.00250423,0.00201276,0.00165957,0.00140022,0.00120398,0.00105023,0.00092548,0.00082111,0.00073164
Gram_error_fro,2.0,1,12,2,0.0,0.00566256,0.00195041,0.00162473,0.00161139,0.00151917,0.00138481,0.00124197,0.00110519,0.00097944,0.00086576,0.00076379,0.00067272,0.00059161,0.00051955,0.00045566
Gram_error_fro,4.0,1,12,2,0.0,0.0245238,0.01907061,0.01276639,0.00833355,0.00577302,0.00467699,0.00439654,0.00437934,0.00436978,0.00429635,0.00415581,0.00396364,0.00373754,0.00349254,0.00324021
Gram_error_fro,2.0,1,12,2,0.0,0.00661658,0.00303212,0.00380241,0.00513363,0.0060906,0.00662061,0.006812,0.0067632,0.00655358,0.00624147,0.00586834,0.00546336,0.00504681,0.00463271,0.00423054
Gram_error_fro,4.0,1,12,2,0.0,0.06297851,0.04374389,0.03483297,0.02904373,0.02455557,0.02087096,0.01779358,0.01520871,0.01303102,0.01119122,0.00963216,0.00830674,0.00717641,0.00620959,0.00538044
Gram_error_fro,4.0,1,12,2,0.0,0.06164786,0.05452518,0.04764022,0.04160203,0.0363014,0.03163816,0.02753794,0.02394207,0.02079755,0.01805412,0.01566456,0.01358548,0.01177783,0.01020698,0.00884242
Gram_error_fro,4.0,1,12,2,0.0,0.03665592,0.03075238,0.02887163,0.02781912,0.02675877,0.02553028,0.02416357,0.02272207,0.02125951,0.01981374,0.01840955,0.01706251,0.01578191,0.0145728,0.01343729
Gram_error_fro,2.0,1,12,2,0.0,0.027208,0.01850666,0.01425947,0.01178299,0.01005591,0.00870508,0.00758357,0.00662678,0.00580036,0.00508204,0.00445535,0.00390724,0.00342704,0.0030058,0.00263601
Gram_error_fro,2.0,1,12,2,0.0,0.03073035,0.02163681,0.01537429,0.01121874,0.00833034,0.0062743,0.00478594,0.00369213,0.00287723,0.0022628,0.00179472,0.00143494,0.00115618,0.00093862,0.00076761
Gram_error_fro,4.0,1,12,2,0.0,0.10431616,0.07187397,0.05887472,0.04988344,0.04231574,0.0358493,0.03036285,0.02573329,0.02183545,0.01855348,0.01578627,0.01344845,0.01146906,0.00978959,0.00836185
Gram_error_fro,4.0,1,12,2,0.0,0.04560922,0.02864837,0.01999489,0.0144039,0.01042518,0.00754385,0.00545583,0.00394319,0.00284654,0.00205057,0.00147245,0.00105277,0.00074877,0.00052952,0.00037261
Gram_error_fro,4.0,1,12,2,0.0,0.0245238,0.01907061,0.01276639,0.00833355,0.00577302,0.00467699,0.00439654,0.00437934,0.00436978,0.00429635,0.00415581,0.00396364,0.00373754,0.00349254,0.00324021
Gram_error_fro,0.0,1,12,3,0.0,0.0,0.0,0.0,0.0,0.0,0.0,0.0,0.0,0.0,0.0,0.0,0.0,0.0,0.0,0.0
Gram_error_fro,2.0,1,12,3,0.0,0.07994446,0.06383206,0.05117286,0.04062837,0.03210667,0.02537814,0.02010912,0.0159856,0.01275037,0.01020272,0.00818854,0.00658992,0.00531648,0.00429869,0.00348278
Gram_error_fro,2.0,1,12,3,0.0,0.01711079,0.0079744,0.00344169,0.00185614,0.00197588,0.00230117,0.0024594,0.00246734,0.00237554,0.00222438,0.00204212,0.00184761,0.00165307,0.00146612,0.00129119
Gram_error_fro,2.0,1,12,3,0.0,0.03563512,0.0234099,0.01739122,0.01374766,0.01116694,0.00920154,0.0076526,0.00640834,0.0053962,0.00456517,0.00387767,0.00330523,0.00282591,0.00242257,0.00208167
Gram_error_fro,2.0,1,12,3,0.0,0.02363172,0.01820424,0.013768,0.01090406,0.00885749,0.00727287,0.00600492,0.00497608,0.00413468,0.00344278,0.0028714,0.00239796,0.00200465,0.00167722,0.00140423
Gram_error_fro,2.0,1,12,3,0.0,0.06888,0.05260859,0.03881972,0.02870936,0.02165586,0.01677955,0.01335068,0.01086585,0.009002,0.00755664,0.00640289,0.00546013,0.00467595,0.00401519,0.00345337
Gram_error_fro,2.0,1,12,3,0.0,0.06640159,0.05997265,0.04796719,0.03724841,0.02885254,0.02247246,0.01763142,0.01393343,0.01108513,0.00887401,0.00714544,0.00578561,0.00470969,0.00385376,0.00316927
Gram_error_fro,4.0,1,12,3,0.0,0.04884142,0.03941308,0.02948998,0.02199292,0.0166982,0.01299322,0.01035624,0.00842386,0.00696085,0.00581873,0.00490377,0.00415582,0.00353515,0.00301456,0.00257468
Gram_error_fro,4.0,1,12,3,0.0,0.07205342,0.05970875,0.04537826,0.03391596,0.02544597,0.01928472,0.01477448,0.01142871,0.00891182,0.00699483,0.00551971,0.00437516,0.00348119,0.00277917,0.00222547
Gram_error_fro,2.0,1,12,3,0.0,0.05933713,0.02804434,0.016995,0.01316036,0.01104902,0.00951005,0.00829343,0.00730186,0.00647664,0.00577736,0.00517537,0.00465014,0.00418688,0.00377478,0.00340586
Gram_error_fro,2.0,1,12,3,0.0,0.07369557,0.05763461,0.04231662,0.03097061,0.02289698,0.01719205,0.01314287,0.01024015,0.00813088,0.00657244,0.00539854,0.00449541,0.00378535,0.00321536,0.00274915
Gram_error_fro,4.0,1,12,3,0.0,0.01706849,0.0222955,0.02630694,0.02561415,0.02335217,0.02080055,0.01838239,0.01621427,0.01430977,0.01264994,0.01120749,0.00995482,0.00886659,0.0079203,0.00709627
Gram_error_fro,4.0,1,12,3,0.0,0.08429437,0.05402031,0.03351133,0.02065207,0.01280266,0.0081947,0.00566638,0.00441,0.0038207,0.00350426,0.00326812,0.00304163,0.00280729,0.00256642,0.00232529
Gram_error_fro,2.0,1,12,3,0.0,0.06631315,0.03078912,0.01770009,0.01374547,0.01209909,0.01094955,0.00993112,0.00898363,0.00810482,0.00729907,0.00656764,0.00590813,0.00531576,0.00478461,0.0043085
Gram_error_fro,4.0,1,12,3,0.0,0.06161913,0.05304974,0.04352735,0.0354144,0.02877764,0.02339589,0.01904016,0.01551593,0.01266401,0.01035516,0.00848468,0.00696782,0.00573611,0.00473429,0.00391787
Gram_error_fro,4.0,1,12,3,0.0,0.06694108,0.06046972,0.04847591,0.03769299,0.02923281,0.0228111,0.01794211,0.01421923,0.01134385,0.00910244,0.00734147,0.00594887,0.00484146,0.00395659,0.0032465
Gram_error_fro,0.0,1,12,2,0.0,0.0,0.0,0.0,0.0,0.0,0.0,0.0,0.0,0.0,0.0,0.0,0.0,0.0,0.0,0.0
Gram_error_fro,2.0,1,12,2,0.0,0.01716222,0.0067494,0.00334788,0.00258736,0.00263769,0.00271381,0.00268846,0.00257811,0.00241362,0.00222002,0.002015,0.00181036,0.00161356,0.00142901,0.00125905
Gram_error_fro,2.0,1,12,2,0.0,0.07244443,0.05476464,0.04102326,0.03127318,0.02403043,0.01856754,0.01442683,0.01127399,0.00885927,0.00699751,0.0055523,0.00442313,0.00353561,0.00283432,0.00227762
Gram_error_fro,0.0,1,12,2,0.0,0.0,0.0,0.0,0.0,0.0,0.0,0.0,0.0,0.0,0.0,0.0,0.0,0.0,0.0,0.0
Gram_error_fro,2.0,1,12,2,0.0,0.00279491,0.000959,0.00049156,0.00148047,0.00211799,0.00245779,0.00257557,0.00254273,0.00241612,0.0022369,0.00203302,0.00182266,0.00161712,0.00142303,0.00124399
Gram_error_fro,2.0,1,12,2,0.0,0.02601382,0.0169687,0.01328061,0.01094514,0.00917201,0.007731,0.00653489,0.00553629,0.00470087,0.00400075,0.00341274,0.00291761,0.00249956,0.0021456,0.00184512
Gram_error_fro,4.0,1,12,2,0.0,0.04321733,0.02755931,0.02231634,0.01924125,0.01688591,0.01489834,0.01317061,0.01165597,0.0103241,0.00915074,0.00811536,0.00720037,0.00639071,0.00567343,0.00503741
Gram_error_fro,4.0,1,12,2,0.0,0.05480472,0.02405329,0.01491729,0.01052895,0.00777081,0.00582116,0.00437303,0.00327482,0.00243642,0.0017982,0.00131854,0.00096806,0.00072591,0.00057535,0.00049726
Gram_error_fro,4.0,1,12,2,0.0,0.0813509,0.06381931,0.04966183,0.03925872,0.03136403,0.0252913,0.02058147,0.01689574,0.01398221,0.01165504,0.00977743,0.00824827,0.00699221,0.00595254,0.00508607
Gram_error_fro,4.0,1,12,2,0.0,0.05599892,0.03151678,0.02324199,0.01892308,0.01596234,0.01367717,0.01182518,0.01028951,0.00899843,0.00790179,0.00696236,0.00615171,0.00544779,0.00483326,0.00429431
Gram_error_fro,2.0,1,12,2,0.0,0.0079712,0.00355328,0.00150251,0.00050235,0.00011436,0.00033866,0.00047229,0.00052937,0.00054164,0.00052827,0.00050063,0.00046557,0.00042728,0.00038833,0.0003503
Gram_error_fro,2.0,1,12,2,0.0,0.06238365,0.0479642,0.03655446,0.02824508,0.02195765,0.01715187,0.01346923,0.01063797,0.00845022,0.00674921,0.00541779,0.00436876,0.00353703,0.00287377,0.00234209
Gram_error_fro,2.0,1,12,2,0.0,0.1110942,0.06231524,0.04339268,0.03310447,0.0261353,0.0209538,0.01694307,0.01377785,0.01125281,0.00922406,0.00758518,0.0062552,0.00517156,0.00428545,0.0035585
Gram_error_fro,4.0,1,12,2,0.0,0.0415685,0.03875261,0.03679607,0.03475973,0.0326354,0.03046932,0.02832225,0.02624088,0.02425396,0.02237674,0.02061579,0.01897228,0.0174441,0.01602718,0.0147163
Gram_error_fro,2.0,2,12,2,0.0,0.03071954,0.0190843,0.01577532,0.01436961,0.01364631,0.01323167,0.0129915,0.01286597,0.01282049,0.01283134,0.01288099,0.01295628,0.01304733,0.0131468,0.01324933
Gram_error_fro,4.0,1,12,2,0.0,0.05963104,0.02342566,0.01609517,0.01292621,0.01049056,0.00850373,0.00689852,0.00561189,0.0045831,0.00375947,0.00309792,0.0025643,0.00213188,0.00177981,0.00149183
Gram_error_fro,0.0,1,12,2,0.0,0.0,0.0,0.0,0.0,0.0,0.0,0.0,0.0,0.0,0.0,0.0,0.0,0.0,0.0,0.0
Gram_error_fro,0.0,1,12,2,0.0,0.0,0.0,0.0,0.0,0.0,0.0,0.0,0.0,0.0,0.0,0.0,0.0,0.0,0.0,0.0
Gram_error_fro,2.0,1,12,2,0.0,0.06271655,0.04451079,0.03340126,0.02621493,0.02104814,0.01722375,0.01434553,0.01213049,0.01037963,0.00895842,0.00777788,0.00677923,0.00592302,0.00518203,0.00453672
Gram_error_fro,2.0,1,12,2,0.0,0.05645911,0.05533367,0.04916381,0.0423723,0.03604756,0.03050312,0.02577066,0.02177852,0.01842568,0.01561152,0.01324651,0.01125483,0.00957364,0.00815132,0.00694559
Gram_error_fro,2.0,1,12,2,0.0,0.01787848,0.00782319,0.00316233,0.00267512,0.00387439,0.00473269,0.00515149,0.00525159,0.0051422,0.0049027,0.00458793,0.00423501,0.00386877,0.00350552,0.0031557
Gram_error_fro,2.0,1,12,2,0.0,0.05037357,0.0372947,0.02923178,0.02354478,0.01908527,0.01554206,0.01272198,0.01046494,0.00864372,0.00716172,0.00594682,0.00494497,0.00411515,0.00342569,0.00285167
Gram_error_fro,4.0,1,12,2,0.0,0.0811745,0.04873086,0.03564219,0.029147,0.02479167,0.02139399,0.01857489,0.01617473,0.01410659,0.01231334,0.01075279,0.00939177,0.00820314,0.00716425,0.00625586
Gram_error_fro,4.0,1,12,2,0.0,0.04135495,0.03256638,0.02732726,0.02366929,0.02065194,0.01804275,0.01575935,0.01375466,0.01199369,0.01044758,0.0090914,0.00790321,0.00686351,0.00595491,0.00516191
Gram_error_fro,2.0,1,12,2,0.0,0.00882286,0.0048259,0.00268415,0.00152162,0.00096939,0.00075765,0.00067504,0.00061806,0.00055917,0.00049672,0.00043415,0.00037459,0.00031993,0.00027102,0.00022803
Gram_error_fro,2.0,1,12,2,0.0,0.01563623,0.00807005,0.00483013,0.00355251,0.00291819,0.00244968,0.00204659,0.00169737,0.00140123,0.00115491,0.00095263,0.00078774,0.00065378,0.00054501,0.00045657
Gram_error_fro,4.0,1,12,2,0.0,0.07212622,0.03034643,0.01540183,0.00904213,0.00558048,0.00347152,0.00215122,0.00134583,0.00089981,0.00070039,0.00063454,0.00061308,0.00059465,0.00056791,0.00053265
Gram_error_fro,2.0,1,12,2,0.0,0.03244079,0.01709876,0.01004155,0.00684696,0.00537245,0.00455889,0.00397505,0.00347952,0.00303425,0.00263145,0.00227003,0.00194919,0.0016671,0.00142109,0.00120796
Gram_error_fro,4.0,1,12,2,0.0,0.08423049,0.05116963,0.0367311,0.02897876,0.02363517,0.01954112,0.0162787,0.01363104,0.0114577,0.00965873,0.00816,0.00690514,0.0058504,0.00496131,0.00421021
Gram_error_fro,4.0,1,12,2,0.0,0.02534603,0.01613197,0.0124566,0.00996433,0.00808298,0.00667365,0.00560543,0.00477444,0.00410874,0.003561,0.00310039,0.00270665,0.00236617,0.00206944,0.0018096
Gram_error_fro,2.0,1,12,2,0.0,0.06516943,0.03143061,0.01726254,0.01146329,0.00865185,0.00703699,0.0059595,0.00514795,0.00448426,0.00391566,0.00341758,0.00297755,0.00258824,0.00224439,0.00194166
Gram_error_fro,2.0,1,12,2,0.0,0.11878911,0.0931488,0.07976088,0.07071048,0.06300797,0.05606418,0.04977749,0.0441188,0.03905614,0.03454741,0.03054469,0.02699862,0.02386137,0.02108817,0.01863801
Gram_error_fro,0.0,1,12,2,0.0,0.0,0.0,0.0,0.0,0.0,0.0,0.0,0.0,0.0,0.0,0.0,0.0,0.0,0.0,0.0
Gram_error_fro,2.0,1,12,2,0.0,0.03977874,0.03319526,0.02910954,0.02557192,0.02235057,0.01944651,0.01686827,0.01460391,0.012628,0.01091003,0.00941936,0.00812744,0.00700859,0.00604019,0.00520241
Gram_error_fro,0.0,1,12,2,0.0,0.0,0.0,0.0,0.0,0.0,0.0,0.0,0.0,0.0,0.0,0.0,0.0,0.0,0.0,0.0
Gram_error_fro,2.0,1,12,2,0.0,0.02990861,0.02028258,0.01509143,0.01155643,0.00900527,0.00710679,0.00565658,0.00452714,0.0036362,0.0029277,0.00236139,0.00190724,0.00154227,0.00124856,0.001012
Gram_error_fro,2.0,1,12,2,0.0,0.01069957,0.011922,0.01235603,0.01173938,0.01067116,0.00948266,0.00832823,0.00726817,0.00631971,0.00548197,0.00474709,0.00410497,0.00354533,0.00305846,0.00263552
Gram_error_fro,2.0,1,12,2,0.0,0.0287332,0.01990686,0.01488062,0.01138402,0.00881709,0.00688417,0.00540053,0.00424721,0.00334393,0.00263351,0.00207347,0.00163144,0.00128235,0.00100665,0.00078899
Gram_error_fro,4.0,1,12,2,0.0,0.04804554,0.0462236,0.04193294,0.03714163,0.03251928,0.02833099,0.0246446,0.02144054,0.01866814,0.01627056,0.01419468,0.01239402,0.01082905,0.00946647,0.00827827
Gram_error_fro,4.0,1,12,2,0.0,0.04749873,0.03425907,0.02544835,0.01922528,0.01468961,0.01132974,0.00880275,0.0068778,0.00539721,0.00425037,0.00335754,0.00265997,0.00211361,0.00168499,0.0013484
Gram_error_fro,2.0,1,12,2,0.0,0.04756754,0.03782143,0.03073563,0.02532988,0.02105504,0.01762428,0.01484021,0.01255744,0.01066844,0.00909309,0.00777081,0.00665501,0.00570928,0.00490477,0.00421833
Gram_error_fro,2.0,1,12,2,0.0,0.02770253,0.02091115,0.0162708,0.01279668,0.0101728,0.00819587,0.00669946,0.00555755,0.00467768,0.00399175,0.0034493,0.00301289,0.00265502,0.00235572,0.00210068
Gram_error_fro,4.0,1,12,2,0.0,0.06017696,0.05504837,0.04774604,0.04086507,0.03477915,0.02953158,0.02506088,0.02127291,0.01806979,0.01536145,0.01306942,0.01112713,0.00947885,0.00807815,0.00688641
Gram_error_fro,4.0,1,12,2,0.0,0.02866198,0.02479414,0.02026769,0.01623672,0.01292005,0.01028915,0.00822972,0.00661857,0.00535133,0.00434706,0.00354505,0.00290004,0.00237816,0.00195381,0.00160739
Gram_error_fro,4.0,1,12,2,0.0,0.10769525,0.07346738,0.06012382,0.05122962,0.04394256,0.03783157,0.03270066,0.0283813,0.02472682,0.02161572,0.01895033,0.01665312,0.01466268,0.01293017,0.01141637
Gram_error_fro,4.0,1,12,2,0.0,0.0404166,0.03229707,0.02800442,0.02513943,0.02290495,0.02099448,0.01927424,0.01768533,0.01620264,0.01481571,0.01352,0.01231301,0.01119254,0.01015611,0.00920072
Gram_error_fro,4.0,1,12,2,0.0,0.07730825,0.06679095,0.05631022,0.04730626,0.03979482,0.03361548,0.02854267,0.02436047,0.02088876,0.01798512,0.01553897,0.01346462,0.01169537,0.0101788,0.00887329
Gram_error_fro,4.0,1,12,2,0.0,0.0935082,0.06680669,0.05096852,0.04031934,0.03250366,0.02659411,0.0220497,0.01849851,0.01567697,0.01339808,0.01152903,0.00997495,0.00866736,0.00755619,0.00660418
Gram_error_fro,0.0,1,12,4,0.0,0.0,0.0,0.0,0.0,0.0,0.0,0.0,0.0,0.0,0.0,0.0,0.0,0.0,0.0,0.0
Gram_error_fro,2.0,1,12,4,0.0,0.04991874,0.04144832,0.03029871,0.02185356,0.01605976,0.01210537,0.00934896,0.00737813,0.00593554,0.00485715,0.00403499,0.00339609,0.0028902,0.0024823,0.00214779
Gram_error_fro,2.0,2,12,4,0.0,0.04419673,0.03477321,0.02772427,0.02321919,0.02067758,0.01942821,0.01894603,0.01889676,0.0190844,0.01939542,0.01976322,0.02014843,0.02052799,0.02088887,0.02122426
Gram_error_fro,2.0,1,12,4,0.0,0.05365776,0.04756233,0.0373387,0.02877611,0.02243241,0.01784104,0.01450209,0.01204011,0.0101906,0.00876933,0.00764869,0.00674114,0.00598721,0.00534674,0.00479261
Gram_error_fro,2.0,1,12,4,0.0,0.07044595,0.0634547,0.05365182,0.04482124,0.0372497,0.03088882,0.02564324,0.02137736,0.01793405,0.01515796,0.01291088,0.011078,0.00956811,0.00831079,0.00725257
Gram_error_fro,2.0,1,12,4,0.0,0.0619666,0.03878858,0.02560276,0.01825533,0.01375645,0.01074554,0.00859099,0.00697737,0.00573116,0.0047476,0.00395857,0.00331748,0.00279123,0.0023557,0.00199289
Gram_error_fro,4.0,1,12,4,0.0,0.09992183,0.07992277,0.06275642,0.05032637,0.04077226,0.03311087,0.02689617,0.02186572,0.01781393,0.01456214,0.0119554,0.00986318,0.00817858,0.00681595,0.00570766
Gram_error_fro,4.0,1,12,4,0.0,0.06738198,0.05512321,0.04182314,0.03181328,0.02452594,0.01911972,0.01503796,0.01192517,0.00953654,0.00769313,0.00626107,0.00513989,0.00425441,0.00354862,0.00298076
Gram_error_fro,2.0,1,12,4,0.0,0.04982408,0.03801712,0.03041819,0.02512903,0.02121847,0.01813405,0.01559566,0.0134596,0.0116421,0.01008645,0.00874994,0.0075985,0.00660426,0.00574412,0.00499879
Gram_error_fro,4.0,1,12,4,0.0,0.08612285,0.06779621,0.05466695,0.0443447,0.03591072,0.02905513,0.023542,0.01914442,0.01565159,0.01287895,0.01067238,0.00890747,0.00748625,0.0063327,0.0053885
Gram_error_fro,4.0,1,12,4,0.0,0.06912008,0.05112318,0.03765101,0.02832665,0.0217654,0.01701378,0.01347838,0.01079262,0.00872154,0.00710677,0.00583664,0.00482982,0.00402578,0.00337887,0.00285442
Gram_error_fro,4.0,2,12,4,0.0,0.09256561,0.06846447,0.05084003,0.04030874,0.03391121,0.02990174,0.02733721,0.02568211,0.02461367,0.02392927,0.0234986,0.02323668,0.02308745,0.02301356,0.02298987
Gram_error_fro,4.0,1,12,4,0.0,0.08416487,0.05798131,0.04577601,0.03911057,0.03433074,0.03040954,0.02703344,0.02407566,0.02146488,0.01915098,0.01709478,0.0152642,0.01363231,0.01217616,0.01087597
Gram_error_fro,4.0,2,12,4,0.0,0.13025213,0.08805779,0.06020963,0.04459611,0.03577639,0.03071885,0.02777964,0.02605418,0.02503683,0.02443897,0.02409213,0.02389621,0.02379093,0.02373972,0.02372028
Gram_error_fro,4.0,1,12,4,0.0,0.0749801,0.06062138,0.04944571,0.04169132,0.03588161,0.03127116,0.02749962,0.0243582,0.02170393,0.01943145,0.0174619,0.0157364,0.01421103,0.01285286,0.01163686
Gram_error_fro,4.0,1,12,4,0.0,0.08334914,0.06248015,0.04369077,0.03084492,0.02243912,0.01682149,0.01291573,0.01009694,0.00800292,0.00641393,0.00518887,0.00423246,0.00347788,0.00287701,0.00239451
Gram_error_fro,0.0,1,12,3,0.0,0.0,0.0,0.0,0.0,0.0,0.0,0.0,0.0,0.0,0.0,0.0,0.0,0.0,0.0,0.0
Gram_error_fro,2.0,1,12,3,0.0,0.0312342,0.0240569,0.01968484,0.01664249,0.01420241,0.01216306,0.01043439,0.00895983,0.00769804,0.00661642,0.00568825,0.00489117,0.00420631,0.00361762,0.00311145
Gram_error_fro,2.0,1,12,3,0.0,0.04396953,0.01934207,0.01131187,0.00874002,0.0074981,0.00658485,0.0058031,0.0051149,0.00450952,0.00397911,0.00351537,0.00310991,0.00275491,0.00244339,0.00216933
Gram_error_fro,2.0,1,12,3,0.0,0.04111553,0.02814078,0.02155485,0.0174371,0.01445854,0.01215175,0.010299,0.00877822,0.00751206,0.00644735,0.00554547,0.00477729,0.00412022,0.00355638,0.00307137
Gram_error_fro,2.0,1,12,3,0.0,0.0719691,0.03265679,0.01701531,0.01087795,0.00803617,0.00643182,0.00536852,0.00458339,0.00396272,0.00345096,0.00301798,0.00264585,0.00232293,0.00204101,0.00179395
Gram_error_fro,2.0,1,12,3,0.0,0.04111553,0.02814078,0.02155485,0.0174371,0.01445854,0.01215175,0.010299,0.00877822,0.00751206,0.00644735,0.00554547,0.00477729,0.00412022,0.00355638,0.00307137
Gram_error_fro,4.0,1,12,3,0.0,0.06810714,0.04681817,0.03050607,0.02103944,0.01519109,0.01126888,0.00851749,0.00654863,0.00512627,0.00409173,0.00333319,0.00277027,0.00234502,0.0020161,0.00175452
Gram_error_fro,2.0,1,12,3,0.0,0.05454094,0.03640402,0.02935286,0.02439889,0.02042518,0.0171823,0.01451099,0.01229138,0.01043427,0.00887257,0.00755457,0.00643936,0.00549389,0.0046911,0.0040086
Gram_error_fro,2.0,1,12,3,0.0,0.01736709,0.00958491,0.00437544,0.00252716,0.00319304,0.00397493,0.00437675,0.00446761,0.00435228,0.00411209,0.00380368,0.00346489,0.00312027,0.00278521,0.0024689
Gram_error_fro,4.0,1,12,3,0.0,0.06810714,0.04681817,0.03050607,0.02103944,0.01519109,0.01126888,0.00851749,0.00654863,0.00512627,0.00409173,0.00333319,0.00277027,0.00234502,0.0020161,0.00175452
Gram_error_fro,2.0,1,12,3,0.0,0.03768334,0.02638467,0.02019505,0.01641138,0.01362369,0.01141131,0.00960403,0.00810713,0.00685747,0.00580892,0.00492607,0.00418089,0.00355074,0.00301713,0.00256476
Gram_error_fro,4.0,1,12,3,0.0,0.10264925,0.09951393,0.09143928,0.08240185,0.07347764,0.06510807,0.05747802,0.05063884,0.04457191,0.03922451,0.03452971,0.03041705,0.02681823,0.02366986,0.02091467
Gram_error_fro,4.0,1,12,3,0.0,0.09163461,0.05257434,0.0367977,0.0286912,0.02362222,0.02005426,0.01732989,0.01512856,0.01328285,0.01169984,0.01032396,0.00911907,0.00805947,0.00712551,0.00630124
Gram_error_fro,2.0,1,12,3,0.0,0.01209976,0.00633518,0.00275771,0.00269887,0.00347983,0.00394707,0.00411796,0.00408836,0.00393125,0.00369742,0.00342179,0.00312812,0.00283232,0.0025448,0.00227209
Gram_error_fro,4.0,1,12,3,0.0,0.08225737,0.04880537,0.03097923,0.02093541,0.01462768,0.01043396,0.00757615,0.0056059,0.0042357,0.00327228,0.00258396,0.00208139,0.00170478,0.00141472,0.00118546
Gram_error_fro,2.0,1,12,3,0.0,0.04535251,0.02999538,0.02310387,0.0191377,0.01630551,0.01404201,0.01213659,0.01049809,0.00907828,0.00784541,0.00677497,0.00584642,0.00504185,0.00434552,0.0037435
Gram_error_fro,0.0,1,12,2,0.0,0.0,0.0,0.0,0.0,0.0,0.0,0.0,0.0,0.0,0.0,0.0,0.0,0.0,0.0,0.0
Gram_error_fro,2.0,1,12,2,0.0,0.01205224,0.01285237,0.01372149,0.01370337,0.01311557,0.01221621,0.01118269,0.01011975,0.0090852,0.00810936,0.00720674,0.00638273,0.00563746,0.00496801,0.00436984
Gram_error_fro,2.0,1,12,2,0.0,0.0332492,0.02365697,0.0185057,0.0148198,0.0119379,0.00963783,0.00779094,0.00630324,0.00510211,0.00413064,0.00334386,0.00270612,0.00218893,0.00176947,0.00142935
Gram_error_fro,2.0,1,12,2,0.0,0.02964756,0.01409451,0.00859483,0.00595418,0.00443301,0.00344892,0.00275869,0.00224727,0.00185379,0.00154293,0.00129262,0.00108826,0.00091973,0.00077972,0.00066277
Gram_error_fro,2.0,1,12,2,0.0,0.06235222,0.02627984,0.01500351,0.01016324,0.00741403,0.00560412,0.00432633,0.00339302,0.00269797,0.00217289,0.00177092,0.001459,0.00121355,0.00101768,0.00085926
Gram_error_fro,2.0,1,12,2,0.0,0.00251006,0.00096165,0.00074659,0.00072796,0.00065215,0.00056425,0.00049132,0.00043502,0.00038948,0.00034974,0.00031319,0.00027884,0.00024656,0.00021648,0.00018879
Gram_error_fro,4.0,1,12,2,0.0,0.02889628,0.01387703,0.00839013,0.00559004,0.00388721,0.00276911,0.00201001,0.00148647,0.00112142,0.00086387,0.00067943,0.00054487,0.00044462,0.00036829,0.00030894
Gram_error_fro,2.0,1,12,2,0.0,0.01128612,0.00429591,0.0020878,0.00123507,0.00087888,0.0007652,0.00074006,0.00072416,0.00069469,0.00065084,0.00059732,0.00053909,0.00048001,0.00042274,0.00036896
Gram_error_fro,4.0,1,12,2,0.0,0.08561086,0.04436873,0.03254523,0.02654043,0.02202331,0.01835912,0.0153619,0.01290515,0.01088398,0.00921268,0.00782293,0.00666103,0.00568479,0.00486098,0.00416322
Gram_error_fro,2.0,1,12,2,0.0,0.06981644,0.05230821,0.04468836,0.03938001,0.03479396,0.03067914,0.02699734,0.02372682,0.02083772,0.01829456,0.01606051,0.01410014,0.01238078,0.01087301,0.0095507
Gram_error_fro,4.0,1,12,2,0.0,0.05606076,0.02079487,0.01200437,0.00902781,0.0073865,0.00617491,0.00518513,0.00435502,0.00365579,0.00306737,0.00257306,0.00215844,0.00181103,0.00152012,0.00127663
Gram_error_fro,4.0,1,12,2,0.0,0.07715897,0.0643462,0.05588977,0.0487836,0.04255445,0.0371297,0.0324321,0.0283674,0.02484451,0.02178388,0.0191185,0.01679243,0.01475887,0.01297844,0.01141775
Gram_error_fro,2.0,1,12,2,0.0,0.06511097,0.05146015,0.04249837,0.03571449,0.03024755,0.0257702,0.02206885,0.01898147,0.01638435,0.01418319,0.01230573,0.01069597,0.00930985,0.00811224,0.0070747
Gram_error_fro,4.0,1,12,2,0.0,0.03458044,0.0211718,0.01666868,0.01398287,0.01193406,0.01026534,0.00887137,0.00768875,0.00667508,0.00580051,0.00504295,0.00438519,0.00381335,0.00331588,0.002883
Gram_error_fro,4.0,2,12,2,0.0,0.06655077,0.05341842,0.04458432,0.03800729,0.03293403,0.02900698,0.02595962,0.0235837,0.02172065,0.02025139,0.01908659,0.0181589,0.0174172,0.01682236,0.01634413
Gram_error_fro,4.0,1,12,2,0.0,0.13794269,0.12952104,0.11744244,0.10527785,0.09387822,0.08355426,0.07434052,0.06616543,0.05892722,0.0525218,0.04685208,0.04183049,0.03737931,0.03343007,0.02992266
Gram_error_fro,0.0,1,12,6,0.0,0.0,0.0,0.0,0.0,0.0,0.0,0.0,0.0,0.0,0.0,0.0,0.0,0.0,0.0,0.0
Gram_error_fro,2.0,1,12,6,0.0,0.07418743,0.06368382,0.04875337,0.03763515,0.02952371,0.02334587,0.01852504,0.01474774,0.01180389,0.00952703,0.00777679,0.00643464,0.00540259,0.00460209,0.00397215
Gram_error_fro,2.0,1,12,6,0.0,0.07227606,0.05581434,0.03740556,0.02475757,0.01675125,0.01170854,0.00848775,0.00639592,0.0050124,0.00407453,0.00341552,0.00293034,0.00255452,0.00224953,0.00199274
Gram_error_fro,0.0,1,12,6,0.0,0.0,0.0,0.0,0.0,0.0,0.0,0.0,0.0,0.0,0.0,0.0,0.0,0.0,0.0,0.0
Gram_error_fro,2.0,1,12,6,0.0,0.07418743,0.06368382,0.04875337,0.03763515,0.02952371,0.02334587,0.01852504,0.01474774,0.01180389,0.00952703,0.00777679,0.00643464,0.00540259,0.00460209,0.00397215
Gram_error_fro,2.0,1,12,6,0.0,0.07418743,0.06368382,0.04875337,0.03763515,0.02952371,0.02334587,0.01852504,0.01474774,0.01180389,0.00952703,0.00777679,0.00643464,0.00540259,0.00460209,0.00397215
Gram_error_fro,4.0,1,12,6,0.0,0.09112694,0.07826376,0.0638743,0.05263357,0.04345229,0.03575561,0.02932319,0.02401351,0.01968358,0.01618391,0.01336961,0.01110979,0.0092922,0.00782417,0.00663119
Gram_error_fro,2.0,2,12,6,0.0,0.0659563,0.05243119,0.03563167,0.02579971,0.02198974,0.02148389,0.02225477,0.02337346,0.02451056,0.02556478,0.02651183,0.02735232,0.02809441,0.02874809,0.02932319
Gram_error_fro,4.0,1,12,6,0.0,0.08871952,0.07147118,0.05489401,0.04328181,0.03481352,0.02830926,0.02317935,0.01909528,0.0158356,0.01322983,0.01114006,0.00945454,0.00808421,0.00695942,0.00602664
Gram_error_fro,4.0,1,12,6,0.0,0.09498757,0.07586266,0.05605325,0.04180189,0.0318805,0.02476082,0.01947231,0.0154579,0.01238114,0.01001585,0.00819533,0.00679042,0.00569978,0.00484456,0.00416455
Gram_error_fro,2.0,1,12,6,0.0,0.04506726,0.03855304,0.03189889,0.02682529,0.02279171,0.01941034,0.01652404,0.0140634,0.01197817,0.0102194,0.00873893,0.00749213,0.00643984,0.0055489,0.00479187
Gram_error_fro,4.0,2,12,6,0.0,0.08970226,0.06542445,0.04370653,0.0307749,0.02460915,0.02265225,0.02272901,0.02355897,0.02458237,0.02559257,0.02652262,0.02735652,0.02809606,0.02874873,0.02932344
Gram_error_fro,6.0,1,12,6,0.0,0.10793487,0.08904334,0.06984207,0.05579361,0.04517916,0.03675491,0.02992612,0.02437811,0.01989208,0.01628475,0.01339484,0.01108235,0.00922913,0.00773817,0.00653166
Gram_error_fro,4.0,1,12,6,0.0,0.09264065,0.07214356,0.05067956,0.03672942,0.02835984,0.02312685,0.01951956,0.01678329,0.0145694,0.01271344,0.01112941,0.00976502,0.00858371,0.00755737,0.00666326
Gram_error_fro,2.0,1,12,6,0.0,0.05643225,0.0544163,0.04699461,0.03953897,0.03284386,0.02704851,0.02216356,0.01813277,0.01485846,0.01222539,0.01011862,0.00843393,0.00708246,0.00599156,0.00510364
Gram_error_fro,6.0,2,12,6,0.0,0.12841937,0.10158665,0.07486986,0.05740918,0.04628701,0.03901647,0.03425008,0.0312502,0.02952432,0.02868526,0.02842482,0.02851402,0.02879604,0.02917063,0.02957735
Gram_error_fro,0.0,1,12,2,0.0,0.0,0.0,0.0,0.0,0.0,0.0,0.0,0.0,0.0,0.0,0.0,0.0,0.0,0.0,0.0
Gram_error_fro,0.0,1,12,2,0.0,0.0,0.0,0.0,0.0,0.0,0.0,0.0,0.0,0.0,0.0,0.0,0.0,0.0,0.0,0.0
Gram_error_fro,2.0,1,12,2,0.0,0.02147211,0.00950597,0.00618644,0.0050071,0.00434427,0.00384864,0.00342841,0.00305321,0.00271185,0.00240005,0.00211598,0.00185853,0.00162659,0.0014189,0.00123397
Gram_error_fro,2.0,1,12,2,0.0,0.04319211,0.017838,0.0130635,0.01148456,0.0104855,0.00964249,0.00887603,0.00816679,0.00750749,0.00689403,0.00632353,0.00579359,0.00530208,0.00484698,0.00442631
Gram_error_fro,2.0,1,12,2,0.0,0.03234222,0.00638681,0.00282741,0.00172104,0.00113884,0.00100962,0.00113323,0.00129696,0.00142531,0.00150556,0.00154223,0.00154357,0.00151776,0.00147188,0.00141177
Gram_error_fro,2.0,1,12,2,0.0,0.0470235,0.03019855,0.02214033,0.01724344,0.01374841,0.01109677,0.00903211,0.00740065,0.00609784,0.00504846,0.0041969,0.00350134,0.00292993,0.00245813,0.00206686
Gram_error_fro,4.0,1,12,2,0.0,0.04522086,0.02765167,0.02049085,0.01627768,0.01323902,0.01087445,0.00897925,0.00743923,0.00617804,0.00513986,0.00428207,0.00357131,0.00298109,0.0024901,0.00208112
Gram_error_fro,4.0,1,12,2,0.0,0.06276732,0.03740859,0.0264712,0.02038045,0.01623778,0.01318096,0.01084815,0.00903461,0.00760501,0.00646386,0.00554191,0.00478823,0.00416507,0.00364419,0.00320437
Gram_error_fro,4.0,1,12,2,0.0,0.07082859,0.04063772,0.02769816,0.02016305,0.01502479,0.01137222,0.00873744,0.00681576,0.00539709,0.00433517,0.00352804,0.00290457,0.00241505,0.00202463,0.00170874
Gram_error_fro,4.0,1,12,2,0.0,0.05540934,0.02165816,0.01340996,0.00988275,0.00771724,0.00615378,0.00495509,0.00401456,0.00326813,0.00267127,0.00219111,0.00180283,0.00148738,0.00123006,0.00101939
Gram_error_fro,2.0,1,12,2,0.0,0.00878685,0.00282083,0.00184976,0.00177877,0.00185909,0.00193769,0.00198362,0.00199441,0.00197452,0.00192977,0.00186581,0.00178763,0.00169953,0.00160505,0.00150713
Gram_error_fro,4.0,1,12,2,0.0,0.05169703,0.03013214,0.02217791,0.01754762,0.01414305,0.01147161,0.00933715,0.00762058,0.00623514,0.00511376,0.00420367,0.0034631,0.00285889,0.00236467,0.00195942
Gram_error_fro,4.0,1,12,2,0.0,0.03207816,0.01526013,0.01207334,0.01052009,0.00922786,0.00809312,0.00709637,0.00622253,0.00545719,0.00478704,0.00420019,0.00368612,0.00323565,0.00284076,0.00249444
Gram_error_fro,4.0,1,12,2,0.0,0.0351081,0.00554908,0.00140715,0.0009037,0.00049733,0.0001932,0.0002755,0.00047161,0.0006234,0.00072854,0.00079507,0.00083103,0.0008433,0.00083757,0.00081842
Gram_error_fro,4.0,1,12,2,0.0,0.02569424,0.00908799,0.00470892,0.00327773,0.00266014,0.00231763,0.00208672,0.00190975,0.00176304,0.00163518,0.00151986,0.00141339,0.00131356,0.00121909,0.00112929
Gram_error_fro,4.0,1,12,2,0.0,0.05652164,0.03472239,0.02784025,0.02388014,0.02079218,0.01822227,0.01604096,0.01416829,0.01254679,0.01113323,0.0098943,0.00880377,0.00784059,0.00698761,0.0062306
Gram_error_fro,0.0,1,12,4,0.0,0.0,0.0,0.0,0.0,0.0,0.0,0.0,0.0,0.0,0.0,0.0,0.0,0.0,0.0,0.0
Gram_error_fro,2.0,1,12,4,0.0,0.01952338,0.01696451,0.01533693,0.01410253,0.01312209,0.01231363,0.01162409,0.01101703,0.01046681,0.00995582,0.00947257,0.00901003,0.00856417,0.00813295,0.00771547
Gram_error_fro,2.0,1,12,4,0.0,0.03966009,0.03594159,0.0327492,0.03055771,0.02871684,0.02699476,0.0253501,0.02378527,0.02230485,0.02090906,0.01959496,0.01835823,0.01719429,0.0160987,0.01506741
Gram_error_fro,2.0,1,12,4,0.0,0.06532451,0.05911307,0.05037513,0.04301871,0.03725526,0.03276611,0.02919133,0.02624851,0.02374653,0.02156533,0.01963126,0.01789824,0.01633579,0.01492211,0.01364039
Gram_error_fro,2.0,1,12,4,0.0,0.04482139,0.04533472,0.04161365,0.03827166,0.03551506,0.03309038,0.03086904,0.02880898,0.02689441,0.02511345,0.02345397,0.0219043,0.02045417,0.019095,0.01781975
Gram_error_fro,2.0,1,12,4,0.0,0.03893228,0.03479656,0.03103461,0.02822753,0.02578518,0.02351405,0.02139312,0.01943319,0.01763987,0.01600985,0.01453393,0.01320017,0.01199586,0.01090855,0.00992662
Gram_error_fro,4.0,1,12,4,0.0,0.10694849,0.08434346,0.06445536,0.05207754,0.04436567,0.03915938,0.03530889,0.03223725,0.02964848,0.02738376,0.02535383,0.02350616,0.02180839,0.02023948,0.01878485
Gram_error_fro,4.0,1,12,4,0.0,0.05464511,0.05044107,0.0462822,0.0431199,0.04037654,0.03780339,0.03533074,0.03295157,0.0306755,0.02851296,0.02647076,0.02455173,0.02275536,0.02107873,0.01951734
Gram_error_fro,2.0,1,12,4,0.0,0.0371848,0.0370597,0.03646216,0.03595746,0.03525899,0.0343053,0.03312698,0.03177761,0.03031109,0.02877452,0.02720643,0.02563708,0.02408945,0.02258051,0.02112239
Gram_error_fro,4.0,1,12,4,0.0,0.0899332,0.0699743,0.04946791,0.03653335,0.02923514,0.02492096,0.02199244,0.01972122,0.0178108,0.01613997,0.01465362,0.01332151,0.01212342,0.01104375,0.01006945
Gram_error_fro,4.0,1,12,4,0.0,0.05458108,0.05741783,0.05492226,0.05184098,0.04875139,0.04572587,0.04279267,0.03997183,0.03727557,0.03471031,0.03227887,0.02998179,0.02781803,0.02578529,0.02388025
Gram_error_fro,2.0,1,12,4,0.0,0.10382317,0.09242088,0.0747738,0.0612894,0.0516454,0.04455476,0.03908984,0.03468985,0.03102603,0.02790159,0.02519309,0.02281838,0.02071942,0.01885298,0.01718545
Gram_error_fro,2.0,1,12,4,0.0,0.12361691,0.09189941,0.06176365,0.0448806,0.03644425,0.03192251,0.02898704,0.02670479,0.02473758,0.02296312,0.02133348,0.01982633,0.0184285,0.01713045,0.01592429
Gram_error_fro,6.0,2,12,4,0.0,0.09495099,0.07493544,0.05481907,0.04257647,0.03541632,0.03069492,0.02707116,0.02400331,0.02129762,0.01889394,0.01678247,0.01497346,0.01348519,0.01233616,0.01153655
Gram_error_fro,4.0,1,12,4,0.0,0.09066412,0.0728892,0.05930233,0.05086682,0.04547349,0.04160525,0.03848535,0.03576667,0.03329914,0.03101567,0.02888384,0.02688618,0.02501195,0.02325358,0.02160499
Gram_error_fro,2.0,1,12,4,0.0,0.10246866,0.08142978,0.0630161,0.05229902,0.04624537,0.04237821,0.03949269,0.0370968,0.03499469,0.03310132,0.03137265,0.02978103,0.02830645,0.02693331,0.025649
Gram_error_fro,0.0,1,12,5,0.0,0.0,0.0,0.0,0.0,0.0,0.0,0.0,0.0,0.0,0.0,0.0,0.0,0.0,0.0,0.0
Gram_error_fro,2.0,1,12,5,0.0,0.05017315,0.04259019,0.03200552,0.02421758,0.0189698,0.0153065,0.01258942,0.01047592,0.00878342,0.00740566,0.0062733,0.00533661,0.00455782,0.00390732,0.00336154
Gram_error_fro,0.0,1,12,5,0.0,0.0,0.0,0.0,0.0,0.0,0.0,0.0,0.0,0.0,0.0,0.0,0.0,0.0,0.0,0.0
Gram_error_fro,2.0,1,12,5,0.0,0.05266597,0.04051379,0.02860796,0.02096137,0.01618195,0.013016,0.01074547,0.0090049,0.00761148,0.00646849,0.00551885,0.00472447,0.00405724,0.00349508,0.00302011
Gram_error_fro,2.0,1,12,5,0.0,0.07278788,0.07534165,0.06744573,0.05723784,0.04749569,0.03908151,0.03212496,0.0264897,0.02196258,0.01832961,0.01540372,0.01303174,0.01109274,0.00949324,0.00816178
Gram_error_fro,2.0,1,12,5,0.0,0.11044314,0.09066566,0.06793891,0.05179457,0.04061131,0.03265394,0.0268138,0.02240457,0.01899053,0.01628698,0.01410335,0.01230916,0.01081319,0.00955028,0.00847286
Gram_error_fro,4.0,1,12,5,0.0,0.07532818,0.0723086,0.06174769,0.05064734,0.04106908,0.03336914,0.02732984,0.02260719,0.0188858,0.01591693,0.01351585,0.01154831,0.00991706,0.00855099,0.00739737
Gram_error_fro,2.0,1,12,5,0.0,0.0491738,0.04480674,0.03968946,0.03410677,0.02867125,0.02384266,0.0197786,0.01645615,0.01377596,0.01162029,0.00987973,0.00846271,0.00729685,0.00632664,0.00551029
Gram_error_fro,4.0,1,12,5,0.0,0.07385196,0.05814089,0.04331741,0.03296868,0.02587311,0.02080809,0.01701434,0.01406426,0.01171309,0.00981056,0.00825624,0.00697795,0.00592119,0.00504353,0.00431145
Gram_error_fro,2.0,1,12,5,0.0,0.03184882,0.02099256,0.01387503,0.01015101,0.00791076,0.00634605,0.00516825,0.00425479,0.00353654,0.00296631,0.00250934,0.00213947,0.00183694,0.00158686,0.00137798
Gram_error_fro,4.0,2,12,5,0.0,0.10470787,0.09004787,0.07054196,0.05577424,0.04537127,0.03821,0.03340445,0.0302923,0.02836793,0.02724877,0.02665625,0.02639667,0.02634063,0.0264042,0.02653407
Gram_error_fro,2.0,1,12,5,0.0,0.07084132,0.06951309,0.05932594,0.04915257,0.04059891,0.0336916,0.0281452,0.02366754,0.02002158,0.01702614,0.01454451,0.01247301,0.01073233,0.00926103,0.00801101
Gram_error_fro,2.0,1,12,5,0.0,0.09666338,0.06556161,0.04231337,0.02877925,0.02108421,0.01645143,0.01339209,0.01118824,0.0094974,0.00814629,0.00703843,0.00611441,0.0053345,0.00467038,0.00410098
Gram_error_fro,4.0,1,12,5,0.0,0.05353154,0.04493997,0.03543011,0.02818509,0.02287454,0.01892061,0.01587961,0.01346763,0.01151079,0.00989902,0.00855768,0.00743272,0.00648308,0.00567664,0.00498793
Gram_error_fro,2.0,1,12,5,0.0,0.09525941,0.08282039,0.06639414,0.05345153,0.04338863,0.03539625,0.02898553,0.02383409,0.01969473,0.01636505,0.0136787,0.01150103,0.00972496,0.00826647,0.00706016
Gram_error_fro,4.0,1,12,5,0.0,0.12995683,0.100707,0.07775136,0.06246455,0.05159853,0.04335143,0.03681338,0.03149349,0.02709597,0.02342233,0.02032861,0.01770539,0.01546752,0.01354775,0.01189262
Gram_error_fro,0.0,1,12,3,0.0,0.0,0.0,0.0,0.0,0.0,0.0,0.0,0.0,0.0,0.0,0.0,0.0,0.0,0.0,0.0
Gram_error_fro,2.0,1,12,3,0.0,0.04865477,0.03338788,0.02576537,0.02062725,0.01679801,0.01383008,0.01147377,0.00957196,0.00801916,0.00674071,0.00568158,0.00479992,0.00406312,0.00344541,0.00292612
Gram_error_fro,2.0,1,12,3,0.0,0.02116213,0.01950961,0.01831678,0.0167781,0.01519163,0.01366285,0.01223955,0.01094211,0.00977425,0.00873036,0.00780047,0.00697313,0.00623698,0.00558147,0.00499714
Gram_error_fro,2.0,1,12,3,0.0,0.07126528,0.03846862,0.02180654,0.01341807,0.00890614,0.00642945,0.00506093,0.00426804,0.00375069,0.00335756,0.0030212,0.00271499,0.0024301,0.00216465,0.00191893
Gram_error_fro,2.0,1,12,3,0.0,0.02158506,0.01115759,0.00766546,0.00602581,0.005,0.00426594,0.00370305,0.00325027,0.00287246,0.00254844,0.00226507,0.00201401,0.0017898,0.00158874,0.00140816
Gram_error_fro,2.0,1,12,3,0.0,0.04740825,0.03399626,0.02506189,0.0189644,0.01452963,0.0112219,0.00872885,0.00683716,0.00539288,0.00428329,0.00342538,0.00275776,0.00223483,0.00182254,0.00149534
Gram_error_fro,4.0,1,12,3,0.0,0.06652631,0.03858643,0.02587949,0.01904041,0.01471286,0.01170115,0.00948462,0.0077921,0.00646509,0.00540385,0.00454223,0.0038345,0.00324789,0.00275824,0.00234729
Gram_error_fro,4.0,2,12,3,0.0,0.05759214,0.03530826,0.02634388,0.02205089,0.01979104,0.01856218,0.01790233,0.01757281,0.01744068,0.01742772,0.01748596,0.01758507,0.01770555,0.01783476,0.0179646
Gram_error_fro,4.0,2,12,3,0.0,0.08825145,0.04819575,0.03043498,0.02266679,0.01919455,0.01770352,0.01713109,0.01698056,0.01702187,0.01714806,0.01730853,0.01747878,0.01764674,0.01780644,0.01795503
Gram_error_fro,4.0,1,12,3,0.0,0.08898695,0.05070742,0.03024053,0.0196998,0.01364506,0.00981904,0.00722673,0.00538305,0.00402926,0.00301582,0.00224964,0.00166879,0.00122982,0.00090115,0.0006593
Gram_error_fro,4.0,1,12,3,0.0,0.07308048,0.04808517,0.03474985,0.02685397,0.02153051,0.01764251,0.01466665,0.01231906,0.01042702,0.00887745,0.00759257,0.00651684,0.00560934,0.00483915,0.00418234
Gram_error_fro,2.0,1,12,3,0.0,0.02917997,0.02109499,0.01541602,0.01160124,0.00893216,0.00700394,0.00557258,0.00448477,0.00364173,0.002978,0.00244892,0.00202301,0.00167749,0.00139543,0.00116399
Gram_error_fro,4.0,1,12,3,0.0,0.0788245,0.06382443,0.0554193,0.04853068,0.04261423,0.03752391,0.03313751,0.02934548,0.02605405,0.02318491,0.02067339,0.01846623,0.01651957,0.0147971,0.01326863
Gram_error_fro,4.0,1,12,3,0.0,0.11199072,0.07566575,0.05196493,0.03726446,0.02760209,0.02090605,0.01609128,0.01254231,0.00988036,0.00785707,0.00630217,0.00509548,0.00415044,0.00340383,0.00280901
Gram_error_fro,4.0,1,12,3,0.0,0.07921366,0.04145991,0.02533198,0.01785574,0.0135622,0.01070864,0.00864848,0.0070895,0.00587471,0.00490866,0.00412853,0.00349093,0.00296476,0.00252713,0.00216082
Gram_error_fro,4.0,1,12,3,0.0,0.0797795,0.03453575,0.01871892,0.0147499,0.01281321,0.01107698,0.00945482,0.00800427,0.00674748,0.00567793,0.00477638,0.00401999,0.00338652,0.00285604,0.00241143
Gram_error_fro,0.0,1,12,2,0.0,0.0,0.0,0.0,0.0,0.0,0.0,0.0,0.0,0.0,0.0,0.0,0.0,0.0,0.0,0.0
Gram_error_fro,2.0,1,12,2,0.0,0.02334321,0.01877976,0.01617902,0.01399368,0.0120845,0.01042618,0.00899924,0.00777941,0.00674002,0.00585497,0.00510048,0.00445583,0.00390335,0.00342825,0.00301822
Gram_error_fro,2.0,1,12,2,0.0,0.02258756,0.01842,0.01605905,0.01405066,0.01225819,0.01067039,0.00928172,0.00807869,0.00704236,0.00615194,0.00538716,0.0047295,0.0041627,0.00367281,0.00324803
Gram_error_fro,2.0,1,12,2,0.0,0.07660614,0.07770736,0.07084509,0.06301254,0.05560667,0.04897206,0.04313627,0.03803275,0.03357502,0.02967946,0.02627116,0.0232847,0.02066348,0.01835875,0.01632863
Gram_error_fro,2.0,1,12,2,0.0,0.08030609,0.07755219,0.06981955,0.06208921,0.05499387,0.04865674,0.04305349,0.0381169,0.03377285,0.02995099,0.02658735,0.0236248,0.02101278,0.01870693,0.01666853
Gram_error_fro,2.0,1,12,2,0.0,0.02334321,0.01877976,0.01617902,0.01399368,0.0120845,0.01042618,0.00899924,0.00777941,0.00674002,0.00585497,0.00510048,0.00445583,0.00390335,0.00342825,0.00301822
Gram_error_fro,4.0,1,12,2,0.0,0.07898632,0.0576872,0.05046888,0.04576428,0.04159238,0.03767582,0.03400001,0.03058572,0.02744828,0.02459109,0.02200718,0.01968227,0.01759784,0.01573341,0.01406813
Gram_error_fro,2.0,1,12,2,0.0,0.06362692,0.0696364,0.06642893,0.06096275,0.05508054,0.04938598,0.0440909,0.03926522,0.03491878,0.03103276,0.02757444,0.02450529,0.02178557,0.01937693,0.01724376
Gram_error_fro,4.0,1,12,2,0.0,0.08190821,0.05294079,0.04671559,0.0435138,0.04045959,0.03731121,0.03414854,0.03106858,0.02814161,0.02540946,0.0228917,0.02059246,0.01850597,0.0166207,0.01492212
Gram_error_fro,4.0,1,12,2,0.0,0.05263497,0.04383676,0.03844405,0.03395781,0.03005151,0.02664111,0.02367127,0.02108825,0.01883966,0.01687711,0.01515798,0.01364582,0.01231005,0.01112526,0.01007039
Gram_error_fro,2.0,1,12,2,0.0,0.00053817,0.00022506,0.00018249,0.00016364,0.00015064,0.0001394,0.00012892,0.000119,0.00010963,0.0001008,9.254e-05,8.484e-05,7.769e-05,7.109e-05,6.5e-05
Gram_error_fro,4.0,1,12,2,0.0,0.0805944,0.07741776,0.06882172,0.0601878,0.05240234,0.04562502,0.03979381,0.0347885,0.03048708,0.02678158,0.02358027,0.02080626,0.01839525,0.01629349,0.014456
Gram_error_fro,4.0,1,12,2,0.0,0.08717466,0.07553661,0.06529797,0.05618954,0.04831791,0.04160084,0.03589125,0.03103889,0.02690951,0.02338836,0.0203788,0.0177999,0.01558403,0.01367475,0.01202492
Gram_error_fro,2.0,1,12,2,0.0,0.00073362,0.0002929,0.0001997,0.00014408,0.00010755,8.45e-05,7.166e-05,6.629e-05,6.57e-05,6.757e-05,7.036e-05,7.318e-05,7.557e-05,7.732e-05,7.839e-05
Gram_error_fro,2.0,1,12,2,0.0,0.00073362,0.0002929,0.0001997,0.00014408,0.00010755,8.45e-05,7.166e-05,6.629e-05,6.57e-05,6.757e-05,7.036e-05,7.318e-05,7.557e-05,7.732e-05,7.839e-05
Gram_error_fro,4.0,1,12,2,0.0,0.09487567,0.08308205,0.07385393,0.06536254,0.05748975,0.05036333,0.0440251,0.03844735,0.03356961,0.02931981,0.02562468,0.02241485,0.01962698,0.01720464,0.01509826
Gram_error_fro,0.0,1,12,4,0.0,0.0,0.0,0.0,0.0,0.0,0.0,0.0,0.0,0.0,0.0,0.0,0.0,0.0,0.0,0.0
Gram_error_fro,2.0,1,12,4,0.0,0.07686665,0.05388828,0.03788891,0.02839222,0.02247393,0.01847737,0.01556198,0.01330505,0.01148612,0.00998199,0.00871775,0.00764377,0.00672466,0.00593379,0.00525028
Gram_error_fro,2.0,1,12,4,0.0,0.03877331,0.02141616,0.01299841,0.00896881,0.00701513,0.00598743,0.00531951,0.00478086,0.00429753,0.00385308,0.00344711,0.00308114,0.00275492,0.00246624,0.00221169
Gram_error_fro,2.0,1,12,4,0.0,0.03987975,0.02540474,0.02055289,0.01776942,0.01559237,0.01374994,0.01215936,0.01077642,0.00956826,0.00850805,0.00757367,0.006747,0.00601319,0.00536007,0.00477755
Gram_error_fro,2.0,1,12,4,0.0,0.04174187,0.03404667,0.02950784,0.02655041,0.0240503,0.02171074,0.01949929,0.01743531,0.0155355,0.0138057,0.01224301,0.01083923,0.00958341,0.00846343,0.00746702
Gram_error_fro,2.0,1,12,4,0.0,0.09313875,0.07582454,0.05828252,0.04713385,0.03967178,0.0340477,0.02945978,0.02557405,0.02223139,0.01933787,0.01682666,0.01464468,0.01274758,0.01109749,0.00966182
Gram_error_fro,2.0,1,12,4,0.0,0.11209685,0.10022535,0.0826172,0.06886838,0.05813435,0.04941612,0.04217582,0.03610427,0.03098851,0.02666346,0.02299517,0.0198738,0.01720924,0.01492763,0.01296834
Gram_error_fro,4.0,1,12,4,0.0,0.10899387,0.08234113,0.05956459,0.0444418,0.03433558,0.02726562,0.02209535,0.01818046,0.01513608,0.01271821,0.01076466,0.00916372,0.00783639,0.00672539,0.00578831
Gram_error_fro,4.0,1,12,4,0.0,0.08464187,0.0848287,0.07645486,0.06683265,0.05768872,0.04952165,0.04243582,0.03637933,0.03123972,0.02688903,0.02320475,0.0200783,0.01741724,0.01514458,0.01319683
Gram_error_fro,2.0,1,12,4,0.0,0.09763917,0.08276992,0.06310961,0.04813094,0.03736096,0.02957883,0.02384935,0.01953436,0.01620899,0.01359111,0.01149168,0.00978173,0.0083712,0.00719557,0.00620745
Gram_error_fro,2.0,1,12,4,0.0,0.06568225,0.03701068,0.02584123,0.02007556,0.01636682,0.01367404,0.01157606,0.00987484,0.00846527,0.00728408,0.00628823,0.0054455,0.00473025,0.00412149,0.00360179
Gram_error_fro,4.0,1,12,4,0.0,0.08261611,0.06986018,0.05511459,0.04346064,0.03495018,0.02872576,0.02404084,0.02039594,0.01747652,0.01508335,0.01308628,0.01139705,0.00995347,0.0087102,0.00763314
Gram_error_fro,2.0,1,12,4,0.0,0.0939682,0.06425131,0.04414629,0.03294441,0.02637283,0.02201946,0.0187851,0.0161969,0.01404291,0.01221573,0.01065104,0.00930402,0.0081402,0.00713174,0.00625561
Gram_error_fro,2.0,1,12,4,0.0,0.07998109,0.06410445,0.05202357,0.04345588,0.0367862,0.03141353,0.02705016,0.0234851,0.02054537,0.01809301,0.01602208,0.01425288,0.01272578,0.01139597,0.0102294
Gram_error_fro,4.0,1,12,4,0.0,0.11398143,0.09082452,0.07048661,0.05733084,0.04830852,0.04163947,0.03643746,0.03222562,0.02872206,0.02574754,0.02318197,0.02094161,0.01896615,0.01721091,0.01564193
Gram_error_fro,4.0,1,12,4,0.0,0.09998636,0.07772957,0.05988173,0.04794908,0.03947807,0.03307222,0.02801798,0.02391966,0.02053434,0.01770065,0.01530519,0.013265,0.01151736,0.01001366,0.00871539
Gram_error_fro,0.0,1,12,5,0.0,0.0,0.0,0.0,0.0,0.0,0.0,0.0,0.0,0.0,0.0,0.0,0.0,0.0,0.0,0.0
Gram_error_fro,2.0,1,12,5,0.0,0.03968878,0.03071572,0.02494079,0.02047821,0.01679185,0.01375161,0.0112803,0.00929213,0.00769712,0.00641286,0.00537086,0.00451755,0.00381232,0.00322481,0.00273222
Gram_error_fro,2.0,1,12,5,0.0,0.04924584,0.04161354,0.03322898,0.02595909,0.02009414,0.01555467,0.01210442,0.00949102,0.00750113,0.00597132,0.00478203,0.00384746,0.00310618,0.00251381,0.00203773
Gram_error_fro,2.0,1,12,5,0.0,0.04166276,0.04234256,0.03726736,0.03113319,0.02542296,0.02056517,0.01658967,0.01338973,0.01082889,0.00878025,0.00713772,0.00581645,0.00474981,0.00388579,0.00318375
Gram_error_fro,2.0,1,12,5,0.0,0.07568183,0.07299128,0.0627605,0.05238165,0.04344951,0.03612869,0.03020386,0.02540226,0.02148517,0.01826383,0.01559363,0.01336429,0.01149117,0.0099086,0.00856503
Gram_error_fro,2.0,1,12,5,0.0,0.05848173,0.05133008,0.0432284,0.03603331,0.02983488,0.02467091,0.02045619,0.0170386,0.01426062,0.01198765,0.01011369,0.00855778,0.00725827,0.00616775,0.00524915
Gram_error_fro,4.0,1,12,5,0.0,0.08385272,0.07485266,0.06070524,0.04850752,0.0390441,0.03188903,0.02644539,0.02222309,0.01887396,0.01616206,0.01392816,0.01206278,0.01048849,0.00914877,0.00800111
Gram_error_fro,4.0,1,12,5,0.0,0.07821214,0.06178447,0.04567042,0.03358023,0.02474852,0.01835182,0.01373313,0.01038884,0.00794723,0.00614306,0.00479145,0.00376497,0.00297575,0.00236263,0.00188231
Gram_error_fro,2.0,1,12,5,0.0,0.01040295,0.01076399,0.01087854,0.01011406,0.00889259,0.00756457,0.00631993,0.00523343,0.00431787,0.00355919,0.00293489,0.00242217,0.00200095,0.00165446,0.00136902
Gram_error_fro,4.0,1,12,5,0.0,0.1121695,0.0846671,0.05958257,0.04284923,0.03163243,0.02386016,0.01831669,0.01427194,0.01126695,0.00900125,0.00727122,0.00593487,0.00489096,0.00406623,0.00340715
Gram_error_fro,4.0,1,12,5,0.0,0.09064429,0.0795546,0.06512131,0.05271877,0.0425742,0.03442789,0.0279414,0.02278856,0.01868784,0.01541004,0.01277464,0.01064195,0.00890468,0.00748051,0.00630608
Gram_error_fro,4.0,1,12,5,0.0,0.10234116,0.08184614,0.06538951,0.05536172,0.04876167,0.04376841,0.03955427,0.03579504,0.03237655,0.02925959,0.02642622,0.02386129,0.02154763,0.01946593,0.01759582
Gram_error_fro,2.0,1,12,5,0.0,0.11343952,0.08711519,0.06129349,0.04339821,0.03137804,0.02320631,0.01752431,0.01347126,0.01050603,0.00828601,0.00659084,0.00527558,0.00424228,0.00342277,0.00276822
Gram_error_fro,2.0,1,12,5,0.0,0.07489731,0.06090961,0.04572349,0.03358441,0.02456622,0.01812096,0.01358893,0.01040073,0.00812866,0.00647443,0.00523873,0.00429131,0.00354758,0.00295216,0.00246807
Gram_error_fro,4.0,1,12,5,0.0,0.09299587,0.07165379,0.05124616,0.03697769,0.02728865,0.0206377,0.01597762,0.01263248,0.01016861,0.00830706,0.0068671,0.00573015,0.00481691,0.00407307,0.00346039
Gram_error_fro,2.0,1,12,5,0.0,0.03635655,0.03107501,0.02331064,0.01720708,0.01277172,0.00954638,0.00718198,0.00544137,0.00415677,0.00320513,0.00249553,0.00196141,0.00155474,0.00124126,0.00099672
Gram_error_fro,0.0,1,12,2,0.0,0.0,0.0,0.0,0.0,0.0,0.0,0.0,0.0,0.0,0.0,0.0,0.0,0.0,0.0,0.0
Gram_error_fro,2.0,1,12,2,0.0,0.03265613,0.03472558,0.03203327,0.02839891,0.0247565,0.02139795,0.01840986,0.0157984,0.01353744,0.01158972,0.00991628,0.00848047,0.00724946,0.00619448,0.00529064
Gram_error_fro,0.0,1,12,2,0.0,0.0,0.0,0.0,0.0,0.0,0.0,0.0,0.0,0.0,0.0,0.0,0.0,0.0,0.0,0.0
Gram_error_fro,2.0,1,12,2,0.0,0.0285422,0.01868145,0.01253312,0.00882698,0.00660259,0.005259,0.00441279,0.00383512,0.00339976,0.00304162,0.0027289,0.00244675,0.00218849,0.00195122,0.00173362
Gram_error_fro,2.0,1,12,2,0.0,0.01497298,0.01430437,0.01431962,0.013817,0.01295798,0.01189815,0.01076256,0.00963262,0.00855536,0.0075551,0.00664225,0.00581899,0.00508283,0.00442874,0.00385048
Gram_error_fro,2.0,1,12,2,0.0,0.02200113,0.00892581,0.00465859,0.00392137,0.0042933,0.00466624,0.0048337,0.00481838,0.00467403,0.00444699,0.00417158,0.00387194,0.0035646,0.00326065,0.00296733
Gram_error_fro,4.0,1,12,2,0.0,0.06342218,0.05168277,0.04456285,0.03849505,0.0330156,0.02817323,0.02398722,0.02041402,0.01738113,0.01481112,0.01263254,0.0107834,0.00921144,0.00787304,0.00673191
Gram_error_fro,4.0,1,12,2,0.0,0.0252937,0.01724087,0.01333152,0.01067158,0.00871334,0.00723874,0.00610229,0.00520317,0.00447357,0.00386849,0.00335783,0.00292114,0.00254414,0.00221656,0.00193074
Gram_error_fro,4.0,1,12,2,0.0,0.02677588,0.01405131,0.01036932,0.0090727,0.00810562,0.00714,0.0061977,0.00532354,0.00454039,0.00385358,0.00325905,0.0027486,0.00231275,0.00194208,0.00162783
Gram_error_fro,4.0,1,12,2,0.0,0.05398271,0.03736037,0.0264929,0.01897482,0.01370118,0.0099849,0.0073415,0.00544134,0.00406293,0.00305603,0.00231683,0.0017723,0.00137019,0.00107258,0.00085165
Gram_error_fro,4.0,1,12,2,0.0,0.00798008,0.00462409,0.00412243,0.00404419,0.00391484,0.00367823,0.00337346,0.00304228,0.00271214,0.00239819,0.00210779,0.00184381,0.00160662,0.00139529,0.00120819
Gram_error_fro,4.0,1,12,2,0.0,0.05053502,0.03646345,0.02618425,0.01888283,0.01371204,0.01004684,0.00742498,0.00552753,0.00413942,0.00311473,0.00235277,0.00178286,0.00135459,0.00103153,0.00078706
Gram_error_fro,4.0,1,12,2,0.0,0.02998592,0.03338502,0.03345955,0.0317495,0.0294484,0.0269856,0.02456392,0.02227428,0.02015172,0.0182045,0.01642856,0.01481447,0.01335074,0.01202538,0.01082668
Gram_error_fro,4.0,1,12,2,0.0,0.01043008,0.0139047,0.01535506,0.01520073,0.01420645,0.01283827,0.0113706,0.00994575,0.00862918,0.00744539,0.00639816,0.00548123,0.00468399,0.00399428,0.00339987
Gram_error_fro,2.0,1,12,2,0.0,0.07405521,0.04173239,0.02920519,0.02195802,0.0169367,0.01323255,0.01041927,0.00824633,0.0065498,0.00521549,0.00416068,0.00332375,0.00265796,0.0021273,0.00170377
Gram_error_fro,4.0,1,12,2,0.0,0.03554096,0.03738242,0.03491965,0.0315129,0.02798658,0.02462618,0.02154394,0.01877605,0.01632164,0.01416217,0.01227167,0.01062207,0.00918591,0.00793761,0.00685397
Gram_error_fro,0.0,1,12,2,0.0,0.0,0.0,0.0,0.0,0.0,0.0,0.0,0.0,0.0,0.0,0.0,0.0,0.0,0.0,0.0
Gram_error_fro,2.0,1,12,2,0.0,0.04465268,0.01803424,0.01366918,0.01241829,0.01160295,0.0108296,0.01005444,0.00928879,0.00854705,0.00783914,0.00717085,0.00654505,0.00596265,0.00542326,0.00492566
Gram_error_fro,2.0,1,12,2,0.0,0.0501578,0.03820366,0.03082339,0.02580389,0.02196279,0.0188521,0.01626399,0.01408189,0.01222863,0.010647,0.009292,0.00812721,0.00712279,0.00625409,0.0055007
Gram_error_fro,2.0,1,12,2,0.0,0.02678917,0.01041673,0.00609114,0.00453392,0.00383317,0.00343011,0.00313511,0.00288047,0.00264253,0.00241453,0.00219603,0.0019886,0.00179405,0.00161378,0.00144861
Gram_error_fro,2.0,1,12,2,0.0,0.06736061,0.04738269,0.03445695,0.02561983,0.01912793,0.01424926,0.01055331,0.00774258,0.00560057,0.00396678,0.00272117,0.00177354,0.00105611,0.00051949,0.00015179
Gram_error_fro,2.0,1,12,2,0.0,0.03021115,0.01821964,0.01397827,0.01168187,0.01003538,0.00870381,0.00758166,0.00662277,0.00579848,0.00508725,0.00447167,0.00393742,0.00347252,0.00306701,0.00271249
Gram_error_fro,4.0,1,12,2,0.0,0.14390201,0.12498503,0.10533721,0.08881598,0.07500899,0.06352267,0.05397182,0.04601343,0.03936059,0.03377903,0.02907885,0.02510614,0.02173601,0.01886685,0.01641576
Gram_error_fro,4.0,1,12,2,0.0,0.08035707,0.05538691,0.03894561,0.02787977,0.01993735,0.01412638,0.00985234,0.00670358,0.00438412,0.00267924,0.00143327,0.00054055,0.00022071,0.00062764,0.00093861
Gram_error_fro,2.0,1,12,2,0.0,0.01013869,0.00396005,0.0011,0.00105131,0.00206112,0.00275534,0.00319211,0.00344125,0.00355404,0.00356805,0.00351123,0.00340458,0.00326398,0.00310138,0.00292577
Gram_error_fro,4.0,1,12,2,0.0,0.06741717,0.04747391,0.03455269,0.02572293,0.01923738,0.01436033,0.01066255,0.00784968,0.00570771,0.00407724,0.00283816,0.0018994,0.00119171,0.00066272,0.00027572
Gram_error_fro,2.0,1,12,2,0.0,0.14385894,0.12490251,0.10523947,0.08871235,0.07490432,0.06341997,0.05387299,0.04591959,0.03927232,0.03369659,0.02900223,0.0250352,0.02167051,0.01880649,0.01636022
Gram_error_fro,4.0,1,12,2,0.0,0.07077995,0.03803464,0.02904073,0.0248379,0.02187229,0.01940105,0.01724043,0.01532883,0.01363275,0.01212667,0.01078881,0.00960009,0.00854364,0.00760458,0.00676974
Gram_error_fro,4.0,1,12,2,0.0,0.07034753,0.05269517,0.04128592,0.03309561,0.02677131,0.02175455,0.01773049,0.01448495,0.0118583,0.00972674,0.0079927,0.00657879,0.00542348,0.00447769,0.00370221
Gram_error_fro,4.0,1,12,2,0.0,0.08822043,0.06678793,0.05307538,0.04245885,0.03399654,0.02725832,0.02189981,0.0176356,0.0142354,0.01151658,0.00933565,0.00758034,0.00616295,0.00501487,0.00408235
Gram_error_fro,4.0,1,12,2,0.0,0.04893727,0.03598752,0.03061806,0.02701272,0.02415484,0.02171579,0.01957023,0.01766092,0.01595407,0.01442486,0.01305287,0.01182044,0.01071213,0.00971431,0.00881497
Gram_error_fro,2.0,1,12,2,0.0,0.02997896,0.02000944,0.01581058,0.01336607,0.01156627,0.01009708,0.00885059,0.00777784,0.00684877,0.00604111,0.00533695,0.00472149,0.00418231,0.00370896,0.00329259
Gram_error_fro,0.0,1,12,5,0.0,0.0,0.0,0.0,0.0,0.0,0.0,0.0,0.0,0.0,0.0,0.0,0.0,0.0,0.0,0.0
Gram_error_fro,0.0,1,12,5,0.0,0.10729391,0.0823387,0.05449049,0.0357799,0.02404077,0.01666004,0.01193077,0.00882605,0.00672957,0.0052677,0.00421241,0.00342404,0.00281657,0.00233629,0.00194893
Gram_error_fro,2.0,1,12,5,0.0,0.06834828,0.0619242,0.05226684,0.04320852,0.0353339,0.02880419,0.02354164,0.01936027,0.01605142,0.01342509,0.01132429,0.00962607,0.00823713,0.00708779,0.00612634
Gram_error_fro,2.0,1,12,5,0.0,0.05996225,0.04664619,0.03585379,0.02793287,0.02198852,0.01752115,0.01415999,0.01160815,0.00963954,0.00809126,0.00684983,0.00583713,0.0049991,0.00429763,0.0037052
Gram_error_fro,2.0,1,12,5,0.0,0.06077152,0.04016378,0.02479705,0.01586175,0.01087509,0.00801371,0.00623002,0.00499933,0.00407898,0.00335651,0.00277501,0.00230126,0.00191292,0.00159344,0.00132992
Gram_error_fro,2.0,1,12,5,0.0,0.0538226,0.04710047,0.03705132,0.02950954,0.02396678,0.01968506,0.01627166,0.01351674,0.01128243,0.00946336,0.00797509,0.00675017,0.00573549,0.00488959,0.00418023
Gram_error_fro,4.0,2,12,5,0.0,0.08391539,0.06864511,0.05140745,0.03987017,0.03299274,0.02919647,0.02728577,0.02645696,0.02621218,0.0262635,0.02645224,0.02669393,0.02694503,0.02718416,0.0274018
Gram_error_fro,4.0,1,12,5,0.0,0.08166722,0.06216186,0.04343166,0.0306719,0.02236777,0.01683383,0.012979,0.01018155,0.00808975,0.0064937,0.00525872,0.00429276,0.00353014,0.00292276,0.00243488
Gram_error_fro,4.0,1,12,5,0.0,0.07318832,0.06547861,0.05589265,0.04663016,0.03840109,0.03148899,0.02586722,0.02136412,0.01777145,0.01489602,0.01257751,0.01069007,0.00913771,0.00784816,0.00676713
Gram_error_fro,4.0,2,12,5,0.0,0.06845527,0.05576589,0.04240748,0.03443525,0.03003789,0.02768762,0.02653014,0.02606981,0.02600224,0.02614085,0.02637515,0.02664253,0.02690932,0.02715869,0.02738335
Gram_error_fro,4.0,1,12,5,0.0,0.07681517,0.05418137,0.03652486,0.02624918,0.0201425,0.01608703,0.01309098,0.01073687,0.0088376,0.00729056,0.00602595,0.00499002,0.00413956,0.00343965,0.00286212
Gram_error_fro,4.0,1,12,5,0.0,0.07191667,0.05724973,0.04403793,0.03399092,0.026317,0.02049301,0.01610029,0.01278503,0.01026358,0.00832144,0.00680312,0.00559852,0.00463024,0.00384349,0.00319884
Gram_error_fro,4.0,1,12,5,0.0,0.07819107,0.05427221,0.03735544,0.02799768,0.02258391,0.01904201,0.01644333,0.01438602,0.01268217,0.01123242,0.00997774,0.00887969,0.00791155,0.00705366,0.00629094
Gram_error_fro,2.0,1,12,5,0.0,0.0740182,0.06358902,0.05084714,0.04087658,0.03319242,0.02720382,0.02248835,0.01873581,0.01571549,0.01325693,0.01123472,0.00955631,0.00815268,0.00697156,0.00597271
Gram_error_fro,4.0,1,12,5,0.0,0.09386295,0.0731879,0.05857278,0.04799851,0.03945069,0.03240039,0.02665306,0.02203126,0.01834274,0.01540134,0.01304434,0.01113892,0.00958144,0.00829324,0.00721544
Gram_error_fro,4.0,1,12,5,0.0,0.08286328,0.06726063,0.05048654,0.03776396,0.02839219,0.02151773,0.01647327,0.01275569,0.00999339,0.00791754,0.00633681,0.00511635,0.0041614,0.00340507,0.0027997
Gram_error_fro,0.0,1,12,4,0.0,0.0,0.0,0.0,0.0,0.0,0.0,0.0,0.0,0.0,0.0,0.0,0.0,0.0,0.0,0.0
Gram_error_fro,2.0,1,12,4,0.0,0.0545949,0.04409021,0.03482799,0.02804593,0.02289718,0.01887828,0.01568322,0.0131082,0.01101016,0.00928539,0.0078569,0.00666641,0.00566909,0.00482994,0.00412127
Gram_error_fro,2.0,1,12,4,0.0,0.04501227,0.03893754,0.0313988,0.02519684,0.02048911,0.0168852,0.01404579,0.01175583,0.00988327,0.00834069,0.00706455,0.00600544,0.00512373,0.00438723,0.00376973
Gram_error_fro,2.0,1,12,4,0.0,0.05113758,0.04913335,0.04213099,0.03513369,0.02923587,0.02446278,0.02062643,0.01753339,0.01502307,0.01296849,0.01127091,0.00985411,0.00865964,0.00764281,0.00676938
Gram_error_fro,2.0,1,12,4,0.0,0.05113758,0.04913335,0.04213099,0.03513369,0.02923587,0.02446278,0.02062643,0.01753339,0.01502307,0.01296849,0.01127091,0.00985411,0.00865964,0.00764281,0.00676938
Gram_error_fro,2.0,1,12,4,0.0,0.08586196,0.06754153,0.05023974,0.03891332,0.03149145,0.02632643,0.0224958,0.01950283,0.01707301,0.01504684,0.01332568,0.01184438,0.0105573,0.00943082,0.00843924
Gram_error_fro,2.0,1,12,4,0.0,0.01600625,0.01200883,0.00906877,0.00707548,0.00572919,0.00475608,0.0040068,0.00340794,0.00292028,0.00251923,0.00218717,0.00191051,0.00167846,0.00148237,0.00131536
Gram_error_fro,4.0,1,12,4,0.0,0.07421391,0.05803712,0.04362196,0.03409149,0.0275236,0.02262071,0.01875335,0.01561505,0.01303456,0.01089909,0.00912533,0.00764812,0.00641523,0.00538435,0.00452103
Gram_error_fro,2.0,1,12,4,0.0,0.07230986,0.04479154,0.03477469,0.0298859,0.02625322,0.02306159,0.02017471,0.01757769,0.01526428,0.01322033,0.01142547,0.00985657,0.00849004,0.00730316,0.00627475
Gram_error_fro,4.0,1,12,4,0.0,0.08369523,0.06900945,0.05626802,0.0468123,0.03938843,0.03332409,0.02829798,0.02411736,0.02063579,0.01773078,0.01529886,0.01325401,0.01152587,0.01005758,0.00880342
Gram_error_fro,2.0,1,12,4,0.0,0.05204496,0.04858534,0.04057361,0.03334505,0.02747224,0.02274575,0.01891097,0.01577334,0.01319033,0.01105461,0.00928269,0.00780834,0.00657839,0.00554985,0.00468785
Gram_error_fro,4.0,1,12,4,0.0,0.09037386,0.07143772,0.05281864,0.03926885,0.03009928,0.02405468,0.02012483,0.01758813,0.01593812,0.01482644,0.01402394,0.01338818,0.01283561,0.01232006,0.01181794
Gram_error_fro,4.0,1,12,4,0.0,0.08062649,0.05859818,0.04182545,0.03129261,0.02457704,0.01996385,0.01653974,0.01385559,0.01168281,0.00989203,0.0084004,0.00714937,0.00609497,0.00520293,0.004446
Gram_error_fro,4.0,1,12,4,0.0,0.08231157,0.06021022,0.04452593,0.03454735,0.02784167,0.02296639,0.01920936,0.01621105,0.01376944,0.01175618,0.01008163,0.0086793,0.00749819,0.00649833,0.00564802
Gram_error_fro,4.0,1,12,4,0.0,0.08739303,0.0743483,0.06062391,0.05032023,0.04222913,0.03557648,0.03002132,0.02537984,0.02151236,0.01829514,0.01561773,0.01338451,0.01151508,0.0099433,0.00861542
Gram_error_fro,2.0,1,12,4,0.0,0.08785171,0.05442483,0.03525835,0.02458261,0.01841701,0.01457652,0.01196925,0.01006989,0.00861634,0.00746557,0.00653137,0.00575749,0.00510532,0.00454758,0.00406458
Gram_error_fro,0.0,1,12,2,0.0,0.0,0.0,0.0,0.0,0.0,0.0,0.0,0.0,0.0,0.0,0.0,0.0,0.0,0.0,0.0
Gram_error_fro,0.0,1,12,2,0.0,0.0,0.0,0.0,0.0,0.0,0.0,0.0,0.0,0.0,0.0,0.0,0.0,0.0,0.0,0.0
Gram_error_fro,2.0,1,12,2,0.0,0.03234215,0.02712368,0.02434147,0.0220333,0.01990623,0.01791722,0.01607908,0.01440312,0.0128897,0.0115312,0.01031601,0.00923103,0.00826316,0.00739996,0.00662998
Gram_error_fro,0.0,1,12,2,0.0,0.0,0.0,0.0,0.0,0.0,0.0,0.0,0.0,0.0,0.0,0.0,0.0,0.0,0.0,0.0
Gram_error_fro,0.0,1,12,2,0.0,0.0,0.0,0.0,0.0,0.0,0.0,0.0,0.0,0.0,0.0,0.0,0.0,0.0,0.0,0.0
Gram_error_fro,2.0,1,12,2,0.0,0.01712448,0.01345541,0.01140209,0.00993785,0.0087949,0.00785039,0.0070435,0.0063415,0.00572413,0.0051772,0.00469005,0.0042543,0.00386318,0.00351114,0.00319354
Gram_error_fro,4.0,1,12,2,0.0,0.02378051,0.0173428,0.01325174,0.01027221,0.00818737,0.0068247,0.0059869,0.0054833,0.00516336,0.0049286,0.00472419,0.00452379,0.00431717,0.00410224,0.00388059
Gram_error_fro,4.0,1,12,2,0.0,0.05981509,0.04027351,0.03171694,0.0264232,0.02257529,0.01954537,0.01706076,0.01497862,0.01321055,0.01169499,0.0103861,0.00924845,0.00825416,0.00738095,0.00661083
Gram_error_fro,4.0,1,12,2,0.0,0.05553902,0.0384994,0.03113225,0.0265676,0.023111,0.02023283,0.01774866,0.01558141,0.01368675,0.01203088,0.01058445,0.0093212,0.00821764,0.00725298,0.00640897
Gram_error_fro,2.0,1,12,2,0.0,0.01737664,0.00935846,0.00385375,0.00084094,0.0028358,0.00455527,0.00564936,0.00627389,0.00656263,0.00661694,0.00651104,0.00629846,0.00601755,0.00569563,0.00535205
Gram_error_fro,4.0,2,12,2,0.0,0.04630804,0.03091386,0.02190962,0.0164518,0.0133175,0.01164466,0.01075943,0.01024749,0.00991152,0.00967684,0.00952212,0.00944351,0.00943914,0.00950393,0.00962908
Gram_error_fro,4.0,1,12,2,0.0,0.05580253,0.03851647,0.03085889,0.02589233,0.02211869,0.01904937,0.01648194,0.01430805,0.01245547,0.01086971,0.00950739,0.00833321,0.00731813,0.00643812,0.00567317
Gram_error_fro,2.0,1,12,2,0.0,0.0789973,0.05784278,0.0480123,0.04160995,0.0365384,0.03222982,0.02848391,0.02520236,0.0223194,0.01978269,0.0175479,0.0155768,0.01383632,0.01229782,0.01093646
Gram_error_fro,4.0,1,12,2,0.0,0.07599026,0.04075858,0.03167327,0.02777702,0.02497557,0.02248171,0.0201626,0.01801429,0.01604729,0.01426497,0.01266257,0.01123,0.00995426,0.00882122,0.00781673
Gram_error_fro,6.0,2,12,2,0.0,0.06445157,0.02296016,0.01766796,0.01721054,0.01659042,0.01558773,0.0143545,0.01304746,0.01179011,0.01067314,0.0097593,0.00908554,0.00866222,0.0084734,0.00848241
Gram_error_fro,6.0,1,12,2,0.0,0.13576077,0.13836588,0.12990847,0.1190365,0.10829611,0.09833239,0.08926816,0.08107798,0.07369582,0.06704742,0.06106029,0.05566688,0.0508054,0.0464199,0.04246005
Gram_error_fro,0.0,1,12,3,0.0,0.0,0.0,0.0,0.0,0.0,0.0,0.0,0.0,0.0,0.0,0.0,0.0,0.0,0.0,0.0
Gram_error_fro,2.0,1,12,3,0.0,0.03696325,0.02236796,0.01442281,0.01010464,0.00743243,0.00560884,0.00429559,0.00332203,0.00258798,0.0020284,0.00159839,0.0012658,0.00100706,0.0008047,0.0006456
Gram_error_fro,2.0,1,12,3,0.0,0.01418731,0.01481798,0.01493288,0.01424601,0.01321013,0.01204253,0.01086428,0.00973933,0.00869779,0.0077505,0.00689794,0.00613526,0.0054553,0.00485015,0.00431199
Gram_error_fro,2.0,1,12,3,0.0,0.02927373,0.01800189,0.01233822,0.00928283,0.00727683,0.00581283,0.00469571,0.00382338,0.00313136,0.00257559,0.0021249,0.00175667,0.00145415,0.00120462,0.00099826
Gram_error_fro,2.0,1,12,3,0.0,0.03450926,0.02140265,0.01563322,0.01260406,0.01050178,0.00886815,0.00754566,0.00645217,0.00553586,0.00476109,0.00410191,0.00353851,0.00305535,0.00263992,0.00228202
Gram_error_fro,2.0,1,12,3,0.0,0.02833052,0.01873248,0.01319728,0.00968693,0.00731913,0.00563439,0.00438668,0.00343788,0.00270469,0.00213288,0.00168466,0.00133238,0.00105513,0.00083677,0.00066471
Gram_error_fro,4.0,1,12,3,0.0,0.06803783,0.03115041,0.01898214,0.01452361,0.01203882,0.0102217,0.00875064,0.0075178,0.00647083,0.00557632,0.00480956,0.00415093,0.00358436,0.00309645,0.00267592
Gram_error_fro,4.0,1,12,3,0.0,0.04563898,0.02546349,0.01542553,0.01030275,0.0074494,0.00567834,0.00446493,0.00357085,0.00288093,0.00233431,0.00189524,0.0015403,0.00125272,0.00101968,0.00083102
Gram_error_fro,2.0,1,12,3,0.0,0.03566559,0.02403426,0.01753356,0.01352463,0.01068258,0.00855311,0.00691167,0.00562174,0.00459368,0.00376595,0.00309465,0.00254737,0.00209953,0.00173207,0.00142997
Gram_error_fro,4.0,1,12,3,0.0,0.07581224,0.06221884,0.05070115,0.04087419,0.03284577,0.0264208,0.02131499,0.01725921,0.01402853,0.01144413,0.00936688,0.0076893,0.00632846,0.00522005,0.004314
Gram_error_fro,4.0,1,12,3,0.0,0.05795406,0.03481061,0.02346966,0.01739588,0.01354775,0.0108418,0.00882436,0.00726514,0.00603101,0.00503792,0.00422922,0.00356481,0.00301518,0.002558,0.002176
Gram_error_fro,4.0,1,12,3,0.0,0.03433194,0.0239272,0.019287,0.01650917,0.01441186,0.01266833,0.01117139,0.00987117,0.00873591,0.00774158,0.00686862,0.00610064,0.00542374,0.00482603,0.00429738
Gram_error_fro,4.0,1,12,3,0.0,0.03739935,0.01396657,0.00892174,0.00698562,0.00571053,0.00478847,0.00409086,0.00353301,0.0030647,0.00265918,0.00230281,0.00198838,0.0017115,0.0014688,0.00125729
Gram_error_fro,4.0,1,12,3,0.0,0.08093841,0.06537827,0.05094161,0.0401996,0.03206797,0.025748,0.02076139,0.01679367,0.01361953,0.01106996,0.00901521,0.00735443,0.00600863,0.00491559,0.004026
Gram_error_fro,4.0,1,12,3,0.0,0.08639055,0.05531784,0.04069697,0.03295599,0.02816011,0.02486168,0.02241155,0.02047624,0.01887069,0.01748724,0.01626114,0.01515242,0.01413587,0.01319521,0.01231964
Gram_error_fro,4.0,1,12,3,0.0,0.06614197,0.02657744,0.01288528,0.0080152,0.00565489,0.00420397,0.003207,0.00248804,0.00195673,0.00155768,0.00125382,0.0010194,0.00083622,0.0006913,0.00057529
Gram_error_fro,0.0,1,12,3,0.0,0.0,0.0,0.0,0.0,0.0,0.0,0.0,0.0,0.0,0.0,0.0,0.0,0.0,0.0,0.0
Gram_error_fro,2.0,1,12,3,0.0,0.04726944,0.04437159,0.03854804,0.03291783,0.02790891,0.02358786,0.0199202,0.01683187,0.01423882,0.01206126,0.01022944,0.00868482,0.00737918,0.00627314,0.00533449
Gram_error_fro,2.0,1,12,3,0.0,0.01795314,0.00962563,0.00607391,0.00472447,0.00393308,0.00331578,0.00280855,0.0023911,0.00204714,0.0017621,0.00152384,0.00132277,0.00115153,0.00100452,0.00087749
Gram_error_fro,2.0,1,12,3,0.0,0.06650352,0.06172741,0.05365816,0.04534268,0.03780471,0.03134107,0.02593534,0.02146361,0.01777998,0.01474818,0.01225097,0.01019099,0.00848862,0.00707919,0.00591022
Gram_error_fro,2.0,1,12,3,0.0,0.06237396,0.04733763,0.03791164,0.03125173,0.02603405,0.02180496,0.01833912,0.01548221,0.01311446,0.01114078,0.00948602,0.00809114,0.00690981,0.00590549,0.00504915
Gram_error_fro,2.0,1,12,3,0.0,0.02538375,0.01305394,0.00860218,0.00665913,0.00547506,0.00460709,0.00392323,0.0033666,0.00290469,0.00251619,0.00218612,0.00190344,0.00165982,0.00144881,0.00126532
Gram_error_fro,2.0,1,12,3,0.0,0.04165668,0.02546021,0.01942114,0.01580438,0.01312674,0.01104341,0.00939653,0.00807766,0.00700599,0.00612181,0.00538158,0.00475367,0.00421504,0.00374863,0.00334168
Gram_error_fro,4.0,1,12,3,0.0,0.09205675,0.07471813,0.06029174,0.04908164,0.04003914,0.03270943,0.02678634,0.02200494,0.01813755,0.0149973,0.01243555,0.01033594,0.00860768,0.00717978,0.00599635
Gram_error_fro,2.0,1,12,3,0.0,0.03378408,0.01722419,0.01162312,0.00840839,0.00621631,0.00470554,0.00369956,0.00305868,0.00266135,0.00240961,0.00223532,0.00209778,0.00197567,0.00185916,0.00174448
Gram_error_fro,4.0,1,12,3,0.0,0.11058466,0.07252836,0.04946971,0.03678008,0.0289237,0.02344757,0.01932133,0.01607377,0.01345589,0.0113153,0.00954802,0.00807832,0.00684897,0.00581578,0.0049441
Gram_error_fro,2.0,1,12,3,0.0,0.03246076,0.02532399,0.02083884,0.01736166,0.01448564,0.01210836,0.01014922,0.00853271,0.00719445,0.00608206,0.0051536,0.00437558,0.00372118,0.0031689,0.00270141
Gram_error_fro,0.0,1,12,3,0.0,0.0,0.0,0.0,0.0,0.0,0.0,0.0,0.0,0.0,0.0,0.0,0.0,0.0,0.0,0.0
Gram_error_fro,2.0,1,12,3,0.0,0.08539133,0.05121882,0.03621047,0.0291556,0.02440197,0.02058928,0.01739594,0.01470413,0.01243629,0.01052689,0.00891881,0.00756304,0.00641832,0.00545027,0.00463042
Gram_error_fro,2.0,1,12,3,0.0,0.10161757,0.07533932,0.05985493,0.05017511,0.04300456,0.03721146,0.03236105,0.02824048,0.02471741,0.02169474,0.01909447,0.01685148,0.01491072,0.01322568,0.01175719
Gram_error_fro,4.0,1,12,3,0.0,0.08978284,0.06733231,0.0537611,0.04419888,0.03654345,0.03024363,0.02505265,0.02078218,0.01726987,0.01437782,0.0119918,0.01001866,0.00838303,0.00702404,0.00589247
Gram_error_fro,4.0,2,12,3,0.0,0.06073297,0.05713316,0.0483487,0.03915299,0.03125955,0.02503694,0.02042628,0.01725659,0.01531187,0.01433084,0.01402842,0.0141469,0.01449295,0.0149408,0.0154163
Gram_error_fro,0.0,1,12,5,0.0,0.0,0.0,0.0,0.0,0.0,0.0,0.0,0.0,0.0,0.0,0.0,0.0,0.0,0.0,0.0
Gram_error_fro,2.0,1,12,5,0.0,0.07174302,0.06055339,0.04800728,0.0382155,0.03056364,0.02451679,0.01973252,0.01595797,0.01298662,0.01064642,0.00879644,0.00732424,0.00614235,0.00518397,0.0043988
Gram_error_fro,2.0,1,12,5,0.0,0.05035587,0.03762551,0.02663428,0.01967115,0.015177,0.01208474,0.00984894,0.00817746,0.00689311,0.00587938,0.00505802,0.0043768,0.00380108,0.00330779,0.00288118
Gram_error_fro,2.0,1,12,5,0.0,0.05113202,0.03460878,0.02386192,0.01615975,0.01091971,0.00749053,0.00527086,0.00381569,0.00283396,0.00214847,0.00165452,0.00128974,0.00101556,0.00080683,0.00064633
Gram_error_fro,2.0,1,12,5,0.0,0.06710759,0.0600851,0.04950124,0.0400668,0.03216466,0.02566883,0.02041241,0.01622134,0.0129193,0.01033849,0.00832912,0.00676433,0.00554095,0.00457774,0.00381222
Gram_error_fro,2.0,1,12,5,0.0,0.08036928,0.07763111,0.06479391,0.05266601,0.04271347,0.0347531,0.02840361,0.02332838,0.01925786,0.01597938,0.0133258,0.01116616,0.00939819,0.00794221,0.00673613
Gram_error_fro,4.0,1,12,5,0.0,0.07508459,0.05146799,0.03673724,0.02788429,0.02272496,0.01970335,0.01775937,0.01630538,0.01506943,0.01394253,0.01288732,0.01189422,0.01096261,0.01009353,0.00928725
Gram_error_fro,4.0,1,12,5,0.0,0.0711636,0.05508229,0.04537341,0.03778164,0.03117245,0.02546878,0.02068876,0.01678279,0.01364551,0.01114966,0.00917026,0.00759723,0.00633971,0.00532586,0.00450046
Gram_error_fro,4.0,1,12,5,0.0,0.09347037,0.07300865,0.05632994,0.0445759,0.03584851,0.02915415,0.02395188,0.01988313,0.01667916,0.0141316,0.01208033,0.01040494,0.00901662,0.00785068,0.0068601
Gram_error_fro,2.0,1,12,5,0.0,0.09634281,0.08663801,0.06813694,0.05336576,0.04272845,0.03499572,0.02917412,0.02463752,0.02100394,0.01803315,0.01556657,0.01349444,0.01173768,0.01023747,0.00894884
Gram_error_fro,2.0,1,12,5,0.0,0.04698371,0.03901465,0.0307796,0.02517921,0.02166875,0.01935942,0.01765661,0.01625013,0.0149984,0.01384336,0.01276417,0.01175482,0.01081413,0.00994156,0.00913586
Gram_error_fro,4.0,1,12,5,0.0,0.13759798,0.11228978,0.08498689,0.06557122,0.05202657,0.04230973,0.03511169,0.02962079,0.02532135,0.0218761,0.01905909,0.01671578,0.0147383,0.01304971,0.0115939
Gram_error_fro,2.0,1,12,5,0.0,0.07427469,0.04979619,0.0334038,0.02346877,0.0171368,0.01282255,0.00972653,0.00743571,0.00571549,0.00441593,0.00343173,0.00268496,0.00211675,0.00168247,0.00134846
Gram_error_fro,4.0,2,12,5,0.0,0.09951726,0.07271742,0.05158106,0.03931347,0.03293335,0.02989506,0.02856737,0.02805617,0.02791671,0.02793753,0.02802005,0.02811923,0.02821538,0.02830084,0.02837356
Gram_error_fro,4.0,2,12,5,0.0,0.09058166,0.07361387,0.05586422,0.04422351,0.03764545,0.03413516,0.03226003,0.03121664,0.03059719,0.03020017,0.02992521,0.02972119,0.02956136,0.0294312,0.02932252
Gram_error_fro,2.0,1,12,5,0.0,0.08125732,0.05577324,0.03699675,0.02511293,0.01744943,0.01235512,0.00887734,0.00645444,0.00474199,0.00351966,0.00264105,0.00200597,0.00154441,0.00120671,0.00095745
Gram_error_fro,0.0,1,12,2,0.0,0.0,0.0,0.0,0.0,0.0,0.0,0.0,0.0,0.0,0.0,0.0,0.0,0.0,0.0,0.0
Gram_error_fro,2.0,1,12,2,0.0,0.05798838,0.03511645,0.02595504,0.01946301,0.01452105,0.01084219,0.00817128,0.00627574,0.00496126,0.00407,0.00347426,0.00307345,0.00279334,0.00258378,0.00241369
Gram_error_fro,0.0,1,12,2,0.0,0.0,0.0,0.0,0.0,0.0,0.0,0.0,0.0,0.0,0.0,0.0,0.0,0.0,0.0,0.0
Gram_error_fro,2.0,1,12,2,0.0,0.02558218,0.01527998,0.01147447,0.00873109,0.00671673,0.00531562,0.00437039,0.00373318,0.00328866,0.00295811,0.00269317,0.00246654,0.00226374,0.00207747,0.00190422
Gram_error_fro,2.0,1,12,2,0.0,0.0,0.0,0.00030288,0.00054138,0.00064487,0.00063392,0.0005525,0.00043913,0.00031956,0.00020833,0.00011241,3.613e-05,3.649e-05,8.204e-05,0.00011703
Gram_error_fro,2.0,1,12,2,0.0,0.03064354,0.01828314,0.01257414,0.00902048,0.00664919,0.00513556,0.00424344,0.00375462,0.00348646,0.00331642,0.00317821,0.00304217,0.00289797,0.00274418,0.00258295
Gram_error_fro,2.0,1,12,2,0.0,0.04277035,0.04410597,0.04071764,0.03624907,0.03179012,0.02769818,0.02407058,0.02090513,0.01816254,0.01579262,0.01374535,0.01197525,0.01044261,0.00911346,0.00795896
Gram_error_fro,2.0,1,12,2,0.0,0.01890743,0.01291157,0.0084126,0.00527105,0.00304848,0.00149566,0.00049713,0.00049961,0.00091896,0.00120672,0.00137576,0.00145826,0.00148004,0.00146021,0.00141261
Gram_error_fro,4.0,1,12,2,0.0,0.05648204,0.04654914,0.04205986,0.03736362,0.03258795,0.02815662,0.02423843,0.02085052,0.01794871,0.01547099,0.01335548,0.01154671,0.00999713,0.00866672,0.00752205
Gram_error_fro,2.0,1,12,2,0.0,0.08607582,0.06612575,0.05403631,0.04421209,0.03611197,0.02953421,0.02422943,0.01995018,0.01648501,0.01366448,0.01135613,0.00945714,0.00788758,0.00658498,0.00550016
Gram_error_fro,2.0,1,12,2,0.0,0.05688344,0.05118855,0.04420394,0.03791114,0.0325728,0.02809116,0.0243206,0.02113047,0.01841425,0.01608726,0.01408251,0.01234687,0.01083794,0.00952159,0.00837006
Gram_error_fro,2.0,1,12,2,0.0,0.0,0.0,0.00030288,0.00054138,0.00064487,0.00063392,0.0005525,0.00043913,0.00031956,0.00020833,0.00011241,3.613e-05,3.649e-05,8.204e-05,0.00011703
Gram_error_fro,2.0,1,12,2,0.0,0.05018412,0.04694949,0.04050765,0.03427294,0.02887847,0.02438205,0.02068006,0.01763511,0.01511955,0.01302728,0.01127397,0.00979373,0.00853531,0.00745867,0.00653239
Gram_error_fro,2.0,1,12,2,0.0,0.09966439,0.07940838,0.06418454,0.05240155,0.04303692,0.03556749,0.02959119,0.02478253,0.0208849,0.01770024,0.01507711,0.01289979,0.01107955,0.0095479,0.00825156
Gram_error_fro,2.0,1,12,2,0.0,0.04277035,0.04410597,0.04071764,0.03624907,0.03179012,0.02769818,0.02407058,0.02090513,0.01816254,0.01579262,0.01374535,0.01197525,0.01044261,0.00911346,0.00795896
Gram_error_fro,2.0,1,12,2,0.0,0.01892657,0.01291547,0.00845685,0.00531316,0.00305017,0.00146234,0.00060855,0.0008714,0.00132288,0.00163579,0.0018199,0.00190643,0.00192257,0.00188945,0.00182291
Gram_error_fro,0.0,1,12,1,0.0,0.0,0.0,0.0,0.0,0.0,0.0,0.0,0.0,0.0,0.0,0.0,0.0,0.0,0.0,0.0
Gram_error_fro,2.0,1,12,1,0.0,0.04320232,0.03627635,0.03183297,0.0278427,0.02413015,0.02077773,0.01782617,0.01526876,0.01307392,0.01120046,0.00960571,0.00824949,0.0070958,0.00611334,0.00527537
Gram_error_fro,2.0,1,12,1,0.0,0.00463924,0.00135033,0.0001913,0.00031425,0.00059892,0.00078316,0.00090208,0.00096977,0.00099649,0.00099175,0.00096413,0.00092088,0.00086776,0.00080917,0.00074833
Gram_error_fro,2.0,1,12,1,0.0,0.05420871,0.0414976,0.03473922,0.02949146,0.02500134,0.02115918,0.01790336,0.01516242,0.0128621,0.01093298,0.00931385,0.00795252,0.00680528,0.0058359,0.00501454
Gram_error_fro,2.0,1,12,1,0.0,0.03864575,0.02481911,0.01952928,0.01612616,0.01342378,0.01117947,0.00930598,0.00774547,0.00644877,0.00537271,0.00447999,0.00373903,0.00312345,0.00261143,0.00218497
Gram_error_fro,2.0,1,12,1,0.0,0.00983796,0.00368194,0.00354263,0.00399618,0.00430697,0.00441387,0.00436317,0.0042061,0.00398266,0.0037218,0.0034439,0.00316291,0.00288807,0.00262525,0.00237789
Gram_error_fro,4.0,1,12,1,0.0,0.00273998,0.00077145,0.00191812,0.00258666,0.00279043,0.00273063,0.00254489,0.00231036,0.00206679,0.00183334,0.00161832,0.00142451,0.00125195,0.00109939,0.00096506
Gram_error_fro,4.0,1,12,1,0.0,0.08428241,0.05589476,0.04442001,0.03721858,0.031575,0.02690088,0.02298498,0.01969507,0.01692564,0.01458839,0.01260969,0.01092868,0.00949538,0.00826886,0.00721564
Gram_error_fro,4.0,1,12,1,0.0,0.06892668,0.04840877,0.03885517,0.03248424,0.02746461,0.02333976,0.01991281,0.01705288,0.01465748,0.01264334,0.01094259,0.00950013,0.00827133,0.00722005,0.006317
Gram_error_fro,4.0,1,12,1,0.0,0.12972018,0.11204243,0.09776692,0.08528102,0.0742332,0.06457828,0.05621121,0.04898842,0.04276126,0.03739139,0.0327559,0.02874807,0.02527633,0.02226268,0.01964092
Gram_error_fro,4.0,1,12,1,0.0,0.01851852,0.00571128,0.00253036,0.00117729,0.00030617,0.00035071,0.0008562,0.00123487,0.00150604,0.00168829,0.00179894,0.00185327,0.00186419,0.00184235,0.00179632
Gram_error_fro,4.0,1,12,1,0.0,0.00501134,0.00221813,0.00324733,0.00449251,0.00547088,0.00613779,0.00653686,0.0067235,0.00674771,0.00665106,0.00646703,0.00622204,0.00593661,0.00562648,0.00530355
Gram_error_fro,4.0,1,12,1,0.0,0.00273998,0.00077145,0.00175387,0.00233114,0.00248862,0.00241096,0.00222577,0.00200302,0.0017775,0.00156513,0.00137223,0.00120041,0.001049,0.00091638,0.0008006
Gram_error_fro,4.0,1,12,1,0.0,0.0632916,0.04606298,0.03736315,0.03119549,0.02622447,0.02211744,0.01870773,0.01587069,0.01350452,0.01152546,0.00986491,0.00846684,0.00728566,0.00628424,0.00543233
Gram_error_fro,6.0,2,12,1,0.0,0.02006173,0.00763106,0.00539432,0.00513489,0.00537577,0.00576366,0.00618036,0.0065799,0.00694482,0.00727018,0.00755667,0.00780734,0.00802602,0.0082166,0.00838273
Gram_error_fro,4.0,1,12,1,0.0,0.05742426,0.04275852,0.03331324,0.0267305,0.0217151,0.0177716,0.01462619,0.01209474,0.01004367,0.00837247,0.00700391,0.00587793,0.00494746,0.00417535,0.00353215
Gram_error_fro,0.0,1,12,3,0.0,0.0,0.0,0.0,0.0,0.0,0.0,0.0,0.0,0.0,0.0,0.0,0.0,0.0,0.0,0.0
Gram_error_fro,2.0,1,12,3,0.0,0.03205914,0.0222007,0.01648332,0.01269446,0.00994318,0.0078909,0.00634029,0.00515163,0.00422473,0.0034894,0.00289704,0.00241393,0.0020162,0.00168653,0.00141201
Gram_error_fro,2.0,1,12,3,0.0,0.06468876,0.03695842,0.02129228,0.01401651,0.01055255,0.00859361,0.00723049,0.00615135,0.00524997,0.00448431,0.0038319,0.00327648,0.00280432,0.00240331,0.00206278
Gram_error_fro,0.0,1,12,3,0.0,0.0,0.0,0.0,0.0,0.0,0.0,0.0,0.0,0.0,0.0,0.0,0.0,0.0,0.0,0.0
Gram_error_fro,2.0,1,12,3,0.0,0.00937034,0.0072573,0.00542584,0.00453093,0.00426598,0.00417138,0.00404488,0.00384865,0.00359792,0.00331665,0.00302493,0.00273686,0.00246136,0.00220356,0.00196597
Gram_error_fro,2.0,1,12,3,0.0,0.01223514,0.00499724,0.00353535,0.00340814,0.00320891,0.00290365,0.00257763,0.0022759,0.00201216,0.00178554,0.00159027,0.00142016,0.00127007,0.00113619,0.00101582
Gram_error_fro,2.0,1,12,3,0.0,0.06414818,0.05346047,0.04014336,0.0295776,0.02177407,0.016101,0.01197769,0.0089671,0.00675589,0.00512168,0.00390644,0.00299728,0.00231309,0.00179518,0.00140092
Gram_error_fro,4.0,1,12,3,0.0,0.05846623,0.04072595,0.03071434,0.02470142,0.02032609,0.01686681,0.01406549,0.01177963,0.00990533,0.00836098,0.00708206,0.0060177,0.00512776,0.0043805,0.00375062
Gram_error_fro,2.0,1,12,3,0.0,0.00753291,0.00417084,0.00307732,0.00287644,0.00289689,0.00291595,0.00286346,0.00273819,0.00256118,0.00235516,0.0021381,0.00192241,0.0017159,0.001523,0.00134588
Gram_error_fro,4.0,1,12,3,0.0,0.08369436,0.06202309,0.05019852,0.04360629,0.03857074,0.03411251,0.03006345,0.02641145,0.02315188,0.02026614,0.01772527,0.01549578,0.01354356,0.01183617,0.01034384
Gram_error_fro,2.0,1,12,3,0.0,0.02449156,0.01941108,0.01385923,0.00944831,0.00631815,0.00425183,0.00300944,0.00236849,0.00209626,0.00198837,0.00192411,0.00185448,0.00176675,0.00166215,0.00154602
Gram_error_fro,4.0,1,12,3,0.0,0.07372659,0.05697895,0.04369243,0.03422339,0.02725442,0.02197433,0.01788611,0.01466884,0.01210573,0.01004451,0.00837457,0.0070134,0.00589812,0.00498003,0.00422099
Gram_error_fro,2.0,1,12,3,0.0,0.10328883,0.06194907,0.03924964,0.02747674,0.02035881,0.01553896,0.01206457,0.00947456,0.00750683,0.00599422,0.00482191,0.00390737,0.00318965,0.002623,0.00217279
Gram_error_fro,2.0,1,12,3,0.0,0.12607346,0.08286515,0.05599801,0.04241515,0.03488441,0.03023916,0.02712429,0.02487206,0.02311753,0.02165393,0.0203645,0.01918461,0.01807954,0.01703137,0.01603134
Gram_error_fro,4.0,1,12,3,0.0,0.08711262,0.05971004,0.04557025,0.03662067,0.02979791,0.02431332,0.01986069,0.01624205,0.01330089,0.01090918,0.00896241,0.00737579,0.00608074,0.00502191,0.00415466
Gram_error_fro,6.0,2,12,3,0.0,0.03152445,0.02240892,0.01547377,0.01069237,0.00783699,0.00710026,0.00792766,0.00933106,0.01077397,0.0120788,0.0132059,0.01416122,0.01496422,0.01563674,0.01619924
Gram_error_fro,0.0,1,12,5,0.0,0.0,0.0,0.0,0.0,0.0,0.0,0.0,0.0,0.0,0.0,0.0,0.0,0.0,0.0,0.0
Gram_error_fro,2.0,1,12,5,0.0,0.05580305,0.05229267,0.04511696,0.03867609,0.03325449,0.02868398,0.02480017,0.02148334,0.01864343,0.0162077,0.01411501,0.01231351,0.01075931,0.00941542,0.00825076
Gram_error_fro,2.0,1,12,5,0.0,0.04046077,0.03125957,0.02457453,0.01977491,0.01632993,0.01376186,0.01174712,0.01010318,0.00873048,0.00757036,0.00658349,0.00574041,0.00501759,0.00439577,0.00385901
Gram_error_fro,2.0,1,12,5,0.0,0.0499063,0.03729574,0.02587452,0.01772783,0.0121741,0.00842574,0.00589062,0.00416267,0.00297221,0.00214223,0.00155666,0.00113894,0.00083802,0.00061943,0.00045953
Gram_error_fro,2.0,1,12,5,0.0,0.07403272,0.05666793,0.04060951,0.02904869,0.02088001,0.01510251,0.0109939,0.0080517,0.00593061,0.00439282,0.00327286,0.00245411,0.00185343,0.00141105,0.00108377
Gram_error_fro,2.0,1,12,5,0.0,0.05226399,0.0388777,0.02817594,0.02204422,0.01833965,0.01573784,0.0136752,0.01193514,0.01043013,0.00911729,0.00796941,0.00696549,0.00608773,0.00532058,0.00465028
Gram_error_fro,4.0,1,12,5,0.0,0.09268713,0.06772553,0.04864812,0.03731118,0.0303587,0.02563927,0.02208827,0.01921651,0.0167969,0.01471567,0.01290795,0.01133084,0.00995219,0.0087459,0.00768981
Gram_error_fro,2.0,1,12,5,0.0,0.12165994,0.09501291,0.06985497,0.05190097,0.03911362,0.02984316,0.02301854,0.01793396,0.01410878,0.01120617,0.00898493,0.00727001,0.00593339,0.00488112,0.00404413
Gram_error_fro,0.0,1,12,5,0.0,0.08919101,0.05973684,0.03636214,0.02180909,0.01306325,0.00785697,0.00476873,0.0029391,0.00185422,0.00120789,0.00081795,0.00057664,0.00042128,0.00031626,0.00024179
Gram_error_fro,2.0,1,12,5,0.0,0.05332384,0.0404919,0.02971421,0.02204354,0.01651287,0.01244529,0.00942005,0.00715945,0.00546763,0.00420071,0.00325109,0.00253784,0.00200017,0.00159262,0.00128139
Gram_error_fro,4.0,1,12,5,0.0,0.08512404,0.07726945,0.0663863,0.05713418,0.04917945,0.04222911,0.03617237,0.03094369,0.02647109,0.02267088,0.01945489,0.01673785,0.01444195,0.0124989,0.01085034
Gram_error_fro,4.0,1,12,5,0.0,0.11221309,0.09482999,0.07247727,0.05487612,0.04194597,0.03248095,0.02546284,0.02018025,0.01615088,0.01304271,0.01062126,0.00871717,0.00720623,0.00599639,0.005019
Gram_error_fro,4.0,1,12,5,0.0,0.09959589,0.07460075,0.05506397,0.04226363,0.0333002,0.02661484,0.02145125,0.01739924,0.01419664,0.01165398,0.00962598,0.00799936,0.00668592,0.00561746,0.00474159
Gram_error_fro,2.0,1,12,5,0.0,0.10974674,0.07993197,0.05672463,0.04248196,0.03369688,0.02786243,0.02361643,0.0202889,0.01755502,0.01524866,0.01327549,0.0115748,0.01010295,0.008826,0.00771632
Gram_error_fro,2.0,1,12,5,0.0,0.04173486,0.02564213,0.01951966,0.01644324,0.01417435,0.01225832,0.01060787,0.00919347,0.00798802,0.00696211,0.00608706,0.00533732,0.00469145,0.00413197,0.00364492
Gram_error_fro,4.0,1,12,5,0.0,0.1139322,0.09142069,0.06869945,0.05159274,0.03915572,0.03008481,0.02338788,0.01838032,0.01459353,0.01170085,0.00946967,0.00773177,0.00636433,0.00527724,0.00440413
Gram_error_fro,0.0,1,12,4,0.0,0.0,0.0,0.0,0.0,0.0,0.0,0.0,0.0,0.0,0.0,0.0,0.0,0.0,0.0,0.0
Gram_error_fro,2.0,1,12,4,0.0,0.0683471,0.06412623,0.05635039,0.04845515,0.04113994,0.03469281,0.02919164,0.02458765,0.02077245,0.01762145,0.01501654,0.01285528,0.01105297,0.00954135,0.00826605
Gram_error_fro,0.0,1,12,4,0.0,0.07952865,0.07045621,0.05490729,0.04236051,0.03283448,0.02554311,0.01991538,0.0155592,0.01218435,0.00956671,0.00753209,0.00594599,0.00470533,0.00373149,0.0029645
Gram_error_fro,2.0,1,12,4,0.0,0.09917741,0.06738034,0.04167389,0.02758331,0.02047528,0.01664326,0.01420833,0.01240605,0.01094742,0.00971547,0.00865353,0.00772779,0.00691478,0.00619679,0.00555997
Gram_error_fro,2.0,1,12,4,0.0,0.01767062,0.01609593,0.01382431,0.01181375,0.01022248,0.0089946,0.00801872,0.00720122,0.00648377,0.00583589,0.0052435,0.00470048,0.00420395,0.00375192,0.00334243
Gram_error_fro,2.0,1,12,4,0.0,0.01598736,0.0128631,0.01048612,0.00888753,0.00796941,0.00740085,0.00695682,0.00654021,0.00612314,0.00570476,0.00529174,0.00489097,0.00450758,0.00414477,0.00380417
Gram_error_fro,4.0,1,12,4,0.0,0.08915641,0.06950253,0.05376895,0.04391137,0.03733132,0.0325008,0.02869211,0.02554753,0.02287421,0.02055789,0.01852518,0.01672573,0.015123,0.01368922,0.01240242
Gram_error_fro,4.0,1,12,4,0.0,0.08328312,0.06043955,0.04164637,0.02973607,0.0220485,0.01683474,0.01315523,0.01048499,0.00850539,0.00700965,0.00585822,0.00495513,0.00423379,0.00364765,0.00316398
Gram_error_fro,2.0,1,12,4,0.0,0.06467044,0.04405662,0.027752,0.01834293,0.01294216,0.00965561,0.00749961,0.00598732,0.0048731,0.00402459,0.00336398,0.00284152,0.00242321,0.0020847,0.00180801
Gram_error_fro,2.0,1,12,4,0.0,0.05246087,0.0397764,0.02999752,0.02267368,0.0171878,0.01314111,0.01018894,0.00804057,0.00646847,0.00530384,0.00442574,0.00374948,0.00321662,0.00278717,0.00243379
Gram_error_fro,2.0,1,12,4,0.0,0.05943921,0.05283628,0.04367015,0.0366196,0.03120479,0.02682571,0.02316782,0.02006918,0.01742912,0.0151726,0.01323863,0.01157641,0.01014348,0.00890453,0.00783017
Gram_error_fro,4.0,1,12,4,0.0,0.09699739,0.07443198,0.05826747,0.0475155,0.03941445,0.03292503,0.02764439,0.02333987,0.0198287,0.01695601,0.01459274,0.01263444,0.01099848,0.00962038,0.00845015
Gram_error_fro,6.0,1,12,4,0.0,0.09907489,0.07372589,0.05441422,0.04212922,0.0339174,0.02800712,0.02351909,0.01999278,0.01715721,0.01483643,0.01290903,0.01128826,0.00991076,0.00872944,0.00770872
Gram_error_fro,4.0,1,12,4,0.0,0.06689726,0.05420185,0.04054028,0.03150986,0.0259043,0.02217689,0.01942544,0.01721684,0.01534913,0.01372284,0.01228417,0.01100075,0.00985093,0.0088188,0.00789172
Gram_error_fro,4.0,1,12,4,0.0,0.07471545,0.06262542,0.05046132,0.04171298,0.03542881,0.03058321,0.02660696,0.02322997,0.02031813,0.01779222,0.01559575,0.01368336,0.01201676,0.01056301,0.00929366
Gram_error_fro,4.0,1,12,4,0.0,0.08719987,0.05399939,0.03475136,0.02362422,0.01736697,0.01393974,0.01198036,0.01071172,0.00975786,0.00895451,0.00823319,0.00756604,0.006942,0.00635684,0.00580893
Gram_error_fro,0.0,1,12,2,0.0,0.0,0.0,0.0,0.0,0.0,0.0,0.0,0.0,0.0,0.0,0.0,0.0,0.0,0.0,0.0
Gram_error_fro,2.0,1,12,2,0.0,0.06835713,0.04109424,0.03081953,0.02457397,0.019907,0.01625016,0.01334834,0.011032,0.00917319,0.00767248,0.00645259,0.00545372,0.00462976,0.00394523,0.00337272
Gram_error_fro,2.0,1,12,2,0.0,0.03207547,0.02396654,0.02122018,0.0196838,0.01852691,0.01749103,0.01649314,0.0155115,0.01454514,0.01359931,0.0126803,0.01179368,0.01094379,0.01013373,0.00936547
Gram_error_fro,2.0,1,12,2,0.0,0.07020957,0.04863797,0.03795601,0.03044016,0.02461234,0.02001907,0.01638471,0.01349925,0.01119749,0.00935013,0.00785699,0.00664091,0.00564274,0.00481712,0.00412921
Gram_error_fro,2.0,1,12,2,0.0,0.01000558,0.00658442,0.0043716,0.00317973,0.0024934,0.00206518,0.00177187,0.00155058,0.00137017,0.00121559,0.00107955,0.00095829,0.00084969,0.0007523,0.00066505
Gram_error_fro,2.0,1,12,2,0.0,0.07095456,0.05244478,0.03814382,0.02784762,0.0202264,0.01456427,0.01037277,0.00729045,0.00505359,0.00347888,0.00244902,0.00188509,0.00168193,0.00167967,0.00174199
Gram_error_fro,4.0,1,12,2,0.0,0.07267268,0.05752576,0.04464419,0.0348444,0.02729361,0.02147098,0.01697869,0.01350034,0.01079142,0.00866748,0.00699086,0.00565892,0.00459472,0.00374014,0.00305093
Gram_error_fro,2.0,1,12,2,0.0,0.08355636,0.03555578,0.02291013,0.01808009,0.01472644,0.01203485,0.00984086,0.00805069,0.00658924,0.00539536,0.00441959,0.00362203,0.00297037,0.00243836,0.0020046
Gram_error_fro,2.0,1,12,2,0.0,0.01046975,0.00706603,0.005035,0.00390436,0.00317149,0.00264022,0.00223083,0.00190333,0.00163451,0.00140984,0.00121969,0.00105736,0.00091794,0.00079768,0.00069364
Gram_error_fro,4.0,1,12,2,0.0,0.07267268,0.05752576,0.04464419,0.0348444,0.02729361,0.02147098,0.01697869,0.01350034,0.01079142,0.00866748,0.00699086,0.00565892,0.00459472,0.00374014,0.00305093
Gram_error_fro,2.0,1,12,2,0.0,0.02270332,0.01452182,0.01058212,0.00831675,0.00677667,0.00563317,0.00474466,0.00403477,0.00345558,0.00297487,0.00257032,0.00222615,0.00193096,0.00167627,0.00145563
Gram_error_fro,4.0,1,12,2,0.0,0.10924473,0.06820206,0.04815895,0.03574938,0.02692471,0.02038972,0.01549203,0.01179839,0.0089971,0.00686072,0.00522298,0.0039619,0.00298756,0.00223318,0.0016488
Gram_error_fro,4.0,1,12,2,0.0,0.08350941,0.05937643,0.04634515,0.03753931,0.03074253,0.0252971,0.02089093,0.017309,0.01438475,0.01198703,0.01001271,0.00838076,0.00702724,0.00590148,0.00496293
Gram_error_fro,4.0,2,12,2,0.0,0.09718905,0.06347983,0.04612953,0.03521838,0.02750972,0.02191965,0.01791645,0.0151522,0.01335647,0.01229449,0.01175704,0.01156833,0.01159441,0.01174218,0.01195136
Gram_error_fro,4.0,1,12,2,0.0,0.05440499,0.03036283,0.01914725,0.01270119,0.00840773,0.00542807,0.00335209,0.00191264,0.00092209,0.00025128,0.00021774,0.00050969,0.00069451,0.00080147,0.00085338
Gram_error_fro,2.0,1,12,2,0.0,0.06024251,0.04856998,0.03722469,0.02853533,0.02191346,0.01690196,0.01312089,0.01026019,0.00808158,0.0064087,0.00511308,0.00410133,0.00330524,0.00267453,0.00217182
Gram_error_fro,0.0,1,12,3,0.0,0.0,0.0,0.0,0.0,0.0,0.0,0.0,0.0,0.0,0.0,0.0,0.0,0.0,0.0,0.0
Gram_error_fro,2.0,1,12,3,0.0,0.01303846,0.01062209,0.01126359,0.01085552,0.01006383,0.00918456,0.00830555,0.00746319,0.00667626,0.00595369,0.00529807,0.00470806,0.00418004,0.00370928,0.0032906
Gram_error_fro,2.0,1,12,3,0.0,0.03263864,0.02713663,0.02184074,0.01779597,0.01469375,0.0122469,0.01027669,0.00866958,0.00734712,0.00625145,0.00533821,0.00457275,0.0039278,0.00338175,0.00291742
Gram_error_fro,2.0,1,12,3,0.0,0.04001252,0.01510158,0.00710295,0.00416581,0.00285025,0.00215087,0.00171676,0.00141237,0.00118122,0.00099736,0.00084727,0.00072292,0.00061899,0.00053163,0.00045789
Gram_error_fro,2.0,1,12,3,0.0,0.02769309,0.01538078,0.01063203,0.00793193,0.0061943,0.00501487,0.00417909,0.00355849,0.00307467,0.00268063,0.00234865,0.00206243,0.00181217,0.00159168,0.00139678
Gram_error_fro,2.0,1,12,3,0.0,0.01425985,0.0058683,0.0028595,0.00220103,0.00206303,0.00193393,0.00177395,0.00160222,0.00143355,0.00127541,0.00113083,0.00100052,0.00088404,0.00078046,0.0006886
Gram_error_fro,4.0,1,12,3,0.0,0.06124392,0.04368659,0.03110756,0.02306024,0.01759971,0.01372325,0.01089001,0.00877226,0.00715759,0.00590368,0.00491336,0.00411932,0.00347422,0.0029442,0.00250463
Gram_error_fro,2.0,1,12,3,0.0,0.04528484,0.02259548,0.01412718,0.00991553,0.00735326,0.00561515,0.00436582,0.00343846,0.00273639,0.00219746,0.00177913,0.00145126,0.00119199,0.00098529,0.00081926
Gram_error_fro,4.0,1,12,3,0.0,0.07824213,0.05676473,0.03979681,0.02859473,0.02095054,0.0155413,0.01162428,0.00874654,0.00661189,0.0050176,0.00382079,0.0029188,0.00223686,0.00171997,0.00132733
Gram_error_fro,4.0,1,12,3,0.0,0.06376391,0.04308914,0.03220179,0.02518258,0.02011269,0.01627068,0.01328763,0.01093527,0.00905832,0.00754595,0.00631692,0.00531059,0.00448109,0.00379326,0.00321991
Gram_error_fro,4.0,1,12,3,0.0,0.04984484,0.02702898,0.01764991,0.01271489,0.00970736,0.00771882,0.00631903,0.00527949,0.00447249,0.00382412,0.00328993,0.00284193,0.00246159,0.00213599,0.00185566
Gram_error_fro,4.0,1,12,3,0.0,0.06458654,0.03887928,0.02712327,0.02001626,0.01517955,0.01173233,0.00921373,0.00734011,0.0059242,0.00483817,0.00399311,0.00332633,0.00279324,0.00236175,0.00200855
Gram_error_fro,4.0,1,12,3,0.0,0.06376391,0.04308914,0.03220179,0.02518258,0.02011269,0.01627068,0.01328763,0.01093527,0.00905832,0.00754595,0.00631692,0.00531059,0.00448109,0.00379326,0.00321991
Gram_error_fro,4.0,1,12,3,0.0,0.05352415,0.03872435,0.02931913,0.02281478,0.01800673,0.01433975,0.01150028,0.00928212,0.00753822,0.00615949,0.00506354,0.00418753,0.00348324,0.00291356,0.00244984
Gram_error_fro,4.0,1,12,3,0.0,0.07292799,0.04034287,0.02386828,0.01504483,0.00999654,0.00700027,0.00518349,0.00405499,0.00332329,0.00281665,0.00243814,0.00213556,0.00188158,0.00166191,0.00146879
Gram_error_fro,4.0,1,12,3,0.0,0.0781757,0.04805133,0.03574597,0.02862493,0.02331994,0.01909004,0.01566573,0.01288273,0.01061653,0.0087675,0.00725539,0.0060157,0.00499677,0.00415718,0.00346375
Gram_error_fro,0.0,1,12,2,0.0,0.0,0.0,0.0,0.0,0.0,0.0,0.0,0.0,0.0,0.0,0.0,0.0,0.0,0.0,0.0
Gram_error_fro,2.0,1,12,2,0.0,0.0,0.0,0.00022839,0.00039548,0.0004906,0.00052701,0.00052319,0.00049545,0.00045565,0.00041137,0.00036702,0.00032493,0.00028619,0.00025116,0.00021983
Gram_error_fro,2.0,1,12,2,0.0,0.03887222,0.03166255,0.02706173,0.0232376,0.0198869,0.01697258,0.01446761,0.01233131,0.0105163,0.00897584,0.00766769,0.00655534,0.00560797,0.00479981,0.00410939
Gram_error_fro,2.0,1,12,2,0.0,0.02737745,0.01615455,0.0116623,0.00924521,0.00756988,0.00627969,0.00525038,0.00441704,0.00373537,0.00317251,0.00270364,0.00231002,0.00197738,0.00169477,0.00145365
Gram_error_fro,2.0,1,12,2,0.0,0.0436798,0.03538726,0.02787933,0.02208038,0.0175421,0.01398078,0.01118227,0.00897669,0.00723108,0.00584297,0.00473392,0.00384392,0.00312692,0.00254736,0.00207757
Gram_error_fro,2.0,1,12,2,0.0,0.06773282,0.04522118,0.03310508,0.02503511,0.01912169,0.01469977,0.01137457,0.00886122,0.00694912,0.00548354,0.00435145,0.0034703,0.00277957,0.00223458,0.00180209
Gram_error_fro,4.0,1,12,2,0.0,0.02270008,0.01478868,0.0113452,0.00971198,0.00866628,0.00784887,0.0071416,0.00650116,0.00591071,0.00536336,0.00485597,0.00438668,0.00395399,0.00355639,0.00319224
Gram_error_fro,2.0,1,12,2,0.0,0.07333813,0.07932518,0.07755515,0.07337518,0.06835045,0.06311226,0.05795228,0.05301553,0.04837377,0.04405815,0.04007606,0.03642092,0.03307815,0.03002894,0.02725254
Gram_error_fro,4.0,2,12,2,0.0,0.04542327,0.03494705,0.02573229,0.01847446,0.01301051,0.00920547,0.00703661,0.00641871,0.00685572,0.00772489,0.00866908,0.00954946,0.01032437,0.01098905,0.0115518
Gram_error_fro,2.0,1,12,2,0.0,0.04697764,0.04293999,0.03587889,0.02938663,0.02391791,0.01945413,0.01585048,0.01294561,0.01059827,0.00869436,0.00714414,0.00587754,0.00483967,0.00398728,0.00328598
Gram_error_fro,2.0,1,12,2,0.0,0.00665598,0.00327676,0.00338986,0.00409359,0.00468634,0.00504751,0.00519518,0.00517874,0.00504589,0.00483482,0.00457416,0.00428482,0.00398187,0.00367607,0.00337499
Gram_error_fro,0.0,1,12,2,0.0,0.10837282,0.07593887,0.05592399,0.04232236,0.03235745,0.0248968,0.01926508,0.0149889,0.01172295,0.00921345,0.00727343,0.00576482,0.00458517,0.00365808,0.00292616
Gram_error_fro,4.0,1,12,2,0.0,0.08249293,0.02889257,0.01488369,0.01043116,0.00764856,0.00556789,0.00400129,0.00283608,0.00198764,0.00139571,0.00101941,0.00082299,0.0007541,0.00074901,0.00076149
Gram_error_fro,2.0,1,12,2,0.0,0.03705688,0.02806554,0.02061939,0.01539868,0.01169283,0.00899784,0.00700192,0.00550479,0.00437092,0.00350492,0.00283811,0.0023203,0.00191454,0.00159349,0.00133682
Gram_error_fro,4.0,1,12,2,0.0,0.03722791,0.0327585,0.02521229,0.01871076,0.01365245,0.00986628,0.00708748,0.00507859,0.00365462,0.00267836,0.00204609,0.00166987,0.00146584,0.00135918,0.0012963
Gram_error_fro,4.0,1,12,2,0.0,0.08733446,0.0679828,0.0520927,0.04012096,0.03107276,0.02420828,0.01896636,0.0149335,0.01180845,0.00937105,0.00745908,0.00595182,0.00475856,0.00381053,0.0030551
Gram_error_fro,0.0,1,12,5,0.0,0.0,0.0,0.0,0.0,0.0,0.0,0.0,0.0,0.0,0.0,0.0,0.0,0.0,0.0,0.0
Gram_error_fro,2.0,1,12,5,0.0,0.08608366,0.06696764,0.04651686,0.03253915,0.02362732,0.01794063,0.01420031,0.01162248,0.00974894,0.00831691,0.00717562,0.00623687,0.00544722,0.00477275,0.00419069
Gram_error_fro,0.0,1,12,5,0.0,0.0,0.0,0.0,0.0,0.0,0.0,0.0,0.0,0.0,0.0,0.0,0.0,0.0,0.0,0.0
Gram_error_fro,2.0,1,12,5,0.0,0.08608366,0.06696764,0.04651686,0.03253915,0.02362732,0.01794063,0.01420031,0.01162248,0.00974894,0.00831691,0.00717562,0.00623687,0.00544722,0.00477275,0.00419069
Gram_error_fro,2.0,1,12,5,0.0,0.08269014,0.07211728,0.05723488,0.04536466,0.03619073,0.02900288,0.02331994,0.018815,0.01524317,0.01241005,0.01015898,0.00836445,0.00692705,0.00576897,0.00482981
Gram_error_fro,2.0,1,12,5,0.0,0.05207678,0.04857896,0.04296036,0.03678189,0.03090605,0.02574757,0.02141599,0.01786365,0.01498054,0.01264458,0.01074429,0.00918669,0.00789796,0.00682115,0.00591291
Gram_error_fro,2.0,1,12,5,0.0,0.0843942,0.07069979,0.05379927,0.04128182,0.03228617,0.0256832,0.02072877,0.01694801,0.01402336,0.01173258,0.0099157,0.00845605,0.00726807,0.00628887,0.00547209
Gram_error_fro,2.0,1,12,5,0.0,0.08516739,0.07220099,0.05517444,0.04219729,0.03293315,0.02623709,0.02128498,0.01755109,0.01468892,0.01245877,0.01069034,0.00926184,0.0080864,0.00710239,0.00626609
Gram_error_fro,2.0,1,12,5,0.0,0.06094805,0.05245177,0.04412269,0.03676227,0.03053274,0.02542494,0.02131426,0.0180263,0.01538641,0.01324459,0.01148256,0.01001154,0.00876656,0.00770048,0.00677894
Gram_error_fro,4.0,1,12,5,0.0,0.08671046,0.06605589,0.04707312,0.03426338,0.02594729,0.02037,0.016425,0.0134907,0.01122182,0.0094186,0.00795779,0.00675812,0.00576288,0.0049307,0.00423045
Gram_error_fro,4.0,1,12,5,0.0,0.0726218,0.05916546,0.04868566,0.03972865,0.03232353,0.02638129,0.02168572,0.01799228,0.01507844,0.01276073,0.01089585,0.00937539,0.00811889,0.00706714,0.0061766
Gram_error_fro,4.0,1,12,5,0.0,0.0901213,0.0657026,0.04589567,0.03301367,0.0247035,0.01908804,0.01507615,0.01207721,0.0097658,0.00795039,0.00650846,0.00535535,0.00442908,0.00368255,0.00307906
Gram_error_fro,4.0,1,12,5,0.0,0.08336469,0.07138457,0.05574818,0.04327558,0.03399162,0.0271895,0.02219345,0.01847657,0.01565535,0.01346038,0.01170682,0.0102699,0.00906601,0.00803898,0.00715055
Gram_error_fro,4.0,1,12,5,0.0,0.09383025,0.07263252,0.05041515,0.03584474,0.02731326,0.02232635,0.01916566,0.01690652,0.01511264,0.01358921,0.01224872,0.01104927,0.00996819,0.00899104,0.00810712
Gram_error_fro,4.0,1,12,5,0.0,0.09718903,0.07375939,0.0517051,0.0367056,0.02682167,0.02019879,0.0156388,0.01240742,0.0100515,0.00828594,0.00692795,0.0058583,0.00499791,0.00429336,0.0037078
Gram_error_fro,4.0,1,12,5,0.0,0.10795087,0.08868462,0.06908801,0.05426656,0.04319633,0.03480301,0.02835355,0.02334784,0.01942747,0.0163268,0.01384674,0.01183847,0.01019142,0.00882386,0.00767544
Gram_error_fro,0.0,1,12,2,0.0,0.0,0.0,0.0,0.0,0.0,0.0,0.0,0.0,0.0,0.0,0.0,0.0,0.0,0.0,0.0
Gram_error_fro,2.0,1,12,2,0.0,0.0051492,0.00164667,0.00121489,0.00115416,0.00107366,0.00096218,0.00084197,0.00072698,0.00062309,0.00053189,0.00045301,0.00038537,0.00032763,0.00027851,0.0002368
Gram_error_fro,0.0,1,12,2,0.0,0.0,0.0,0.0,0.0,0.0,0.0,0.0,0.0,0.0,0.0,0.0,0.0,0.0,0.0,0.0
Gram_error_fro,2.0,1,12,2,0.0,0.04670213,0.03214687,0.02272628,0.01634387,0.0118599,0.00867443,0.00639034,0.00473588,0.00352562,0.00263269,0.00196931,0.00147388,0.00110251,0.0008235,0.00061366
Gram_error_fro,2.0,1,12,2,0.0,0.0051492,0.00164667,0.00121489,0.00115416,0.00107366,0.00096218,0.00084197,0.00072698,0.00062309,0.00053189,0.00045301,0.00038537,0.00032763,0.00027851,0.0002368
Gram_error_fro,2.0,1,12,2,0.0,0.04664026,0.01560555,0.00900319,0.00658421,0.00519403,0.00420602,0.00344408,0.00283781,0.00234861,0.00195074,0.00162533,0.001358,0.00113756,0.00095516,0.00080379
Gram_error_fro,2.0,2,12,2,0.0,0.0122826,0.01000154,0.01076139,0.011562,0.01219,0.0126554,0.01300237,0.01326585,0.01346943,0.01362903,0.01375568,0.01385719,0.01393929,0.01400621,0.01406111
Gram_error_fro,4.0,1,12,2,0.0,0.09992825,0.07230162,0.05471377,0.0426894,0.03374733,0.02690719,0.02161006,0.01747037,0.01420773,0.01161547,0.00954019,0.00786725,0.00651026,0.00540348,0.00449644
Gram_error_fro,4.0,1,12,2,0.0,0.06603419,0.03625399,0.02369853,0.01673832,0.01228608,0.00923809,0.00706613,0.00547713,0.00429251,0.0033963,0.00270991,0.00217857,0.00176329,0.00143589,0.00117572
Gram_error_fro,4.0,1,12,2,0.0,0.04306063,0.03202383,0.02524301,0.02045142,0.01687762,0.01412294,0.01194427,0.01018617,0.00874477,0.00754785,0.00654351,0.00569347,0.00496885,0.00434741,0.00381178
Gram_error_fro,4.0,1,12,2,0.0,0.05598776,0.04638689,0.0402259,0.03529784,0.0311536,0.02757701,0.02444564,0.02168428,0.01924123,0.01707673,0.01515785,0.0134562,0.01194687,0.0106079,0.00941986
Gram_error_fro,4.0,1,12,2,0.0,0.05385371,0.02034704,0.00995975,0.00578066,0.00369725,0.00258371,0.00196976,0.00160694,0.00136353,0.00117664,0.00101944,0.00088153,0.00075908,0.00065057,0.00055513
Gram_error_fro,4.0,1,12,2,0.0,0.07073493,0.04948063,0.03642909,0.02758465,0.02125817,0.01661358,0.01313453,0.0104841,0.00843591,0.00683381,0.00556762,0.00455799,0.00374678,0.00309068,0.00255703
Gram_error_fro,2.0,1,12,2,0.0,0.02627979,0.01360833,0.0089389,0.00654248,0.00501203,0.0039196,0.00309733,0.00246272,0.00196664,0.00157589,0.00126649,0.00102049,0.00082425,0.00066725,0.00054132
Gram_error_fro,2.0,1,12,2,0.0,0.10692118,0.08041609,0.06184595,0.04856386,0.03850204,0.03074586,0.0247154,0.01998914,0.01625463,0.0132803,0.01089401,0.00896694,0.00740182,0.00612439,0.0050774
Gram_error_fro,2.0,1,12,2,0.0,0.00818286,0.00819967,0.00827208,0.0079241,0.00737122,0.00673494,0.00608151,0.00544634,0.00484814,0.00429604,0.00379349,0.00334053,0.00293526,0.00257466,0.00225519
Gram_error_fro,0.0,1,12,6,0.0,0.0,0.0,0.0,0.0,0.0,0.0,0.0,0.0,0.0,0.0,0.0,0.0,0.0,0.0,0.0
Gram_error_fro,2.0,1,12,6,0.0,0.0670555,0.06107541,0.0518271,0.04257954,0.03425981,0.02720671,0.02144176,0.01683773,0.01321527,0.01039175,0.0082029,0.00651015,0.00520099,0.00418626,0.00339652
Gram_error_fro,2.0,1,12,6,0.0,0.08562127,0.07340922,0.05698967,0.04418156,0.03455783,0.02724686,0.02162873,0.01727892,0.01389335,0.011246,0.00916559,0.00752141,0.00621356,0.0051658,0.00432001
Gram_error_fro,2.0,1,12,6,0.0,0.0807,0.06922781,0.05470269,0.04300847,0.03384597,0.02668135,0.0210894,0.01673235,0.01333967,0.01069581,0.00863072,0.00701159,0.0057356,0.00472371,0.00391551
Gram_error_fro,2.0,1,12,6,0.0,0.07703684,0.06920162,0.05658372,0.0450126,0.03533417,0.02752659,0.02135688,0.01654857,0.01283694,0.00998977,0.00781344,0.00615186,0.00488205,0.00390875,0.00315901
Gram_error_fro,2.0,1,12,6,0.0,0.04483862,0.03853469,0.02954557,0.02251245,0.01732831,0.01343297,0.01045035,0.00814978,0.00637435,0.00500624,0.00395304,0.00314172,0.00251511,0.002029,0.00164957
Gram_error_fro,0.0,1,12,6,0.0,0.0,0.0,0.0,0.0,0.0,0.0,0.0,0.0,0.0,0.0,0.0,0.0,0.0,0.0,0.0
Gram_error_fro,4.0,1,12,6,0.0,0.10595056,0.09099943,0.0725606,0.05793578,0.0463642,0.0371172,0.02974581,0.02390718,0.01930697,0.01569162,0.01284896,0.01060679,0.00882864,0.00740825,0.00626397
Gram_error_fro,4.0,1,12,6,0.0,0.08753826,0.07447633,0.05762754,0.04627156,0.03914663,0.03446167,0.03108439,0.02841022,0.0261372,0.02411885,0.02228459,0.02059959,0.01904528,0.01761014,0.01628552
Gram_error_fro,4.0,1,12,6,0.0,0.08260749,0.06888986,0.05693874,0.04645752,0.03730252,0.02957088,0.02324241,0.0181813,0.01419777,0.01109472,0.0086925,0.00683852,0.00540855,0.0043041,0.00344848
Gram_error_fro,2.0,1,12,6,0.0,0.0807,0.06922781,0.05470269,0.04300847,0.03384597,0.02668135,0.0210894,0.01673235,0.01333967,0.01069581,0.00863072,0.00701159,0.0057356,0.00472371,0.00391551
Gram_error_fro,4.0,1,12,6,0.0,0.07722033,0.05677777,0.03983837,0.02944633,0.0230747,0.01882634,0.01573089,0.0133263,0.0113812,0.00976788,0.00840855,0.00725172,0.00626098,0.0054091,0.00467485
Gram_error_fro,4.0,1,12,6,0.0,0.07213337,0.06610017,0.0564129,0.04683732,0.03825529,0.03101371,0.02512831,0.02044786,0.0167648,0.01387338,0.01159466,0.00978375,0.00832833,0.00714376,0.00616724
Gram_error_fro,4.0,1,12,6,0.0,0.0845519,0.05946206,0.04029743,0.02867465,0.02172537,0.01738538,0.01449049,0.01242029,0.0108421,0.00957327,0.00851123,0.00759704,0.00679576,0.00608569,0.00545243
Gram_error_fro,4.0,1,12,6,0.0,0.12166799,0.10133825,0.07720578,0.05946455,0.04668639,0.03724867,0.03010315,0.02458666,0.02026168,0.01682736,0.01407024,0.01183539,0.01000834,0.00850325,0.00725488
Gram_error_fro,4.0,1,12,6,0.0,0.11247751,0.08213977,0.05946213,0.04618989,0.03864512,0.03402257,0.03078919,0.02822946,0.0260305,0.0240572,0.02225019,0.02058204,0.01903849,0.01761045,0.01629062
Gram_error_fro,0.0,1,12,3,0.0,0.0,0.0,0.0,0.0,0.0,0.0,0.0,0.0,0.0,0.0,0.0,0.0,0.0,0.0,0.0
Gram_error_fro,2.0,1,12,3,0.0,0.01900886,0.01643498,0.0138099,0.01154568,0.0097328,0.00830577,0.00716635,0.00623359,0.00545209,0.00478588,0.00421123,0.00371168,0.00327513,0.0028922,0.0025554
Gram_error_fro,0.0,1,12,3,0.0,0.0,0.0,0.0,0.0,0.0,0.0,0.0,0.0,0.0,0.0,0.0,0.0,0.0,0.0,0.0
Gram_error_fro,2.0,1,12,3,0.0,0.05696015,0.03564358,0.02223262,0.01482424,0.01080897,0.00846194,0.00689142,0.00571697,0.00478623,0.00403121,0.00341335,0.00290558,0.00248669,0.00213956,0.0018503
Gram_error_fro,2.0,1,12,3,0.0,0.09757589,0.05668204,0.03460685,0.02436247,0.01890485,0.01531265,0.01261652,0.01047805,0.0087453,0.0073279,0.00616194,0.00519861,0.00439952,0.00373414,0.00317804
Gram_error_fro,2.0,1,12,3,0.0,0.00947381,0.01019601,0.01002704,0.00957127,0.00900977,0.00840393,0.0077876,0.00717866,0.00658762,0.00602146,0.00548491,0.00498092,0.00451104,0.00407566,0.00367433
Gram_error_fro,4.0,1,12,3,0.0,0.08613312,0.06324877,0.05343918,0.04598011,0.03952767,0.03396836,0.02921564,0.02516305,0.02170622,0.01875247,0.01622273,0.01405077,0.01218147,0.01056911,0.00917569
Gram_error_fro,4.0,1,12,3,0.0,0.05456888,0.04062324,0.03208939,0.02677408,0.02269051,0.01932923,0.01654783,0.01424659,0.01233232,0.01072517,0.00936197,0.00819473,0.00718734,0.00631248,0.0055491
Gram_error_fro,4.0,1,12,3,0.0,0.07322943,0.07284844,0.06338038,0.05312959,0.04399462,0.03634351,0.03007872,0.02498334,0.02083809,0.01745489,0.01468137,0.01239666,0.01050541,0.00893239,0.00761808
Gram_error_fro,2.0,1,12,3,0.0,0.06754597,0.05612542,0.0484987,0.04265602,0.03780164,0.03363406,0.02999587,0.02679251,0.02396059,0.02145245,0.01922893,0.01725614,0.01550411,0.01394626,0.01255905
Gram_error_fro,4.0,1,12,3,0.0,0.1023273,0.06678895,0.04667873,0.03598214,0.02885005,0.02334773,0.01887966,0.01520769,0.01219425,0.00973994,0.00776715,0.00621448,0.00503271,0.00417911,0.0036089
Gram_error_fro,2.0,1,12,3,0.0,0.10497009,0.08673081,0.07181272,0.0599,0.05012207,0.04205889,0.03540043,0.02988889,0.02531124,0.02149445,0.0182994,0.01561448,0.01335009,0.01143405,0.00980792
Gram_error_fro,4.0,1,12,3,0.0,0.12145019,0.08780892,0.06693575,0.05360453,0.04387529,0.03627841,0.03017655,0.02521102,0.02113955,0.01778296,0.01500316,0.01269166,0.01076236,0.00914642,0.00778854
Gram_error_fro,4.0,1,12,3,0.0,0.09964885,0.05609751,0.03377955,0.02387774,0.01868036,0.01522267,0.01259104,0.01048347,0.00876543,0.00735452,0.00619048,0.00522631,0.0044246,0.00375541,0.00319479
Gram_error_fro,4.0,1,12,3,0.0,0.07800239,0.05767842,0.04876794,0.04304946,0.03813778,0.03365705,0.02957806,0.02590576,0.02263217,0.01973555,0.01718605,0.01495048,0.01299542,0.01128901,0.00980176
Gram_error_fro,2.0,1,12,3,0.0,0.10408663,0.070698,0.05041443,0.03857704,0.03015565,0.02358989,0.01837073,0.01425037,0.01106269,0.00868382,0.00701482,0.00595747,0.00538717,0.00515184,0.00510584
Gram_error_fro,0.0,1,12,4,0.0,0.0,0.0,0.0,0.0,0.0,0.0,0.0,0.0,0.0,0.0,0.0,0.0,0.0,0.0,0.0
Gram_error_fro,2.0,1,12,4,0.0,0.03864065,0.03464182,0.03014645,0.02668057,0.0237814,0.02117996,0.01880041,0.01663204,0.01467398,0.01292054,0.01136021,0.00997789,0.00875704,0.00768103,0.00673408
Gram_error_fro,2.0,1,12,4,0.0,0.05088685,0.03735399,0.02783883,0.02143767,0.01692021,0.01357855,0.01101995,0.00901517,0.00742033,0.00613881,0.00510204,0.00425926,0.00357165,0.00300889,0.00254692
Gram_error_fro,2.0,1,12,4,0.0,0.06588104,0.06994764,0.06458645,0.05750657,0.05054426,0.04419369,0.03856927,0.03365533,0.02938898,0.02569349,0.02249286,0.01971784,0.01730781,0.01521076,0.01338251
Gram_error_fro,2.0,1,12,4,0.0,0.05644414,0.03258081,0.02081905,0.01514285,0.01206009,0.01011139,0.00870385,0.00759416,0.00667638,0.00589837,0.00522988,0.00465037,0.00414452,0.00370026,0.003308
Gram_error_fro,2.0,1,12,4,0.0,0.05644414,0.03258081,0.02081905,0.01514285,0.01206009,0.01011139,0.00870385,0.00759416,0.00667638,0.00589837,0.00522988,0.00465037,0.00414452,0.00370026,0.003308
Gram_error_fro,4.0,1,12,4,0.0,0.07230248,0.0567401,0.04388806,0.033903,0.02629511,0.02061925,0.01640403,0.01324791,0.01084857,0.00899099,0.00752571,0.00634935,0.00539007,0.00459737,0.00393517
Gram_error_fro,2.0,1,12,4,0.0,0.06919362,0.04451705,0.0299575,0.02192222,0.01711642,0.01399273,0.01181356,0.01019955,0.00894108,0.00791658,0.00705353,0.0063078,0.00565198,0.0050686,0.00454602
Gram_error_fro,4.0,1,12,4,0.0,0.06345922,0.04634392,0.03457357,0.02696535,0.02183545,0.01821224,0.01552315,0.01343259,0.01174357,0.01033796,0.00914243,0.00810958,0.00720742,0.00641341,0.00571099
Gram_error_fro,4.0,1,12,4,0.0,0.09211061,0.0580608,0.03734803,0.02607691,0.01958695,0.01557391,0.0128909,0.01095084,0.00945004,0.00822901,0.00720139,0.00631806,0.00554917,0.00487514,0.00428204
Gram_error_fro,4.0,1,12,4,0.0,0.08935486,0.06844736,0.05014355,0.03708553,0.02783803,0.02122871,0.01643905,0.01291185,0.01027123,0.00826294,0.00671317,0.0055013,0.00454231,0.00377525,0.0031558
Gram_error_fro,4.0,1,12,4,0.0,0.02919287,0.02027238,0.01673748,0.01486788,0.01351307,0.01237984,0.01134617,0.01036214,0.00941625,0.00851275,0.00765954,0.00686316,0.00612746,0.00545373,0.00484119
Gram_error_fro,4.0,1,12,4,0.0,0.10026014,0.0882369,0.07480126,0.06377046,0.05479752,0.04735888,0.04109132,0.03575294,0.03117363,0.0272264,0.02381205,0.0208507,0.01827671,0.01603538,0.01408072
Gram_error_fro,4.0,1,12,4,0.0,0.09889049,0.07513218,0.05641473,0.04367394,0.03445975,0.02748445,0.02209072,0.01788495,0.01459264,0.01200596,0.0099632,0.00833845,0.00703457,0.00597744,0.00511107
Gram_error_fro,4.0,2,12,4,0.0,0.09621892,0.06351368,0.043343,0.0326067,0.02698991,0.02420507,0.02293129,0.0224221,0.0222844,0.02232073,0.02243362,0.02257515,0.0227219,0.02286272,0.02299268
Gram_error_fro,4.0,1,12,4,0.0,0.08331777,0.053211,0.03703165,0.02761665,0.02156215,0.01730119,0.01409563,0.01158077,0.00955934,0.00791225,0.00655992,0.00544481,0.00452304,0.00375998,0.00312772
Gram_error_fro,0.0,1,12,6,0.0,0.0,0.0,0.0,0.0,0.0,0.0,0.0,0.0,0.0,0.0,0.0,0.0,0.0,0.0,0.0
Gram_error_fro,2.0,1,12,6,0.0,0.06824769,0.06159629,0.05063489,0.04069366,0.03238276,0.02562515,0.02021548,0.01593263,0.01257028,0.00994708,0.00790934,0.00633018,0.00510685,0.00415751,0.0034178
Gram_error_fro,0.0,1,12,6,0.0,0.09232325,0.07438108,0.04986574,0.03193911,0.02027722,0.01295948,0.008423,0.00561716,0.00387446,0.00277986,0.00207822,0.00161448,0.00129565,0.00106664,0.00089491
Gram_error_fro,2.0,1,12,6,0.0,0.04468707,0.03832108,0.02945214,0.02235255,0.01721791,0.01351813,0.01078385,0.00870744,0.0070976,0.00583134,0.00482485,0.00401813,0.00336667,0.00283685,0.00240294
Gram_error_fro,2.0,1,12,6,0.0,0.0828086,0.07732138,0.06287657,0.04980853,0.0396306,0.03197934,0.0262169,0.02180919,0.01837165,0.01563871,0.01342754,0.01161077,0.01009802,0.00882401,0.00774066
Gram_error_fro,2.0,1,12,6,0.0,0.05773126,0.05147389,0.04439054,0.03800504,0.03226429,0.02713597,0.02263307,0.01875651,0.01547648,0.01273865,0.01047618,0.00861962,0.00710315,0.0058678,0.00486258
Gram_error_fro,2.0,1,12,6,0.0,0.10878229,0.09059424,0.06917858,0.05251675,0.04009896,0.03084424,0.02390431,0.01866955,0.01470128,0.01167906,0.00936572,0.00758435,0.00620253,0.00512121,0.00426644
Gram_error_fro,2.0,1,12,6,0.0,0.07912241,0.06433058,0.04963589,0.0396307,0.03313987,0.02885143,0.02585215,0.0235867,0.02174334,0.02015541,0.01873598,0.01743992,0.01624324,0.01513247,0.01409921
Gram_error_fro,2.0,1,12,6,0.0,0.09866924,0.07911081,0.05610651,0.03974288,0.02885856,0.021526,0.01643248,0.01278825,0.01011703,0.00812004,0.00660158,0.00542891,0.00450984,0.00377925,0.00319065
Gram_error_fro,4.0,1,12,6,0.0,0.08425595,0.06039561,0.0434814,0.03333299,0.02707381,0.02298835,0.02012724,0.0179689,0.01623005,0.0147582,0.01347095,0.01232279,0.01128728,0.01034788,0.00949313
Gram_error_fro,4.0,1,12,6,0.0,0.11496475,0.09927997,0.07687012,0.05859999,0.04478657,0.03447208,0.02674947,0.02093071,0.01651649,0.0131454,0.01055372,0.00854726,0.00698207,0.00575096,0.00477396
Gram_error_fro,4.0,1,12,6,0.0,0.10574444,0.09890115,0.08146673,0.06533514,0.05224247,0.04200344,0.03407672,0.02793331,0.02313922,0.01936001,0.01634508,0.01390923,0.01191638,0.01026664,0.00888633
Gram_error_fro,2.0,1,12,6,0.0,0.10572691,0.08234275,0.0621328,0.04799697,0.03814823,0.03107406,0.0257995,0.02173135,0.01850689,0.01589666,0.01374877,0.01195818,0.01044947,0.00916689,0.00806826
Gram_error_fro,2.0,1,12,6,0.0,0.11664437,0.0998533,0.07635861,0.05815999,0.0448791,0.03511853,0.02780983,0.0222368,0.01792357,0.0145466,0.01187899,0.00975682,0.0080586,0.00669257,0.00558838
Gram_error_fro,2.0,1,12,6,0.0,0.08853748,0.05963645,0.03943128,0.02637799,0.01784065,0.01227912,0.00866481,0.00630026,0.00472694,0.00365312,0.00289746,0.00234839,0.00193696,0.00161999,0.00136975
Gram_error_fro,4.0,1,12,6,0.0,0.08318584,0.07185251,0.05916995,0.04812746,0.03919575,0.03214743,0.02660212,0.02221184,0.01870142,0.01586355,0.01354424,0.01162908,0.01003259,0.00869038,0.00755344
Gram_error_fro,0.0,1,12,2,0.0,0.0,0.0,0.0,0.0,0.0,0.0,0.0,0.0,0.0,0.0,0.0,0.0,0.0,0.0,0.0
Gram_error_fro,2.0,1,12,2,0.0,0.05366981,0.02190641,0.01447008,0.01150826,0.00960699,0.00812776,0.00690297,0.00586889,0.00499038,0.00424243,0.00360514,0.00306201,0.00259915,0.00220481,0.00186898
Gram_error_fro,2.0,1,12,2,0.0,0.03531962,0.02061216,0.01480102,0.01118099,0.0085731,0.00662107,0.00513755,0.00400045,0.00312375,0.00244476,0.00191694,0.00150537,0.00118363,0.00093156,0.00073373
Gram_error_fro,2.0,1,12,2,0.0,0.04281462,0.02839322,0.01979822,0.0143158,0.01056878,0.00790115,0.00595645,0.0045176,0.00344214,0.00263218,0.00201856,0.00155152,0.0011947,0.00092128,0.00071127
Gram_error_fro,2.0,1,12,2,0.0,0.03167569,0.0166651,0.010325,0.00719398,0.00531301,0.00404078,0.00312972,0.00245617,0.0019469,0.00155486,0.00124854,0.00100632,0.00081299,0.00065763,0.00053221
Gram_error_fro,2.0,1,12,2,0.0,0.00589923,0.00710768,0.00618937,0.00524069,0.00445237,0.00377556,0.00319313,0.00269444,0.00226941,0.0019084,0.00160254,0.00134392,0.00112562,0.00094163,0.00078678
Gram_error_fro,4.0,1,12,2,0.0,0.05867107,0.03465119,0.02166028,0.01408269,0.00944478,0.0065116,0.00460815,0.00334325,0.00248172,0.00187929,0.00144649,0.0011274,0.00088675,0.00070184,0.00055775
Gram_error_fro,2.0,1,12,2,0.0,0.01561199,0.00819465,0.00560422,0.0042534,0.00325842,0.00250217,0.00192968,0.00149507,0.00116305,0.00090772,0.00071024,0.00055681,0.00043718,0.00034365,0.00027037
Gram_error_fro,4.0,1,12,2,0.0,0.06820141,0.04576288,0.03652101,0.03049603,0.0258425,0.02207327,0.01895648,0.01634614,0.0141393,0.01225972,0.01064937,0.00926316,0.00806548,0.0070277,0.00612649
Gram_error_fro,4.0,1,12,2,0.0,0.02023372,0.0131841,0.0094166,0.0071267,0.00546481,0.00421241,0.00325885,0.00252794,0.00196483,0.00152944,0.00119205,0.00093026,0.00072705,0.00056935,0.00044706
Gram_error_fro,2.0,1,12,2,0.0,0.00935374,0.00331027,0.00204824,0.0016511,0.00146607,0.00133796,0.00121868,0.00109747,0.00097542,0.00085622,0.00074332,0.00063908,0.00054484,0.00046109,0.0003877
Gram_error_fro,4.0,1,12,2,0.0,0.03938464,0.00841093,0.00232782,0.0018155,0.00153072,0.00123857,0.00100816,0.00084352,0.00072951,0.00064981,0.00059152,0.00054575,0.000507,0.00047212,0.00043944
Gram_error_fro,4.0,1,12,2,0.0,0.0566056,0.03711279,0.03026782,0.02630285,0.0232934,0.02078997,0.01863388,0.01674455,0.01507123,0.01357849,0.01224021,0.01103639,0.00995115,0.00897153,0.00808665
Gram_error_fro,4.0,1,12,2,0.0,0.11089041,0.07169485,0.05340027,0.04176824,0.03324976,0.02672953,0.02165182,0.01765453,0.01447886,0.01193472,0.00988078,0.00821109,0.00684543,0.00572246,0.0047948
Gram_error_fro,4.0,1,12,2,0.0,0.03582754,0.01985155,0.01401028,0.01050058,0.00800675,0.0061532,0.00475312,0.00368711,0.00287106,0.00224352,0.00175889,0.0013831,0.00109055,0.00086196,0.00068273
Gram_error_fro,4.0,1,12,2,0.0,0.08387815,0.05297662,0.04326183,0.03762196,0.03302097,0.02903246,0.02554802,0.0225014,0.01983609,0.01750201,0.01545528,0.01365791,0.01207726,0.01068532,0.0094581
Gram_error_fro,0.0,1,12,2,0.0,0.0,0.0,0.0,0.0,0.0,0.0,0.0,0.0,0.0,0.0,0.0,0.0,0.0,0.0,0.0
Gram_error_fro,2.0,1,12,2,0.0,0.03959796,0.03195428,0.02657173,0.0223645,0.01889437,0.01600169,0.01358375,0.01155858,0.00985799,0.00842539,0.00721433,0.00618696,0.00531257,0.00456617,0.00392742
Gram_error_fro,2.0,1,12,2,0.0,0.02994419,0.01411171,0.00917308,0.0093325,0.01071198,0.01183401,0.01248526,0.01272917,0.01266532,0.01238154,0.01194698,0.0114139,0.01082101,0.01019668,0.00956142
Gram_error_fro,2.0,1,12,2,0.0,0.02100157,0.0093981,0.00411807,0.00132031,0.00163275,0.00266496,0.00327508,0.00354791,0.00359536,0.00350023,0.00331938,0.00309095,0.00284014,0.00258342,0.00233132
Gram_error_fro,2.0,1,12,2,0.0,0.03371905,0.0283968,0.02346268,0.01948114,0.01632463,0.01384018,0.01186764,0.01027351,0.00895914,0.00785531,0.00691406,0.00610188,0.00539483,0.00477526,0.00422982
Gram_error_fro,2.0,1,12,2,0.0,0.03302341,0.0251698,0.02001836,0.01624926,0.01349004,0.01154307,0.01021935,0.0093386,0.00874594,0.00832341,0.00799084,0.00769881,0.00741963,0.0071394,0.00685253
Gram_error_fro,2.0,1,12,2,0.0,0.01678126,0.01035592,0.00716439,0.00544964,0.0045044,0.00396779,0.00361801,0.00334199,0.00309307,0.00285582,0.00262718,0.00240804,0.00220006,0.00200455,0.00182223
Gram_error_fro,4.0,1,12,2,0.0,0.03647367,0.03350879,0.02926603,0.02540562,0.02214401,0.01941917,0.01712321,0.01516374,0.0134718,0.01199712,0.01070246,0.00955952,0.00854624,0.00764498,0.00684137
Gram_error_fro,2.0,1,12,2,0.0,0.02994419,0.02127617,0.01698848,0.0140131,0.0117036,0.00983348,0.00828494,0.00698747,0.00589432,0.00497123,0.00419125,0.00353227,0.00297573,0.00250593,0.00210957
Gram_error_fro,2.0,1,12,2,0.0,0.05212794,0.03754896,0.0291954,0.02356019,0.01928647,0.01587489,0.01309203,0.01080254,0.00891247,0.00734961,0.00605614,0.00498511,0.00409819,0.00336399,0.0027567
Gram_error_fro,4.0,1,12,2,0.0,0.09721635,0.08722195,0.07736952,0.06832252,0.06017198,0.052982,0.04669712,0.04121603,0.03643366,0.03225479,0.0285966,0.02538798,0.02256805,0.0200848,0.01789379
Gram_error_fro,2.0,1,12,2,0.0,0.04556367,0.02454362,0.01553946,0.01040451,0.00696608,0.00459176,0.00297478,0.00191634,0.00128401,0.00097845,0.00088276,0.00087398,0.00087937,0.00087328,0.00085119
Gram_error_fro,4.0,1,12,2,0.0,0.02558727,0.02532259,0.02165651,0.01782272,0.01442971,0.01156593,0.00919802,0.00726222,0.0056916,0.00442517,0.00341047,0.00260382,0.00196973,0.00148009,0.00111343
Gram_error_fro,4.0,1,12,2,0.0,0.07506938,0.07683107,0.07007328,0.06187586,0.05400255,0.04694761,0.04078534,0.03545314,0.03085278,0.0268847,0.02345868,0.02049615,0.01792988,0.01570277,0.01376647
Gram_error_fro,4.0,1,12,2,0.0,0.06444199,0.04559393,0.03479445,0.02720198,0.0215643,0.01726335,0.01392322,0.01129689,0.00921234,0.00754501,0.00620252,0.00511526,0.00423015,0.00350632,0.00291203
Gram_error_fro,4.0,1,12,2,0.0,0.03094135,0.01702933,0.00987618,0.00572599,0.0032131,0.00191415,0.00157711,0.00167502,0.00180216,0.00185785,0.00184406,0.00178032,0.00168472,0.00157089,0.00144844
Gram_error_fro,0.0,1,12,2,0.0,0.0,0.0,0.0,0.0,0.0,0.0,0.0,0.0,0.0,0.0,0.0,0.0,0.0,0.0,0.0
Gram_error_fro,2.0,1,12,2,0.0,0.06165384,0.05626014,0.04759729,0.03967579,0.03299196,0.02747788,0.02295457,0.01924139,0.01618282,0.01365202,0.01154766,0.00978951,0.00831414,0.00707123,0.00602068
Gram_error_fro,2.0,1,12,2,0.0,0.06131383,0.05619899,0.04770663,0.03983749,0.03315078,0.02762172,0.02308845,0.01937369,0.01632014,0.01379803,0.01170343,0.00995427,0.00848594,0.00724759,0.00619893
Gram_error_fro,2.0,1,12,2,0.0,0.04856517,0.03540215,0.02658607,0.02040273,0.01579338,0.01229122,0.00961277,0.00755379,0.00596186,0.00472342,0.00375415,0.00299141,0.00238836,0.00190973,0.00152866
Gram_error_fro,2.0,1,12,2,0.0,0.0211134,0.01323648,0.00899192,0.00710284,0.00601498,0.00515601,0.00440295,0.00373712,0.00315448,0.00265004,0.00221701,0.00184779,0.00153476,0.00127068,0.00104889
Gram_error_fro,2.0,1,12,2,0.0,0.06165384,0.05626014,0.04830725,0.04114532,0.03502164,0.02984417,0.02547738,0.0217918,0.01867467,0.0160311,0.01378247,0.01186418,0.0102232,0.00881604,0.00760688
Gram_error_fro,4.0,1,12,2,0.0,0.045873,0.03399045,0.02622533,0.02054201,0.01617859,0.01278769,0.01014013,0.00806472,0.00643081,0.00513889,0.00411329,0.00329631,0.00264371,0.0021213,0.00170246
Gram_error_fro,2.0,1,12,2,0.0,0.02814225,0.02004368,0.0162495,0.01349662,0.01126343,0.00942813,0.00791076,0.00664972,0.00559716,0.00471558,0.00397521,0.00335214,0.00282699,0.00238389,0.00200976
Gram_error_fro,4.0,1,12,2,0.0,0.06641205,0.04951176,0.03769361,0.02917311,0.02272831,0.01779068,0.01398668,0.01104107,0.00874798,0.00695352,0.00554254,0.00442844,0.00354562,0.00284399,0.00228497
Gram_error_fro,4.0,1,12,2,0.0,0.03960744,0.03167409,0.02421845,0.01855394,0.01430267,0.01110139,0.00867571,0.00682304,0.00539553,0.00428605,0.00341693,0.00273149,0.00218792,0.00175498,0.00140901
Gram_error_fro,4.0,1,12,2,0.0,0.06770383,0.03619136,0.02884037,0.0260654,0.02405039,0.02219829,0.02041753,0.01870721,0.01708033,0.01554787,0.01411631,0.01278801,0.01156233,0.01043645,0.00940616
Gram_error_fro,2.0,1,12,2,0.0,0.06741103,0.03513315,0.02759094,0.02441895,0.02192143,0.01960418,0.01743042,0.01542096,0.01359109,0.01194387,0.01047329,0.00916805,0.00801431,0.00699754,0.00610347
Gram_error_fro,2.0,1,12,2,0.0,0.05562662,0.04640402,0.03636765,0.02828013,0.02202852,0.01720798,0.01348241,0.01059369,0.00834534,0.00658854,0.00521078,0.00412685,0.00327183,0.00259595,0.00206081
Gram_error_fro,4.0,1,12,2,0.0,0.08065943,0.04746206,0.03611743,0.03001185,0.02562117,0.02213672,0.01926972,0.01686585,0.01482391,0.01307187,0.01155648,0.01023732,0.00908305,0.00806889,0.00717491
Gram_error_fro,2.0,1,12,2,0.0,0.08498743,0.06118134,0.0447688,0.03350742,0.02546775,0.01964436,0.01538371,0.01222701,0.00985113,0.00803117,0.00661189,0.00548625,0.00458007,0.00384127,0.00323267
Gram_error_fro,4.0,1,12,2,0.0,0.0979363,0.06786976,0.0519865,0.04177468,0.03412162,0.02809007,0.02325433,0.01934065,0.01614892,0.01352805,0.0113628,0.00956452,0.00806436,0.00680831,0.00575349
Gram_error_fro,0.0,1,12,4,0.0,0.0,0.0,0.0,0.0,0.0,0.0,0.0,0.0,0.0,0.0,0.0,0.0,0.0,0.0,0.0
Gram_error_fro,2.0,1,12,4,0.0,0.04438724,0.03962234,0.03012241,0.02229735,0.01663323,0.01259998,0.00968456,0.00753452,0.00592299,0.00470168,0.00376957,0.00305486,0.00250472,0.00207934,0.0017483
Gram_error_fro,2.0,1,12,4,0.0,0.03031594,0.01758843,0.01325009,0.01088942,0.00929925,0.00807255,0.00705481,0.00618121,0.00541982,0.00475167,0.00416359,0.00364543,0.00318882,0.00278666,0.00243274
Gram_error_fro,2.0,1,12,4,0.0,0.04959355,0.03976037,0.03005746,0.02330101,0.01854294,0.01500449,0.01225821,0.01007004,0.00829978,0.00685475,0.00566879,0.00469212,0.00388602,0.00321973,0.00266845
Gram_error_fro,2.0,1,12,4,0.0,0.0316618,0.02508068,0.02042581,0.01707638,0.01449048,0.01237903,0.0106081,0.00910779,0.007832,0.00674477,0.00581624,0.00502136,0.00433927,0.00375267,0.00324722
Gram_error_fro,2.0,1,12,4,0.0,0.05363183,0.04002045,0.02900526,0.02147055,0.01622047,0.01244199,0.00964462,0.00753019,0.00590985,0.0046574,0.00368421,0.0029256,0.00233311,0.0018698,0.00150721
Gram_error_fro,4.0,1,12,4,0.0,0.08859213,0.06589848,0.04151094,0.02544229,0.01615707,0.01104363,0.00821221,0.00653025,0.00540835,0.00457308,0.00390396,0.00334635,0.00287274,0.00246699,0.00211808
Gram_error_fro,2.0,1,12,4,0.0,0.07618433,0.06628096,0.05488982,0.04549684,0.0378893,0.03171791,0.02669919,0.02260463,0.0192489,0.01648273,0.01418711,0.01226807,0.01065187,0.00928085,0.00810994
Gram_error_fro,4.0,1,12,4,0.0,0.07704875,0.05245121,0.03837137,0.02929207,0.02300004,0.01846611,0.01505453,0.01238688,0.01024521,0.00849933,0.00706455,0.00588059,0.00490143,0.00409055,0.0034183
Gram_error_fro,4.0,1,12,4,0.0,0.0598724,0.04323089,0.03346577,0.0278202,0.02434473,0.02195339,0.02008111,0.01846383,0.01698854,0.01561079,0.01431502,0.01309688,0.01195559,0.01089094,0.00990215
Gram_error_fro,4.0,1,12,4,0.0,0.08316191,0.06544927,0.05255376,0.04358661,0.03685616,0.03153384,0.02720013,0.02361119,0.02060475,0.01806283,0.0158958,0.01403423,0.01242389,0.0110222,0.00979552
Gram_error_fro,2.0,1,12,4,0.0,0.08327498,0.05448492,0.03555316,0.02493381,0.01863877,0.0145595,0.01168557,0.00952991,0.00784489,0.00649361,0.00539284,0.00448743,0.0037382,0.00311583,0.00259762
Gram_error_fro,4.0,1,12,4,0.0,0.08133206,0.0637403,0.05400236,0.04893798,0.04575413,0.04320716,0.0408437,0.03852619,0.03623078,0.03397,0.03176435,0.02963257,0.02758898,0.0256432,0.0238009
Gram_error_fro,4.0,1,12,4,0.0,0.08233419,0.07164733,0.05964926,0.04909784,0.04023654,0.03291915,0.0269403,0.02209443,0.01818711,0.01504258,0.01250891,0.01045984,0.00879346,0.00742925,0.00630443
Gram_error_fro,4.0,1,12,4,0.0,0.09268427,0.06620058,0.04835606,0.03759828,0.03066005,0.02577589,0.02206912,0.01909955,0.01663549,0.01454597,0.01275029,0.01119432,0.00983894,0.0086542,0.0076162
Gram_error_fro,2.0,1,12,4,0.0,0.0659299,0.03782975,0.02329492,0.01531993,0.01057157,0.00759416,0.00564272,0.00430684,0.00335483,0.00265344,0.00212369,0.00171659,0.0014001,0.0011521,0.00095666
Gram_error_fro,0.0,1,12,2,0.0,0.0,0.0,0.0,0.0,0.0,0.0,0.0,0.0,0.0,0.0,0.0,0.0,0.0,0.0,0.0
Gram_error_fro,2.0,1,12,2,0.0,0.03434969,0.01633076,0.01028851,0.00750032,0.00587516,0.00477618,0.0039652,0.00333698,0.00283606,0.00242877,0.0020927,0.00181214,0.00157564,0.00137469,0.00120279
Gram_error_fro,2.0,1,12,2,0.0,0.01591598,0.00742913,0.00483153,0.00354522,0.00272288,0.00214106,0.00171416,0.00139621,0.00115722,0.0009758,0.00083623,0.00072683,0.00063909,0.00056691,0.00050602
Gram_error_fro,2.0,1,12,2,0.0,0.02636847,0.01343288,0.00965908,0.00793951,0.0068296,0.0059659,0.00524491,0.00462845,0.00409579,0.00363238,0.00322703,0.00287085,0.00255671,0.00227881,0.0020324
Gram_error_fro,2.0,1,12,2,0.0,0.03124832,0.01576698,0.01116247,0.00901938,0.00764201,0.0065993,0.00574939,0.00503393,0.00442215,0.00389422,0.00343574,0.00303563,0.00268512,0.00237711,0.00210577
Gram_error_fro,0.0,1,12,2,0.0,0.0,0.0,0.0,0.0,0.0,0.0,0.0,0.0,0.0,0.0,0.0,0.0,0.0,0.0,0.0
Gram_error_fro,2.0,1,12,2,0.0,0.02018273,0.01176736,0.00905398,0.00757972,0.00647405,0.00554756,0.00475191,0.00406711,0.00347872,0.00297397,0.00254145,0.00217109,0.00185409,0.00158289,0.00135093
Gram_error_fro,2.0,1,12,2,0.0,0.03227811,0.01550778,0.01095648,0.0087974,0.00734503,0.00621841,0.00529831,0.00453164,0.00388653,0.00334045,0.00287618,0.00248014,0.00214136,0.0018509,0.0016014
Gram_error_fro,2.0,1,12,2,0.0,0.03291133,0.01555546,0.00973647,0.00707405,0.00552378,0.00447728,0.0037095,0.00311965,0.00265331,0.00227681,0.00196769,0.0017103,0.00149348,0.00130905,0.00115092
Gram_error_fro,4.0,1,12,2,0.0,0.04148427,0.0278883,0.02280069,0.01969828,0.01726212,0.01517257,0.0133394,0.0117252,0.0103043,0.00905449,0.0079557,0.00698988,0.00614101,0.00539491,0.00473912
Gram_error_fro,2.0,1,12,2,0.0,0.02638482,0.013319,0.00882762,0.00655669,0.00510348,0.00406344,0.00327952,0.00267307,0.00219659,0.00181801,0.00151444,0.001269,0.001069,0.00090484,0.00076916
Gram_error_fro,4.0,1,12,2,0.0,0.05595367,0.03458201,0.0257643,0.02062322,0.01693635,0.01406174,0.01174182,0.00984045,0.00826958,0.00696519,0.00587796,0.0049689,0.00420675,0.00356624,0.00302682
Gram_error_fro,2.0,1,12,2,0.0,0.00430575,0.00097509,0.00064028,0.00060533,0.00059708,0.00057899,0.0005494,0.00051312,0.00047407,0.00043464,0.00039616,0.00035937,0.00032469,0.00029233,0.00026238
Gram_error_fro,4.0,1,12,2,0.0,0.06013893,0.02500222,0.01813166,0.01486513,0.01251868,0.01069308,0.00922004,0.00800255,0.00697892,0.0061073,0.00535801,0.00470917,0.0041442,0.00365023,0.00321699
Gram_error_fro,4.0,1,12,2,0.0,0.04142472,0.01794074,0.01288449,0.01007984,0.00804205,0.00648252,0.00525902,0.00428426,0.00350008,0.00286515,0.00234877,0.00192743,0.00158279,0.00130034,0.00106853
Gram_error_fro,2.0,1,12,2,0.0,0.02499152,0.01374382,0.00985732,0.00773918,0.00628591,0.00519291,0.00433342,0.00364054,0.00307338,0.0026044,0.00221381,0.0018867,0.00161155,0.00137927,0.00118254
Gram_error_fro,0.0,1,12,3,0.0,0.0,0.0,0.0,0.0,0.0,0.0,0.0,0.0,0.0,0.0,0.0,0.0,0.0,0.0,0.0
Gram_error_fro,2.0,1,12,3,0.0,0.06191165,0.0377982,0.02503449,0.01784866,0.01326256,0.0101131,0.00785735,0.00619694,0.0049498,0.0039975,0.00325985,0.00268111,0.00222175,0.00185326,0.00155481
Gram_error_fro,2.0,1,12,3,0.0,0.04479544,0.01689564,0.00680248,0.00311117,0.00173493,0.00119522,0.00091731,0.00073011,0.00059043,0.00048282,0.00039801,0.00032962,0.00027343,0.0002267,0.00018761
Gram_error_fro,2.0,1,12,3,0.0,0.03537503,0.02860444,0.02435128,0.02117775,0.01845321,0.01604229,0.01391538,0.01205408,0.0104359,0.00903499,0.00782495,0.00678072,0.00587961,0.00510159,0.00442931
Gram_error_fro,2.0,1,12,3,0.0,0.0368383,0.02961208,0.02466891,0.02097513,0.01796504,0.0154131,0.01321751,0.01132297,0.00969079,0.00828851,0.00708682,0.00605905,0.00518116,0.00443185,0.00379245
Gram_error_fro,2.0,1,12,3,0.0,0.01689714,0.01295308,0.01174422,0.0101581,0.00860465,0.00721989,0.00602958,0.00502497,0.00418611,0.00349032,0.00291553,0.00244169,0.00205124,0.00172921,0.00146308
Gram_error_fro,4.0,1,12,3,0.0,0.04559307,0.03422147,0.02991376,0.02708657,0.02437942,0.02176666,0.01932939,0.01711051,0.01512058,0.01335208,0.01178869,0.01041064,0.00919764,0.00813035,0.00719106
Gram_error_fro,4.0,1,12,3,0.0,0.12757564,0.11934385,0.10325855,0.08825824,0.07525857,0.06419059,0.05482968,0.04693302,0.04027407,0.03465293,0.02989829,0.02586589,0.02243558,0.01950792,0.01700094
Gram_error_fro,2.0,1,12,3,0.0,0.03690476,0.01319575,0.00562452,0.00338148,0.00284364,0.00264269,0.00245709,0.00225647,0.00205343,0.00185892,0.00167836,0.00151342,0.00136387,0.00122865,0.00110645
Gram_error_fro,4.0,1,12,3,0.0,0.06134412,0.02663213,0.01385976,0.00916587,0.00699332,0.00568424,0.0047442,0.00400548,0.00339925,0.0028912,0.00246104,0.00209507,0.00178306,0.00151688,0.00128982
Gram_error_fro,4.0,1,12,3,0.0,0.05791554,0.03708434,0.02636215,0.01986721,0.01547905,0.01232602,0.00996322,0.00813845,0.00669804,0.00554271,0.00460502,0.00383728,0.00320453,0.00268046,0.00224478
Gram_error_fro,4.0,1,12,3,0.0,0.0687794,0.03633815,0.0226322,0.01557754,0.01126096,0.00837663,0.00634986,0.00487978,0.00379051,0.00297084,0.00234652,0.0018661,0.0014931,0.00120113,0.00097092
Gram_error_fro,2.0,1,12,3,0.0,0.05175613,0.03870404,0.02819934,0.0209267,0.01575085,0.01198069,0.00919322,0.0071076,0.00553047,0.00432647,0.00339965,0.00268112,0.00212076,0.0016816,0.00133604
Gram_error_fro,4.0,1,12,3,0.0,0.04025827,0.02610933,0.01774378,0.01230036,0.00864316,0.00613338,0.0043883,0.00316412,0.00229914,0.00168374,0.0012428,0.00092451,0.00069297,0.00052319,0.00039769
Gram_error_fro,4.0,1,12,3,0.0,0.06018177,0.04911852,0.03820876,0.0297396,0.02334374,0.01847777,0.01473198,0.01181727,0.00952813,0.00771597,0.00627156,0.00511348,0.00418027,0.00342499,0.00281145
Gram_error_fro,2.0,1,12,3,0.0,0.07102714,0.02888389,0.01459637,0.00909317,0.00627374,0.00453493,0.00336531,0.00254526,0.00195615,0.00152508,0.00120429,0.00096159,0.00077496,0.00062923,0.00051385
Gram_error_fro,0.0,1,12,2,0.0,0.0,0.0,0.0,0.0,0.0,0.0,0.0,0.0,0.0,0.0,0.0,0.0,0.0,0.0,0.0
Gram_error_fro,2.0,1,12,2,0.0,0.05862313,0.05175433,0.04411894,0.03758019,0.03210122,0.02752848,0.02369359,0.02045302,0.01769513,0.01533456,0.01330517,0.01155467,0.01004089,0.00872926,0.0075911
Gram_error_fro,2.0,1,12,2,0.0,0.01138032,0.00437388,0.00217711,0.00129469,0.00105499,0.00113862,0.00127172,0.00135967,0.0013911,0.00137585,0.00132692,0.00125575,0.00117136,0.00108041,0.00098768
Gram_error_fro,2.0,1,12,2,0.0,0.00972148,0.01119723,0.01052341,0.00925608,0.00802812,0.00695899,0.00604231,0.00525143,0.00456385,0.00396331,0.00343784,0.00297803,0.00257608,0.00222524,0.00191953
Gram_error_fro,2.0,1,12,2,0.0,0.04520307,0.02964642,0.02343177,0.01959658,0.01655083,0.01397105,0.01177125,0.00990358,0.00832504,0.00699488,0.00587597,0.00493562,0.0041457,0.00348229,0.00292517
Gram_error_fro,2.0,1,12,2,0.0,0.06121514,0.03161849,0.02169976,0.01684049,0.01352623,0.01096297,0.00890898,0.00725047,0.0059108,0.00482964,0.00395754,0.00325391,0.00268563,0.00222585,0.00185294
Gram_error_fro,2.0,1,12,2,0.0,0.00511931,0.00243968,0.00239012,0.00304274,0.00371293,0.00421924,0.00453342,0.00467628,0.00468172,0.00458367,0.00441164,0.0041897,0.00393675,0.00366721,0.00339187
Gram_error_fro,4.0,1,12,2,0.0,0.06770019,0.05711303,0.04764809,0.04023253,0.03428657,0.02946396,0.0255019,0.02219935,0.01940881,0.01702378,0.01496685,0.01318057,0.01162124,0.01025475,0.00905382
Gram_error_fro,4.0,1,12,2,0.0,0.06242523,0.02319819,0.00906359,0.004053,0.00185518,0.00070366,0.00026356,0.00049609,0.00068301,0.00077163,0.00079376,0.00077457,0.00073121,0.00067492,0.00061302
Gram_error_fro,2.0,1,12,2,0.0,0.09517677,0.0533968,0.03831903,0.03019056,0.0245048,0.02013283,0.01665038,0.01383283,0.01153307,0.0096442,0.00808495,0.0067922,0.00571637,0.00481814,0.00406611
Gram_error_fro,4.0,1,12,2,0.0,0.08780476,0.0410719,0.02553814,0.01938957,0.01541049,0.01236631,0.00997086,0.00807286,0.00656032,0.00534769,0.00436997,0.00357781,0.0029334,0.00240753,0.00197733
Gram_error_fro,2.0,1,12,2,0.0,0.04641794,0.02878413,0.02001372,0.01503242,0.01176361,0.00942302,0.00765162,0.00626437,0.00515518,0.00425677,0.00352289,0.00291989,0.00242234,0.00201058,0.0016691
Gram_error_fro,4.0,1,12,2,0.0,0.06202432,0.04735925,0.03719521,0.03004527,0.02463396,0.02043693,0.01713802,0.0145114,0.01239188,0.01065877,0.00922389,0.0080225,0.00700656,0.00614008,0.0053957
Gram_error_fro,4.0,1,12,2,0.0,0.00566256,0.009178,0.01254582,0.01469465,0.01594746,0.01652662,0.01660937,0.01633594,0.01581535,0.01513072,0.01434436,0.0135022,0.01263763,0.0117745,0.01092951
Gram_error_fro,4.0,1,12,2,0.0,0.02889263,0.01523329,0.00939162,0.00615991,0.00405905,0.00263438,0.00166675,0.00102356,0.00062508,0.00042939,0.00038674,0.00040832,0.00043454,0.00044803,0.00044762
Gram_error_fro,4.0,1,12,2,0.0,0.04422538,0.03371322,0.02730293,0.02270472,0.01914868,0.01629626,0.01394931,0.0119832,0.01031612,0.00889153,0.00766819,0.00661449,0.00570527,0.00491992,0.00424122
Gram_error_fro,0.0,1,12,2,0.0,0.0,0.0,0.0,0.0,0.0,0.0,0.0,0.0,0.0,0.0,0.0,0.0,0.0,0.0,0.0
Gram_error_fro,2.0,1,12,2,0.0,0.01080166,0.01048953,0.01015972,0.00910255,0.00800785,0.00701106,0.00612779,0.0053523,0.00467431,0.00408279,0.00356717,0.0031178,0.00272612,0.00238461,0.00208673
Gram_error_fro,2.0,1,12,2,0.0,0.0379327,0.01950119,0.01029098,0.0070426,0.00735476,0.0084008,0.00914196,0.00946587,0.00945297,0.0092016,0.00879343,0.00828981,0.00773496,0.00715989,0.00658593
Gram_error_fro,2.0,1,12,2,0.0,0.01388188,0.00735115,0.00358249,0.00288569,0.00376052,0.00450213,0.00487287,0.00494682,0.0048199,0.00456858,0.00424751,0.00389391,0.00353232,0.00317839,0.00284167
Gram_error_fro,2.0,1,12,2,0.0,0.05112962,0.03954538,0.0313498,0.02533308,0.02062533,0.01688127,0.01388478,0.01147308,0.00952038,0.00792987,0.00662724,0.00555519,0.00466921,0.00393438,0.00332303
Gram_error_fro,2.0,1,12,2,0.0,0.01210286,0.00526904,0.00515156,0.0067416,0.00805784,0.00885694,0.00921594,0.00924903,0.00905499,0.00870986,0.00826959,0.00777447,0.00725309,0.00672549,0.00620547
Gram_error_fro,4.0,1,12,2,0.0,0.01391051,0.01031102,0.00856702,0.00716469,0.00610923,0.00532105,0.00470605,0.00419816,0.00376007,0.00337252,0.0030254,0.00271291,0.00243114,0.00217706,0.00194812
Gram_error_fro,4.0,2,12,2,0.0,0.12814113,0.10491076,0.08344877,0.06679209,0.05398195,0.04420583,0.03680362,0.0312351,0.0270669,0.02395753,0.02164142,0.01991467,0.01862287,0.01765087,0.01691391
Gram_error_fro,4.0,1,12,2,0.0,0.06308265,0.05677752,0.05020222,0.04427609,0.03883316,0.03393145,0.02958388,0.02576046,0.02241413,0.01949377,0.01694961,0.01473549,0.01280964,0.01113493,0.00967866
Gram_error_fro,2.0,1,12,2,0.0,0.01117428,0.00631232,0.00288647,0.00139402,0.00150861,0.00187287,0.00205883,0.0020921,0.00202967,0.00191344,0.00177048,0.00161748,0.00146447,0.0013173,0.00117915
Gram_error_fro,4.0,1,12,2,0.0,0.06948878,0.03012453,0.01751111,0.01158096,0.00777616,0.00524843,0.00365112,0.00273484,0.00227151,0.00205227,0.00193056,0.00183257,0.00173093,0.00161962,0.00150051
Gram_error_fro,2.0,1,12,2,0.0,0.04030747,0.02773118,0.02131,0.01775091,0.01523469,0.01320355,0.01149156,0.01002908,0.00877239,0.0076881,0.00674926,0.00593373,0.00522319,0.00460242,0.00405873
Gram_error_fro,2.0,1,12,2,0.0,0.05512238,0.05708327,0.04973134,0.04154368,0.03435847,0.02841529,0.02357953,0.01965321,0.01645452,0.01383414,0.01167413,0.0098826,0.00838814,0.00713509,0.00607979
Gram_error_fro,4.0,1,12,2,0.0,0.05781655,0.05517956,0.04749794,0.03988209,0.03331619,0.02785374,0.02334904,0.01963399,0.01656034,0.01400647,0.01187501,0.01008849,0.00858527,0.0073161,0.00624138
Gram_error_fro,4.0,1,12,2,0.0,0.07050308,0.03063505,0.01771426,0.01185053,0.00809744,0.00557202,0.00395574,0.00302077,0.00254742,0.00232665,0.00220808,0.00211379,0.00201377,0.00190083,0.00177666
Gram_error_fro,2.0,1,12,2,0.0,0.06614781,0.06362401,0.05438376,0.04570338,0.03847365,0.03255201,0.02768506,0.02365386,0.02028762,0.01745561,0.01505751,0.01301557,0.0112688,0.00976876,0.00847654
Gram_error_fro,0.0,1,12,3,0.0,0.0,0.0,0.0,0.0,0.0,0.0,0.0,0.0,0.0,0.0,0.0,0.0,0.0,0.0,0.0
Gram_error_fro,2.0,2,12,3,0.0,0.06333046,0.05591272,0.04588875,0.0368307,0.02938363,0.02362553,0.01945137,0.01668528,0.01509446,0.01439222,0.01428154,0.01451375,0.0149152,0.01537934,0.01584665
Gram_error_fro,2.0,1,12,3,0.0,0.0544604,0.04651319,0.03701785,0.02919397,0.02311971,0.01841653,0.0147463,0.01185718,0.00956571,0.00773737,0.00627218,0.00509478,0.00414752,0.00338558,0.00277369
Gram_error_fro,2.0,1,12,3,0.0,0.05968136,0.04250057,0.03206144,0.02489217,0.01967222,0.01577366,0.0128148,0.010539,0.00876608,0.00736708,0.00624885,0.00534373,0.00460223,0.00398789,0.0034736
Gram_error_fro,2.0,1,12,3,0.0,0.03489932,0.01863042,0.01268175,0.00971025,0.00772034,0.00624838,0.00512206,0.00424446,0.0035511,0.00299649,0.00254772,0.00218061,0.00187721,0.00162404,0.00141088
Gram_error_fro,0.0,1,12,3,0.0,0.0,0.0,0.0,0.0,0.0,0.0,0.0,0.0,0.0,0.0,0.0,0.0,0.0,0.0,0.0
Gram_error_fro,2.0,1,12,3,0.0,0.05775403,0.03939819,0.02864534,0.02186842,0.01718018,0.01376012,0.011184,0.00919953,0.00764241,0.00640037,0.00539479,0.00456985,0.00388547,0.00331241,0.00282906
Gram_error_fro,2.0,1,12,3,0.0,0.0682276,0.05693394,0.0503143,0.04492933,0.03996087,0.0353538,0.03115642,0.02739866,0.02407853,0.02117058,0.01863647,0.01643299,0.01451717,0.01284918,0.0113936
Gram_error_fro,4.0,1,12,3,0.0,0.09889784,0.0748963,0.05631694,0.04286903,0.03294741,0.02554125,0.0199756,0.01577148,0.01258203,0.0101539,0.00830028,0.00688182,0.00579318,0.0049538,0.00430161
Gram_error_fro,4.0,1,12,3,0.0,0.05218156,0.03653724,0.02875806,0.02341568,0.01934747,0.01614769,0.01359298,0.01153017,0.00984705,0.00846001,0.00730618,0.006338,0.00551915,0.00482164,0.0042237
Gram_error_fro,4.0,1,12,3,0.0,0.0726949,0.06327007,0.05111466,0.04068874,0.03230985,0.02570349,0.02052128,0.01645284,0.01324779,0.01071161,0.00869519,0.00708457,0.00579244,0.00475159,0.00391001
Gram_error_fro,4.0,1,12,3,0.0,0.08092435,0.06742313,0.05506314,0.04500031,0.03699076,0.03068424,0.02572181,0.02179318,0.0186514,0.01610789,0.01402154,0.01228772,0.01082903,0.00958797,0.00852157
Gram_error_fro,2.0,1,12,3,0.0,0.02544744,0.01860238,0.01514047,0.01271728,0.01086096,0.00938995,0.0081931,0.00719656,0.00635111,0.00562354,0.00499083,0.00443639,0.00394784,0.00351558,0.00313194
Gram_error_fro,4.0,1,12,3,0.0,0.05690817,0.04350624,0.0380002,0.03386715,0.03015509,0.02683298,0.02388623,0.02127308,0.01894908,0.0168767,0.01502578,0.01337174,0.01189376,0.01057373,0.00939549
Gram_error_fro,4.0,1,12,3,0.0,0.06506621,0.05552425,0.04449028,0.03557005,0.02855789,0.02305036,0.01871178,0.01527802,0.0125441,0.01035262,0.00858356,0.00714566,0.0059694,0.00500164,0.00420137
Gram_error_fro,4.0,1,12,3,0.0,0.07029692,0.0482445,0.0345509,0.02527656,0.01858896,0.01370745,0.01016286,0.00762296,0.00584155,0.00463004,0.00383582,0.00333013,0.00300741,0.00278944,0.00262524
Gram_error_fro,0.0,1,12,2,0.0,0.0,0.0,0.0,0.0,0.0,0.0,0.0,0.0,0.0,0.0,0.0,0.0,0.0,0.0,0.0
Gram_error_fro,0.0,1,12,2,0.0,0.0,0.0,0.0,0.0,0.0,0.0,0.0,0.0,0.0,0.0,0.0,0.0,0.0,0.0,0.0
Gram_error_fro,2.0,1,12,2,0.0,0.0197438,0.0080125,0.00725844,0.00918513,0.01065546,0.01141284,0.01162558,0.01146852,0.01107362,0.0105338,0.00991294,0.00925438,0.00858717,0.00793044,0.00729647
Gram_error_fro,2.0,1,12,2,0.0,0.02788779,0.01945456,0.01519728,0.01218746,0.00997847,0.00836308,0.0071863,0.00632265,0.00567383,0.00516748,0.00475367,0.00439986,0.00408582,0.00379943,0.00353362
Gram_error_fro,2.0,1,12,2,0.0,0.02864834,0.01979464,0.01525402,0.01220058,0.0101303,0.00869121,0.00762584,0.00677649,0.00605802,0.00542762,0.0048642,0.00435693,0.00389956,0.00348768,0.0031176
Gram_error_fro,2.0,1,12,2,0.0,0.03642556,0.02983861,0.02596689,0.02321847,0.02090834,0.01884303,0.01697323,0.01528257,0.01375866,0.01238815,0.01115704,0.01005152,0.00905864,0.0081665,0.00736438
Gram_error_fro,4.0,1,12,2,0.0,0.05342542,0.03677187,0.02783215,0.0221389,0.01796742,0.01471185,0.01210049,0.00998252,0.00825861,0.00685567,0.00571668,0.00479578,0.00405543,0.00346436,0.0029961
Gram_error_fro,4.0,2,12,2,0.0,0.03837078,0.02949029,0.02564397,0.02285282,0.02039107,0.01811063,0.01601622,0.01414242,0.01252181,0.01117917,0.01013002,0.0093773,0.00890719,0.00868756,0.00867224
Gram_error_fro,2.0,1,12,2,0.0,0.09384859,0.08695963,0.07470564,0.06319003,0.05320049,0.04479769,0.03780743,0.03200503,0.0271817,0.02316083,0.01979761,0.01697448,0.01459619,0.01258551,0.01087966
Gram_error_fro,4.0,1,12,2,0.0,0.06728833,0.05436444,0.04537075,0.03888202,0.03370289,0.02937652,0.02569039,0.02252088,0.01978207,0.01740751,0.01534319,0.0135442,0.01197287,0.01059745,0.00939108
Gram_error_fro,2.0,1,12,2,0.0,0.02970795,0.02993373,0.02715072,0.02416681,0.02136889,0.0188375,0.01658413,0.01459508,0.01284711,0.01131447,0.00997192,0.00879608,0.00776591,0.00686274,0.0060702
Gram_error_fro,2.0,1,12,2,0.0,0.02177085,0.01613742,0.0105858,0.0067613,0.00514829,0.0052718,0.00593052,0.00649961,0.0068418,0.00696994,0.00692904,0.00676423,0.00651316,0.00620523,0.0058627
Gram_error_fro,4.0,1,12,2,0.0,0.04743606,0.03755128,0.03048596,0.02449898,0.01961657,0.01574915,0.01273661,0.01041314,0.00863193,0.00727035,0.00622856,0.00542661,0.0048016,0.00430521,0.00390131
Gram_error_fro,4.0,1,12,2,0.0,0.05015878,0.03576713,0.03080523,0.02788449,0.02555924,0.02346828,0.02151201,0.01966877,0.01793803,0.01632246,0.01482299,0.01343816,0.01216449,0.0109971,0.00993022
Gram_error_fro,6.0,1,12,2,0.0,0.08272781,0.05270112,0.03993308,0.03281431,0.02809333,0.02462188,0.02188173,0.01960795,0.01765471,0.0159376,0.01440559,0.01302638,0.01177826,0.0106457,0.00961678
Gram_error_fro,4.0,1,12,2,0.0,0.03046652,0.01733376,0.00836474,0.0026281,0.00240792,0.00486456,0.00650252,0.00744566,0.0078921,0.00799651,0.0078714,0.00759679,0.00722902,0.0068075,0.00635961
Gram_error_fro,0.0,1,12,2,0.0,0.0,0.0,0.0,0.0,0.0,0.0,0.0,0.0,0.0,0.0,0.0,0.0,0.0,0.0,0.0
Gram_error_fro,2.0,2,12,2,0.0,0.0296843,0.0192429,0.01663566,0.01546175,0.01479742,0.01438198,0.01411572,0.01394794,0.01384718,0.01379232,0.0137689,0.01376693,0.01377945,0.01380158,0.01382986
Gram_error_fro,2.0,1,12,2,0.0,0.0005283,0.00018504,0.0001985,0.00027663,0.00032202,0.00031532,0.00027001,0.00020534,0.0001367,7.458e-05,3.207e-05,4.31e-05,7.184e-05,9.467e-05,0.00011033
Gram_error_fro,2.0,1,12,2,0.0,0.01624296,0.00783788,0.00645072,0.00674219,0.0069791,0.00690225,0.00658239,0.00612053,0.00559334,0.00505057,0.00452188,0.00402359,0.00356366,0.00314498,0.00276752
Gram_error_fro,2.0,2,12,2,0.0,0.0296843,0.0192429,0.01663566,0.01546175,0.01479742,0.01438198,0.01411572,0.01394794,0.01384718,0.01379232,0.0137689,0.01376693,0.01377945,0.01380158,0.01382986
Gram_error_fro,2.0,1,12,2,0.0,0.00126113,0.00042752,0.00030419,0.00028418,0.00028434,0.0002609,0.00021335,0.00015627,0.00011061,0.00010369,0.00013471,0.00017668,0.00021629,0.00024961,0.00027576
Gram_error_fro,4.0,1,12,2,0.0,0.05873378,0.0242683,0.0166177,0.01395687,0.01217666,0.01064559,0.00927985,0.00807562,0.00703033,0.00613312,0.00536765,0.00471561,0.00415919,0.00368233,0.00327127
Gram_error_fro,2.0,1,12,2,0.0,0.04671366,0.03904625,0.03250406,0.0272587,0.02283065,0.01905671,0.01585753,0.01316623,0.01091601,0.00904209,0.00748508,0.00619281,0.00512067,0.00423122,0.00349327
Gram_error_fro,2.0,1,12,2,0.0,0.01737142,0.00932994,0.00399335,0.00106978,0.00264784,0.00432922,0.0054582,0.00614691,0.00650788,0.00663075,0.006584,0.00641916,0.00617458,0.00587865,0.00555221
Gram_error_fro,2.0,1,12,2,0.0,0.02813057,0.01502506,0.01116135,0.00945359,0.00823877,0.00718777,0.00624677,0.00540926,0.00467205,0.00402894,0.00347137,0.00298987,0.00257498,0.00221792,0.00191076
Gram_error_fro,4.0,1,12,2,0.0,0.0721274,0.04649622,0.03429079,0.02640902,0.02054164,0.0159996,0.01245181,0.00967793,0.00751257,0.00582738,0.00452196,0.0035177,0.00275291,0.00217886,0.00175621
Gram_error_fro,2.0,1,12,2,0.0,0.01309057,0.00812214,0.00443595,0.00206094,0.00053841,0.00041936,0.00095623,0.00123383,0.00134516,0.00135472,0.00130467,0.00122189,0.00112326,0.00101919,0.00091599
Gram_error_fro,4.0,1,12,2,0.0,0.06876516,0.04555539,0.03368094,0.02602154,0.02041146,0.01611965,0.01277954,0.0101569,0.00808586,0.0064435,0.00513672,0.00409409,0.00326036,0.00259254,0.002057
Gram_error_fro,4.0,1,12,2,0.0,0.10203034,0.06511738,0.04915336,0.03930133,0.03204769,0.02635692,0.02178542,0.01807436,0.01504344,0.01255665,0.0105081,0.00881429,0.00740893,0.00623917,0.00526269
Gram_error_fro,4.0,1,12,2,0.0,0.06741045,0.02965043,0.02147981,0.01786453,0.01508973,0.01274176,0.01073706,0.00903219,0.00758989,0.00637485,0.00535412,0.00449803,0.00378057,0.00317943,0.00267568
Gram_error_fro,2.0,1,12,2,0.0,0.05660796,0.03024826,0.02235101,0.01833532,0.01544273,0.01309707,0.011127,0.00945668,0.00803782,0.00683258,0.005809,0.00493966,0.00420109,0.00357334,0.00303952
Gram_error_fro,0.0,1,12,1,0.0,0.0,0.0,0.0,0.0,0.0,0.0,0.0,0.0,0.0,0.0,0.0,0.0,0.0,0.0,0.0
Gram_error_fro,2.0,1,12,1,0.0,0.08651786,0.07576608,0.06808653,0.06097403,0.05423546,0.04802416,0.04242727,0.03745555,0.03307521,0.02923226,0.02586665,0.02291962,0.02033712,0.01807096,0.01607903
Gram_error_fro,2.0,1,12,1,0.0,0.02154195,0.01241614,0.01174802,0.01214655,0.01234822,0.0122139,0.01181413,0.01124257,0.01057529,0.00986614,0.00915074,0.00845151,0.00778185,0.0071492,0.00655707
Gram_error_fro,2.0,1,12,1,0.0,0.01690051,0.01060512,0.00769007,0.00601212,0.00485085,0.00397243,0.00327434,0.00270435,0.00223283,0.00184072,0.00151425,0.00124257,0.00101674,0.00082926,0.00067382
Gram_error_fro,2.0,1,12,1,0.0,0.0,0.0,0.00025974,0.00089968,0.00177952,0.00273287,0.00363731,0.00442348,0.0050625,0.00555094,0.00589921,0.00612409,0.00624424,0.00627782,0.00624139
Gram_error_fro,2.0,1,12,1,0.0,0.06079349,0.06363366,0.05908169,0.05304439,0.047017,0.04146189,0.03650506,0.03214607,0.02833735,0.02501708,0.0221229,0.0195974,0.01738978,0.01545604,0.01375845
Gram_error_fro,4.0,1,12,1,0.0,0.1074263,0.1283832,0.12637155,0.11982503,0.1125304,0.10532977,0.09841522,0.09183056,0.08558725,0.07968933,0.07413731,0.06892806,0.06405472,0.05950704,0.05527208
Gram_error_fro,2.0,1,12,1,0.0,0.06079349,0.06363366,0.05908169,0.05304439,0.047017,0.04146189,0.03650506,0.03214607,0.02833735,0.02501708,0.0221229,0.0195974,0.01738978,0.01545604,0.01375845
Gram_error_fro,4.0,1,12,1,0.0,0.03443878,0.02198181,0.01559113,0.01151003,0.00855592,0.00636588,0.00473381,0.0035105,0.00258682,0.00188426,0.00134663,0.00093349,0.00061535,0.00037044,0.0001824
Gram_error_fro,4.0,1,12,1,0.0,0.13917234,0.11547238,0.10043014,0.08769703,0.07634363,0.06633519,0.05762799,0.05011252,0.04364927,0.03809589,0.03332061,0.02920717,0.02565565,0.02258133,0.01991286
Gram_error_fro,2.0,1,12,1,0.0,0.02154195,0.01241614,0.00840161,0.00591368,0.00416016,0.0029039,0.00200765,0.00137163,0.00092183,0.00060432,0.0003804,0.00022268,0.00011184,3.429e-05,1.953e-05
Gram_error_fro,4.0,1,12,1,0.0,0.01690051,0.01060512,0.00752864,0.00580276,0.00478145,0.00419153,0.00385715,0.00366221,0.00353534,0.00343588,0.00334245,0.00324501,0.00313983,0.0030265,0.00290617
Gram_error_fro,4.0,1,12,1,0.0,0.1074263,0.1283832,0.12575371,0.1186989,0.11098537,0.10342116,0.09618952,0.08933465,0.08286855,0.07679383,0.0711079,0.0658036,0.06086963,0.05629131,0.05205142
Gram_error_fro,4.0,1,12,1,0.0,0.00549178,0.00274572,0.00487402,0.00644708,0.00725862,0.00752654,0.00745365,0.00718289,0.00680615,0.00637995,0.00593815,0.00550057,0.00507847,0.0046779,0.00430175
Gram_error_fro,4.0,1,12,1,0.0,0.12645266,0.14490812,0.14188152,0.13462547,0.12669493,0.11886139,0.11129219,0.10403128,0.09710047,0.09051608,0.08428939,0.07842561,0.07292377,0.06777749,0.06297604
Gram_error_fro,4.0,1,12,1,0.0,0.06079349,0.06363366,0.05960147,0.05417481,0.04863586,0.04339211,0.03858701,0.03425997,0.03040279,0.02698484,0.02396601,0.02130376,0.01895677,0.0168868,0.0150594
Gram_error_fro,0.0,1,12,7,0.0,0.0,0.0,0.0,0.0,0.0,0.0,0.0,0.0,0.0,0.0,0.0,0.0,0.0,0.0,0.0
Gram_error_fro,2.0,1,12,7,0.0,0.06665205,0.06285191,0.05533047,0.04728436,0.03949948,0.03247494,0.02641603,0.02133557,0.01715089,0.01374336,0.01098938,0.00877462,0.00699941,0.0055797,0.00444601
Gram_error_fro,2.0,1,12,7,0.0,0.07001516,0.0617712,0.05063241,0.04167766,0.0341883,0.02777996,0.02235226,0.01784034,0.01415319,0.01117972,0.0088049,0.00692118,0.00543407,0.00426382,0.00334483
Gram_error_fro,2.0,1,12,7,0.0,0.06865617,0.06615114,0.05859205,0.05011659,0.04187672,0.03444084,0.02802219,0.02263281,0.01818747,0.01456353,0.01163236,0.00927422,0.00738413,0.00587319,0.00466766
Gram_error_fro,2.0,1,12,7,0.0,0.06865617,0.06615114,0.05859205,0.05011659,0.04187672,0.03444084,0.02802219,0.02263281,0.01818747,0.01456353,0.01163236,0.00927422,0.00738413,0.00587319,0.00466766
Gram_error_fro,2.0,1,12,7,0.0,0.0970371,0.08844308,0.07003731,0.05454165,0.04258701,0.03339601,0.02627471,0.02071886,0.01636323,0.01293712,0.01023596,0.00810291,0.00641661,0.00508247,0.00402639
Gram_error_fro,4.0,1,12,7,0.0,0.09907139,0.09294496,0.07871642,0.06473774,0.05243799,0.0420511,0.03348878,0.02654494,0.02097662,0.01654512,0.01303589,0.01026568,0.00808292,0.00636477,0.0050129
Gram_error_fro,2.0,1,12,7,0.0,0.08329559,0.0556678,0.03511681,0.02233817,0.01443775,0.00945933,0.00625505,0.00415855,0.00277223,0.00185012,0.00123514,0.00082475,0.00055101,0.00036862,0.00024724
Gram_error_fro,2.0,1,12,7,0.0,0.10568621,0.10045039,0.08389514,0.0683318,0.05508932,0.04409616,0.03510155,0.02782528,0.02199078,0.0173431,0.01365842,0.01074697,0.00845176,0.0066451,0.00522436
Gram_error_fro,4.0,1,12,7,0.0,0.09029505,0.07667421,0.06347587,0.05262412,0.04332449,0.03533837,0.02858933,0.02298498,0.01839662,0.01467859,0.01168731,0.00929238,0.00738113,0.00585914,0.00464887
Gram_error_fro,4.0,1,12,7,0.0,0.11372259,0.10109327,0.08230375,0.06655793,0.05363615,0.04301167,0.03432349,0.02727771,0.02160909,0.01707807,0.01347442,0.01061891,0.00836223,0.00658213,0.00517976
Gram_error_fro,4.0,1,12,7,0.0,0.12589552,0.11180659,0.09119375,0.07387744,0.05980251,0.04832001,0.03894285,0.03130523,0.02510932,0.02010302,0.0160719,0.01283504,0.0102416,0.00816714,0.00650988
Gram_error_fro,4.0,1,12,7,0.0,0.09907139,0.09294496,0.07871642,0.06473774,0.05243799,0.0420511,0.03348878,0.02654494,0.02097662,0.01654512,0.01303589,0.01026568,0.00808292,0.00636477,0.0050129
Gram_error_fro,4.0,1,12,7,0.0,0.08751921,0.06254546,0.04133498,0.02742954,0.01845729,0.01257289,0.00863648,0.00596079,0.0041228,0.0028529,0.00197339,0.00136407,0.00094229,0.00065073,0.00044949
Gram_error_fro,4.0,1,12,7,0.0,0.13314368,0.11692043,0.09404956,0.07517775,0.06017293,0.04817007,0.03852082,0.03075967,0.02452853,0.01953805,0.01555035,0.0123698,0.00983649,0.0078206,0.00621745
Gram_error_fro,4.0,1,12,7,0.0,0.11772318,0.09749317,0.07505265,0.0580583,0.04526169,0.0354298,0.02778638,0.02181517,0.01714162,0.01348037,0.01060996,0.00835764,0.00658863,0.00519785,0.00410337
Gram_error_fro,0.0,1,12,1,0.0,0.0,0.0,0.0,0.0,0.0,0.0,0.0,0.0,0.0,0.0,0.0,0.0,0.0,0.0,0.0
Gram_error_fro,0.0,1,12,1,0.0,0.0,0.0,0.0,0.0,0.0,0.0,0.0,0.0,0.0,0.0,0.0,0.0,0.0,0.0,0.0
Gram_error_fro,2.0,1,12,1,0.0,0.04848372,0.02850105,0.02094641,0.01672328,0.01374662,0.01144274,0.00958489,0.0080575,0.00678976,0.00573213,0.00484696,0.00410441,0.00348024,0.00295463,0.00251125
Gram_error_fro,0.0,1,12,1,0.0,0.0,0.0,0.0,0.0,0.0,0.0,0.0,0.0,0.0,0.0,0.0,0.0,0.0,0.0,0.0
Gram_error_fro,2.0,1,12,1,0.0,0.0,0.0,0.00038804,0.00054976,0.00057197,0.00053149,0.0004687,0.00040176,0.00033821,0.00028086,0.00023047,0.00018693,0.00014975,0.00011828,9.187e-05
Gram_error_fro,0.0,1,12,1,0.0,0.0,0.0,0.0,0.0,0.0,0.0,0.0,0.0,0.0,0.0,0.0,0.0,0.0,0.0,0.0
Gram_error_fro,2.0,1,12,1,0.0,0.03590577,0.02404766,0.01778925,0.0138339,0.01100075,0.0088615,0.00719956,0.00588488,0.00483206,0.00398153,0.0032899,0.00272457,0.00226055,0.00187835,0.00156263
Gram_error_fro,4.0,1,12,1,0.0,0.03590577,0.02404766,0.01941357,0.01629141,0.01373993,0.01158795,0.00977118,0.00824126,0.00695525,0.00587523,0.00496829,0.00420633,0.00356558,0.0030261,0.00257126
Gram_error_fro,2.0,1,12,1,0.0,0.0,0.0,0.00038804,0.00054976,0.00057197,0.00053149,0.0004687,0.00040176,0.00033821,0.00028086,0.00023047,0.00018693,0.00014975,0.00011828,9.187e-05
Gram_error_fro,0.0,1,12,1,0.0,0.0,0.0,0.0,0.0,0.0,0.0,0.0,0.0,0.0,0.0,0.0,0.0,0.0,0.0,0.0
Gram_error_fro,4.0,1,12,1,0.0,0.00447002,0.00103917,0.00015833,0.00056622,0.00065857,0.0006339,0.00057212,0.00050268,0.000436,0.00037556,0.00032225,0.00027594,0.00023609,0.00020198,0.00017289
Gram_error_fro,2.0,1,12,1,0.0,0.00551555,0.00174792,0.00146751,0.00156838,0.00167231,0.00173693,0.00176572,0.00176576,0.00174301,0.00170245,0.00164833,0.00158427,0.00151327,0.00143779,0.00135983
Gram_error_fro,2.0,1,12,1,0.0,0.00165234,0.00037813,0.00030731,0.00033426,0.0003349,0.00030727,0.00026495,0.00021855,0.00017407,0.00013426,0.00010005,7.141e-05,4.789e-05,2.889e-05,1.376e-05
Gram_error_fro,2.0,1,12,1,0.0,0.0,0.0,0.00025133,0.00034156,0.00033824,0.00030522,0.00027063,0.00024214,0.00021991,0.00020229,0.00018768,0.00017493,0.00016334,0.00015247,0.00014212
Gram_error_fro,4.0,1,12,1,0.0,0.01760771,0.0175469,0.01247882,0.00940993,0.00733124,0.00580373,0.00463016,0.00370767,0.00297409,0.00238713,0.00191578,0.00153637,0.00123046,0.00098352,0.00078405
Gram_error_fro,2.0,1,12,1,0.0,0.03590577,0.02404766,0.01986863,0.01704694,0.01465895,0.01258086,0.01078173,0.00923398,0.00790799,0.00677471,0.00580729,0.00498179,0.00427725,0.00367561,0.00316141
Gram_error_fro,0.0,1,12,3,0.0,0.0,0.0,0.0,0.0,0.0,0.0,0.0,0.0,0.0,0.0,0.0,0.0,0.0,0.0,0.0
Gram_error_fro,2.0,1,12,3,0.0,0.04156595,0.03085355,0.02319933,0.01768332,0.01352253,0.0103817,0.0080145,0.00622609,0.00486814,0.00383045,0.00303201,0.0024133,0.00193057,0.00155143,0.00125182
Gram_error_fro,2.0,1,12,3,0.0,0.06397114,0.03800751,0.02153843,0.01270851,0.00814704,0.00570829,0.00427835,0.00334406,0.00267846,0.00217675,0.00178544,0.00147381,0.00122231,0.00101746,0.00084947
Gram_error_fro,2.0,1,12,3,0.0,0.0678965,0.06175378,0.05197772,0.04302002,0.03566822,0.02977658,0.02503735,0.02118407,0.01801636,0.01538688,0.0131863,0.01133206,0.00976073,0.00842277,0.00727898
Gram_error_fro,2.0,1,12,3,0.0,0.02396271,0.02012324,0.01560111,0.012363,0.01060973,0.00991133,0.00971771,0.00966011,0.00956821,0.00938685,0.00911241,0.00876041,0.00835124,0.00790435,0.00743633
Gram_error_fro,2.0,1,12,3,0.0,0.04810692,0.0353795,0.02747608,0.02169661,0.01705599,0.01335852,0.01045227,0.00818376,0.00641791,0.00504439,0.00397589,0.00314425,0.00249651,0.00199156,0.00159748
Gram_error_fro,2.0,1,12,3,0.0,0.07867478,0.06621306,0.05383682,0.04327437,0.03494413,0.02846225,0.0233725,0.01932222,0.01605974,0.01340548,0.0112286,0.0094316,0.00794032,0.00669736,0.00565766
Gram_error_fro,4.0,1,12,3,0.0,0.05444869,0.03735666,0.02771333,0.02135264,0.01675985,0.01341918,0.01098238,0.00918064,0.00781671,0.00675295,0.00589675,0.00518725,0.00458489,0.00406397,0.00360751
Gram_error_fro,4.0,1,12,3,0.0,0.06369699,0.05934497,0.0502182,0.04146558,0.03410713,0.02812336,0.02328358,0.01935819,0.01615858,0.01353647,0.01137628,0.00958775,0.0081001,0.00685754,0.00581582
Gram_error_fro,4.0,1,12,3,0.0,0.09042723,0.04055255,0.02456657,0.02045122,0.01867089,0.0173003,0.016002,0.014722,0.01346651,0.01225329,0.01109855,0.01001365,0.00900508,0.00807543,0.00722434
Gram_error_fro,4.0,2,12,3,0.0,0.03586564,0.02661079,0.01827709,0.01242026,0.00934303,0.00886152,0.00984717,0.01123779,0.0125804,0.01374688,0.0147218,0.01552379,0.01617921,0.01671362,0.01714922
Gram_error_fro,2.0,1,12,3,0.0,0.09020046,0.05540688,0.03462573,0.02308183,0.01634874,0.01211627,0.00924996,0.00719739,0.00567317,0.00451471,0.00362025,0.00292152,0.00237055,0.00193266,0.00158223
Gram_error_fro,4.0,1,12,3,0.0,0.05646498,0.03818668,0.02852308,0.02153775,0.0165575,0.01307906,0.0106068,0.00877699,0.0073597,0.00621875,0.00527467,0.00447987,0.00380425,0.00322729,0.00273386
Gram_error_fro,4.0,1,12,3,0.0,0.04644288,0.04082518,0.03726462,0.03403725,0.03101716,0.02824551,0.02572473,0.02343301,0.02134423,0.01943533,0.01768762,0.01608606,0.01461827,0.01327368,0.01204293
Gram_error_fro,4.0,1,12,3,0.0,0.05935178,0.02452607,0.01383871,0.01150299,0.01014724,0.00884153,0.00761302,0.00650733,0.00553663,0.00469591,0.00397353,0.00335603,0.0028301,0.0023834,0.00200484
Gram_error_fro,4.0,1,12,3,0.0,0.06940418,0.06047323,0.04842912,0.03829458,0.03061547,0.02494413,0.02073497,0.01755371,0.01509044,0.01313227,0.01153516,0.01020204,0.00906732,0.00808621,0.00722763
Gram_error_fro,0.0,1,12,2,0.0,0.0,0.0,0.0,0.0,0.0,0.0,0.0,0.0,0.0,0.0,0.0,0.0,0.0,0.0,0.0
Gram_error_fro,2.0,1,12,2,0.0,0.05694741,0.04843364,0.04227832,0.03725434,0.03282263,0.02887354,0.02537088,0.02228087,0.01956482,0.01718222,0.01509389,0.01326373,0.0116594,0.01025237,0.0090177
Gram_error_fro,2.0,1,12,2,0.0,0.07506634,0.07540845,0.06811491,0.0601219,0.05279176,0.04638784,0.0408643,0.03610375,0.03198825,0.0284162,0.02530343,0.02258071,0.02019088,0.01808647,0.01622785
Gram_error_fro,2.0,2,12,2,0.0,0.01404837,0.00856195,0.00516507,0.00324555,0.00254745,0.00268914,0.00316941,0.00376378,0.00441193,0.00508986,0.00577843,0.0064609,0.00712398,0.0077582,0.00835743
Gram_error_fro,2.0,1,12,2,0.0,0.02704942,0.01904215,0.01500507,0.01222318,0.01019628,0.00868375,0.00752838,0.0066215,0.00588841,0.00527862,0.00475859,0.00430615,0.00390659,0.00354993,0.00322921
Gram_error_fro,2.0,1,12,2,0.0,0.00155426,0.00062083,0.00034969,0.00015235,0.00025511,0.00045505,0.00062376,0.00075108,0.00084017,0.00089684,0.00092711,0.0009364,0.00092937,0.00090989,0.00088113
Gram_error_fro,2.0,2,12,2,0.0,0.07734895,0.06005431,0.04728417,0.03778681,0.03024153,0.02408779,0.01902317,0.01485891,0.01147623,0.0088173,0.00688933,0.00574821,0.00539652,0.00565861,0.00626099
Gram_error_fro,4.0,1,12,2,0.0,0.08929658,0.0468844,0.03378399,0.02812705,0.02422188,0.0209912,0.01820275,0.01578372,0.01369077,0.01188535,0.01033066,0.00899246,0.00783995,0.00684611,0.00598763
Gram_error_fro,2.0,1,12,2,0.0,0.04244913,0.03628092,0.03053558,0.02577128,0.02175226,0.01836847,0.01553527,0.01317124,0.01120008,0.00955425,0.00817633,0.00701875,0.00604259,0.00521622,0.00451399
Gram_error_fro,2.0,1,12,2,0.0,0.04454264,0.03617678,0.03136078,0.027529,0.02410198,0.02102546,0.01830351,0.01592317,0.01385575,0.0120661,0.01051868,0.0091805,0.00802222,0.00701833,0.00614693
Gram_error_fro,4.0,1,12,2,0.0,0.07514022,0.06323495,0.05512788,0.0481225,0.04208732,0.03697589,0.03266962,0.02902994,0.02593034,0.02326646,0.02095589,0.01893459,0.01715291,0.01557215,0.01416179
Gram_error_fro,2.0,1,12,2,0.0,0.03280096,0.02602232,0.02105146,0.01677302,0.01329381,0.0105618,0.0084423,0.00679757,0.00551375,0.00450361,0.00370211,0.00306097,0.00254421,0.00212479,0.00178221
Gram_error_fro,4.0,1,12,2,0.0,0.07308115,0.04973142,0.03764379,0.02948877,0.02345242,0.01889529,0.01542856,0.01276613,0.01069473,0.00905846,0.00774508,0.00667435,0.00578884,0.00504716,0.00441916
Gram_error_fro,2.0,1,12,2,0.0,0.02382093,0.01657976,0.01441774,0.01308588,0.01197418,0.01095813,0.01001401,0.0091371,0.00832493,0.00757473,0.00688337,0.00624756,0.00566393,0.00512917,0.00463999
Gram_error_fro,4.0,1,12,2,0.0,0.08144163,0.07715055,0.06816862,0.05923907,0.05121148,0.04424626,0.03827971,0.0331861,0.02883657,0.02511623,0.02192702,0.01918637,0.0168251,0.01478528,0.01301843
Gram_error_fro,4.0,2,12,2,0.0,0.04551285,0.03269549,0.02557535,0.0206527,0.01692964,0.01399257,0.01165035,0.00981762,0.00846166,0.00756773,0.007107,0.00701499,0.0071976,0.00755752,0.00801563
Gram_error_fro,0.0,1,12,3,0.0,0.0,0.0,0.0,0.0,0.0,0.0,0.0,0.0,0.0,0.0,0.0,0.0,0.0,0.0,0.0
Gram_error_fro,2.0,1,12,3,0.0,0.04744672,0.0243505,0.01636945,0.01214256,0.00931313,0.00727847,0.00577491,0.00464471,0.0037818,0.00311237,0.00258461,0.00216213,0.00181924,0.00153761,0.00130403
Gram_error_fro,2.0,1,12,3,0.0,0.07335373,0.04081871,0.0224228,0.01316599,0.00852212,0.00638957,0.00557292,0.00529948,0.00517362,0.00504626,0.00487734,0.00466558,0.00442105,0.00415547,0.00387922
Gram_error_fro,0.0,1,12,3,0.0,0.0,0.0,0.0,0.0,0.0,0.0,0.0,0.0,0.0,0.0,0.0,0.0,0.0,0.0,0.0
Gram_error_fro,2.0,1,12,3,0.0,0.06816569,0.05893311,0.04655714,0.03691371,0.02964162,0.02409209,0.01979717,0.0164288,0.01375196,0.01159655,0.00983908,0.00838952,0.00718183,0.00616699,0.00530813
Gram_error_fro,2.0,1,12,3,0.0,0.09135906,0.04984357,0.02920582,0.01927322,0.01381332,0.01044766,0.00820259,0.00661892,0.00545199,0.00456056,0.00385884,0.00329276,0.00282709,0.00243809,0.00210927
Gram_error_fro,4.0,1,12,3,0.0,0.07795161,0.06890349,0.05481333,0.04241087,0.03252153,0.02489902,0.0190925,0.01467908,0.01131783,0.0087486,0.00677687,0.00525794,0.00408398,0.00317422,0.00246775
Gram_error_fro,4.0,1,12,3,0.0,0.04646258,0.02865656,0.02130578,0.01744363,0.01486253,0.01292694,0.01138593,0.01011044,0.00902553,0.00808532,0.00726035,0.00653049,0.00588109,0.00530086,0.00478075
Gram_error_fro,4.0,1,12,3,0.0,0.06138228,0.04244725,0.03606897,0.03230032,0.02870013,0.02528249,0.02219133,0.01946297,0.01707679,0.01499483,0.01317783,0.01159014,0.01020073,0.00898301,0.00791422
Gram_error_fro,4.0,1,12,3,0.0,0.03430441,0.02448319,0.01785345,0.01426664,0.0120341,0.01032423,0.00889205,0.00767052,0.00662837,0.00573946,0.00497983,0.00432854,0.0037681,0.00328419,0.00286514
Gram_error_fro,4.0,1,12,3,0.0,0.09495554,0.06742224,0.04892668,0.03760221,0.02989144,0.02423863,0.01992629,0.01655741,0.01388074,0.01172499,0.00996851,0.00852272,0.00732188,0.00631643,0.00546858
Gram_error_fro,4.0,1,12,3,0.0,0.08916099,0.06479018,0.0476374,0.03711213,0.02999306,0.02479252,0.02081463,0.01768106,0.01515944,0.0130958,0.01138322,0.00994507,0.00872509,0.00768122,0.00678142
Gram_error_fro,4.0,1,12,3,0.0,0.08137419,0.08300175,0.07646595,0.06851668,0.06078823,0.0537363,0.04746353,0.04194736,0.03711996,0.03290082,0.02921071,0.0259775,0.02313798,0.02063787,0.01843103
Gram_error_fro,2.0,1,12,3,0.0,0.09054207,0.05414529,0.03497249,0.0248739,0.01886065,0.01486826,0.01199475,0.00981127,0.00809349,0.00671208,0.00558563,0.00465887,0.00389204,0.00325515,0.00272488
Gram_error_fro,2.0,1,12,3,0.0,0.0947132,0.05216732,0.02997514,0.01899827,0.01305074,0.00960422,0.00750562,0.00615426,0.00521897,0.00451863,0.00395701,0.00348405,0.00307363,0.00271166,0.00238999
Gram_error_fro,4.0,1,12,3,0.0,0.09153747,0.08933391,0.08141346,0.07225382,0.06327827,0.05505945,0.04777844,0.04143945,0.03597125,0.03127523,0.02724832,0.02379363,0.02082478,0.0182671,0.01605722
Gram_error_fro,0.0,1,12,4,0.0,0.0,0.0,0.0,0.0,0.0,0.0,0.0,0.0,0.0,0.0,0.0,0.0,0.0,0.0,0.0
Gram_error_fro,0.0,1,12,4,0.0,0.0,0.0,0.0,0.0,0.0,0.0,0.0,0.0,0.0,0.0,0.0,0.0,0.0,0.0,0.0
Gram_error_fro,2.0,1,12,4,0.0,0.06161175,0.05191059,0.03995727,0.03015035,0.0225065,0.01668828,0.01234227,0.00915188,0.00685506,0.00524323,0.0041493,0.0034337,0.00297674,0.00268067,0.00247448
Gram_error_fro,2.0,1,12,4,0.0,0.02374288,0.02076267,0.01811594,0.01606975,0.01437239,0.01286228,0.01148032,0.01021178,0.00905409,0.00800528,0.00706127,0.00621605,0.00546241,0.00479265,0.00419902
Gram_error_fro,2.0,1,12,4,0.0,0.06207665,0.0443256,0.03221844,0.02531927,0.02088923,0.01763746,0.01505285,0.01292003,0.01112918,0.00961147,0.00831736,0.00720873,0.00625533,0.00543277,0.0047212
Gram_error_fro,2.0,1,12,4,0.0,0.04007615,0.02832013,0.02011358,0.01515613,0.01181795,0.00937966,0.00753127,0.00610516,0.00499133,0.00411147,0.00340863,0.00284122,0.00237874,0.0019987,0.00168427
Gram_error_fro,4.0,2,12,4,0.0,0.08256873,0.05335607,0.03821161,0.03141976,0.02845512,0.0270419,0.02625427,0.02574584,0.02538347,0.02511021,0.02489758,0.02472895,0.0245934,0.02448328,0.02439298
Gram_error_fro,4.0,1,12,4,0.0,0.05149242,0.02874554,0.01941497,0.01348262,0.00934281,0.00643442,0.0044032,0.00299228,0.0020178,0.00135233,0.00091008,0.00063413,0.00048292,0.00041589,0.00039211
Gram_error_fro,4.0,1,12,4,0.0,0.09137072,0.05967949,0.04002815,0.03117877,0.02689965,0.02413878,0.02190375,0.01991981,0.01811414,0.0164651,0.01496201,0.01359534,0.01235506,0.0112308,0.0102123
Gram_error_fro,2.0,1,12,4,0.0,0.10761384,0.07472937,0.05410662,0.04140313,0.03263379,0.02613147,0.02112755,0.0171963,0.01406715,0.01155361,0.0095209,0.00786849,0.00651973,0.00541517,0.00450805
Gram_error_fro,4.0,1,12,4,0.0,0.08012276,0.06450882,0.05299958,0.0436465,0.0358363,0.02944362,0.0242994,0.02019187,0.01691308,0.0142829,0.01215536,0.01041657,0.00897963,0.00777899,0.00676546
Gram_error_fro,4.0,1,12,4,0.0,0.06940409,0.06417224,0.05590702,0.04758664,0.04003738,0.03353493,0.02807223,0.02353235,0.01977326,0.01666126,0.01408105,0.0119367,0.01014958,0.0086556,0.00740261
Gram_error_fro,4.0,2,12,4,0.0,0.08250997,0.05629415,0.04010526,0.03184284,0.02802174,0.02637532,0.02571244,0.02546884,0.02538968,0.02536347,0.02534381,0.02531361,0.02526864,0.02521002,0.02514078
Gram_error_fro,2.0,2,12,4,0.0,0.062138,0.04935689,0.03850927,0.03192604,0.02820566,0.02611987,0.02494084,0.02427315,0.0239006,0.02370117,0.0236039,0.02356666,0.02356405,0.02358069,0.0236072
Gram_error_fro,4.0,1,12,4,0.0,0.06881636,0.0465602,0.03259916,0.02432234,0.01870362,0.01459021,0.01149659,0.00914412,0.00734043,0.00594558,0.00485718,0.0040004,0.00332036,0.00277653,0.00233862
Gram_error_fro,4.0,1,12,4,0.0,0.07172666,0.05972956,0.04907484,0.04022985,0.03280329,0.02669095,0.02174235,0.01776693,0.01457899,0.01201856,0.00995545,0.00828628,0.00692981,0.00582233,0.00491384
Gram_error_fro,0.0,1,12,2,0.0,0.0,0.0,0.0,0.0,0.0,0.0,0.0,0.0,0.0,0.0,0.0,0.0,0.0,0.0,0.0
Gram_error_fro,2.0,1,12,2,0.0,0.03662844,0.02540264,0.02259369,0.02129745,0.02032379,0.01942242,0.01854791,0.01769526,0.01686484,0.01605689,0.01527141,0.01450847,0.0137683,0.01305135,0.01235812
Gram_error_fro,2.0,1,12,2,0.0,0.02689145,0.02094589,0.01933885,0.01823265,0.0171568,0.01607428,0.01500551,0.01396832,0.01297333,0.01202641,0.01113048,0.01028665,0.00949481,0.00875399,0.00806268
Gram_error_fro,2.0,1,12,2,0.0,0.0119124,0.00521737,0.00374447,0.00351422,0.00358445,0.00373662,0.00390742,0.00407143,0.00421518,0.00433105,0.00441527,0.00446678,0.00448637,0.00447606,0.00443863
Gram_error_fro,2.0,1,12,2,0.0,0.01918067,0.0133509,0.01065317,0.00889817,0.00762222,0.00661267,0.00577048,0.00504889,0.00442297,0.00387688,0.00339901,0.00298012,0.00261252,0.00228971,0.00200611
Gram_error_fro,2.0,1,12,2,0.0,0.03562817,0.02302072,0.01672002,0.01284279,0.01008179,0.00798855,0.00635925,0.00507637,0.00406092,0.00325528,0.00261582,0.00210876,0.00170765,0.00139157,0.00114375
Gram_error_fro,2.0,1,12,2,0.0,0.05127068,0.01754773,0.00953195,0.00699332,0.00548883,0.0043721,0.00350521,0.00282457,0.0022867,0.00185918,0.00151743,0.00124277,0.00102095,0.000841,0.00069447
Gram_error_fro,2.0,1,12,2,0.0,0.02890803,0.0211012,0.01595838,0.01259869,0.01022156,0.00844172,0.00705653,0.00594994,0.00504978,0.00430786,0.0036901,0.00317154,0.0027333,0.00236086,0.00204287
Gram_error_fro,4.0,1,12,2,0.0,0.05238422,0.04668926,0.03949489,0.0327925,0.02698429,0.02213036,0.01814433,0.01489519,0.01225223,0.01010096,0.00834632,0.00691137,0.00573443,0.00476632,0.00396778
Gram_error_fro,2.0,1,12,2,0.0,0.06099246,0.04594966,0.0345381,0.02608465,0.01963849,0.01473723,0.01103391,0.00824437,0.00614424,0.0045624,0.0033707,0.00247397,0.00180167,0.00130163,0.00093546
Gram_error_fro,4.0,1,12,2,0.0,0.06341884,0.04217002,0.03080634,0.02319132,0.01765071,0.01352769,0.01042635,0.0080739,0.00627652,0.00489467,0.0038267,0.00299775,0.00235211,0.00184793,0.00145349
Gram_error_fro,2.0,1,12,2,0.0,0.02268325,0.01825277,0.01598853,0.01408171,0.0123825,0.01088757,0.00958262,0.00844462,0.00745041,0.00657969,0.00581538,0.0051432,0.0045511,0.00402888,0.00356778
Gram_error_fro,2.0,1,12,2,0.0,0.06131811,0.04677946,0.03528059,0.02673589,0.02023272,0.01528658,0.01153804,0.00870038,0.00655059,0.00491931,0.00367952,0.00273632,0.00201874,0.00147356,0.00106078
Gram_error_fro,2.0,1,12,2,0.0,0.01956932,0.01406067,0.01102955,0.0089799,0.00750829,0.00637878,0.00546802,0.00471191,0.00407386,0.00353026,0.00306428,0.00266308,0.00231655,0.00201646,0.00175608
Gram_error_fro,4.0,1,12,2,0.0,0.05713006,0.03259563,0.02494249,0.02085168,0.01788572,0.01548387,0.01345444,0.01170761,0.01019111,0.00886947,0.00771585,0.00670851,0.0058291,0.0050618,0.00439278
Gram_error_fro,2.0,1,12,2,0.0,0.06099246,0.04594966,0.0345381,0.02608465,0.01963849,0.01473723,0.01103391,0.00824437,0.00614424,0.0045624,0.0033707,0.00247397,0.00180167,0.00130163,0.00093546
Gram_error_fro,0.0,1,12,2,0.0,0.0,0.0,0.0,0.0,0.0,0.0,0.0,0.0,0.0,0.0,0.0,0.0,0.0,0.0,0.0
Gram_error_fro,2.0,1,12,2,0.0,0.02284395,0.01303746,0.00914195,0.00679139,0.0051964,0.00405743,0.00321785,0.00258569,0.00210198,0.00172663,0.00143142,0.00119611,0.00100609,0.00085076,0.00072236
Gram_error_fro,2.0,1,12,2,0.0,0.00237725,0.00055651,0.00063898,0.00122817,0.00156591,0.00171938,0.00174851,0.00169832,0.00160068,0.00147732,0.00134267,0.00120608,0.00107343,0.00094825,0.00083251
Gram_error_fro,0.0,1,12,2,0.0,0.0,0.0,0.0,0.0,0.0,0.0,0.0,0.0,0.0,0.0,0.0,0.0,0.0,0.0,0.0
Gram_error_fro,2.0,1,12,2,0.0,0.02725633,0.01111002,0.0067255,0.005217,0.0044461,0.00388107,0.0033937,0.00295419,0.00255646,0.00219942,0.00188219,0.00160307,0.00135962,0.00114891,0.0009677
Gram_error_fro,2.0,1,12,2,0.0,0.03020476,0.02319389,0.01908248,0.01601369,0.01351819,0.01145362,0.00973775,0.00830633,0.00710689,0.00609698,0.00524261,0.00451663,0.00389732,0.00336721,0.00291215
Gram_error_fro,4.0,1,12,2,0.0,0.05125373,0.03105472,0.023957,0.01980005,0.01676636,0.01438322,0.01244785,0.0108451,0.00949939,0.00835715,0.00737879,0.00653429,0.00580049,0.00515926,0.00459622
Gram_error_fro,4.0,1,12,2,0.0,0.03670182,0.02507902,0.01874036,0.01468189,0.01174749,0.00950209,0.00773566,0.00632489,0.00518775,0.00426544,0.00351395,0.00289948,0.00239561,0.00198147,0.00164045
Gram_error_fro,2.0,1,12,2,0.0,0.05612942,0.02435357,0.01577006,0.01190364,0.00948733,0.00773868,0.00639058,0.00531905,0.0044526,0.00374415,0.00316023,0.00267594,0.0022722,0.00193415,0.00165001
Gram_error_fro,2.0,1,12,2,0.0,0.00927551,0.00318036,0.00181778,0.00133621,0.00106465,0.00087268,0.00072692,0.00061347,0.00052353,0.00045093,0.00039134,0.00034179,0.00030022,0.00026514,0.00023542
Gram_error_fro,2.0,1,12,2,0.0,0.06801275,0.03572505,0.02582168,0.02105176,0.01788335,0.01543548,0.01342158,0.01171863,0.01025908,0.00899851,0.00790435,0.00695121,0.00611859,0.00538962,0.00475021
Gram_error_fro,2.0,1,12,2,0.0,0.05639353,0.03447343,0.02489238,0.01922813,0.01526963,0.01230018,0.00999645,0.00817505,0.00671741,0.00554088,0.00458508,0.00380456,0.00316447,0.00263764,0.00220269
Gram_error_fro,4.0,1,12,2,0.0,0.01615052,0.00739646,0.00439442,0.00319114,0.00258273,0.00221736,0.00195931,0.00174948,0.00156343,0.00139222,0.00123327,0.00108628,0.00095151,0.00082914,0.00071907
Gram_error_fro,4.0,1,12,2,0.0,0.0660946,0.03226664,0.02228161,0.01744009,0.01420543,0.01174244,0.00977235,0.00816528,0.00684243,0.00574794,0.00483917,0.00408245,0.00345078,0.00292231,0.00247925
Gram_error_fro,4.0,1,12,2,0.0,0.05622803,0.03520094,0.02576073,0.02027815,0.01640332,0.01344032,0.01110342,0.00923216,0.00771868,0.00648461,0.00547109,0.00463327,0.0039366,0.00335421,0.00286507
Gram_error_fro,2.0,1,12,2,0.0,0.06508227,0.04022077,0.02840848,0.02150392,0.01670996,0.01314584,0.01042782,0.0083301,0.00669798,0.00541915,0.00441042,0.00360955,0.00296973,0.00245548,0.00203978
Gram_error_fro,0.0,1,12,2,0.0,0.0,0.0,0.0,0.0,0.0,0.0,0.0,0.0,0.0,0.0,0.0,0.0,0.0,0.0,0.0
Gram_error_fro,2.0,1,12,2,0.0,0.02551208,0.01381114,0.01019743,0.00837197,0.00705205,0.00596531,0.00504433,0.00426248,0.00360056,0.00304138,0.00256944,0.00217121,0.00183507,0.00155119,0.00131131
Gram_error_fro,2.0,1,12,2,0.0,0.05054756,0.02389961,0.01614369,0.01248019,0.01008556,0.00831387,0.00693574,0.0058348,0.00493963,0.0042022,0.00358855,0.00307383,0.00263936,0.00227075,0.00195676
Gram_error_fro,2.0,1,12,2,0.0,0.01845928,0.01367504,0.01100669,0.00900346,0.00745826,0.00624225,0.00526526,0.00446659,0.00380513,0.00325206,0.00278641,0.0023923,0.00205741,0.00177191,0.0015279
Gram_error_fro,2.0,1,12,2,0.0,0.03665495,0.02649747,0.02155723,0.01812269,0.01540387,0.01317071,0.01130355,0.00972446,0.00837892,0.00722674,0.00623689,0.00538463,0.00464972,0.00401535,0.00346739
Gram_error_fro,0.0,1,12,2,0.0,0.0,0.0,0.0,0.0,0.0,0.0,0.0,0.0,0.0,0.0,0.0,0.0,0.0,0.0,0.0
Gram_error_fro,4.0,1,12,2,0.0,0.01804199,0.01285708,0.01096135,0.00982427,0.00893077,0.00812067,0.00734392,0.00659446,0.00588048,0.00521167,0.00459483,0.00403323,0.00352724,0.00307513,0.00267387
Gram_error_fro,4.0,1,12,2,0.0,0.07937818,0.05935604,0.04441993,0.03409532,0.02654196,0.0208857,0.01660349,0.01333137,0.01080646,0.00883811,0.00728784,0.00605463,0.00506428,0.00426184,0.00360621
Gram_error_fro,4.0,1,12,2,0.0,0.03012757,0.01445477,0.00915945,0.00759054,0.00726641,0.00711571,0.00685993,0.00648204,0.00602133,0.00551853,0.00500468,0.00450096,0.00402087,0.00357233,0.00315941
Gram_error_fro,4.0,1,12,2,0.0,0.06406287,0.03249979,0.02351394,0.01920565,0.01624533,0.01390707,0.01196436,0.01031655,0.00890538,0.007691,0.00664327,0.00573808,0.0049555,0.00427871,0.0036934
Gram_error_fro,2.0,1,12,2,0.0,0.03216539,0.03077849,0.02899947,0.02738361,0.0257519,0.02407641,0.02239408,0.02074593,0.01916091,0.01765614,0.01624028,0.01491653,0.01368463,0.01254219,0.01148556
Gram_error_fro,2.0,1,12,2,0.0,0.03435033,0.0231981,0.01869336,0.01592195,0.01370313,0.01181041,0.01018286,0.00878427,0.00758288,0.00655023,0.00566152,0.00489566,0.00423482,0.00366399,0.00317049
Gram_error_fro,2.0,1,12,2,0.0,0.00121544,0.00038886,0.00012278,0.0002223,0.00032189,0.0004217,0.00049936,0.00054876,0.00057358,0.00057955,0.00057177,0.00055428,0.00053014,0.00050167,0.0004706
Gram_error_fro,2.0,1,12,2,0.0,0.03435033,0.02751953,0.02318933,0.01983001,0.01700713,0.01459366,0.01252123,0.01073982,0.00920875,0.00789351,0.00676428,0.00579525,0.00496404,0.00425134,0.00364046
Gram_error_fro,4.0,1,12,2,0.0,0.03787538,0.02333977,0.01709078,0.01345029,0.01088184,0.00891825,0.00736024,0.00610011,0.00506991,0.00422215,0.00352146,0.0029405,0.00245765,0.00205559,0.0017203
Gram_error_fro,4.0,1,12,2,0.0,0.01780162,0.01346859,0.01087622,0.00889163,0.0073358,0.00609289,0.00508359,0.00425501,0.00357059,0.00300356,0.00253334,0.00214348,0.00182053,0.00155332,0.00133248
Gram_error_fro,0.0,1,12,3,0.0,0.0,0.0,0.0,0.0,0.0,0.0,0.0,0.0,0.0,0.0,0.0,0.0,0.0,0.0,0.0
Gram_error_fro,2.0,1,12,3,0.0,0.04108107,0.02396922,0.01784487,0.01450454,0.01192583,0.00979109,0.00802852,0.00658685,0.00541459,0.0044635,0.00369148,0.00306343,0.00255086,0.00213094,0.00178553
Gram_error_fro,2.0,1,12,3,0.0,0.03463564,0.01754073,0.01065672,0.00744067,0.00564794,0.00451997,0.00374105,0.00316119,0.00270429,0.00232991,0.00201535,0.00174695,0.00151584,0.00131582,0.00114223
Gram_error_fro,2.0,1,12,3,0.0,0.01921951,0.01113427,0.00532978,0.0036212,0.00433861,0.00502767,0.00530605,0.00527785,0.00506285,0.00474551,0.00437969,0.00399846,0.00362161,0.00326066,0.00292192
Gram_error_fro,2.0,1,12,3,0.0,0.04403632,0.03439437,0.02459828,0.01753848,0.01270078,0.00937314,0.00704296,0.00537627,0.00415926,0.00325404,0.00257008,0.0020465,0.00164131,0.00132483,0.00107567
Gram_error_fro,2.0,1,12,3,0.0,0.04854904,0.03932811,0.0306717,0.02376844,0.01845412,0.0144111,0.01133452,0.00897961,0.00716302,0.00575055,0.00464406,0.00377125,0.00307832,0.00252485,0.0020802
Gram_error_fro,4.0,1,12,3,0.0,0.0656283,0.03283083,0.01859061,0.01189538,0.0083882,0.00638065,0.00512948,0.00427973,0.00365478,0.00316465,0.00276217,0.00242152,0.00212772,0.00187142,0.00164637
Gram_error_fro,2.0,1,12,3,0.0,0.07799658,0.08189016,0.07599368,0.06786997,0.0595888,0.05187806,0.04498518,0.03895402,0.03373873,0.0292568,0.02541532,0.02212389,0.0193005,0.0168735,0.0147818
Gram_error_fro,4.0,1,12,3,0.0,0.0708021,0.0534824,0.03860504,0.02886698,0.02212955,0.01720962,0.01350458,0.01066474,0.00846379,0.00674502,0.00539527,0.00433058,0.00348756,0.00281777,0.00228388
Gram_error_fro,2.0,1,12,3,0.0,0.03353136,0.01838564,0.01230311,0.0095252,0.00772854,0.00637028,0.00530979,0.00447394,0.00380647,0.00326371,0.00281371,0.00243412,0.00210958,0.00182952,0.00158644
Gram_error_fro,2.0,1,12,3,0.0,0.07680478,0.05712552,0.04592623,0.03778315,0.0312133,0.0258464,0.02145602,0.0178574,0.01489988,0.01246234,0.01044774,0.00877814,0.00739076,0.0062349,0.00526947
Gram_error_fro,4.0,1,12,3,0.0,0.06447911,0.03475873,0.02133988,0.01471091,0.01106845,0.00890667,0.00750868,0.00651454,0.00574464,0.00510998,0.00456584,0.00408876,0.00366551,0.0032878,0.00294981
Gram_error_fro,4.0,1,12,3,0.0,0.07327006,0.04709817,0.0324274,0.02400709,0.01842671,0.01441814,0.0114166,0.00911473,0.00732236,0.00591225,0.00479465,0.00390389,0.00319065,0.00261721,0.00215439
Gram_error_fro,4.0,1,12,3,0.0,0.09083419,0.0664368,0.04986992,0.03796797,0.02907868,0.02238381,0.01731415,0.01345125,0.01048981,0.00820757,0.0064415,0.0050706,0.00400392,0.00317238,0.00252306
Gram_error_fro,4.0,1,12,3,0.0,0.05821481,0.03695593,0.02556062,0.01845452,0.01375078,0.01052149,0.00823159,0.00655897,0.00530421,0.0043407,0.00358594,0.0029848,0.00249938,0.00210297,0.00177624
Gram_error_fro,4.0,2,12,3,0.0,0.11298951,0.07324614,0.05257535,0.04123935,0.03421019,0.02955258,0.02636793,0.02415563,0.02260487,0.02151189,0.02073934,0.02019299,0.0198074,0.01953661,0.01934807
Gram_error_fro,0.0,1,12,4,0.0,0.0,0.0,0.0,0.0,0.0,0.0,0.0,0.0,0.0,0.0,0.0,0.0,0.0,0.0,0.0
Gram_error_fro,2.0,1,12,4,0.0,0.06908833,0.05701644,0.04291135,0.03258294,0.02516306,0.01968009,0.01554014,0.01237295,0.00992637,0.00801929,0.0065191,0.00532825,0.0043748,0.00360543,0.00298034
Gram_error_fro,2.0,1,12,4,0.0,0.04209288,0.0313964,0.02268439,0.01732858,0.01383275,0.01130015,0.00933119,0.00774609,0.00645045,0.00538419,0.00450344,0.00377389,0.00316806,0.00266371,0.00224284
Gram_error_fro,2.0,1,12,4,0.0,0.09744521,0.06318392,0.03858753,0.02575997,0.01930042,0.01563379,0.01315511,0.01126051,0.00972257,0.00844028,0.00735649,0.00643227,0.00563846,0.00495245,0.00435643
Gram_error_fro,2.0,1,12,4,0.0,0.07657271,0.05930235,0.04255127,0.03151604,0.02420624,0.01906451,0.01526094,0.01235451,0.01008777,0.00829483,0.00686119,0.00570446,0.00476386,0.00399381,0.00335962
Gram_error_fro,2.0,1,12,4,0.0,0.08798199,0.0584858,0.03351134,0.02026412,0.01420616,0.01140328,0.00979728,0.00861825,0.00763246,0.0067728,0.00601618,0.00534968,0.00476254,0.00424484,0.00378752
Gram_error_fro,4.0,1,12,4,0.0,0.09977181,0.06613992,0.04103043,0.02771577,0.0207305,0.01657547,0.0137121,0.0115407,0.00981373,0.00840806,0.00724847,0.0062824,0.00547066,0.00478319,0.0041967
Gram_error_fro,4.0,1,12,4,0.0,0.09757446,0.07545372,0.06065911,0.04976036,0.04084588,0.03342904,0.02732232,0.02235563,0.01834845,0.01512657,0.01253556,0.01044595,0.0087529,0.00737325,0.0062418
Gram_error_fro,2.0,1,12,4,0.0,0.04209288,0.0313964,0.02268439,0.01732858,0.01383275,0.01130015,0.00933119,0.00774609,0.00645045,0.00538419,0.00450344,0.00377389,0.00316806,0.00266371,0.00224284
Gram_error_fro,4.0,1,12,4,0.0,0.09528054,0.06337858,0.03946523,0.02713001,0.02079207,0.01697201,0.0142224,0.01202769,0.01019926,0.00865301,0.00733917,0.00622142,0.00527043,0.00446165,0.00377423
Gram_error_fro,4.0,1,12,4,0.0,0.09007067,0.0724235,0.05564921,0.04311513,0.03378015,0.02670302,0.02127113,0.01706647,0.01378651,0.01120718,0.00916185,0.00752667,0.00620936,0.00514083,0.00426887
Gram_error_fro,4.0,1,12,4,0.0,0.06909306,0.05630239,0.04296868,0.03338277,0.02648586,0.02131967,0.01732556,0.01417587,0.01166078,0.00963449,0.00799038,0.00664825,0.00554681,0.0046387,0.00388699
Gram_error_fro,4.0,1,12,4,0.0,0.06283268,0.04440842,0.03339712,0.02626325,0.02109847,0.01713501,0.01401524,0.01152813,0.0095279,0.00790712,0.00658482,0.00549939,0.00460359,0.00386085,0.0032426
Gram_error_fro,4.0,1,12,4,0.0,0.09843783,0.06938609,0.04671217,0.03472352,0.02796313,0.02338807,0.01986884,0.01700733,0.014632,0.01264216,0.01096509,0.00954402,0.00833366,0.00729768,0.00640685
Gram_error_fro,4.0,1,12,4,0.0,0.0858082,0.06248378,0.04437514,0.03299259,0.02549853,0.02017264,0.0161753,0.01308017,0.01064126,0.00869843,0.00713887,0.00587955,0.00485778,0.00402542,0.00334505
Gram_error_fro,2.0,1,12,4,0.0,0.10849452,0.09442201,0.07751344,0.06541877,0.0565451,0.04959145,0.04388442,0.03906532,0.0349212,0.03131265,0.02814185,0.02533676,0.02284239,0.0206155,0.01862126
Gram_error_fro,0.0,1,12,1,0.0,0.0,0.0,0.0,0.0,0.0,0.0,0.0,0.0,0.0,0.0,0.0,0.0,0.0,0.0,0.0
Gram_error_fro,2.0,1,12,1,0.0,0.05870748,0.03245017,0.02448008,0.02015793,0.01694098,0.01432114,0.01214,0.01031333,0.00877983,0.00749005,0.00640318,0.00548531,0.0047084,0.00404921,0.00348853
Gram_error_fro,2.0,1,12,1,0.0,0.03400652,0.02346878,0.01935182,0.01647929,0.01408829,0.01205562,0.01032741,0.00885767,0.00760606,0.00653841,0.00562626,0.00484586,0.00417731,0.0036039,0.00311155
Gram_error_fro,2.0,1,12,1,0.0,0.00398605,0.00084878,2.197e-05,0.00035524,0.00050073,0.00057134,0.00060859,0.0006276,0.00063426,0.00063154,0.00062142,0.0006055,0.00058515,0.00056153,0.00053562
Gram_error_fro,0.0,1,12,1,0.0,0.0,0.0,0.0,0.0,0.0,0.0,0.0,0.0,0.0,0.0,0.0,0.0,0.0,0.0,0.0
Gram_error_fro,0.0,1,12,1,0.0,0.0,0.0,0.0,0.0,0.0,0.0,0.0,0.0,0.0,0.0,0.0,0.0,0.0,0.0,0.0
Gram_error_fro,4.0,1,12,1,0.0,0.09607001,0.06757763,0.05240004,0.04198791,0.03401104,0.02772655,0.02272503,0.01871564,0.01548005,0.0128527,0.01070724,0.00894647,0.00749489,0.00629337,0.00529524
Gram_error_fro,2.0,1,12,1,0.0,0.03864575,0.02481911,0.01799823,0.01393146,0.01109828,0.00897617,0.00732408,0.00600907,0.00494859,0.00408647,0.00338184,0.00280364,0.00232772,0.00193492,0.00161
Gram_error_fro,4.0,1,12,1,0.0,0.11092971,0.07460428,0.05847465,0.04786983,0.03962075,0.03295,0.02750698,0.02304834,0.01938252,0.01635617,0.01384698,0.01175759,0.01001053,0.00854398,0.00730839
Gram_error_fro,4.0,1,12,1,0.0,0.03257631,0.01672213,0.01209154,0.00977022,0.00821445,0.00701198,0.00602044,0.00518134,0.00446417,0.00384881,0.00331985,0.00286469,0.00247274,0.002135,0.00184381
Gram_error_fro,4.0,1,12,1,0.0,0.12292816,0.08071387,0.06396313,0.05338362,0.04506438,0.03817334,0.03241031,0.02758297,0.0235352,0.02013505,0.01727182,0.01485366,0.01280492,0.0110636,0.00957886
Gram_error_fro,4.0,1,12,1,0.0,0.10757244,0.07322788,0.05757156,0.04699158,0.03867813,0.03195186,0.02648371,0.02202898,0.01838914,0.01540382,0.01294501,0.01091115,0.00922181,0.00781312,0.00663417
Gram_error_fro,4.0,1,12,1,0.0,0.10757244,0.07322788,0.05775181,0.04750841,0.03952745,0.03306282,0.02777176,0.0234184,0.01981991,0.01683158,0.01433861,0.01224978,0.01049236,0.00900809,0.00775009
Gram_error_fro,2.0,1,12,1,0.0,0.02919359,0.02138916,0.01523526,0.01154226,0.00903076,0.00718517,0.00576906,0.00465624,0.00377011,0.00305905,0.00248565,0.00202162,0.00164508,0.00133885,0.00108935
Gram_error_fro,4.0,1,12,1,0.0,0.11946066,0.07924026,0.06173586,0.05074907,0.04243165,0.03576785,0.03032007,0.02581941,0.02207397,0.01893866,0.01630073,0.01407114,0.01217882,0.01056655,0.00918795
Gram_error_fro,2.0,1,12,1,0.0,0.00166777,0.00038482,0.0001668,8.646e-05,3.499e-05,1.54e-06,2.696e-05,4.421e-05,5.559e-05,6.27e-05,6.664e-05,6.819e-05,6.795e-05,6.639e-05,6.387e-05
Gram_error_fro,0.0,1,12,2,0.0,0.0,0.0,0.0,0.0,0.0,0.0,0.0,0.0,0.0,0.0,0.0,0.0,0.0,0.0,0.0
Gram_error_fro,2.0,1,12,2,0.0,0.02062722,0.01512189,0.01187945,0.00944192,0.00755708,0.00608078,0.00491343,0.00398355,0.00323855,0.0026391,0.00215543,0.00176476,0.00144944,0.00119567,0.00099242
Gram_error_fro,2.0,1,12,2,0.0,0.02367458,0.01381581,0.01046235,0.00871928,0.00746126,0.0064454,0.00560252,0.00489631,0.0042997,0.00379143,0.00335494,0.0029774,0.00264885,0.00236141,0.00210882
Gram_error_fro,2.0,1,12,2,0.0,0.0636117,0.06962987,0.06652564,0.06110627,0.05520954,0.04945886,0.04408681,0.03917904,0.03475519,0.03080147,0.02728713,0.0241738,0.02142099,0.01898921,0.01684156
Gram_error_fro,2.0,1,12,2,0.0,0.02062722,0.01512189,0.01181063,0.00921745,0.00717447,0.00558381,0.00435581,0.00341364,0.00269554,0.00215329,0.00174918,0.00145298,0.00123953,0.00108735,0.00097837
Gram_error_fro,2.0,1,12,2,0.0,0.05629615,0.04236354,0.03162449,0.02401369,0.01846,0.01436602,0.01133079,0.00906126,0.00734464,0.00602911,0.00500715,0.00420255,0.0035609,0.00304293,0.00261999
Gram_error_fro,0.0,1,12,2,0.0,0.0635582,0.06954511,0.06642506,0.06099556,0.05509239,0.04933815,0.04396481,0.03905754,0.03463556,0.03068474,0.02717405,0.02406489,0.02131661,0.01888956,0.01674674
Gram_error_fro,2.0,1,12,2,0.0,0.05202888,0.02430518,0.01931862,0.01718274,0.01537997,0.01371635,0.01219239,0.0108138,0.00957773,0.00847533,0.00749501,0.00662447,0.00585186,0.00516633,0.0045581
Gram_error_fro,4.0,1,12,2,0.0,0.07013678,0.04184738,0.03254697,0.02739075,0.02331206,0.01986095,0.01693431,0.01446013,0.01236996,0.01060199,0.00910328,0.0078297,0.00674484,0.0058187,0.0050265
Gram_error_fro,2.0,1,12,2,0.0,0.07346156,0.05337817,0.04127575,0.03297511,0.02671222,0.0218486,0.01802462,0.01498649,0.01254711,0.01056832,0.00894794,0.00760986,0.00649678,0.00556503,0.00478084
Gram_error_fro,4.0,1,12,2,0.0,0.06355922,0.03661912,0.02623811,0.02019082,0.015946,0.01278803,0.01038288,0.00852198,0.00706199,0.00590172,0.00496877,0.00421066,0.00358884,0.00307454,0.00264599
Gram_error_fro,2.0,1,12,2,0.0,0.00072743,0.00024371,0.0002069,0.00020034,0.00018043,0.0001663,0.00018748,0.00023988,0.00030161,0.00035937,0.00040783,0.00044548,0.00047254,0.00048994,0.00049888
Gram_error_fro,4.0,1,12,2,0.0,0.05579294,0.03383548,0.02717678,0.02257045,0.01873732,0.01554319,0.01290739,0.01074366,0.00896932,0.00751171,0.00631008,0.00531509,0.00448727,0.00379533,0.00321447
Gram_error_fro,6.0,1,12,2,0.0,0.08525081,0.06925439,0.05872728,0.05004632,0.04269017,0.03646071,0.03118872,0.02672197,0.0229297,0.01970245,0.01694957,0.01459607,0.0125799,0.01084958,0.00936219
Gram_error_fro,4.0,1,12,2,0.0,0.07454739,0.0500109,0.03564778,0.02664734,0.02070792,0.01673382,0.01404577,0.01217792,0.0108172,0.00976457,0.00890008,0.00815442,0.00748864,0.00688127,0.00632052
Gram_error_fro,2.0,1,12,2,0.0,0.06503001,0.07155829,0.06879015,0.06343924,0.05754265,0.05176219,0.04633485,0.04134872,0.03682765,0.03276293,0.02912884,0.02589146,0.02301393,0.02045955,0.01819345
Gram_error_fro,0.0,1,12,2,0.0,0.0,0.0,0.0,0.0,0.0,0.0,0.0,0.0,0.0,0.0,0.0,0.0,0.0,0.0,0.0
Gram_error_fro,2.0,1,12,2,0.0,0.04058834,0.03222689,0.02677742,0.02230434,0.0184274,0.01514749,0.01242872,0.01020007,0.00838248,0.00690258,0.00569734,0.00471466,0.00391213,0.00325554,0.00271733
Gram_error_fro,2.0,1,12,2,0.0,0.03738949,0.02702632,0.01790764,0.01232982,0.00949925,0.00833321,0.00792278,0.00773596,0.00755132,0.0073038,0.00698931,0.00662305,0.00622359,0.00580748,0.00538783
Gram_error_fro,2.0,1,12,2,0.0,0.04058834,0.03222689,0.02677742,0.02230434,0.0184274,0.01514749,0.01242872,0.01020007,0.00838248,0.00690258,0.00569734,0.00471466,0.00391213,0.00325554,0.00271733
Gram_error_fro,0.0,1,12,2,0.0,0.0,0.0,0.0,0.0,0.0,0.0,0.0,0.0,0.0,0.0,0.0,0.0,0.0,0.0,0.0
Gram_error_fro,2.0,1,12,2,0.0,0.01446947,0.01269739,0.0112995,0.01002713,0.00903898,0.00814255,0.00727982,0.00645623,0.00568695,0.00498228,0.0043464,0.00377892,0.00327662,0.00283473,0.00244782
Gram_error_fro,4.0,1,12,2,0.0,0.02116618,0.02685064,0.02753299,0.02632427,0.02437384,0.02211802,0.01978507,0.01751314,0.015383,0.01343582,0.01168668,0.0101345,0.00876901,0.00757522,0.00653626
Gram_error_fro,2.0,1,12,2,0.0,0.09287919,0.04628158,0.03029484,0.02300039,0.01823759,0.01466656,0.01188224,0.00967986,0.0079218,0.00650747,0.00536183,0.00442837,0.00366408,0.00303585,0.00251788
Gram_error_fro,4.0,1,12,2,0.0,0.07676631,0.0291016,0.01093395,0.004794,0.00305751,0.00271872,0.00260329,0.00245769,0.00226667,0.002051,0.0018299,0.00161618,0.00141715,0.00123632,0.00107476
Gram_error_fro,2.0,1,12,2,0.0,0.09216919,0.05363116,0.03763244,0.02942886,0.02374897,0.01937986,0.01592659,0.01316875,0.01094859,0.00914715,0.00767434,0.00646184,0.0054575,0.0046212,0.0039217
Gram_error_fro,4.0,1,12,2,0.0,0.094523,0.04541168,0.02806855,0.0194428,0.01383641,0.00991451,0.00713207,0.00515381,0.00374661,0.00274503,0.00203156,0.00152276,0.00115932,0.00089887,0.00071104
Gram_error_fro,4.0,1,12,2,0.0,0.04245046,0.03334195,0.02652564,0.02113323,0.0168976,0.01360416,0.011038,0.00902027,0.00741561,0.00612528,0.00507773,0.00422066,0.00351517,0.00293177,0.00244767
Gram_error_fro,4.0,1,12,2,0.0,0.04743411,0.03955278,0.03529369,0.03085431,0.02651985,0.02260972,0.01920177,0.01627466,0.013777,0.01165259,0.00984888,0.00831925,0.00702328,0.00592616,0.00499808
Gram_error_fro,2.0,1,12,2,0.0,0.01163378,0.00625172,0.00348646,0.00270565,0.00299877,0.00339709,0.00360812,0.00362733,0.00350715,0.00329951,0.00304422,0.00276892,0.00249176,0.00222401,0.00197225
Gram_error_fro,4.0,1,12,2,0.0,0.08170478,0.07222598,0.06319693,0.05542895,0.04845986,0.04231484,0.0369741,0.03235785,0.0283701,0.02491988,0.02192769,0.01932595,0.01705782,0.01507558,0.01333913
Gram_error_fro,2.0,1,12,2,0.0,0.07613326,0.06936914,0.06195439,0.05541137,0.04948146,0.04412388,0.03931503,0.03501743,0.03118625,0.02777553,0.0247413,0.02204283,0.01964306,0.01750866,0.01560978
Gram_error_fro,0.0,1,12,3,0.0,0.0,0.0,0.0,0.0,0.0,0.0,0.0,0.0,0.0,0.0,0.0,0.0,0.0,0.0,0.0
Gram_error_fro,2.0,1,12,3,0.0,0.0288118,0.00701114,0.00279703,0.00196656,0.00168672,0.00157128,0.00151978,0.00148673,0.0014518,0.00140763,0.00135311,0.00128968,0.00121968,0.00114552,0.00106933
Gram_error_fro,2.0,1,12,3,0.0,0.0315647,0.02077165,0.01649034,0.01405373,0.01211633,0.01048338,0.00909958,0.00792143,0.0069121,0.00604225,0.00528894,0.00463407,0.00406311,0.00356418,0.00312744
Gram_error_fro,2.0,1,12,3,0.0,0.04258679,0.01794826,0.01196313,0.00998753,0.00881909,0.00790795,0.00712481,0.00642305,0.00578361,0.00519868,0.00466451,0.00417841,0.00373769,0.00333941,0.00298042
Gram_error_fro,2.0,1,12,3,0.0,0.02453467,0.01286879,0.00934191,0.00756336,0.00617523,0.00503333,0.00410219,0.00334764,0.00273713,0.00224261,0.00184119,0.00151448,0.00124788,0.00102978,0.00085094
Gram_error_fro,0.0,1,12,3,0.0,0.02533255,0.01626953,0.01293036,0.0106229,0.00868268,0.0070815,0.00578468,0.0047403,0.00389798,0.00321561,0.00265994,0.00220523,0.00183155,0.00152337,0.00126849
Gram_error_fro,2.0,1,12,3,0.0,0.03502551,0.01146557,0.00683143,0.00548573,0.00461661,0.00392121,0.00334323,0.00285569,0.0024414,0.00208833,0.00178724,0.0015305,0.00131157,0.00112484,0.00096547
Gram_error_fro,2.0,1,12,3,0.0,0.04046961,0.01981947,0.01547078,0.01305051,0.01102777,0.00931142,0.00788094,0.00670181,0.00573366,0.00493792,0.00428085,0.00373442,0.00327597,0.00288758,0.00255528
Gram_error_fro,4.0,1,12,3,0.0,0.07824316,0.04733939,0.0321919,0.02378557,0.01823645,0.01424383,0.01125382,0.00896559,0.00718926,0.00579545,0.0046923,0.003813,0.00310799,0.00253996,0.00208046
Gram_error_fro,2.0,1,12,3,0.0,0.05214033,0.03993317,0.03070263,0.02433291,0.01964882,0.01603883,0.01318137,0.01088374,0.00901727,0.00749008,0.00623373,0.00519595,0.00433598,0.00362159,0.00302697
Gram_error_fro,2.0,1,12,3,0.0,0.03115692,0.01827371,0.01434424,0.01195644,0.00999846,0.00837394,0.00703566,0.00593312,0.00502094,0.00426207,0.00362732,0.00309382,0.00264362,0.00226242,0.00193876
Gram_error_fro,4.0,1,12,3,0.0,0.06098777,0.03402653,0.02460406,0.0212721,0.01913445,0.01731333,0.01568612,0.01422301,0.01290275,0.01170697,0.01062065,0.00963181,0.00873076,0.00790942,0.00716082
Gram_error_fro,4.0,1,12,3,0.0,0.09667676,0.06132932,0.04221347,0.03113505,0.02367261,0.01826504,0.01422345,0.0111556,0.00880346,0.00698585,0.00557175,0.00446486,0.00359361,0.00290432,0.00235641
Gram_error_fro,2.0,1,12,3,0.0,0.04554937,0.02359646,0.01603269,0.01234594,0.009916,0.00810803,0.00669894,0.00557511,0.00466483,0.00391857,0.00330082,0.00278559,0.00235345,0.00198957,0.0016824
Gram_error_fro,2.0,1,12,3,0.0,0.07021384,0.04713443,0.03317871,0.02424398,0.01821098,0.01398042,0.0109222,0.0086537,0.00693388,0.00560615,0.00456568,0.0037403,0.00307894,0.00254461,0.00210994
Gram_error_fro,2.0,1,12,3,0.0,0.01913261,0.00930999,0.00658762,0.00576955,0.00524975,0.00469922,0.00411697,0.00354586,0.00301628,0.00254288,0.00212972,0.00177497,0.00147388,0.00122046,0.00100851
Gram_error_fro,0.0,1,12,2,0.0,0.0,0.0,0.0,0.0,0.0,0.0,0.0,0.0,0.0,0.0,0.0,0.0,0.0,0.0,0.0
Gram_error_fro,2.0,1,12,2,0.0,0.03256437,0.02014332,0.01430502,0.01093266,0.00870821,0.00711953,0.00592292,0.00498867,0.00424045,0.00362965,0.00312354,0.00269922,0.00234015,0.00203407,0.00177167
Gram_error_fro,2.0,1,12,2,0.0,0.06037874,0.0254831,0.01575102,0.01166614,0.00921258,0.00746166,0.00611457,0.00504403,0.00418046,0.00347812,0.00290374,0.00243188,0.0020427,0.0017205,0.0014528
Gram_error_fro,2.0,1,12,2,0.0,0.0411632,0.02264978,0.01545766,0.01156478,0.00902982,0.00721606,0.00584932,0.00478869,0.00395035,0.00327903,0.00273593,0.00229282,0.00192866,0.00162753,0.00137719
Gram_error_fro,2.0,1,12,2,0.0,0.04354532,0.03132911,0.02398418,0.01877413,0.01485747,0.01188584,0.00961462,0.00785901,0.00648379,0.00539209,0.00451471,0.00380183,0.0032171,0.00273352,0.0023308
Gram_error_fro,2.0,1,12,2,0.0,0.06784779,0.05510674,0.04442361,0.03608537,0.02943474,0.02412814,0.0198873,0.01647932,0.01372018,0.01146922,0.00961991,0.00809127,0.00682118,0.0057614,0.00487396
Gram_error_fro,4.0,1,12,2,0.0,0.09692211,0.05382551,0.03854874,0.02981762,0.02348629,0.0186235,0.0148356,0.01186702,0.0095286,0.00767706,0.00620367,0.00502575,0.0040802,0.00331848,0.00270304
Gram_error_fro,0.0,1,12,2,0.0,0.0,0.0,0.0,0.0,0.0,0.0,0.0,0.0,0.0,0.0,0.0,0.0,0.0,0.0,0.0
Gram_error_fro,4.0,1,12,2,0.0,0.07857181,0.07276937,0.06259043,0.05262619,0.04384106,0.03641931,0.03025677,0.02516781,0.02096702,0.01749374,0.01461539,0.01222448,0.01023415,0.00857413,0.00718741
Gram_error_fro,2.0,1,12,2,0.0,0.00937679,0.01029074,0.01038094,0.00987107,0.00915227,0.0083723,0.00759522,0.00684971,0.00614916,0.00549971,0.00490358,0.00436057,0.00386899,0.00342619,0.00302899
Gram_error_fro,2.0,1,12,2,0.0,0.02769693,0.01884257,0.01414813,0.01117586,0.00906862,0.00748473,0.00625326,0.00527452,0.00448359,0.00383545,0.00329792,0.00284755,0.00246697,0.00214308,0.00186587
Gram_error_fro,2.0,1,12,2,0.0,0.019245,0.01530594,0.0136711,0.0124698,0.01135923,0.01030337,0.00930736,0.00837755,0.00751741,0.00672783,0.0060077,0.00535442,0.00476446,0.00423367,0.00375762
Gram_error_fro,4.0,1,12,2,0.0,0.0545226,0.04701749,0.04056007,0.03421712,0.02846295,0.02351472,0.01937649,0.01595928,0.013151,0.0108455,0.00895153,0.00739363,0.0061104,0.00505209,0.00417837
Gram_error_fro,4.0,1,12,2,0.0,0.0361485,0.03009499,0.02541959,0.02165675,0.0185448,0.01595796,0.01378748,0.01194783,0.01037554,0.00902336,0.00785523,0.00684282,0.00596337,0.00519817,0.00453166
Gram_error_fro,4.0,1,12,2,0.0,0.06675533,0.02606691,0.01923622,0.01790749,0.01698959,0.01600777,0.01496557,0.01390034,0.01284181,0.01181115,0.01082297,0.00988677,0.00900822,0.00819,0.00743266
Gram_error_fro,2.0,1,12,2,0.0,0.01184109,0.00473677,0.0021202,0.0010465,0.00068829,0.00067812,0.00072773,0.00074866,0.00073583,0.00069879,0.00064701,0.00058763,0.00052562,0.00046427,0.0004057
Gram_error_fro,0.0,1,12,3,0.0,0.0,0.0,0.0,0.0,0.0,0.0,0.0,0.0,0.0,0.0,0.0,0.0,0.0,0.0,0.0
Gram_error_fro,2.0,1,12,3,0.0,0.0053256,0.00356124,0.0031598,0.00349083,0.00401723,0.00444828,0.00470759,0.00480407,0.0047708,0.00464287,0.00445037,0.0042169,0.00396014,0.00369288,0.00342418
Gram_error_fro,2.0,1,12,3,0.0,0.05753396,0.04509831,0.03463909,0.02745058,0.0224464,0.0188332,0.01611853,0.01399826,0.01228359,0.01085627,0.00964108,0.00858904,0.00766721,0.00685265,0.00612867
Gram_error_fro,2.0,1,12,3,0.0,0.0645037,0.05893393,0.04926371,0.04055018,0.0332255,0.02720166,0.02230294,0.01833803,0.01512955,0.01252639,0.01040576,0.00867029,0.00724353,0.00606558,0.00508933
Gram_error_fro,2.0,1,12,3,0.0,0.09560605,0.07794397,0.06271712,0.05153784,0.04300621,0.03628498,0.03087868,0.02646645,0.02282496,0.01979135,0.01724324,0.01508686,0.01324931,0.0116734,0.01031382
Gram_error_fro,2.0,1,12,3,0.0,0.09560605,0.07794397,0.06271712,0.05153784,0.04300621,0.03628498,0.03087868,0.02646645,0.02282496,0.01979135,0.01724324,0.01508686,0.01324931,0.0116734,0.01031382
Gram_error_fro,4.0,1,12,3,0.0,0.09082496,0.0677061,0.05395681,0.04489619,0.03788937,0.03212397,0.02727403,0.02316423,0.01967458,0.01671029,0.01419209,0.01205267,0.01023484,0.00869006,0.00737723
Gram_error_fro,2.0,1,12,3,0.0,0.04612156,0.04975239,0.04561624,0.03976138,0.03403461,0.02892571,0.02450848,0.02073621,0.01753259,0.01481953,0.01252543,0.01058726,0.00895052,0.00756856,0.00640167
Gram_error_fro,2.0,1,12,3,0.0,0.06459985,0.0641646,0.05619479,0.0472895,0.03922153,0.03241112,0.02681007,0.02223838,0.01850581,0.015448,0.01293199,0.01085256,0.00912684,0.00768938,0.00648815
Gram_error_fro,4.0,1,12,3,0.0,0.10140895,0.07130605,0.05307342,0.04309935,0.03643706,0.03131076,0.02711471,0.02359495,0.02061019,0.01806321,0.01587928,0.01399833,0.01237127,0.01095776,0.00972466
Gram_error_fro,2.0,1,12,3,0.0,0.04835273,0.04419745,0.03833453,0.03266942,0.02758706,0.0231903,0.01946185,0.01633311,0.01372039,0.01154201,0.00972515,0.00820768,0.00693777,0.00587271,0.00497746
Gram_error_fro,2.0,1,12,3,0.0,0.05866795,0.0366588,0.02728299,0.02186904,0.01801687,0.01508473,0.01277951,0.01092147,0.00939308,0.00811585,0.00703583,0.00611463,0.00532387,0.00464186,0.00405151
Gram_error_fro,2.0,1,12,3,0.0,0.02985099,0.02042716,0.01421499,0.01053439,0.00803238,0.00618704,0.00481526,0.00381901,0.00311719,0.0026342,0.00230255,0.0020678,0.00189092,0.0017469,0.00162114
Gram_error_fro,2.0,1,12,3,0.0,0.08903659,0.07686102,0.06402627,0.05351553,0.04484702,0.03763047,0.03159932,0.02655084,0.02232109,0.01877466,0.01579908,0.01330081,0.01120199,0.00943772,0.0079539
Gram_error_fro,2.0,1,12,3,0.0,0.10041696,0.08202335,0.06701135,0.05521916,0.04570176,0.03794002,0.03157636,0.02633925,0.02201529,0.01843458,0.01546109,0.01298547,0.01091953,0.00919183,0.00774431
Gram_error_fro,4.0,1,12,3,0.0,0.08345194,0.05945061,0.04266872,0.03247132,0.02569396,0.02076526,0.01697933,0.01398146,0.01156497,0.00959475,0.0079757,0.00663771,0.00552746,0.00460346,0.00383289
Gram_error_fro,0.0,1,12,2,0.0,0.0,0.0,0.0,0.0,0.0,0.0,0.0,0.0,0.0,0.0,0.0,0.0,0.0,0.0,0.0
Gram_error_fro,2.0,1,12,2,0.0,0.0518821,0.03818499,0.03019918,0.02491364,0.02097366,0.01788491,0.0154045,0.01337889,0.01170007,0.01028957,0.00908984,0.0080584,0.00716356,0.00638142,0.00569366
Gram_error_fro,2.0,1,12,2,0.0,0.02510925,0.01848974,0.01558054,0.0134486,0.01169652,0.01020139,0.00890983,0.00778955,0.00681588,0.0059683,0.00522939,0.00458433,0.00402051,0.00352717,0.00309514
Gram_error_fro,2.0,1,12,2,0.0,0.02494261,0.01711923,0.01283152,0.00952326,0.00703488,0.0052389,0.00400118,0.00319891,0.00271733,0.00244765,0.00229792,0.00220397,0.00212865,0.00205376,0.00197208
Gram_error_fro,0.0,1,12,2,0.0,0.0,0.0,0.0,0.0,0.0,0.0,0.0,0.0,0.0,0.0,0.0,0.0,0.0,0.0,0.0
Gram_error_fro,2.0,1,12,2,0.0,0.0518821,0.03818499,0.02786364,0.02029188,0.01470202,0.01069598,0.00797534,0.00628272,0.00536128,0.0049396,0.00477886,0.00471991,0.00467938,0.00462164,0.00453553
Gram_error_fro,0.0,1,12,2,0.0,0.01738276,0.00937494,0.00365034,0.00078925,0.00308097,0.00470782,0.0056348,0.00606577,0.00616249,0.00604229,0.00578724,0.00545366,0.00507961,0.00469052,0.00430299
Gram_error_fro,2.0,1,12,2,0.0,0.02510925,0.01848974,0.01558054,0.0134486,0.01169652,0.01020139,0.00890983,0.00778955,0.00681588,0.0059683,0.00522939,0.00458433,0.00402051,0.00352717,0.00309514
Gram_error_fro,2.0,1,12,2,0.0,0.06061381,0.04535272,0.03513612,0.02770826,0.02198322,0.01754162,0.01409261,0.01140315,0.0092917,0.00762093,0.00628821,0.00521694,0.00434966,0.00364292,0.00306358
Gram_error_fro,2.0,1,12,2,0.0,0.01308308,0.00807634,0.00464944,0.00249314,0.00106615,0.00028997,0.0007024,0.00113122,0.00141807,0.00159522,0.00169171,0.00172943,0.0017246,0.00168929,0.00163256
Gram_error_fro,2.0,1,12,2,0.0,0.0,0.0,0.00022618,0.0003629,0.0003694,0.00028234,0.00019251,0.00024696,0.0003973,0.00055137,0.00068367,0.00078788,0.00086389,0.00091414,0.00094199
Gram_error_fro,4.0,1,12,2,0.0,0.0386767,0.03533304,0.0293247,0.02399543,0.01965063,0.0162064,0.01349536,0.01135219,0.00964082,0.00825733,0.00712462,0.00618601,0.00539965,0.00473438,0.0041667
Gram_error_fro,4.0,1,12,2,0.0,0.05152832,0.0410071,0.03525411,0.03080783,0.02716375,0.02408368,0.02143042,0.01911856,0.01708951,0.01529964,0.01371476,0.01230714,0.01105389,0.0099358,0.00893657
Gram_error_fro,4.0,1,12,2,0.0,0.0604549,0.03329463,0.02407051,0.01889378,0.01523418,0.01246178,0.01030755,0.00860823,0.00725062,0.0061532,0.00525642,0.0045163,0.00390003,0.0033828,0.00294562
Gram_error_fro,4.0,1,12,2,0.0,0.05020191,0.03813906,0.0301768,0.02484174,0.02090599,0.01785307,0.015414,0.01342263,0.01176764,0.01037148,0.00917883,0.00814936,0.00725316,0.00646759,0.00577519
Gram_error_fro,6.0,2,12,2,0.0,0.05905941,0.04056037,0.03185274,0.02599674,0.02170072,0.01847274,0.01605227,0.01426884,0.01299464,0.01212552,0.01157281,0.01126062,0.01112537,0.0111158,0.01119211
Gram_error_fro,0.0,1,12,3,0.0,0.0,0.0,0.0,0.0,0.0,0.0,0.0,0.0,0.0,0.0,0.0,0.0,0.0,0.0,0.0
Gram_error_fro,2.0,1,12,3,0.0,0.02820979,0.01480653,0.01031712,0.00822526,0.00683914,0.00576545,0.00488966,0.00416298,0.00355581,0.00304629,0.00261701,0.00225387,0.00194543,0.00168238,0.00145722
Gram_error_fro,2.0,1,12,3,0.0,0.01975453,0.01005463,0.00726591,0.00586469,0.00481009,0.00397018,0.00329496,0.00274634,0.00229602,0.00192351,0.0016137,0.00135507,0.0011386,0.00095711,0.00080473
Gram_error_fro,2.0,1,12,3,0.0,0.02815942,0.01290483,0.00777893,0.00574862,0.00459725,0.00379759,0.00319689,0.00272403,0.00233782,0.00201381,0.00173743,0.00149964,0.00129433,0.00111696,0.00096381
Gram_error_fro,2.0,1,12,3,0.0,0.03951746,0.02337933,0.01576857,0.01172488,0.00920791,0.00745856,0.00615358,0.00513566,0.00431913,0.00365231,0.0031012,0.00264186,0.00225652,0.00193161,0.00165646
Gram_error_fro,2.0,1,12,3,0.0,0.01975453,0.01005463,0.00726591,0.00586469,0.00481009,0.00397018,0.00329496,0.00274634,0.00229602,0.00192351,0.0016137,0.00135507,0.0011386,0.00095711,0.00080473
Gram_error_fro,4.0,1,12,3,0.0,0.07500001,0.06341411,0.05185006,0.04238717,0.03486643,0.02888278,0.02409198,0.02022685,0.01708327,0.01450589,0.0123764,0.0106043,0.00911988,0.00786901,0.00680928
Gram_error_fro,4.0,1,12,3,0.0,0.06304114,0.0305406,0.02075935,0.01630097,0.01343444,0.0113333,0.00970488,0.00839802,0.00732184,0.00641808,0.00564778,0.00498384,0.00440679,0.00390208,0.00345858
Gram_error_fro,4.0,2,12,3,0.0,0.04755811,0.02651636,0.02206651,0.02054562,0.01978528,0.01934181,0.01907598,0.01892272,0.01884308,0.01881125,0.01880959,0.01882598,0.01885222,0.01888289,0.01891451
Gram_error_fro,4.0,1,12,3,0.0,0.03970432,0.02430593,0.01646491,0.01179876,0.00880711,0.00677952,0.0053484,0.0043049,0.00352203,0.00291929,0.00244437,0.00206265,0.00175076,0.00149256,0.00127664
Gram_error_fro,4.0,1,12,3,0.0,0.04398295,0.02080753,0.01253752,0.00894546,0.00690408,0.00551671,0.00447374,0.00364896,0.00298169,0.00243692,0.00199092,0.0016257,0.00132685,0.00108257,0.00088308
Gram_error_fro,2.0,1,12,3,0.0,0.06225702,0.03891669,0.02724713,0.02048033,0.01591167,0.01257215,0.0100321,0.00805688,0.00649957,0.00526032,0.00426768,0.00346879,0.00282354,0.00230098,0.00187689
Gram_error_fro,4.0,1,12,3,0.0,0.06051655,0.03652883,0.02519717,0.01846258,0.01390584,0.01067006,0.00830817,0.00654811,0.00521469,0.00419072,0.00339531,0.00277118,0.00227698,0.00188238,0.00156485
Gram_error_fro,4.0,1,12,3,0.0,0.02247963,0.01600205,0.0132586,0.01120054,0.0094567,0.0079367,0.00661985,0.0054947,0.00454558,0.00375278,0.00309516,0.0025522,0.00210524,0.00173793,0.00143631
Gram_error_fro,4.0,1,12,3,0.0,0.04704936,0.02280145,0.01357638,0.00876644,0.00600149,0.00431769,0.00324108,0.00251893,0.00201109,0.00163798,0.00135343,0.00112982,0.00095003,0.00080299,0.00068121
Gram_error_fro,4.0,1,12,3,0.0,0.06882152,0.04210767,0.02813303,0.0200189,0.0147975,0.01123926,0.00872822,0.00690921,0.00556136,0.0045416,0.00375493,0.00313702,0.00264361,0.00224376,0.00191551
Gram_error_fro,0.0,1,12,2,0.0,0.0,0.0,0.0,0.0,0.0,0.0,0.0,0.0,0.0,0.0,0.0,0.0,0.0,0.0,0.0
Gram_error_fro,2.0,2,12,2,0.0,0.01090617,0.00804633,0.00887024,0.00986881,0.01071633,0.0113968,0.01194201,0.01238159,0.01273798,0.01302805,0.01326475,0.01345824,0.01361661,0.01374638,0.01385278
Gram_error_fro,2.0,1,12,2,0.0,0.02787076,0.01837447,0.01304013,0.00959849,0.0072695,0.00561794,0.004398,0.0034703,0.00275146,0.00218794,0.00174294,0.00138991,0.00110902,0.0008851,0.00070637
Gram_error_fro,2.0,1,12,2,0.0,0.02466935,0.01246008,0.00884328,0.00725145,0.00625249,0.00548621,0.0048511,0.00430964,0.00384166,0.00343342,0.0030747,0.00275764,0.00247612,0.00222524,0.00200104
Gram_error_fro,0.0,1,12,2,0.0,0.0,0.0,0.0,0.0,0.0,0.0,0.0,0.0,0.0,0.0,0.0,0.0,0.0,0.0,0.0
Gram_error_fro,2.0,1,12,2,0.0,0.03164964,0.01998997,0.01612172,0.01393885,0.01233901,0.01101185,0.00985089,0.00881486,0.00788436,0.00704747,0.00629502,0.00561909,0.00501252,0.00446873,0.0039817
Gram_error_fro,2.0,1,12,2,0.0,0.02750573,0.01431775,0.00971794,0.00732415,0.00571543,0.00451363,0.00358113,0.00284805,0.00226877,0.00180976,0.00144532,0.00115547,0.00092461,0.00074047,0.00059343
Gram_error_fro,2.0,1,12,2,0.0,0.03124832,0.01576698,0.01116247,0.00901938,0.00764201,0.0065993,0.00574939,0.00503393,0.00442215,0.00389422,0.00343574,0.00303563,0.00268512,0.00237711,0.00210577
Gram_error_fro,4.0,1,12,2,0.0,0.04024594,0.02616411,0.01951144,0.0154214,0.01254405,0.01035472,0.00861555,0.00720249,0.00604023,0.00507719,0.00427525,0.003605,0.00304321,0.00257125,0.00217402
Gram_error_fro,2.0,1,12,2,0.0,0.0355073,0.02115318,0.01544898,0.01216458,0.00994576,0.00831632,0.00705364,0.00603981,0.00520635,0.00451005,0.00392163,0.00342012,0.00298987,0.00261883,0.00229752
Gram_error_fro,4.0,1,12,2,0.0,0.04975858,0.03069827,0.02285143,0.01826146,0.01496216,0.01238084,0.01029632,0.00859138,0.00718751,0.00602611,0.00506162,0.00425803,0.00358661,0.00302428,0.00255235
Gram_error_fro,2.0,1,12,2,0.0,0.03835843,0.01750756,0.01225502,0.01007158,0.00869258,0.00761351,0.00670092,0.00591036,0.00522002,0.00461488,0.00408303,0.00361461,0.0032013,0.00283608,0.002513
Gram_error_fro,4.0,1,12,2,0.0,0.04478696,0.02864925,0.0217805,0.01761461,0.01463493,0.01232452,0.01045865,0.0089197,0.00763501,0.00655412,0.00563944,0.00486186,0.00419835,0.00363036,0.00314284
Gram_error_fro,2.0,1,12,2,0.0,0.02750573,0.01431775,0.00971794,0.00732415,0.00571543,0.00451363,0.00358113,0.00284805,0.00226877,0.00180976,0.00144532,0.00115547,0.00092461,0.00074047,0.00059343
Gram_error_fro,2.0,1,12,2,0.0,0.00430575,0.00097509,0.00064028,0.00060533,0.00059708,0.00057899,0.0005494,0.00051312,0.00047407,0.00043464,0.00039616,0.00035937,0.00032469,0.00029233,0.00026238
Gram_error_fro,2.0,1,12,2,0.0,0.03323882,0.02035599,0.0151962,0.01201234,0.00976619,0.00808477,0.00677897,0.00573886,0.00489506,0.00420103,0.00362398,0.00313996,0.00273096,0.00238315,0.0020857
Gram_error_fro,0.0,1,12,4,0.0,0.0,0.0,0.0,0.0,0.0,0.0,0.0,0.0,0.0,0.0,0.0,0.0,0.0,0.0,0.0
Gram_error_fro,2.0,1,12,4,0.0,0.0548394,0.06153484,0.05756334,0.05066039,0.04363845,0.03739708,0.03210405,0.02768046,0.02398678,0.02088728,0.01826785,0.01603744,0.01412472,0.01247387,0.011041
Gram_error_fro,2.0,1,12,4,0.0,0.05901681,0.05451946,0.04427981,0.03534279,0.02837664,0.0230251,0.01886838,0.01558551,0.01295241,0.01081413,0.00906122,0.00761399,0.00641261,0.00541103,0.00457312
Gram_error_fro,2.0,1,12,4,0.0,0.04260273,0.02679949,0.01620821,0.00989987,0.00644311,0.00470638,0.00383878,0.00332641,0.00294177,0.00260785,0.00230413,0.00202693,0.0017761,0.00155142,0.00135188
Gram_error_fro,2.0,1,12,4,0.0,0.00356458,0.00234345,0.00337991,0.00459582,0.0054864,0.00605465,0.00636759,0.00648548,0.00645662,0.00631947,0.00610458,0.00583602,0.00553256,0.00520869,0.00487548
Gram_error_fro,2.0,1,12,4,0.0,0.05264199,0.04152272,0.03197436,0.02614176,0.02222389,0.01919315,0.01665234,0.01445192,0.01252574,0.01083593,0.00935513,0.00806059,0.00693207,0.00595114,0.00510087
Gram_error_fro,4.0,1,12,4,0.0,0.09046139,0.06774173,0.05091158,0.04006554,0.03257695,0.02712658,0.02301682,0.0198266,0.01728318,0.01520505,0.01346987,0.0119943,0.01072074,0.0096086,0.00862865
Gram_error_fro,4.0,1,12,4,0.0,0.04216638,0.03176692,0.0257204,0.02200135,0.01898717,0.01635519,0.01406083,0.01207655,0.01036687,0.00889522,0.00762846,0.00653797,0.00559938,0.00479188,0.00409763
Gram_error_fro,2.0,1,12,4,0.0,0.06224429,0.04524071,0.03266293,0.0251246,0.02038798,0.01706783,0.01450341,0.01240108,0.0106261,0.0091086,0.00780536,0.00668487,0.00572176,0.0048945,0.0041845
Gram_error_fro,4.0,1,12,4,0.0,0.0468606,0.03646158,0.03029994,0.02578679,0.02181082,0.01829375,0.01527002,0.01272382,0.01060341,0.00884593,0.0073908,0.00618496,0.00518387,0.00435093,0.00365636
Gram_error_fro,2.0,1,12,4,0.0,0.07497795,0.05491709,0.03842594,0.02895465,0.02309321,0.01902011,0.0159535,0.01352988,0.01155676,0.00991982,0.00854471,0.00737951,0.00638597,0.00553484,0.00480306
Gram_error_fro,4.0,1,12,4,0.0,0.08891456,0.08326125,0.07062112,0.05867421,0.04876722,0.04088991,0.03470106,0.02982191,0.02592722,0.0227649,0.02014932,0.0179473,0.01606406,0.01443197,0.01300219
Gram_error_fro,4.0,1,12,4,0.0,0.07153838,0.04424766,0.02708297,0.01960246,0.01621919,0.01417156,0.0125494,0.01110905,0.0097954,0.00859914,0.00751859,0.00655086,0.00569061,0.00493071,0.00426298
Gram_error_fro,2.0,1,12,4,0.0,0.11777849,0.06929517,0.03872209,0.02210651,0.01309331,0.00820078,0.00555945,0.00411653,0.00327671,0.00272859,0.00232601,0.00200482,0.00173671,0.00150798,0.0013109
Gram_error_fro,4.0,1,12,4,0.0,0.0939822,0.07527808,0.05686523,0.04483086,0.03663559,0.03056488,0.02580478,0.02195508,0.01878876,0.01615713,0.01395287,0.01209437,0.01051799,0.00917346,0.0080208
Gram_error_fro,4.0,1,12,4,0.0,0.11405038,0.0777127,0.05317476,0.03925302,0.03057697,0.02456707,0.02009454,0.01662474,0.01386915,0.01165028,0.00984719,0.00837168,0.00715687,0.00615086,0.00531291
Gram_error_fro,0.0,1,12,3,0.0,0.0,0.0,0.0,0.0,0.0,0.0,0.0,0.0,0.0,0.0,0.0,0.0,0.0,0.0,0.0
Gram_error_fro,2.0,1,12,3,0.0,0.06150508,0.05305658,0.04293809,0.03499656,0.02882404,0.02394029,0.0200153,0.01682093,0.01419412,0.01201531,0.01019514,0.00866567,0.00737445,0.0062804,0.00535088
Gram_error_fro,2.0,1,12,3,0.0,0.01235961,0.00706829,0.00414479,0.0027341,0.00187411,0.00130584,0.00096448,0.00078887,0.00070477,0.00065507,0.00061212,0.00056724,0.00051969,0.00047102,0.00042305
Gram_error_fro,2.0,1,12,3,0.0,0.02210655,0.02074815,0.01882238,0.01692118,0.01519489,0.01365888,0.01228707,0.01105208,0.00993406,0.00891952,0.00799874,0.00716392,0.00640827,0.0057255,0.00510966
Gram_error_fro,0.0,1,12,3,0.0,0.0,0.0,0.0,0.0,0.0,0.0,0.0,0.0,0.0,0.0,0.0,0.0,0.0,0.0,0.0
Gram_error_fro,2.0,1,12,3,0.0,0.07462473,0.06105107,0.05059068,0.04199225,0.03484958,0.0289426,0.02406561,0.02003827,0.01670947,0.01395432,0.01167017,0.00977301,0.0081943,0.00687813,0.00577892
Gram_error_fro,4.0,1,12,3,0.0,0.07320059,0.06230421,0.05277405,0.04478309,0.03787241,0.03194375,0.02690738,0.02265311,0.01906872,0.01605149,0.01351203,0.01137436,0.00957452,0.00805883,0.00678231
Gram_error_fro,2.0,1,12,3,0.0,0.05724485,0.05349014,0.04609812,0.03934634,0.03346024,0.02839173,0.02405948,0.02037296,0.01724346,0.01458997,0.01234125,0.01043593,0.00882175,0.00745439,0.00629634
Gram_error_fro,4.0,1,12,3,0.0,0.06901486,0.0462453,0.0353331,0.02846925,0.02325809,0.01912,0.01581335,0.01315906,0.01101213,0.00925961,0.00781609,0.00661749,0.00561557,0.00477348,0.0040627
Gram_error_fro,2.0,1,12,3,0.0,0.01074881,0.01140435,0.01222113,0.01262696,0.01267774,0.01247278,0.01209799,0.01161258,0.01105691,0.01045958,0.00984156,0.00921837,0.00860145,0.00799916,0.00741741
Gram_error_fro,4.0,1,12,3,0.0,0.04871368,0.02372523,0.01608512,0.01314468,0.01150081,0.01022418,0.00907088,0.00799835,0.00701239,0.00612208,0.00532998,0.00463267,0.00402306,0.00349242,0.00303169
Gram_error_fro,4.0,1,12,3,0.0,0.0703582,0.05682632,0.04822093,0.04282373,0.03911893,0.03622253,0.03371361,0.03141068,0.02924182,0.02718205,0.02522493,0.0233703,0.02161917,0.01997188,0.01842755
Gram_error_fro,2.0,1,12,3,0.0,0.07923202,0.07631745,0.0648004,0.05326636,0.04339527,0.03535326,0.02890722,0.02375553,0.01962621,0.01629832,0.01359926,0.01139604,0.00958641,0.00809151,0.00685013
Gram_error_fro,2.0,1,12,3,0.0,0.01818291,0.01173392,0.00779416,0.006602,0.00689707,0.00747708,0.00789215,0.00806812,0.00803916,0.00785859,0.00757404,0.00722255,0.00683136,0.00641999,0.00600228
Gram_error_fro,2.0,1,12,3,0.0,0.06881239,0.06157202,0.05037732,0.04058115,0.03244198,0.02581577,0.02048884,0.01623845,0.01286204,0.01018772,0.00807468,0.00640967,0.00510231,0.00408065,0.00328728
Gram_error_fro,2.0,1,12,3,0.0,0.11380181,0.10117374,0.08245074,0.06598515,0.05255211,0.04187537,0.03346793,0.02685595,0.02164225,0.01751291,0.01422577,0.01159555,0.00948063,0.00777232,0.00638681
Gram_error_fro,0.0,1,12,5,0.0,0.0,0.0,0.0,0.0,0.0,0.0,0.0,0.0,0.0,0.0,0.0,0.0,0.0,0.0,0.0
Gram_error_fro,2.0,1,12,5,0.0,0.08285739,0.06630479,0.04546785,0.03103756,0.02197625,0.01624073,0.01243754,0.00977727,0.00783053,0.00635738,0.00521559,0.0043151,0.00359556,0.00301468,0.0025418
Gram_error_fro,2.0,1,12,5,0.0,0.05230577,0.03682826,0.02521239,0.01787238,0.0129766,0.00952843,0.0070326,0.00520574,0.00386252,0.00287338,0.0021453,0.00161082,0.00122055,0.00093797,0.00073556
Gram_error_fro,2.0,1,12,5,0.0,0.04487708,0.02564072,0.01656543,0.01160472,0.00855825,0.00653761,0.00511971,0.0040841,0.00330673,0.00271206,0.00225062,0.00188813,0.00159994,0.001368,0.00117896
Gram_error_fro,2.0,1,12,5,0.0,0.05192267,0.03700884,0.02629564,0.01968192,0.01554566,0.01277939,0.01077617,0.00922536,0.00796773,0.00691774,0.00602576,0.00526023,0.00459924,0.00402637,0.00352867
Gram_error_fro,2.0,2,12,5,0.0,0.04025592,0.03212806,0.02907621,0.02794796,0.02750439,0.02735922,0.0273572,0.02742507,0.02752516,0.02763705,0.02774952,0.02785654,0.02795514,0.02804414,0.02812344
Gram_error_fro,4.0,1,12,5,0.0,0.08745718,0.06911681,0.04987834,0.0362067,0.02666383,0.01986992,0.01495012,0.01134969,0.00869926,0.00674243,0.00529609,0.00422666,0.00343513,0.00284716,0.00240671
Gram_error_fro,2.0,1,12,5,0.0,0.05124221,0.0415274,0.03001781,0.02205347,0.01697768,0.01365492,0.01134124,0.00962839,0.00829745,0.00722553,0.00633874,0.00558983,0.00494715,0.00438876,0.00389909
Gram_error_fro,2.0,1,12,5,0.0,0.0970496,0.07841139,0.05928185,0.045048,0.03461598,0.02685325,0.02101126,0.01659063,0.01323578,0.01068172,0.00872725,0.00721944,0.0060431,0.00511254,0.00436491
Gram_error_fro,4.0,1,12,5,0.0,0.08150423,0.05784528,0.03875453,0.02713721,0.0202695,0.01609689,0.01340091,0.01151198,0.0100782,0.00891803,0.00793701,0.00708438,0.00633135,0.00566037,0.00505974
Gram_error_fro,4.0,1,12,5,0.0,0.09035326,0.0636656,0.04350861,0.03042463,0.02188203,0.0161763,0.01226389,0.0095107,0.00752658,0.00606592,0.00496961,0.00413168,0.00347988,0.00296399,0.00254868
Gram_error_fro,2.0,1,12,5,0.0,0.11962487,0.08333636,0.05523727,0.03758741,0.02649064,0.01924097,0.01430162,0.01081803,0.00829885,0.0064459,0.00506755,0.00403425,0.00325477,0.00266305,0.00221034
Gram_error_fro,2.0,1,12,5,0.0,0.08529804,0.08013725,0.06570318,0.05239309,0.04165535,0.03326599,0.02675059,0.02167716,0.01770266,0.01456541,0.01206848,0.01006412,0.00844147,0.00711702,0.0060276
Gram_error_fro,2.0,1,12,5,0.0,0.08145799,0.06782846,0.05274869,0.04148002,0.03313248,0.02681573,0.02195422,0.01816589,0.01518111,0.01280259,0.01088408,0.00931713,0.00802157,0.00693818,0.00602308
Gram_error_fro,4.0,1,12,5,0.0,0.0952703,0.0624833,0.04126354,0.0287873,0.02127953,0.01655991,0.01341385,0.01117767,0.00949227,0.00816108,0.00707289,0.00616168,0.005386,0.00471828,0.00413914
Gram_error_fro,4.0,1,12,5,0.0,0.08499766,0.07014667,0.0583847,0.05081721,0.04541871,0.04113812,0.03750677,0.03430383,0.03141642,0.02878266,0.0263662,0.02414373,0.02209861,0.0202176,0.01848914
Gram_error_fro,0.0,1,12,5,0.0,0.0,0.0,0.0,0.0,0.0,0.0,0.0,0.0,0.0,0.0,0.0,0.0,0.0,0.0,0.0
Gram_error_fro,2.0,1,12,5,0.0,0.04869149,0.02853098,0.01522418,0.00832829,0.00510005,0.00359828,0.00279722,0.00227739,0.00189188,0.00158699,0.00133867,0.00113331,0.00096195,0.00081811,0.00069688
Gram_error_fro,2.0,1,12,5,0.0,0.05852823,0.04184978,0.02813341,0.01945171,0.0139851,0.01034511,0.00778787,0.0059289,0.00455173,0.00352061,0.00274336,0.00215442,0.00170594,0.00136255,0.00109794
Gram_error_fro,2.0,1,12,5,0.0,0.04795189,0.03016542,0.01874179,0.01231795,0.00869559,0.00647986,0.0049664,0.00384403,0.00297668,0.00229691,0.00176378,0.00134773,0.00102542,0.00077779,0.00058922
Gram_error_fro,2.0,1,12,5,0.0,0.06941432,0.06543015,0.05590496,0.04566675,0.03643182,0.02875519,0.02263338,0.0178524,0.01415348,0.01129886,0.00909157,0.00737632,0.00603397,0.00497448,0.00413043
Gram_error_fro,2.0,1,12,5,0.0,0.05895041,0.04754281,0.0362773,0.02749122,0.02072621,0.01559882,0.01176368,0.00891627,0.00680759,0.00524458,0.004082,0.00321238,0.00255691,0.0020581,0.00167422
Gram_error_fro,2.0,1,12,5,0.0,0.09326338,0.0635337,0.0421244,0.02863022,0.02007378,0.01445926,0.01062989,0.00793143,0.00598304,0.00455171,0.00348726,0.00268853,0.00208504,0.00162645,0.00127617
Gram_error_fro,4.0,1,12,5,0.0,0.07192042,0.07292546,0.06239251,0.05070377,0.04061068,0.03252189,0.02619535,0.02127067,0.0174222,0.01439085,0.01197992,0.0100427,0.00847032,0.00718181,0.00611663
Gram_error_fro,4.0,1,12,5,0.0,0.08093216,0.07315612,0.0619162,0.05042061,0.04046316,0.03247206,0.02624721,0.02143195,0.01769034,0.01475327,0.01241838,0.01053737,0.0090024,0.0077349,0.00667718
Gram_error_fro,2.0,1,12,5,0.0,0.05718943,0.06059724,0.05364233,0.04415812,0.03517382,0.02763287,0.02162977,0.01696702,0.01338316,0.01063571,0.00852474,0.00689391,0.0056243,0.00462681,0.00383522
Gram_error_fro,4.0,1,12,5,0.0,0.09194251,0.06670711,0.04807674,0.03625815,0.02837981,0.02279882,0.01865058,0.01546252,0.01295605,0.01095278,0.00933045,0.0080014,0.0069011,0.00598132,0.00520565
Gram_error_fro,2.0,1,12,5,0.0,0.08727276,0.0547946,0.03395608,0.02225482,0.01530754,0.01086986,0.00787261,0.00577214,0.00426553,0.00316955,0.00236589,0.00177419,0.00133783,0.00101595,0.00077853
Gram_error_fro,4.0,1,12,5,0.0,0.07497597,0.05239365,0.03585941,0.02490074,0.01772685,0.01294504,0.00964793,0.00729607,0.00557382,0.00429001,0.00332202,0.00258661,0.00202477,0.00159352,0.00126099
Gram_error_fro,4.0,1,12,5,0.0,0.08005224,0.05288896,0.03611514,0.02637542,0.01992522,0.01531325,0.01191293,0.00937545,0.00746929,0.00602879,0.00493244,0.00409064,0.00343736,0.00292406,0.00251519
Gram_error_fro,4.0,1,12,5,0.0,0.08546607,0.07826556,0.06466297,0.05123928,0.04003116,0.03119551,0.02437922,0.01916035,0.01516836,0.01210643,0.00974566,0.00791279,0.00647793,0.00534431,0.00444
Gram_error_fro,4.0,1,12,5,0.0,0.08070443,0.05399977,0.03594066,0.0246379,0.01731276,0.01238825,0.00898841,0.00659819,0.00489548,0.00366976,0.00277948,0.00212764,0.00164672,0.00128918,0.00102116
Gram_error_fro,0.0,1,12,6,0.0,0.0,0.0,0.0,0.0,0.0,0.0,0.0,0.0,0.0,0.0,0.0,0.0,0.0,0.0,0.0
Gram_error_fro,2.0,1,12,6,0.0,0.04015352,0.02940095,0.02169618,0.01588639,0.01175602,0.00888349,0.00688377,0.00547292,0.00445618,0.00370353,0.00312941,0.00267807,0.00231334,0.00201168,0.00175758
Gram_error_fro,0.0,1,12,6,0.0,0.0,0.0,0.0,0.0,0.0,0.0,0.0,0.0,0.0,0.0,0.0,0.0,0.0,0.0,0.0
Gram_error_fro,2.0,1,12,6,0.0,0.05797045,0.05781554,0.05064729,0.04239755,0.03471636,0.02814926,0.0227748,0.01847707,0.01507841,0.01239957,0.01028347,0.00860167,0.00725324,0.00616083,0.00526604
Gram_error_fro,2.0,1,12,6,0.0,0.07071194,0.06390287,0.05273544,0.04226245,0.03329662,0.02597367,0.02018178,0.01570129,0.01228665,0.00970886,0.00777226,0.00631776,0.00522019,0.00438355,0.00373599
Gram_error_fro,2.0,1,12,6,0.0,0.05100375,0.0428664,0.03487071,0.02965606,0.02597818,0.02291336,0.020126,0.01755097,0.0152009,0.01309422,0.01123664,0.00962058,0.00822931,0.00704112,0.00603236
Gram_error_fro,4.0,1,12,6,0.0,0.09181912,0.07518285,0.05872695,0.04645605,0.03706698,0.02972546,0.02395959,0.01943761,0.01589371,0.01311005,0.01091131,0.00915991,0.00775029,0.00660278,0.00565787
Gram_error_fro,2.0,2,12,6,0.0,0.06453353,0.05335103,0.04032221,0.03239448,0.02860879,0.0271935,0.02694345,0.0272174,0.02770464,0.02825896,0.02881253,0.02933493,0.02981386,0.0302459,0.03063191
Gram_error_fro,4.0,1,12,6,0.0,0.08281213,0.07666155,0.0670588,0.05681199,0.04721024,0.03885894,0.03189587,0.02622618,0.02166566,0.01801393,0.01508728,0.01273055,0.0108186,0.00925344,0.00795964
Gram_error_fro,4.0,1,12,6,0.0,0.10009141,0.07701921,0.05779697,0.04447744,0.03474388,0.02739013,0.02177973,0.01749712,0.01423024,0.01173334,0.00981287,0.00831916,0.00713924,0.00618993,0.00541122
Gram_error_fro,4.0,1,12,6,0.0,0.09165444,0.07471602,0.06022888,0.04992051,0.04187616,0.03533843,0.02999308,0.02562425,0.02204288,0.01908517,0.01661734,0.01453514,0.01275963,0.01123169,0.00990692
Gram_error_fro,2.0,1,12,6,0.0,0.07749658,0.06874064,0.0549759,0.04334271,0.03417976,0.02704678,0.02153147,0.01729514,0.01405579,0.01157994,0.00967862,0.00820341,0.00704119,0.00610827,0.00534417
Gram_error_fro,4.0,1,12,6,0.0,0.09180556,0.06743013,0.04659018,0.03298943,0.02440269,0.01889594,0.0152278,0.01265845,0.01076023,0.00928872,0.0081033,0.00712091,0.00629037,0.00557837,0.00496195
Gram_error_fro,4.0,1,12,6,0.0,0.0895562,0.07544914,0.05913669,0.04624185,0.03628442,0.02858656,0.02264381,0.01806656,0.01454361,0.01182679,0.00972125,0.00807659,0.00677857,0.00574158,0.00490214
Gram_error_fro,4.0,2,12,6,0.0,0.10789539,0.08388327,0.06437834,0.05138134,0.04252761,0.03661431,0.03291288,0.03081909,0.02980619,0.02945937,0.02948948,0.02971387,0.03002512,0.03036342,0.03069722
Gram_error_fro,4.0,1,12,6,0.0,0.08849575,0.08080979,0.06706917,0.05417993,0.04319051,0.03423924,0.0271482,0.02162014,0.01734266,0.01403661,0.01147214,0.00946868,0.00788844,0.00662812,0.00561109
Gram_error_fro,0.0,1,12,5,0.0,0.0,0.0,0.0,0.0,0.0,0.0,0.0,0.0,0.0,0.0,0.0,0.0,0.0,0.0,0.0
Gram_error_fro,2.0,1,12,5,0.0,0.0468608,0.03226769,0.02203238,0.01599762,0.01222009,0.00966114,0.00781301,0.00642262,0.00535191,0.00451515,0.00385287,0.00332143,0.00288833,0.00252953,0.00222748
Gram_error_fro,0.0,1,12,5,0.0,0.0,0.0,0.0,0.0,0.0,0.0,0.0,0.0,0.0,0.0,0.0,0.0,0.0,0.0,0.0
Gram_error_fro,2.0,1,12,5,0.0,0.0573505,0.03167656,0.01824525,0.01172946,0.00820036,0.00605862,0.00464613,0.00366003,0.00294351,0.0024072,0.00199621,0.00167489,0.00141915,0.00121227,0.00104243
Gram_error_fro,2.0,1,12,5,0.0,0.04530397,0.04439859,0.04210413,0.03900325,0.03533373,0.0314887,0.02776404,0.0243245,0.02123954,0.01852145,0.01615208,0.01409926,0.01232612,0.01079608,0.00947528
Gram_error_fro,2.0,1,12,5,0.0,0.05086589,0.04724976,0.04050631,0.03427655,0.02895484,0.02447692,0.02073011,0.01760369,0.01499609,0.01281771,0.01099213,0.00945589,0.00815722,0.00705429,0.0061135
Gram_error_fro,4.0,1,12,5,0.0,0.0585133,0.04878945,0.04018526,0.03387356,0.02910186,0.02531969,0.02223672,0.0196816,0.01753555,0.01571013,0.01413881,0.01277186,0.0115721,0.01051152,0.00956864
Gram_error_fro,2.0,1,12,5,0.0,0.06555493,0.04890496,0.04329949,0.03944156,0.03552968,0.03159604,0.02784191,0.02439677,0.02131481,0.01860159,0.01623618,0.01418552,0.01241269,0.01088138,0.00955811
Gram_error_fro,4.0,1,12,5,0.0,0.058562,0.04987555,0.03929774,0.03049702,0.02373975,0.01861125,0.01469731,0.01168534,0.00935032,0.00752903,0.0061008,0.00497495,0.00408259,0.0033711,0.00280018
Gram_error_fro,2.0,1,12,5,0.0,0.05448292,0.03454238,0.02307895,0.01653913,0.0123705,0.00949113,0.00739806,0.00582856,0.00462997,0.00370492,0.00298647,0.00242608,0.00198735,0.00164241,0.00136975
Gram_error_fro,2.0,1,12,5,0.0,0.04939986,0.03505168,0.02688758,0.02145208,0.0172648,0.01387382,0.01111334,0.00888407,0.00710082,0.00568505,0.00456647,0.00368476,0.00298983,0.00244109,0.00200624
Gram_error_fro,6.0,1,12,5,0.0,0.11034725,0.0752411,0.05052878,0.03513581,0.0251643,0.01845689,0.01380932,0.01050837,0.00811378,0.00634538,0.00501982,0.0040138,0.00324214,0.00264456,0.00217754
Gram_error_fro,2.0,1,12,5,0.0,0.1104468,0.09195963,0.06830771,0.05024793,0.03742043,0.02832686,0.02178551,0.01699926,0.01344177,0.01076059,0.00871441,0.00713441,0.00590037,0.00492556,0.00414674
Gram_error_fro,4.0,1,12,5,0.0,0.07512939,0.06669213,0.05532936,0.04518184,0.03672989,0.02984542,0.02428585,0.01981013,0.01620744,0.01330254,0.01095365,0.00904778,0.00749563,0.00622682,0.00518587
Gram_error_fro,4.0,1,12,5,0.0,0.09309599,0.05886767,0.03493537,0.02251134,0.01617848,0.01253056,0.01004484,0.00815126,0.00663983,0.00541814,0.00443074,0.00363536,0.00299648,0.00248386,0.00207206
Gram_error_fro,4.0,1,12,5,0.0,0.11524004,0.07607484,0.04783275,0.03241145,0.02424814,0.01948648,0.01623117,0.01371746,0.01165812,0.00993498,0.00848485,0.00726292,0.00623233,0.0053616,0.00462399
Gram_error_fro,0.0,1,12,5,0.0,0.0,0.0,0.0,0.0,0.0,0.0,0.0,0.0,0.0,0.0,0.0,0.0,0.0,0.0,0.0
Gram_error_fro,2.0,1,12,5,0.0,0.0687819,0.04828028,0.03257462,0.02274468,0.01649874,0.01233008,0.00941819,0.00731509,0.00576061,0.004592,0.0037011,0.00301308,0.00247505,0.00204911,0.0017079
Gram_error_fro,2.0,1,12,5,0.0,0.01306574,0.01018898,0.00974737,0.00998791,0.0098759,0.00939136,0.00869851,0.00792739,0.00715429,0.00641769,0.00573418,0.00510896,0.00454173,0.00402977,0.0035694
Gram_error_fro,2.0,1,12,5,0.0,0.03580597,0.02694518,0.0221847,0.0190408,0.01661205,0.01461658,0.01292485,0.0114619,0.01017976,0.00904607,0.00803802,0.00713885,0.00633568,0.00561807,0.00497723
Gram_error_fro,2.0,1,12,5,0.0,0.04033075,0.02775023,0.02077391,0.01633112,0.01316016,0.01080397,0.00900683,0.00760205,0.00647872,0.0055623,0.00480189,0.00416205,0.00361766,0.00315049,0.00274702
Gram_error_fro,0.0,1,12,5,0.0,0.0,0.0,0.0,0.0,0.0,0.0,0.0,0.0,0.0,0.0,0.0,0.0,0.0,0.0,0.0
Gram_error_fro,4.0,1,12,5,0.0,0.08128219,0.0652025,0.0490405,0.0375506,0.02951803,0.0237127,0.01936614,0.01601575,0.01337278,0.01124899,0.00951703,0.00808794,0.00689779,0.0058994,0.00505707
Gram_error_fro,4.0,1,12,5,0.0,0.10552819,0.08079384,0.06308277,0.05161213,0.0433874,0.03706253,0.03200336,0.02785636,0.02439645,0.02146919,0.01896435,0.01680122,0.01491943,0.01327281,0.01182532
Gram_error_fro,2.0,1,12,5,0.0,0.08834537,0.07393451,0.05633408,0.04331232,0.0341287,0.02759045,0.02284766,0.01932924,0.01665052,0.0145534,0.01286626,0.01147545,0.01030532,0.00930462,0.00843775
Gram_error_fro,4.0,1,12,5,0.0,0.07285364,0.05273128,0.03867772,0.0300898,0.02466433,0.02102836,0.01842398,0.01643112,0.0148159,0.01344836,0.01225611,0.01119789,0.01024898,0.00939328,0.00861921
Gram_error_fro,4.0,1,12,5,0.0,0.08441176,0.06949475,0.05512965,0.0435845,0.03437741,0.02712543,0.0214871,0.01714371,0.0138126,0.0112569,0.00928666,0.0077545,0.00654886,0.00558684,0.0048077
Gram_error_fro,4.0,1,12,5,0.0,0.10513758,0.06831816,0.0414673,0.02643645,0.01813813,0.01327379,0.0101712,0.00803889,0.0064921,0.00532679,0.00442354,0.00370704,0.00312757,0.00265138,0.00225504
Gram_error_fro,4.0,1,12,5,0.0,0.07131489,0.06130258,0.05089257,0.04153716,0.03351679,0.02697774,0.02182101,0.01782553,0.01474652,0.01236371,0.01049814,0.00901317,0.00780871,0.00681329,0.00597656
Gram_error_fro,2.0,1,12,5,0.0,0.08078046,0.05793126,0.03986478,0.02790015,0.01979612,0.01415376,0.0101694,0.00734249,0.00533792,0.00392294,0.00293318,0.00225108,0.00179046,0.00148583,0.00128639
Gram_error_fro,4.0,1,12,5,0.0,0.11531669,0.08702937,0.06524017,0.0509544,0.04089624,0.03335135,0.02748723,0.02283842,0.01910435,0.01607376,0.01359209,0.01154387,0.00984164,0.0084183,0.00722182
Gram_error_fro,4.0,1,12,5,0.0,0.08996762,0.06863738,0.0496128,0.03711094,0.02887304,0.02313449,0.018922,0.01570962,0.01319233,0.01117807,0.00953835,0.00818398,0.00705154,0.0060951,0.00528078
Gram_error_fro,0.0,1,12,2,0.0,0.0,0.0,0.0,0.0,0.0,0.0,0.0,0.0,0.0,0.0,0.0,0.0,0.0,0.0,0.0
Gram_error_fro,0.0,1,12,2,0.0,0.0,0.0,0.0,0.0,0.0,0.0,0.0,0.0,0.0,0.0,0.0,0.0,0.0,0.0,0.0
Gram_error_fro,0.0,1,12,2,0.0,0.0,0.0,0.0,0.0,0.0,0.0,0.0,0.0,0.0,0.0,0.0,0.0,0.0,0.0,0.0
Gram_error_fro,2.0,1,12,2,0.0,0.04911319,0.01754824,0.00911937,0.00601106,0.00434868,0.0032397,0.00242923,0.00181905,0.00135663,0.00100687,0.00074389,0.00054798,0.00040401,0.00030031,0.00022775
Gram_error_fro,2.0,1,12,2,0.0,0.02805349,0.02585204,0.02022345,0.01554879,0.01196965,0.00925315,0.00718615,0.00560529,0.004389,0.0034476,0.00271493,0.00214203,0.00169231,0.00133823,0.00105882
Gram_error_fro,2.0,1,12,2,0.0,0.05133504,0.03156501,0.02124533,0.01515974,0.01110182,0.00823232,0.00614955,0.00461724,0.00348024,0.00263135,0.00199447,0.00151479,0.00115236,0.0008778,0.00066938
Gram_error_fro,4.0,1,12,2,0.0,0.07293524,0.06419571,0.05445039,0.04553919,0.03787904,0.03150022,0.02625765,0.02196243,0.0184368,0.01553067,0.01312297,0.0111178,0.00943968,0.00802913,0.006839
Gram_error_fro,2.0,1,12,2,0.0,0.05066979,0.0194504,0.01011014,0.00637138,0.00427431,0.0028978,0.00194843,0.00128707,0.00083036,0.00052494,0.00033837,0.00025011,0.00022993,0.00023646,0.00024477
Gram_error_fro,2.0,1,12,2,0.0,0.04946558,0.03419807,0.02663706,0.02141136,0.01761035,0.01474462,0.01251259,0.010729,0.00927433,0.00806751,0.00705168,0.00618611,0.0054411,0.00479468,0.00423032
Gram_error_fro,2.0,1,12,2,0.0,0.02328745,0.01728041,0.01303707,0.00976869,0.00729113,0.00545406,0.00409924,0.0030969,0.00235086,0.00179203,0.00137101,0.0010522,0.00080977,0.00062475,0.00048311
Gram_error_fro,2.0,1,12,2,0.0,0.05133504,0.03156501,0.02124533,0.01515974,0.01110182,0.00823232,0.00614955,0.00461724,0.00348024,0.00263135,0.00199447,0.00151479,0.00115236,0.0008778,0.00066938
Gram_error_fro,4.0,1,12,2,0.0,0.07516988,0.05267313,0.03957867,0.03036911,0.0234373,0.01817278,0.01416318,0.01109472,0.00873169,0.00689989,0.00547111,0.0043506,0.00346773,0.00276935,0.00221511
Gram_error_fro,2.0,1,12,2,0.0,0.05133504,0.03156501,0.02124533,0.01515974,0.01110182,0.00823232,0.00614955,0.00461724,0.00348024,0.00263135,0.00199447,0.00151479,0.00115236,0.0008778,0.00066938
Gram_error_fro,2.0,1,12,2,0.0,0.04499198,0.0314426,0.02333344,0.01786534,0.01401775,0.01122773,0.00916203,0.0076054,0.00641039,0.00547381,0.00472327,0.00410843,0.00359446,0.00315736,0.00278051
Gram_error_fro,2.0,1,12,2,0.0,0.05419825,0.04902106,0.04122365,0.03395725,0.02781563,0.02279873,0.01874943,0.01548727,0.01285088,0.0107082,0.00895537,0.00751207,0.00631652,0.00532103,0.00448852
Gram_error_fro,4.0,1,12,2,0.0,0.0527921,0.02840099,0.01952809,0.015074,0.0122413,0.01026732,0.00882899,0.00773757,0.00687133,0.0061525,0.00553312,0.00498469,0.0044906,0.00404126,0.00363098
Gram_error_fro,0.0,1,12,4,0.0,0.0,0.0,0.0,0.0,0.0,0.0,0.0,0.0,0.0,0.0,0.0,0.0,0.0,0.0,0.0
Gram_error_fro,2.0,1,12,4,0.0,0.04475183,0.0436992,0.0405578,0.03730681,0.03391932,0.03050365,0.02720212,0.02411308,0.02128591,0.01873547,0.01645623,0.01443199,0.01264178,0.01106323,0.00967433
Gram_error_fro,2.0,1,12,4,0.0,0.07230469,0.07778146,0.07199364,0.06377628,0.05553056,0.04800097,0.04138445,0.03567254,0.03078069,0.02660279,0.02303441,0.01998183,0.0173645,0.0151146,0.01317559
Gram_error_fro,2.0,1,12,4,0.0,0.0529911,0.04091491,0.03689437,0.03475191,0.03286062,0.03093666,0.02897226,0.02701123,0.02509653,0.02325934,0.02151908,0.01988585,0.01836305,0.01694961,0.01564161
Gram_error_fro,2.0,1,12,4,0.0,0.04216107,0.03137337,0.0227729,0.01763547,0.01437244,0.01201953,0.01016348,0.00863636,0.00736016,0.00628827,0.00538619,0.00462566,0.00398297,0.00343827,0.00297508
Gram_error_fro,2.0,1,12,4,0.0,0.07230469,0.07778146,0.07199364,0.06377628,0.05553056,0.04800097,0.04138445,0.03567254,0.03078069,0.02660279,0.02303441,0.01998183,0.0173645,0.0151146,0.01317559
Gram_error_fro,2.0,1,12,4,0.0,0.01085947,0.0080036,0.00456968,0.00233235,0.00114237,0.00061886,0.00049367,0.00052262,0.00056393,0.00058337,0.00057965,0.00055841,0.00052585,0.00048709,0.00044588
Gram_error_fro,4.0,1,12,4,0.0,0.05241207,0.06022466,0.05640971,0.04943768,0.04237271,0.03607388,0.03068109,0.02612354,0.02228343,0.01904547,0.01630955,0.01399201,0.01202379,0.01034804,0.00891795
Gram_error_fro,2.0,1,12,4,0.0,0.05432713,0.04038153,0.03232484,0.02786774,0.02501023,0.02285803,0.0210647,0.01948957,0.01806574,0.01675647,0.01554018,0.01440393,0.01333984,0.01234286,0.01140941
Gram_error_fro,2.0,1,12,4,0.0,0.10573516,0.08247181,0.05594402,0.03795927,0.0268053,0.01993772,0.01558712,0.01268687,0.01063041,0.00908238,0.00785809,0.00685387,0.00600922,0.00528688,0.00466237
Gram_error_fro,4.0,1,12,4,0.0,0.07714252,0.05750808,0.04624884,0.04116359,0.03890817,0.03765126,0.03660633,0.03549812,0.03426104,0.03290572,0.03146539,0.0299756,0.02846735,0.02696539,0.02548847
Gram_error_fro,2.0,1,12,4,0.0,0.03053102,0.02903636,0.02585903,0.02277566,0.01990728,0.01731054,0.01501983,0.01303219,0.01132051,0.00984894,0.00858193,0.00748797,0.0065405,0.00571753,0.00500095
Gram_error_fro,2.0,1,12,4,0.0,0.09863475,0.0662631,0.04679293,0.03560608,0.02854127,0.02366457,0.02005026,0.01722465,0.01492911,0.01301358,0.01138567,0.00998504,0.00877001,0.00771016,0.00678228
Gram_error_fro,2.0,1,12,4,0.0,0.09636952,0.07653024,0.05626737,0.04335677,0.03516408,0.02946728,0.02513479,0.02163973,0.01872506,0.01625024,0.01412772,0.01229655,0.01071088,0.00933442,0.00813756
Gram_error_fro,4.0,1,12,4,0.0,0.13296665,0.10483333,0.07900703,0.06115538,0.04863304,0.0394664,0.03250409,0.02706545,0.02272567,0.01920542,0.01631298,0.01391212,0.01190312,0.01021114,0.00877871
Gram_error_fro,4.0,1,12,4,0.0,0.09374958,0.06611019,0.04854973,0.03815358,0.03119241,0.026051,0.02201209,0.01872446,0.0159949,0.01370318,0.011766,0.0101211,0.0087197,0.00752252,0.00649746
Gram_error_fro,0.0,1,12,2,0.0,0.0,0.0,0.0,0.0,0.0,0.0,0.0,0.0,0.0,0.0,0.0,0.0,0.0,0.0,0.0
Gram_error_fro,0.0,1,12,2,0.0,0.0,0.0,0.0,0.0,0.0,0.0,0.0,0.0,0.0,0.0,0.0,0.0,0.0,0.0,0.0
Gram_error_fro,2.0,1,12,2,0.0,0.04292333,0.02606421,0.01927134,0.01536011,0.0125945,0.01046982,0.00877005,0.00737877,0.00622451,0.00525909,0.00444757,0.00376328,0.00318513,0.00269607,0.00228207
Gram_error_fro,2.0,1,12,2,0.0,0.04148061,0.02550889,0.01811095,0.01386748,0.01096494,0.00880781,0.00713913,0.00582066,0.00476582,0.00391496,0.00322453,0.00266168,0.00220109,0.001823,0.0015118
Gram_error_fro,2.0,1,12,2,0.0,0.04148061,0.02550889,0.01811095,0.01386748,0.01096494,0.00880781,0.00713913,0.00582066,0.00476582,0.00391496,0.00322453,0.00266168,0.00220109,0.001823,0.0015118
Gram_error_fro,2.0,1,12,2,0.0,0.00279491,0.000959,0.00049156,0.00148047,0.00211799,0.00245779,0.00257557,0.00254273,0.00241612,0.0022369,0.00203302,0.00182266,0.00161712,0.00142303,0.00124399
Gram_error_fro,4.0,1,12,2,0.0,0.04726487,0.01662458,0.00787627,0.00498059,0.00422204,0.00407861,0.00397298,0.00378512,0.00352382,0.00321985,0.00290006,0.00258336,0.00228165,0.00200169,0.00174675
Gram_error_fro,2.0,1,12,2,0.0,0.01111967,0.00488207,0.00281055,0.00198492,0.00153526,0.00123462,0.00101599,0.00085284,0.00072985,0.00063621,0.0005641,0.00050785,0.00046334,0.00042749,0.00039794
Gram_error_fro,2.0,1,12,2,0.0,0.06238365,0.0479642,0.03655446,0.02824508,0.02195765,0.01715187,0.01346923,0.01063797,0.00845022,0.00674921,0.00541779,0.00436876,0.00353703,0.00287377,0.00234209
Gram_error_fro,4.0,1,12,2,0.0,0.12592474,0.11748421,0.1028459,0.08907215,0.07691709,0.0664371,0.05748181,0.04984727,0.04333419,0.03776616,0.032993,0.02888884,0.02534896,0.02228636,0.0196288
Gram_error_fro,4.0,1,12,2,0.0,0.07305581,0.05778281,0.04475152,0.03496369,0.02751525,0.02181372,0.01742638,0.01402593,0.01136795,0.00927189,0.00760476,0.00626815,0.0051887,0.00431121,0.00359373
Gram_error_fro,4.0,1,12,2,0.0,0.04569176,0.02776502,0.01970499,0.01491036,0.01173617,0.00950029,0.00784715,0.00657731,0.00557279,0.00476009,0.00409116,0.00353321,0.00306297,0.00266343,0.00232176
Gram_error_fro,2.0,2,12,2,0.0,0.02779532,0.01701655,0.01488542,0.01422599,0.01395294,0.01381127,0.01373302,0.01369459,0.01368367,0.01369193,0.0137133,0.0137433,0.01377864,0.01381693,0.01385643
Gram_error_fro,2.0,1,12,2,0.0,0.03487743,0.02348963,0.01689408,0.01268585,0.00970316,0.00749009,0.00580658,0.00450587,0.00349123,0.00269534,0.00206931,0.00157657,0.0011892,0.00088559,0.00064896
Gram_error_fro,2.0,1,12,2,0.0,0.0079712,0.00355328,0.00150251,0.00050235,0.00011436,0.00033866,0.00047229,0.00052937,0.00054164,0.00052827,0.00050063,0.00046557,0.00042728,0.00038833,0.0003503
Gram_error_fro,4.0,1,12,2,0.0,0.02396352,0.01578944,0.0132668,0.01184384,0.01073733,0.00974723,0.0088297,0.00797915,0.00719594,0.00647933,0.00582687,0.00523493,0.00469933,0.00421569,0.00377966
Gram_error_fro,0.0,1,12,4,0.0,0.0,0.0,0.0,0.0,0.0,0.0,0.0,0.0,0.0,0.0,0.0,0.0,0.0,0.0,0.0
Gram_error_fro,0.0,1,12,4,0.0,0.0,0.0,0.0,0.0,0.0,0.0,0.0,0.0,0.0,0.0,0.0,0.0,0.0,0.0,0.0
Gram_error_fro,2.0,1,12,4,0.0,0.05301979,0.03955559,0.02721303,0.01937882,0.01452096,0.01128938,0.00896702,0.00721006,0.00584246,0.00476076,0.00389631,0.00320011,0.00263584,0.00217609,0.00179983
Gram_error_fro,2.0,1,12,4,0.0,0.05768861,0.04137528,0.02878123,0.02177333,0.01785635,0.01532893,0.01343112,0.01186955,0.01052861,0.00935519,0.00831898,0.00739937,0.00658075,0.0058507,0.00519896
Gram_error_fro,2.0,1,12,4,0.0,0.08618179,0.06819971,0.05054829,0.0386351,0.03067727,0.02511846,0.02103409,0.01789627,0.01539825,0.01335532,0.01165095,0.01020788,0.00897234,0.00790533,0.00697763
Gram_error_fro,2.0,1,12,4,0.0,0.0910141,0.07328693,0.05668234,0.04635629,0.03955185,0.03447294,0.03033306,0.02680716,0.02374596,0.02106547,0.01870809,0.01662911,0.0147918,0.01316516,0.01172284
Gram_error_fro,4.0,1,12,4,0.0,0.0577631,0.0396644,0.02902586,0.022417,0.01791449,0.01465249,0.01221065,0.01034332,0.00888661,0.00772574,0.00677993,0.00599269,0.0053247,0.00474861,0.00424522
Gram_error_fro,2.0,1,12,4,0.0,0.07340822,0.05762026,0.04279095,0.03297973,0.02614406,0.02103519,0.01705998,0.01390304,0.01136765,0.009317,0.00765012,0.00629009,0.00517717,0.00426439,0.00351442
Gram_error_fro,4.0,1,12,4,0.0,0.07811035,0.07291055,0.06534089,0.05727234,0.04966326,0.0429219,0.03712619,0.0322028,0.02802917,0.02448087,0.02144905,0.01884409,0.01659392,0.0146409,0.01293876
Gram_error_fro,4.0,1,12,4,0.0,0.06183451,0.04794701,0.03597951,0.0276143,0.02157548,0.01703719,0.01354219,0.01081527,0.008671,0.00697508,0.00562698,0.00455049,0.00368737,0.0029929,0.00243247
Gram_error_fro,2.0,1,12,4,0.0,0.06770959,0.07355025,0.067653,0.05875167,0.04974434,0.04164787,0.03473555,0.02897696,0.02423142,0.02033372,0.01712936,0.01448631,0.01229652,0.01047333,0.0089479
Gram_error_fro,4.0,1,12,4,0.0,0.09864557,0.06938953,0.04986654,0.03861979,0.03158448,0.02664732,0.02290086,0.01993104,0.01751182,0.01549923,0.01379433,0.01232741,0.01104881,0.00992286,0.00892354
Gram_error_fro,4.0,1,12,4,0.0,0.08112708,0.06045975,0.04162628,0.02939893,0.02157418,0.01630757,0.01257542,0.00983086,0.00776235,0.00617678,0.00494599,0.00398092,0.00321785,0.0026102,0.00212342
Gram_error_fro,4.0,2,12,4,0.0,0.06407199,0.05475569,0.04186805,0.03183935,0.02501139,0.02083305,0.01868129,0.0179214,0.01798405,0.018456,0.01908748,0.01974563,0.0203667,0.02092418,0.02141053
Gram_error_fro,4.0,1,12,4,0.0,0.09929057,0.08147909,0.06112173,0.04636489,0.03630655,0.02938468,0.02447487,0.0208611,0.01809611,0.01589981,0.01409587,0.01257252,0.0112581,0.01010584,0.00908441
Gram_error_fro,4.0,1,12,4,0.0,0.07028042,0.04548024,0.0281826,0.01787672,0.01188865,0.00832471,0.00612373,0.00471996,0.00379946,0.00317569,0.0027333,0.00240124,0.002137,0.00191599,0.00172427
Gram_error_fro,0.0,1,12,2,0.0,0.0,0.0,0.0,0.0,0.0,0.0,0.0,0.0,0.0,0.0,0.0,0.0,0.0,0.0,0.0
Gram_error_fro,2.0,1,12,2,0.0,0.07903406,0.0334949,0.01448906,0.00655909,0.00328968,0.00220036,0.0019153,0.00177412,0.0016227,0.00145403,0.00128167,0.0011162,0.00096348,0.00082604,0.00070446
Gram_error_fro,2.0,1,12,2,0.0,0.04788407,0.04507874,0.03972131,0.03456135,0.0299845,0.02601848,0.02259934,0.01964946,0.01709887,0.01488857,0.01296947,0.01130056,0.0098474,0.00858087,0.00747623
Gram_error_fro,2.0,1,12,2,0.0,0.016811,0.00647298,0.00260414,0.00067943,0.0007784,0.00153423,0.00202921,0.0023215,0.00246862,0.00251368,0.00248807,0.00241455,0.00230952,0.00218486,0.00204911
Gram_error_fro,2.0,1,12,2,0.0,0.07360986,0.05782672,0.04702166,0.03876178,0.03209495,0.0267019,0.0223432,0.0188065,0.01591616,0.01353448,0.01155594,0.00990001,0.00850498,0.00732312,0.00631707
Gram_error_fro,2.0,1,12,2,0.0,0.03376959,0.02095666,0.01464351,0.01092622,0.00846532,0.00671264,0.00540089,0.00438702,0.00358691,0.00294662,0.00242916,0.00200792,0.00166316,0.00137979,0.00114615
Gram_error_fro,4.0,1,12,2,0.0,0.05308755,0.03977749,0.03081205,0.02430233,0.01937058,0.01555035,0.01254502,0.01015542,0.00824141,0.00670029,0.00545456,0.00444461,0.00362397,0.00295601,0.00241165
Gram_error_fro,2.0,1,12,2,0.0,0.04680171,0.04220851,0.03569877,0.02965942,0.02452967,0.02032623,0.01691949,0.01415575,0.01190014,0.01004525,0.00850834,0.0072262,0.00615032,0.00524309,0.00447504
Gram_error_fro,4.0,1,12,2,0.0,0.05644596,0.0334132,0.02249178,0.01619491,0.01229735,0.00984473,0.00827727,0.00723702,0.00649777,0.0059245,0.00544199,0.00501104,0.00461258,0.00423816,0.00388454
Gram_error_fro,2.0,1,12,2,0.0,0.01503203,0.0179225,0.01979808,0.02023392,0.01981755,0.01889651,0.0177082,0.01640327,0.01507286,0.01377044,0.01252634,0.01135667,0.01026883,0.0092649,0.00834369
Gram_error_fro,4.0,1,12,2,0.0,0.07233999,0.03126499,0.01551763,0.01002278,0.00808669,0.00712154,0.00635228,0.0056187,0.00491253,0.00425047,0.00364595,0.0031054,0.00262966,0.00221603,0.00185983
Gram_error_fro,4.0,1,12,2,0.0,0.07496858,0.05739161,0.04609701,0.03755403,0.03067997,0.02513446,0.02067265,0.01707833,0.01417046,0.01180461,0.0098682,0.00827411,0.00695488,0.00585798,0.00494225
Gram_error_fro,4.0,1,12,2,0.0,0.07225987,0.04859822,0.03566585,0.02715512,0.02096174,0.01632678,0.01282004,0.01014334,0.00808171,0.00647946,0.00522347,0.00423104,0.00344122,0.00280861,0.00229907
Gram_error_fro,4.0,1,12,2,0.0,0.05437827,0.03970615,0.03070318,0.02423418,0.01932508,0.01551357,0.01251187,0.01012486,0.00821356,0.00667537,0.00543267,0.00442567,0.0036078,0.00294235,0.00240023
Gram_error_fro,4.0,1,12,2,0.0,0.05615342,0.0406758,0.03042746,0.02311113,0.01763082,0.01350791,0.01040666,0.00806693,0.00629169,0.00493527,0.00389123,0.00308194,0.0024505,0.00195495,0.00156407
Gram_error_fro,4.0,1,12,2,0.0,0.07668753,0.0447636,0.03247208,0.02553698,0.02059183,0.01674806,0.01366395,0.01115969,0.00911699,0.00744774,0.00608266,0.00496604,0.00405268,0.00330574,0.00269512
Gram_error_fro,0.0,1,12,1,0.0,0.0,0.0,0.0,0.0,0.0,0.0,0.0,0.0,0.0,0.0,0.0,0.0,0.0,0.0,0.0
Gram_error_fro,2.0,1,12,1,0.0,0.01709325,0.00635707,0.0039037,0.00301823,0.00252815,0.00218299,0.00191051,0.00168275,0.00148635,0.0013141,0.00116179,0.00102668,0.00090676,0.0008004,0.0007062
Gram_error_fro,2.0,1,12,1,0.0,0.0,0.0,0.00061172,0.00093391,0.00106198,0.00109063,0.00106979,0.00102316,0.00096257,0.00089471,0.00082388,0.00075301,0.0006841,0.00061846,0.00055691
Gram_error_fro,0.0,1,12,1,0.0,0.0,0.0,0.0,0.0,0.0,0.0,0.0,0.0,0.0,0.0,0.0,0.0,0.0,0.0,0.0
Gram_error_fro,2.0,1,12,1,0.0,0.00337745,0.00108907,0.00069207,0.00060297,0.00053733,0.00046138,0.00038368,0.00031303,0.00025308,0.00020409,0.00016479,0.0001335,0.00010862,8.879e-05,7.291e-05
Gram_error_fro,2.0,1,12,1,0.0,0.06391534,0.04619063,0.03765548,0.03204339,0.02754508,0.02371684,0.02041924,0.01758186,0.0151486,0.01306703,0.01128824,0.00976793,0.00846719,0.00735246,0.00639522
Gram_error_fro,4.0,1,12,1,0.0,0.00748662,0.02130652,0.01993432,0.01701802,0.01426937,0.01190825,0.00992657,0.00827722,0.0069092,0.00577574,0.00483632,0.00405678,0.00340881,0.00286911,0.00241865
Gram_error_fro,4.0,1,12,1,0.0,0.01003638,0.00382881,0.00322596,0.00355479,0.00393722,0.00419461,0.00431291,0.00431738,0.0042377,0.00409911,0.00392127,0.00371897,0.0035031,0.00328164,0.00306031
Gram_error_fro,4.0,1,12,1,0.0,0.03359206,0.03249923,0.02748623,0.02283428,0.01889206,0.01562957,0.01295323,0.01076378,0.00897197,0.00750238,0.00629327,0.00529484,0.00446721,0.00377855,0.00320343
Gram_error_fro,2.0,1,12,1,0.0,0.06391534,0.04619063,0.03732951,0.03127482,0.02644689,0.02244729,0.01910862,0.01631782,0.01398227,0.01202336,0.01037507,0.00898273,0.00780159,0.00679523,0.00593412
Gram_error_fro,4.0,1,12,1,0.0,0.07339506,0.05112209,0.03960035,0.03192261,0.02606135,0.02142132,0.0177071,0.0147148,0.01228965,0.01031218,0.00869005,0.00735168,0.00624137,0.00531555,0.00453992
Gram_error_fro,2.0,1,12,1,0.0,0.01003638,0.00382881,0.00290887,0.00277887,0.00273096,0.00265735,0.00255177,0.00242354,0.002282,0.00213434,0.00198571,0.00183967,0.00169858,0.00156392,0.00143658
Gram_error_fro,4.0,1,12,1,0.0,0.01906274,0.02795662,0.02803573,0.02678835,0.02531956,0.02382601,0.02235099,0.02091157,0.01951968,0.0181845,0.01691245,0.01570736,0.01457093,0.0135032,0.01250304
Gram_error_fro,2.0,1,12,1,0.0,0.00337745,0.00108907,0.00069207,0.00060297,0.00053733,0.00046138,0.00038368,0.00031303,0.00025308,0.00020409,0.00016479,0.0001335,0.00010862,8.879e-05,7.291e-05
Gram_error_fro,4.0,1,12,1,0.0,0.03819098,0.03405822,0.02804064,0.02286155,0.01859953,0.01514554,0.0123636,0.01012592,0.00832332,0.00686669,0.00568498,0.00472214,0.00393421,0.00328668,0.00275239
Gram_error_fro,4.0,1,12,1,0.0,0.07339506,0.05112209,0.04263207,0.03751365,0.03338279,0.02972883,0.02643625,0.02347489,0.02082687,0.01847143,0.01638413,0.01453881,0.01290943,0.0114713,0.01020172
Gram_error_fro,0.0,1,12,3,0.0,0.0,0.0,0.0,0.0,0.0,0.0,0.0,0.0,0.0,0.0,0.0,0.0,0.0,0.0,0.0
Gram_error_fro,2.0,1,12,3,0.0,0.04923632,0.02653845,0.01744509,0.01335062,0.01096883,0.0092738,0.00793005,0.00681185,0.00586172,0.00504707,0.0043458,0.00374115,0.00321954,0.00276959,0.00238155
Gram_error_fro,2.0,1,12,3,0.0,0.04324838,0.01684439,0.00665721,0.00271003,0.00153527,0.00151962,0.00159725,0.00157244,0.00147178,0.00133269,0.00118038,0.00102963,0.00088841,0.00076049,0.00064717
Gram_error_fro,2.0,1,12,3,0.0,0.04910106,0.03782514,0.03026088,0.02478486,0.02055112,0.01717507,0.01444062,0.01220536,0.01036543,0.00884134,0.00757102,0.00650577,0.0056073,0.00484539,0.00419612
Gram_error_fro,2.0,1,12,3,0.0,0.02830377,0.02232124,0.01782583,0.01429349,0.01151488,0.00932795,0.00759374,0.00620547,0.00508456,0.00417333,0.00342886,0.00281853,0.00231707,0.00190453,0.00156494
Gram_error_fro,2.0,1,12,3,0.0,0.05124264,0.04250212,0.0343179,0.02792046,0.0228719,0.01884332,0.01560383,0.01298123,0.01084436,0.00909266,0.00764869,0.00645245,0.005457,0.00462537,0.00392816
Gram_error_fro,2.0,1,12,3,0.0,0.06181012,0.0364651,0.02311635,0.01567383,0.01106582,0.00801497,0.00591248,0.00442682,0.00335881,0.00258072,0.00200716,0.00157955,0.00125707,0.00101098,0.00082089
Gram_error_fro,4.0,1,12,3,0.0,0.04347015,0.03394144,0.02517322,0.01864902,0.0139743,0.01058397,0.00807997,0.00620322,0.00478186,0.00369772,0.00286674,0.00222761,0.00173474,0.00135384,0.00105889
Gram_error_fro,4.0,1,12,3,0.0,0.09774287,0.0627095,0.04369758,0.03300443,0.02575256,0.02038033,0.01626569,0.01306627,0.01055502,0.00856952,0.00698986,0.00572601,0.00470965,0.00388841,0.00322185
Gram_error_fro,4.0,1,12,3,0.0,0.07556877,0.04671661,0.03286275,0.02541131,0.02047986,0.01680449,0.01390347,0.01155016,0.00961521,0.00801301,0.00668127,0.00557199,0.00464693,0.00387505,0.00323083
Gram_error_fro,4.0,1,12,3,0.0,0.07027356,0.04462785,0.03054478,0.02186969,0.01597966,0.01179992,0.00877039,0.00654811,0.00490517,0.00368383,0.00277225,0.00208984,0.00157789,0.0011932,0.00090381
Gram_error_fro,2.0,1,12,3,0.0,0.08049582,0.056218,0.0420098,0.03260671,0.02562359,0.02029119,0.01617896,0.01298082,0.01047225,0.00848846,0.00690797,0.00564053,0.00461837,0.00379005,0.00311609
Gram_error_fro,4.0,1,12,3,0.0,0.0885607,0.08015322,0.06759677,0.0561175,0.04639906,0.03835967,0.03175834,0.02634544,0.02190181,0.01824546,0.01522862,0.01273242,0.01066146,0.00893904,0.00750334
Gram_error_fro,2.0,1,12,3,0.0,0.00547562,0.00211741,0.0017796,0.00211468,0.00213186,0.00197579,0.00175391,0.00151787,0.00129223,0.00108808,0.00090935,0.00075613,0.00062659,0.0005181,0.00042779
Gram_error_fro,2.0,1,12,3,0.0,0.06917477,0.04866692,0.03645766,0.02851787,0.0227832,0.01844207,0.01507962,0.01243623,0.01033317,0.00864225,0.00726959,0.00614552,0.00521774,0.00444656,0.00380154
Gram_error_fro,4.0,1,12,3,0.0,0.05785633,0.03328396,0.02081987,0.01449192,0.010832,0.00846158,0.00680041,0.00557212,0.0046288,0.00388384,0.00328305,0.00279074,0.00238238,0.00204048,0.00175215
Gram_error_fro,0.0,1,12,3,0.0,0.0,0.0,0.0,0.0,0.0,0.0,0.0,0.0,0.0,0.0,0.0,0.0,0.0,0.0,0.0
Gram_error_fro,2.0,1,12,3,0.0,0.03252891,0.01748171,0.00954326,0.00550923,0.00365367,0.00301881,0.00288163,0.00285375,0.00281072,0.00273076,0.00261981,0.00248835,0.00234557,0.00219829,0.00205123
Gram_error_fro,2.0,1,12,3,0.0,0.03718937,0.02697274,0.02021536,0.01586235,0.01286953,0.01071717,0.00910806,0.00786028,0.00686013,0.00603562,0.00534042,0.004744,0.00422566,0.00377088,0.00336909
Gram_error_fro,2.0,1,12,3,0.0,0.05894007,0.0405785,0.03200269,0.02576043,0.02079602,0.01681552,0.01362268,0.01105849,0.00899489,0.00733016,0.00598397,0.00489287,0.00400663,0.0032854,0.00269741
Gram_error_fro,2.0,1,12,3,0.0,0.01489372,0.01687054,0.01655528,0.01493772,0.01305593,0.01124059,0.00960634,0.00818268,0.00696325,0.00592777,0.00505206,0.0043125,0.0036878,0.00315952,0.00271202
Gram_error_fro,2.0,1,12,3,0.0,0.06960232,0.0367773,0.01912917,0.01130165,0.00803687,0.00664242,0.0058945,0.0053431,0.00485356,0.00439432,0.00396251,0.00356097,0.00319199,0.00285619,0.0025527
Gram_error_fro,2.0,1,12,3,0.0,0.04606122,0.02831858,0.02202837,0.01888349,0.01678741,0.01516783,0.01381569,0.01263745,0.01158486,0.0106303,0.00975667,0.00895274,0.00821071,0.00752485,0.00689067
Gram_error_fro,4.0,1,12,3,0.0,0.05228676,0.02941574,0.02015857,0.01537066,0.01278719,0.01146555,0.01081405,0.01047117,0.01024189,0.01003248,0.00980321,0.00954105,0.0092454,0.00892099,0.00857439
Gram_error_fro,2.0,1,12,3,0.0,0.03353165,0.0248853,0.01853966,0.01421982,0.01115212,0.00890647,0.00722176,0.00592926,0.00491736,0.00411096,0.00345857,0.00292413,0.00248181,0.00211269,0.00180263
Gram_error_fro,2.0,1,12,3,0.0,0.05017923,0.0495162,0.04443415,0.03852535,0.0329201,0.02796797,0.02371921,0.0201187,0.01708221,0.0145246,0.0123692,0.0105502,0.00901227,0.00770936,0.0066033
Gram_error_fro,2.0,1,12,3,0.0,0.04666003,0.0438451,0.04037435,0.03719546,0.03434125,0.03178229,0.02946323,0.02733529,0.02536447,0.02352886,0.02181435,0.02021143,0.01871304,0.01731344,0.01600754
Gram_error_fro,4.0,1,12,3,0.0,0.02120554,0.01401695,0.00824653,0.00559846,0.00491033,0.0048742,0.00487887,0.00477755,0.00456915,0.00428395,0.00395304,0.00360136,0.00324715,0.00290299,0.00257704
Gram_error_fro,4.0,1,12,3,0.0,0.027982,0.02400593,0.02051399,0.01767253,0.01525812,0.01315109,0.01131385,0.00972524,0.00836189,0.0071976,0.00620582,0.00536163,0.00464273,0.00402966,0.0035058
Gram_error_fro,4.0,1,12,3,0.0,0.0594892,0.03154399,0.01765945,0.010834,0.00774221,0.00641327,0.0057323,0.00523155,0.00476854,0.00431525,0.00387493,0.00345583,0.00306445,0.00270449,0.00237731
Gram_error_fro,4.0,1,12,3,0.0,0.0806994,0.0577752,0.042675,0.03311412,0.02643045,0.02144657,0.01758839,0.0145309,0.01206921,0.01006463,0.00841854,0.00705829,0.0059288,0.0049874,0.00420045
Gram_error_fro,4.0,1,12,3,0.0,0.02394855,0.01203086,0.00769057,0.00727551,0.00747542,0.00745639,0.00719811,0.00678876,0.00630265,0.0057892,0.00527863,0.00478838,0.00432777,0.00390106,0.00350951
Gram_error_fro,0.0,1,12,3,0.0,0.0,0.0,0.0,0.0,0.0,0.0,0.0,0.0,0.0,0.0,0.0,0.0,0.0,0.0,0.0
Gram_error_fro,2.0,1,12,3,0.0,0.03985485,0.02889739,0.02294212,0.01933798,0.01675752,0.01474854,0.01312251,0.01177081,0.01062002,0.00961913,0.00873309,0.00793819,0.00721831,0.00656241,0.00596264
Gram_error_fro,2.0,1,12,3,0.0,0.03985485,0.02889739,0.02294212,0.01933798,0.01675752,0.01474854,0.01312251,0.01177081,0.01062002,0.00961913,0.00873309,0.00793819,0.00721831,0.00656241,0.00596264
Gram_error_fro,0.0,1,12,3,0.0,0.0,0.0,0.0,0.0,0.0,0.0,0.0,0.0,0.0,0.0,0.0,0.0,0.0,0.0,0.0
Gram_error_fro,2.0,1,12,3,0.0,0.06070052,0.05486562,0.04398344,0.0344602,0.02707791,0.02147454,0.01719868,0.01389867,0.01132164,0.00928691,0.00766408,0.00635786,0.00529778,0.00443112,0.00371801
Gram_error_fro,2.0,1,12,3,0.0,0.05999514,0.04171748,0.03343593,0.02855829,0.02469539,0.02131845,0.01833496,0.01572237,0.01345582,0.01150215,0.00982475,0.0083877,0.00715797,0.00610629,0.00520716
Gram_error_fro,4.0,1,12,3,0.0,0.08084864,0.06268146,0.05092912,0.04235872,0.03541631,0.02964804,0.02483744,0.0208245,0.01747545,0.01467766,0.0123373,0.01037689,0.00873262,0.00735196,0.00619157
Gram_error_fro,4.0,1,12,3,0.0,0.03494784,0.03495827,0.03434021,0.03297321,0.03122578,0.02934242,0.02743389,0.02554818,0.02371114,0.02194031,0.02024846,0.01864434,0.01713318,0.01571723,0.01439642
Gram_error_fro,2.0,1,12,3,0.0,0.0679894,0.05964704,0.05206852,0.04605957,0.04118921,0.03706144,0.03344781,0.03022885,0.0273387,0.02473553,0.02238807,0.02027014,0.01835853,0.01663228,0.01507244
Gram_error_fro,4.0,1,12,3,0.0,0.082216,0.08089527,0.07167743,0.06187452,0.05308921,0.04563867,0.03942735,0.03425278,0.02991536,0.02624886,0.02312254,0.02043535,0.01810918,0.01608322,0.01430955
Gram_error_fro,2.0,1,12,3,0.0,0.0125865,0.01257736,0.01361326,0.01428093,0.01447066,0.01429845,0.01388267,0.01330881,0.01263611,0.01190643,0.01114991,0.01038841,0.00963761,0.00890861,0.00820899
Gram_error_fro,4.0,1,12,3,0.0,0.09553869,0.08313985,0.07073197,0.06355896,0.05915156,0.05569574,0.05247929,0.04930685,0.04616222,0.04307737,0.04008885,0.03722537,0.03450593,0.03194109,0.02953495
Gram_error_fro,4.0,1,12,3,0.0,0.09778279,0.07631064,0.06368632,0.05298221,0.0438542,0.03624372,0.02997174,0.02482411,0.02060011,0.01712814,0.01426712,0.01190313,0.00994464,0.0083182,0.00696463
Gram_error_fro,4.0,1,12,3,0.0,0.0561095,0.05320528,0.04537889,0.03773625,0.03104345,0.02540881,0.02074977,0.0169288,0.01380582,0.01125642,0.00917603,0.00747872,0.00609449,0.00496646,0.00404833
Gram_error_fro,4.0,1,12,3,0.0,0.09299534,0.06056309,0.04533996,0.038166,0.0338569,0.03069885,0.02811332,0.02586751,0.02385048,0.02200369,0.02029464,0.0187046,0.0172222,0.01583995,0.01455227
Gram_error_fro,4.0,1,12,3,0.0,0.09988799,0.08259044,0.06592951,0.05325582,0.04337804,0.03552519,0.02921311,0.02410232,0.01994068,0.01653594,0.01373929,0.01143437,0.00952927,0.00795084,0.00664039
Gram_error_fro,0.0,1,12,2,0.0,0.0,0.0,0.0,0.0,0.0,0.0,0.0,0.0,0.0,0.0,0.0,0.0,0.0,0.0,0.0
Gram_error_fro,2.0,1,12,2,0.0,0.07650604,0.04320697,0.03086073,0.02463462,0.02022648,0.01670282,0.01380322,0.01140501,0.00942141,0.00778172,0.00642685,0.00530752,0.00438282,0.00361889,0.00298779
Gram_error_fro,2.0,1,12,2,0.0,0.08006601,0.03574619,0.022351,0.01669447,0.01304932,0.01034131,0.00825376,0.00662441,0.00534336,0.00432959,0.00352227,0.00287548,0.00235442,0.00193258,0.00158959
Gram_error_fro,2.0,1,12,2,0.0,0.05804918,0.04360037,0.0343128,0.02796034,0.02316832,0.01939386,0.0163517,0.01386258,0.01180339,0.0100851,0.00864105,0.00742022,0.00638291,0.00549781,0.00473996
Gram_error_fro,2.0,1,12,2,0.0,0.00817883,0.00480436,0.00280411,0.0015211,0.00070737,0.00021495,9.029e-05,0.00024273,0.0003223,0.00035443,0.00035799,0.00034485,0.00032246,0.00029548,0.00026683
Gram_error_fro,2.0,1,12,2,0.0,0.05804918,0.04360037,0.0343128,0.02796034,0.02316832,0.01939386,0.0163517,0.01386258,0.01180339,0.0100851,0.00864105,0.00742022,0.00638291,0.00549781,0.00473996
Gram_error_fro,2.0,1,12,2,0.0,0.01041884,0.00569002,0.00604178,0.00736304,0.00857465,0.00940615,0.00984479,0.00995676,0.00982157,0.00951023,0.00908005,0.00857507,0.00802825,0.0074638,0.00689913
Gram_error_fro,4.0,1,12,2,0.0,0.06618679,0.06039686,0.054225,0.04931404,0.0452361,0.04166812,0.03842483,0.03541546,0.03260067,0.02996454,0.02750012,0.02520285,0.02306796,0.02108976,0.01926153
Gram_error_fro,2.0,1,12,2,0.0,0.04524317,0.03393264,0.02746021,0.0227884,0.01901186,0.01588496,0.01329366,0.01115033,0.00937851,0.00791218,0.00669575,0.00568338,0.00483766,0.00412835,0.00353106
Gram_error_fro,2.0,1,12,2,0.0,0.03002532,0.02759719,0.02370748,0.01967135,0.01601597,0.01292093,0.01039143,0.00836296,0.00675321,0.00548339,0.00448519,0.00370183,0.00308696,0.00260314,0.00222034
Gram_error_fro,4.0,1,12,2,0.0,0.0777041,0.05170727,0.03877836,0.03088751,0.02540577,0.02141317,0.01842344,0.01612143,0.01429265,0.01279195,0.01152286,0.01042221,0.00944896,0.00857634,0.00778668
Gram_error_fro,4.0,1,12,2,0.0,0.03864557,0.02339052,0.0147427,0.01001896,0.00860276,0.0091323,0.01008911,0.01084501,0.01127363,0.01140296,0.01129547,0.01101286,0.01060704,0.01011913,0.00958068
Gram_error_fro,4.0,1,12,2,0.0,0.05116703,0.03291997,0.02530251,0.02013266,0.01606119,0.01279463,0.01018328,0.00810512,0.00645537,0.00514667,0.00410815,0.00328325,0.00262725,0.00210491,0.00168851
Gram_error_fro,4.0,1,12,2,0.0,0.07733097,0.02982647,0.0114434,0.00516448,0.0033227,0.00290838,0.00276747,0.0026249,0.00244687,0.00224449,0.00203288,0.00182365,0.00162425,0.00143892,0.00126959
Gram_error_fro,4.0,1,12,2,0.0,0.02952552,0.01881418,0.01312598,0.01122047,0.01188852,0.01323217,0.01434266,0.01501607,0.01528041,0.0152178,0.01491129,0.0144311,0.01383292,0.01315956,0.01244338
Gram_error_fro,4.0,1,12,2,0.0,0.0475287,0.03697254,0.03038712,0.02589608,0.0224883,0.01973148,0.0174036,0.01538607,0.01361302,0.01204439,0.01065263,0.00941652,0.0083185,0.00734339,0.00647783
Gram_error_fro,0.0,1,12,3,0.0,0.0,0.0,0.0,0.0,0.0,0.0,0.0,0.0,0.0,0.0,0.0,0.0,0.0,0.0,0.0
Gram_error_fro,2.0,1,12,3,0.0,0.03363315,0.02439657,0.01731367,0.01278656,0.00971482,0.0074957,0.00583199,0.00456748,0.0036047,0.00287227,0.00231402,0.00188558,0.0015528,0.00129028,0.00107968
Gram_error_fro,2.0,1,12,3,0.0,0.05491459,0.04562477,0.03525338,0.02703518,0.02092422,0.01639842,0.01300038,0.01040615,0.00839439,0.00681274,0.00555467,0.00454433,0.00372674,0.00306127,0.00251726
Gram_error_fro,2.0,1,12,3,0.0,0.00812547,0.00922568,0.00794446,0.005964,0.00438455,0.00322944,0.00238349,0.00175876,0.00129578,0.00095272,0.00069898,0.00051179,0.00037407,0.00027301,0.00019902
Gram_error_fro,2.0,1,12,3,0.0,0.01411797,0.01213504,0.0105015,0.00839313,0.00660425,0.0051763,0.00404509,0.00315452,0.00245802,0.00191601,0.00149545,0.00116945,0.00091661,0.00072017,0.00056715
Gram_error_fro,2.0,1,12,3,0.0,0.0137037,0.00981214,0.00719262,0.0062605,0.00568828,0.00508609,0.00445101,0.00382798,0.00324754,0.00272489,0.0022654,0.00186872,0.00153117,0.00124731,0.00101095
Gram_error_fro,2.0,1,12,3,0.0,0.05677077,0.04971784,0.03965084,0.03110815,0.02458644,0.01964816,0.01583865,0.01283926,0.01044164,0.00850644,0.00693548,0.00565609,0.00461235,0.00376018,0.00306424
Gram_error_fro,4.0,1,12,3,0.0,0.05444684,0.04488009,0.03749032,0.03272245,0.02890478,0.02544201,0.02224099,0.01931876,0.0166927,0.01436338,0.01231791,0.01053544,0.00899136,0.00766001,0.00651632
Gram_error_fro,4.0,1,12,3,0.0,0.02096828,0.01472618,0.01012122,0.00750103,0.00606682,0.00499695,0.00406233,0.00325259,0.00258011,0.00204127,0.00161969,0.00129404,0.00104332,0.00084938,0.0006978
Gram_error_fro,2.0,1,12,3,0.0,0.0868728,0.05769243,0.04363623,0.03514092,0.02885472,0.02384841,0.01975923,0.01638791,0.01359773,0.01128414,0.00936357,0.00776816,0.00644239,0.00534058,0.00442505
Gram_error_fro,4.0,1,12,3,0.0,0.02748367,0.025482,0.0233259,0.0207639,0.01842152,0.01641182,0.01465487,0.01307769,0.01164274,0.01033413,0.00914474,0.00806958,0.00710328,0.00623947,0.00547089
Gram_error_fro,4.0,1,12,3,0.0,0.11640231,0.11542612,0.10057832,0.08485964,0.0711331,0.0596926,0.05025657,0.04247354,0.03603298,0.03068037,0.02621141,0.02246295,0.01930479,0.01663273,0.01436307
Gram_error_fro,2.0,1,12,3,0.0,0.08266454,0.05404506,0.03622121,0.026,0.0196105,0.01525302,0.01207336,0.00964579,0.00774139,0.00622461,0.00500697,0.00402585,0.00323422,0.00259548,0.00208045
Gram_error_fro,4.0,1,12,3,0.0,0.08203699,0.0595271,0.04371178,0.03613097,0.0322311,0.02949514,0.02706377,0.02473025,0.02247888,0.02033466,0.01832202,0.01645614,0.01474324,0.01318277,0.01176953
Gram_error_fro,4.0,1,12,3,0.0,0.07881995,0.04498027,0.03564995,0.03122053,0.02723734,0.02354793,0.02025426,0.01737255,0.01487463,0.01271959,0.01086571,0.00927419,0.00791015,0.00674266,0.00574455
Gram_error_fro,4.0,1,12,3,0.0,0.08254966,0.05563552,0.03738567,0.02681846,0.02062716,0.01682541,0.01429464,0.01244799,0.01099044,0.00977438,0.00872403,0.00779861,0.00697458,0.00623708,0.00557565
Gram_error_fro,0.0,1,12,2,0.0,0.0,0.0,0.0,0.0,0.0,0.0,0.0,0.0,0.0,0.0,0.0,0.0,0.0,0.0,0.0
Gram_error_fro,2.0,1,12,2,0.0,0.05118259,0.0585866,0.05733773,0.0537151,0.04956217,0.0454122,0.04144132,0.03771925,0.03427389,0.03111136,0.02822506,0.02560105,0.02322151,0.02106699,0.01911785
Gram_error_fro,2.0,1,12,2,0.0,0.07348067,0.07954572,0.07761808,0.07339505,0.06837448,0.06313212,0.05794261,0.05295441,0.04824872,0.04386543,0.03981821,0.03610427,0.03271096,0.02962015,0.02681101
Gram_error_fro,0.0,1,12,2,0.0,0.0,0.0,0.0,0.0,0.0,0.0,0.0,0.0,0.0,0.0,0.0,0.0,0.0,0.0,0.0
Gram_error_fro,0.0,1,12,2,0.0,0.0,0.0,0.0,0.0,0.0,0.0,0.0,0.0,0.0,0.0,0.0,0.0,0.0,0.0,0.0
Gram_error_fro,0.0,1,12,2,0.0,0.0,0.0,0.0,0.0,0.0,0.0,0.0,0.0,0.0,0.0,0.0,0.0,0.0,0.0,0.0
Gram_error_fro,4.0,1,12,2,0.0,0.06327207,0.06080239,0.05710503,0.05283516,0.04855734,0.04447267,0.04064345,0.03708898,0.03381115,0.03080245,0.02804991,0.02553753,0.02324796,0.02116358,0.01926717
Gram_error_fro,4.0,1,12,2,0.0,0.10116318,0.05499477,0.04258968,0.03977171,0.03821508,0.03653762,0.03462476,0.03255348,0.03041236,0.02827153,0.02618071,0.02417262,0.02226721,0.02047522,0.01880093
Gram_error_fro,4.0,1,12,2,0.0,0.0513618,0.05760751,0.05708502,0.05452053,0.05130019,0.0478473,0.04434674,0.04090872,0.0376038,0.03447464,0.03154388,0.02882029,0.02630346,0.02398718,0.02186178
Gram_error_fro,2.0,1,12,2,0.0,0.07316669,0.07076397,0.06273019,0.05467669,0.04764666,0.04171522,0.03672362,0.03249242,0.02887237,0.02574817,0.02303166,0.02065483,0.01856428,0.01671738,0.01507954
Gram_error_fro,4.0,1,12,2,0.0,0.12003742,0.09722751,0.0873537,0.07869751,0.07051203,0.06300094,0.05622531,0.05016157,0.04475688,0.03995036,0.03568105,0.03189098,0.02852659,0.02553919,0.02288503
Gram_error_fro,4.0,1,12,2,0.0,0.00765085,0.00433787,0.00295636,0.00203371,0.00144737,0.00109844,0.00090161,0.00080022,0.00075654,0.00074382,0.00074396,0.00074616,0.00074486,0.00073784,0.00072468
Gram_error_fro,4.0,1,12,2,0.0,0.11253455,0.11039395,0.10235628,0.09331211,0.08437563,0.07596612,0.06823105,0.06120253,0.05486138,0.04916522,0.04406205,0.03949734,0.03541775,0.03177304,0.02851692
Gram_error_fro,2.0,1,12,2,0.0,0.03730058,0.03464436,0.03232586,0.0303911,0.02869474,0.0271523,0.02570956,0.02433547,0.02301442,0.02173992,0.02051038,0.01932658,0.01819006,0.01710239,0.01606471
Gram_error_fro,4.0,1,12,2,0.0,0.11850647,0.11142117,0.10086024,0.09030722,0.0804892,0.07164648,0.06378748,0.05683603,0.05069493,0.0452685,0.04046942,0.03622022,0.0324529,0.02910815,0.02613429
Gram_error_fro,4.0,1,12,2,0.0,0.14399174,0.13516669,0.12009708,0.10583835,0.09317558,0.08213205,0.07253605,0.0641887,0.05690995,0.05054619,0.04496809,0.04006675,0.03575024,0.03194062,0.02857158
Gram_error_fro,0.0,1,12,2,0.0,0.0,0.0,0.0,0.0,0.0,0.0,0.0,0.0,0.0,0.0,0.0,0.0,0.0,0.0,0.0
Gram_error_fro,2.0,1,12,2,0.0,0.00755073,0.0030794,0.00194069,0.00332047,0.00442633,0.00504852,0.00529862,0.00529127,0.00511601,0.00483766,0.00450152,0.00413854,0.00376948,0.0034079,0.0030624
Gram_error_fro,2.0,1,12,2,0.0,0.00845616,0.00269569,0.00285129,0.0035923,0.0040713,0.00429734,0.00433488,0.00424249,0.00406515,0.00383552,0.00357675,0.00330503,0.00303155,0.00276391,0.00250711
Gram_error_fro,2.0,1,12,2,0.0,0.04812644,0.03439104,0.02589286,0.01990262,0.01541336,0.01199457,0.00937401,0.00735454,0.00578983,0.00457102,0.00361701,0.00286713,0.00227562,0.00180772,0.00143679
Gram_error_fro,2.0,1,12,2,0.0,0.00896836,0.00503031,0.00450576,0.00462208,0.00465306,0.00450659,0.00423031,0.00388269,0.00350729,0.00313193,0.0027729,0.00243887,0.0021338,0.00185878,0.00161322
Gram_error_fro,2.0,2,12,2,0.0,0.05133459,0.02924823,0.02209908,0.01861208,0.01642377,0.0150588,0.01424662,0.01379238,0.01356355,0.01347362,0.01346709,0.01350861,0.01357578,0.01365449,0.01373604
Gram_error_fro,2.0,1,12,2,0.0,0.01196145,0.00641653,0.00451646,0.00357888,0.00290035,0.00234405,0.00188493,0.00151199,0.00121312,0.00097542,0.00078686,0.00063718,0.00051804,0.00042286,0.00034649
Gram_error_fro,4.0,1,12,2,0.0,0.04450357,0.03619632,0.02908086,0.02329729,0.01865332,0.01495146,0.01200559,0.00965822,0.00778294,0.00628054,0.00507374,0.00410227,0.00331889,0.0026864,0.00217527
Gram_error_fro,2.0,1,12,2,0.0,0.04116175,0.02500918,0.0182591,0.01421356,0.01135838,0.00928171,0.00773551,0.00655063,0.00561542,0.00485735,0.00422901,0.00369884,0.00324529,0.00285322,0.00251167
Gram_error_fro,4.0,1,12,2,0.0,0.04479486,0.02316471,0.01381111,0.00923637,0.0065814,0.00485772,0.00367114,0.00282675,0.00221112,0.00175249,0.00140383,0.00113378,0.00092121,0.00075166,0.00061502
Gram_error_fro,2.0,1,12,2,0.0,0.05314197,0.01971606,0.01032267,0.00680331,0.00486604,0.00359943,0.00271288,0.00207037,0.00159422,0.00123567,0.00096239,0.00075219,0.00058934,0.00046249,0.00036325
Gram_error_fro,4.0,1,12,2,0.0,0.05279671,0.03653254,0.02558896,0.01844762,0.01351864,0.01002199,0.00750458,0.00567218,0.00432521,0.0033258,0.00257765,0.00201286,0.00158304,0.00125342,0.00099879
Gram_error_fro,4.0,1,12,2,0.0,0.01791497,0.00809991,0.00477091,0.00553134,0.00689117,0.00781915,0.00829068,0.00841213,0.00828636,0.00799435,0.00759625,0.00713562,0.00664356,0.00614192,0.00564584
Gram_error_fro,2.0,1,12,2,0.0,0.05906435,0.03886991,0.02783501,0.02076782,0.01582352,0.01224883,0.00962224,0.00766794,0.00619514,0.0050695,0.00419592,0.00350702,0.00295503,0.00250605,0.00213589
Gram_error_fro,4.0,1,12,2,0.0,0.02393622,0.01486365,0.0118673,0.00966555,0.00794941,0.00660309,0.005532,0.0046689,0.00396601,0.00338817,0.00290891,0.00250802,0.00217001,0.00188294,0.00163756
Gram_error_fro,4.0,2,12,2,0.0,0.03076228,0.02546376,0.01819248,0.01250539,0.00880286,0.00711562,0.00708433,0.00788197,0.008886,0.00983978,0.01066798,0.01136127,0.01193179,0.01239718,0.01277498
Gram_error_fro,0.0,1,12,3,0.0,0.0,0.0,0.0,0.0,0.0,0.0,0.0,0.0,0.0,0.0,0.0,0.0,0.0,0.0,0.0
Gram_error_fro,2.0,1,12,3,0.0,0.07152534,0.061682,0.05000975,0.04001814,0.0319342,0.0255178,0.02045049,0.016443,0.01326096,0.01072255,0.00868863,0.00705271,0.00573277,0.00466507,0.00379965
Gram_error_fro,2.0,1,12,3,0.0,0.02037912,0.01483989,0.01135728,0.00886014,0.00702739,0.00565333,0.0046011,0.00377897,0.00312513,0.00259747,0.00216671,0.00181196,0.00151792,0.00127305,0.00106844
Gram_error_fro,2.0,1,12,3,0.0,0.0619004,0.05464992,0.04376797,0.03413022,0.02656679,0.02086595,0.0166135,0.01343293,0.0110323,0.00919741,0.00777423,0.00665263,0.0057539,0.00502157,0.00441501
Gram_error_fro,2.0,1,12,3,0.0,0.02316794,0.01701069,0.01350956,0.01095458,0.008948,0.00735785,0.00609187,0.00507603,0.00425324,0.00358062,0.00302614,0.00256571,0.00218097,0.00185776,0.00158502
Gram_error_fro,2.0,1,12,3,0.0,0.07152534,0.06001052,0.04658363,0.03573938,0.02749415,0.02128837,0.01660119,0.01303336,0.01029335,0.00817078,0.00651356,0.0052108,0.00418072,0.00336229,0.0027094
Gram_error_fro,2.0,1,12,3,0.0,0.02158045,0.01520854,0.01141031,0.00877542,0.00689567,0.00551459,0.00446992,0.00366015,0.00302046,0.00250781,0.00209236,0.00175264,0.00147276,0.00124075,0.00104741
Gram_error_fro,4.0,1,12,3,0.0,0.08453758,0.06461894,0.05076813,0.0400955,0.03181706,0.02539421,0.02038953,0.0164622,0.01335584,0.01088032,0.00889462,0.00729319,0.00599604,0.00494174,0.00408246
Gram_error_fro,2.0,1,12,3,0.0,0.05613005,0.05138159,0.04088372,0.03162499,0.02440395,0.01893219,0.01479907,0.0116587,0.00925064,0.00738562,0.00592738,0.00477749,0.00386417,0.00313445,0.00254864
Gram_error_fro,4.0,2,12,3,0.0,0.0501398,0.02935773,0.02440134,0.02253268,0.02153609,0.02092307,0.02051073,0.02021316,0.01998769,0.01981185,0.01967266,0.01956175,0.01947314,0.01940234,0.01934581
Gram_error_fro,2.0,1,12,3,0.0,0.07163097,0.05822971,0.05357254,0.04942347,0.04493189,0.04036275,0.0359768,0.03192319,0.02826442,0.0250093,0.0221372,0.01961359,0.01739935,0.01545586,0.01374757
Gram_error_fro,2.0,1,12,3,0.0,0.06589295,0.05606019,0.05073966,0.0456509,0.04054951,0.03568684,0.03123624,0.02726944,0.02379167,0.02077176,0.01816203,0.01591016,0.01396562,0.01228286,0.01082232
Gram_error_fro,2.0,1,12,3,0.0,0.06028459,0.05212262,0.04195747,0.03355799,0.02688118,0.02161184,0.01745257,0.01415576,0.01152629,0.00941495,0.00770901,0.0063233,0.00519296,0.00426799,0.00350934
Gram_error_fro,4.0,1,12,3,0.0,0.09002971,0.05699103,0.04130193,0.03200614,0.02546294,0.0205101,0.01664839,0.01359193,0.01114834,0.00917895,0.00758082,0.00627633,0.00520626,0.00432493,0.00359667
Gram_error_fro,4.0,1,12,3,0.0,0.11456388,0.07738543,0.05616686,0.04247257,0.03267848,0.02539697,0.01987907,0.01564335,0.01235932,0.00979298,0.00777506,0.00618089,0.00491712,0.00391284,0.00311355
Gram_error_fro,4.0,1,12,3,0.0,0.08244214,0.05898831,0.0434141,0.0337472,0.02741908,0.02310087,0.02006208,0.01785598,0.0161941,0.01488812,0.01381595,0.01289935,0.01208867,0.01135268,0.01067193
Gram_error_fro,0.0,1,12,2,0.0,0.0,0.0,0.0,0.0,0.0,0.0,0.0,0.0,0.0,0.0,0.0,0.0,0.0,0.0,0.0
Gram_error_fro,2.0,1,12,2,0.0,0.03865905,0.02437442,0.01713189,0.0126973,0.00960635,0.00734851,0.00566723,0.00440057,0.00343719,0.00269829,0.00212732,0.00168321,0.00133582,0.00106276,0.00084727
Gram_error_fro,2.0,1,12,2,0.0,0.0427769,0.03518656,0.02808509,0.02211657,0.01733183,0.01360039,0.01073081,0.00853815,0.00686736,0.00559536,0.00462623,0.00388551,0.00331542,0.00287145,0.00251975
Gram_error_fro,2.0,1,12,2,0.0,0.01074291,0.00601058,0.0056939,0.00570302,0.00551467,0.0051718,0.0047591,0.00433143,0.003917,0.00352844,0.00317039,0.00284359,0.00254704,0.00227891,0.00203711
Gram_error_fro,2.0,1,12,2,0.0,0.01510598,0.01469378,0.01321551,0.01123369,0.00931956,0.00764714,0.00624867,0.0051003,0.00416309,0.00339903,0.00277567,0.00226654,0.00185033,0.00150989,0.00123138
Gram_error_fro,2.0,1,12,2,0.0,0.08077197,0.03428822,0.01466085,0.00718182,0.00438407,0.00333695,0.00284739,0.00251065,0.0022187,0.00194875,0.00169868,0.00146999,0.00126385,0.00108039,0.00091888
Gram_error_fro,4.0,1,12,2,0.0,0.0147493,0.01419734,0.01255127,0.01052687,0.00865181,0.0070619,0.00575707,0.00469682,0.00383645,0.0031372,0.00256766,0.00210285,0.0017229,0.00141192,0.00115719
Gram_error_fro,2.0,1,12,2,0.0,0.01074291,0.00601058,0.00739212,0.00979451,0.01194163,0.01354995,0.01462125,0.01524,0.01550194,0.01549146,0.0152772,0.01491329,0.01444197,0.01389611,0.01330123
Gram_error_fro,2.0,1,12,2,0.0,0.06993898,0.06273456,0.05723296,0.05204197,0.04701672,0.0422814,0.0379166,0.03394826,0.03036967,0.02715785,0.02428294,0.02171322,0.01941775,0.01736763,0.01553647
Gram_error_fro,0.0,1,12,2,0.0,0.0,0.0,0.0,0.0,0.0,0.0,0.0,0.0,0.0,0.0,0.0,0.0,0.0,0.0,0.0
Gram_error_fro,2.0,1,12,2,0.0,0.0,0.0,0.0003436,0.00073344,0.00110129,0.0013947,0.00159963,0.00172289,0.00177884,0.00178271,0.00174797,0.00168567,0.00160453,0.00151132,0.00141121
Gram_error_fro,2.0,1,12,2,0.0,0.05967948,0.03900339,0.02989136,0.02358495,0.01868455,0.01482575,0.01179142,0.00940601,0.00752651,0.00604012,0.00485964,0.00391824,0.00316472,0.00255966,0.00207252
Gram_error_fro,2.0,1,12,2,0.0,0.01074291,0.00596572,0.00407949,0.0034536,0.00356675,0.00380893,0.00393844,0.00392654,0.00380311,0.0036048,0.00336193,0.00309688,0.00282524,0.0025575,0.00230044
Gram_error_fro,2.0,1,12,2,0.0,0.06993898,0.06273456,0.05723296,0.05204197,0.04701672,0.0422814,0.0379166,0.03394826,0.03036967,0.02715785,0.02428294,0.02171322,0.01941775,0.01736763,0.01553647
Gram_error_fro,4.0,1,12,2,0.0,0.07122253,0.04667754,0.03373724,0.02498566,0.01857853,0.01382611,0.01029149,0.007657,0.00568891,0.00421598,0.00311296,0.00228798,0.00167343,0.00121931,0.00088856
Gram_error_fro,4.0,1,12,2,0.0,0.06819146,0.04854645,0.03596655,0.02695612,0.02028917,0.01532983,0.01162912,0.00885526,0.00676511,0.00518174,0.00397641,0.00305503,0.00234832,0.00180484,0.00138612
Gram_error_fro,0.0,1,12,2,0.0,0.0,0.0,0.0,0.0,0.0,0.0,0.0,0.0,0.0,0.0,0.0,0.0,0.0,0.0,0.0
Gram_error_fro,2.0,1,12,2,0.0,0.05404013,0.04819595,0.03971675,0.03212994,0.02600528,0.02117855,0.01737502,0.01435591,0.01193678,0.00997946,0.00838107,0.0070648,0.00597287,0.00506137,0.00429652
Gram_error_fro,2.0,1,12,2,0.0,0.09855902,0.11283324,0.11349635,0.10983564,0.10442903,0.09829292,0.09191532,0.08556418,0.07939678,0.07350577,0.06794263,0.06273163,0.057879,0.05337917,0.04921918
Gram_error_fro,2.0,1,12,2,0.0,0.04432815,0.03589337,0.03030903,0.02585538,0.02210693,0.01896123,0.01631968,0.01409128,0.01220096,0.01058895,0.00920784,0.00801977,0.00699424,0.00610638,0.00533579
Gram_error_fro,2.0,1,12,2,0.0,0.09118764,0.05755645,0.04278423,0.03465506,0.02891785,0.02440334,0.02070786,0.01763722,0.01506743,0.01290636,0.01108146,0.00953454,0.00821859,0.00709552,0.00613426
Gram_error_fro,2.0,1,12,2,0.0,0.09855902,0.11283324,0.11349635,0.10983564,0.10442903,0.09829292,0.09191532,0.08556418,0.07939678,0.07350577,0.06794263,0.06273163,0.057879,0.05337917,0.04921918
Gram_error_fro,4.0,1,12,2,0.0,0.12136383,0.09276965,0.0765723,0.06525397,0.05615572,0.04855694,0.0421322,0.03666548,0.03199129,0.0279774,0.0245168,0.02152235,0.0189227,0.01665914,0.01468304
Gram_error_fro,2.0,1,12,2,0.0,0.0898849,0.05513994,0.03970404,0.03091678,0.02478083,0.02012364,0.01646784,0.01355139,0.01120188,0.00929527,0.00773857,0.00646072,0.00540677,0.00453385,0.00380824
Gram_error_fro,4.0,1,12,2,0.0,0.09559313,0.06486696,0.0516355,0.0424168,0.03506962,0.02908147,0.02418219,0.02016421,0.01685833,0.01412788,0.01186368,0.00997898,0.00840485,0.00708629,0.00597915
Gram_error_fro,2.0,1,12,2,0.0,0.11650249,0.12120222,0.12003247,0.11685847,0.1122161,0.10669306,0.10072077,0.09458953,0.08849175,0.0825528,0.07685158,0.0714346,0.06632596,0.06153443,0.05705845
Gram_error_fro,4.0,1,12,2,0.0,0.01234568,0.00535611,0.00327634,0.00285798,0.00285016,0.00295227,0.00309174,0.00322553,0.00332448,0.00337487,0.00337469,0.00332857,0.00324405,0.00312937,0.00299232
Gram_error_fro,4.0,1,12,2,0.0,0.09584241,0.11047629,0.11060882,0.10658622,0.10097006,0.09470558,0.08824809,0.08185387,0.07567534,0.06980155,0.06428019,0.05913153,0.05435781,0.04994978,0.04589118
Gram_error_fro,4.0,1,12,2,0.0,0.06674042,0.05569305,0.05042411,0.0455543,0.0405765,0.03584114,0.03152846,0.02768441,0.0242943,0.02132002,0.01871667,0.01643976,0.01444815,0.0127051,0.01117831
Gram_error_fro,2.0,1,12,2,0.0,0.08794875,0.06962011,0.05438082,0.04268738,0.03367893,0.02674413,0.02140119,0.01726723,0.01404568,0.01151225,0.00949995,0.00788538,0.00657747,0.00550872,0.00462872
Gram_error_fro,2.0,1,12,2,0.0,0.05969751,0.05599102,0.04955359,0.04283167,0.03653355,0.03093233,0.02608871,0.02196376,0.01847899,0.01554643,0.0130823,0.01101227,0.00927264,0.00780977,0.00657882
Gram_error_fro,2.0,1,12,2,0.0,0.11881031,0.11010549,0.09231587,0.07536892,0.06101025,0.04932435,0.03996215,0.03250191,0.02655912,0.02181366,0.01800919,0.01494429,0.01246203,0.01044058,0.00878532
Gram_error_fro,0.0,1,12,4,0.0,0.0,0.0,0.0,0.0,0.0,0.0,0.0,0.0,0.0,0.0,0.0,0.0,0.0,0.0,0.0
Gram_error_fro,2.0,1,12,4,0.0,0.07391492,0.05799346,0.0435124,0.03273315,0.02472826,0.01884715,0.01456029,0.0114337,0.00913511,0.00742345,0.00612897,0.00513346,0.00435458,0.00373454,0.00323245
Gram_error_fro,2.0,1,12,4,0.0,0.07855088,0.05395015,0.03814513,0.02899693,0.02335889,0.01967579,0.01711727,0.01521284,0.01369618,0.01241961,0.01130248,0.01030084,0.00939023,0.00855646,0.00779062
Gram_error_fro,2.0,1,12,4,0.0,0.0762684,0.05154131,0.03436622,0.02372912,0.01698993,0.01258177,0.00960728,0.00753304,0.00603425,0.00491237,0.00404628,0.00336168,0.00281196,0.00236664,0.00200456
Gram_error_fro,2.0,1,12,4,0.0,0.04924279,0.03203251,0.02299488,0.01779405,0.01450637,0.0123122,0.01076661,0.00960627,0.00867593,0.00788698,0.00719062,0.00656062,0.00598302,0.00545029,0.00495807
Gram_error_fro,2.0,1,12,4,0.0,0.05223762,0.03032033,0.01877106,0.01245399,0.0086709,0.00627412,0.0046951,0.00361726,0.00285382,0.00229233,0.00186472,0.00152958,0.00126129,0.00104352,0.00086534
Gram_error_fro,4.0,1,12,4,0.0,0.08868232,0.06825001,0.05567631,0.04781662,0.04237534,0.03821278,0.03474596,0.03169172,0.02892034,0.02637401,0.02402597,0.02186161,0.01987044,0.01804291,0.01636942
Gram_error_fro,2.0,1,12,4,0.0,0.07689116,0.04615182,0.02797686,0.01867583,0.01355873,0.01038963,0.00821282,0.00660968,0.0053778,0.00440647,0.00362802,0.00299744,0.00248291,0.00206095,0.00171369
Gram_error_fro,4.0,1,12,4,0.0,0.05439933,0.03003636,0.01968086,0.01500125,0.01210816,0.00996445,0.00827586,0.00691684,0.00580982,0.00489921,0.00414373,0.00351241,0.00298177,0.00253382,0.00215448
Gram_error_fro,2.0,1,12,4,0.0,0.04850274,0.03956033,0.03223642,0.02670708,0.02252856,0.01927097,0.01662955,0.0144172,0.01252456,0.01088668,0.00946217,0.00822176,0.00714241,0.00620459,0.00539109
Gram_error_fro,4.0,1,12,4,0.0,0.10408718,0.08030823,0.05713163,0.04260484,0.03387941,0.02825771,0.0242204,0.02104568,0.01840765,0.01615278,0.01419928,0.0124958,0.01100517,0.0096979,0.00854956
Gram_error_fro,4.0,1,12,4,0.0,0.07873501,0.05034173,0.03459505,0.02527942,0.01917498,0.0149587,0.01193568,0.00969209,0.00797211,0.00661596,0.00552274,0.00462723,0.0038857,0.00326743,0.00274981
Gram_error_fro,2.0,1,12,4,0.0,0.09072077,0.06789074,0.05293819,0.04297684,0.03593012,0.03076747,0.02687467,0.02385354,0.02143928,0.01945478,0.01778133,0.01633882,0.01507261,0.01394491,0.01292903
Gram_error_fro,2.0,1,12,4,0.0,0.09913649,0.07916327,0.05823971,0.04277113,0.03166987,0.02365971,0.01782742,0.01354317,0.0103697,0.00800053,0.0062189,0.00487015,0.00384288,0.00305607,0.00245023
Gram_error_fro,2.0,1,12,4,0.0,0.06538996,0.03790533,0.02368567,0.0160596,0.01160817,0.00884781,0.00703174,0.00576079,0.00481726,0.00408092,0.00348417,0.00298781,0.00256802,0.00220945,0.00190143
Gram_error_fro,4.0,1,12,4,0.0,0.08086897,0.05829258,0.04180299,0.03095305,0.02362577,0.01849909,0.01478606,0.01201139,0.00988153,0.0082103,0.00687588,0.00579572,0.00491182,0.00418207,0.00357505
Gram_error_fro,0.0,1,12,3,0.0,0.0,0.0,0.0,0.0,0.0,0.0,0.0,0.0,0.0,0.0,0.0,0.0,0.0,0.0,0.0
Gram_error_fro,2.0,1,12,3,0.0,0.04821292,0.02468156,0.01758053,0.01416052,0.01176136,0.00985178,0.00828033,0.00697342,0.00588067,0.00496349,0.00419138,0.00353991,0.00298928,0.00252335,0.00212879
Gram_error_fro,2.0,1,12,3,0.0,0.03360931,0.01975609,0.01539914,0.01382369,0.01268156,0.01157903,0.01050463,0.00948772,0.00854679,0.00768818,0.00691093,0.00621039,0.00558043,0.00501457,0.0045065
Gram_error_fro,2.0,1,12,3,0.0,0.04518474,0.03083034,0.02116251,0.01557309,0.01199462,0.00950658,0.00771218,0.00639734,0.00541894,0.00467321,0.00408578,0.00360582,0.00320024,0.00284835,0.00253745
Gram_error_fro,2.0,1,12,3,0.0,0.05866202,0.02977062,0.01884932,0.01406487,0.0112349,0.00921352,0.00764298,0.00637781,0.00534068,0.00448209,0.00376687,0.00316864,0.0026669,0.00224538,0.00189096
Gram_error_fro,2.0,1,12,3,0.0,0.02707516,0.01703296,0.01055433,0.0075835,0.00670433,0.0065045,0.00634342,0.00607896,0.00572194,0.00530949,0.00487352,0.00443621,0.00401175,0.00360875,0.00323205
Gram_error_fro,4.0,1,12,3,0.0,0.07129396,0.04441911,0.03283357,0.0264975,0.02205502,0.0185699,0.01572029,0.01335383,0.0113745,0.00971149,0.00830918,0.00712288,0.00611635,0.00526005,0.00452976
Gram_error_fro,2.0,1,12,3,0.0,0.05871761,0.04278128,0.03152529,0.02412535,0.01895694,0.01518803,0.01236,0.01019105,0.00849574,0.0071475,0.00605819,0.00516568,0.00442555,0.00380561,0.00328207
Gram_error_fro,4.0,1,12,3,0.0,0.02427935,0.01566097,0.01184905,0.00982043,0.00843609,0.00733241,0.00639912,0.00559851,0.00491151,0.00432276,0.00381763,0.00338237,0.00300489,0.00267504,0.0023847
Gram_error_fro,4.0,1,12,3,0.0,0.05017101,0.03653736,0.0299347,0.02539504,0.02175719,0.01869833,0.01608568,0.01384333,0.01191649,0.01026065,0.00883785,0.00761531,0.00656469,0.00566154,0.00488484
Gram_error_fro,4.0,1,12,3,0.0,0.04159836,0.02991926,0.02220725,0.01728286,0.01394368,0.01150462,0.00962403,0.00812377,0.00690109,0.00589046,0.00504664,0.00433666,0.00373563,0.00322426,0.00278738
Gram_error_fro,4.0,1,12,3,0.0,0.074379,0.04410272,0.03196798,0.02629081,0.02245147,0.01933583,0.01666867,0.01436229,0.01236975,0.01065283,0.00917635,0.00790791,0.00681849,0.00588254,0.00507796
Gram_error_fro,2.0,1,12,3,0.0,0.03685158,0.01705239,0.01172909,0.00971096,0.00842992,0.00738753,0.00648171,0.00568583,0.00498719,0.0043753,0.00384011,0.00337218,0.00296287,0.00260451,0.00229041
Gram_error_fro,4.0,1,12,3,0.0,0.04061817,0.02664439,0.021347,0.01783233,0.01501654,0.01273485,0.01087843,0.0093512,0.00807763,0.00700199,0.00608399,0.00529437,0.00461139,0.00401846,0.00350253
Gram_error_fro,4.0,1,12,3,0.0,0.04978205,0.03401086,0.02565732,0.02009573,0.01607255,0.01308825,0.01083055,0.0090872,0.00771261,0.00660659,0.0056999,0.00494435,0.00430604,0.0037608,0.00329105
Gram_error_fro,4.0,1,12,3,0.0,0.09623304,0.09164652,0.07961173,0.06810062,0.05814078,0.04971885,0.04264054,0.03669382,0.03168737,0.02745864,0.02387296,0.02081995,0.01820958,0.01596847,0.01403674
Gram_error_fro,0.0,1,12,4,0.0,0.0,0.0,0.0,0.0,0.0,0.0,0.0,0.0,0.0,0.0,0.0,0.0,0.0,0.0,0.0
Gram_error_fro,2.0,2,12,4,0.0,0.02863457,0.02178434,0.0186566,0.01773149,0.01775915,0.01810875,0.01855954,0.01903712,0.0195111,0.01996592,0.02039286,0.02078732,0.02114745,0.02147321,0.02176576
Gram_error_fro,2.0,1,12,4,0.0,0.05799177,0.04852394,0.03638594,0.02671169,0.0196742,0.01465893,0.0110596,0.00843529,0.00649131,0.00503232,0.003926,0.00308017,0.002429,0.00192461,0.00153172
Gram_error_fro,0.0,1,12,4,0.0,0.0,0.0,0.0,0.0,0.0,0.0,0.0,0.0,0.0,0.0,0.0,0.0,0.0,0.0,0.0
Gram_error_fro,0.0,1,12,4,0.0,0.0,0.0,0.0,0.0,0.0,0.0,0.0,0.0,0.0,0.0,0.0,0.0,0.0,0.0,0.0
Gram_error_fro,2.0,1,12,4,0.0,0.07168498,0.05622456,0.04215067,0.03228451,0.02534195,0.02025589,0.01639209,0.01338284,0.01100192,0.00909853,0.00756528,0.00632226,0.00530855,0.00447707,0.00379124
Gram_error_fro,2.0,1,12,4,0.0,0.0497709,0.03447286,0.02447301,0.01746595,0.01252361,0.00916093,0.00694742,0.00550907,0.00455794,0.00389724,0.00340582,0.00301468,0.00268633,0.00240073,0.00214706
Gram_error_fro,2.0,1,12,4,0.0,0.07867404,0.04810466,0.03130965,0.0219595,0.01617977,0.01231061,0.00957898,0.00757973,0.00607811,0.00492767,0.00403215,0.00332575,0.00276217,0.00230805,0.00193889
Gram_error_fro,4.0,2,12,4,0.0,0.0660501,0.05290315,0.03938272,0.02981964,0.02371077,0.02025642,0.01867646,0.01825406,0.01844372,0.01890557,0.01945642,0.02000708,0.02051834,0.02097599,0.02137776
Gram_error_fro,4.0,1,12,4,0.0,0.0632596,0.03943476,0.02617359,0.0188604,0.01430737,0.01114355,0.00879608,0.00699907,0.00560445,0.00451477,0.00365939,0.00298498,0.00245079,0.00202561,0.00168545
Gram_error_fro,2.0,1,12,4,0.0,0.02440372,0.01648536,0.01181567,0.00937714,0.0081266,0.00730474,0.0066124,0.0059701,0.0053656,0.00480117,0.00427982,0.00380279,0.00336967,0.00297886,0.00262806
Gram_error_fro,2.0,1,12,4,0.0,0.07761134,0.05724154,0.04743181,0.04075547,0.03488654,0.02959971,0.02496627,0.02101143,0.01769495,0.01494052,0.01266093,0.01077276,0.00920301,0.00789102,0.00678788
Gram_error_fro,4.0,1,12,4,0.0,0.08542608,0.06390223,0.04430664,0.03091994,0.02214707,0.01630453,0.01229334,0.00945336,0.00738833,0.00585372,0.004693,0.00380212,0.00310961,0.00256511,0.00213239
Gram_error_fro,4.0,2,12,4,0.0,0.0643027,0.05062186,0.03627515,0.02590665,0.01993812,0.0173827,0.01685252,0.01724008,0.01794185,0.01869603,0.01940357,0.02003322,0.02058062,0.02105138,0.02145431
Gram_error_fro,4.0,1,12,4,0.0,0.09310492,0.07964336,0.06502981,0.05235908,0.04222339,0.03439613,0.02840832,0.02380088,0.02020363,0.01734201,0.0150204,0.01310177,0.01149036,0.0101187,0.0089385
Gram_error_fro,4.0,2,12,4,0.0,0.07697587,0.05746137,0.04164462,0.03090188,0.02422009,0.02052675,0.01884837,0.01837161,0.01852067,0.01895083,0.01947872,0.02001421,0.02051642,0.02096934,0.02136917
Gram_error_fro,0.0,1,12,2,0.0,0.0,0.0,0.0,0.0,0.0,0.0,0.0,0.0,0.0,0.0,0.0,0.0,0.0,0.0,0.0
Gram_error_fro,0.0,1,12,2,0.0,0.0,0.0,0.0,0.0,0.0,0.0,0.0,0.0,0.0,0.0,0.0,0.0,0.0,0.0,0.0
Gram_error_fro,0.0,1,12,2,0.0,0.0,0.0,0.0,0.0,0.0,0.0,0.0,0.0,0.0,0.0,0.0,0.0,0.0,0.0,0.0
Gram_error_fro,0.0,1,12,2,0.0,0.0,0.0,0.0,0.0,0.0,0.0,0.0,0.0,0.0,0.0,0.0,0.0,0.0,0.0,0.0
Gram_error_fro,2.0,1,12,2,0.0,0.01040156,0.00474468,0.00574492,0.00669482,0.00719476,0.00734916,0.0072749,0.00705379,0.00674051,0.00637223,0.00597463,0.00556554,0.0051573,0.00475832,0.0043742
Gram_error_fro,2.0,1,12,2,0.0,0.0173769,0.0085943,0.00383468,0.00432478,0.00652621,0.00824074,0.00934776,0.00996105,0.01020277,0.01017439,0.00995511,0.00960514,0.00916956,0.00868176,0.00816623
Gram_error_fro,4.0,1,12,2,0.0,0.08051214,0.05867011,0.04491824,0.03524855,0.02794415,0.02227898,0.01783763,0.01433718,0.01156879,0.00937302,0.00762654,0.00623348,0.00511913,0.00422512,0.00350571
Gram_error_fro,4.0,1,12,2,0.0,0.08266278,0.0647734,0.05138877,0.04146901,0.03375502,0.02762996,0.02271294,0.01873791,0.01550733,0.01286983,0.01070756,0.00892803,0.00745828,0.00624046,0.00522851
Gram_error_fro,4.0,1,12,2,0.0,0.0312928,0.0298669,0.02542654,0.02102177,0.01723988,0.01411506,0.01156866,0.0095034,0.00782898,0.00646889,0.00536078,0.00445478,0.0037113,0.00309904,0.00259316
Gram_error_fro,4.0,1,12,2,0.0,0.01513602,0.0091255,0.00671474,0.0053974,0.00452328,0.00390311,0.0034436,0.0030881,0.00280186,0.00256304,0.00235735,0.00217525,0.00201038,0.00185856,0.00171713
Gram_error_fro,0.0,1,12,2,0.0,0.0,0.0,0.0,0.0,0.0,0.0,0.0,0.0,0.0,0.0,0.0,0.0,0.0,0.0,0.0
Gram_error_fro,4.0,1,12,2,0.0,0.01401535,0.01180862,0.00872493,0.00656899,0.00507722,0.00399602,0.00318105,0.00255311,0.00206474,0.00168389,0.00138685,0.00115517,0.00097411,0.00083192,0.00071922
Gram_error_fro,4.0,1,12,2,0.0,0.02799875,0.01602882,0.01186395,0.00954676,0.00795459,0.00674427,0.00576583,0.00494805,0.00425452,0.00366321,0.00315808,0.00272601,0.00235587,0.00203815,0.00176483
Gram_error_fro,4.0,1,12,2,0.0,0.07892502,0.05647526,0.04251398,0.03271808,0.02546005,0.02000548,0.01587938,0.01273573,0.01031935,0.00844326,0.00697105,0.00580323,0.00486697,0.00410867,0.0034886
Gram_error_fro,4.0,1,12,2,0.0,0.02208812,0.01487726,0.00989455,0.00706853,0.00542772,0.00442001,0.0037331,0.00320661,0.002768,0.00238725,0.00205208,0.00175675,0.00149759,0.00127148,0.00107541
Gram_error_fro,4.0,1,12,2,0.0,0.07997688,0.07778522,0.06999043,0.06209321,0.05484522,0.04840509,0.04274789,0.03779426,0.03345736,0.02965687,0.02632194,0.02339098,0.02081073,0.01853523,0.01652491
Gram_error_fro,0.0,1,12,3,0.0,0.0,0.0,0.0,0.0,0.0,0.0,0.0,0.0,0.0,0.0,0.0,0.0,0.0,0.0,0.0
Gram_error_fro,2.0,1,12,3,0.0,0.06746713,0.05467109,0.04176455,0.03202152,0.02470112,0.01913738,0.01487777,0.01160121,0.00907108,0.00711027,0.00558538,0.00439568,0.00346477,0.0027345,0.00216038
Gram_error_fro,2.0,1,12,3,0.0,0.05813815,0.04894668,0.03775569,0.02862269,0.02177431,0.01670806,0.01293248,0.01008347,0.00790699,0.00622675,0.00491872,0.00389392,0.00308722,0.00245002,0.0019455
Gram_error_fro,2.0,1,12,3,0.0,0.01153799,0.00662788,0.00434347,0.0041998,0.00436002,0.00438437,0.00427538,0.00408001,0.00383482,0.00356429,0.00328447,0.00300583,0.0027352,0.00247692,0.00223367
Gram_error_fro,2.0,1,12,3,0.0,0.07963218,0.04423114,0.02375297,0.01392308,0.00898998,0.00628407,0.00464649,0.00356234,0.00279189,0.00221629,0.00177202,0.0014222,0.00114358,0.00092037,0.0007411
Gram_error_fro,2.0,1,12,3,0.0,0.04915506,0.02245572,0.01228793,0.00845281,0.00647951,0.00512373,0.00408588,0.00327147,0.00262879,0.00211959,0.00171408,0.00138936,0.001128,0.00091675,0.00074544
Gram_error_fro,4.0,1,12,3,0.0,0.06746998,0.05178117,0.04066881,0.03357068,0.02842387,0.02437284,0.02105358,0.01827557,0.01591961,0.01390291,0.01216452,0.01065804,0.00934717,0.00820296,0.00720188
Gram_error_fro,4.0,1,12,3,0.0,0.09001691,0.06995328,0.05507477,0.0443122,0.03592659,0.02924381,0.02389256,0.01959795,0.01614025,0.01334412,0.01107152,0.00921476,0.00769013,0.00643244,0.0053907
Gram_error_fro,4.0,1,12,3,0.0,0.07272022,0.05594092,0.042612,0.03242744,0.02489952,0.01938522,0.01530911,0.01224765,0.00990977,0.00809738,0.00667377,0.00554246,0.00463396,0.00389732,0.0032947
Gram_error_fro,4.0,1,12,3,0.0,0.09563528,0.05784134,0.03518188,0.02300652,0.01594148,0.01153264,0.00863338,0.00665277,0.00525864,0.00425161,0.00350615,0.00294057,0.00250064,0.00214993,0.00186379
Gram_error_fro,2.0,1,12,3,0.0,0.08815837,0.06994464,0.0504194,0.03591645,0.02575536,0.01864887,0.01362289,0.01002276,0.00741486,0.00550846,0.00410493,0.00306599,0.00229382,0.00171823,0.00128831
Gram_error_fro,4.0,1,12,3,0.0,0.08088911,0.06137171,0.04717482,0.03652032,0.02835572,0.02212028,0.01737634,0.01376959,0.01102093,0.00891562,0.00729108,0.00602557,0.00502874,0.00423391,0.00359207
Gram_error_fro,4.0,1,12,3,0.0,0.10401897,0.0807375,0.06053572,0.04530749,0.03410364,0.02588272,0.01980812,0.01527232,0.01184877,0.00923924,0.00723339,0.00568078,0.00447223,0.00352728,0.00278585
Gram_error_fro,4.0,1,12,3,0.0,0.05456691,0.03804212,0.02865852,0.02180182,0.01652214,0.01250614,0.00948337,0.00721576,0.00551216,0.00422719,0.00325319,0.0025112,0.00194334,0.00150699,0.00117058
Gram_error_fro,4.0,1,12,3,0.0,0.06685058,0.0575204,0.04514481,0.03477085,0.02711543,0.02159104,0.01754709,0.01451058,0.01216912,0.01031927,0.00882656,0.00760016,0.00657724,0.00571342,0.00497666
Gram_error_fro,4.0,1,12,3,0.0,0.09274403,0.06233359,0.0421284,0.03154506,0.02523874,0.020867,0.01753565,0.01486865,0.01267773,0.01085103,0.0093132,0.00800947,0.00689823,0.00594707,0.00513026
Gram_error_fro,0.0,1,12,2,0.0,0.0,0.0,0.0,0.0,0.0,0.0,0.0,0.0,0.0,0.0,0.0,0.0,0.0,0.0,0.0
Gram_error_fro,2.0,1,12,2,0.0,0.04847895,0.04102743,0.03529296,0.03047131,0.02628821,0.02266183,0.01953012,0.01683154,0.01450791,0.01250695,0.01078303,0.00929696,0.00801525,0.00690934,0.00595488
Gram_error_fro,2.0,1,12,2,0.0,0.02791763,0.01321304,0.00785391,0.00594908,0.00531127,0.00497673,0.00465688,0.0043026,0.00392346,0.0035376,0.0031601,0.00280132,0.00246755,0.00216199,0.00188574
Gram_error_fro,0.0,1,12,2,0.0,0.0,0.0,0.0,0.0,0.0,0.0,0.0,0.0,0.0,0.0,0.0,0.0,0.0,0.0,0.0
Gram_error_fro,2.0,1,12,2,0.0,0.04880024,0.04157444,0.03561241,0.03061818,0.02635381,0.02270057,0.01956619,0.01687346,0.01455745,0.01256338,0.01084482,0.00936245,0.00808288,0.00697776,0.00602293
Gram_error_fro,0.0,1,12,2,0.0,0.0,0.0,0.0,0.0,0.0,0.0,0.0,0.0,0.0,0.0,0.0,0.0,0.0,0.0,0.0
Gram_error_fro,4.0,1,12,2,0.0,0.04076382,0.0326569,0.02649567,0.02169358,0.01794293,0.01500369,0.01267107,0.01079036,0.00925084,0.00797384,0.00690278,0.0059961,0.00522272,0.00455894,0.00398631
Gram_error_fro,4.0,1,12,2,0.0,0.09749773,0.07339038,0.05871706,0.0483948,0.04036956,0.03395403,0.02876748,0.02453381,0.02104348,0.01813803,0.01569791,0.01363249,0.01187243,0.01036402,0.00906504
Gram_error_fro,2.0,1,12,2,0.0,0.01080219,0.00909592,0.00887185,0.00798903,0.0069013,0.0058418,0.00489593,0.00408134,0.0033908,0.00280993,0.00232348,0.00191738,0.00157924,0.00129836,0.00106557
Gram_error_fro,4.0,1,12,2,0.0,0.07267525,0.04809231,0.03584955,0.02797987,0.02219937,0.01777687,0.01434021,0.01164173,0.00950311,0.00779351,0.00641614,0.0052988,0.00438706,0.00363942,0.00302389
Gram_error_fro,2.0,1,12,2,0.0,0.06300267,0.02642965,0.01467744,0.00956261,0.0067031,0.00490273,0.00369895,0.00285942,0.00225232,0.00179913,0.00145173,0.00117979,0.00096356,0.00078969,0.00064877
Gram_error_fro,4.0,1,12,2,0.0,0.06968498,0.02752915,0.01660544,0.01195485,0.00897847,0.00685733,0.00530661,0.00415859,0.00329847,0.00264557,0.00214309,0.00175095,0.00144082,0.00119253,0.00099158
Gram_error_fro,4.0,1,12,2,0.0,0.03932596,0.01718562,0.00784516,0.00292812,0.00069817,0.00186653,0.0027873,0.00327662,0.00347493,0.00348413,0.00337384,0.00319138,0.00296884,0.00272785,0.00248279
Gram_error_fro,4.0,1,12,2,0.0,0.03953509,0.03090769,0.02424526,0.01920682,0.01528836,0.0122318,0.00983578,0.00794337,0.00643703,0.0052298,0.00425694,0.00346959,0.00283031,0.00231003,0.00188589
Gram_error_fro,0.0,1,12,2,0.0,0.0,0.0,0.0,0.0,0.0,0.0,0.0,0.0,0.0,0.0,0.0,0.0,0.0,0.0,0.0
Gram_error_fro,2.0,1,12,2,0.0,0.02234341,0.02208628,0.02008095,0.01796413,0.01595077,0.01408906,0.0124012,0.01089017,0.00954782,0.00836104,0.00731509,0.00639527,0.00558769,0.00487952,0.00425915
Gram_error_fro,0.0,1,12,2,0.0,0.0,0.0,0.0,0.0,0.0,0.0,0.0,0.0,0.0,0.0,0.0,0.0,0.0,0.0,0.0
Gram_error_fro,2.0,1,12,2,0.0,0.08385836,0.03975328,0.0235356,0.01726541,0.01376499,0.01128276,0.00935799,0.00781761,0.00656801,0.0055462,0.00470543,0.00400962,0.00343051,0.0029458,0.00253785
Gram_error_fro,2.0,1,12,2,0.0,0.07979942,0.07184361,0.06225282,0.05312793,0.04504479,0.03812097,0.03228107,0.0273837,0.02327938,0.01983323,0.0169311,0.01447904,0.01240056,0.0106335,0.00912727
Gram_error_fro,2.0,1,12,2,0.0,0.06741791,0.06289804,0.0545862,0.04628083,0.03896012,0.03279863,0.0276923,0.02347078,0.01997025,0.01705252,0.01460635,0.0125437,0.01079517,0.00930593,0.0080324
Gram_error_fro,2.0,1,12,2,0.0,0.06191122,0.05918658,0.05330832,0.04678949,0.04048903,0.03478137,0.02977222,0.02544539,0.02173726,0.01857108,0.01587156,0.01357052,0.01160845,0.00993438,0.008505
Gram_error_fro,2.0,1,12,2,0.0,0.07743458,0.09487711,0.09679955,0.09416945,0.08993439,0.08503776,0.07987713,0.07466982,0.06955199,0.06461149,0.05990302,0.05545772,0.05128995,0.04740244,0.04379008
Gram_error_fro,4.0,1,12,2,0.0,0.0,0.0,0.00168735,0.00287041,0.00351621,0.00378372,0.00381026,0.00369199,0.00349198,0.00325047,0.00299262,0.00273388,0.00248342,0.0022464,0.00202547
Gram_error_fro,4.0,1,12,2,0.0,0.09316368,0.08732976,0.07381793,0.06094614,0.0500325,0.04108192,0.03381391,0.02792132,0.02313501,0.0192344,0.01604312,0.01342145,0.01125898,0.00946833,0.00798013
Gram_error_fro,2.0,1,12,2,0.0,0.04027545,0.04411851,0.0413617,0.03672488,0.0319041,0.02744132,0.02348628,0.02005199,0.01710158,0.01458148,0.01243527,0.01060973,0.00905729,0.00773656,0.00661215
Gram_error_fro,4.0,1,12,2,0.0,0.09862289,0.05498213,0.04470727,0.04101051,0.03803456,0.03517813,0.03242692,0.02980848,0.02734284,0.0250406,0.02290485,0.0209332,0.01911955,0.0174555,0.01593141
Gram_error_fro,2.0,1,12,2,0.0,0.05014236,0.04954302,0.04490085,0.03968148,0.03470733,0.03019375,0.02618973,0.02268233,0.01963195,0.01698913,0.01470334,0.01272725,0.01101854,0.00954025,0.00826053
Gram_error_fro,4.0,1,12,2,0.0,0.11219242,0.07427139,0.05424335,0.04130142,0.03184849,0.02482506,0.01965669,0.01591717,0.01326338,0.01141063,0.01012295,0.00921258,0.00854019,0.00801023,0.00756184
Gram_error_fro,4.0,1,12,2,0.0,0.06754362,0.04171182,0.03219922,0.02609172,0.02106847,0.0169384,0.01360962,0.01096201,0.00887648,0.0072493,0.00599383,0.00503776,0.00431958,0.00378597,0.00339079
Gram_error_fro,4.0,1,12,2,0.0,0.0583588,0.05712066,0.04950498,0.04112518,0.03374118,0.02765145,0.02272166,0.01874211,0.01552182,0.01290513,0.01076899,0.00901687,0.00757311,0.0063782,0.00538516
Gram_error_fro,4.0,1,12,2,0.0,0.07871255,0.06742463,0.05640172,0.04706831,0.03919628,0.03264048,0.02721703,0.02273789,0.01903536,0.01596838,0.01342128,0.01130019,0.00952919,0.00804684,0.0068033
Gram_error_fro,2.0,1,12,2,0.0,0.00802509,0.00382203,0.00113117,0.00192498,0.00319361,0.00398342,0.00440218,0.00456356,0.00455244,0.00442894,0.00423496,0.00399938,0.00374202,0.00347639,0.00321156
Gram_error_fro,0.0,1,12,3,0.0,0.0,0.0,0.0,0.0,0.0,0.0,0.0,0.0,0.0,0.0,0.0,0.0,0.0,0.0,0.0
Gram_error_fro,0.0,1,12,3,0.0,0.0,0.0,0.0,0.0,0.0,0.0,0.0,0.0,0.0,0.0,0.0,0.0,0.0,0.0,0.0
Gram_error_fro,2.0,1,12,3,0.0,0.0390096,0.02025945,0.01261913,0.00900264,0.00668823,0.00503863,0.00384602,0.00298302,0.0023544,0.00189004,0.00154037,0.00127134,0.00106001,0.0008909,0.0007535
Gram_error_fro,2.0,1,12,3,0.0,0.01515898,0.0154191,0.01485262,0.01352434,0.01198535,0.01048111,0.0091015,0.0078713,0.00678956,0.00584561,0.00502567,0.00431555,0.00370188,0.00317244,0.00271632
Gram_error_fro,2.0,1,12,3,0.0,0.05202133,0.03886097,0.02839349,0.02119948,0.01609046,0.01234765,0.00954975,0.00742896,0.00580473,0.00455093,0.00357715,0.0028173,0.00222226,0.001755,0.0013873
Gram_error_fro,2.0,1,12,3,0.0,0.03958301,0.02174652,0.01521799,0.01174896,0.0093027,0.00748569,0.00612103,0.00508138,0.00427431,0.00363519,0.00311935,0.00269582,0.00234283,0.00204478,0.00179035
Gram_error_fro,2.0,1,12,3,0.0,0.05863314,0.04502273,0.03291079,0.0237678,0.01711922,0.01236806,0.00899338,0.00659506,0.00488332,0.0036541,0.00276543,0.00211871,0.00164513,0.00129623,0.00103747
Gram_error_fro,2.0,1,12,3,0.0,0.00731212,0.00272477,0.00151682,0.00155121,0.00163735,0.00161014,0.00151638,0.00139933,0.00128201,0.00117344,0.00107523,0.000986,0.00090378,0.00082701,0.00075473
Gram_error_fro,2.0,1,12,3,0.0,0.07163315,0.04820187,0.03350822,0.02409534,0.01767131,0.01313581,0.00987018,0.00748658,0.00572786,0.00441849,0.00343639,0.00269526,0.00213315,0.00170489,0.00137713
Gram_error_fro,4.0,1,12,3,0.0,0.05690725,0.03665051,0.02645427,0.02269769,0.02123562,0.02040213,0.01966828,0.01889491,0.01806334,0.0171882,0.01629008,0.01538745,0.01449484,0.01362301,0.01277959
Gram_error_fro,4.0,1,12,3,0.0,0.08031143,0.04752458,0.03110804,0.02359205,0.01991375,0.01792181,0.01667612,0.01575415,0.01496697,0.01423288,0.0135194,0.01281621,0.01212257,0.01144147,0.0107769
Gram_error_fro,4.0,1,12,3,0.0,0.02061483,0.01785904,0.01583637,0.01326327,0.01075284,0.00860506,0.00686493,0.00548356,0.00439308,0.00353161,0.00284894,0.00230593,0.00187241,0.00152514,0.00124613
Gram_error_fro,4.0,1,12,3,0.0,0.07487926,0.04062846,0.02381676,0.01492573,0.00964874,0.00630545,0.00412443,0.00270155,0.00181265,0.00132767,0.00113655,0.00110734,0.00113185,0.00115694,0.00116514
Gram_error_fro,2.0,1,12,3,0.0,0.07562424,0.08052303,0.07496921,0.06723153,0.05937982,0.05206279,0.04548588,0.03968372,0.03461801,0.03022016,0.02641214,0.02311695,0.02026367,0.01778945,0.01563983
Gram_error_fro,4.0,1,12,3,0.0,0.09468447,0.05255659,0.03382134,0.02389901,0.01764025,0.0133131,0.01018161,0.00785642,0.00610106,0.00476049,0.00372831,0.00292903,0.00230774,0.00182361,0.0014458
Gram_error_fro,2.0,1,12,3,0.0,0.01890106,0.01461008,0.01394056,0.01262326,0.0109695,0.00937117,0.00796001,0.00675385,0.00573447,0.00487562,0.00415188,0.00354101,0.00302431,0.00258628,0.00221411
Gram_error_fro,0.0,1,12,7,0.0,0.0,0.0,0.0,0.0,0.0,0.0,0.0,0.0,0.0,0.0,0.0,0.0,0.0,0.0,0.0
Gram_error_fro,2.0,1,12,7,0.0,0.08366811,0.0787815,0.06662496,0.05462271,0.04412504,0.0353837,0.02827604,0.02256195,0.0179912,0.01434217,0.01143074,0.00910808,0.00725518,0.00577718,0.0045985
Gram_error_fro,2.0,1,12,7,0.0,0.0894301,0.08232473,0.06730425,0.05397124,0.04300664,0.03414047,0.02703478,0.02137565,0.01688773,0.01333806,0.01053467,0.00832221,0.00657648,0.00519885,0.0041114
Gram_error_fro,2.0,1,12,7,0.0,0.06429659,0.04194972,0.02498807,0.01524083,0.00968601,0.00638287,0.00431814,0.00297183,0.00206674,0.00144596,0.00101497,0.00071363,0.00050214,0.00035345,0.00024884
Gram_error_fro,0.0,1,12,7,0.0,0.06256068,0.05334442,0.04069301,0.02970073,0.02110092,0.01474663,0.01020542,0.00702243,0.00481656,0.00329793,0.00225642,0.0015437,0.00105655,0.00072378,0.0004965
Gram_error_fro,2.0,1,12,7,0.0,0.07055934,0.06260187,0.05416352,0.0466247,0.03967451,0.03335979,0.02776369,0.02291408,0.01878545,0.01531861,0.01243824,0.01006479,0.00812164,0.00653889,0.00525492
Gram_error_fro,2.0,1,12,7,0.0,0.09587799,0.08021777,0.06450985,0.05182305,0.04154519,0.03324234,0.02656907,0.02122459,0.01695202,0.01353875,0.01081234,0.00863447,0.00689462,0.00550466,0.00439426
Gram_error_fro,2.0,1,12,7,0.0,0.11448025,0.10184107,0.08083493,0.06287442,0.04869737,0.03771907,0.02926479,0.02275831,0.0177427,0.01386603,0.01086054,0.00852336,0.0067007,0.00527564,0.00415893
Gram_error_fro,2.0,1,12,7,0.0,0.09244869,0.0715793,0.05082849,0.03541209,0.02443058,0.01674784,0.0114328,0.00778301,0.00528921,0.00359097,0.00243709,0.00165421,0.00112353,0.00076396,0.00052034
Gram_error_fro,2.0,1,12,7,0.0,0.09415401,0.0806983,0.06224865,0.04761224,0.03662052,0.02835226,0.02206773,0.01724293,0.01350943,0.01060368,0.00833303,0.00655385,0.00515726,0.00405975,0.00319666
Gram_error_fro,2.0,1,12,7,0.0,0.0788261,0.07249508,0.06108908,0.0505496,0.0414902,0.03387237,0.02753544,0.0223017,0.01800399,0.01449264,0.01163662,0.00932284,0.00745487,0.0059514,0.00474447
Gram_error_fro,2.0,1,12,7,0.0,0.1302407,0.10990725,0.08614899,0.06734376,0.05270385,0.04130128,0.03241719,0.02548701,0.02006986,0.01582524,0.01249168,0.00986842,0.00780078,0.00616904,0.00488013
Gram_error_fro,4.0,1,12,7,0.0,0.1109456,0.09883536,0.08072486,0.06520726,0.05244987,0.0420744,0.03369538,0.02695892,0.02155692,0.0172311,0.01376979,0.01100161,0.00878857,0.00701987,0.00560667
Gram_error_fro,2.0,1,12,7,0.0,0.13886197,0.12847794,0.10482206,0.08381,0.06675305,0.05312077,0.04225945,0.0336123,0.0267298,0.02125287,0.01689528,0.01342896,0.01067221,0.00848025,0.00673774
Gram_error_fro,2.0,1,12,7,0.0,0.08688928,0.06746271,0.05503363,0.04664658,0.03958549,0.03329148,0.02772456,0.02289431,0.01877646,0.01531514,0.01243739,0.01006507,0.00812233,0.00653965,0.00525562
Gram_error_fro,2.0,1,12,7,0.0,0.11462812,0.10020626,0.07917909,0.06162283,0.04784158,0.03715782,0.02890297,0.02252637,0.017594,0.01377042,0.01079881,0.00848331,0.00667458,0.00525851,0.00414764
Gram_error_fro,0.0,1,12,3,0.0,0.0,0.0,0.0,0.0,0.0,0.0,0.0,0.0,0.0,0.0,0.0,0.0,0.0,0.0,0.0
Gram_error_fro,2.0,1,12,3,0.0,0.03522072,0.02989666,0.02339792,0.01827027,0.01429534,0.01117291,0.00871554,0.00679017,0.00528896,0.00412229,0.003217,0.00251466,0.00196937,0.00154546,0.00121536
Gram_error_fro,2.0,1,12,3,0.0,0.0779777,0.08121472,0.07455085,0.06596159,0.05757938,0.05001515,0.0433927,0.03766948,0.03274983,0.02852751,0.02490173,0.02178277,0.01909325,0.01676754,0.01475052
Gram_error_fro,2.0,1,12,3,0.0,0.05220988,0.04496544,0.03589768,0.0283596,0.02245546,0.01786621,0.0142817,0.01146211,0.00922951,0.00745177,0.00602961,0.00488755,0.00396754,0.00322451,0.00262318
Gram_error_fro,2.0,1,12,3,0.0,0.06754697,0.03974539,0.02648495,0.01957331,0.01517116,0.01201292,0.00961692,0.00775086,0.00627705,0.00510253,0.0041601,0.00339961,0.00278299,0.00228102,0.00187107
Gram_error_fro,2.0,1,12,3,0.0,0.02067776,0.01801794,0.01560989,0.01254906,0.0097836,0.00755103,0.00581379,0.00447801,0.0034546,0.00267129,0.00207196,0.00161368,0.0012636,0.00099657,0.00079317
Gram_error_fro,2.0,1,12,3,0.0,0.0779777,0.08121472,0.07455085,0.06596159,0.05757938,0.05001515,0.0433927,0.03766948,0.03274983,0.02852751,0.02490173,0.02178277,0.01909325,0.01676754,0.01475052
Gram_error_fro,2.0,1,12,3,0.0,0.0779705,0.08187646,0.07558717,0.06701036,0.05852962,0.05084815,0.04411541,0.03829502,0.03329182,0.02899838,0.02531224,0.02214203,0.01940887,0.01704583,0.01499673
Gram_error_fro,2.0,1,12,3,0.0,0.05227219,0.0447341,0.03529649,0.02747339,0.02134667,0.01662023,0.01298787,0.01019319,0.00803542,0.00636174,0.00505702,0.00403476,0.00322988,0.0025932,0.00208739
Gram_error_fro,4.0,1,12,3,0.0,0.05798066,0.04116461,0.0302317,0.02332241,0.01836976,0.01459357,0.01164492,0.00931883,0.00747394,0.0060055,0.00483347,0.00389579,0.00314403,0.00254017,0.00205429
Gram_error_fro,2.0,1,12,3,0.0,0.02067776,0.01801794,0.0168352,0.0145431,0.01205594,0.00981979,0.00793878,0.00639666,0.00514539,0.00413446,0.00331926,0.00266263,0.0021342,0.00170933,0.00136811
Gram_error_fro,4.0,1,12,3,0.0,0.06574101,0.03550906,0.02090721,0.01409783,0.01045306,0.00814586,0.00649862,0.00524378,0.00425713,0.00346878,0.002833,0.00231712,0.00189669,0.00155299,0.00127144
Gram_error_fro,4.0,1,12,3,0.0,0.06663691,0.05824134,0.04865176,0.0399221,0.03252056,0.02643088,0.02147771,0.01746423,0.01421444,0.01158157,0.00944626,0.00771233,0.00630253,0.00515485,0.00421945
Gram_error_fro,4.0,1,12,3,0.0,0.04940534,0.02900129,0.02068539,0.01673632,0.01432788,0.01263346,0.01133826,0.0102887,0.00940146,0.00862927,0.00794427,0.00732905,0.00677199,0.00626473,0.00580092
Gram_error_fro,2.0,1,12,3,0.0,0.02828124,0.02406538,0.01866585,0.01425782,0.01109566,0.00883882,0.00716927,0.00588485,0.00486647,0.00404212,0.00336561,0.0028054,0.00233882,0.00194891,0.00162252
Gram_error_fro,4.0,1,12,3,0.0,0.11892838,0.09650025,0.07936834,0.06605242,0.05531512,0.04657559,0.03942383,0.03353828,0.02866476,0.02460339,0.02119736,0.01832368,0.01588554,0.01380636,0.01202518
Gram_error_fro,0.0,1,12,2,0.0,0.0,0.0,0.0,0.0,0.0,0.0,0.0,0.0,0.0,0.0,0.0,0.0,0.0,0.0,0.0
Gram_error_fro,2.0,1,12,2,0.0,0.06570532,0.04120493,0.03159548,0.02569269,0.02128238,0.01780318,0.01501321,0.01275913,0.01092708,0.00942864,0.00819459,0.00717071,0.00631453,0.00559277,0.00497935
Gram_error_fro,2.0,1,12,2,0.0,0.06079062,0.05428688,0.0482074,0.04218604,0.03653597,0.03149045,0.02710365,0.02333747,0.02012051,0.01737585,0.01503209,0.01302694,0.01130754,0.00982962,0.00855625
Gram_error_fro,2.0,1,12,2,0.0,0.05526073,0.05201656,0.04688746,0.04127463,0.03588914,0.03104878,0.02682702,0.02319305,0.02008054,0.01741674,0.01513394,0.01317306,0.01148411,0.01002534,0.00876208
Gram_error_fro,2.0,1,12,2,0.0,0.00084491,0.00019898,0.00034378,0.00054323,0.00062722,0.00061104,0.0005332,0.00042721,0.00031564,0.00021212,0.00012572,7.098e-05,7.48e-05,0.00010904,0.00014185
Gram_error_fro,2.0,1,12,2,0.0,0.03541588,0.01997302,0.01531693,0.01297152,0.01120887,0.0097475,0.00850599,0.00743935,0.0065164,0.00571414,0.0050148,0.00440405,0.00387,0.00340253,0.00299298
Gram_error_fro,4.0,1,12,2,0.0,0.0522033,0.02420961,0.01924991,0.01715193,0.01537412,0.01372278,0.01220204,0.01082208,0.00958345,0.00847929,0.00749874,0.00662953,0.00585949,0.00517729,0.00457276
Gram_error_fro,2.0,1,12,2,0.0,0.01834921,0.00917965,0.00729153,0.00790276,0.008434,0.00853341,0.0083071,0.00788203,0.00735084,0.00677448,0.00619124,0.0056242,0.00508655,0.00458512,0.00412276
Gram_error_fro,4.0,1,12,2,0.0,0.05813894,0.03504162,0.02592764,0.0194673,0.01453574,0.01085529,0.00818017,0.00628446,0.00497674,0.00409828,0.003518,0.00313158,0.00286239,0.00265964,0.00249267
Gram_error_fro,4.0,1,12,2,0.0,0.07575501,0.06053064,0.05092489,0.04346774,0.03721001,0.03193567,0.02749511,0.02374818,0.02057263,0.01786763,0.01555189,0.01356037,0.01184086,0.01035123,0.00905714
Gram_error_fro,4.0,1,12,2,0.0,0.0299886,0.01813283,0.01245398,0.00888399,0.00651143,0.00501725,0.00415513,0.00369489,0.0034481,0.0032926,0.00316455,0.00303635,0.00289879,0.00275093,0.00259505
Gram_error_fro,4.0,1,12,2,0.0,0.12368637,0.09806168,0.07922359,0.06451348,0.05285793,0.04359715,0.03620489,0.03026494,0.02545543,0.02153022,0.01830159,0.01562607,0.01339349,0.01151864,0.00993512
Gram_error_fro,4.0,1,12,2,0.0,0.02539773,0.01657104,0.01117039,0.00757575,0.00518055,0.00372946,0.00301007,0.00276147,0.00272487,0.00273996,0.00273986,0.00270576,0.0026378,0.00254216,0.00242616
Gram_error_fro,4.0,1,12,2,0.0,0.0816841,0.05586453,0.04374663,0.03599077,0.03014614,0.02546739,0.02163389,0.01845905,0.01581189,0.0135924,0.01172191,0.01013787,0.00879028,0.00763901,0.00665169
Gram_error_fro,4.0,1,12,2,0.0,0.03809882,0.03977613,0.03867453,0.03537995,0.03154472,0.02781402,0.02439926,0.0213542,0.01867272,0.0163259,0.01427759,0.01249141,0.01093363,0.00957425,0.00838705
Gram_error_fro,4.0,1,12,2,0.0,0.05274952,0.02921054,0.01835498,0.01363286,0.01144964,0.01027404,0.00947787,0.00881636,0.00820242,0.00761021,0.00703569,0.00648141,0.00595096,0.00544731,0.0049724
Gram_error_fro,0.0,1,12,5,0.0,0.0,0.0,0.0,0.0,0.0,0.0,0.0,0.0,0.0,0.0,0.0,0.0,0.0,0.0,0.0
Gram_error_fro,2.0,1,12,5,0.0,0.04794517,0.03445978,0.02778895,0.0230062,0.01894683,0.01550309,0.01264641,0.01031811,0.0084421,0.00694032,0.00574114,0.0047827,0.00401366,0.00339266,0.00288707
Gram_error_fro,2.0,1,12,5,0.0,0.05715537,0.03676643,0.02437926,0.0173738,0.0132086,0.01051832,0.00860987,0.00715405,0.0059945,0.00505013,0.0042723,0.00362751,0.00309054,0.00264154,0.00226458
Gram_error_fro,2.0,1,12,5,0.0,0.06295482,0.04356254,0.02958746,0.02124165,0.01613927,0.01277278,0.01036016,0.00852714,0.00709014,0.00594691,0.00503032,0.0042907,0.00368933,0.00319574,0.00278621
Gram_error_fro,2.0,1,12,5,0.0,0.04754138,0.03597745,0.02977303,0.0256192,0.02222031,0.01928062,0.01672747,0.01452292,0.01262877,0.01100469,0.0096115,0.00841365,0.00738038,0.0064858,0.00570845
Gram_error_fro,2.0,1,12,5,0.0,0.07188206,0.05251584,0.03919427,0.0301918,0.02365099,0.01873325,0.01497923,0.01208815,0.00984529,0.00809213,0.00671034,0.00561131,0.00472866,0.00401266,0.00342599
Gram_error_fro,4.0,1,12,5,0.0,0.08092984,0.05977714,0.04412898,0.03397123,0.02691668,0.02163022,0.01747927,0.01415677,0.01148543,0.00933969,0.00761929,0.00624105,0.00513609,0.00424817,0.00353201
Gram_error_fro,2.0,1,12,5,0.0,0.08387466,0.05238542,0.03643483,0.02747849,0.02135821,0.01680383,0.01331879,0.01062803,0.00854286,0.00692212,0.0056574,0.00466512,0.00388112,0.00325649,0.00275413
Gram_error_fro,4.0,1,12,5,0.0,0.10255013,0.08652619,0.0681021,0.05365007,0.04258375,0.03404798,0.02740655,0.02220386,0.0181054,0.0148595,0.01227418,0.01020214,0.00853019,0.00717143,0.00605913
Gram_error_fro,4.0,1,12,5,0.0,0.0987668,0.06395426,0.04207321,0.03030947,0.02332956,0.01863097,0.01517561,0.01251041,0.0104056,0.00872214,0.00736377,0.00625882,0.00535239,0.00460211,0.00397538
Gram_error_fro,2.0,1,12,5,0.0,0.05531215,0.03601977,0.02620299,0.02080626,0.01713208,0.01431088,0.01203219,0.01015844,0.00860905,0.00732506,0.00625859,0.00536975,0.0046255,0.00399888,0.00346816
Gram_error_fro,2.0,1,12,5,0.0,0.07738827,0.05741621,0.04384217,0.03442399,0.02734007,0.02185687,0.01757715,0.01422883,0.01160458,0.00954128,0.0079105,0.00661211,0.00556903,0.0047226,0.00402854
Gram_error_fro,4.0,1,12,5,0.0,0.0714807,0.06584007,0.05538009,0.0451518,0.03643361,0.02937466,0.02377113,0.01934896,0.01585628,0.01308591,0.01087484,0.00909731,0.00765712,0.0064809,0.00551271
Gram_error_fro,4.0,1,12,5,0.0,0.0987668,0.06395426,0.04207321,0.03030947,0.02332956,0.01863097,0.01517561,0.01251041,0.0104056,0.00872214,0.00736377,0.00625882,0.00535239,0.00460211,0.00397538
Gram_error_fro,2.0,1,12,5,0.0,0.05132334,0.03133919,0.02103536,0.01626505,0.01349061,0.0114479,0.00975854,0.00831437,0.0070786,0.00602891,0.00514384,0.00440122,0.00377934,0.00325819,0.0028202
Gram_error_fro,2.0,1,12,5,0.0,0.10262037,0.091531,0.0738925,0.05812271,0.04535965,0.03538241,0.0276899,0.02178767,0.01725998,0.01377739,0.01108595,0.00899282,0.00735278,0.00605704,0.0050243
Gram_error_fro,0.0,1,12,2,0.0,0.0,0.0,0.0,0.0,0.0,0.0,0.0,0.0,0.0,0.0,0.0,0.0,0.0,0.0,0.0
Gram_error_fro,2.0,1,12,2,0.0,0.02494471,0.01714628,0.01383926,0.01152398,0.00971678,0.00824801,0.00703385,0.00602075,0.00516956,0.00445016,0.00383899,0.00331745,0.0028707,0.00248679,0.00215602
Gram_error_fro,2.0,1,12,2,0.0,0.03012119,0.02461818,0.02120165,0.01831431,0.01586036,0.01378413,0.01202177,0.01051664,0.00922312,0.00810531,0.00713486,0.0062891,0.00554964,0.00490137,0.00433177
Gram_error_fro,2.0,1,12,2,0.0,0.01469301,0.01436233,0.01375736,0.01261976,0.01133601,0.01006716,0.00888503,0.00781439,0.0068584,0.00601122,0.00526367,0.0046057,0.00402749,0.00351993,0.00307471
Gram_error_fro,2.0,1,12,2,0.0,0.03322952,0.0250824,0.02075278,0.01729943,0.01440888,0.01200741,0.01002476,0.00839019,0.00704028,0.00592193,0.00499202,0.00421598,0.00356618,0.00302045,0.00256092
Gram_error_fro,2.0,1,12,2,0.0,0.02686045,0.0215919,0.0171364,0.0135859,0.01083692,0.00872091,0.00707855,0.00578801,0.00476181,0.00393747,0.00326967,0.00272487,0.0022778,0.00190908,0.00160369
Gram_error_fro,2.0,1,12,2,0.0,0.00437338,0.00197875,0.00188964,0.00188751,0.00180119,0.00165459,0.00148647,0.00132008,0.00116581,0.00102714,0.00090435,0.00079638,0.00070173,0.00061882,0.00054614
Gram_error_fro,4.0,1,12,2,0.0,0.09194377,0.04119672,0.0255576,0.01873196,0.01410861,0.01069882,0.00817251,0.00629673,0.00489564,0.00384074,0.00303962,0.0024259,0.00195165,0.00158202,0.0012915
Gram_error_fro,0.0,1,12,2,0.0,0.0,0.0,0.0,0.0,0.0,0.0,0.0,0.0,0.0,0.0,0.0,0.0,0.0,0.0,0.0
Gram_error_fro,2.0,1,12,2,0.0,0.01133081,0.00748098,0.00540223,0.00437562,0.00383016,0.00347746,0.00319514,0.00293864,0.00269475,0.00246126,0.00223917,0.00202986,0.00183434,0.00165309,0.00148611
Gram_error_fro,2.0,1,12,2,0.0,0.01007644,0.00651639,0.00447328,0.00347712,0.00294947,0.00262828,0.00239716,0.00220561,0.00203289,0.00187111,0.00171771,0.00157216,0.00143458,0.00130522,0.00118427
Gram_error_fro,6.0,1,12,2,0.0,0.08086993,0.05561574,0.04389437,0.0369871,0.03141397,0.02664842,0.02258312,0.0191349,0.01621801,0.01375212,0.01166674,0.00990188,0.0084071,0.0071402,0.00606581
Gram_error_fro,4.0,2,12,2,0.0,0.10465525,0.07453368,0.05549444,0.04215063,0.03199095,0.0241053,0.01799815,0.01335114,0.00998427,0.00783555,0.00685917,0.00682985,0.00735218,0.00809362,0.00887186
Gram_error_fro,4.0,1,12,2,0.0,0.05841078,0.05084253,0.04382142,0.03766518,0.03237301,0.02788205,0.02407992,0.02085262,0.01810187,0.0157472,0.01372356,0.01197825,0.01046831,0.00915849,0.00801959
Gram_error_fro,4.0,1,12,2,0.0,0.07777628,0.05534737,0.04246417,0.03382203,0.02728636,0.02215714,0.01808333,0.01482545,0.01220378,0.01008117,0.0083527,0.00693782,0.00577439,0.004814,0.00401868
Gram_error_fro,4.0,1,12,2,0.0,0.03471448,0.02133465,0.01459814,0.01053546,0.0077153,0.00566493,0.00415133,0.00302498,0.00218175,0.00154777,0.00107014,0.00071063,0.00044138,0.00024248,0.00010377
Gram_error_fro,0.0,1,12,2,0.0,0.0,0.0,0.0,0.0,0.0,0.0,0.0,0.0,0.0,0.0,0.0,0.0,0.0,0.0,0.0
Gram_error_fro,2.0,1,12,2,0.0,0.04190016,0.03726738,0.03109918,0.02594696,0.0217725,0.01838579,0.01561878,0.01333976,0.01144775,0.00986531,0.00853266,0.00740334,0.00644095,0.00561676,0.00490785
Gram_error_fro,2.0,1,12,2,0.0,0.01982476,0.01441506,0.01167309,0.00960919,0.00789804,0.00646496,0.0052762,0.00429929,0.00350089,0.00284995,0.00231962,0.00188757,0.00153555,0.0012488,0.00101534
Gram_error_fro,2.0,1,12,2,0.0,0.05582194,0.04588053,0.03743821,0.03121584,0.02635141,0.02243705,0.01923908,0.01659624,0.01438996,0.01253141,0.01095324,0.00960379,0.00844298,0.00743927,0.00656756
Gram_error_fro,2.0,1,12,2,0.0,0.0496946,0.03095053,0.02199485,0.01671603,0.01318209,0.01072291,0.00897558,0.00770023,0.00673479,0.00597283,0.0053466,0.00481392,0.00434881,0.00393518,0.00356296
Gram_error_fro,2.0,1,12,2,0.0,0.00439713,0.0015958,0.00110857,0.00086025,0.00083868,0.00094846,0.00106296,0.0011361,0.00116411,0.00115532,0.00111974,0.00106601,0.00100091,0.00092955,0.00085563
Gram_error_fro,4.0,1,12,2,0.0,0.06197474,0.03226963,0.02109181,0.01553554,0.01209439,0.00967441,0.00785533,0.00644016,0.00531778,0.00441646,0.00368591,0.00308931,0.00259897,0.0021937,0.00185709
Gram_error_fro,4.0,2,12,2,0.0,0.03492491,0.02445241,0.01647442,0.01057609,0.00639569,0.00424628,0.00444889,0.00575203,0.00713513,0.00834706,0.00936089,0.01019789,0.01088684,0.01145437,0.01192286
Gram_error_fro,2.0,2,12,2,0.0,0.01601108,0.01046116,0.00617457,0.00487183,0.00591311,0.00739538,0.00867804,0.00969824,0.01049961,0.01113311,0.01163984,0.01205037,0.01238703,0.01266614,0.01289975
Gram_error_fro,4.0,2,12,2,0.0,0.01778989,0.01460508,0.01468018,0.01457711,0.01435672,0.01412098,0.01392205,0.01377375,0.01367317,0.01361237,0.01358298,0.01357766,0.01359029,0.01361593,0.01365062
Gram_error_fro,2.0,1,12,2,0.0,0.04124333,0.03245296,0.02697094,0.02253995,0.01887586,0.01586139,0.01338326,0.01133833,0.00964131,0.00822458,0.00703527,0.00603193,0.00518184,0.00445894,0.00384227
Gram_error_fro,4.0,1,12,2,0.0,0.00491445,0.00330324,0.00308389,0.00300419,0.00285947,0.00265532,0.00242322,0.0021876,0.00196211,0.00175289,0.00156194,0.0013892,0.0012337,0.00109415,0.00096916
Gram_error_fro,2.0,1,12,2,0.0,0.06509629,0.02983418,0.01847742,0.01342184,0.01036608,0.00822243,0.00661823,0.00538137,0.00441221,0.00364451,0.00303102,0.00253683,0.00213572,0.00180775,0.00153768
Gram_error_fro,6.0,1,12,2,0.0,0.0743229,0.04182818,0.02909992,0.02238843,0.01781323,0.01436166,0.01166754,0.00953377,0.00782815,0.00645476,0.00534202,0.00443567,0.00369405,0.0030848,0.00258257
Gram_error_fro,2.0,1,12,2,0.0,0.05820465,0.03641413,0.02722538,0.02224685,0.01882805,0.01617346,0.0139838,0.01212108,0.01051201,0.00911241,0.007892,0.0068276,0.00590004,0.00509276,0.00439118
Gram_error_fro,4.0,1,12,2,0.0,0.04522223,0.04582978,0.04189848,0.03704968,0.03231641,0.02803398,0.02428166,0.02103869,0.01825079,0.01585716,0.01380066,0.012031,0.0105051,0.00918657,0.00804479
Gram_error_fro,0.0,1,12,2,0.0,0.0,0.0,0.0,0.0,0.0,0.0,0.0,0.0,0.0,0.0,0.0,0.0,0.0,0.0,0.0
Gram_error_fro,2.0,1,12,2,0.0,0.01885131,0.01124019,0.00732927,0.00507223,0.00365082,0.00271113,0.00206749,0.0016149,0.00129003,0.00105241,0.00087515,0.00074,0.0006345,0.00055012,0.00048107
Gram_error_fro,2.0,1,12,2,0.0,0.03349721,0.02191064,0.0159538,0.01247413,0.01016794,0.00850949,0.00724256,0.00623261,0.00540405,0.00471088,0.0041229,0.00361905,0.00318396,0.002806,0.00247615
Gram_error_fro,2.0,1,12,2,0.0,0.02648606,0.01237526,0.00729306,0.00481933,0.00341943,0.00256322,0.0020085,0.00162826,0.00135184,0.00113933,0.00096833,0.00082617,0.00070559,0.00060221,0.00051316
Gram_error_fro,2.0,2,12,2,0.0,0.01738913,0.01335409,0.01311135,0.01328171,0.0135196,0.01372742,0.01388742,0.01400499,0.01409004,0.0141515,0.01419619,0.01422904,0.01425349,0.01427195,0.01428609
Gram_error_fro,2.0,1,12,2,0.0,0.04827474,0.01464284,0.00447515,0.00139154,0.00065988,0.00071286,0.00077772,0.00077774,0.00073744,0.000677,0.00060868,0.00053958,0.00047363,0.00041284,0.00035807
Gram_error_fro,4.0,1,12,2,0.0,0.04657841,0.0266529,0.0175832,0.01251252,0.00922969,0.00696086,0.00533385,0.00413632,0.00323723,0.00255172,0.00202276,0.00161074,0.00128741,0.00103218,0.00082975
Gram_error_fro,4.0,2,12,2,0.0,0.09459106,0.05263827,0.03757696,0.02976104,0.02481638,0.02153317,0.01933215,0.01785014,0.01684476,0.01615462,0.01567367,0.01533287,0.01508733,0.01490765,0.01477435
Gram_error_fro,2.0,1,12,2,0.0,0.01670631,0.0111945,0.01026595,0.00960866,0.00888125,0.00809277,0.00729399,0.00652281,0.00580083,0.00513822,0.00453811,0.00399957,0.00351945,0.00309348,0.00271692
Gram_error_fro,2.0,1,12,2,0.0,0.0403879,0.02864677,0.02202749,0.01721628,0.01352031,0.01066697,0.00845799,0.00673829,0.00539037,0.00432688,0.00348295,0.00281006,0.00227149,0.00183914,0.00149123
Gram_error_fro,4.0,1,12,2,0.0,0.0943674,0.05288028,0.0365899,0.02706222,0.0204062,0.01555051,0.01195863,0.00927738,0.00725845,0.00572501,0.00455043,0.00364346,0.00293782,0.00238486,0.00194859
Gram_error_fro,2.0,1,12,2,0.0,0.05921076,0.01797998,0.01099572,0.00947379,0.00846223,0.00757641,0.00678099,0.00606213,0.00541018,0.00481834,0.00428163,0.00379602,0.00335797,0.00296415,0.00261127
Gram_error_fro,2.0,1,12,2,0.0,0.03252561,0.02009251,0.013937,0.0101554,0.00756741,0.00571336,0.00435361,0.00334192,0.00258137,0.00200487,0.00156487,0.00122708,0.00096645,0.00076446,0.00060729
Gram_error_fro,2.0,1,12,2,0.0,0.04359416,0.02524671,0.01672838,0.01188388,0.0087576,0.00660374,0.00505405,0.00390532,0.00303637,0.00236985,0.00185367,0.00145123,0.00113604,0.00088845,0.00069366
Gram_error_fro,4.0,1,12,2,0.0,0.11491599,0.08663762,0.07076384,0.05887618,0.04928348,0.04141651,0.03492776,0.02955429,0.02508695,0.02135779,0.01823193,0.01560111,0.01337841,0.01149381,0.00989072
Gram_error_fro,4.0,1,12,2,0.0,0.01495896,0.01143141,0.00928998,0.0074943,0.00611903,0.00508445,0.00429368,0.00367226,0.00317031,0.00275558,0.00240696,0.00211017,0.00185512,0.00163441,0.00144241
Gram_error_fro,0.0,1,12,3,0.0,0.0,0.0,0.0,0.0,0.0,0.0,0.0,0.0,0.0,0.0,0.0,0.0,0.0,0.0,0.0
Gram_error_fro,2.0,1,12,3,0.0,0.07372159,0.03879031,0.01998989,0.01113946,0.00691363,0.00474989,0.00349832,0.00267462,0.00208072,0.00163088,0.00128235,0.00100974,0.00079577,0.00062761,0.00049539
Gram_error_fro,2.0,1,12,3,0.0,0.04445991,0.03036113,0.02335336,0.01942161,0.01661708,0.01432301,0.01235088,0.01063382,0.00913821,0.0078393,0.00671495,0.00574458,0.00490911,0.00419118,0.00357522
Gram_error_fro,2.0,1,12,3,0.0,0.0161711,0.01806567,0.01874312,0.01770204,0.01611892,0.01441647,0.01277226,0.01126051,0.0099051,0.00870559,0.00765085,0.00672596,0.00591552,0.00520513,0.00458194
Gram_error_fro,2.0,1,12,3,0.0,0.06259524,0.04562707,0.0371473,0.03149786,0.02703939,0.02335654,0.02026218,0.01763489,0.01538662,0.0134509,0.01177624,0.01032192,0.00905514,0.00794909,0.00698156
Gram_error_fro,2.0,1,12,3,0.0,0.06377447,0.03205397,0.01925032,0.01337899,0.00993931,0.00760333,0.005904,0.00462693,0.00364994,0.00289375,0.00230341,0.00183937,0.00147259,0.00118137,0.00094929
Gram_error_fro,2.0,1,12,3,0.0,0.03252309,0.0241713,0.01841534,0.01430366,0.01124665,0.00892086,0.00712025,0.00570786,0.00458925,0.00369701,0.00298171,0.00240624,0.00194221,0.00156753,0.00126481
Gram_error_fro,4.0,1,12,3,0.0,0.07068078,0.03590767,0.02162569,0.01499851,0.01119153,0.00865616,0.00681706,0.00541783,0.00432502,0.00345962,0.00276961,0.00221784,0.00177625,0.00142291,0.00114036
Gram_error_fro,4.0,1,12,3,0.0,0.04110286,0.0317579,0.0276867,0.02465326,0.02176595,0.01909096,0.0166862,0.01455621,0.01268347,0.0110438,0.00961196,0.00836374,0.00727675,0.00633078,0.00550782
Gram_error_fro,2.0,1,12,3,0.0,0.0572979,0.03348782,0.02086653,0.01405192,0.00996137,0.00730995,0.00549928,0.00421514,0.00327719,0.00257554,0.00204037,0.00162583,0.00130089,0.00104393,0.00083943
Gram_error_fro,2.0,1,12,3,0.0,0.0583337,0.04108316,0.0297966,0.02233668,0.0169749,0.01297889,0.00995855,0.00766011,0.00590365,0.00455726,0.00352271,0.0027262,0.00211195,0.00163758,0.00127078
Gram_error_fro,4.0,1,12,3,0.0,0.040576,0.02418926,0.01484983,0.01004011,0.00772489,0.00663438,0.00601989,0.00554462,0.005096,0.00465017,0.00421081,0.00378697,0.00338631,0.00301375,0.00267174
Gram_error_fro,4.0,2,12,3,0.0,0.07311218,0.04819341,0.03764693,0.03218456,0.02874774,0.0263595,0.02461382,0.02330499,0.02231185,0.02155446,0.02097593,0.02053408,0.02019689,0.01993987,0.01974419
Gram_error_fro,2.0,1,12,3,0.0,0.11234119,0.06704566,0.04397301,0.03239139,0.02521344,0.0200704,0.0161371,0.01304428,0.01057967,0.00860074,0.00700391,0.00571084,0.00466098,0.00380685,0.00311087
Gram_error_fro,4.0,1,12,3,0.0,0.13223731,0.10744737,0.08992424,0.07679254,0.06589922,0.05662345,0.04869879,0.04193518,0.03616771,0.03124956,0.0270518,0.02346317,0.02038892,0.01774915,0.01547686
Gram_error_fro,2.0,1,12,3,0.0,0.0702873,0.03839222,0.02146545,0.01249881,0.00750763,0.00468184,0.00308442,0.00218539,0.0016688,0.00134886,0.00112584,0.00095222,0.00080736,0.0006827,0.00057453
Gram_error_fro,0.0,1,12,3,0.0,0.0,0.0,0.0,0.0,0.0,0.0,0.0,0.0,0.0,0.0,0.0,0.0,0.0,0.0,0.0
Gram_error_fro,2.0,1,12,3,0.0,0.02863039,0.0166872,0.01198299,0.00942708,0.00756126,0.00610356,0.00495616,0.00405031,0.00333066,0.00275403,0.00228783,0.00190776,0.00159566,0.00133785,0.00112387
Gram_error_fro,2.0,1,12,3,0.0,0.01651197,0.01206992,0.00953286,0.00769427,0.00631758,0.00525461,0.00441583,0.00374294,0.0031952,0.00274333,0.00236611,0.00204801,0.00177753,0.00154601,0.00134678
Gram_error_fro,2.0,1,12,3,0.0,0.02863039,0.0166872,0.01198299,0.00942708,0.00756126,0.00610356,0.00495616,0.00405031,0.00333066,0.00275403,0.00228783,0.00190776,0.00159566,0.00133785,0.00112387
Gram_error_fro,2.0,1,12,3,0.0,0.02863039,0.0166872,0.01198299,0.00942708,0.00756126,0.00610356,0.00495616,0.00405031,0.00333066,0.00275403,0.00228783,0.00190776,0.00159566,0.00133785,0.00112387
Gram_error_fro,2.0,1,12,3,0.0,0.07329252,0.06129524,0.04757132,0.03670681,0.02841618,0.02212792,0.01735269,0.01370898,0.01091042,0.00874565,0.00705943,0.0057374,0.00469471,0.00386779,0.00320858
Gram_error_fro,4.0,1,12,3,0.0,0.06695308,0.05498478,0.04598572,0.03782424,0.03080146,0.02502322,0.02035979,0.01661556,0.01360489,0.01117387,0.00920119,0.00759291,0.00627641,0.0051952,0.00430493
Gram_error_fro,4.0,2,12,3,0.0,0.0633983,0.05434348,0.04443173,0.035642,0.02867043,0.02348484,0.01984278,0.0174652,0.01607098,0.01538952,0.01518313,0.01526642,0.01550953,0.0158287,0.01617309
Gram_error_fro,4.0,1,12,3,0.0,0.03299354,0.02036352,0.01424735,0.01040684,0.00767842,0.0057015,0.00426576,0.00321862,0.00244972,0.00188129,0.00145909,0.00114514,0.00091234,0.00074075,0.00061519
Gram_error_fro,4.0,1,12,3,0.0,0.04071138,0.0250993,0.01912178,0.0153634,0.01261428,0.01048568,0.00879535,0.00743273,0.00632115,0.00540469,0.00464186,0.00400155,0.00346018,0.00299965,0.00260589
Gram_error_fro,2.0,1,12,3,0.0,0.064022,0.05657684,0.04536235,0.03530859,0.0273059,0.02117896,0.01653849,0.01302179,0.01034204,0.00828463,0.00669216,0.00544971,0.00447307,0.00370005,0.00308423
Gram_error_fro,6.0,1,12,3,0.0,0.09284032,0.07314589,0.05729294,0.04528669,0.03604703,0.02892955,0.02343429,0.01916151,0.01580442,0.01313532,0.01098805,0.00924181,0.00780827,0.00662207,0.00563409
Gram_error_fro,6.0,1,12,3,0.0,0.10663778,0.08460819,0.06556915,0.05102931,0.03995026,0.03146652,0.02493143,0.01986402,0.01590764,0.01279794,0.01033838,0.00838199,0.00681796,0.00556205,0.00454964
Gram_error_fro,6.0,1,12,3,0.0,0.06298792,0.0357095,0.02331952,0.01679476,0.01249432,0.00938329,0.00709063,0.00540095,0.00415667,0.00323894,0.0025595,0.00205374,0.00167461,0.00138786,0.00116848
Gram_error_fro,4.0,1,12,3,0.0,0.09996604,0.068839,0.05042939,0.03791623,0.02889021,0.0222321,0.01726065,0.01351239,0.01066009,0.00846979,0.00677314,0.00544814,0.0044057,0.0035801,0.00292237
Gram_error_fro,4.0,1,12,3,0.0,0.03923777,0.02749375,0.02255129,0.01939445,0.0169346,0.0149405,0.01329079,0.01189498,0.01068851,0.00962784,0.00868402,0.00783749,0.00707446,0.0063847,0.00576017
Gram_error_fro,0.0,1,12,2,0.0,0.0,0.0,0.0,0.0,0.0,0.0,0.0,0.0,0.0,0.0,0.0,0.0,0.0,0.0,0.0
Gram_error_fro,2.0,1,12,2,0.0,0.05715393,0.04094267,0.03222491,0.02692163,0.02321891,0.02041828,0.0181702,0.01628281,0.01464861,0.01320603,0.01191817,0.01076126,0.00971862,0.00877744,0.00792724
Gram_error_fro,2.0,1,12,2,0.0,0.0407474,0.03206371,0.0267712,0.02272055,0.01937217,0.01658846,0.01427514,0.01234504,0.01072294,0.00934817,0.00817354,0.00716272,0.00628769,0.00552654,0.00486194
Gram_error_fro,2.0,1,12,2,0.0,0.0305962,0.02095836,0.01457501,0.01050368,0.00827821,0.00746983,0.00748304,0.00781074,0.00817921,0.00847852,0.0086762,0.0087714,0.00877487,0.0087007,0.00856301
Gram_error_fro,2.0,1,12,2,0.0,0.04253526,0.03490235,0.02996818,0.025998,0.02257559,0.01959882,0.01701419,0.01477371,0.01283222,0.01114912,0.00968896,0.00842127,0.00731997,0.00636273,0.00553042
Gram_error_fro,2.0,1,12,2,0.0,0.00621802,0.00262768,0.00212859,0.00211536,0.00215277,0.00216757,0.00214965,0.00210201,0.00203058,0.00194165,0.00184093,0.00173322,0.00162231,0.00151107,0.00140161
Gram_error_fro,2.0,1,12,2,0.0,0.07819584,0.03335353,0.01634433,0.01136015,0.01033491,0.01011904,0.00988162,0.00949452,0.00898333,0.00839481,0.00776879,0.00713432,0.00651129,0.00591267,0.00534647
Gram_error_fro,4.0,1,12,2,0.0,0.09394966,0.05656714,0.04165851,0.03376119,0.02836748,0.0242192,0.02085811,0.01806394,0.01570566,0.01369462,0.01196654,0.01047294,0.00917615,0.00804632,0.00705933
Gram_error_fro,2.0,1,12,2,0.0,0.03483687,0.02910149,0.0250938,0.02162085,0.01854377,0.01585635,0.01353937,0.01155641,0.00986517,0.00842454,0.00719758,0.00615218,0.00526093,0.00450056,0.00385138
Gram_error_fro,0.0,1,12,2,0.0,0.0,0.0,0.0,0.0,0.0,0.0,0.0,0.0,0.0,0.0,0.0,0.0,0.0,0.0,0.0
Gram_error_fro,4.0,1,12,2,0.0,0.08161812,0.04648804,0.03377037,0.02788477,0.02393219,0.02081036,0.01820641,0.01598636,0.01407091,0.01240489,0.01094728,0.00966645,0.00853743,0.00754008,0.0066578
Gram_error_fro,2.0,1,12,2,0.0,0.04409115,0.04826852,0.04705832,0.0442851,0.04099149,0.03758531,0.0342561,0.03109664,0.02815103,0.0254365,0.02295471,0.02069821,0.01865445,0.01680827,0.01514353
Gram_error_fro,4.0,1,12,2,0.0,0.08750727,0.03664031,0.01390613,0.00526521,0.00285049,0.00313835,0.00366422,0.00397256,0.00408961,0.00407372,0.00397048,0.00381216,0.00362109,0.00341259,0.00319703
Gram_error_fro,4.0,1,12,2,0.0,0.0127894,0.01559225,0.01374627,0.01093408,0.00843925,0.00647971,0.00501144,0.00393466,0.00315436,0.0025934,0.00219168,0.00190275,0.00169126,0.00153114,0.00140405
Gram_error_fro,4.0,1,12,2,0.0,0.08650305,0.06534382,0.05286511,0.04394212,0.03698334,0.03135936,0.0267287,0.02287232,0.01963502,0.0169004,0.01457848,0.01259841,0.01090367,0.00944868,0.0081963
Gram_error_fro,2.0,1,12,2,0.0,0.05366427,0.03630486,0.02930011,0.0248864,0.0215558,0.01888967,0.01667931,0.01479513,0.0131551,0.01170745,0.01041882,0.00926658,0.00823435,0.00730931,0.00648084
Gram_error_fro,0.0,1,12,2,0.0,0.0,0.0,0.0,0.0,0.0,0.0,0.0,0.0,0.0,0.0,0.0,0.0,0.0,0.0,0.0
Gram_error_fro,2.0,1,12,2,0.0,0.04000843,0.02922907,0.02422105,0.02079034,0.01804044,0.01572154,0.01372576,0.01199183,0.01047868,0.00915541,0.00799709,0.00698279,0.00609455,0.00531682,0.00463606
Gram_error_fro,2.0,1,12,2,0.0,0.03288525,0.01965029,0.01254121,0.00838626,0.00582464,0.00418489,0.00309845,0.00235589,0.00183321,0.00145434,0.00117157,0.00095462,0.00078412,0.00064748,0.00053634
Gram_error_fro,2.0,1,12,2,0.0,0.04872889,0.01542167,0.00574371,0.00320883,0.00280976,0.00271497,0.00256259,0.00234485,0.00209442,0.00183739,0.00159004,0.00136139,0.00115568,0.0009742,0.00081643
Gram_error_fro,2.0,1,12,2,0.0,0.04974841,0.0172841,0.00976699,0.00694427,0.0053158,0.00417341,0.00331126,0.002642,0.00211581,0.00169914,0.00136755,0.00110266,0.00089039,0.00071986,0.00058255
Gram_error_fro,2.0,1,12,2,0.0,0.04825381,0.01709728,0.00984256,0.00705322,0.00546862,0.0043671,0.00353034,0.00287063,0.00234166,0.00191377,0.00156583,0.00128194,0.00104979,0.00085967,0.00070384
Gram_error_fro,4.0,1,12,2,0.0,0.07903723,0.04040701,0.02931121,0.02355059,0.01926147,0.015832,0.01305129,0.01078437,0.00892952,0.00740721,0.0061544,0.00512073,0.00426588,0.00355739,0.00296909
Gram_error_fro,4.0,1,12,2,0.0,0.04036401,0.03497795,0.03099575,0.02741305,0.0242457,0.02145911,0.01899802,0.01681614,0.0148783,0.01315665,0.01162768,0.01027075,0.00906741,0.00800108,0.0070568
Gram_error_fro,4.0,1,12,2,0.0,0.07713044,0.04037664,0.02480261,0.01655704,0.01165096,0.00853097,0.00644663,0.0049948,0.00394528,0.0031614,0.00255955,0.00208712,0.00171001,0.00140532,0.00115706
Gram_error_fro,2.0,1,12,2,0.0,0.01208905,0.00365121,0.00256315,0.00268248,0.00269546,0.00255133,0.00232386,0.00206577,0.00180638,0.00156086,0.00133647,0.00113605,0.00095994,0.00080706,0.00067561
Gram_error_fro,4.0,1,12,2,0.0,0.08773138,0.07180812,0.06030221,0.05105961,0.04338553,0.03696213,0.03156291,0.02701004,0.02315994,0.0198951,0.01711893,0.01475191,0.01272858,0.01099494,0.00950636
Gram_error_fro,4.0,1,12,2,0.0,0.00584836,0.00132309,0.00179471,0.00235139,0.00251388,0.00244385,0.0022589,0.00202665,0.00178341,0.00154815,0.00133034,0.00113413,0.00096068,0.00080944,0.00067898
Gram_error_fro,4.0,1,12,2,0.0,0.02560835,0.01608674,0.01060618,0.00727652,0.00523466,0.00395181,0.00310969,0.00252517,0.00209459,0.00175991,0.00148881,0.00126309,0.00107209,0.00090915,0.00076974
Gram_error_fro,4.0,1,12,2,0.0,0.0183761,0.00900337,0.00595717,0.00448049,0.00356465,0.00297989,0.00260657,0.00235794,0.00217606,0.00202707,0.00189341,0.00176701,0.00164474,0.00152586,0.00141065
Gram_error_fro,4.0,1,12,2,0.0,0.05202171,0.04030597,0.03091276,0.02369436,0.01829365,0.01426281,0.01123122,0.00892507,0.00714972,0.00576767,0.00468099,0.00381898,0.00312991,0.00257535,0.0021264
Gram_error_fro,4.0,1,12,2,0.0,0.05934465,0.01788558,0.00981132,0.00728667,0.00572916,0.00461151,0.00378936,0.0031744,0.00270482,0.00233727,0.00204173,0.00179769,0.00159129,0.00141325,0.00125734
Gram_error_fro,0.0,1,12,2,0.0,0.0,0.0,0.0,0.0,0.0,0.0,0.0,0.0,0.0,0.0,0.0,0.0,0.0,0.0,0.0
Gram_error_fro,2.0,1,12,2,0.0,0.04029234,0.02473437,0.02035572,0.01798178,0.01602305,0.01430311,0.01277901,0.01142379,0.01021616,0.00913847,0.00817574,0.00731501,0.00654498,0.00585573,0.00523854
Gram_error_fro,2.0,1,12,2,0.0,0.0639957,0.05818936,0.04966247,0.04136836,0.03413508,0.02809053,0.02312906,0.01908514,0.01579434,0.01311285,0.01092146,0.00912391,0.00764347,0.0064193,0.00540315
Gram_error_fro,2.0,1,12,2,0.0,0.0131014,0.00636469,0.0038217,0.00390258,0.00458365,0.00509541,0.00536622,0.00544374,0.00538199,0.0052244,0.00500352,0.00474312,0.00446048,0.00416799,0.00387448
Gram_error_fro,2.0,1,12,2,0.0,0.04829955,0.03465403,0.02674071,0.02206824,0.01940659,0.0178465,0.0168302,0.01605593,0.01537454,0.01471903,0.01406373,0.01340242,0.01273739,0.01207396,0.01141803
Gram_error_fro,2.0,1,12,2,0.0,0.06165384,0.05626014,0.04826069,0.04076453,0.03423692,0.02870774,0.02408242,0.02023305,0.01703343,0.01437152,0.01215244,0.01029771,0.00874314,0.00743646,0.00633515
Gram_error_fro,4.0,1,12,2,0.0,0.06703949,0.02690422,0.01815323,0.01432538,0.01171553,0.00973325,0.00817767,0.00693075,0.00591205,0.00506583,0.00435334,0.00374735,0.00322826,0.00278152,0.00239595
Gram_error_fro,4.0,1,12,2,0.0,0.06151749,0.05624026,0.04818978,0.0407384,0.03436617,0.02905929,0.02467788,0.0210613,0.01806406,0.01556528,0.01346821,0.01169658,0.01019046,0.00890268,0.00779591
Gram_error_fro,4.0,1,12,2,0.0,0.06627107,0.03441012,0.0225035,0.01716629,0.01404202,0.01192438,0.0103618,0.00913693,0.00813193,0.00727929,0.00653875,0.00588535,0.00530287,0.00478017,0.00430922
Gram_error_fro,4.0,1,12,2,0.0,0.04067874,0.03174625,0.02508371,0.02020847,0.01656412,0.01377238,0.01158486,0.00983614,0.00841415,0.00724146,0.00626324,0.00543972,0.00474127,0.00414527,0.00363413
Gram_error_fro,2.0,1,12,2,0.0,0.00922487,0.00509231,0.00462836,0.00462376,0.00445791,0.00412819,0.00371334,0.00327551,0.00285208,0.00246218,0.00211361,0.00180773,0.00154252,0.00131438,0.00111915
Gram_error_fro,6.0,1,12,2,0.0,0.084216,0.04398553,0.02894422,0.02084996,0.01547635,0.01164982,0.00884815,0.00676595,0.00520267,0.00401996,0.00312004,0.00243264,0.00190659,0.00150417,0.0011972
Gram_error_fro,4.0,1,12,2,0.0,0.05415134,0.03730839,0.02861957,0.02289297,0.01863408,0.01532132,0.01268731,0.01056318,0.00883198,0.00740903,0.00623141,0.00525141,0.00443228,0.00374521,0.00316737
Gram_error_fro,4.0,1,12,2,0.0,0.04739121,0.03512399,0.02696373,0.02129458,0.01714816,0.01400771,0.01156624,0.00962877,0.00806565,0.00678766,0.00573174,0.00485209,0.00411466,0.00349351,0.00296847
Gram_error_fro,4.0,1,12,2,0.0,0.04143906,0.02948768,0.02021436,0.01427866,0.01034442,0.00765254,0.0057782,0.0044582,0.00351887,0.00284199,0.00234611,0.00197503,0.00169021,0.00146551,0.00128336
Gram_error_fro,2.0,1,12,2,0.0,0.07727981,0.05725513,0.04361493,0.03363187,0.02608864,0.02034508,0.01595337,0.01258077,0.00997811,0.00795892,0.00638367,0.00514786,0.00417291,0.00339954,0.00278275
Gram_error_fro,0.0,1,12,4,0.0,0.0,0.0,0.0,0.0,0.0,0.0,0.0,0.0,0.0,0.0,0.0,0.0,0.0,0.0,0.0
Gram_error_fro,2.0,1,12,4,0.0,0.05026457,0.03100135,0.02293621,0.02021301,0.01907078,0.01833581,0.01768025,0.01701556,0.01632382,0.01560851,0.01487886,0.01414457,0.01341421,0.0126948,0.01199185
Gram_error_fro,2.0,1,12,4,0.0,0.06191452,0.05355932,0.04506549,0.03743639,0.03099436,0.02576574,0.02160065,0.01829508,0.01565438,0.01351728,0.01175974,0.01029039,0.00904341,0.00797173,0.00704151
Gram_error_fro,2.0,1,12,4,0.0,0.02878088,0.02164587,0.01709856,0.01434449,0.01241544,0.01089074,0.00959587,0.00845714,0.00744295,0.00653827,0.00573359,0.0050208,0.00439184,0.00383859,0.0033531
Gram_error_fro,2.0,1,12,4,0.0,0.05376597,0.04361425,0.03363865,0.02657912,0.02161484,0.01795303,0.01511434,0.01283001,0.01094657,0.0093706,0.00804038,0.00691164,0.00595059,0.00513031,0.00442878
Gram_error_fro,2.0,1,12,4,0.0,0.06387625,0.04036203,0.02535849,0.01788439,0.01391192,0.0114438,0.00966936,0.00827051,0.00711472,0.00613905,0.00530771,0.00459648,0.00398676,0.00346335,0.0030134
Gram_error_fro,2.0,1,12,4,0.0,0.01637316,0.00842141,0.00338943,0.00259073,0.0035137,0.00419707,0.00452453,0.00458647,0.00446991,0.00424224,0.00395222,0.00363339,0.00330788,0.00298964,0.00268703
Gram_error_fro,2.0,1,12,4,0.0,0.07769606,0.06573833,0.04880787,0.035445,0.02575038,0.01882345,0.01386617,0.01029572,0.00770462,0.00581054,0.00441732,0.00338755,0.00262391,0.00205654,0.00163454
Gram_error_fro,4.0,1,12,4,0.0,0.07203191,0.04331355,0.02917423,0.02292061,0.01947921,0.01702187,0.01498616,0.01320082,0.01161058,0.01019345,0.00893565,0.00782443,0.00684661,0.00598876,0.00523772
Gram_error_fro,2.0,1,12,4,0.0,0.05499843,0.04475373,0.03560498,0.02862314,0.02322962,0.01902562,0.01571361,0.01307275,0.01094248,0.00920638,0.0077791,0.00659707,0.00561212,0.00478709,0.00409294
Gram_error_fro,4.0,1,12,4,0.0,0.0544948,0.04101405,0.03274913,0.02708216,0.02277685,0.01931475,0.01645077,0.01404873,0.01201966,0.01029825,0.00883344,0.007584,0.00651619,0.00560212,0.00481862
Gram_error_fro,2.0,1,12,4,0.0,0.07952511,0.06531168,0.05026517,0.03866637,0.03023499,0.02409714,0.01952965,0.01603992,0.01330926,0.01113078,0.00936634,0.00792024,0.00672385,0.00572648,0.00488982
Gram_error_fro,4.0,1,12,4,0.0,0.10238083,0.07141386,0.0512762,0.03907448,0.03102624,0.02526008,0.02088646,0.01744607,0.01467529,0.01240791,0.01053125,0.0089648,0.00764876,0.00653749,0.00559536
Gram_error_fro,4.0,1,12,4,0.0,0.09972035,0.04861734,0.02518301,0.01454246,0.00916014,0.00630685,0.00486971,0.00420303,0.00387668,0.00365858,0.00345493,0.00323894,0.00300942,0.0027727,0.00253598
Gram_error_fro,4.0,1,12,4,0.0,0.06652892,0.04120602,0.02964113,0.02337685,0.01917833,0.01601387,0.01349291,0.01142965,0.00971637,0.00828138,0.00707262,0.00605028,0.00518294,0.00444528,0.00381664
Gram_error_fro,4.0,1,12,4,0.0,0.10834932,0.09331392,0.07554479,0.0604893,0.04841161,0.03886226,0.03133881,0.02540701,0.02071585,0.01698919,0.01401266,0.01162099,0.00968718,0.00811363,0.00682524
Gram_error_fro,0.0,1,12,6,0.0,0.0,0.0,0.0,0.0,0.0,0.0,0.0,0.0,0.0,0.0,0.0,0.0,0.0,0.0,0.0
Gram_error_fro,2.0,1,12,6,0.0,0.04550506,0.02744277,0.01783401,0.01206389,0.00832339,0.0058551,0.00420701,0.00308682,0.00230812,0.00175402,0.00135126,0.00105327,0.00082959,0.0006597,0.00052934
Gram_error_fro,2.0,1,12,6,0.0,0.07076262,0.06702056,0.05485922,0.04335062,0.03390256,0.02645046,0.02065479,0.01616935,0.01270144,0.01001818,0.0079387,0.00632382,0.00506679,0.00408567,0.00331751
Gram_error_fro,2.0,1,12,6,0.0,0.04466939,0.04149206,0.0349432,0.02887165,0.02380137,0.01966652,0.01630343,0.01355764,0.01130379,0.00944442,0.00790421,0.00662443,0.00555864,0.00466954,0.00392685
Gram_error_fro,2.0,1,12,6,0.0,0.08094985,0.06724586,0.04839341,0.03367079,0.02338058,0.01644763,0.01182945,0.00874622,0.00665963,0.00521279,0.00417628,0.0034064,0.00281464,0.00234656,0.00196815
Gram_error_fro,2.0,1,12,6,0.0,0.06075868,0.04987489,0.03866478,0.03044693,0.02446622,0.01998255,0.0165281,0.01380969,0.01163343,0.00986561,0.00841166,0.00720349,0.0061912,0.00533741,0.00461352
Gram_error_fro,2.0,1,12,6,0.0,0.07620169,0.05490542,0.03736514,0.02571855,0.01826534,0.01339748,0.01009523,0.00777141,0.00608661,0.00483577,0.00388866,0.00315918,0.00258875,0.00213668,0.00177419
Gram_error_fro,2.0,1,12,6,0.0,0.055266,0.04092741,0.0291102,0.0210799,0.01563516,0.01190189,0.00928821,0.00740459,0.00600282,0.00492776,0.00408244,0.00340495,0.00285437,0.00240244,0.00202878
Gram_error_fro,2.0,1,12,6,0.0,0.08180035,0.05927325,0.04158333,0.03026654,0.0228637,0.01776068,0.01406217,0.01127623,0.00912101,0.00742399,0.00607193,0.00498582,0.00410803,0.00339519,0.00281396
Gram_error_fro,4.0,1,12,6,0.0,0.09390095,0.08547541,0.0710748,0.05755442,0.04594146,0.03636298,0.02865356,0.02254416,0.01775026,0.01401131,0.01110488,0.00884841,0.00709564,0.00573123,0.00466523
Gram_error_fro,2.0,1,12,6,0.0,0.08740902,0.07712777,0.06010673,0.04543465,0.03401846,0.02540597,0.01898102,0.01420747,0.01066472,0.00803483,0.00608115,0.00462856,0.00354769,0.00274284,0.00214303
Gram_error_fro,4.0,1,12,6,0.0,0.10696862,0.08656585,0.06773437,0.0529636,0.04141849,0.03242236,0.0254361,0.02002304,0.01583253,0.01258666,0.01006778,0.00810703,0.00657428,0.0053698,0.00441742
Gram_error_fro,4.0,1,12,6,0.0,0.13033451,0.12103857,0.09812372,0.07750702,0.0611255,0.04846328,0.03870537,0.03115202,0.02526599,0.02064625,0.01699441,0.0140873,0.01175685,0.00987556,0.00834617
Gram_error_fro,4.0,1,12,6,0.0,0.14337226,0.1290539,0.10346315,0.08128802,0.06377633,0.05026311,0.03989595,0.03193771,0.02580478,0.02104963,0.01733405,0.01440443,0.01207149,0.01019425,0.00866779
Gram_error_fro,0.0,1,12,6,0.0,0.05152825,0.03664758,0.02564958,0.01811257,0.01289226,0.00929214,0.00680727,0.00507946,0.00386307,0.00299262,0.00235759,0.00188455,0.00152477,0.00124579,0.00102576
Gram_error_fro,2.0,1,12,6,0.0,0.08455669,0.06208057,0.04430965,0.03238045,0.02414832,0.01832685,0.01414132,0.01108694,0.00882152,0.00711091,0.00579512,0.00476504,0.0039459,0.00328584,0.00274826
Gram_error_fro,0.0,1,12,5,0.0,0.0,0.0,0.0,0.0,0.0,0.0,0.0,0.0,0.0,0.0,0.0,0.0,0.0,0.0,0.0
Gram_error_fro,2.0,1,12,5,0.0,0.06934856,0.04657015,0.02749847,0.01612451,0.00965565,0.0059231,0.00370206,0.00234212,0.00149235,0.00095471,0.00061218,0.00039313,0.00025276,0.0001627,0.00010487
Gram_error_fro,2.0,1,12,5,0.0,0.07994462,0.06951222,0.05647809,0.0454175,0.03621596,0.02872252,0.02274942,0.01805843,0.01440326,0.01156163,0.00934829,0.00761587,0.00625045,0.00516541,0.00429554
Gram_error_fro,0.0,1,12,5,0.0,0.0,0.0,0.0,0.0,0.0,0.0,0.0,0.0,0.0,0.0,0.0,0.0,0.0,0.0,0.0
Gram_error_fro,2.0,1,12,5,0.0,0.05682812,0.03426626,0.0183285,0.01030692,0.00663924,0.00490561,0.00388163,0.00311632,0.0024847,0.00195722,0.00152365,0.00117443,0.00089827,0.00068317,0.00051768
Gram_error_fro,2.0,1,12,5,0.0,0.07994462,0.06951222,0.05647809,0.0454175,0.03621596,0.02872252,0.02274942,0.01805843,0.01440326,0.01156163,0.00934829,0.00761587,0.00625045,0.00516541,0.00429554
Gram_error_fro,0.0,1,12,5,0.0,0.0,0.0,0.0,0.0,0.0,0.0,0.0,0.0,0.0,0.0,0.0,0.0,0.0,0.0,0.0
Gram_error_fro,4.0,1,12,5,0.0,0.08063333,0.07117424,0.0592259,0.04824955,0.03871765,0.03084866,0.024563,0.01962857,0.01578097,0.01278067,0.01043091,0.00857782,0.00710405,0.00592127,0.00496331
Gram_error_fro,4.0,1,12,5,0.0,0.09577074,0.06783296,0.04677739,0.03416319,0.02592252,0.02008805,0.01578557,0.01254934,0.01008348,0.00818285,0.00670088,0.00553192,0.00459945,0.00384772,0.00323578
Gram_error_fro,2.0,1,12,5,0.0,0.03405565,0.0280301,0.01974425,0.01323402,0.00883179,0.00597626,0.00413068,0.00292479,0.00212275,0.00157707,0.00119592,0.00092217,0.00072029,0.00056793,0.00045081
Gram_error_fro,4.0,1,12,5,0.0,0.08390972,0.05533916,0.03439486,0.02237238,0.01542864,0.01113826,0.00829984,0.00632765,0.00491148,0.00386971,0.00308791,0.00249076,0.00202738,0.00166266,0.00137203
Gram_error_fro,6.0,1,12,5,0.0,0.0963036,0.06522343,0.04328962,0.03396392,0.02965993,0.02672527,0.02418223,0.02185121,0.01971663,0.0177805,0.01603794,0.01447729,0.01308336,0.01183975,0.01073034
Gram_error_fro,6.0,1,12,5,0.0,0.10284936,0.06327641,0.03705751,0.02361771,0.01694372,0.01342587,0.01128919,0.00976755,0.00855486,0.00753002,0.00664185,0.00586502,0.00518372,0.00458587,0.00406117
Gram_error_fro,2.0,1,12,5,0.0,0.09141315,0.07315434,0.05813973,0.04649026,0.03714499,0.02966826,0.02374902,0.01909685,0.01544905,0.01258355,0.01032178,0.00852451,0.00708515,0.00592286,0.00497652
Gram_error_fro,4.0,1,12,5,0.0,0.07643029,0.053825,0.03506781,0.02300341,0.01529226,0.01028728,0.00700491,0.00483632,0.00339106,0.00241603,0.00174772,0.00128126,0.00094965,0.00070988,0.00053401
Gram_error_fro,4.0,1,12,5,0.0,0.08580563,0.06957406,0.05618357,0.04541525,0.03640138,0.02899733,0.02305524,0.01836087,0.01468341,0.01181098,0.00956486,0.00780136,0.00640829,0.00529953,0.00440974
Gram_error_fro,0.0,1,12,5,0.0,0.0,0.0,0.0,0.0,0.0,0.0,0.0,0.0,0.0,0.0,0.0,0.0,0.0,0.0,0.0
Gram_error_fro,0.0,1,12,5,0.0,0.0,0.0,0.0,0.0,0.0,0.0,0.0,0.0,0.0,0.0,0.0,0.0,0.0,0.0,0.0
Gram_error_fro,2.0,1,12,5,0.0,0.0560819,0.04012156,0.02789951,0.01997086,0.01478358,0.0113063,0.0089016,0.00717916,0.0059009,0.0049208,0.00414793,0.00352433,0.003012,0.00258521,0.00222592
Gram_error_fro,2.0,1,12,5,0.0,0.06173482,0.05542174,0.04816062,0.04216534,0.03704877,0.03267029,0.02893273,0.02573182,0.02296992,0.02056628,0.01845794,0.01659666,0.01494518,0.01347413,0.01215984
Gram_error_fro,2.0,1,12,5,0.0,0.08256077,0.05742459,0.0358993,0.02304656,0.01587179,0.01176644,0.00922507,0.00749682,0.0062262,0.00524064,0.00444944,0.00379994,0.00325869,0.00280284,0.002416
Gram_error_fro,2.0,1,12,5,0.0,0.06018052,0.04439087,0.03082177,0.02213473,0.01676184,0.01335412,0.01106252,0.0094068,0.00813043,0.00709808,0.0062361,0.00550166,0.0048677,0.00431572,0.00383219
Gram_error_fro,4.0,1,12,5,0.0,0.0838664,0.06517983,0.04715692,0.03536985,0.02812331,0.02342183,0.02005214,0.01742314,0.01526728,0.01345725,0.01192225,0.01061462,0.00949739,0.00853991,0.00771621
Gram_error_fro,2.0,1,12,5,0.0,0.04546424,0.03702349,0.0277309,0.02101913,0.0162995,0.01285696,0.01025186,0.00823393,0.00665093,0.00540032,0.00440741,0.00361543,0.00298057,0.00246887,0.00205406
Gram_error_fro,4.0,1,12,5,0.0,0.08061922,0.07010906,0.05781733,0.04742066,0.03886055,0.03195938,0.02647917,0.02215197,0.01872459,0.01598358,0.01376152,0.01193281,0.01040564,0.00911357,0.00800839
Gram_error_fro,4.0,1,12,5,0.0,0.07408753,0.07552697,0.06644493,0.05622868,0.0472018,0.03973616,0.03366456,0.02871683,0.02464795,0.02126486,0.0184224,0.01601252,0.01395421,0.01218574,0.01065918
Gram_error_fro,4.0,1,12,5,0.0,0.06797103,0.04575022,0.03202075,0.02436905,0.01946401,0.01592431,0.01321016,0.01106454,0.00933537,0.00792108,0.00675034,0.00577171,0.0049473,0.00424865,0.00365383
Gram_error_fro,2.0,1,12,5,0.0,0.10829433,0.09610882,0.08111691,0.06901942,0.05922461,0.05103563,0.04407483,0.03812703,0.03304029,0.02868959,0.02496648,0.02177655,0.01903848,0.01668301,0.01465159
Gram_error_fro,4.0,1,12,5,0.0,0.11040957,0.09628125,0.076755,0.06099268,0.04884183,0.0394452,0.03212639,0.02638881,0.02186064,0.01826001,0.01537302,0.01303784,0.01113218,0.00956348,0.00826141
Gram_error_fro,4.0,1,12,5,0.0,0.07314452,0.05729788,0.04495025,0.03789815,0.03385539,0.03125368,0.02930232,0.02765076,0.02615139,0.02474265,0.02339872,0.02210901,0.02086951,0.01967909,0.01853775
Gram_error_fro,4.0,1,12,5,0.0,0.10416042,0.07043801,0.0484054,0.03637269,0.02959566,0.02539868,0.02247978,0.02023671,0.01838862,0.0167976,0.01539057,0.01412551,0.01297635,0.01192576,0.01096147
Gram_error_fro,4.0,1,12,5,0.0,0.0975544,0.07147053,0.05268583,0.04100875,0.03324594,0.02759591,0.02319977,0.01964214,0.01670081,0.01424012,0.01216698,0.01041221,0.00892194,0.00765302,0.00657031
Gram_error_fro,0.0,1,12,1,0.0,0.0,0.0,0.0,0.0,0.0,0.0,0.0,0.0,0.0,0.0,0.0,0.0,0.0,0.0,0.0
Gram_error_fro,2.0,1,12,1,0.0,0.0045857,0.00132154,0.00012425,0.00086374,0.00125628,0.00143891,0.00149025,0.00146196,0.00138804,0.00129038,0.00118271,0.0010734,0.00096741,0.00086748,0.00077496
Gram_error_fro,2.0,1,12,1,0.0,0.03297241,0.02310425,0.0175779,0.01408467,0.01157087,0.00962239,0.00804901,0.00675273,0.00567481,0.00477457,0.00402099,0.00338919,0.00285885,0.00241315,0.00203819
Gram_error_fro,2.0,1,12,1,0.0,0.05677012,0.04191002,0.03665408,0.0330148,0.02973881,0.02668812,0.02387735,0.02132077,0.01901651,0.01695179,0.01510847,0.01346647,0.01200568,0.01070691,0.0095524
Gram_error_fro,2.0,1,12,1,0.0,0.08814059,0.05651414,0.04614967,0.04019572,0.03548104,0.03141003,0.02783934,0.0247063,0.02196093,0.01955599,0.01744742,0.01559549,0.01396527,0.01252653,0.01125342
Gram_error_fro,2.0,1,12,1,0.0,0.0045857,0.00132154,0.00012425,0.00086374,0.00125628,0.00143891,0.00149025,0.00146196,0.00138804,0.00129038,0.00118271,0.0010734,0.00096741,0.00086748,0.00077496
Gram_error_fro,4.0,2,12,1,0.0,0.0358442,0.01321262,0.00971718,0.00920362,0.00916627,0.00919272,0.00921921,0.00924097,0.00926027,0.00927862,0.00929658,0.00931422,0.00933146,0.0093482,0.00936433
Gram_error_fro,2.0,1,12,1,0.0,0.04290249,0.03568855,0.03040207,0.02576488,0.02165713,0.01811445,0.01512315,0.01262903,0.0105626,0.00885441,0.00744201,0.00627209,0.00530042,0.00449087,0.00381414
Gram_error_fro,2.0,1,12,1,0.0,0.01233702,0.00431113,0.00341491,0.00325044,0.00310756,0.00293919,0.00275966,0.00257873,0.00240069,0.00222762,0.00206089,0.00190148,0.00175013,0.00160729,0.0014732
Gram_error_fro,4.0,1,12,1,0.0,0.07625236,0.05050176,0.04012561,0.03344534,0.02823653,0.02399667,0.02050321,0.01760221,0.01517571,0.01313236,0.01140116,0.00992644,0.00866415,0.00757904,0.00664265
Gram_error_fro,4.0,1,12,1,0.0,0.00475624,0.00204595,0.00074842,0.00034142,0.00027809,0.00031847,0.0003708,0.00040664,0.00042168,0.00041938,0.00040474,0.00038227,0.00035543,0.00032668,0.00029768
Gram_error_fro,4.0,1,12,1,0.0,0.01233702,0.00431113,0.00496558,0.0061585,0.00700772,0.00750643,0.00774556,0.00779977,0.00772121,0.00754687,0.00730414,0.0070139,0.00669228,0.00635179,0.00600206
Gram_error_fro,2.0,1,12,1,0.0,0.05677012,0.04191002,0.03684396,0.03333172,0.03021026,0.02735195,0.0247477,0.02238817,0.02025675,0.01833384,0.01659969,0.01503563,0.01362447,0.01235059,0.01119994
Gram_error_fro,4.0,1,12,1,0.0,0.0045857,0.00132154,0.00195513,0.00235482,0.00242484,0.00233193,0.00217712,0.00200504,0.00183345,0.00166919,0.00151483,0.00137126,0.00123864,0.00111678,0.00100527
Gram_error_fro,2.0,1,12,1,0.0,0.00397062,0.00094918,0.00030201,0.00099346,0.00146623,0.00181055,0.0020568,0.00222175,0.00231917,0.00236158,0.0023602,0.0023248,0.00226364,0.00218355,0.00209012
Gram_error_fro,4.0,1,12,1,0.0,0.0032061,0.00098724,0.00140795,0.00273038,0.00337882,0.00365239,0.00371693,0.00365976,0.00352932,0.00335487,0.0031554,0.00294376,0.00272879,0.00251655,0.00231109
Gram_error_fro,0.0,1,12,4,0.0,0.0,0.0,0.0,0.0,0.0,0.0,0.0,0.0,0.0,0.0,0.0,0.0,0.0,0.0,0.0
Gram_error_fro,2.0,1,12,4,0.0,0.06949818,0.0588224,0.05209032,0.04733704,0.04322404,0.03946467,0.03605398,0.03300191,0.03028838,0.02787415,0.02571528,0.02377138,0.02200867,0.02040009,0.01892446
Gram_error_fro,2.0,1,12,4,0.0,0.09823784,0.06337245,0.03801651,0.02488174,0.01850298,0.01508099,0.0128529,0.01116106,0.00977391,0.0086002,0.00759376,0.00672442,0.00596937,0.00531031,0.00473235
Gram_error_fro,2.0,1,12,4,0.0,0.01004562,0.01112418,0.01197915,0.01233923,0.01240724,0.01224929,0.01193027,0.01150833,0.01102589,0.01051064,0.00998002,0.00944516,0.00891355,0.00839053,0.00788008
Gram_error_fro,2.0,1,12,4,0.0,0.0337159,0.02444448,0.0202103,0.0178002,0.01595182,0.01437868,0.01301171,0.01181698,0.01076572,0.00983264,0.00899707,0.00824292,0.00755799,0.00693302,0.00636087
Gram_error_fro,2.0,1,12,4,0.0,0.09823784,0.06337245,0.03801651,0.02488174,0.01850298,0.01508099,0.0128529,0.01116106,0.00977391,0.0086002,0.00759376,0.00672442,0.00596937,0.00531031,0.00473235
Gram_error_fro,2.0,1,12,4,0.0,0.09823784,0.06337245,0.03801651,0.02488174,0.01850298,0.01508099,0.0128529,0.01116106,0.00977391,0.0086002,0.00759376,0.00672442,0.00596937,0.00531031,0.00473235
Gram_error_fro,2.0,1,12,4,0.0,0.11097659,0.09655503,0.07634094,0.06082434,0.04955553,0.04122559,0.03486283,0.02984509,0.02578321,0.02242882,0.01961705,0.01723344,0.01519506,0.01343966,0.01191916
Gram_error_fro,4.0,1,12,4,0.0,0.07849676,0.06417962,0.05237873,0.04373724,0.03710751,0.03177999,0.02737974,0.02369079,0.02057046,0.01791425,0.01564114,0.01368667,0.01199891,0.01053576,0.00926293
Gram_error_fro,2.0,1,12,4,0.0,0.07722017,0.05372702,0.04205941,0.03555122,0.03098703,0.02730642,0.02415181,0.02138512,0.01893929,0.01677192,0.01485038,0.01314691,0.01163701,0.01029883,0.00911291
Gram_error_fro,4.0,1,12,4,0.0,0.09967086,0.08410935,0.06894314,0.05731938,0.04825419,0.04095113,0.03493668,0.02992151,0.02570958,0.0221551,0.01914341,0.016582,0.01439552,0.01252235,0.01091206
Gram_error_fro,4.0,1,12,4,0.0,0.09724153,0.08179941,0.06636965,0.0548636,0.04606505,0.03899532,0.03314024,0.02822847,0.02409041,0.02059928,0.01765082,0.01515684,0.01304286,0.01124646,0.00971577
Gram_error_fro,2.0,1,12,4,0.0,0.0872795,0.0551474,0.03897813,0.03097741,0.02616784,0.02274644,0.02006706,0.01786412,0.01600462,0.01440856,0.0130214,0.01180342,0.0107247,0.00976234,0.0088986
Gram_error_fro,4.0,1,12,4,0.0,0.11144483,0.08836872,0.06295846,0.04519549,0.03355546,0.02593817,0.0208425,0.01730712,0.01474155,0.012791,0.0112439,0.00997323,0.00890119,0.00797869,0.0071735
Gram_error_fro,4.0,1,12,4,0.0,0.11459926,0.08058993,0.06070049,0.04893667,0.04074555,0.03446273,0.02941601,0.02526799,0.02181279,0.01890766,0.01644653,0.0143478,0.01254763,0.01099552,0.00965122
Gram_error_fro,4.0,1,12,4,0.0,0.03378323,0.02234377,0.01610444,0.01253114,0.01001013,0.00807437,0.00656277,0.00537959,0.00444998,0.00371391,0.00312475,0.00264735,0.00225568,0.00193066,0.00165826
Gram_error_fro,0.0,1,12,3,0.0,0.0,0.0,0.0,0.0,0.0,0.0,0.0,0.0,0.0,0.0,0.0,0.0,0.0,0.0,0.0
Gram_error_fro,2.0,1,12,3,0.0,0.03169015,0.02421552,0.01714608,0.01229328,0.00901981,0.00675989,0.00516723,0.0040271,0.00319864,0.00258677,0.002127,0.00177563,0.00150301,0.00128879,0.0011187
Gram_error_fro,2.0,1,12,3,0.0,0.0654886,0.07333756,0.0698401,0.06308181,0.05572868,0.04877857,0.04257054,0.03716497,0.03250996,0.02851604,0.02508845,0.02213995,0.01959487,0.01738939,0.0154704
Gram_error_fro,2.0,1,12,3,0.0,0.07149146,0.03912984,0.02370731,0.01697135,0.01327183,0.01076411,0.00888515,0.00741696,0.00624435,0.00529353,0.00451304,0.00386563,0.00332379,0.00286684,0.002479
Gram_error_fro,0.0,1,12,3,0.0,0.0,0.0,0.0,0.0,0.0,0.0,0.0,0.0,0.0,0.0,0.0,0.0,0.0,0.0,0.0
Gram_error_fro,2.0,1,12,3,0.0,0.03672295,0.02846774,0.02320059,0.02012755,0.01788241,0.01596514,0.01425515,0.01272015,0.01134128,0.01010208,0.00898817,0.00798727,0.00708881,0.00628346,0.00556276
Gram_error_fro,2.0,1,12,3,0.0,0.0055527,0.00335392,0.00368329,0.00452567,0.00525381,0.00576605,0.00605796,0.00615504,0.00609383,0.00591218,0.00564445,0.00531958,0.00496081,0.00458612,0.00420901
Gram_error_fro,4.0,2,12,3,0.0,0.08189191,0.04933812,0.02698079,0.01507261,0.0091218,0.00661963,0.0062175,0.00684512,0.00782931,0.0088889,0.00992237,0.01089318,0.01178874,0.01260615,0.01334685
Gram_error_fro,2.0,1,12,3,0.0,0.04677796,0.04171384,0.03610045,0.03147103,0.02736989,0.02373268,0.02055817,0.01781945,0.01546994,0.0134577,0.01173339,0.01025336,0.00898018,0.00788221,0.00693289
Gram_error_fro,4.0,1,12,3,0.0,0.08432836,0.06503733,0.05616095,0.05030921,0.0452836,0.04078982,0.03678152,0.03321969,0.03005635,0.02724198,0.02473071,0.02248234,0.02046263,0.01864269,0.01699826
Gram_error_fro,4.0,1,12,3,0.0,0.05939916,0.04447634,0.03400103,0.02811156,0.02405579,0.02074561,0.01789835,0.0154369,0.01331735,0.01149745,0.00993593,0.00859505,0.00744195,0.00644867,0.00559172
Gram_error_fro,2.0,1,12,3,0.0,0.07554392,0.04398229,0.02693973,0.01823351,0.01321153,0.00998935,0.00777293,0.00617897,0.0049968,0.00409913,0.00340404,0.00285649,0.00241847,0.00206317,0.00177132
Gram_error_fro,4.0,1,12,3,0.0,0.06422135,0.03925632,0.02910319,0.02439192,0.02112694,0.01836324,0.01590343,0.01371777,0.01179969,0.01013535,0.00870263,0.00747534,0.00642683,0.00553205,0.00476849
Gram_error_fro,2.0,1,12,3,0.0,0.08189538,0.06062881,0.04288843,0.03149947,0.02407703,0.01895085,0.01523409,0.0124456,0.01030007,0.00861504,0.00726814,0.0061749,0.00527579,0.00452803,0.00390034
Gram_error_fro,2.0,1,12,3,0.0,0.08189538,0.06062881,0.04288843,0.03149947,0.02407703,0.01895085,0.01523409,0.0124456,0.01030007,0.00861504,0.00726814,0.0061749,0.00527579,0.00452803,0.00390034
Gram_error_fro,4.0,1,12,3,0.0,0.07711004,0.05767415,0.04372338,0.03485314,0.02871219,0.02412226,0.02052412,0.01761658,0.0152153,0.01319861,0.01148296,0.01000935,0.0087349,0.00762751,0.0066623
Gram_error_fro,0.0,1,12,6,0.0,0.0,0.0,0.0,0.0,0.0,0.0,0.0,0.0,0.0,0.0,0.0,0.0,0.0,0.0,0.0
Gram_error_fro,2.0,1,12,6,0.0,0.05026295,0.04852132,0.04338793,0.03689576,0.03040996,0.02462788,0.01979469,0.01591167,0.01286918,0.01052037,0.00871837,0.00733335,0.00625864,0.00541123,0.00472926
Gram_error_fro,0.0,1,12,6,0.0,0.0,0.0,0.0,0.0,0.0,0.0,0.0,0.0,0.0,0.0,0.0,0.0,0.0,0.0,0.0
Gram_error_fro,2.0,1,12,6,0.0,0.0904899,0.07982038,0.05977549,0.0437379,0.0321803,0.02392837,0.01797948,0.01364388,0.01045779,0.00810367,0.00635845,0.00506172,0.00409582,0.00337323,0.00282844
Gram_error_fro,2.0,1,12,6,0.0,0.07074864,0.05600466,0.04063535,0.03126258,0.02555065,0.02152476,0.01831496,0.01561339,0.01331203,0.01135922,0.00971472,0.00833912,0.00719342,0.00624069,0.00544751
Gram_error_fro,2.0,1,12,6,0.0,0.07227606,0.05581434,0.03740556,0.02475757,0.01675125,0.01170854,0.00848775,0.00639592,0.0050124,0.00407453,0.00341552,0.00293034,0.00255452,0.00224953,0.00199274
Gram_error_fro,2.0,1,12,6,0.0,0.09470257,0.0763132,0.05866976,0.04663275,0.03797955,0.03134427,0.02609305,0.0218896,0.01851039,0.01578404,0.01357265,0.01176528,0.01027391,0.00902989,0.00798041
Gram_error_fro,2.0,1,12,6,0.0,0.09533054,0.07871722,0.05931906,0.0457949,0.03679864,0.0305804,0.0260138,0.02246232,0.01957617,0.01715954,0.01509721,0.01331637,0.01176728,0.01041339,0.0092263
Gram_error_fro,2.0,1,12,6,0.0,0.06552991,0.0586975,0.04865652,0.03949042,0.03164081,0.025171,0.01998811,0.01592029,0.01277221,0.01035661,0.00850893,0.00709214,0.00599674,0.00513814,0.00445304
Gram_error_fro,4.0,1,12,6,0.0,0.1025081,0.07909443,0.05550324,0.0390671,0.02803966,0.02056129,0.015407,0.0118037,0.00925063,0.00741343,0.00606514,0.00505158,0.00426892,0.00364805,0.00314329
Gram_error_fro,4.0,2,12,6,0.0,0.09147026,0.07475263,0.0584023,0.04702931,0.03926481,0.03407919,0.03085755,0.02909929,0.02834471,0.02821164,0.02842439,0.02880601,0.02925239,0.02970641,0.03013902
Gram_error_fro,4.0,1,12,6,0.0,0.12037208,0.09898297,0.07315387,0.05382687,0.04022252,0.03059068,0.02363777,0.01852267,0.0147005,0.01180772,0.00959349,0.00788005,0.00653916,0.00547733,0.0046261
Gram_error_fro,4.0,1,12,6,0.0,0.0961061,0.08238873,0.06517469,0.05147442,0.04085879,0.03256998,0.02607152,0.02097579,0.01698273,0.01385239,0.01139233,0.00944982,0.00790533,0.00666665,0.00566343
Gram_error_fro,2.0,1,12,6,0.0,0.11985377,0.09727449,0.07464527,0.05800598,0.04568904,0.03629913,0.0290118,0.0233108,0.01883544,0.01531442,0.01253695,0.01033788,0.00858801,0.00718686,0.00605674
Gram_error_fro,4.0,2,12,6,0.0,0.10614442,0.07729596,0.05368362,0.03907211,0.03104816,0.02727274,0.02595708,0.02588615,0.02636149,0.02703285,0.02773971,0.02841387,0.0290297,0.0295806,0.03006815
Gram_error_fro,2.0,1,12,6,0.0,0.108427,0.08100264,0.0606401,0.04647247,0.03618098,0.02847295,0.0226142,0.01813498,0.0147011,0.01206012,0.0100174,0.00842309,0.00716337,0.00615317,0.00532994
Gram_error_fro,0.0,1,12,3,0.0,0.0,0.0,0.0,0.0,0.0,0.0,0.0,0.0,0.0,0.0,0.0,0.0,0.0,0.0,0.0
Gram_error_fro,2.0,1,12,3,0.0,0.03540711,0.0235421,0.01935219,0.01693916,0.01499727,0.01334002,0.01190931,0.01066222,0.00956465,0.00859074,0.00772118,0.00694135,0.00623992,0.00560783,0.00503763
Gram_error_fro,2.0,1,12,3,0.0,0.03101572,0.02111917,0.01654194,0.01352665,0.01113101,0.00923664,0.00775612,0.00659104,0.00565743,0.00489327,0.00425553,0.00371482,0.00325089,0.00284939,0.00249982
Gram_error_fro,2.0,1,12,3,0.0,0.0732414,0.06448405,0.05223038,0.04128129,0.03245971,0.02558726,0.0202922,0.01622284,0.0130914,0.01067328,0.00879637,0.00732982,0.00617446,0.00525539,0.00451613
Gram_error_fro,2.0,1,12,3,0.0,0.05235524,0.03614042,0.02869973,0.02385352,0.02005981,0.0169463,0.01436255,0.0122109,0.01041367,0.00890657,0.00763687,0.00656199,0.00564781,0.0048671,0.00419808
Gram_error_fro,2.0,1,12,3,0.0,0.046651,0.04434463,0.0386534,0.032675,0.02737745,0.02292339,0.01923682,0.01619466,0.01368002,0.01159405,0.0098564,0.00840264,0.00718133,0.00615133,0.00527962
Gram_error_fro,2.0,1,12,3,0.0,0.02175077,0.01759297,0.01559696,0.01389015,0.01226524,0.01078636,0.00947647,0.00832692,0.00731977,0.00643683,0.00566199,0.00498141,0.00438326,0.00385734,0.00339477
Gram_error_fro,2.0,1,12,3,0.0,0.06698815,0.05506153,0.04729093,0.04028512,0.03400973,0.02857743,0.0239714,0.02010712,0.01688024,0.01418926,0.01194421,0.01006872,0.00849927,0.00718356,0.00607861
Gram_error_fro,4.0,2,12,3,0.0,0.06660277,0.0604101,0.04949062,0.03953025,0.03137315,0.02499796,0.02024492,0.01694181,0.01489695,0.01386638,0.01356177,0.01370817,0.01409488,0.01458503,0.01509926
Gram_error_fro,4.0,1,12,3,0.0,0.06568486,0.04513315,0.03793738,0.03260638,0.02796174,0.02389795,0.02038781,0.01738629,0.01483393,0.01266814,0.01083038,0.00926919,0.00794081,0.00680856,0.00584195
Gram_error_fro,2.0,1,12,3,0.0,0.05235524,0.03614042,0.02869973,0.02385352,0.02005981,0.0169463,0.01436255,0.0122109,0.01041367,0.00890657,0.00763687,0.00656199,0.00564781,0.0048671,0.00419808
Gram_error_fro,4.0,1,12,3,0.0,0.10329083,0.08492762,0.06850631,0.05509812,0.04430708,0.03573093,0.02895294,0.02359367,0.01933834,0.01593872,0.01320379,0.01098805,0.00918085,0.00769774,0.00647385
Gram_error_fro,4.0,1,12,3,0.0,0.08549861,0.07292626,0.06028168,0.04897158,0.0396187,0.03218179,0.02633642,0.02173578,0.01808978,0.01517371,0.01281811,0.01089618,0.00931303,0.00799729,0.00689493
Gram_error_fro,4.0,1,12,3,0.0,0.10346902,0.07702233,0.06222611,0.05091174,0.041714,0.03423111,0.02816122,0.02324009,0.01924375,0.0159887,0.01332769,0.0111437,0.00934414,0.00785568,0.00662013
Gram_error_fro,4.0,1,12,3,0.0,0.08935654,0.06887719,0.05651258,0.04690433,0.03913378,0.03278981,0.02758765,0.02331105,0.01978745,0.01687598,0.01446123,0.0124491,0.01076339,0.00934286,0.00813854
Gram_error_fro,4.0,1,12,3,0.0,0.05717603,0.05000486,0.0421343,0.03482798,0.02861208,0.02351108,0.01937159,0.01601696,0.01329179,0.01106944,0.0092493,0.00775207,0.00651531,0.00548971,0.00463615
Gram_error_fro,0.0,1,12,6,0.0,0.0,0.0,0.0,0.0,0.0,0.0,0.0,0.0,0.0,0.0,0.0,0.0,0.0,0.0,0.0
Gram_error_fro,2.0,1,12,6,0.0,0.06207244,0.05042274,0.03938057,0.03072883,0.02414869,0.01925441,0.01564641,0.01297662,0.01097238,0.00943374,0.00822045,0.00723698,0.00641935,0.00572489,0.00512494
Gram_error_fro,2.0,1,12,6,0.0,0.06665298,0.06241056,0.05264264,0.04253109,0.03350345,0.02600047,0.02002107,0.01537989,0.0118391,0.009169,0.0071711,0.00568321,0.00457679,0.00375203,0.00313261
Gram_error_fro,2.0,1,12,6,0.0,0.07150414,0.06704121,0.05620661,0.04503819,0.03515485,0.02701984,0.02059824,0.01565895,0.01192256,0.00912677,0.0070497,0.00551335,0.00437903,0.00354048,0.00291726
Gram_error_fro,2.0,1,12,6,0.0,0.03235129,0.02229965,0.01769102,0.01497224,0.01316023,0.01177448,0.01058932,0.00951631,0.00852678,0.00761367,0.00677582,0.00601242,0.00532145,0.00469963,0.00414274
Gram_error_fro,2.0,1,12,6,0.0,0.03943638,0.03289837,0.02806602,0.02467039,0.02190584,0.01948869,0.01733081,0.01539633,0.0136633,0.01211391,0.01073175,0.00950116,0.00840725,0.00743601,0.00657447
Gram_error_fro,2.0,1,12,6,0.0,0.07507293,0.06832437,0.05726953,0.04670129,0.03755838,0.03003395,0.02403122,0.01933017,0.01568176,0.01285524,0.01065656,0.00893153,0.00756207,0.00645993,0.00556024
Gram_error_fro,2.0,1,12,6,0.0,0.09349774,0.06407652,0.04533072,0.0355342,0.02974665,0.02562556,0.02227417,0.01937427,0.01681456,0.01455217,0.01256362,0.01082855,0.00932542,0.00803123,0.00692244
Gram_error_fro,4.0,2,12,6,0.0,0.07920288,0.07394518,0.06305692,0.05263456,0.04419817,0.03805839,0.03401674,0.03163554,0.03041894,0.02993785,0.02988093,0.03004776,0.0303192,0.03062838,0.03093954
Gram_error_fro,4.0,1,12,6,0.0,0.10110727,0.09495302,0.07825011,0.06267957,0.04980294,0.03949615,0.03135751,0.0249752,0.01998622,0.01608844,0.01303833,0.01064354,0.00875417,0.00725452,0.00605577
Gram_error_fro,2.0,1,12,6,0.0,0.05866298,0.05179645,0.0441087,0.03778435,0.03252236,0.02801374,0.02409742,0.02069177,0.01774349,0.01520625,0.01303464,0.01118386,0.00961096,0.00827612,0.00714348
Gram_error_fro,2.0,1,12,6,0.0,0.11539998,0.09044534,0.06529462,0.04715913,0.0345163,0.02564262,0.01934911,0.01484528,0.01159287,0.00921761,0.0074573,0.00612886,0.00510551,0.0043002,0.00365348
Gram_error_fro,2.0,1,12,6,0.0,0.10933204,0.09429282,0.07134332,0.05265818,0.03911232,0.02958225,0.02290228,0.01817457,0.0147611,0.0122271,0.01028552,0.00875106,0.00750525,0.00647197,0.00560132
Gram_error_fro,4.0,1,12,6,0.0,0.10035393,0.09286242,0.07548522,0.05924729,0.04582129,0.03522096,0.02705786,0.02086593,0.01621254,0.01273397,0.01013933,0.00820243,0.00675048,0.00565313,0.00481331
Gram_error_fro,2.0,1,12,6,0.0,0.0867052,0.07480723,0.06087528,0.05018843,0.04201657,0.03555559,0.03031718,0.02600218,0.02241079,0.01939941,0.01685956,0.01470666,0.01287339,0.01130547,0.00995876
Gram_error_fro,4.0,1,12,6,0.0,0.12268736,0.09225217,0.06614405,0.04841402,0.03618321,0.02746066,0.02109335,0.01638035,0.0128614,0.01021633,0.00821489,0.00668878,0.00551414,0.00459977,0.00387865
Gram_error_fro,0.0,1,12,2,0.0,0.0,0.0,0.0,0.0,0.0,0.0,0.0,0.0,0.0,0.0,0.0,0.0,0.0,0.0,0.0
Gram_error_fro,2.0,1,12,2,0.0,0.06619626,0.05869002,0.04993026,0.04178961,0.03485595,0.02911965,0.02441213,0.02054858,0.01736645,0.01473231,0.01253966,0.01070441,0.00916039,0.00785536,0.00674788
Gram_error_fro,2.0,1,12,2,0.0,0.05468995,0.05229485,0.04526006,0.03797002,0.03168776,0.02652957,0.02233814,0.01892376,0.01612244,0.0138043,0.01186933,0.01024107,0.00886095,0.00768381,0.00667447
Gram_error_fro,0.0,1,12,2,0.0,0.0,0.0,0.0,0.0,0.0,0.0,0.0,0.0,0.0,0.0,0.0,0.0,0.0,0.0,0.0
Gram_error_fro,2.0,1,12,2,0.0,0.06148935,0.05682316,0.04881284,0.04114311,0.03445987,0.02883847,0.02417864,0.02033386,0.01716008,0.01453206,0.01234646,0.01052009,0.00898667,0.00769349,0.00659856
Gram_error_fro,2.0,1,12,2,0.0,0.00083719,0.00019536,0.00024646,0.00030588,0.00030879,0.00027618,0.00022737,0.00017525,0.00012709,8.659e-05,5.616e-05,3.928e-05,3.82e-05,4.578e-05,5.441e-05
Gram_error_fro,4.0,1,12,2,0.0,0.122449,0.09768937,0.07879573,0.06421446,0.05261183,0.04331384,0.03583718,0.02979831,0.02489322,0.02088441,0.01758781,0.01486102,0.01259345,0.01069876,0.00910893
Gram_error_fro,4.0,1,12,2,0.0,0.08374649,0.06710132,0.0564997,0.0473731,0.03946281,0.03284842,0.02742082,0.02298871,0.01936073,0.01637443,0.01390025,0.01183721,0.01010697,0.0086485,0.00741382
Gram_error_fro,2.0,1,12,2,0.0,0.01446055,0.00772926,0.00562048,0.00586731,0.00614086,0.00613841,0.00594161,0.00563274,0.00526619,0.00487601,0.00448323,0.00410053,0.00373525,0.00339137,0.00307069
Gram_error_fro,2.0,1,12,2,0.0,0.04970999,0.05044803,0.04409385,0.03729289,0.03130911,0.02629233,0.02214242,0.01871528,0.01587677,0.01351475,0.01153892,0.00987757,0.00847393,0.00728293,0.00626859
Gram_error_fro,0.0,1,12,2,0.0,0.0,0.0,0.0,0.0,0.0,0.0,0.0,0.0,0.0,0.0,0.0,0.0,0.0,0.0,0.0
Gram_error_fro,2.0,1,12,2,0.0,0.08219935,0.09690125,0.09958299,0.09801269,0.09452985,0.09001182,0.08494108,0.07963392,0.07430384,0.06909176,0.06408671,0.05934104,0.05488175,0.05071858,0.04684994
Gram_error_fro,4.0,1,12,2,0.0,0.12507577,0.09603463,0.07553666,0.06017609,0.04825492,0.03893867,0.03163079,0.02586812,0.02129319,0.01763373,0.01468374,0.01228757,0.01032726,0.00871285,0.00737529
Gram_error_fro,4.0,1,12,2,0.0,0.03523063,0.02226663,0.01745525,0.01437783,0.0123267,0.0109522,0.00995826,0.00915533,0.00844599,0.00778799,0.00716622,0.0065771,0.00602105,0.00549927,0.00501255
Gram_error_fro,2.0,1,12,2,0.0,0.06619626,0.05869002,0.04993026,0.04178961,0.03485595,0.02911965,0.02441213,0.02054858,0.01736645,0.01473231,0.01253966,0.01070441,0.00916039,0.00785536,0.00674788
Gram_error_fro,4.0,1,12,2,0.0,0.08873498,0.06730218,0.05848231,0.05250855,0.04736906,0.04270355,0.03843418,0.03453736,0.03099805,0.02779897,0.02491894,0.02233392,0.02001846,0.01794715,0.01609551
Gram_error_fro,0.0,1,12,2,0.0,0.0,0.0,0.0,0.0,0.0,0.0,0.0,0.0,0.0,0.0,0.0,0.0,0.0,0.0,0.0
Gram_error_fro,2.0,1,12,2,0.0,0.02896676,0.01427225,0.00886079,0.00625183,0.00474132,0.00375768,0.00306337,0.00254507,0.002142,0.00181876,0.00155356,0.00133237,0.00114576,0.00098712,0.00085156
Gram_error_fro,2.0,1,12,2,0.0,0.02896676,0.01427225,0.00886079,0.00625183,0.00474132,0.00375768,0.00306337,0.00254507,0.002142,0.00181876,0.00155356,0.00133237,0.00114576,0.00098712,0.00085156
Gram_error_fro,2.0,1,12,2,0.0,0.00573427,0.00147615,0.00073573,0.00065539,0.00061509,0.00056681,0.00051724,0.00047033,0.00042721,0.00038795,0.00035221,0.00031964,0.00028986,0.00026261,0.00023764
Gram_error_fro,2.0,1,12,2,0.0,0.004835,0.00144945,0.00043391,0.00026596,0.00032435,0.00034682,0.00033907,0.00031725,0.00029004,0.00026169,0.00023423,0.00020862,0.0001852,0.00016408,0.00014518
Gram_error_fro,2.0,1,12,2,0.0,0.00143848,0.00032632,0.00060975,0.00094392,0.00106866,0.00106324,0.00099074,0.00088925,0.00077969,0.00067291,0.00057417,0.00048568,0.00040798,0.00034074,0.00028318
Gram_error_fro,4.0,1,12,2,0.0,0.02934769,0.01458918,0.00922312,0.00650688,0.00485397,0.00375021,0.00297238,0.00240435,0.00197755,0.00164852,0.00138879,0.00117942,0.00100764,0.00086469,0.00074443
Gram_error_fro,4.0,1,12,2,0.0,0.03648272,0.02750339,0.0238154,0.0210985,0.01871567,0.01657334,0.01465138,0.01293522,0.01140834,0.01005331,0.00885299,0.0077912,0.00685303,0.00602487,0.00529442
Gram_error_fro,2.0,1,12,2,0.0,0.09534204,0.05348494,0.03697469,0.02728166,0.02044485,0.01543065,0.01172125,0.00896508,0.00690765,0.00536384,0.00419918,0.00331584,0.00264228,0.00212581,0.00172738
Gram_error_fro,4.0,1,12,2,0.0,0.03863471,0.00832601,0.00240845,0.00122533,0.00078329,0.00049036,0.0002788,0.00014449,0.00011905,0.00016563,0.0002127,0.00024604,0.00026601,0.00027507,0.00027574
Gram_error_fro,4.0,1,12,2,0.0,0.00168355,0.00033539,0.00065321,0.00103952,0.00128888,0.00142233,0.00147855,0.00148532,0.00146001,0.00141364,0.00135355,0.00128489,0.00121138,0.00113575,0.00105998
Gram_error_fro,4.0,1,12,2,0.0,0.04179826,0.02442679,0.01855448,0.01526768,0.01283567,0.01086295,0.00921821,0.00783476,0.0066668,0.0056785,0.0048407,0.00412932,0.00352443,0.00300947,0.00257063
Gram_error_fro,4.0,1,12,2,0.0,0.02062829,0.00795748,0.00469004,0.00389355,0.00374549,0.00370058,0.00363385,0.00352506,0.00337849,0.00320383,0.00301099,0.00280845,0.00260303,0.00239986,0.00220267
Gram_error_fro,4.0,1,12,2,0.0,0.04110289,0.01229844,0.00702966,0.00516544,0.00406942,0.00328412,0.00267805,0.00219587,0.00180689,0.00149091,0.00123324,0.0010226,0.00085013,0.00070869,0.00059253
Gram_error_fro,4.0,1,12,2,0.0,0.05019223,0.01882542,0.00938612,0.00618949,0.00456666,0.00355554,0.0028736,0.00238594,0.00201699,0.00172389,0.00148247,0.00127888,0.00110482,0.00095497,0.00082557
Gram_error_fro,4.0,1,12,2,0.0,0.0460545,0.03190534,0.02375318,0.01833534,0.01451233,0.01171978,0.0096233,0.00801333,0.00675249,0.00574743,0.00493317,0.0042637,0.00370602,0.00323609,0.00283619
Gram_error_fro,0.0,1,12,2,0.0,0.0,0.0,0.0,0.0,0.0,0.0,0.0,0.0,0.0,0.0,0.0,0.0,0.0,0.0,0.0
Gram_error_fro,2.0,1,12,2,0.0,0.00443794,0.00198987,0.00208571,0.00235436,0.00249716,0.00250311,0.00241579,0.00227541,0.0021096,0.00193558,0.00176347,0.00159891,0.0014448,0.00130241,0.001172
Gram_error_fro,2.0,1,12,2,0.0,0.01294631,0.00754348,0.00347172,0.00141065,0.00230955,0.0034213,0.0041046,0.00443798,0.00452708,0.00445488,0.00428069,0.00404554,0.00377729,0.0034947,0.00321023
Gram_error_fro,2.0,1,12,2,0.0,0.03155916,0.02507179,0.02150011,0.01877837,0.01657759,0.01473634,0.01316219,0.01179854,0.010607,0.00955913,0.00863262,0.00780949,0.00707508,0.00641728,0.0058261
Gram_error_fro,2.0,1,12,2,0.0,0.06454432,0.03270101,0.02420724,0.02033075,0.01748353,0.01510208,0.01306012,0.01130305,0.00979107,0.00848994,0.00736958,0.00640385,0.00557025,0.0048496,0.00422564
Gram_error_fro,2.0,1,12,2,0.0,0.02539895,0.01364093,0.00888148,0.00716632,0.00662441,0.00635177,0.00605735,0.00569479,0.00528279,0.00484846,0.00441345,0.00399234,0.00359398,0.00322316,0.00288191
Gram_error_fro,0.0,1,12,2,0.0,0.0,0.0,0.0,0.0,0.0,0.0,0.0,0.0,0.0,0.0,0.0,0.0,0.0,0.0,0.0
Gram_error_fro,4.0,1,12,2,0.0,0.06114276,0.03170807,0.02349173,0.01900943,0.01558567,0.01280115,0.01052638,0.00867475,0.00717095,0.00594936,0.00495481,0.00414222,0.00347548,0.00292589,0.0024708
Gram_error_fro,2.0,1,12,2,0.0,0.02835075,0.02386128,0.01915995,0.01531969,0.0123734,0.01015225,0.00846418,0.00715557,0.00611792,0.00527758,0.00458457,0.00400437,0.00351262,0.00309168,0.0027285
Gram_error_fro,2.0,1,12,2,0.0,0.07504058,0.07530113,0.0681093,0.0602464,0.05298571,0.04657278,0.0409787,0.03611076,0.03187205,0.02817568,0.0249466,0.0221205,0.01964235,0.01746511,0.0155485
Gram_error_fro,4.0,1,12,2,0.0,0.06026832,0.04265369,0.03344476,0.02721734,0.0225034,0.01876409,0.01572864,0.01323404,0.01116871,0.00944988,0.00801351,0.00680891,0.00579551,0.00494057,0.0042175
Gram_error_fro,4.0,1,12,2,0.0,0.0771858,0.05156378,0.03922226,0.03149367,0.02594895,0.02181284,0.01871235,0.0163997,0.01468128,0.01339875,0.01242479,0.01166136,0.01103669,0.01050076,0.01002027
Gram_error_fro,4.0,1,12,2,0.0,0.07937201,0.06642008,0.05752233,0.04957531,0.04256482,0.03652018,0.03137241,0.02700908,0.02331201,0.02017361,0.01750171,0.0152194,0.01326328,0.0115812,0.01013028
Gram_error_fro,4.0,1,12,2,0.0,0.03546544,0.03316183,0.03090927,0.02842963,0.02576287,0.02307203,0.0204893,0.01809209,0.01591448,0.01396315,0.01222959,0.01069787,0.00934925,0.00816459,0.0071256
Gram_error_fro,4.0,1,12,2,0.0,0.09654145,0.05912775,0.04287896,0.03357055,0.02716789,0.02241853,0.0187574,0.01586028,0.0135201,0.01159775,0.00999679,0.00864859,0.00750312,0.00652302,0.00567978
Gram_error_fro,4.0,2,12,2,0.0,0.07769194,0.05506435,0.04083951,0.03108335,0.02442507,0.02049569,0.01895337,0.01915145,0.02032646,0.02190643,0.02356875,0.02515883,0.02661241,0.02790979,0.02905227
Gram_error_fro,0.0,1,12,2,0.0,0.0,0.0,0.0,0.0,0.0,0.0,0.0,0.0,0.0,0.0,0.0,0.0,0.0,0.0,0.0
Gram_error_fro,2.0,1,12,2,0.0,0.01845928,0.01367504,0.01100669,0.00900346,0.00745826,0.00624225,0.00526526,0.00446659,0.00380513,0.00325206,0.00278641,0.0023923,0.00205741,0.00177191,0.0015279
Gram_error_fro,2.0,1,12,2,0.0,0.04019768,0.03434429,0.02994609,0.0266774,0.02395793,0.02157002,0.01943178,0.01750628,0.01577057,0.01420619,0.01279666,0.01152691,0.01038312,0.00935276,0.00842446
Gram_error_fro,2.0,1,12,2,0.0,0.02025977,0.01412938,0.01016233,0.00726667,0.00532119,0.00413055,0.00345553,0.00307286,0.00282507,0.00262697,0.00244197,0.00225815,0.00207414,0.00189221,0.00171541
Gram_error_fro,0.0,1,12,2,0.0,0.0,0.0,0.0,0.0,0.0,0.0,0.0,0.0,0.0,0.0,0.0,0.0,0.0,0.0,0.0
Gram_error_fro,2.0,1,12,2,0.0,0.02934353,0.02061367,0.01621427,0.01338883,0.011271,0.0095759,0.00817567,0.00700019,0.00600473,0.00515739,0.0044337,0.00381414,0.00328277,0.00282641,0.00243406
Gram_error_fro,2.0,2,12,2,0.0,0.0287244,0.01782431,0.01463399,0.01317632,0.01243825,0.01205948,0.01188751,0.01184674,0.0118926,0.01199539,0.01213402,0.01229323,0.01246197,0.01263236,0.01279894
Gram_error_fro,4.0,2,12,2,0.0,0.06694781,0.02728133,0.01907543,0.01637047,0.01481875,0.01385015,0.01326887,0.01294595,0.01279151,0.01274505,0.01276676,0.01283054,0.01291919,0.01302126,0.01312911
Gram_error_fro,4.0,1,12,2,0.0,0.05110945,0.018666,0.01356546,0.01133889,0.00950784,0.00798771,0.00673787,0.00570773,0.00485304,0.0041389,0.00353843,0.00303087,0.00259996,0.00223284,0.00191918
Gram_error_fro,2.0,1,12,2,0.0,0.13387764,0.12111258,0.10444908,0.08966595,0.07696552,0.06618736,0.05707317,0.04936003,0.04281542,0.03724385,0.03248377,0.02840243,0.02489076,0.02185899,0.01923309
Gram_error_fro,2.0,1,12,2,0.0,0.07147694,0.05513966,0.04211352,0.03244135,0.02514988,0.01962913,0.01542973,0.01221329,0.00972955,0.00779545,0.00627724,0.00507671,0.00412109,0.00335596,0.00274021
Gram_error_fro,4.0,1,12,2,0.0,0.04092669,0.02416918,0.01896952,0.01616036,0.0140005,0.01214125,0.01050511,0.00906777,0.00781234,0.00672141,0.00577698,0.00496154,0.00425878,0.00365394,0.00313389
Gram_error_fro,4.0,1,12,2,0.0,0.06303641,0.02630816,0.01743286,0.01333017,0.01040621,0.00817412,0.00645809,0.00513588,0.00411353,0.00331926,0.00269876,0.00221109,0.00182539,0.0015183,0.0012721
Gram_error_fro,2.0,1,12,2,0.0,0.03682546,0.02307302,0.01802329,0.0150329,0.01275019,0.01086403,0.0092721,0.00792127,0.0067731,0.00579607,0.00496363,0.00425348,0.00364689,0.00312816,0.00268414
Gram_error_fro,2.0,1,12,2,0.0,0.03182415,0.02144432,0.01696057,0.01412092,0.01193416,0.01014351,0.00864607,0.00738288,0.00631252,0.00540291,0.00462822,0.00396724,0.00340243,0.00291918,0.0025053
Gram_error_fro,2.0,1,12,2,0.0,0.03363982,0.02203609,0.01665192,0.01340055,0.01102326,0.0091424,0.00761059,0.00634979,0.00530737,0.00444318,0.00372512,0.00312722,0.00262836,0.00221132,0.00186209
Gram_error_fro,0.0,1,12,6,0.0,0.0,0.0,0.0,0.0,0.0,0.0,0.0,0.0,0.0,0.0,0.0,0.0,0.0,0.0,0.0
Gram_error_fro,2.0,1,12,6,0.0,0.0974849,0.08490496,0.0664437,0.05180808,0.04067965,0.03214893,0.0255526,0.02042391,0.01642089,0.01328573,0.01082146,0.00887671,0.00733494,0.00610633,0.00512158
Gram_error_fro,2.0,1,12,6,0.0,0.04609443,0.0364854,0.02636532,0.01886419,0.01367117,0.01008737,0.00757651,0.00578477,0.0044836,0.00352321,0.00280344,0.00225606,0.00183396,0.00150421,0.0012435
Gram_error_fro,2.0,1,12,6,0.0,0.07746501,0.07680232,0.06696964,0.05579536,0.0454308,0.03655664,0.02925744,0.02338389,0.01871538,0.01502913,0.0121267,0.00984153,0.00803841,0.0066099,0.00547187
Gram_error_fro,2.0,1,12,6,0.0,0.03603216,0.02962067,0.02330064,0.01838473,0.01486179,0.0124208,0.01069095,0.0093856,0.00832901,0.00742745,0.00663433,0.00592664,0.005292,0.00472253,0.00421214
Gram_error_fro,2.0,1,12,6,0.0,0.05681587,0.05867809,0.05240264,0.04405745,0.03599004,0.02896766,0.02314322,0.01843657,0.01469007,0.01173365,0.00941102,0.00758873,0.00615734,0.00502942,0.00413632
Gram_error_fro,2.0,1,12,6,0.0,0.10527149,0.08762439,0.06867119,0.05417838,0.04298509,0.03414915,0.02712106,0.02153889,0.0171258,0.01365382,0.01093218,0.00880265,0.00713604,0.00582866,0.00479848
Gram_error_fro,4.0,1,12,6,0.0,0.08018157,0.06273514,0.04361898,0.03101337,0.02341043,0.01879262,0.01580347,0.01368103,0.01203562,0.01067626,0.00950911,0.00848593,0.00757959,0.00677284,0.0060533
Gram_error_fro,2.0,1,12,6,0.0,0.06088742,0.056905,0.04874673,0.04060615,0.03325288,0.02691831,0.02163641,0.01733173,0.01387711,0.01113189,0.00896286,0.00725356,0.00590677,0.00484366,0.0040015
Gram_error_fro,2.0,1,12,6,0.0,0.10355619,0.10041254,0.08594004,0.07053943,0.05679092,0.04531481,0.03604403,0.02868555,0.02290112,0.01837584,0.01484057,0.01207521,0.00990442,0.008191,0.00682895
Gram_error_fro,4.0,1,12,6,0.0,0.09382781,0.07932613,0.06223817,0.04868313,0.03821784,0.03013276,0.02386726,0.01899599,0.01519644,0.01222301,0.00988773,0.00804618,0.00658714,0.00542497,0.00449373
Gram_error_fro,4.0,1,12,6,0.0,0.08657592,0.07384621,0.05657415,0.04271428,0.03257095,0.02524331,0.01988625,0.0158937,0.01285887,0.01051058,0.00866526,0.00719581,0.00601227,0.0050496,0.00425992
Gram_error_fro,4.0,1,12,6,0.0,0.1083583,0.09022526,0.06974673,0.05397356,0.042156,0.03319183,0.0263054,0.02096882,0.01680863,0.0135509,0.01099003,0.00896946,0.00736906,0.00609612,0.00507888
Gram_error_fro,2.0,1,12,6,0.0,0.09777042,0.08809551,0.07006512,0.0548409,0.04295023,0.03372868,0.02656966,0.02100986,0.01669327,0.01334192,0.01073756,0.00870915,0.0071233,0.00587665,0.00488968
Gram_error_fro,2.0,1,12,6,0.0,0.04437542,0.03670025,0.02820398,0.02192943,0.01752084,0.01441917,0.01216313,0.01043818,0.00905365,0.00790077,0.00691798,0.00606888,0.00533011,0.00468515,0.0041212
Gram_error_fro,4.0,1,12,6,0.0,0.10775536,0.08382992,0.05820332,0.04164944,0.03169911,0.0254833,0.02125118,0.0181061,0.01561402,0.01356012,0.01182913,0.01035173,0.00908126,0.00798336,0.0070312
Gram_error_fro,0.0,1,12,2,0.0,0.0,0.0,0.0,0.0,0.0,0.0,0.0,0.0,0.0,0.0,0.0,0.0,0.0,0.0,0.0
Gram_error_fro,2.0,1,12,2,0.0,0.05946396,0.04141601,0.03011029,0.02258916,0.01714943,0.01312058,0.01010396,0.00782438,0.00608691,0.00475247,0.0037209,0.00291924,0.00229364,0.00180386,0.0014195
Gram_error_fro,0.0,1,12,2,0.0,0.0,0.0,0.0,0.0,0.0,0.0,0.0,0.0,0.0,0.0,0.0,0.0,0.0,0.0,0.0
Gram_error_fro,2.0,1,12,2,0.0,0.01196145,0.00634689,0.00326762,0.00319725,0.00373248,0.00397038,0.00392888,0.00371637,0.00341513,0.00307769,0.00273557,0.00240679,0.00210098,0.00182261,0.00157305
Gram_error_fro,2.0,1,12,2,0.0,0.00350581,0.00147174,0.00096262,0.00198931,0.00271738,0.00314084,0.00334046,0.00338356,0.00332045,0.00318758,0.00301103,0.0028094,0.00259587,0.00237969,0.00216727
Gram_error_fro,0.0,1,12,2,0.0,0.0584726,0.0460398,0.0345571,0.02594082,0.0195684,0.01485102,0.01134426,0.0087207,0.00674278,0.00523974,0.00408896,0.00320197,0.00251437,0.00197878,0.00155997
Gram_error_fro,4.0,1,12,2,0.0,0.0592378,0.04342911,0.03288923,0.02539166,0.01976386,0.01546241,0.01215064,0.00958883,0.00759839,0.0060447,0.00482609,0.00386571,0.00310536,0.00250082,0.00201831
Gram_error_fro,2.0,1,12,2,0.0,0.08156174,0.03784798,0.02443563,0.01910766,0.01562447,0.01289613,0.01067461,0.00885139,0.00735103,0.00611352,0.0050903,0.00424219,0.00353766,0.00295129,0.00246255
Gram_error_fro,4.0,1,12,2,0.0,0.04397048,0.04282953,0.03956957,0.03555716,0.03180563,0.02850818,0.02561505,0.0230509,0.02075709,0.01869213,0.01682635,0.01513752,0.01360803,0.0122232,0.01097025
Gram_error_fro,4.0,1,12,2,0.0,0.064023,0.05186798,0.04538798,0.03907647,0.03342813,0.02865623,0.02467824,0.02135376,0.01855547,0.01618104,0.01415074,0.0124028,0.01088916,0.00957211,0.00842168
Gram_error_fro,2.0,1,12,2,0.0,0.05765023,0.04548112,0.03442926,0.02620069,0.02010765,0.01556649,0.01215482,0.00956833,0.00758864,0.00605913,0.00486701,0.00393035,0.00318906,0.00259855,0.00212542
Gram_error_fro,2.0,1,12,2,0.0,0.05718067,0.04419842,0.03309132,0.02498331,0.01902308,0.01460334,0.01130232,0.00881683,0.00692823,0.00547945,0.00435778,0.003482,0.00279308,0.00224765,0.00181346
Gram_error_fro,4.0,1,12,2,0.0,0.01029375,0.00585438,0.0047173,0.00436661,0.00418245,0.00398912,0.00375713,0.0034969,0.00322357,0.00294877,0.00268033,0.00242325,0.00218065,0.00195432,0.00174516
Gram_error_fro,4.0,1,12,2,0.0,0.06912204,0.0642049,0.0545091,0.04504122,0.03700544,0.03047278,0.02521994,0.02099225,0.01757024,0.0147793,0.01248468,0.01058342,0.00899701,0.00766523,0.0065415
Gram_error_fro,4.0,1,12,2,0.0,0.06361373,0.05990321,0.05161239,0.04364259,0.03683306,0.03115723,0.02643769,0.02250004,0.01919896,0.01641788,0.01406414,0.01206404,0.01035864,0.00890048,0.00765095
Gram_error_fro,4.0,1,12,2,0.0,0.04744198,0.03362334,0.02678397,0.02125143,0.01675702,0.01328919,0.01066772,0.00869358,0.0072005,0.00606014,0.00517637,0.00447842,0.00391506,0.00344989,0.00305743
Gram_error_fro,0.0,1,12,2,0.0,0.0,0.0,0.0,0.0,0.0,0.0,0.0,0.0,0.0,0.0,0.0,0.0,0.0,0.0,0.0
Gram_error_fro,2.0,1,12,2,0.0,0.04868177,0.04009709,0.03312734,0.0274697,0.02280439,0.01897007,0.01582579,0.01324591,0.01112418,0.00937352,0.00792363,0.00671816,0.00571199,0.00486899,0.00416015
Gram_error_fro,2.0,1,12,2,0.0,0.0676678,0.05242671,0.0447904,0.03944388,0.03500688,0.03111443,0.02765139,0.02456444,0.02181496,0.0193685,0.01719305,0.01525921,0.01354029,0.01201236,0.01065412
Gram_error_fro,2.0,1,12,2,0.0,0.04956963,0.0498052,0.04828263,0.04538463,0.04174192,0.03783456,0.03396521,0.03030116,0.02692166,0.02385401,0.02109692,0.01863448,0.01644412,0.01450096,0.01278022
Gram_error_fro,2.0,1,12,2,0.0,0.07044899,0.06415712,0.05595989,0.04888257,0.04294206,0.03793538,0.03366797,0.02999031,0.02679285,0.02399425,0.02153225,0.01935756,0.01743013,0.01571683,0.01418982
Gram_error_fro,0.0,1,12,2,0.0,0.0,0.0,0.0,0.0,0.0,0.0,0.0,0.0,0.0,0.0,0.0,0.0,0.0,0.0,0.0
Gram_error_fro,4.0,1,12,2,0.0,0.1397735,0.13093689,0.11895379,0.10824193,0.09869943,0.09013697,0.08241383,0.07542404,0.06908435,0.06332645,0.05809209,0.05333017,0.04899511,0.04504587,0.04144539
Gram_error_fro,4.0,1,12,2,0.0,0.06140091,0.05921869,0.05486554,0.04970202,0.04437089,0.03926092,0.03455938,0.03033212,0.02658049,0.02327522,0.02037488,0.01783522,0.01561358,0.01367084,0.01197197
Gram_error_fro,2.0,1,12,2,0.0,0.04956963,0.0498052,0.04593075,0.0416284,0.03744938,0.0335317,0.02992277,0.02663631,0.02366799,0.02100275,0.01861958,0.01649478,0.0146041,0.01292401,0.01143247
Gram_error_fro,4.0,1,12,2,0.0,0.05937414,0.0531236,0.04559368,0.03868831,0.03260483,0.02734954,0.02286611,0.01907248,0.01587948,0.01320094,0.0109587,0.00908438,0.00751939,0.00621414,0.00512698
Gram_error_fro,0.0,1,12,2,0.0,0.0,0.0,0.0,0.0,0.0,0.0,0.0,0.0,0.0,0.0,0.0,0.0,0.0,0.0,0.0
Gram_error_fro,4.0,1,12,2,0.0,0.07044899,0.06415712,0.05596734,0.04888627,0.04292364,0.03788352,0.03357998,0.02986936,0.02664496,0.02382629,0.02135074,0.01916816,0.01723748,0.01552455,0.01400065
Gram_error_fro,4.0,1,12,2,0.0,0.01220086,0.01617426,0.01725603,0.01682474,0.01568909,0.01427648,0.01281522,0.01141683,0.01012948,0.00896868,0.00793386,0.00701702,0.00620731,0.00549318,0.00486354
Gram_error_fro,2.0,1,12,2,0.0,0.05799282,0.0587359,0.05831313,0.05670592,0.05446783,0.05191921,0.04921923,0.04645763,0.04369452,0.04097395,0.03832849,0.03578134,0.03334806,0.03103801,0.0288558
Gram_error_fro,2.0,1,12,2,0.0,0.01749793,0.01200557,0.0104753,0.00947479,0.00872994,0.00817586,0.00774707,0.00739086,0.00707238,0.00677127,0.00647683,0.00618423,0.00589196,0.0056003,0.00531038
Gram_error_fro,6.0,1,12,2,0.0,0.05422206,0.05516888,0.04952474,0.04318117,0.03729781,0.03213957,0.02771085,0.02393595,0.0207221,0.01798156,0.01563805,0.01362753,0.01189696,0.01040264,0.00910853
Gram_error_fro,0.0,1,12,2,0.0,0.0,0.0,0.0,0.0,0.0,0.0,0.0,0.0,0.0,0.0,0.0,0.0,0.0,0.0,0.0
Gram_error_fro,2.0,1,12,2,0.0,0.02064685,0.01506584,0.01256256,0.0107694,0.00933593,0.00814205,0.00712536,0.00624829,0.00548606,0.00482088,0.004239,0.00372922,0.00328213,0.00288965,0.00254482
Gram_error_fro,0.0,1,12,2,0.0,0.0,0.0,0.0,0.0,0.0,0.0,0.0,0.0,0.0,0.0,0.0,0.0,0.0,0.0,0.0
Gram_error_fro,0.0,1,12,2,0.0,0.0,0.0,0.0,0.0,0.0,0.0,0.0,0.0,0.0,0.0,0.0,0.0,0.0,0.0,0.0
Gram_error_fro,2.0,1,12,2,0.0,0.0005283,0.00018504,0.0001985,0.00027663,0.00032202,0.00031532,0.00027001,0.00020534,0.0001367,7.458e-05,3.207e-05,4.31e-05,7.184e-05,9.467e-05,0.00011033
Gram_error_fro,2.0,2,12,2,0.0,0.02917395,0.01906173,0.01648836,0.01538614,0.01479738,0.01443133,0.01418262,0.01400775,0.01388539,0.01380294,0.01375165,0.01372481,0.01371699,0.01372369,0.01374122
Gram_error_fro,2.0,1,12,2,0.0,0.01308286,0.00807615,0.00453517,0.00229625,0.00085276,0.00022291,0.0007147,0.00104561,0.0012217,0.00129354,0.00129746,0.00125834,0.00119306,0.00111302,0.00102592
Gram_error_fro,4.0,1,12,2,0.0,0.0668914,0.03615103,0.02740153,0.02222717,0.01825426,0.01512665,0.0126578,0.01069541,0.00911843,0.00783496,0.00677684,0.00589384,0.00514885,0.00451422,0.00396912
Gram_error_fro,4.0,1,12,2,0.0,0.10090887,0.06850586,0.05205103,0.04142236,0.03354224,0.02741127,0.02254706,0.01864537,0.01549001,0.01292015,0.01081386,0.00907767,0.00763931,0.00644242,0.00544265
Gram_error_fro,2.0,1,12,2,0.0,0.07654332,0.07761364,0.07090127,0.06321525,0.0558965,0.04928582,0.04342872,0.03827955,0.03376782,0.02981974,0.02636546,0.02334145,0.02069122,0.0183652,0.01632035
Gram_error_fro,4.0,1,12,2,0.0,0.06741477,0.04486182,0.03514132,0.02896076,0.02421722,0.02035059,0.01714219,0.01446568,0.01222793,0.01035383,0.00878144,0.00745965,0.00634636,0.00540695,0.00461288
Gram_error_fro,4.0,1,12,2,0.0,0.05994848,0.04471783,0.03517718,0.02835807,0.02308407,0.01892012,0.01560559,0.01294923,0.01080512,0.00906167,0.00763363,0.00645581,0.00547814,0.00466191,0.00397697
Gram_error_fro,4.0,1,12,2,0.0,0.09361664,0.06335492,0.04892288,0.03937719,0.03219622,0.02653447,0.02197836,0.01827408,0.01524345,0.01275233,0.01069636,0.00899321,0.00757744,0.00639677,0.00540924
Gram_error_fro,2.0,1,12,2,0.0,0.01737157,0.00931478,0.00380994,0.00095299,0.00294357,0.00465317,0.00574189,0.00636174,0.00664585,0.00669547,0.00658484,0.00636759,0.0060821,0.00575575,0.00540793
Gram_error_fro,2.0,1,12,2,0.0,0.01310645,0.00801973,0.00456404,0.00236193,0.00095304,0.00042786,0.00079974,0.00110083,0.001257,0.00130937,0.00129375,0.00123579,0.00115312,0.00105769,0.00095742
Gram_error_fro,2.0,1,12,2,0.0,0.01821125,0.01491983,0.01123589,0.00827829,0.0061355,0.00465321,0.00365111,0.00297872,0.00252269,0.00220268,0.00196521,0.00177688,0.00161802,0.0014776,0.00134971
Gram_error_fro,0.0,1,12,2,0.0,0.0,0.0,0.0,0.0,0.0,0.0,0.0,0.0,0.0,0.0,0.0,0.0,0.0,0.0,0.0
Gram_error_fro,2.0,1,12,2,0.0,0.05087731,0.03825642,0.03309759,0.02989182,0.02694607,0.0241293,0.02150204,0.01910346,0.01694328,0.01501381,0.01329885,0.01177879,0.01043345,0.00924347,0.008191
Gram_error_fro,2.0,1,12,2,0.0,0.02350251,0.01878606,0.01555151,0.01247669,0.00975298,0.00753117,0.00580069,0.00448939,0.00351578,0.00280662,0.00229994,0.00194372,0.00169454,0.00151748,0.00138625
Gram_error_fro,2.0,1,12,2,0.0,0.06117801,0.04542174,0.03915939,0.03537677,0.03216128,0.02929059,0.02670441,0.02435346,0.02220163,0.02022511,0.01840795,0.01673831,0.01520629,0.01380282,0.01251919
Gram_error_fro,2.0,1,12,2,0.0,0.06282018,0.059243,0.05369622,0.04745276,0.04126888,0.03556941,0.03050837,0.02610174,0.02230491,0.01905134,0.01627072,0.01389693,0.01187097,0.01014164,0.00866503
Gram_error_fro,2.0,1,12,2,0.0,0.0614397,0.0554329,0.04666346,0.03903669,0.03272813,0.02752945,0.02323342,0.01966986,0.01670208,0.01422034,0.01213643,0.01037944,0.00889235,0.00762922,0.00655292
Gram_error_fro,2.0,1,12,2,0.0,0.00249787,0.00085478,0.00052639,0.00061816,0.00074013,0.00084482,0.00090775,0.0009261,0.00090865,0.00086656,0.00080959,0.00074507,0.00067813,0.0006121,0.00054905
Gram_error_fro,2.0,1,12,2,0.0,0.03559701,0.03019196,0.02595594,0.02268019,0.01985682,0.01735508,0.01513421,0.01317209,0.01144874,0.0099429,0.00863222,0.00749438,0.00650811,0.00565384,0.004914
Gram_error_fro,4.0,1,12,2,0.0,0.10163538,0.07148673,0.05797183,0.04847436,0.04073648,0.0342968,0.0289273,0.02444733,0.02070377,0.01756819,0.01493443,0.0127156,0.01084091,0.00925275,0.00790412
Gram_error_fro,2.0,1,12,2,0.0,0.01905333,0.01276141,0.00813794,0.00502033,0.00297302,0.00176972,0.00132518,0.00137561,0.00153792,0.00165746,0.00171172,0.00171089,0.00166977,0.00160131,0.00151554
Gram_error_fro,2.0,1,12,2,0.0,0.01905333,0.01276141,0.00792213,0.00538242,0.00513703,0.00586233,0.00656654,0.00700367,0.00717806,0.0071465,0.00696719,0.00668809,0.00634585,0.0059675,0.00557249
Gram_error_fro,2.0,1,12,2,0.0,0.03185798,0.02143856,0.01790363,0.01505312,0.01239945,0.01013298,0.00829374,0.00683083,0.00567057,0.00474475,0.00399847,0.00339006,0.00288854,0.00247105,0.00212057
Gram_error_fro,2.0,1,12,2,0.0,0.06117801,0.04542174,0.03915939,0.03537677,0.03216128,0.02929059,0.02670441,0.02435346,0.02220163,0.02022511,0.01840795,0.01673831,0.01520629,0.01380282,0.01251919
Gram_error_fro,4.0,1,12,2,0.0,0.08723854,0.0723593,0.0587896,0.04748926,0.03832242,0.03100488,0.02519281,0.02057082,0.01688008,0.01391724,0.01152512,0.0095827,0.00799675,0.0066951,0.00562166
Gram_error_fro,2.0,1,12,2,0.0,0.05087731,0.03825642,0.03049884,0.02527408,0.02115537,0.01778047,0.01499359,0.01268255,0.01075787,0.00914818,0.00779671,0.00665806,0.00569571,0.00488005,0.00418696
Gram_error_fro,4.0,1,12,2,0.0,0.06137481,0.0448168,0.03690063,0.03242153,0.02885616,0.02567243,0.02278565,0.02018273,0.0178533,0.01578092,0.01394464,0.01232166,0.0108892,0.00962566,0.00851121
Gram_error_fro,0.0,1,12,4,0.0,0.0,0.0,0.0,0.0,0.0,0.0,0.0,0.0,0.0,0.0,0.0,0.0,0.0,0.0,0.0
Gram_error_fro,2.0,1,12,4,0.0,0.02310497,0.01876188,0.01408117,0.01049936,0.00793573,0.00610388,0.00477608,0.00379534,0.00305555,0.00248527,0.00203663,0.00167752,0.0013862,0.00114754,0.00095076
Gram_error_fro,2.0,1,12,4,0.0,0.06368589,0.06587517,0.05937435,0.0514368,0.04380936,0.03706949,0.03134879,0.02658214,0.02263452,0.01936217,0.01663701,0.01435329,0.01242663,0.01079063,0.00939321
Gram_error_fro,0.0,1,12,4,0.0,0.0,0.0,0.0,0.0,0.0,0.0,0.0,0.0,0.0,0.0,0.0,0.0,0.0,0.0,0.0
Gram_error_fro,2.0,1,12,4,0.0,0.05436784,0.03631625,0.0249981,0.01802469,0.01343961,0.01031433,0.00812512,0.00654594,0.00537002,0.00446674,0.00375342,0.00317704,0.00270274,0.00230699,0.00197333
Gram_error_fro,2.0,1,12,4,0.0,0.05017851,0.03708833,0.0272349,0.02110616,0.01728713,0.01473163,0.01283602,0.01130355,0.00999863,0.00885819,0.00784968,0.00695337,0.00615527,0.00544433,0.00481122
Gram_error_fro,4.0,1,12,4,0.0,0.08473606,0.06425052,0.04486801,0.03225831,0.02429083,0.01894643,0.01508558,0.01214143,0.00982656,0.00797872,0.00649327,0.00529517,0.00432719,0.00354426,0.00291041
Gram_error_fro,4.0,1,12,4,0.0,0.07445007,0.05731761,0.03834246,0.02561074,0.01771268,0.01265836,0.00923313,0.00680211,0.00502773,0.00371364,0.00273433,0.00200386,0.00146095,0.00106095,0.00077098
Gram_error_fro,4.0,1,12,4,0.0,0.07970014,0.05348013,0.03625588,0.02612006,0.01962021,0.01508392,0.01174799,0.00922431,0.00728413,0.00577686,0.00459697,0.00366785,0.00293276,0.00234896,0.0018839
Gram_error_fro,4.0,1,12,4,0.0,0.09950246,0.07070039,0.04878996,0.03668626,0.02943878,0.02442931,0.02061395,0.01756619,0.01507621,0.01301566,0.01129382,0.00984232,0.00860852,0.00755164,0.00664003
Gram_error_fro,4.0,1,12,4,0.0,0.10694736,0.08499121,0.06221494,0.04742402,0.03767735,0.03069517,0.02537634,0.02118807,0.01782979,0.01510373,0.01286781,0.01101624,0.00946921,0.00816612,0.00706072
Gram_error_fro,6.0,1,12,4,0.0,0.07571928,0.05641888,0.040226,0.02876004,0.02111629,0.0160089,0.01247305,0.00991917,0.0080091,0.0065448,0.0054026,0.00449958,0.00377718,0.00319274,0.00271469
Gram_error_fro,6.0,1,12,4,0.0,0.13004832,0.08541122,0.05062284,0.03050691,0.01947198,0.01338118,0.009862,0.00767797,0.00621915,0.00518563,0.00442112,0.00383594,0.00337388,0.00299777,0.0026826
Gram_error_fro,4.0,1,12,4,0.0,0.12437445,0.11025229,0.09514941,0.08393098,0.07449568,0.06603722,0.05841268,0.05161055,0.04560357,0.04033405,0.03572708,0.03170336,0.02818701,0.02510929,0.02240981
Gram_error_fro,2.0,1,12,4,0.0,0.05510495,0.04551581,0.03877956,0.0335533,0.02926491,0.02568684,0.02264041,0.01999654,0.01767198,0.01561374,0.01378588,0.0121615,0.01071862,0.00943823,0.00830338
Gram_error_fro,4.0,1,12,4,0.0,0.08377297,0.06240216,0.04503387,0.03289005,0.02445527,0.01847539,0.01412647,0.01089601,0.00845926,0.00660108,0.00517265,0.00406766,0.00320846,0.00253742,0.00201134
Gram_error_fro,0.0,1,12,4,0.0,0.0,0.0,0.0,0.0,0.0,0.0,0.0,0.0,0.0,0.0,0.0,0.0,0.0,0.0,0.0
Gram_error_fro,2.0,1,12,4,0.0,0.04880043,0.04162282,0.03290098,0.02605472,0.02092855,0.01702589,0.01397332,0.011532,0.00954995,0.00792554,0.00658658,0.00547897,0.00456065,0.0037981,0.0031642
Gram_error_fro,2.0,1,12,4,0.0,0.03117412,0.02425333,0.0204249,0.01812213,0.01650161,0.01517423,0.013994,0.01290915,0.01190003,0.0109576,0.01007657,0.00925322,0.00848462,0.00776828,0.00710191
Gram_error_fro,2.0,1,12,4,0.0,0.07683507,0.06681872,0.05505961,0.04521508,0.03714927,0.03056144,0.02520356,0.02086339,0.01735447,0.01451599,0.01221326,0.01033641,0.00879755,0.00752728,0.00647124
Gram_error_fro,2.0,1,12,4,0.0,0.05087892,0.04782516,0.03949786,0.03168037,0.02531512,0.02027324,0.01628201,0.01310903,0.01057668,0.00854966,0.00692343,0.00561626,0.0045638,0.00371512,0.00302979
Gram_error_fro,2.0,1,12,4,0.0,0.05361383,0.04811949,0.03804558,0.02959228,0.02313262,0.0182082,0.01440587,0.01143707,0.00910141,0.00725449,0.00578878,0.00462252,0.00369272,0.00295046,0.00235744
Gram_error_fro,4.0,1,12,4,0.0,0.06671765,0.04471604,0.03113452,0.02342113,0.01852181,0.01505016,0.01240678,0.01031094,0.0086116,0.00721543,0.00605864,0.00509473,0.00428835,0.00361191,0.0030434
Gram_error_fro,2.0,1,12,4,0.0,0.05008931,0.03972089,0.03178178,0.0259371,0.02143796,0.01783049,0.01487113,0.01241663,0.01037048,0.00866073,0.00723067,0.00603426,0.00503352,0.00419689,0.00349791
Gram_error_fro,4.0,1,12,4,0.0,0.07833289,0.05818168,0.04181587,0.03066532,0.02324905,0.01815993,0.01449115,0.01172335,0.00956418,0.00784225,0.00644989,0.00531434,0.00438332,0.00361752,0.00298639
Gram_error_fro,4.0,1,12,4,0.0,0.07676598,0.05907301,0.04586553,0.03612222,0.02874742,0.02302758,0.01851855,0.01493176,0.01206501,0.00976773,0.00792366,0.00644144,0.00524867,0.00428775,0.00351279
Gram_error_fro,2.0,1,12,4,0.0,0.06843246,0.03965767,0.02658378,0.02025138,0.01633594,0.0134597,0.01117522,0.00930503,0.00775608,0.00646698,0.00539181,0.0044941,0.00374423,0.00311779,0.00259454
Gram_error_fro,6.0,1,12,4,0.0,0.1133404,0.07664657,0.05290739,0.04113035,0.034955,0.03100956,0.02797462,0.02538505,0.02307425,0.02097582,0.01905805,0.01730202,0.0156941,0.01422298,0.01287857
Gram_error_fro,4.0,1,12,4,0.0,0.09756863,0.07661573,0.05991136,0.04844042,0.03988942,0.03314631,0.0277072,0.02328569,0.01967827,0.0167244,0.01429425,0.01228319,0.01060777,0.009202,0.008014
Gram_error_fro,2.0,1,12,4,0.0,0.06327225,0.05044544,0.03997783,0.03188373,0.02559402,0.02065072,0.01672709,0.01359158,0.01107424,0.00904615,0.00740732,0.0060794,0.00500053,0.00412177,0.00340423
Gram_error_fro,4.0,1,12,4,0.0,0.07783869,0.05819111,0.04426243,0.03486005,0.02791744,0.0225252,0.01824625,0.01482079,0.01206646,0.00984456,0.00804672,0.00658778,0.00540065,0.0044324,0.0036411
Gram_error_fro,4.0,1,12,4,0.0,0.09367082,0.06907652,0.05013356,0.03732913,0.0285474,0.02228502,0.01764512,0.01410538,0.01135026,0.00917713,0.00744755,0.00606218,0.0049472,0.00404644,0.00331646
Gram_error_fro,0.0,1,12,2,0.0,0.0,0.0,0.0,0.0,0.0,0.0,0.0,0.0,0.0,0.0,0.0,0.0,0.0,0.0,0.0
Gram_error_fro,2.0,1,12,2,0.0,0.05547875,0.04694047,0.03964287,0.03347027,0.02822693,0.0238043,0.02009289,0.01698647,0.01438832,0.01221383,0.01039089,0.00885919,0.00756879,0.00647867,0.00555518
Gram_error_fro,2.0,1,12,2,0.0,0.01043595,0.00393523,0.00097155,0.00181858,0.00272138,0.00312584,0.00319918,0.00307387,0.00283947,0.00255401,0.00225393,0.0019613,0.00168877,0.0014429,0.00122636
Gram_error_fro,2.0,1,12,2,0.0,0.04424152,0.02757759,0.01956718,0.01483807,0.01165013,0.00938046,0.00771473,0.00646456,0.00550731,0.00475949,0.00416292,0.00367668,0.00327198,0.00292854,0.00263206
Gram_error_fro,2.0,1,12,2,0.0,0.03860213,0.02784816,0.02302871,0.01965351,0.01692322,0.0146292,0.0126731,0.0109917,0.00953935,0.00828107,0.00718891,0.00623988,0.00541472,0.00469705,0.00407285
Gram_error_fro,0.0,1,12,2,0.0,0.0,0.0,0.0,0.0,0.0,0.0,0.0,0.0,0.0,0.0,0.0,0.0,0.0,0.0,0.0
Gram_error_fro,2.0,1,12,2,0.0,0.05547875,0.04694047,0.03964287,0.03347027,0.02822693,0.0238043,0.02009289,0.01698647,0.01438832,0.01221383,0.01039089,0.00885919,0.00756879,0.00647867,0.00555518
Gram_error_fro,2.0,1,12,2,0.0,0.04424152,0.02757759,0.01956718,0.01483807,0.01165013,0.00938046,0.00771473,0.00646456,0.00550731,0.00475949,0.00416292,0.00367668,0.00327198,0.00292854,0.00263206
Gram_error_fro,4.0,1,12,2,0.0,0.06289012,0.02665724,0.01854892,0.01549628,0.01348951,0.01185106,0.0104298,0.00917713,0.00806858,0.00708697,0.00621821,0.00545005,0.00477161,0.00417316,0.00364592
Gram_error_fro,4.0,1,12,2,0.0,0.05569863,0.04727628,0.03931911,0.03231543,0.02638052,0.02149424,0.01753049,0.01433389,0.01175803,0.0096783,0.00799342,0.0066229,0.00550337,0.00458507,0.00382888
Gram_error_fro,2.0,1,12,2,0.0,0.04404013,0.03495269,0.02934914,0.02500223,0.02141293,0.018391,0.01583043,0.01365631,0.01180795,0.01023387,0.00889031,0.00774036,0.00675317,0.00590309,0.00516886
Gram_error_fro,4.0,1,12,2,0.0,0.04116692,0.0319319,0.02622206,0.0220171,0.01864413,0.01584827,0.01349805,0.01150945,0.00982102,0.00838443,0.00716038,0.00611638,0.00522531,0.00446439,0.00381444
Gram_error_fro,2.0,1,12,2,0.0,0.0699993,0.05630569,0.04978799,0.0456043,0.04226479,0.03933191,0.03665098,0.03415952,0.03182872,0.0296431,0.02759276,0.02567023,0.02386909,0.02218337,0.02060729
Gram_error_fro,2.0,1,12,2,0.0,0.03463826,0.02702345,0.02331033,0.02054404,0.01813461,0.01596732,0.01401435,0.01226347,0.01070329,0.00932072,0.00810125,0.00702978,0.00609135,0.00527164,0.00455722
Gram_error_fro,4.0,1,12,2,0.0,0.03259807,0.02113547,0.01625088,0.01352496,0.01158592,0.01003152,0.00872426,0.00760402,0.00663593,0.00579545,0.00506357,0.00442493,0.00386683,0.00337862,0.00295126
Gram_error_fro,4.0,1,12,2,0.0,0.01043595,0.00393523,0.00219373,0.0040372,0.00541141,0.00612224,0.00635792,0.00628262,0.00601441,0.00563431,0.00519679,0.00473785,0.00428088,0.00384057,0.00342573
Gram_error_fro,0.0,1,12,5,0.0,0.0,0.0,0.0,0.0,0.0,0.0,0.0,0.0,0.0,0.0,0.0,0.0,0.0,0.0,0.0
Gram_error_fro,2.0,1,12,5,0.0,0.07637881,0.06852908,0.05871319,0.04880517,0.03963995,0.03176959,0.02532182,0.02018128,0.01614157,0.0129861,0.01052234,0.00859193,0.00707,0.00586053,0.00489075
Gram_error_fro,2.0,1,12,5,0.0,0.03618575,0.03100882,0.02682637,0.02369029,0.02109706,0.01878245,0.01666274,0.014725,0.01297164,0.01140164,0.01000737,0.00877625,0.00769317,0.00674235,0.00590856
Gram_error_fro,2.0,1,12,5,0.0,0.05214448,0.03935697,0.030386,0.02472289,0.02095275,0.01820376,0.01603161,0.01422143,0.01266542,0.0113045,0.01010267,0.00903554,0.00808513,0.00723717,0.00647984
Gram_error_fro,2.0,1,12,5,0.0,0.07009456,0.06156569,0.05112902,0.04114049,0.03254268,0.02558135,0.02012679,0.01592025,0.01269446,0.01021869,0.00830871,0.0068232,0.00565605,0.00472861,0.0039829
Gram_error_fro,2.0,1,12,5,0.0,0.07637881,0.06852908,0.05871319,0.04880517,0.03963995,0.03176959,0.02532182,0.02018128,0.01614157,0.0129861,0.01052234,0.00859193,0.00707,0.00586053,0.00489075
Gram_error_fro,4.0,1,12,5,0.0,0.08332094,0.06360728,0.04855943,0.03812608,0.03046911,0.02458275,0.01994751,0.01625837,0.0133078,0.01094053,0.00903532,0.00749629,0.00624768,0.00522975,0.0043956
Gram_error_fro,4.0,1,12,5,0.0,0.08402347,0.06244941,0.04591849,0.03517667,0.02767722,0.02211335,0.01785257,0.01453838,0.01193588,0.00987583,0.00823168,0.00690787,0.00583217,0.00495002,0.00422021
Gram_error_fro,2.0,1,12,5,0.0,0.09551127,0.07665191,0.06019671,0.04752178,0.03748233,0.0295451,0.02333591,0.01851928,0.01479756,0.01192086,0.00968862,0.00794487,0.00657079,0.00547714,0.00459741
Gram_error_fro,4.0,1,12,5,0.0,0.0802338,0.06572298,0.05467274,0.04560248,0.03787828,0.03143539,0.02615903,0.02187293,0.01839314,0.01555688,0.0132307,0.01130916,0.00971023,0.00837041,0.00724046
Gram_error_fro,2.0,1,12,5,0.0,0.04787712,0.03629873,0.02700742,0.02044735,0.01561751,0.01197777,0.00922533,0.00715339,0.00560366,0.00445094,0.0035962,0.00296189,0.0024882,0.0021299,0.00185362
Gram_error_fro,4.0,1,12,5,0.0,0.06110788,0.0480117,0.03937218,0.03266587,0.02698308,0.02219994,0.01825341,0.01504342,0.01245153,0.01036241,0.00867462,0.00730406,0.00618342,0.00525999,0.00449304
Gram_error_fro,4.0,1,12,5,0.0,0.14233536,0.10909569,0.07928846,0.05861356,0.04432273,0.03425166,0.02700715,0.02169287,0.01771962,0.01469217,0.0123412,0.01048111,0.00898285,0.00775598,0.00673648
Gram_error_fro,4.0,1,12,5,0.0,0.1135486,0.0888347,0.06665688,0.05167039,0.04108131,0.03318975,0.02711386,0.02234309,0.01854565,0.01549004,0.01300833,0.01097596,0.00929913,0.00790637,0.00674267
Gram_error_fro,4.0,1,12,5,0.0,0.07788891,0.06814652,0.05726971,0.04709878,0.03831636,0.03111823,0.02537638,0.02084627,0.01727539,0.01444521,0.01218113,0.01034937,0.00884967,0.00760767,0.00656832
Gram_error_fro,4.0,1,12,5,0.0,0.08452706,0.07294726,0.0599247,0.04857269,0.039147,0.03156979,0.02558997,0.0209048,0.0172309,0.01433183,0.01202207,0.01016091,0.00864362,0.00739276,0.00635105
Gram_error_fro,0.0,1,12,2,0.0,0.0,0.0,0.0,0.0,0.0,0.0,0.0,0.0,0.0,0.0,0.0,0.0,0.0,0.0,0.0
Gram_error_fro,2.0,1,12,2,0.0,0.00732509,0.00278607,0.00248672,0.00231705,0.0020322,0.00171886,0.00142931,0.00118246,0.00098023,0.00081762,0.00068768,0.00058364,0.0004997,0.0004312,0.00037456
Gram_error_fro,2.0,1,12,2,0.0,0.01524789,0.01006254,0.00732428,0.00574941,0.00473057,0.00401559,0.00347395,0.00303565,0.00266407,0.00234028,0.00205422,0.00180016,0.00157439,0.00137413,0.001197
Gram_error_fro,2.0,1,12,2,0.0,0.02619955,0.0262435,0.02267256,0.01897163,0.01574199,0.01304378,0.01082033,0.00899404,0.0074924,0.00625427,0.00523,0.00437985,0.00367209,0.00308134,0.0025872
Gram_error_fro,2.0,1,12,2,0.0,0.04222181,0.03588869,0.02834489,0.0222228,0.01742218,0.01370512,0.01083673,0.00861697,0.0068888,0.00553365,0.00446328,0.00361215,0.00293131,0.00238389,0.00194183
Gram_error_fro,2.0,1,12,2,0.0,0.02858051,0.02138384,0.01740505,0.01445501,0.01215016,0.01030947,0.00881084,0.00757065,0.00653133,0.00565215,0.00490322,0.00426187,0.00371037,0.0032346,0.00282309
Gram_error_fro,2.0,1,12,2,0.0,0.05636668,0.02469152,0.01522198,0.01094486,0.00837945,0.0066038,0.00528064,0.0042562,0.00344678,0.00279992,0.00227941,0.0018587,0.00151761,0.00124049,0.00101497
Gram_error_fro,2.0,1,12,2,0.0,0.03571567,0.02257705,0.01735699,0.01410111,0.01172411,0.00987399,0.00838266,0.00715453,0.00612902,0.00526452,0.00453082,0.00390506,0.00336938,0.00290958,0.00251409
Gram_error_fro,2.0,1,12,2,0.0,0.00526006,0.00230733,0.00142554,0.00111295,0.00103351,0.0010576,0.00108656,0.00108357,0.00104693,0.00098562,0.00090948,0.00082643,0.00074212,0.00066027,0.00058316
Gram_error_fro,2.0,1,12,2,0.0,0.05636668,0.02469152,0.01522198,0.01094486,0.00837945,0.0066038,0.00528064,0.0042562,0.00344678,0.00279992,0.00227941,0.0018587,0.00151761,0.00124049,0.00101497
Gram_error_fro,2.0,1,12,2,0.0,0.04222181,0.03588869,0.02834489,0.0222228,0.01742218,0.01370512,0.01083673,0.00861697,0.0068888,0.00553365,0.00446328,0.00361215,0.00293131,0.00238389,0.00194183
Gram_error_fro,2.0,1,12,2,0.0,0.05527967,0.03014605,0.02075978,0.01577701,0.01245208,0.01000293,0.00811574,0.0066276,0.00543824,0.00447916,0.00370075,0.00306577,0.00254567,0.00211825,0.00176597
Gram_error_fro,2.0,1,12,2,0.0,0.09693556,0.05396292,0.03874513,0.03056692,0.02484277,0.02044161,0.01693467,0.01409369,0.01177016,0.00985721,0.00827416,0.0069586,0.0058615,0.0049439,0.00417457
Gram_error_fro,4.0,1,12,2,0.0,0.06326937,0.04117866,0.03035685,0.02319696,0.01793947,0.0139666,0.01092875,0.00858861,0.00677524,0.00536281,0.00425763,0.00338938,0.00270492,0.00216375,0.00173481
Gram_error_fro,2.0,1,12,2,0.0,0.07822742,0.04197327,0.02868276,0.02176415,0.01726189,0.01399878,0.01150078,0.00953139,0.00795142,0.00666898,0.00561891,0.00475306,0.00403493,0.00343629,0.00293504
Gram_error_fro,4.0,1,12,2,0.0,0.08887392,0.05120851,0.03661585,0.02881093,0.02350903,0.01949068,0.01629315,0.01368899,0.01154133,0.00975633,0.00826468,0.00701311,0.00595962,0.00507058,0.00431874
Gram_error_fro,0.0,1,12,4,0.0,0.0,0.0,0.0,0.0,0.0,0.0,0.0,0.0,0.0,0.0,0.0,0.0,0.0,0.0,0.0
Gram_error_fro,2.0,1,12,4,0.0,0.05309165,0.03938623,0.02745714,0.02014469,0.01554246,0.0123481,0.00996679,0.00812744,0.00668282,0.00553667,0.00461944,0.0038791,0.00327637,0.00278155,0.00237214
Gram_error_fro,2.0,1,12,4,0.0,0.09180412,0.07476022,0.05600189,0.04270417,0.03328914,0.02633244,0.02104303,0.01696453,0.01379659,0.01132152,0.00937489,0.00783134,0.0065957,0.0055962,0.00477898
Gram_error_fro,2.0,1,12,4,0.0,0.04331623,0.02699569,0.01639715,0.01033423,0.00714228,0.00561962,0.00494445,0.00462766,0.00443248,0.00426223,0.00408325,0.00388756,0.00367692,0.00345623,0.00323083
Gram_error_fro,2.0,1,12,4,0.0,0.05198672,0.0363116,0.02621997,0.01971551,0.01523406,0.0119933,0.009578,0.00774173,0.00632461,0.00521716,0.00434208,0.00364358,0.00308072,0.00262307,0.00224768
Gram_error_fro,2.0,1,12,4,0.0,0.09106451,0.07291151,0.05520722,0.04401716,0.03679813,0.03162327,0.02756573,0.02421242,0.02136538,0.01891435,0.01678738,0.01493174,0.01330614,0.01187709,0.01061693
Gram_error_fro,4.0,1,12,4,0.0,0.0580479,0.04501612,0.03654219,0.03186028,0.0285926,0.02583684,0.02334187,0.02105032,0.01895015,0.01703521,0.01529717,0.01372523,0.01230716,0.01103028,0.00988213
Gram_error_fro,4.0,1,12,4,0.0,0.07624621,0.06844867,0.06228596,0.05715665,0.05215297,0.04722415,0.04252102,0.03816268,0.03420333,0.03064968,0.02748163,0.02466669,0.02216833,0.01995043,0.01797942
Gram_error_fro,2.0,1,12,4,0.0,0.05309165,0.03938623,0.02745714,0.02014469,0.01554246,0.0123481,0.00996679,0.00812744,0.00668282,0.00553667,0.00461944,0.0038791,0.00327637,0.00278155,0.00237214
Gram_error_fro,2.0,1,12,4,0.0,0.01167839,0.01107702,0.01083946,0.01008407,0.00900355,0.00785508,0.00677723,0.00582046,0.00499189,0.00428174,0.00367545,0.00315839,0.00271734,0.00234083,0.00201907
Gram_error_fro,4.0,2,12,4,0.0,0.11277875,0.08088581,0.05346998,0.03733922,0.02813429,0.0227257,0.01957842,0.01792529,0.01727591,0.01725838,0.01759853,0.01811371,0.01869308,0.01927429,0.01982488
Gram_error_fro,4.0,1,12,4,0.0,0.0588351,0.05372024,0.0458577,0.03922726,0.03350954,0.02849099,0.02412767,0.02038979,0.01722405,0.0145611,0.01232812,0.0104569,0.00888742,0.00756866,0.00645807
Gram_error_fro,2.0,1,12,4,0.0,0.06993519,0.05574631,0.04333685,0.03428204,0.02762693,0.02263117,0.01878806,0.01575864,0.01331933,0.01132178,0.00966509,0.00827814,0.00710889,0.00611794,0.00527463
Gram_error_fro,2.0,1,12,4,0.0,0.08495176,0.06283355,0.04897236,0.03960743,0.03251774,0.02683117,0.02219119,0.01840024,0.01530797,0.01278599,0.01072486,0.00903379,0.00763936,0.00648315,0.00551913
Gram_error_fro,4.0,2,12,4,0.0,0.07281029,0.05540059,0.04131856,0.03217867,0.02623152,0.02238293,0.02002804,0.01875618,0.01823491,0.01819523,0.01843794,0.01882867,0.01928315,0.01975143,0.02020539
Gram_error_fro,2.0,1,12,4,0.0,0.0554099,0.05070853,0.04224943,0.03502769,0.0293244,0.02475466,0.02100984,0.01789393,0.01527772,0.01306877,0.01119653,0.00960515,0.00824942,0.00709226,0.00610301
Gram_error_fro,0.0,1,12,2,0.0,0.0,0.0,0.0,0.0,0.0,0.0,0.0,0.0,0.0,0.0,0.0,0.0,0.0,0.0,0.0
Gram_error_fro,2.0,1,12,2,0.0,0.02868058,0.02353419,0.01912911,0.01539341,0.012371,0.00999052,0.00812854,0.00666678,0.00551021,0.00458693,0.00384333,0.0032393,0.00274461,0.00233627,0.00199666
Gram_error_fro,2.0,1,12,2,0.0,0.03160605,0.01755641,0.01249048,0.00996576,0.00827077,0.00695416,0.00587719,0.00498163,0.00423215,0.00360235,0.00307117,0.00262158,0.00223981,0.0019147,0.00163721
Gram_error_fro,2.0,1,12,2,0.0,0.02459833,0.01334901,0.00979631,0.00832268,0.00741747,0.00666852,0.00597771,0.0053314,0.00473331,0.00418719,0.00369383,0.00325151,0.00285702,0.00250646,0.00219578
Gram_error_fro,2.0,1,12,2,0.0,0.04775668,0.03715152,0.02811505,0.02095341,0.01543153,0.01127444,0.00819115,0.00592753,0.00428346,0.00310907,0.00229413,0.00175542,0.0014235,0.00123372,0.00112808
Gram_error_fro,2.0,1,12,2,0.0,0.01774263,0.01910424,0.01972219,0.0191333,0.01799993,0.01664192,0.01522796,0.01384496,0.01253571,0.01131918,0.01020148,0.00918181,0.00825576,0.00741722,0.00665946
Gram_error_fro,4.0,1,12,2,0.0,0.06969022,0.05550575,0.04201893,0.03160118,0.02375208,0.0179111,0.01358775,0.01039392,0.00803738,0.00630206,0.00502808,0.00409581,0.00341435,0.00291396,0.00254145
Gram_error_fro,4.0,1,12,2,0.0,0.08436469,0.05621758,0.0402042,0.03015454,0.02349509,0.01907595,0.01614367,0.01414963,0.01271455,0.01159907,0.01066449,0.00983594,0.00907534,0.00836453,0.0076955
Gram_error_fro,2.0,1,12,2,0.0,0.03996713,0.03550691,0.0306231,0.02599717,0.0219455,0.01851622,0.01564629,0.0132479,0.01123924,0.00955159,0.00812901,0.00692626,0.00590669,0.00504046,0.00430311
Gram_error_fro,2.0,1,12,2,0.0,0.08022706,0.04116018,0.02797737,0.02122611,0.01660541,0.01315221,0.01049922,0.00843318,0.00680814,0.00551905,0.00448891,0.0036605,0.00299083,0.00244719,0.00200437
Gram_error_fro,4.0,1,12,2,0.0,0.0475287,0.03639742,0.02840772,0.0223096,0.0175441,0.01385828,0.01103616,0.00888434,0.00724228,0.00598358,0.00501143,0.00425269,0.00365259,0.00317045,0.00277632
Gram_error_fro,2.0,1,12,2,0.0,0.0367836,0.03535786,0.03308496,0.03080444,0.02860553,0.02648656,0.02445196,0.02251267,0.02067862,0.01895584,0.01734651,0.01584976,0.01446262,0.01318082,0.01199924
Gram_error_fro,2.0,1,12,2,0.0,0.06463848,0.05010659,0.03995185,0.03198467,0.02558564,0.02049195,0.01646015,0.01326755,0.01072986,0.00870264,0.00707508,0.00576252,0.00470003,0.00383736,0.00313529
Gram_error_fro,4.0,1,12,2,0.0,0.0199646,0.0230785,0.02234114,0.02085698,0.01925838,0.01771053,0.01625774,0.01490866,0.0136612,0.01251003,0.01144891,0.01047153,0.00957181,0.00874403,0.00798287
Gram_error_fro,2.0,1,12,2,0.0,0.04522571,0.0364695,0.02833994,0.02185673,0.01678042,0.01285298,0.00983459,0.0075249,0.00576584,0.00443573,0.00344158,0.00271153,0.00218827,0.00182364,0.00157542
Gram_error_fro,4.0,1,12,2,0.0,0.07434668,0.08125252,0.07982094,0.07590476,0.07105811,0.06588848,0.06069766,0.05565614,0.05086189,0.0463673,0.04219515,0.03834926,0.03482173,0.03159775,0.02865877
Gram_error_fro,0.0,1,12,3,0.0,0.0,0.0,0.0,0.0,0.0,0.0,0.0,0.0,0.0,0.0,0.0,0.0,0.0,0.0,0.0
Gram_error_fro,0.0,1,12,3,0.0,0.0,0.0,0.0,0.0,0.0,0.0,0.0,0.0,0.0,0.0,0.0,0.0,0.0,0.0,0.0
Gram_error_fro,2.0,1,12,3,0.0,0.0257605,0.02153387,0.01850502,0.01602106,0.01397274,0.01226327,0.01080467,0.00953563,0.00841821,0.00742884,0.00655147,0.00577374,0.00508512,0.00447613,0.00393815
Gram_error_fro,2.0,1,12,3,0.0,0.02178344,0.01609382,0.01215271,0.00935377,0.00741546,0.00603179,0.00499376,0.00418219,0.00353009,0.00299701,0.00255612,0.00218819,0.00187883,0.00161698,0.00139406
Gram_error_fro,2.0,1,12,3,0.0,0.06815679,0.05621927,0.04939323,0.04402223,0.03914096,0.03463522,0.03053389,0.02686098,0.02361343,0.02076661,0.01828372,0.01612322,0.01424375,0.01260683,0.01117813
Gram_error_fro,0.0,1,12,3,0.0,0.0,0.0,0.0,0.0,0.0,0.0,0.0,0.0,0.0,0.0,0.0,0.0,0.0,0.0,0.0
Gram_error_fro,4.0,1,12,3,0.0,0.07667645,0.05597181,0.04788099,0.04284774,0.03840902,0.03423641,0.03036022,0.02683303,0.02367682,0.02088511,0.01843344,0.01628857,0.01441463,0.01277675,0.01134304
Gram_error_fro,2.0,1,12,3,0.0,0.0817242,0.03631652,0.01783723,0.01003876,0.00620443,0.00404048,0.00270335,0.0018342,0.00125401,0.0008615,0.00059452,0.00041316,0.00029105,0.0002103,0.00015833
Gram_error_fro,0.0,1,12,3,0.0,0.0,0.0,0.0,0.0,0.0,0.0,0.0,0.0,0.0,0.0,0.0,0.0,0.0,0.0,0.0
Gram_error_fro,4.0,1,12,3,0.0,0.07523825,0.05640458,0.04767267,0.04226246,0.03802012,0.03435433,0.03108185,0.02813392,0.02547395,0.02307401,0.02090883,0.01895477,0.01718997,0.01559462,0.01415097
Gram_error_fro,2.0,1,12,3,0.0,0.05221051,0.03557622,0.02644152,0.02108316,0.01722491,0.01419973,0.01177624,0.0098218,0.00823662,0.00694233,0.00587797,0.00499657,0.00426199,0.00364625,0.0031275
Gram_error_fro,4.0,1,12,3,0.0,0.04798948,0.02634467,0.01979992,0.01605268,0.0132431,0.01100272,0.00918741,0.00770404,0.00648328,0.00547224,0.00463017,0.00392549,0.0033334,0.00283426,0.00241234
Gram_error_fro,4.0,1,12,3,0.0,0.0827053,0.05650052,0.04675103,0.04037791,0.0352193,0.03078587,0.02691323,0.02352642,0.02057394,0.01800882,0.01578518,0.013859,0.01218952,0.01074026,0.00947932
Gram_error_fro,4.0,1,12,3,0.0,0.06728075,0.05805101,0.05214402,0.04666281,0.04135069,0.03637662,0.03186202,0.02785268,0.02434247,0.02129593,0.01866416,0.01639455,0.01443639,0.01274365,0.01127604
Gram_error_fro,4.0,1,12,3,0.0,0.0684292,0.04882265,0.03830674,0.03083337,0.02505861,0.02047677,0.0168046,0.01384368,0.01144348,0.00948768,0.00788618,0.00656898,0.00548146,0.00458068,0.00383258
Gram_error_fro,4.0,1,12,3,0.0,0.05263407,0.02434725,0.01423808,0.0107111,0.00896925,0.0077352,0.00674588,0.0059344,0.00526342,0.00470182,0.00422399,0.00381031,0.00344647,0.00312236,0.00283084
Gram_error_fro,0.0,1,12,4,0.0,0.0,0.0,0.0,0.0,0.0,0.0,0.0,0.0,0.0,0.0,0.0,0.0,0.0,0.0,0.0
Gram_error_fro,2.0,1,12,4,0.0,0.04672241,0.03849168,0.02868953,0.02151004,0.01646945,0.01278542,0.00999514,0.00784565,0.00618007,0.00488672,0.00388038,0.00309487,0.00247908,0.00199383,0.00160934
Gram_error_fro,2.0,1,12,4,0.0,0.07997517,0.05375997,0.03237349,0.01981594,0.01281507,0.0088631,0.00651965,0.00502891,0.00401155,0.00327669,0.00272318,0.00229293,0.00194991,0.00167053,0.0014388
Gram_error_fro,2.0,1,12,4,0.0,0.08188599,0.05642015,0.0335725,0.01987601,0.01240709,0.00843448,0.00625928,0.00496289,0.00410131,0.00347331,0.00298602,0.00259242,0.00226568,0.00198891,0.00175083
Gram_error_fro,2.0,1,12,4,0.0,0.07904733,0.06171169,0.04944222,0.04126798,0.03490089,0.02960414,0.02514473,0.02139914,0.01826175,0.01563377,0.01342664,0.01156494,0.00998664,0.00864177,0.00749044
Gram_error_fro,2.0,1,12,4,0.0,0.05454598,0.04557646,0.03391779,0.02543836,0.01948229,0.01512016,0.01180391,0.00923311,0.00722535,0.00565452,0.00442579,0.00346524,0.00271459,0.00212799,0.00166945
Gram_error_fro,2.0,1,12,4,0.0,0.04823235,0.03655469,0.02411583,0.01557877,0.0102449,0.00693179,0.00481763,0.00342232,0.00247478,0.00181749,0.00135417,0.00102307,0.00078328,0.00060715,0.00047582
Gram_error_fro,2.0,1,12,4,0.0,0.07692774,0.07612547,0.06605635,0.05580289,0.04691218,0.03946944,0.03329778,0.02819213,0.0239648,0.02045451,0.0175271,0.01507323,0.01300501,0.01125231,0.00975934
Gram_error_fro,4.0,1,12,4,0.0,0.08149371,0.05852251,0.04297302,0.03413282,0.02853716,0.0244306,0.0211114,0.01830474,0.01588859,0.01379507,0.01197723,0.01039788,0.00902571,0.00783374,0.00679854
Gram_error_fro,2.0,1,12,4,0.0,0.03099662,0.02723326,0.02055528,0.01501443,0.01104248,0.00827946,0.006334,0.00492589,0.00387617,0.0030738,0.00244904,0.00195645,0.00156498,0.0012524,0.00100218
Gram_error_fro,2.0,1,12,4,0.0,0.06906606,0.04875041,0.03633508,0.02910202,0.0246012,0.02141885,0.0188824,0.01671303,0.01479986,0.01309501,0.01157256,0.01021412,0.00900412,0.00792841,0.00697384
Gram_error_fro,4.0,1,12,4,0.0,0.09046481,0.06838188,0.05255986,0.0423773,0.03494337,0.029053,0.0242452,0.02029623,0.01705231,0.01438623,0.01218936,0.01037084,0.00885671,0.00758806,0.0065185
Gram_error_fro,4.0,1,12,4,0.0,0.09351503,0.06057758,0.03733177,0.02564698,0.02023635,0.01726212,0.01507953,0.01319667,0.01150563,0.0099922,0.00865414,0.00748407,0.00646905,0.00559313,0.00483962
Gram_error_fro,4.0,1,12,4,0.0,0.07374021,0.05383549,0.03866154,0.02833136,0.02115191,0.01601988,0.01225309,0.00943307,0.00729363,0.00565639,0.00439619,0.00342231,0.0026675,0.00208121,0.00162506
Gram_error_fro,4.0,1,12,4,0.0,0.10923838,0.10547703,0.09393844,0.08199208,0.07127048,0.06203037,0.05414901,0.04742636,0.04167199,0.03672469,0.03245251,0.02874807,0.02552367,0.02270724,0.02023919
Gram_error_fro,4.0,1,12,4,0.0,0.10767778,0.07224288,0.0456339,0.02951405,0.0199411,0.01409899,0.01034745,0.00779768,0.00597782,0.00463157,0.00361168,0.00282734,0.00221851,0.00174325,0.00137098
Gram_error_fro,0.0,1,12,2,0.0,0.0,0.0,0.0,0.0,0.0,0.0,0.0,0.0,0.0,0.0,0.0,0.0,0.0,0.0,0.0
Gram_error_fro,2.0,1,12,2,0.0,0.04847895,0.034797,0.02553894,0.01916917,0.0146191,0.01128801,0.00880152,0.00691788,0.00547472,0.00435896,0.00348977,0.00280823,0.0022708,0.00184494,0.00150603
Gram_error_fro,2.0,1,12,2,0.0,0.04877312,0.04145763,0.03565113,0.0306995,0.02639659,0.02267981,0.01948655,0.01674927,0.01440356,0.01239215,0.01066569,0.0091823,0.00790657,0.00680861,0.00586308
Gram_error_fro,2.0,1,12,2,0.0,0.04828792,0.03760436,0.03099145,0.02609315,0.02220495,0.01905911,0.01647784,0.01432967,0.01251865,0.01097518,0.00964827,0.00849971,0.00750021,0.00662676,0.00586092
Gram_error_fro,2.0,1,12,2,0.0,0.0389747,0.03158342,0.02641094,0.02275004,0.01985453,0.01740288,0.01526352,0.0133784,0.01171461,0.01024745,0.00895544,0.0078191,0.00682076,0.00594454,0.00517624
Gram_error_fro,2.0,1,12,2,0.0,0.01665161,0.01784581,0.02054218,0.0220623,0.02249271,0.02217019,0.02138532,0.02033842,0.01915857,0.01792708,0.01669449,0.01549168,0.01433699,0.01324068,0.01220782
Gram_error_fro,2.0,1,12,2,0.0,0.02393195,0.01060685,0.00440542,0.00164722,0.00324841,0.00509651,0.00646422,0.00741574,0.00803949,0.00840972,0.00858543,0.00861289,0.00852822,0.00835969,0.0081294
Gram_error_fro,4.0,1,12,2,0.0,0.05468613,0.03052139,0.02062233,0.014993,0.01123637,0.00857174,0.00662857,0.00518924,0.00411132,0.00329638,0.00267437,0.00219472,0.00182064,0.00152528,0.00128903
Gram_error_fro,2.0,1,12,2,0.0,0.02037892,0.0092964,0.00394838,0.00084841,0.00164315,0.00291276,0.00365123,0.00400935,0.00411203,0.00404853,0.00388069,0.00365086,0.0033878,0.00311094,0.00283322
Gram_error_fro,4.0,1,12,2,0.0,0.09899221,0.04607798,0.02826674,0.02146036,0.01751161,0.01467101,0.01247708,0.01072697,0.00929747,0.00810587,0.00709541,0.0062267,0.00547205,0.00481158,0.00423062
Gram_error_fro,2.0,1,12,2,0.0,0.03960185,0.02792963,0.02232839,0.01838915,0.01526279,0.01276776,0.01077718,0.00917642,0.00787348,0.00679954,0.00590419,0.00515037,0.0045104,0.00396322,0.00349254
Gram_error_fro,0.0,1,12,2,0.0,0.0,0.0,0.0,0.0,0.0,0.0,0.0,0.0,0.0,0.0,0.0,0.0,0.0,0.0,0.0
Gram_error_fro,4.0,1,12,2,0.0,0.05519398,0.04695415,0.03840939,0.03158026,0.02613971,0.02175775,0.01819221,0.01526752,0.01285303,0.01084909,0.00917826,0.00777964,0.00660488,0.00561521,0.00477936
Gram_error_fro,2.0,1,12,2,0.0,0.05201734,0.03662921,0.02735158,0.0210049,0.0163514,0.01282918,0.01011061,0.00798493,0.00630796,0.00497674,0.00391571,0.00306841,0.00239215,0.00185445,0.00143058
Gram_error_fro,2.0,1,12,2,0.0,0.10227194,0.08467402,0.07196071,0.06218901,0.05424124,0.0476681,0.04216962,0.03751415,0.03352497,0.03006962,0.02704889,0.02438779,0.02202878,0.01992689,0.01804636
Gram_error_fro,4.0,1,12,2,0.0,0.03019739,0.027263,0.02228324,0.01798909,0.01458112,0.01190305,0.00978366,0.0080892,0.00672139,0.00560809,0.00469556,0.0039431,0.00331948,0.00280038,0.00236668
Gram_error_fro,0.0,1,12,5,0.0,0.0,0.0,0.0,0.0,0.0,0.0,0.0,0.0,0.0,0.0,0.0,0.0,0.0,0.0,0.0
Gram_error_fro,2.0,1,12,5,0.0,0.08506053,0.06914042,0.05076619,0.03826237,0.02981141,0.02374719,0.0192101,0.01574859,0.01308219,0.01101087,0.00938376,0.00808674,0.00703496,0.00616656,0.00543714
Gram_error_fro,2.0,1,12,5,0.0,0.05223048,0.04238621,0.03371528,0.02750438,0.0228288,0.01909525,0.01603447,0.01350813,0.0114207,0.00969357,0.00826006,0.00706472,0.00606257,0.00521771,0.00450169
Gram_error_fro,2.0,1,12,5,0.0,0.08674054,0.06932436,0.04725887,0.03285521,0.02444188,0.01937924,0.01602785,0.01358111,0.01166859,0.01011226,0.00881576,0.00771952,0.00678276,0.00597571,0.00527587
Gram_error_fro,2.0,1,12,5,0.0,0.03250248,0.02242899,0.01463489,0.0095917,0.00675481,0.00535307,0.00468639,0.00430378,0.00400068,0.00370893,0.00341461,0.0031209,0.00283438,0.00256078,0.00230398
Gram_error_fro,2.0,1,12,5,0.0,0.07628965,0.05641922,0.0347083,0.0210256,0.01354948,0.00974474,0.00779415,0.0066531,0.00584385,0.00518396,0.0046101,0.00410021,0.00364509,0.00323915,0.0028777
Gram_error_fro,4.0,1,12,5,0.0,0.09026771,0.06294365,0.04028355,0.02673488,0.01919623,0.01485843,0.01209168,0.01011291,0.00857526,0.0073223,0.00627592,0.00539096,0.00463744,0.00399332,0.00344139
Gram_error_fro,4.0,1,12,5,0.0,0.07659809,0.05627932,0.03974452,0.02935645,0.02257758,0.01780574,0.01425822,0.01154302,0.00943508,0.0077849,0.00648362,0.00544892,0.00461811,0.00394368,0.00338988
Gram_error_fro,4.0,1,12,5,0.0,0.10760677,0.07850407,0.05168113,0.03497493,0.02532432,0.01973749,0.01628928,0.01393438,0.0121635,0.01073746,0.00953994,0.00850921,0.00760866,0.00681432,0.00610918
Gram_error_fro,4.0,2,12,5,0.0,0.07964099,0.0588842,0.04404561,0.03552897,0.03124538,0.02931121,0.0284927,0.02816161,0.0280394,0.02800848,0.02801876,0.02804805,0.02808589,0.02812708,0.02816888
Gram_error_fro,2.0,1,12,5,0.0,0.05893,0.05660634,0.04853627,0.04010277,0.03261951,0.02635805,0.02127676,0.01723017,0.01404376,0.01154739,0.00959082,0.00804933,0.00682382,0.00583795,0.0050343
Gram_error_fro,4.0,1,12,5,0.0,0.09784226,0.06838169,0.04354181,0.02839262,0.01953227,0.01424117,0.01092278,0.00871112,0.00714592,0.0059791,0.00507214,0.00434415,0.00374559,0.00324472,0.0028202
Gram_error_fro,2.0,2,12,5,0.0,0.09505579,0.07408031,0.05279261,0.03960324,0.03197158,0.02758358,0.02512623,0.0238698,0.02336661,0.02332171,0.0235399,0.02389589,0.02431228,0.02474308,0.02516217
Gram_error_fro,2.0,1,12,5,0.0,0.11747903,0.10333176,0.07977374,0.06152602,0.04840801,0.03881845,0.03159733,0.02602168,0.02163446,0.01813187,0.01530222,0.01299277,0.01109072,0.00951134,0.00819017
Gram_error_fro,4.0,2,12,5,0.0,0.09030871,0.06565988,0.04375849,0.03091032,0.02441807,0.02163683,0.02078441,0.02084694,0.02131358,0.02193947,0.02260755,0.02326157,0.0238752,0.02443734,0.02494481
Gram_error_fro,4.0,1,12,5,0.0,0.08784489,0.07304506,0.05779541,0.04624222,0.03733123,0.03025715,0.02458817,0.02004836,0.01642245,0.01352947,0.01121752,0.00936215,0.00786388,0.00664477,0.00564462
Gram_error_fro,0.0,1,12,2,0.0,0.0,0.0,0.0,0.0,0.0,0.0,0.0,0.0,0.0,0.0,0.0,0.0,0.0,0.0,0.0
Gram_error_fro,2.0,1,12,2,0.0,0.07910598,0.04985826,0.04216114,0.03873854,0.03569653,0.03258271,0.02947578,0.02648584,0.02368389,0.02110476,0.01875916,0.0166433,0.01474544,0.01304988,0.0115394
Gram_error_fro,2.0,1,12,2,0.0,0.01722109,0.01613266,0.01789846,0.01851206,0.01818195,0.01729861,0.01613686,0.01486341,0.0135749,0.01232572,0.01114503,0.01004692,0.00903647,0.00811349,0.00727474
Gram_error_fro,2.0,1,12,2,0.0,0.01758241,0.00897502,0.00374295,0.00032819,0.00289888,0.0050471,0.00663418,0.00776482,0.00852982,0.00900532,0.00925413,0.0093274,0.0092664,0.00910417,0.00886697
Gram_error_fro,2.0,1,12,2,0.0,0.00496298,0.00258827,0.00359322,0.00445914,0.00490262,0.00503301,0.00496842,0.00478871,0.00454367,0.0042644,0.00397067,0.00367517,0.00338601,0.00310825,0.00284489
Gram_error_fro,2.0,1,12,2,0.0,0.03113602,0.03126655,0.02818925,0.02481468,0.02165363,0.0188218,0.01633138,0.01415993,0.01227423,0.01063973,0.00922412,0.00799849,0.00693746,0.00601901,0.00522409
Gram_error_fro,2.0,1,12,2,0.0,0.07140038,0.0488626,0.03995882,0.03472234,0.03055638,0.02691744,0.023682,0.02080789,0.01826546,0.0160252,0.01405695,0.01233106,0.0108195,0.00949643,0.00833852
Gram_error_fro,2.0,1,12,2,0.0,0.06248687,0.04152626,0.03153096,0.02581571,0.0219266,0.01898906,0.01661728,0.01462156,0.01290188,0.01140083,0.01008184,0.00891891,0.00789184,0.00698397,0.00618107
Gram_error_fro,4.0,1,12,2,0.0,0.07865126,0.03576977,0.02410616,0.01949039,0.0161596,0.01335587,0.01096177,0.00893323,0.00723153,0.00581732,0.0046524,0.00370165,0.0029341,0.00232328,0.001847
Gram_error_fro,2.0,1,12,2,0.0,0.02653959,0.02103332,0.01852966,0.01663598,0.01495572,0.01342429,0.01203359,0.01077876,0.00965105,0.00863954,0.00773289,0.00692039,0.00619222,0.00553959,0.00495461
Gram_error_fro,2.0,1,12,2,0.0,0.02954988,0.01910865,0.01261144,0.00961388,0.00905239,0.00937024,0.00968778,0.0097672,0.00960876,0.00927012,0.00881105,0.00827993,0.00771261,0.00713451,0.00656309
Gram_error_fro,2.0,1,12,2,0.0,0.09982284,0.07197398,0.05599679,0.04492607,0.0364592,0.02980856,0.02452867,0.02030442,0.01690045,0.01413873,0.01188363,0.01003115,0.00850091,0.00723037,0.00617043
Gram_error_fro,2.0,1,12,2,0.0,0.0436798,0.03554132,0.03092347,0.02750013,0.02455488,0.02191643,0.01953955,0.01740503,0.0154959,0.01379347,0.01227813,0.01093055,0.00973244,0.00866709,0.0077194
Gram_error_fro,4.0,1,12,2,0.0,0.06377187,0.04433492,0.03535433,0.03004139,0.02616724,0.02305085,0.02042246,0.01815023,0.01615905,0.01440064,0.01284075,0.01145318,0.01021676,0.00911379,0.00812915
Gram_error_fro,2.0,1,12,2,0.0,0.01767138,0.01576174,0.01767393,0.0185084,0.01831938,0.01749879,0.01634635,0.01505174,0.01372788,0.01243928,0.01122084,0.01008946,0.00905136,0.00810642,0.00725101
Gram_error_fro,2.0,1,12,2,0.0,0.00496298,0.00258827,0.00405026,0.00559013,0.00662456,0.00717031,0.00735077,0.00728106,0.00704827,0.00671432,0.00632223,0.00590152,0.00547217,0.00504752,0.00463624
Gram_error_fro,0.0,1,12,3,0.0,0.0,0.0,0.0,0.0,0.0,0.0,0.0,0.0,0.0,0.0,0.0,0.0,0.0,0.0,0.0
Gram_error_fro,2.0,1,12,3,0.0,0.02294166,0.01508808,0.01075763,0.00816292,0.00653763,0.00546126,0.00471708,0.00418206,0.00377926,0.00345962,0.0031925,0.00295932,0.00274905,0.00255529,0.00237434
Gram_error_fro,2.0,1,12,3,0.0,0.08650502,0.05127878,0.0289638,0.01823286,0.01305097,0.01023508,0.00844723,0.00716485,0.0061741,0.00537514,0.00471355,0.00415551,0.00367823,0.00326547,0.00290533
Gram_error_fro,0.0,1,12,3,0.0,0.0,0.0,0.0,0.0,0.0,0.0,0.0,0.0,0.0,0.0,0.0,0.0,0.0,0.0,0.0
Gram_error_fro,0.0,1,12,3,0.0,0.0,0.0,0.0,0.0,0.0,0.0,0.0,0.0,0.0,0.0,0.0,0.0,0.0,0.0,0.0
Gram_error_fro,0.0,1,12,3,0.0,0.0,0.0,0.0,0.0,0.0,0.0,0.0,0.0,0.0,0.0,0.0,0.0,0.0,0.0,0.0
Gram_error_fro,2.0,1,12,3,0.0,0.11441343,0.10056026,0.08095721,0.06433613,0.05105284,0.0406144,0.03245346,0.02607029,0.02106088,0.01711084,0.01397949,0.01148362,0.00948366,0.00787282,0.00656903
Gram_error_fro,2.0,1,12,3,0.0,0.0715513,0.06103983,0.05213912,0.04444535,0.03784527,0.0322508,0.02753459,0.02356219,0.0202112,0.01737711,0.01497303,0.01292754,0.0111821,0.00968865,0.00840767
Gram_error_fro,2.0,1,12,3,0.0,0.0697306,0.06199012,0.05029215,0.04069834,0.03315926,0.02722845,0.02252984,0.0187749,0.01574653,0.01328227,0.01126035,0.00958891,0.00819796,0.0070336,0.00605383
Gram_error_fro,4.0,1,12,3,0.0,0.04110113,0.02914336,0.02157373,0.01695362,0.01367335,0.01117771,0.00925035,0.00775705,0.00659302,0.00567522,0.00494004,0.00434029,0.00384168,0.00341963,0.00305659
Gram_error_fro,2.0,1,12,3,0.0,0.00050976,0.00024269,0.00024026,0.00026983,0.00025285,0.00021399,0.00021846,0.00029577,0.00040599,0.0005165,0.00061317,0.00069077,0.00074829,0.00078687,0.00080863
Gram_error_fro,4.0,1,12,3,0.0,0.10708941,0.08387549,0.06815322,0.05584593,0.04596349,0.03801296,0.03160727,0.02642637,0.02221308,0.0187654,0.01592629,0.0135739,0.01161337,0.00997049,0.00858684
Gram_error_fro,4.0,1,12,3,0.0,0.1080936,0.08636767,0.06858899,0.05591916,0.04627061,0.03862197,0.03243654,0.02737506,0.02319827,0.01972841,0.01682975,0.01439681,0.01234643,0.01061231,0.00914107
Gram_error_fro,6.0,1,12,3,0.0,0.09265592,0.07073417,0.05414141,0.04252653,0.03420802,0.02799067,0.02318153,0.01937275,0.01630593,0.01380555,0.0117465,0.01003661,0.00860647,0.00740293,0.00638466
Gram_error_fro,2.0,1,12,3,0.0,0.05746477,0.05551254,0.04919174,0.04367643,0.03895629,0.03481149,0.03113218,0.02785507,0.02493229,0.02232332,0.01999296,0.01791038,0.01604843,0.01438305,0.01289291
Gram_error_fro,0.0,1,12,3,0.0,0.0,0.0,0.0,0.0,0.0,0.0,0.0,0.0,0.0,0.0,0.0,0.0,0.0,0.0,0.0
Gram_error_fro,0.0,1,12,2,0.0,0.0,0.0,0.0,0.0,0.0,0.0,0.0,0.0,0.0,0.0,0.0,0.0,0.0,0.0,0.0
Gram_error_fro,2.0,1,12,2,0.0,0.00802834,0.00810393,0.00719401,0.00620434,0.00539584,0.00474922,0.00421526,0.00375942,0.00336145,0.00300947,0.002696,0.00241579,0.00216487,0.00193997,0.0017383
Gram_error_fro,2.0,1,12,2,0.0,0.02857448,0.02080992,0.01646912,0.01360096,0.01150807,0.00985944,0.0084997,0.00735083,0.00636817,0.00552219,0.00479116,0.00415799,0.00360869,0.00313165,0.00271704
Gram_error_fro,2.0,1,12,2,0.0,0.03506982,0.02378799,0.01988535,0.01726883,0.01503612,0.01305652,0.01131055,0.00978323,0.0084541,0.0073006,0.00630086,0.00543495,0.00468523,0.00403631,0.00347481
Gram_error_fro,2.0,1,12,2,0.0,0.00874151,0.0086765,0.00841932,0.00774986,0.00703192,0.00634427,0.00570107,0.00510542,0.00455859,0.00406066,0.00361044,0.00320571,0.00284349,0.00252045,0.00223311
Gram_error_fro,2.0,1,12,2,0.0,0.0168673,0.01081987,0.00801439,0.00610051,0.00461451,0.00344388,0.00252708,0.0018147,0.00126631,0.00085071,0.00054701,0.00034869,0.0002651,0.00027807,0.00032522
Gram_error_fro,2.0,1,12,2,0.0,0.04516864,0.02777081,0.01860984,0.01296483,0.00908195,0.00632835,0.0043679,0.00297868,0.00200607,0.00134364,0.00092085,0.0006884,0.00059398,0.0005733,0.00057599
Gram_error_fro,2.0,1,12,2,0.0,0.00802834,0.00810393,0.00719401,0.00620434,0.00539584,0.00474922,0.00421526,0.00375942,0.00336145,0.00300947,0.002696,0.00241579,0.00216487,0.00193997,0.0017383
Gram_error_fro,4.0,1,12,2,0.0,0.06472958,0.03770898,0.02832514,0.02365119,0.02054999,0.01817354,0.01622468,0.01457176,0.01314246,0.01189035,0.01078279,0.00979573,0.00891091,0.0081141,0.00739405
Gram_error_fro,4.0,1,12,2,0.0,0.043383,0.02650405,0.01769859,0.01228017,0.00856571,0.00591437,0.00399771,0.00261388,0.00162952,0.00096231,0.00058791,0.00050926,0.00059094,0.00068609,0.00075253
Gram_error_fro,2.0,1,12,2,0.0,0.02857448,0.0146673,0.00944431,0.00683014,0.00523365,0.00415008,0.0033684,0.00278212,0.00232994,0.00197334,0.00168675,0.00145258,0.00125846,0.00109553,0.00095732
Gram_error_fro,2.0,1,12,2,0.0,0.00176179,0.00038394,0.00096191,0.00195505,0.00258857,0.00293314,0.00307311,0.0030763,0.00299131,0.00285164,0.00268006,0.00249205,0.00229811,0.00210531,0.00191832
Gram_error_fro,4.0,1,12,2,0.0,0.05707242,0.03225594,0.02238073,0.01689763,0.01314044,0.01034365,0.00819295,0.00651504,0.00519627,0.00415541,0.00333203,0.00268011,0.00216413,0.00175637,0.00143495
Gram_error_fro,4.0,1,12,2,0.0,0.08269572,0.06195093,0.04832653,0.03848866,0.0308393,0.02478432,0.01997506,0.01614903,0.01309774,0.01065619,0.00869506,0.00711362,0.00583353,0.00479374,0.00394655
Gram_error_fro,6.0,1,12,2,0.0,0.09019428,0.07181278,0.06236236,0.05506748,0.04860821,0.04276796,0.0375294,0.03288076,0.02878819,0.02520277,0.02206998,0.0193359,0.01695036,0.01486831,0.01304997
Gram_error_fro,4.0,2,12,2,0.0,0.06240352,0.03779059,0.02757334,0.02213338,0.01872506,0.0164819,0.01500392,0.01405108,0.01345994,0.01311488,0.0129344,0.01286207,0.01285942,0.01290057,0.01296818
Gram_error_fro,0.0,1,12,3,0.0,0.0,0.0,0.0,0.0,0.0,0.0,0.0,0.0,0.0,0.0,0.0,0.0,0.0,0.0,0.0
Gram_error_fro,2.0,1,12,3,0.0,0.02469447,0.01477928,0.01100078,0.00874961,0.00713883,0.00587879,0.00485532,0.00401377,0.00332048,0.00275023,0.00228221,0.00189876,0.00158486,0.00132786,0.00111718
Gram_error_fro,2.0,1,12,3,0.0,0.01303846,0.01062209,0.01126359,0.01085552,0.01006383,0.00918456,0.00830555,0.00746319,0.00667626,0.00595369,0.00529807,0.00470806,0.00418004,0.00370928,0.0032906
Gram_error_fro,2.0,1,12,3,0.0,0.01221816,0.00914919,0.00949702,0.00896247,0.00802567,0.00702187,0.00608053,0.00524256,0.00451362,0.00388611,0.00334824,0.00288774,0.00249328,0.00215497,0.00186434
Gram_error_fro,2.0,1,12,3,0.0,0.02344883,0.01440368,0.01163597,0.01000878,0.0087304,0.00761718,0.00662729,0.00575105,0.00498224,0.00431261,0.00373226,0.00323073,0.00279792,0.00242455,0.00210234
Gram_error_fro,2.0,1,12,3,0.0,0.04096087,0.02955433,0.02247426,0.01817434,0.01513924,0.01282994,0.01100566,0.00952781,0.00830675,0.00728164,0.00640998,0.00566126,0.00501299,0.00444812,0.00395342
Gram_error_fro,2.0,1,12,3,0.0,0.04836813,0.02346078,0.01364219,0.00896739,0.006309,0.00464153,0.00353361,0.00276438,0.00220891,0.0017935,0.00147356,0.00122139,0.0010192,0.00085505,0.0007206
Gram_error_fro,2.0,1,12,3,0.0,0.05163489,0.03811035,0.02637627,0.01843084,0.01318841,0.00967098,0.00724725,0.00553194,0.004289,0.00337009,0.00267907,0.0021517,0.00174397,0.00142505,0.00117295
Gram_error_fro,2.0,2,12,3,0.0,0.06312339,0.02412643,0.01466921,0.013769,0.01421914,0.01480769,0.01535276,0.0158303,0.0162446,0.01660449,0.01691824,0.01719272,0.01743343,0.01764484,0.01783063
Gram_error_fro,2.0,1,12,3,0.0,0.05345606,0.02364135,0.01238568,0.00774447,0.00536281,0.00392581,0.00296898,0.0022934,0.00179853,0.00142679,0.00114229,0.00092141,0.00074793,0.0006104,0.00050054
Gram_error_fro,2.0,1,12,3,0.0,0.05877411,0.02899397,0.0189361,0.014304,0.01139875,0.00930009,0.00769358,0.00642826,0.00541343,0.00458816,0.00390937,0.00334564,0.00287364,0.00247571,0.00213827
Gram_error_fro,2.0,1,12,3,0.0,0.07199948,0.04995486,0.03345722,0.02375306,0.0177757,0.01374508,0.01083362,0.00864161,0.00695056,0.00562571,0.0045766,0.00373918,0.00306655,0.00252353,0.00208326
Gram_error_fro,4.0,1,12,3,0.0,0.0774713,0.05229672,0.0343359,0.02280695,0.01539412,0.01056929,0.00738924,0.00527622,0.00387038,0.00293947,0.00232612,0.00191941,0.00164133,0.00143968,0.00128224
Gram_error_fro,2.0,1,12,3,0.0,0.08869917,0.04954328,0.03323811,0.02475104,0.0193389,0.01549729,0.01261551,0.01038309,0.00861624,0.00719572,0.00603969,0.00508981,0.00430328,0.00364797,0.00309923
Gram_error_fro,2.0,1,12,3,0.0,0.05390328,0.0307469,0.02187016,0.01736131,0.01438754,0.01215478,0.01038088,0.0089316,0.00772736,0.00671475,0.00585547,0.00512099,0.00448944,0.00394375,0.0034703
Gram_error_fro,4.0,2,12,3,0.0,0.06008953,0.03875423,0.03164779,0.02828324,0.02607826,0.0244406,0.02317856,0.02219672,0.02143203,0.02083756,0.02037687,0.02002137,0.0197485,0.01954048,0.01938326
Gram_error_fro,0.0,1,12,2,0.0,0.0,0.0,0.0,0.0,0.0,0.0,0.0,0.0,0.0,0.0,0.0,0.0,0.0,0.0,0.0
Gram_error_fro,0.0,1,12,2,0.0,0.0,0.0,0.0,0.0,0.0,0.0,0.0,0.0,0.0,0.0,0.0,0.0,0.0,0.0,0.0
Gram_error_fro,2.0,1,12,2,0.0,0.01081903,0.00719242,0.00424743,0.00218944,0.00103006,0.00090093,0.0011943,0.00141348,0.00152066,0.00154501,0.0015145,0.00144955,0.00136419,0.00126797,0.0011673
Gram_error_fro,2.0,1,12,2,0.0,0.09285673,0.05226919,0.0343061,0.02573452,0.02041659,0.01659195,0.01366309,0.01135564,0.00950838,0.00801242,0.00678927,0.0057806,0.00494235,0.00424086,0.00365013
Gram_error_fro,2.0,1,12,2,0.0,0.0138303,0.00896349,0.00702014,0.00591974,0.00516894,0.00459281,0.00411597,0.00370337,0.00333782,0.00301015,0.00271482,0.00244796,0.00220655,0.00198804,0.00179021
Gram_error_fro,2.0,2,12,2,0.0,0.04417809,0.03993297,0.03265244,0.02590468,0.02011809,0.01528808,0.0113271,0.00816936,0.00583618,0.00449059,0.00427465,0.00488306,0.00581785,0.00680165,0.00773017
Gram_error_fro,2.0,1,12,2,0.0,0.00798322,0.00527526,0.00392545,0.00344473,0.00326206,0.00315231,0.0030416,0.00291145,0.00276211,0.00259912,0.00242861,0.00225582,0.0020848,0.00191852,0.00175899
Gram_error_fro,4.0,1,12,2,0.0,0.07921982,0.05874498,0.04679292,0.03840997,0.031822,0.02647678,0.02210261,0.01851046,0.01555144,0.01310552,0.01107613,0.00938589,0.00797289,0.00678752,0.0057899
Gram_error_fro,4.0,1,12,2,0.0,0.05176139,0.05677578,0.05574368,0.05270126,0.0490661,0.04528778,0.04155441,0.03796752,0.03458466,0.03143497,0.02852865,0.02586372,0.02343083,0.02121651,0.01920529
Gram_error_fro,4.0,2,12,2,0.0,0.06333787,0.04580138,0.03423819,0.02681499,0.02192092,0.01872967,0.01670205,0.01544821,0.01469126,0.01424444,0.01398774,0.01384662,0.01377562,0.01374719,0.01374463
Gram_error_fro,2.0,2,12,2,0.0,0.02727391,0.02337204,0.01854304,0.01386546,0.0097771,0.00636488,0.00365383,0.0020006,0.00237848,0.0037232,0.00507328,0.00627974,0.00733318,0.00824752,0.00904016
Gram_error_fro,2.0,1,12,2,0.0,0.1038426,0.08162929,0.06561784,0.0539084,0.04479131,0.03754143,0.03170887,0.02696677,0.02307169,0.0198417,0.01713999,0.0148627,0.01293009,0.01128016,0.00986419
Gram_error_fro,4.0,1,12,2,0.0,0.06422802,0.04621048,0.03416235,0.02601901,0.02009766,0.01567838,0.01234714,0.00981759,0.00788215,0.00638937,0.00522842,0.00431792,0.00359771,0.00302305,0.00256039
Gram_error_fro,2.0,1,12,2,0.0,0.00530011,0.00285875,0.00153777,0.00056015,0.00067734,0.00127345,0.00174427,0.00208138,0.00230906,0.0024506,0.00252511,0.00254784,0.00253088,0.0024838,0.00241423
Gram_error_fro,4.0,1,12,2,0.0,0.05983319,0.04876851,0.03927772,0.03199057,0.0262451,0.02167062,0.01800505,0.01504681,0.01264104,0.01066971,0.00904286,0.00769162,0.00656279,0.00561492,0.00481538
Gram_error_fro,2.0,1,12,2,0.0,0.04096997,0.03720814,0.03403226,0.03098067,0.02805558,0.02530329,0.02275007,0.0204064,0.01827217,0.01634026,0.01459921,0.01303513,0.01163321,0.01037857,0.00925691
Gram_error_fro,0.0,1,12,4,0.0,0.0,0.0,0.0,0.0,0.0,0.0,0.0,0.0,0.0,0.0,0.0,0.0,0.0,0.0,0.0
Gram_error_fro,2.0,1,12,4,0.0,0.03004055,0.02622418,0.02273862,0.02005374,0.01778588,0.01574696,0.01388421,0.01218907,0.01066016,0.00929322,0.00807994,0.00700927,0.00606874,0.00524556,0.00452722
Gram_error_fro,2.0,1,12,4,0.0,0.05394719,0.04303355,0.03259482,0.02533404,0.02009014,0.0160781,0.01291101,0.01037932,0.00834717,0.00671429,0.00540208,0.00434761,0.00350025,0.00281923,0.0022718
Gram_error_fro,2.0,1,12,4,0.0,0.08929392,0.06025219,0.03758105,0.02367114,0.01543105,0.01050528,0.00746438,0.00549605,0.00415419,0.00319631,0.00248806,0.00195144,0.00153822,0.00121663,0.00096459
Gram_error_fro,2.0,1,12,4,0.0,0.05771133,0.04205127,0.02897534,0.02003586,0.01431974,0.01066283,0.00821511,0.00647372,0.00516813,0.0041543,0.00335086,0.00270725,0.00218884,0.00177013,0.0014315
Gram_error_fro,2.0,1,12,4,0.0,0.02434104,0.02173523,0.01848005,0.01564196,0.01325033,0.01120055,0.00943362,0.00791706,0.00662472,0.00553064,0.00460905,0.00383558,0.00318813,0.00264723,0.00219604
Gram_error_fro,4.0,1,12,4,0.0,0.10032506,0.08519633,0.0705544,0.05863925,0.04872019,0.0404939,0.03372906,0.0281938,0.02366918,0.0199632,0.0169155,0.01439598,0.01230096,0.01054849,0.00907404
Gram_error_fro,2.0,1,12,4,0.0,0.0704102,0.05858288,0.04486566,0.03399816,0.02591424,0.0199266,0.01544248,0.01204037,0.00943049,0.00741126,0.00583906,0.00460912,0.0036435,0.00288338,0.00228378
Gram_error_fro,2.0,1,12,4,0.0,0.0444565,0.04250448,0.03431248,0.02658505,0.02046937,0.01580556,0.01225822,0.00954673,0.00746351,0.00585685,0.00461449,0.00365208,0.00290544,0.00232539,0.00187394
Gram_error_fro,2.0,1,12,4,0.0,0.09716952,0.093522,0.08090946,0.06742912,0.05547423,0.04552968,0.03744829,0.03092504,0.02565698,0.02138723,0.01790962,0.01506197,0.01271747,0.01077689,0.00916242
Gram_error_fro,4.0,1,12,4,0.0,0.08157847,0.0504058,0.02958025,0.01855165,0.01321083,0.01069423,0.00935853,0.00845477,0.00770463,0.00701854,0.00637221,0.00576177,0.00518869,0.00465499,0.00416188
Gram_error_fro,4.0,1,12,4,0.0,0.06482746,0.05081507,0.03661689,0.02677636,0.02008093,0.01535568,0.01189313,0.00928576,0.00728823,0.00574255,0.00454029,0.00360312,0.00287245,0.00230331,0.00186066
Gram_error_fro,4.0,1,12,4,0.0,0.03680385,0.02760938,0.02072521,0.01675593,0.01443113,0.01287171,0.0116538,0.01059656,0.00962939,0.0087278,0.007885,0.00710007,0.00637324,0.00570434,0.00509228
Gram_error_fro,4.0,1,12,4,0.0,0.06549893,0.05875346,0.049064,0.04046446,0.03338039,0.02766607,0.02308201,0.01939894,0.01642279,0.01399768,0.01200204,0.01034276,0.00894927,0.00776831,0.00675956
Gram_error_fro,4.0,1,12,4,0.0,0.13352866,0.08729852,0.05466003,0.03565632,0.02460501,0.01791751,0.01361251,0.01064483,0.00847439,0.00681818,0.00551965,0.00448487,0.00365233,0.00297866,0.00243159
Gram_error_fro,2.0,1,12,4,0.0,0.07982832,0.04456097,0.02666923,0.01871889,0.01453568,0.01181007,0.00977206,0.00814407,0.00680614,0.00569355,0.00476389,0.0039856,0.00333356,0.00278718,0.00232936
Gram_error_fro,0.0,1,12,2,0.0,0.0,0.0,0.0,0.0,0.0,0.0,0.0,0.0,0.0,0.0,0.0,0.0,0.0,0.0,0.0
Gram_error_fro,2.0,1,12,2,0.0,0.02427116,0.01814202,0.01437692,0.01265404,0.01139951,0.01029663,0.00929246,0.00837212,0.00752821,0.00675596,0.00605143,0.00541077,0.00482997,0.00430488,0.00383128
Gram_error_fro,2.0,1,12,2,0.0,0.01420869,0.01085634,0.00774318,0.0055039,0.0038573,0.00262181,0.00169222,0.00099689,0.00048321,0.00012731,0.00019779,0.0003833,0.0005148,0.00060141,0.00065352
Gram_error_fro,2.0,1,12,2,0.0,0.01472217,0.01088505,0.00802245,0.00613826,0.0048605,0.0039528,0.00328068,0.00276439,0.00235513,0.00202244,0.00174674,0.00151502,0.00131821,0.00114977,0.00100475
Gram_error_fro,0.0,1,12,2,0.0,0.0,0.0,0.0,0.0,0.0,0.0,0.0,0.0,0.0,0.0,0.0,0.0,0.0,0.0,0.0
Gram_error_fro,2.0,1,12,2,0.0,0.01420869,0.01085634,0.00796138,0.00581396,0.00417616,0.0029385,0.0020503,0.00148747,0.00122462,0.00118112,0.00123735,0.00131111,0.00136821,0.0013994,0.00140515
Gram_error_fro,2.0,1,12,2,0.0,0.0824548,0.05399849,0.04553318,0.04150964,0.03824071,0.03514037,0.03214571,0.02928257,0.0265836,0.02407115,0.02175548,0.01963707,0.01770962,0.01596263,0.01438335
Gram_error_fro,2.0,1,12,2,0.0,0.07008842,0.06580552,0.05861093,0.05076726,0.04336624,0.03683367,0.03123976,0.0265113,0.02253202,0.01918383,0.01636147,0.0139761,0.01195436,0.01023626,0.00877276
Gram_error_fro,2.0,1,12,2,0.0,0.06554357,0.06358424,0.05510233,0.04672748,0.03940165,0.03322897,0.02809382,0.02383008,0.0202796,0.01730885,0.01481008,0.01269781,0.01090432,0.00937577,0.008069
Gram_error_fro,4.0,1,12,2,0.0,0.09918451,0.07440876,0.06393045,0.05776687,0.05280886,0.04837063,0.04427451,0.04046891,0.03693812,0.03367494,0.03067161,0.02791755,0.02539942,0.02310206,0.02100937
Gram_error_fro,2.0,1,12,2,0.0,0.00839002,0.00266422,0.0025359,0.00294143,0.00310603,0.00311764,0.00303965,0.00290785,0.00274434,0.00256369,0.0023758,0.00218744,0.00200326,0.00182632,0.0016586
Gram_error_fro,4.0,1,12,2,0.0,0.0824548,0.05399849,0.04562459,0.04168123,0.0384736,0.03542485,0.03247502,0.02965024,0.02698293,0.02449539,0.02219809,0.02009195,0.01817122,0.01642605,0.01484433
Gram_error_fro,2.0,1,12,2,0.0,0.01420869,0.01085634,0.00776585,0.00558021,0.00406904,0.00303109,0.00232232,0.00183774,0.0015019,0.00126258,0.00108523,0.00094789,0.00083698,0.00074425,0.00066465
Gram_error_fro,4.0,1,12,2,0.0,0.10823994,0.0823202,0.0652983,0.0529416,0.0433193,0.03568223,0.02957513,0.02465923,0.02067293,0.01741497,0.01473147,0.01250499,0.01064554,0.00908372,0.0077655
Gram_error_fro,4.0,1,12,2,0.0,0.08159432,0.05368792,0.0404695,0.03269587,0.02710899,0.02277004,0.01931221,0.01652686,0.01426489,0.01241157,0.01087788,0.00959517,0.00851084,0.00758472,0.00678608
Gram_error_fro,4.0,1,12,2,0.0,0.07395523,0.06610862,0.05545668,0.04563568,0.03748207,0.03091088,0.02564395,0.02140797,0.01797725,0.01517562,0.01286839,0.01095319,0.00935206,0.00800516,0.00686615
Gram_error_fro,0.0,1,12,3,0.0,0.0,0.0,0.0,0.0,0.0,0.0,0.0,0.0,0.0,0.0,0.0,0.0,0.0,0.0,0.0
Gram_error_fro,2.0,2,12,3,0.0,0.03580734,0.02446838,0.01867751,0.01603568,0.01499927,0.01474265,0.01485611,0.01513688,0.01548337,0.01584446,0.01619479,0.01652238,0.01682228,0.01709324,0.01733596
Gram_error_fro,2.0,1,12,3,0.0,0.03540855,0.01465493,0.007485,0.00463095,0.0032706,0.00252449,0.00206475,0.00175224,0.00152219,0.00134195,0.0011939,0.00106804,0.00095843,0.00086144,0.00077473
Gram_error_fro,2.0,1,12,3,0.0,0.01422436,0.0121644,0.01287655,0.01240386,0.01133085,0.01011347,0.00893353,0.00785385,0.00689032,0.00604054,0.00529543,0.0046439,0.00407487,0.00357802,0.00314408
Gram_error_fro,2.0,1,12,3,0.0,0.04296408,0.0285169,0.02052873,0.01571477,0.01245718,0.01006664,0.00822768,0.00677468,0.00560797,0.00466119,0.00388712,0.00325073,0.00272528,0.00228994,0.00192827
Gram_error_fro,0.0,1,12,3,0.0,0.0,0.0,0.0,0.0,0.0,0.0,0.0,0.0,0.0,0.0,0.0,0.0,0.0,0.0,0.0
Gram_error_fro,4.0,2,12,3,0.0,0.07154978,0.0456614,0.03439101,0.02875236,0.02553619,0.02350554,0.02214058,0.02119122,0.02051919,0.02003962,0.01969668,0.01945208,0.01927884,0.01915759,0.01907429
Gram_error_fro,2.0,2,12,3,0.0,0.06150736,0.04448837,0.03468202,0.02921457,0.02567055,0.0232157,0.0215012,0.02031588,0.01950891,0.01897044,0.01862161,0.01840627,0.01828458,0.01822811,0.01821649
Gram_error_fro,2.0,1,12,3,0.0,0.07281816,0.06290989,0.04980947,0.03895136,0.03044087,0.02386154,0.01878676,0.0148615,0.01180993,0.00942365,0.00754665,0.00606216,0.00488235,0.00394067,0.00318629
Gram_error_fro,0.0,1,12,3,0.0,0.0,0.0,0.0,0.0,0.0,0.0,0.0,0.0,0.0,0.0,0.0,0.0,0.0,0.0,0.0
Gram_error_fro,2.0,1,12,3,0.0,0.0568797,0.0407571,0.03054036,0.02395192,0.01921998,0.01563971,0.01285952,0.01066631,0.00891571,0.00750434,0.00635606,0.00541388,0.00463469,0.00398554,0.00344106
Gram_error_fro,2.0,1,12,3,0.0,0.06725387,0.04823411,0.03629925,0.02840288,0.02263803,0.018269,0.01489829,0.01226391,0.01018133,0.00851734,0.00717447,0.00608053,0.0051816,0.00443695,0.00381555
Gram_error_fro,4.0,1,12,3,0.0,0.07839345,0.04995015,0.0331021,0.02284582,0.01631795,0.01201048,0.00909331,0.00707872,0.00566103,0.00464029,0.00388373,0.00330383,0.0028439,0.00246777,0.0021525
Gram_error_fro,2.0,1,12,3,0.0,0.01912195,0.01444626,0.01226273,0.01081176,0.00971842,0.00881964,0.00803851,0.00733833,0.00670084,0.00611618,0.0055785,0.00508376,0.00462882,0.00421098,0.00382772
Gram_error_fro,2.0,1,12,3,0.0,0.08006981,0.05545432,0.03753918,0.02602724,0.01839248,0.01314942,0.00945056,0.00679126,0.00485589,0.00343757,0.00239534,0.00163022,0.00107138,0.00066789,0.00038477
Gram_error_fro,4.0,1,12,3,0.0,0.02572025,0.01828004,0.01448422,0.01146019,0.00899536,0.00711134,0.00572567,0.00471822,0.00397715,0.00341538,0.00297222,0.00260857,0.00230053,0.00203377,0.00179968
Gram_error_fro,0.0,1,12,4,0.0,0.0,0.0,0.0,0.0,0.0,0.0,0.0,0.0,0.0,0.0,0.0,0.0,0.0,0.0,0.0
Gram_error_fro,0.0,1,12,4,0.0,0.0,0.0,0.0,0.0,0.0,0.0,0.0,0.0,0.0,0.0,0.0,0.0,0.0,0.0,0.0
Gram_error_fro,2.0,1,12,4,0.0,0.05365776,0.04756233,0.0373387,0.02877611,0.02243241,0.01784104,0.01450209,0.01204011,0.0101906,0.00876933,0.00764869,0.00674114,0.00598721,0.00534674,0.00479261
Gram_error_fro,2.0,1,12,4,0.0,0.05383914,0.04069015,0.0282961,0.01979465,0.01425584,0.01063634,0.00823951,0.00662863,0.00552356,0.00474069,0.00416058,0.00370778,0.00333624,0.0030186,0.0027389
Gram_error_fro,2.0,1,12,4,0.0,0.05963144,0.05109603,0.03945854,0.03052509,0.02392536,0.01891634,0.01502932,0.01198196,0.0095835,0.00769184,0.00619657,0.00501117,0.00406811,0.00331496,0.00271107
Gram_error_fro,2.0,1,12,4,0.0,0.05668058,0.05075526,0.04062379,0.03214515,0.0256754,0.02073684,0.0169061,0.01389129,0.01149193,0.00956494,0.00800486,0.00673243,0.00568737,0.00482349,0.00410509
Gram_error_fro,4.0,1,12,4,0.0,0.09901939,0.07039634,0.04767437,0.033758,0.02553325,0.02034157,0.0167116,0.0139521,0.01174653,0.00993756,0.00843464,0.0071774,0.0061212,0.00523107,0.00447885
Gram_error_fro,4.0,2,12,4,0.0,0.08601548,0.06730432,0.04953775,0.0373589,0.0293845,0.02432328,0.02132999,0.0197817,0.01917435,0.01912296,0.01936633,0.01974501,0.0201691,0.02059103,0.02098755
Gram_error_fro,2.0,2,12,4,0.0,0.05035391,0.0363958,0.02646662,0.02073349,0.01808201,0.01724046,0.01727447,0.01767642,0.01821162,0.0187768,0.01932641,0.01984046,0.020311,0.02073605,0.02111668
Gram_error_fro,2.0,1,12,4,0.0,0.06685895,0.05659768,0.04742192,0.04016597,0.03422972,0.0293049,0.02519858,0.02176199,0.0188729,0.01643092,0.0143547,0.01257896,0.01105161,0.00973105,0.00858398
Gram_error_fro,4.0,1,12,4,0.0,0.05262962,0.04457128,0.03532726,0.02807634,0.02270387,0.01866482,0.01553661,0.01304857,0.01103034,0.00937019,0.00799078,0.00683593,0.00586332,0.00504023,0.00434084
Gram_error_fro,4.0,1,12,4,0.0,0.05596903,0.03524926,0.02599362,0.02023499,0.01614821,0.01310709,0.01078589,0.00898064,0.0075537,0.00640888,0.00547766,0.00471058,0.0040715,0.00353373,0.00307726
Gram_error_fro,2.0,1,12,4,0.0,0.07857608,0.0438679,0.02481429,0.01590407,0.01169972,0.00948498,0.00807057,0.00699678,0.00609839,0.00531616,0.0046268,0.00401859,0.00348336,0.00301399,0.00260375
Gram_error_fro,2.0,1,12,4,0.0,0.10271615,0.06830073,0.04478349,0.0308678,0.02240726,0.01695444,0.01321306,0.01050996,0.00848364,0.00692589,0.00570679,0.00473956,0.00396337,0.00333418,0.00281948
Gram_error_fro,4.0,2,12,4,0.0,0.09164004,0.07571464,0.05991981,0.04861018,0.04081205,0.03540131,0.03162243,0.02898697,0.0271624,0.02591172,0.02506344,0.02449434,0.02411722,0.0238713,0.0237147
Gram_error_fro,4.0,1,12,4,0.0,0.08071707,0.05689827,0.0418999,0.03270498,0.02661324,0.02226179,0.01894901,0.01630988,0.01414516,0.01233649,0.0108066,0.00950097,0.00837898,0.00740925,0.00656701
Gram_error_fro,0.0,1,12,4,0.0,0.0,0.0,0.0,0.0,0.0,0.0,0.0,0.0,0.0,0.0,0.0,0.0,0.0,0.0,0.0
Gram_error_fro,2.0,1,12,4,0.0,0.01101093,0.00979265,0.0112202,0.01184129,0.011662,0.01106829,0.01030497,0.00949442,0.0086927,0.00792468,0.00720125,0.00652696,0.00590322,0.00532964,0.00480472
Gram_error_fro,2.0,1,12,4,0.0,0.0401463,0.02471928,0.01820019,0.01496939,0.01283637,0.01116975,0.00977194,0.00856741,0.00751879,0.00660246,0.00580074,0.00509904,0.00448479,0.003947,0.00347597
Gram_error_fro,2.0,1,12,4,0.0,0.0473717,0.04008906,0.03414926,0.02962473,0.0257963,0.02243852,0.01948505,0.0169016,0.01465535,0.01271099,0.01103252,0.00958539,0.0083379,0.00726182,0.00633257
Gram_error_fro,2.0,1,12,4,0.0,0.06508168,0.04735743,0.03278579,0.02319365,0.01681301,0.01246138,0.00942454,0.00726016,0.00568676,0.00452122,0.00364226,0.00296824,0.00244334,0.0020288,0.00169728
Gram_error_fro,2.0,1,12,4,0.0,0.0473717,0.04008906,0.03414926,0.02962473,0.0257963,0.02243852,0.01948505,0.0169016,0.01465535,0.01271099,0.01103252,0.00958539,0.0083379,0.00726182,0.00633257
Gram_error_fro,2.0,1,12,4,0.0,0.04163966,0.02566753,0.01960614,0.01646235,0.01427769,0.01251694,0.01101339,0.00970436,0.00855754,0.0075502,0.0066637,0.00588215,0.00519201,0.00458182,0.00404184
Gram_error_fro,4.0,2,12,4,0.0,0.05749155,0.03697407,0.02861628,0.02408547,0.02137052,0.01978668,0.01898766,0.01872306,0.01879638,0.01906401,0.0194299,0.01983421,0.02024172,0.02063285,0.02099757
Gram_error_fro,2.0,1,12,4,0.0,0.02529468,0.01380905,0.00964432,0.00742326,0.00590717,0.004821,0.00404292,0.00348713,0.00308634,0.00278852,0.00255571,0.00236215,0.00219164,0.00203479,0.0018866
Gram_error_fro,4.0,1,12,4,0.0,0.06088194,0.04868699,0.03956589,0.03315752,0.02829051,0.02438939,0.02116149,0.01843627,0.01610471,0.01409282,0.01234756,0.01082876,0.00950455,0.00834864,0.00733882
Gram_error_fro,4.0,1,12,4,0.0,0.0461355,0.04035553,0.03520102,0.03093229,0.02718119,0.02381477,0.02079483,0.01810658,0.01573431,0.01365627,0.01184603,0.01027505,0.00891492,0.00773882,0.0067223
Gram_error_fro,4.0,2,12,4,0.0,0.07944162,0.05297382,0.03631963,0.02761029,0.02268922,0.01989122,0.01849165,0.0180086,0.01807173,0.0184218,0.01889823,0.01941066,0.019912,0.02037987,0.02080528
Gram_error_fro,4.0,2,12,4,0.0,0.09357351,0.06438222,0.04632311,0.03562322,0.02880482,0.02446812,0.02187536,0.02048904,0.01988511,0.01975157,0.01988006,0.02014174,0.02046112,0.0207957,0.02112248
Gram_error_fro,4.0,1,12,4,0.0,0.11079215,0.08370556,0.06269721,0.04941052,0.04035148,0.03368575,0.02852435,0.02439495,0.0210184,0.01821495,0.01586125,0.01386857,0.01217068,0.01071665,0.00946634
Gram_error_fro,4.0,1,12,4,0.0,0.05621463,0.04300614,0.03616866,0.0305859,0.0259395,0.02208425,0.01887481,0.01618666,0.01392065,0.01199956,0.01036316,0.008964,0.00776407,0.00673251,0.00584392
Gram_error_fro,2.0,1,12,4,0.0,0.11467534,0.08409527,0.06179718,0.0463359,0.03530063,0.02725847,0.02130612,0.01684154,0.01345118,0.01084591,0.00882104,0.00723018,0.00596759,0.00495607,0.00413868
Gram_error_fro,0.0,1,12,5,0.0,0.0,0.0,0.0,0.0,0.0,0.0,0.0,0.0,0.0,0.0,0.0,0.0,0.0,0.0,0.0
Gram_error_fro,2.0,1,12,5,0.0,0.09400512,0.07996456,0.0588154,0.04234465,0.03071518,0.02260774,0.01690226,0.0128297,0.00988224,0.0077224,0.00612147,0.00492129,0.00401062,0.00331037,0.00276401
Gram_error_fro,2.0,1,12,5,0.0,0.06018843,0.05320739,0.04486111,0.03739634,0.03101105,0.02577589,0.02157952,0.01822857,0.01553082,0.0133291,0.01150576,0.00997576,0.008678,0.00756791,0.00661226
Gram_error_fro,2.0,1,12,5,0.0,0.0235819,0.02257559,0.01996071,0.01736797,0.0150322,0.01297087,0.01117873,0.00963877,0.0083236,0.00720139,0.00624138,0.0054167,0.00470521,0.00408915,0.00355428
Gram_error_fro,2.0,1,12,5,0.0,0.05614503,0.04215009,0.02930895,0.02075411,0.01530291,0.01180118,0.00947375,0.0078467,0.0066429,0.00570388,0.00493948,0.00429779,0.0037481,0.00327141,0.00285519
Gram_error_fro,2.0,1,12,5,0.0,0.04181442,0.02535272,0.01771322,0.01389351,0.01160184,0.01000756,0.00877157,0.0077478,0.00686813,0.00609669,0.00541226,0.00480112,0.00425378,0.00376324,0.00332392
Gram_error_fro,2.0,1,12,5,0.0,0.05614503,0.04215009,0.02930895,0.02075411,0.01530291,0.01180118,0.00947375,0.0078467,0.0066429,0.00570388,0.00493948,0.00429779,0.0037481,0.00327141,0.00285519
Gram_error_fro,2.0,1,12,5,0.0,0.08547716,0.07148791,0.05718963,0.04509453,0.0354841,0.02812564,0.0225619,0.01834051,0.01509722,0.01256356,0.01054939,0.00892186,0.00758795,0.00648173,0.00555555
Gram_error_fro,4.0,1,12,5,0.0,0.07813895,0.05496812,0.03657573,0.02469678,0.01725706,0.01253734,0.009472,0.00742982,0.00602806,0.00502862,0.00428305,0.00370022,0.00322527,0.0028256,0.00248171
Gram_error_fro,4.0,1,12,5,0.0,0.06868987,0.06709999,0.05855044,0.04924902,0.0406681,0.03329743,0.02720772,0.02227897,0.01832593,0.01516062,0.01261806,0.01056341,0.00889052,0.00751754,0.0063819
Gram_error_fro,2.0,1,12,5,0.0,0.08234659,0.08298079,0.07205422,0.05994112,0.04929069,0.04058701,0.0336411,0.02811003,0.02367211,0.02007121,0.01711527,0.0146629,0.01260975,0.01087783,0.00940781
Gram_error_fro,4.0,1,12,5,0.0,0.09064408,0.07653667,0.06005947,0.04687238,0.03687766,0.02939771,0.0237839,0.01952304,0.01623757,0.01365917,0.01159995,0.00992855,0.00855243,0.00740548,0.00643964
Gram_error_fro,2.0,1,12,5,0.0,0.08099678,0.0595323,0.04331496,0.03245889,0.02494919,0.01962972,0.01577962,0.01292576,0.01075512,0.00906118,0.00770764,0.00660391,0.00568882,0.00492013,0.00426788
Gram_error_fro,2.0,1,12,5,0.0,0.07854265,0.07954077,0.06944508,0.05778164,0.04721681,0.03837357,0.03120975,0.02548208,0.02091634,0.01726733,0.01433462,0.01196109,0.01002594,0.00843694,0.0071236
Gram_error_fro,4.0,1,12,5,0.0,0.09136073,0.06515793,0.0447904,0.03234103,0.02436541,0.01884818,0.01482104,0.01179146,0.00947128,0.0076707,0.00625661,0.00513343,0.00423195,0.00350171,0.00290561
Gram_error_fro,2.0,1,12,5,0.0,0.07657638,0.07811875,0.06812154,0.05644981,0.04588774,0.0370636,0.02992869,0.02423888,0.0197214,0.01613153,0.01326751,0.01096957,0.0091138,0.007605,0.00637026
Gram_error_fro,0.0,1,12,2,0.0,0.0,0.0,0.0,0.0,0.0,0.0,0.0,0.0,0.0,0.0,0.0,0.0,0.0,0.0,0.0
Gram_error_fro,2.0,1,12,2,0.0,0.02733612,0.01322055,0.00890906,0.00677247,0.00538522,0.00437117,0.00358719,0.00296322,0.00245837,0.00204564,0.00170585,0.00142469,0.00119118,0.0009967,0.00083443
Gram_error_fro,2.0,1,12,2,0.0,0.01275137,0.01411056,0.01560584,0.016074,0.01580116,0.01506106,0.01407149,0.01297584,0.01186022,0.01077363,0.0097426,0.00878028,0.00789198,0.00707836,0.00633739
Gram_error_fro,2.0,1,12,2,0.0,0.03513038,0.02140788,0.01416159,0.00988499,0.0072258,0.00554442,0.00445946,0.00373047,0.003209,0.00280801,0.00247916,0.00219668,0.00194718,0.00172369,0.00152244
Gram_error_fro,0.0,1,12,2,0.0,0.0,0.0,0.0,0.0,0.0,0.0,0.0,0.0,0.0,0.0,0.0,0.0,0.0,0.0,0.0
Gram_error_fro,0.0,1,12,2,0.0,0.0,0.0,0.0,0.0,0.0,0.0,0.0,0.0,0.0,0.0,0.0,0.0,0.0,0.0,0.0
Gram_error_fro,4.0,1,12,2,0.0,0.01084834,0.00710225,0.00794889,0.00863353,0.00869176,0.00830634,0.00768675,0.00697337,0.00624652,0.00554854,0.00489986,0.00430883,0.00377716,0.00330307,0.00288294
Gram_error_fro,2.0,1,12,2,0.0,0.00729163,0.00209587,0.0013476,0.00133748,0.00124757,0.00110277,0.00095292,0.00081778,0.00070181,0.00060397,0.00052175,0.00045252,0.00039397,0.00034417,0.00030156
Gram_error_fro,2.0,1,12,2,0.0,0.02622246,0.01679933,0.01161503,0.00826174,0.00599216,0.00441634,0.00329547,0.00248106,0.00187931,0.00142914,0.00108939,0.00083143,0.0006348,0.00048461,0.00036979
Gram_error_fro,2.0,1,12,2,0.0,0.05804589,0.02130413,0.01053188,0.00691735,0.00527763,0.00428761,0.00356814,0.00299224,0.00251066,0.00210128,0.00175214,0.00145511,0.00120365,0.00099194,0.00081467
Gram_error_fro,2.0,1,12,2,0.0,0.06027206,0.05259651,0.04652845,0.04082322,0.03539491,0.03043307,0.02604105,0.02222888,0.01895556,0.01616021,0.01377875,0.01175133,0.01002509,0.0085545,0.0073009
Gram_error_fro,2.0,1,12,2,0.0,0.03918543,0.0258198,0.01912134,0.01496726,0.01194577,0.00959694,0.00772954,0.00623529,0.00503717,0.00407514,0.00330144,0.00267804,0.0021748,0.0017678,0.0014381
Gram_error_fro,4.0,1,12,2,0.0,0.06573362,0.04876018,0.03918102,0.03220403,0.02650439,0.02180098,0.01794903,0.01480926,0.01225063,0.01016022,0.00844582,0.00703404,0.005867,0.00489907,0.00409409
Gram_error_fro,4.0,1,12,2,0.0,0.04902227,0.04002063,0.03378873,0.02890617,0.02481481,0.02134412,0.01839643,0.01589088,0.01375638,0.01193204,0.01036708,0.00901985,0.00785634,0.00684879,0.00597432
Gram_error_fro,4.0,1,12,2,0.0,0.07506773,0.04331782,0.02966291,0.02180418,0.01655145,0.0127951,0.01000827,0.00789396,0.00626645,0.00500115,0.00401037,0.00323029,0.00261339,0.00212371,0.00173368
Gram_error_fro,4.0,1,12,2,0.0,0.06776088,0.0464802,0.03453783,0.02673532,0.02100324,0.0166303,0.01325426,0.01062889,0.00857206,0.00694792,0.00565545,0.00461955,0.00378405,0.00310659,0.00255488
Gram_error_fro,0.0,1,12,3,0.0,0.0,0.0,0.0,0.0,0.0,0.0,0.0,0.0,0.0,0.0,0.0,0.0,0.0,0.0,0.0
Gram_error_fro,2.0,2,12,3,0.0,0.04349685,0.02706359,0.02226242,0.02040387,0.01935089,0.01870374,0.01831553,0.0180999,0.01800016,0.01797776,0.01800586,0.0180656,0.01814368,0.01823081,0.01832061
Gram_error_fro,2.0,1,12,3,0.0,0.01640351,0.00664906,0.00197083,0.0013265,0.00246965,0.00310523,0.00335036,0.00334991,0.00320273,0.00297387,0.00270559,0.00242498,0.00214894,0.00188757,0.00164641
Gram_error_fro,2.0,1,12,3,0.0,0.03060474,0.02286473,0.01743943,0.0136131,0.01079443,0.00868338,0.00707766,0.00583478,0.00485556,0.00407128,0.00343405,0.00290999,0.00247472,0.0021103,0.00180325
Gram_error_fro,2.0,1,12,3,0.0,0.03145166,0.02283691,0.01725085,0.01361481,0.01102225,0.00906112,0.00752017,0.00627915,0.00526345,0.00442322,0.00372309,0.00313686,0.00264439,0.00222979,0.00188028
Gram_error_fro,2.0,1,12,3,0.0,0.03812067,0.02153357,0.01369662,0.00945997,0.00694366,0.00533188,0.00422484,0.0034197,0.00281075,0.0023399,0.00197249,0.00168546,0.00146166,0.00128726,0.00115063
Gram_error_fro,2.0,1,12,3,0.0,0.04854315,0.02326486,0.01479121,0.01089018,0.00852286,0.00687426,0.00563769,0.0046666,0.00388107,0.00323368,0.00269427,0.00224226,0.00186268,0.00154397,0.00127678
Gram_error_fro,4.0,2,12,3,0.0,0.02413659,0.02097164,0.02049906,0.02049435,0.02046849,0.02038414,0.02027175,0.0201551,0.02004603,0.01994877,0.01986365,0.01978937,0.01972418,0.01966643,0.01961475
Gram_error_fro,4.0,1,12,3,0.0,0.03655777,0.018008,0.01198343,0.00896371,0.00722538,0.00603274,0.00509799,0.0043171,0.00365062,0.00308011,0.00259354,0.00218082,0.0018326,0.00154011,0.00129528
Gram_error_fro,2.0,1,12,3,0.0,0.02289088,0.01332634,0.00864285,0.00600118,0.00443751,0.00354005,0.00303009,0.00271434,0.00248057,0.00227568,0.00207948,0.00188699,0.0016992,0.00151876,0.00134828
Gram_error_fro,2.0,1,12,3,0.0,0.02593516,0.0216242,0.01650157,0.01213885,0.00875781,0.00625707,0.00445987,0.00319836,0.00233528,0.0017624,0.00139298,0.00115679,0.00100009,0.00088659,0.00079517
Gram_error_fro,4.0,1,12,3,0.0,0.04917781,0.0240259,0.01578439,0.0118608,0.00927616,0.00734241,0.00583292,0.00463653,0.00368243,0.00291965,0.00230944,0.00182163,0.00143238,0.00112271,0.00087744
Gram_error_fro,4.0,1,12,3,0.0,0.12554786,0.0906944,0.07223576,0.06066223,0.05188191,0.04473063,0.038763,0.03372731,0.02944636,0.02578483,0.02263634,0.01991614,0.01755608,0.01550088,0.01370536
Gram_error_fro,4.0,2,12,3,0.0,0.04161781,0.02645206,0.01978726,0.0168696,0.01565964,0.01530448,0.01538087,0.01566163,0.0160242,0.01640391,0.01676806,0.01710148,0.0173985,0.01765852,0.0178835
Gram_error_fro,2.0,2,12,3,0.0,0.04938229,0.03026564,0.02342745,0.02071935,0.01946506,0.01884552,0.01854645,0.01842099,0.01839182,0.01841545,0.0184665,0.01852996,0.01859699,0.01866253,0.01872382
Gram_error_fro,0.0,1,12,3,0.0,0.06648028,0.06125465,0.05126801,0.0421576,0.03453536,0.02830771,0.02326145,0.01917945,0.01587202,0.01318316,0.0109881,0.00918822,0.00770587,0.0064799,0.00546199
Gram_error_fro,0.0,1,12,4,0.0,0.0,0.0,0.0,0.0,0.0,0.0,0.0,0.0,0.0,0.0,0.0,0.0,0.0,0.0,0.0
Gram_error_fro,2.0,1,12,4,0.0,0.06614739,0.05991252,0.04681604,0.03577994,0.02777017,0.02217841,0.01824713,0.01539609,0.01324284,0.01154994,0.010172,0.0090189,0.00803334,0.00717768,0.00642629
Gram_error_fro,2.0,1,12,4,0.0,0.03743335,0.02620286,0.01860559,0.01408165,0.01104981,0.00883136,0.00715018,0.00586005,0.00486208,0.00408272,0.00346667,0.00297274,0.0025707,0.00223851,0.00196018
Gram_error_fro,2.0,1,12,4,0.0,0.01953755,0.0167616,0.01489855,0.01361916,0.01254516,0.01146985,0.01036457,0.00926299,0.00820428,0.00721621,0.00631374,0.00550212,0.00478022,0.00414323,0.00358443
Gram_error_fro,2.0,1,12,4,0.0,0.05872144,0.04903741,0.03641802,0.02629974,0.01904801,0.01399132,0.01045511,0.00795032,0.00615181,0.00484619,0.00389074,0.00318688,0.00266431,0.00227177,0.00197168
Gram_error_fro,2.0,1,12,4,0.0,0.09355732,0.06392767,0.04272644,0.03024119,0.02252817,0.01746385,0.01396697,0.01145034,0.00957339,0.00812854,0.00698462,0.00605641,0.00528727,0.00463874,0.0040842
Gram_error_fro,2.0,1,12,4,0.0,0.08452884,0.08021478,0.0678498,0.05637473,0.04690069,0.03924635,0.03306183,0.02803417,0.02391459,0.02051114,0.01767669,0.01529819,0.01328836,0.01157929,0.01011771
Gram_error_fro,4.0,1,12,4,0.0,0.08988379,0.05777991,0.03821098,0.02704221,0.02021931,0.01573691,0.01259188,0.01026285,0.00846761,0.00704515,0.00589731,0.00495985,0.00418785,0.00354822,0.00301563
Gram_error_fro,2.0,1,12,4,0.0,0.06275031,0.0485527,0.03773365,0.03031471,0.02488192,0.02066727,0.01730054,0.0145715,0.01233721,0.01049175,0.00895483,0.00766534,0.00657654,0.00565235,0.0048646
Gram_error_fro,4.0,1,12,4,0.0,0.05874069,0.03906852,0.02816638,0.02168252,0.0176883,0.0150775,0.01321514,0.01176357,0.01055249,0.00949766,0.00855695,0.00770825,0.00693884,0.00624042,0.00560672
Gram_error_fro,2.0,1,12,4,0.0,0.09542343,0.08104584,0.06351448,0.04997643,0.03997564,0.03249282,0.02678949,0.02236984,0.01889191,0.01611337,0.01386017,0.01200655,0.01046127,0.00915765,0.00804656
Gram_error_fro,4.0,2,12,4,0.0,0.10607097,0.06944531,0.04491012,0.03137288,0.02418719,0.02077238,0.01953423,0.01941088,0.01977235,0.02029623,0.02083526,0.02132944,0.02175935,0.02212343,0.02242736
Gram_error_fro,4.0,1,12,4,0.0,0.09575726,0.06571811,0.04665545,0.03469771,0.02645142,0.02046575,0.01600258,0.01261999,0.01002747,0.00802356,0.00646382,0.00524228,0.00427996,0.00351733,0.00290921
Gram_error_fro,4.0,2,12,4,0.0,0.06224931,0.03733393,0.0238308,0.01887856,0.0178983,0.01832628,0.01910294,0.01987606,0.02054992,0.02111226,0.0215751,0.02195528,0.02226839,0.02252739,0.02274262
Gram_error_fro,4.0,1,12,4,0.0,0.0953085,0.07275169,0.05301369,0.0394845,0.0300708,0.02328221,0.01823517,0.01439846,0.01143675,0.00912664,0.00731194,0.00587914,0.00474346,0.00384034,0.00312001
Gram_error_fro,4.0,1,12,4,0.0,0.05288778,0.03389112,0.0229898,0.01647194,0.01216157,0.00917972,0.00708809,0.00560823,0.00454523,0.00376259,0.00316768,0.00269986,0.0023204,0.00200483,0.00173755
Gram_error_fro,0.0,1,12,7,0.0,0.0,0.0,0.0,0.0,0.0,0.0,0.0,0.0,0.0,0.0,0.0,0.0,0.0,0.0,0.0
Gram_error_fro,0.0,1,12,7,0.0,0.0,0.0,0.0,0.0,0.0,0.0,0.0,0.0,0.0,0.0,0.0,0.0,0.0,0.0,0.0
Gram_error_fro,2.0,1,12,7,0.0,0.0675282,0.06009585,0.04858861,0.03949324,0.03221238,0.02614779,0.0210589,0.01682902,0.01336011,0.01055048,0.0082979,0.0065062,0.00508966,0.00397479,0.0031003
Gram_error_fro,2.0,1,12,7,0.0,0.0675282,0.06009585,0.04858861,0.03949324,0.03221238,0.02614779,0.0210589,0.01682902,0.01336011,0.01055048,0.0082979,0.0065062,0.00508966,0.00397479,0.0031003
Gram_error_fro,2.0,1,12,7,0.0,0.0675282,0.06009585,0.04858861,0.03949324,0.03221238,0.02614779,0.0210589,0.01682902,0.01336011,0.01055048,0.0082979,0.0065062,0.00508966,0.00397479,0.0031003
Gram_error_fro,2.0,1,12,7,0.0,0.0675282,0.06009585,0.04858861,0.03949324,0.03221238,0.02614779,0.0210589,0.01682902,0.01336011,0.01055048,0.0082979,0.0065062,0.00508966,0.00397479,0.0031003
Gram_error_fro,4.0,1,12,7,0.0,0.09206395,0.08137926,0.06771301,0.05619672,0.04636523,0.03790296,0.03069681,0.02466116,0.01968528,0.01563645,0.01237535,0.00976878,0.00769713,0.00605737,0.00476323
Gram_error_fro,4.0,1,12,7,0.0,0.09734514,0.08608423,0.07063002,0.05708235,0.04570614,0.03632291,0.02869045,0.02255194,0.01765942,0.01378757,0.01074027,0.00835204,0.00648631,0.0050323,0.00390122
Gram_error_fro,4.0,1,12,7,0.0,0.08605482,0.07008685,0.05408007,0.04225656,0.03351696,0.02675338,0.02134822,0.01697796,0.013446,0.01060671,0.00833888,0.00653829,0.00511579,0.00399648,0.00311842
Gram_error_fro,2.0,1,12,7,0.0,0.0675282,0.06009585,0.04858861,0.03949324,0.03221238,0.02614779,0.0210589,0.01682902,0.01336011,0.01055048,0.0082979,0.0065062,0.00508966,0.00397479,0.0031003
Gram_error_fro,4.0,1,12,7,0.0,0.1030524,0.08970197,0.07139806,0.05662591,0.04503217,0.03577984,0.0283333,0.0223455,0.0175553,0.01374644,0.0107349,0.00836506,0.00650728,0.0050553,0.00392314
Gram_error_fro,4.0,1,12,7,0.0,0.11734405,0.10592798,0.08675337,0.07014038,0.05641826,0.04511118,0.03584722,0.02832743,0.02228189,0.01746234,0.01364632,0.01064099,0.00828384,0.00644084,0.00500324
Gram_error_fro,4.0,1,12,7,0.0,0.08675049,0.06901407,0.05295543,0.0417318,0.03335739,0.02672927,0.02135586,0.01698434,0.01344503,0.01059999,0.00832909,0.00652746,0.00510517,0.0039867,0.00310975
Gram_error_fro,2.0,1,12,7,0.0,0.0675282,0.06009585,0.04858861,0.03949324,0.03221238,0.02614779,0.0210589,0.01682902,0.01336011,0.01055048,0.0082979,0.0065062,0.00508966,0.00397479,0.0031003
Gram_error_fro,6.0,1,12,7,0.0,0.12520556,0.10356082,0.08037666,0.06291899,0.04976489,0.03957587,0.03153287,0.02512628,0.02000794,0.01591877,0.01265567,0.01005558,0.00798657,0.00634194,0.00503567
Gram_error_fro,4.0,1,12,7,0.0,0.10144181,0.0861255,0.07034634,0.05726383,0.04624102,0.03698776,0.02933867,0.02311623,0.01812094,0.01415119,0.01102006,0.00856395,0.00664506,0.00515029,0.00398838
Gram_error_fro,0.0,1,12,3,0.0,0.0,0.0,0.0,0.0,0.0,0.0,0.0,0.0,0.0,0.0,0.0,0.0,0.0,0.0,0.0
Gram_error_fro,2.0,1,12,3,0.0,0.01568138,0.00867787,0.00589644,0.00422017,0.0031674,0.00254573,0.00220735,0.00203181,0.00193259,0.00185882,0.00178597,0.00170485,0.00161384,0.00151468,0.0014102
Gram_error_fro,2.0,1,12,3,0.0,0.07615218,0.05853153,0.04667018,0.0386042,0.03238847,0.02734591,0.02317997,0.01971014,0.01680452,0.01436026,0.0122955,0.01054467,0.00905501,0.00778385,0.00669646
Gram_error_fro,2.0,1,12,3,0.0,0.07623104,0.08070937,0.07514361,0.06744643,0.0596404,0.05236263,0.04581544,0.04003287,0.03497706,0.0305805,0.02676665,0.02346014,0.02059164,0.01809966,0.01593089
Gram_error_fro,2.0,1,12,3,0.0,0.06506395,0.04692972,0.03246568,0.02268367,0.01606391,0.01152892,0.00838443,0.00617734,0.00460772,0.00347562,0.00264725,0.00203266,0.0015709,0.00122017,0.00095137
Gram_error_fro,2.0,1,12,3,0.0,0.03958301,0.02174652,0.01521799,0.01174896,0.0093027,0.00748569,0.00612103,0.00508138,0.00427431,0.00363519,0.00311935,0.00269582,0.00234283,0.00204478,0.00179035
Gram_error_fro,4.0,1,12,3,0.0,0.05728188,0.02680445,0.01448117,0.00860529,0.00543306,0.00363441,0.00259712,0.00198319,0.00159434,0.00132076,0.00110798,0.0009315,0.00078085,0.00065133,0.00054035
Gram_error_fro,4.0,1,12,3,0.0,0.05199354,0.03920116,0.02970973,0.02341159,0.01882612,0.01529226,0.0125126,0.0103069,0.00854374,0.00712298,0.00596857,0.00502301,0.00424287,0.00359506,0.00305416
Gram_error_fro,4.0,1,12,3,0.0,0.05912041,0.03817117,0.02800342,0.02136363,0.01653288,0.01289085,0.01010175,0.00794623,0.00626897,0.00495665,0.00392538,0.00311228,0.00246965,0.00196087,0.00155757
Gram_error_fro,4.0,1,12,3,0.0,0.04357679,0.03528036,0.02685014,0.02014992,0.01516646,0.01152413,0.00884757,0.00685213,0.00534079,0.00418053,0.00328075,0.00257824,0.00202748,0.00159478,0.00125458
Gram_error_fro,2.0,1,12,3,0.0,0.00979155,0.00909148,0.00879686,0.00855641,0.00822899,0.00779135,0.00727843,0.00672556,0.00615972,0.00560036,0.00506088,0.00455008,0.00407318,0.00363283,0.00322982
Gram_error_fro,2.0,1,12,3,0.0,0.07084965,0.04682353,0.03078641,0.02132401,0.01545267,0.01158574,0.0089118,0.00699106,0.00556923,0.00449108,0.00365751,0.00300283,0.00248201,0.0020633,0.00172368
Gram_error_fro,4.0,1,12,3,0.0,0.06279967,0.04174099,0.03179544,0.02520923,0.02022417,0.01638267,0.01341029,0.01109288,0.009266,0.00780775,0.00662933,0.00566618,0.00487095,0.0042085,0.00365232
Gram_error_fro,2.0,1,12,3,0.0,0.05271435,0.02343329,0.01390549,0.00998373,0.00793102,0.0066086,0.00562996,0.0048454,0.00418893,0.00362752,0.00314218,0.00272046,0.00235324,0.00203331,0.00175465
Gram_error_fro,2.0,1,12,3,0.0,0.06526289,0.0500298,0.03651508,0.0266034,0.01946995,0.01433028,0.01060877,0.00789825,0.00591199,0.0044476,0.00336158,0.00255164,0.00194442,0.00148696,0.00114078
Gram_error_fro,4.0,1,12,3,0.0,0.08259396,0.05900438,0.04226554,0.03091545,0.02298651,0.01732579,0.01321409,0.01018156,0.00791352,0.0061958,0.00488053,0.00386398,0.00307218,0.00245152,0.00196245
Gram_error_fro,0.0,1,12,5,0.0,0.0,0.0,0.0,0.0,0.0,0.0,0.0,0.0,0.0,0.0,0.0,0.0,0.0,0.0,0.0
Gram_error_fro,2.0,1,12,5,0.0,0.09634281,0.08663801,0.06813694,0.05336576,0.04272845,0.03499572,0.02917412,0.02463752,0.02100394,0.01803315,0.01556657,0.01349444,0.01173768,0.01023747,0.00894884
Gram_error_fro,0.0,1,12,5,0.0,0.0,0.0,0.0,0.0,0.0,0.0,0.0,0.0,0.0,0.0,0.0,0.0,0.0,0.0,0.0
Gram_error_fro,2.0,1,12,5,0.0,0.06732575,0.06146464,0.05067951,0.04092814,0.03283663,0.02631073,0.02112721,0.01704555,0.01384325,0.01132928,0.0093473,0.00777361,0.00651271,0.00549212,0.00465743
Gram_error_fro,2.0,1,12,5,0.0,0.04454413,0.02771329,0.01922982,0.01403605,0.01042445,0.0077924,0.00584485,0.00439944,0.00332841,0.00253707,0.00195375,0.00152394,0.0012064,0.00097016,0.00079231
Gram_error_fro,0.0,1,12,5,0.0,0.0,0.0,0.0,0.0,0.0,0.0,0.0,0.0,0.0,0.0,0.0,0.0,0.0,0.0,0.0
Gram_error_fro,4.0,1,12,5,0.0,0.07689178,0.05316601,0.03611065,0.02596223,0.01986128,0.01594714,0.01319139,0.01108144,0.00937435,0.00795207,0.00675106,0.00573151,0.00486466,0.00412771,0.00350164
Gram_error_fro,4.0,1,12,5,0.0,0.10913985,0.08352651,0.05986571,0.04419423,0.0338059,0.02658529,0.02132648,0.01735946,0.01429284,0.01188036,0.00995607,0.00840271,0.00713494,0.00608969,0.00521984
Gram_error_fro,4.0,1,12,5,0.0,0.10245275,0.07763279,0.05674286,0.04270573,0.03298817,0.02590809,0.02056137,0.01644536,0.01324658,0.01074668,0.00878313,0.00723167,0.00599693,0.005006,0.00420358
Gram_error_fro,2.0,1,12,5,0.0,0.01345688,0.01121378,0.0113966,0.01155774,0.01108732,0.01021331,0.00918651,0.00815645,0.0071935,0.00632286,0.00554776,0.00486235,0.00425791,0.00372552,0.00325693
Gram_error_fro,2.0,1,12,5,0.0,0.10833785,0.07667813,0.04809199,0.03010738,0.01935186,0.012885,0.0089018,0.00636979,0.00470649,0.00357934,0.00279313,0.00222921,0.00181328,0.00149777,0.00125188
Gram_error_fro,2.0,1,12,5,0.0,0.12581919,0.08978186,0.05836183,0.03849927,0.02640546,0.01893735,0.01417178,0.01100387,0.00880702,0.00722218,0.00603821,0.00512663,0.00440636,0.00382449,0.00334543
Gram_error_fro,2.0,1,12,5,0.0,0.0981452,0.07440032,0.04998918,0.034159,0.02447477,0.01844363,0.01452038,0.01182546,0.0098658,0.00836437,0.00716396,0.00617351,0.00533855,0.00462495,0.00400999
Gram_error_fro,2.0,1,12,5,0.0,0.04422712,0.03415552,0.0282247,0.0242789,0.02123312,0.01866977,0.01643448,0.01446319,0.01272055,0.01118053,0.00982095,0.00862197,0.00756567,0.00663596,0.00581835
Gram_error_fro,4.0,1,12,5,0.0,0.09507778,0.07723774,0.06046989,0.04818615,0.03917763,0.03232905,0.0269451,0.02261346,0.01907677,0.01616087,0.01373961,0.01171746,0.01002023,0.00858947,0.00737865
Gram_error_fro,4.0,1,12,5,0.0,0.06556251,0.04243524,0.02766574,0.01830813,0.01234134,0.00851589,0.00602363,0.00435793,0.00321192,0.00240232,0.00181826,0.00139043,0.00107364,0.0008372,0.00065956
Gram_error_fro,0.0,1,12,2,0.0,0.0,0.0,0.0,0.0,0.0,0.0,0.0,0.0,0.0,0.0,0.0,0.0,0.0,0.0,0.0
Gram_error_fro,2.0,1,12,2,0.0,0.00520365,0.0027613,0.00050576,0.00250709,0.00432795,0.00559101,0.0063873,0.00682498,0.00699804,0.00698113,0.00683127,0.00659118,0.00629248,0.00595839,0.00560578
Gram_error_fro,2.0,1,12,2,0.0,0.05600026,0.04075203,0.03246684,0.02705393,0.0229517,0.01965556,0.01693836,0.01466637,0.01274811,0.01111612,0.00971872,0.00851549,0.00747441,0.00656985,0.00578109
Gram_error_fro,2.0,1,12,2,0.0,0.08116221,0.05099682,0.03900453,0.0319732,0.02656075,0.02214818,0.01852367,0.01554256,0.0130856,0.01105426,0.00936848,0.00796391,0.00678901,0.00580245,0.00497103
Gram_error_fro,2.0,1,12,2,0.0,0.04983603,0.03702649,0.029351,0.02396826,0.01982944,0.01655238,0.0139357,0.0118374,0.01014682,0.00877638,0.00765701,0.00673462,0.00596707,0.00532159,0.00477285
Gram_error_fro,2.0,1,12,2,0.0,0.0411181,0.03682708,0.0324314,0.02847882,0.02497961,0.02189177,0.01917203,0.01678163,0.01468534,0.01285043,0.01124651,0.00984568,0.00862265,0.00755487,0.00662238
Gram_error_fro,2.0,1,12,2,0.0,0.11743176,0.0833949,0.06380374,0.05063385,0.0407271,0.03301734,0.02695026,0.02214481,0.01831532,0.01524384,0.01276369,0.01074728,0.00909672,0.00773662,0.00660864
Gram_error_fro,2.0,1,12,2,0.0,0.08322262,0.06472743,0.05349255,0.04536819,0.0390373,0.03395402,0.02977418,0.02626476,0.02326812,0.0206766,0.01841462,0.0164272,0.01467267,0.01311835,0.0117378
Gram_error_fro,4.0,1,12,2,0.0,0.05809044,0.04466171,0.03712837,0.03122288,0.0261794,0.02191049,0.01834867,0.0153981,0.01295773,0.01093614,0.00925623,0.00785502,0.00668181,0.00569586,0.00486446
Gram_error_fro,2.0,1,12,2,0.0,0.01385966,0.00833304,0.00547283,0.00368405,0.00241023,0.00150547,0.00095931,0.00081286,0.0009315,0.00110008,0.00123576,0.0013241,0.00136903,0.00137844,0.00136029
Gram_error_fro,4.0,1,12,2,0.0,0.04274715,0.03826952,0.03554428,0.0330941,0.03068574,0.02831503,0.02601948,0.0238338,0.02178046,0.01987043,0.0181062,0.01648473,0.01499961,0.01364261,0.0124047
Gram_error_fro,4.0,2,12,2,0.0,0.02320228,0.01990154,0.01509012,0.01052458,0.00665658,0.0035884,0.00163411,0.00211967,0.00357685,0.00493467,0.0061093,0.00711819,0.00798756,0.00874069,0.00939657
Gram_error_fro,4.0,1,12,2,0.0,0.08624062,0.07497292,0.06424275,0.05463502,0.04629752,0.03922431,0.03328597,0.02831451,0.02414805,0.0206463,0.01769287,0.01519292,0.01306957,0.01126048,0.00971486
Gram_error_fro,2.0,1,12,2,0.0,0.08042537,0.08696414,0.08522544,0.08139249,0.07686437,0.0720852,0.06726108,0.06251843,0.05794058,0.05358035,0.04946795,0.04561728,0.0420309,0.0387038,0.03562615
Gram_error_fro,2.0,1,12,2,0.0,0.08565535,0.05580952,0.04044317,0.03090761,0.02411246,0.01905526,0.01524276,0.01234919,0.01013656,0.0084279,0.00709222,0.00603336,0.00518128,0.00448515,0.00390809
Gram_error_fro,4.0,1,12,2,0.0,0.08226152,0.07365661,0.06406719,0.05587243,0.0489384,0.04304241,0.03798965,0.0336288,0.02984476,0.02654777,0.02366559,0.02113861,0.0189169,0.01695833,0.01522718
Gram_error_fro,0.0,1,12,5,0.0,0.0,0.0,0.0,0.0,0.0,0.0,0.0,0.0,0.0,0.0,0.0,0.0,0.0,0.0,0.0
Gram_error_fro,2.0,1,12,5,0.0,0.07192439,0.06077043,0.04871161,0.03924631,0.03200285,0.02644434,0.02214147,0.01876991,0.01608866,0.0139211,0.0121393,0.01065131,0.00939108,0.00831093,0.00737603
Gram_error_fro,2.0,1,12,5,0.0,0.07192439,0.06077043,0.04871161,0.03924631,0.03200285,0.02644434,0.02214147,0.01876991,0.01608866,0.0139211,0.0121393,0.01065131,0.00939108,0.00831093,0.00737603
Gram_error_fro,2.0,1,12,5,0.0,0.06565651,0.06878713,0.06175991,0.05352961,0.04598396,0.03945221,0.03389383,0.02918524,0.02519593,0.02180893,0.01892503,0.01646173,0.01435101,0.01253677,0.01097273
Gram_error_fro,2.0,1,12,5,0.0,0.10249449,0.08849285,0.06831324,0.05229473,0.04044451,0.03175068,0.02535754,0.02062563,0.01708377,0.01438883,0.01229547,0.01063162,0.00927839,0.0081543,0.00720348
Gram_error_fro,2.0,1,12,5,0.0,0.053338,0.04351244,0.0348722,0.02913976,0.02510616,0.02196262,0.01934123,0.01708153,0.01510529,0.01336671,0.0118339,0.01048167,0.00928875,0.00823645,0.00730819
Gram_error_fro,4.0,2,12,5,0.0,0.04424079,0.0450728,0.04080431,0.03579225,0.03154493,0.02839698,0.02625233,0.02490023,0.02413224,0.02377616,0.02369995,0.02380653,0.02402658,0.02431184,0.02462942
Gram_error_fro,4.0,1,12,5,0.0,0.09081011,0.07696038,0.05935749,0.0458091,0.03590134,0.02859287,0.02310695,0.01891615,0.01566152,0.01309522,0.01104354,0.00938283,0.00802361,0.00690012,0.0059632
Gram_error_fro,2.0,1,12,5,0.0,0.05103686,0.03081315,0.02125004,0.01577798,0.01230473,0.0099766,0.00832567,0.00708667,0.00611076,0.00531404,0.00464773,0.0040818,0.0035964,0.00317733,0.00281386
Gram_error_fro,2.0,1,12,5,0.0,0.03421424,0.02986427,0.02546595,0.02182535,0.01875225,0.01609766,0.01380086,0.01182582,0.01013761,0.00870021,0.00747873,0.00644127,0.00555964,0.00480951,0.00417014
Gram_error_fro,4.0,1,12,5,0.0,0.10346818,0.08558448,0.06529121,0.04977612,0.03885233,0.03132298,0.02611941,0.02245212,0.01977717,0.01773767,0.01610835,0.01475065,0.01358028,0.0125458,0.01161525
Gram_error_fro,4.0,1,12,5,0.0,0.13095329,0.10929086,0.0822547,0.0626531,0.04949793,0.04066186,0.03456628,0.03019213,0.02690672,0.02432332,0.0222066,0.02041249,0.01885138,0.01746621,0.01621947
Gram_error_fro,4.0,1,12,5,0.0,0.10364896,0.09368616,0.07763543,0.06388725,0.05309592,0.04464028,0.03789629,0.03241267,0.02788154,0.02409098,0.02089054,0.01816944,0.01584329,0.01384603,0.01212479
Gram_error_fro,4.0,1,12,5,0.0,0.09647803,0.06780763,0.05216767,0.04248255,0.03548223,0.03006526,0.02575003,0.0222519,0.01937258,0.01696743,0.01493064,0.01318513,0.01167457,0.01035728,0.00920185
Gram_error_fro,4.0,1,12,5,0.0,0.1132075,0.09567984,0.07171859,0.05325713,0.04036292,0.03149451,0.02531273,0.02087943,0.01758243,0.01503642,0.01300282,0.01133359,0.00993498,0.00874545,0.0077228
Gram_error_fro,2.0,1,12,5,0.0,0.08086607,0.06700512,0.05478674,0.04549918,0.03822941,0.03243819,0.02777194,0.02396822,0.02082687,0.01819742,0.01596871,0.01405925,0.012409,0.01097307,0.00971714
Gram_error_fro,0.0,1,12,5,0.0,0.0,0.0,0.0,0.0,0.0,0.0,0.0,0.0,0.0,0.0,0.0,0.0,0.0,0.0,0.0
Gram_error_fro,2.0,1,12,5,0.0,0.06654827,0.06166631,0.05212279,0.04292642,0.0349355,0.02829531,0.02291462,0.01861669,0.01520769,0.01250828,0.01036566,0.00865587,0.00728134,0.00616678,0.0052548
Gram_error_fro,2.0,1,12,5,0.0,0.04264291,0.04102862,0.03692888,0.0328589,0.02915071,0.02585175,0.0229378,0.02036598,0.01809399,0.01608511,0.01430807,0.01273584,0.01134462,0.01011324,0.00902282
Gram_error_fro,2.0,1,12,5,0.0,0.03775781,0.02969496,0.0225319,0.01743477,0.0136871,0.01079936,0.00852774,0.00673425,0.00532196,0.00421397,0.00334722,0.00267022,0.00214146,0.00172793,0.00140365
Gram_error_fro,2.0,1,12,5,0.0,0.07515064,0.0620898,0.04929954,0.03884556,0.03055017,0.02406957,0.01904726,0.015168,0.01217254,0.00985494,0.00805442,0.00664686,0.00553731,0.00465374,0.00394203
Gram_error_fro,2.0,1,12,5,0.0,0.08076294,0.07484282,0.06227133,0.05088572,0.04170405,0.03454027,0.02898118,0.02463356,0.02118299,0.0183952,0.01610145,0.01418198,0.01255192,0.01115066,0.00993426
Gram_error_fro,4.0,1,12,5,0.0,0.104274,0.0873976,0.06766927,0.05296273,0.04253383,0.03505983,0.02954066,0.02531579,0.02196762,0.01923478,0.01695188,0.01501144,0.01334102,0.01188963,0.01061985
Gram_error_fro,2.0,1,12,5,0.0,0.06868302,0.07209959,0.06455636,0.05469926,0.04534625,0.03732052,0.03070966,0.02535475,0.02103929,0.01755782,0.01473661,0.01243601,0.01054655,0.00898338,0.00768103
Gram_error_fro,4.0,1,12,5,0.0,0.10432811,0.08369732,0.06146146,0.04528109,0.03380111,0.02554973,0.01953036,0.0150858,0.01177171,0.00927943,0.00739005,0.00594608,0.00483305,0.0039672,0.00328697
Gram_error_fro,4.0,1,12,5,0.0,0.10135316,0.08186298,0.06271082,0.04887247,0.03884199,0.03138632,0.02572184,0.02133635,0.01788254,0.01511985,0.01287924,0.01104013,0.00951501,0.00823912,0.00716361
Gram_error_fro,2.0,1,12,5,0.0,0.0520805,0.03897976,0.02785461,0.02118255,0.01717401,0.01452057,0.01256416,0.0110028,0.0096959,0.00857299,0.00759476,0.0067364,0.00598036,0.00531304,0.00472328
Gram_error_fro,4.0,1,12,5,0.0,0.12494043,0.10321976,0.07899459,0.05992423,0.0457781,0.03535755,0.0276275,0.02183462,0.01744749,0.01409011,0.01149363,0.00946395,0.0078599,0.0065782,0.00554295
Gram_error_fro,4.0,1,12,5,0.0,0.13171118,0.100485,0.07340984,0.0546653,0.04155648,0.03213499,0.02521052,0.02003483,0.01611375,0.01310753,0.01077615,0.00894716,0.00749538,0.00632936,0.005382
Gram_error_fro,4.0,2,12,5,0.0,0.07254727,0.04585215,0.03105413,0.02615832,0.02517024,0.02529432,0.02567196,0.02607321,0.02643937,0.02675867,0.02703267,0.02726654,0.02746598,0.02763622,0.02778181
Gram_error_fro,2.0,1,12,5,0.0,0.0738515,0.05539382,0.03810156,0.02657921,0.01921564,0.01438267,0.01104822,0.0086338,0.00682199,0.00543108,0.00434866,0.00349929,0.00282907,0.00229785,0.00187504
Gram_error_fro,4.0,1,12,5,0.0,0.09561591,0.07150285,0.05588688,0.04552394,0.0375989,0.03122426,0.02604244,0.02182497,0.01838709,0.01557374,0.01325761,0.01133697,0.00973211,0.00838126,0.00723669
Gram_error_fro,0.0,1,12,3,0.0,0.0,0.0,0.0,0.0,0.0,0.0,0.0,0.0,0.0,0.0,0.0,0.0,0.0,0.0,0.0
Gram_error_fro,2.0,1,12,3,0.0,0.06992391,0.04623138,0.03278525,0.02501538,0.0199141,0.01632918,0.01373696,0.01183644,0.01042573,0.00936072,0.00853759,0.0078824,0.00734343,0.00688508,0.00648318
Gram_error_fro,2.0,1,12,3,0.0,0.02583956,0.022577,0.02037195,0.01864746,0.0171803,0.01586212,0.01464156,0.01349576,0.01241557,0.01139784,0.01044169,0.00954672,0.00871222,0.00793695,0.00721914
Gram_error_fro,2.0,1,12,3,0.0,0.01983275,0.01304919,0.00945596,0.00701557,0.00532099,0.00413679,0.00330033,0.00270117,0.00226462,0.00193981,0.00169186,0.00149689,0.00133865,0.00120623,0.00109235
Gram_error_fro,2.0,1,12,3,0.0,0.06285876,0.05307144,0.04276241,0.03471674,0.02846405,0.0235296,0.01958167,0.01638658,0.01377519,0.01162264,0.00983544,0.00834269,0.00708984,0.00603436,0.00514255
Gram_error_fro,2.0,1,12,3,0.0,0.05823292,0.05328099,0.04531595,0.03795091,0.03162613,0.02632551,0.02192756,0.01829186,0.01528738,0.01280141,0.01074053,0.00902857,0.00760375,0.0064159,0.00542414
Gram_error_fro,4.0,1,12,3,0.0,0.09471527,0.06933637,0.05081916,0.03803959,0.02870221,0.02178967,0.01672985,0.01312557,0.01066578,0.00907973,0.00811636,0.00755305,0.00721639,0.00699003,0.0068055
Gram_error_fro,2.0,1,12,3,0.0,0.06187776,0.05248274,0.04238903,0.03435301,0.02803844,0.02304042,0.01905681,0.01586286,0.01328861,0.01120429,0.00950999,0.008128,0.0069971,0.0060685,0.0053029
Gram_error_fro,2.0,1,12,3,0.0,0.0239964,0.0147011,0.01092032,0.00886273,0.00743252,0.00634917,0.00549358,0.00479753,0.00421808,0.00372706,0.00330535,0.00293948,0.00261962,0.00233837,0.00208995
Gram_error_fro,2.0,1,12,3,0.0,0.06993646,0.05856078,0.05213049,0.04646737,0.04117094,0.03631607,0.03195216,0.02808432,0.02468866,0.02172515,0.01914667,0.01690504,0.01495462,0.01325419,0.01176768
Gram_error_fro,2.0,1,12,3,0.0,0.06856204,0.06061331,0.0493143,0.03887573,0.03020369,0.02336871,0.01809857,0.01406011,0.01096216,0.00857592,0.00672854,0.00529106,0.00416738,0.00328561,0.00259159
Gram_error_fro,2.0,1,12,3,0.0,0.01983275,0.01304919,0.00945596,0.00701557,0.00532099,0.00413679,0.00330033,0.00270117,0.00226462,0.00193981,0.00169186,0.00149689,0.00133865,0.00120623,0.00109235
Gram_error_fro,4.0,1,12,3,0.0,0.06893299,0.05711429,0.04921061,0.0435896,0.03912538,0.03530949,0.03192464,0.02887545,0.02611432,0.02361155,0.02134395,0.0192909,0.01743321,0.01575291,0.01423332
Gram_error_fro,4.0,1,12,3,0.0,0.0407782,0.03286469,0.02713545,0.02298506,0.01951309,0.01656157,0.01408378,0.01201798,0.01029442,0.00884918,0.00762943,0.00659334,0.00570826,0.00494865,0.00429429
Gram_error_fro,4.0,1,12,3,0.0,0.04611037,0.03866089,0.03224521,0.02727581,0.02320563,0.01985894,0.01709836,0.01479681,0.01285264,0.01119131,0.00975941,0.00851801,0.00743773,0.00649549,0.00567253
Gram_error_fro,4.0,2,12,3,0.0,0.09964897,0.0798783,0.06172788,0.04728344,0.03619677,0.02796573,0.02210009,0.01817418,0.01580453,0.01460726,0.01420432,0.01427559,0.01459393,0.01501905,0.01547217
Gram_error_fro,0.0,1,12,2,0.0,0.0,0.0,0.0,0.0,0.0,0.0,0.0,0.0,0.0,0.0,0.0,0.0,0.0,0.0,0.0
Gram_error_fro,2.0,1,12,2,0.0,0.04618119,0.03306123,0.02550474,0.02050741,0.01679478,0.01389192,0.01156597,0.00967572,0.00812467,0.00684257,0.00577645,0.00488558,0.00413811,0.00350887,0.00297774
Gram_error_fro,2.0,1,12,2,0.0,0.02013719,0.0093543,0.00595556,0.00440305,0.00347241,0.00283479,0.00236809,0.00201152,0.00172975,0.0015008,0.00131046,0.00114934,0.00101103,0.00089107,0.00078624
Gram_error_fro,2.0,1,12,2,0.0,0.01431328,0.01111539,0.00856308,0.00691262,0.00560102,0.00452892,0.00366124,0.00296274,0.00240041,0.00194672,0.00157978,0.00128241,0.00104108,0.00084504,0.00068574
Gram_error_fro,2.0,1,12,2,0.0,0.05979011,0.03811502,0.02545891,0.01778708,0.01272118,0.00921536,0.00672989,0.0049428,0.0036457,0.00269771,0.0020012,0.00148736,0.00110705,0.00082487,0.00061509
Gram_error_fro,2.0,1,12,2,0.0,0.00450344,0.00120747,0.00081143,0.00138252,0.00162954,0.00166379,0.00158414,0.00144955,0.00129359,0.00113488,0.00098339,0.0008441,0.00071912,0.00060888,0.00051287
Gram_error_fro,4.0,1,12,2,0.0,0.02228002,0.01445268,0.01043844,0.00796587,0.00620426,0.00487594,0.00385036,0.0030484,0.0024163,0.00191554,0.00151757,0.00120074,0.00094832,0.00074726,0.00058721
Gram_error_fro,4.0,1,12,2,0.0,0.06859187,0.06109555,0.0512417,0.04283118,0.03593094,0.03028166,0.0256422,0.02181502,0.01864155,0.01599533,0.01377586,0.01190353,0.01031522,0.00896086,0.00780057
Gram_error_fro,2.0,1,12,2,0.0,0.04618119,0.03306123,0.02550474,0.02050741,0.01679478,0.01389192,0.01156597,0.00967572,0.00812467,0.00684257,0.00577645,0.00488558,0.00413811,0.00350887,0.00297774
Gram_error_fro,4.0,1,12,2,0.0,0.05285311,0.03581606,0.02510902,0.01808468,0.01318064,0.00967727,0.00715032,0.00531543,0.00397458,0.00298853,0.00225893,0.00171595,0.00130967,0.00100416,0.00077336
Gram_error_fro,4.0,1,12,2,0.0,0.05897508,0.03859694,0.02888869,0.02278118,0.01819955,0.01460309,0.01174896,0.00947453,0.00765647,0.00619893,0.00502709,0.00408245,0.00331918,0.00270119,0.00219996
Gram_error_fro,4.0,1,12,2,0.0,0.07794714,0.04725453,0.0319409,0.02356691,0.01825404,0.01456394,0.01186378,0.00981862,0.00822798,0.0069633,0.00593879,0.00509565,0.00439261,0.00380012,0.0032965
Gram_error_fro,4.0,1,12,2,0.0,0.0337817,0.02378439,0.01817013,0.01449176,0.01189701,0.0099542,0.00843615,0.00721384,0.00620785,0.00536627,0.00465355,0.00404444,0.00352038,0.00306727,0.00267414
Gram_error_fro,2.0,1,12,2,0.0,0.05020467,0.03353686,0.02422182,0.01850881,0.01456622,0.01166099,0.00944604,0.00772301,0.0063631,0.00527675,0.0043996,0.0036846,0.00309689,0.00261034,0.00220513
Gram_error_fro,2.0,1,12,2,0.0,0.08124006,0.04233094,0.02964229,0.02301593,0.01851902,0.01511671,0.01242562,0.01025447,0.00848481,0.00703357,0.00583852,0.0048515,0.00403443,0.0033569,0.00279432
Gram_error_fro,6.0,1,12,2,0.0,0.02962292,0.02623453,0.02307341,0.01988241,0.01714329,0.01479611,0.01276695,0.01100745,0.00948206,0.00816122,0.0070191,0.0060328,0.00518202,0.00444884,0.00381754
Gram_error_fro,0.0,1,12,4,0.0,0.0,0.0,0.0,0.0,0.0,0.0,0.0,0.0,0.0,0.0,0.0,0.0,0.0,0.0,0.0
Gram_error_fro,2.0,1,12,4,0.0,0.06680333,0.05677789,0.04832528,0.04096295,0.03452265,0.02900031,0.02435491,0.02049793,0.01731744,0.01469905,0.0125383,0.01074601,0.00924924,0.00798998,0.00692279
Gram_error_fro,2.0,1,12,4,0.0,0.04034273,0.02008161,0.01158979,0.00789211,0.0060547,0.0050008,0.00430793,0.003798,0.00339058,0.00304709,0.00274794,0.00248256,0.00224471,0.00203037,0.00183665
Gram_error_fro,2.0,1,12,4,0.0,0.02258691,0.01134973,0.00703275,0.00478358,0.00333295,0.00234802,0.00168028,0.00123431,0.00094124,0.00074988,0.00062275,0.0005341,0.00046776,0.00041447,0.00036926
Gram_error_fro,2.0,1,12,4,0.0,0.07514575,0.06789231,0.05765573,0.0481898,0.03978416,0.0325581,0.0265269,0.02160072,0.01763106,0.01445398,0.01191574,0.00988403,0.00825046,0.0069289,0.0058521
Gram_error_fro,2.0,1,12,4,0.0,0.02670071,0.01713638,0.01337162,0.01110227,0.00944584,0.00815052,0.0071049,0.00624343,0.00552178,0.00490835,0.00438023,0.00392061,0.00351708,0.00316029,0.00284311
Gram_error_fro,2.0,1,12,4,0.0,0.0445595,0.03104941,0.02304435,0.01853406,0.01541622,0.01298811,0.01101322,0.00938473,0.00803527,0.00691345,0.00597748,0.005193,0.0045319,0.00397139,0.00349315
Gram_error_fro,4.0,1,12,4,0.0,0.05697862,0.03556395,0.02453223,0.01889213,0.01542369,0.01294878,0.0110268,0.00946769,0.00817367,0.0070856,0.00616309,0.00537624,0.00470187,0.00412146,0.00362002
Gram_error_fro,2.0,1,12,4,0.0,0.01092313,0.00902443,0.00913851,0.00861681,0.00781307,0.00699985,0.0062611,0.00560938,0.00503657,0.00453087,0.00408169,0.00368057,0.00332089,0.00299745,0.00270603
Gram_error_fro,2.0,1,12,4,0.0,0.08541943,0.07383713,0.06007513,0.04889466,0.03979557,0.0323298,0.02623735,0.02131263,0.01736284,0.01420875,0.01169218,0.00967991,0.00806369,0.00675763,0.00569471
Gram_error_fro,2.0,1,12,4,0.0,0.04267946,0.02482418,0.01475141,0.00942645,0.00655402,0.00486485,0.00374562,0.0029339,0.00231814,0.00184343,0.00147607,0.00119162,0.0009711,0.00079956,0.0006653
Gram_error_fro,4.0,1,12,4,0.0,0.08725929,0.08207645,0.06979048,0.05767196,0.04715193,0.03843937,0.03136328,0.0256599,0.02107151,0.01737571,0.01439005,0.01196838,0.00999508,0.00837925,0.00704956
Gram_error_fro,6.0,2,12,4,0.0,0.09091518,0.07948842,0.06955213,0.05978143,0.05093289,0.04359989,0.03789788,0.03366258,0.0306207,0.02848773,0.02701524,0.02600727,0.02531933,0.02484948,0.02452776
Gram_error_fro,2.0,1,12,4,0.0,0.07338449,0.07232341,0.06322722,0.05260546,0.04278231,0.03449827,0.0277917,0.02245713,0.01823986,0.0149059,0.01226105,0.0101512,0.00845669,0.00708563,0.0059678
Gram_error_fro,4.0,1,12,4,0.0,0.09871742,0.08883425,0.07439573,0.06051127,0.04869978,0.03916155,0.03161268,0.02567208,0.02099177,0.01728737,0.0143363,0.01196752,0.01005074,0.00848693,0.00720087
Gram_error_fro,4.0,1,12,4,0.0,0.09538484,0.08768713,0.07166612,0.05706956,0.04533308,0.03617767,0.02907758,0.02356085,0.01925229,0.01586387,0.01317724,0.01102785,0.00929198,0.00787668,0.00671202
Gram_error_fro,0.0,1,12,3,0.0,0.0,0.0,0.0,0.0,0.0,0.0,0.0,0.0,0.0,0.0,0.0,0.0,0.0,0.0,0.0
Gram_error_fro,2.0,1,12,3,0.0,0.00208265,0.00105029,0.00170042,0.00222363,0.00249668,0.00256997,0.00251345,0.00238325,0.00221681,0.00203685,0.00185627,0.001682,0.00151753,0.00136444,0.00122323
Gram_error_fro,2.0,1,12,3,0.0,0.01486264,0.0111353,0.00860589,0.00676246,0.00541499,0.00439768,0.00360885,0.00298625,0.00248849,0.00208632,0.00175835,0.00148871,0.00126543,0.00107941,0.00092361
Gram_error_fro,2.0,1,12,3,0.0,0.02801716,0.01617699,0.01166932,0.00924343,0.00746632,0.00606661,0.00495156,0.00405898,0.00334037,0.00275816,0.00228366,0.00189494,0.00157513,0.00131112,0.0010926
Gram_error_fro,0.0,1,12,3,0.0,0.0,0.0,0.0,0.0,0.0,0.0,0.0,0.0,0.0,0.0,0.0,0.0,0.0,0.0,0.0
Gram_error_fro,2.0,1,12,3,0.0,0.07933115,0.06520051,0.04928604,0.03705333,0.02805819,0.02148799,0.01666701,0.0130924,0.01040505,0.00835356,0.00676338,0.00551322,0.00451818,0.00371797,0.00306905
Gram_error_fro,2.0,1,12,3,0.0,0.06929636,0.05959652,0.04770974,0.03801152,0.03042855,0.02455866,0.02000775,0.01644833,0.01362944,0.01136691,0.00952798,0.00801707,0.00676465,0.00571926,0.00484204
Gram_error_fro,2.0,1,12,3,0.0,0.00694271,0.00323329,0.00311067,0.0031791,0.00310859,0.00294966,0.00275014,0.00253801,0.00232753,0.00212521,0.00193369,0.00175391,0.0015861,0.00143021,0.00128606
Gram_error_fro,2.0,1,12,3,0.0,0.00293286,0.00127948,0.00162807,0.00215439,0.00249337,0.00263071,0.00261809,0.00250886,0.00234447,0.00215363,0.00195483,0.00175934,0.00157353,0.00140069,0.00124223
Gram_error_fro,4.0,1,12,3,0.0,0.02935298,0.02333932,0.01933644,0.01624311,0.01386433,0.0120102,0.01051584,0.00927048,0.00820683,0.00728414,0.00647624,0.00576489,0.00513629,0.00457939,0.00408503
Gram_error_fro,4.0,1,12,3,0.0,0.0669109,0.04515943,0.03046715,0.0215883,0.01605805,0.01235471,0.0097113,0.00774681,0.00625295,0.00510052,0.0042015,0.00349272,0.00292784,0.0024726,0.00210158
Gram_error_fro,4.0,1,12,3,0.0,0.07362062,0.0438678,0.02937292,0.02116043,0.01563195,0.01170114,0.00889345,0.00689977,0.00549026,0.00449188,0.00377646,0.00325165,0.00285324,0.00253826,0.00227895
Gram_error_fro,4.0,1,12,3,0.0,0.06183752,0.05777671,0.05029736,0.04344357,0.03770542,0.03300679,0.02916388,0.02599573,0.02335194,0.0211151,0.01919595,0.01752739,0.01605908,0.01475321,0.01358123
Gram_error_fro,2.0,1,12,3,0.0,0.08433228,0.07238516,0.05767627,0.04548172,0.03593975,0.02858813,0.02292969,0.01854753,0.01512069,0.01241124,0.01024544,0.00849674,0.00707236,0.0059036,0.00493878
Gram_error_fro,4.0,1,12,3,0.0,0.07340891,0.05399948,0.04583541,0.04103957,0.03691803,0.03300765,0.02932473,0.02593756,0.02288495,0.02017276,0.0177847,0.01569273,0.01386421,0.01226638,0.01086867
Gram_error_fro,6.0,1,12,3,0.0,0.08481526,0.05899146,0.04322705,0.03390497,0.02780577,0.0234877,0.02025112,0.0177161,0.01566001,0.01394567,0.01248521,0.0112203,0.01011092,0.00912869,0.00825279
Gram_error_fro,0.0,1,12,2,0.0,0.0,0.0,0.0,0.0,0.0,0.0,0.0,0.0,0.0,0.0,0.0,0.0,0.0,0.0,0.0
Gram_error_fro,2.0,1,12,2,0.0,0.02312292,0.01455837,0.01266194,0.0112204,0.00983435,0.00858205,0.00748892,0.00654651,0.00573585,0.00503707,0.00443253,0.00390744,0.00344967,0.00304929,0.00269812
Gram_error_fro,2.0,1,12,2,0.0,0.01918207,0.00931413,0.0074476,0.00824762,0.00890641,0.00907506,0.00887638,0.00845084,0.00790144,0.00729659,0.00667957,0.00607658,0.00550268,0.00496575,0.0044692
Gram_error_fro,2.0,1,12,2,0.0,0.03309262,0.0238233,0.01614274,0.01067605,0.00681104,0.00410724,0.0022417,0.00097856,0.00022968,0.00051079,0.00085378,0.00106808,0.00118708,0.00123933,0.00124563
Gram_error_fro,0.0,1,12,2,0.0,0.0,0.0,0.0,0.0,0.0,0.0,0.0,0.0,0.0,0.0,0.0,0.0,0.0,0.0,0.0
Gram_error_fro,2.0,1,12,2,0.0,0.05240891,0.04999198,0.04420338,0.03821938,0.03274362,0.02795821,0.02385813,0.02037523,0.01742622,0.01493056,0.01281649,0.01102246,0.00949665,0.00819586,0.0070842
Gram_error_fro,2.0,1,12,2,0.0,0.09565884,0.10989592,0.10953451,0.10542087,0.1000859,0.09429583,0.08837786,0.08251464,0.07682088,0.07136942,0.06620399,0.06134744,0.05680779,0.05258274,0.04866308
Gram_error_fro,2.0,1,12,2,0.0,0.02692103,0.01697601,0.01139174,0.00779574,0.00550112,0.00418477,0.00352683,0.00322217,0.00305883,0.00293128,0.00280008,0.00265564,0.00249943,0.002336,0.00217006
Gram_error_fro,4.0,1,12,2,0.0,0.05833047,0.05156244,0.04393186,0.03684248,0.03076565,0.02569489,0.02150296,0.01804671,0.01519529,0.0128372,0.0108804,0.00925022,0.00788654,0.00674112,0.00577526
Gram_error_fro,4.0,1,12,2,0.0,0.09891461,0.10915054,0.10703859,0.10198745,0.09609226,0.08995935,0.08384394,0.07788771,0.07217782,0.06676697,0.06168359,0.05693874,0.05253137,0.04845221,0.0446867
Gram_error_fro,2.0,1,12,2,0.0,0.03064354,0.01828314,0.0136845,0.01128355,0.00959052,0.00825565,0.00715063,0.00621333,0.00540942,0.00471699,0.00411976,0.00360436,0.00315925,0.00277442,0.00244117
Gram_error_fro,4.0,1,12,2,0.0,0.08875184,0.07801094,0.06695216,0.05703752,0.04844501,0.04111953,0.03492596,0.02970885,0.02531794,0.0216189,0.0184966,0.01585464,0.01361327,0.01170683,0.01008128
Gram_error_fro,4.0,1,12,2,0.0,0.03861645,0.03983585,0.03743388,0.03353687,0.02958139,0.02595156,0.02272244,0.01988447,0.01740347,0.01523911,0.01335163,0.01170462,0.01026584,0.00900738,0.00790526
Gram_error_fro,2.0,1,12,2,0.0,0.05514432,0.05199581,0.04705697,0.04165449,0.03642369,0.03166573,0.02746525,0.02380904,0.02064661,0.01791745,0.01556249,0.01352852,0.01176934,0.0102455,0.00892361
Gram_error_fro,4.0,1,12,2,0.0,0.12069261,0.09615693,0.07818371,0.06430918,0.0532441,0.04431248,0.03706315,0.03115755,0.02632992,0.02236911,0.019107,0.01640972,0.01417055,0.01230418,0.01074222
Gram_error_fro,4.0,1,12,2,0.0,0.0976671,0.07115855,0.05753201,0.04746207,0.03933232,0.03268526,0.02724055,0.02277373,0.01909955,0.01606687,0.0135539,0.01146313,0.00971678,0.00825268,0.00702103
Gram_error_fro,0.0,1,12,2,0.0,0.0,0.0,0.0,0.0,0.0,0.0,0.0,0.0,0.0,0.0,0.0,0.0,0.0,0.0,0.0
Gram_error_fro,2.0,1,12,2,0.0,0.00020081,7.013e-05,3.528e-05,4.832e-05,7.288e-05,9.311e-05,0.00010825,0.00011915,0.00012665,0.00013147,0.00013413,0.00013506,0.0001346,0.00013302,0.00013054
Gram_error_fro,2.0,1,12,2,0.0,0.02334321,0.01877976,0.01596114,0.01360723,0.01161545,0.00993769,0.00852695,0.00734006,0.00633951,0.00549361,0.00477602,0.00416502,0.00364277,0.00319463,0.00280861
Gram_error_fro,2.0,1,12,2,0.0,0.00053817,0.00022506,0.00018249,0.00016364,0.00015064,0.0001394,0.00012892,0.000119,0.00010963,0.0001008,9.254e-05,8.484e-05,7.769e-05,7.109e-05,6.5e-05
Gram_error_fro,0.0,1,12,2,0.0,0.0,0.0,0.0,0.0,0.0,0.0,0.0,0.0,0.0,0.0,0.0,0.0,0.0,0.0,0.0
Gram_error_fro,2.0,1,12,2,0.0,0.02649721,0.02051811,0.01791547,0.0159241,0.01422926,0.01275194,0.01145965,0.01032938,0.00934006,0.00847191,0.00770702,0.00702976,0.00642687,0.00588727,0.00540184
Gram_error_fro,4.0,1,12,2,0.0,0.12130548,0.10164827,0.08570642,0.07232674,0.06090523,0.05124242,0.04311825,0.03630318,0.03058744,0.02579028,0.02175948,0.01836816,0.01551092,0.01310037,0.01106406
Gram_error_fro,2.0,1,12,2,0.0,0.01971219,0.01679283,0.01426936,0.01207613,0.01021891,0.00866265,0.00736083,0.0062708,0.0053565,0.00458799,0.00394047,0.00339347,0.00293009,0.00253638,0.00220087
Gram_error_fro,2.0,1,12,2,0.0,0.07656083,0.07764173,0.07092502,0.06322636,0.05589114,0.04926297,0.04338911,0.03822486,0.03370019,0.02974149,0.02627883,0.02324852,0.02059386,0.01826505,0.0162188
Gram_error_fro,2.0,1,12,2,0.0,0.00053817,0.00022506,0.00018249,0.00016364,0.00015064,0.0001394,0.00012892,0.000119,0.00010963,0.0001008,9.254e-05,8.484e-05,7.769e-05,7.109e-05,6.5e-05
Gram_error_fro,4.0,1,12,2,0.0,0.07597712,0.04541122,0.03982587,0.03781854,0.03577476,0.03341941,0.03088203,0.02830341,0.02578525,0.0233914,0.02115698,0.01909732,0.01721492,0.01550446,0.01395625
Gram_error_fro,4.0,1,12,2,0.0,0.12200855,0.1126115,0.10021752,0.08835534,0.07756103,0.06796341,0.05952621,0.05215145,0.04572312,0.04012554,0.03525116,0.03100349,0.0272978,0.02406056,0.02122844
Gram_error_fro,4.0,1,12,2,0.0,0.07888214,0.07516675,0.06924302,0.06265736,0.05617639,0.05011727,0.0445879,0.03960936,0.03516364,0.0312142,0.0277164,0.02462357,0.02189032,0.01947445,0.01733772
Gram_error_fro,2.0,1,12,2,0.0,0.00053817,0.00022506,0.00018249,0.00016364,0.00015064,0.0001394,0.00012892,0.000119,0.00010963,0.0001008,9.254e-05,8.484e-05,7.769e-05,7.109e-05,6.5e-05
Gram_error_fro,2.0,1,12,2,0.0,0.00020081,7.013e-05,3.528e-05,4.832e-05,7.288e-05,9.311e-05,0.00010825,0.00011915,0.00012665,0.00013147,0.00013413,0.00013506,0.0001346,0.00013302,0.00013054
Gram_error_fro,4.0,1,12,2,0.0,0.12599137,0.10464306,0.09276201,0.08198537,0.07201583,0.06305167,0.0551346,0.04820846,0.04217875,0.03694145,0.03239562,0.02844873,0.02501854,0.02203321,0.01943073
Gram_error_fro,0.0,1,12,2,0.0,0.0,0.0,0.0,0.0,0.0,0.0,0.0,0.0,0.0,0.0,0.0,0.0,0.0,0.0,0.0
Gram_error_fro,2.0,1,12,2,0.0,0.075622,0.0730411,0.06325743,0.05338436,0.04470544,0.03739051,0.03131897,0.02630307,0.02215828,0.01872425,0.01586841,0.01348353,0.01148372,0.00980025,0.00837806
Gram_error_fro,0.0,1,12,2,0.0,0.0,0.0,0.0,0.0,0.0,0.0,0.0,0.0,0.0,0.0,0.0,0.0,0.0,0.0,0.0
Gram_error_fro,0.0,1,12,2,0.0,0.0,0.0,0.0,0.0,0.0,0.0,0.0,0.0,0.0,0.0,0.0,0.0,0.0,0.0,0.0
Gram_error_fro,2.0,1,12,2,0.0,0.04135495,0.03256638,0.0278278,0.02411127,0.02089786,0.01810459,0.01568361,0.01358878,0.01177687,0.01020921,0.00885202,0.00767619,0.00665676,0.0057724,0.00500486
Gram_error_fro,2.0,1,12,2,0.0,0.09333835,0.04630712,0.02995368,0.0237795,0.02037307,0.01789063,0.0158462,0.01408321,0.01253582,0.01116746,0.00995299,0.00887285,0.00791089,0.00705338,0.00628846
Gram_error_fro,4.0,1,12,2,0.0,0.07171611,0.06688228,0.0575709,0.04831921,0.0401815,0.03333638,0.02767965,0.02303293,0.01921766,0.01607825,0.01348629,0.01133827,0.00955151,0.00806009,0.00681133
Gram_error_fro,4.0,1,12,2,0.0,0.07250076,0.06632803,0.05738998,0.04882644,0.04125366,0.03479984,0.02939048,0.02488458,0.02113417,0.01800629,0.01538879,0.01318975,0.0113348,0.00976398,0.0084289
Gram_error_fro,2.0,1,12,2,0.0,0.04254967,0.03487118,0.02740234,0.02160905,0.01707406,0.01352779,0.01075908,0.00859549,0.00689994,0.00556579,0.00451111,0.0036732,0.00300414,0.00246722,0.00203419
Gram_error_fro,2.0,1,12,2,0.0,0.03494296,0.03479904,0.03102642,0.02722589,0.02373242,0.02058267,0.0177845,0.0153261,0.01318258,0.01132315,0.00971575,0.0083296,0.00713635,0.00611052,0.00522956
Gram_error_fro,4.0,1,12,2,0.0,0.04644202,0.04326488,0.03382326,0.02511976,0.01824342,0.01308963,0.00932221,0.00661412,0.00470164,0.00338558,0.00251683,0.00197732,0.00166396,0.00148675,0.00137825
Gram_error_fro,4.0,1,12,2,0.0,0.03024297,0.02027887,0.01991981,0.01954508,0.01848183,0.01703801,0.01544629,0.01384298,0.01230371,0.01086801,0.00955402,0.00836713,0.00730527,0.00636213,0.00552915
Gram_error_fro,4.0,1,12,2,0.0,0.06330778,0.06387742,0.05646426,0.04841515,0.04116067,0.03495057,0.02972777,0.02535682,0.02169598,0.0186197,0.01602353,0.01382268,0.01194899,0.01034764,0.00897437
Gram_error_fro,4.0,1,12,2,0.0,0.05337995,0.0360347,0.02389083,0.0162442,0.01155387,0.00875631,0.00715031,0.00624521,0.00570797,0.00533962,0.00503746,0.00475538,0.00447607,0.00419545,0.00391493
Gram_error_fro,2.0,1,12,2,0.0,0.08037039,0.03495272,0.01582735,0.00861352,0.00599312,0.00505517,0.00462568,0.00431719,0.00402732,0.00373673,0.00344692,0.00316313,0.00288995,0.00263058,0.00238694
Gram_error_fro,4.0,1,12,2,0.0,0.07328748,0.06592535,0.05432532,0.04392764,0.03542216,0.02868388,0.0234066,0.01928069,0.01604256,0.01348221,0.01143782,0.00978689,0.00843767,0.00732179,0.00638833
Gram_error_fro,0.0,1,12,4,0.0,0.0,0.0,0.0,0.0,0.0,0.0,0.0,0.0,0.0,0.0,0.0,0.0,0.0,0.0,0.0
Gram_error_fro,2.0,1,12,4,0.0,0.04335145,0.04404024,0.04137091,0.03844429,0.03551538,0.03263265,0.02984826,0.02720509,0.02473036,0.02243736,0.02032905,0.01840137,0.01664584,0.01505153,0.01360634
Gram_error_fro,2.0,1,12,4,0.0,0.05901561,0.03922422,0.02644616,0.01816982,0.01263399,0.00892889,0.00646639,0.00483583,0.00374964,0.00301059,0.00248834,0.00210076,0.00179837,0.00155231,0.00134587
Gram_error_fro,2.0,1,12,4,0.0,0.03640085,0.02607256,0.01971265,0.01576051,0.0128672,0.01061071,0.00882472,0.00739763,0.00624332,0.0052973,0.00451266,0.00385548,0.00330087,0.00283016,0.00242898
Gram_error_fro,2.0,1,12,4,0.0,0.03006996,0.01717036,0.01043688,0.00729364,0.00571853,0.00480237,0.00417644,0.00369135,0.00328496,0.00293027,0.00261458,0.00233112,0.00207569,0.00184529,0.00163754
Gram_error_fro,2.0,1,12,4,0.0,0.04335145,0.04404024,0.04137091,0.03844429,0.03551538,0.03263265,0.02984826,0.02720509,0.02473036,0.02243736,0.02032905,0.01840137,0.01664584,0.01505153,0.01360634
Gram_error_fro,2.0,1,12,4,0.0,0.03602524,0.03539429,0.03426571,0.03305302,0.0315411,0.02973747,0.02774982,0.02568998,0.02364355,0.02166748,0.01979577,0.01804609,0.01642523,0.01493307,0.01356533
Gram_error_fro,2.0,1,12,4,0.0,0.08520062,0.07342977,0.05818235,0.04629302,0.03743313,0.03073773,0.02556926,0.02150169,0.01824775,0.01560832,0.01344152,0.01164382,0.0101382,0.0088664,0.00778381
Gram_error_fro,2.0,1,12,4,0.0,0.09952368,0.06880213,0.05030987,0.03895114,0.03117078,0.02541946,0.02095101,0.0173726,0.01445681,0.01205769,0.01007268,0.00842474,0.00705359,0.00591086,0.00495724
Gram_error_fro,2.0,1,12,4,0.0,0.08319197,0.06895392,0.05423329,0.0428915,0.0345709,0.02840106,0.02369586,0.02000278,0.01703345,0.01460093,0.01257955,0.01088136,0.00944255,0.00821529,0.00716282
Gram_error_fro,4.0,1,12,4,0.0,0.0814665,0.05517563,0.0393472,0.03018523,0.02408117,0.01961854,0.01619149,0.01348324,0.01130102,0.00951699,0.00804208,0.00681221,0.00577998,0.00490947,0.00417282
Gram_error_fro,4.0,2,12,4,0.0,0.10112029,0.07320357,0.05117291,0.03759385,0.02946592,0.02469235,0.02201289,0.02064475,0.02007936,0.01998459,0.0201493,0.02044402,0.02079209,0.02114975,0.0214932
Gram_error_fro,4.0,1,12,4,0.0,0.09213044,0.06445548,0.04852489,0.03814008,0.03062223,0.02493258,0.02051452,0.0170166,0.01420269,0.01190929,0.01002053,0.0084524,0.00714247,0.00604322,0.00511771
Gram_error_fro,4.0,1,12,4,0.0,0.06087457,0.0480127,0.03784567,0.03130439,0.02678817,0.02335268,0.02056085,0.01820583,0.01617694,0.01440654,0.01284895,0.01147106,0.01024758,0.00915842,0.00818708
Gram_error_fro,4.0,1,12,4,0.0,0.08511284,0.05911889,0.04198955,0.03124202,0.02412026,0.01912894,0.01547263,0.01270768,0.0105681,0.00888284,0.0075358,0.00644516,0.00555179,0.00481211,0.0041936
Gram_error_fro,4.0,2,12,4,0.0,0.0874032,0.06369966,0.04654439,0.03546018,0.02815947,0.02350364,0.02079838,0.0194767,0.01904734,0.01913089,0.01947365,0.01992415,0.02039915,0.0208561,0.02127537
Gram_error_fro,0.0,1,12,2,0.0,0.0,0.0,0.0,0.0,0.0,0.0,0.0,0.0,0.0,0.0,0.0,0.0,0.0,0.0,0.0
Gram_error_fro,2.0,1,12,2,0.0,0.02018273,0.01176736,0.00905398,0.00757972,0.00647405,0.00554756,0.00475191,0.00406711,0.00347872,0.00297397,0.00254145,0.00217109,0.00185409,0.00158289,0.00135093
Gram_error_fro,2.0,1,12,2,0.0,0.03145671,0.01486752,0.0097662,0.00738264,0.00589159,0.00480532,0.00396088,0.0032869,0.00274211,0.00229811,0.00193387,0.00163331,0.00138398,0.00117616,0.00100217
Gram_error_fro,2.0,1,12,2,0.0,0.03311008,0.00615065,0.00178329,0.0010135,0.00084619,0.0007879,0.00073793,0.00068026,0.00061625,0.00054981,0.00048435,0.00042222,0.00036486,0.000313,0.00026688
Gram_error_fro,2.0,1,12,2,0.0,0.03227811,0.01550778,0.01095648,0.0087974,0.00734503,0.00621841,0.00529831,0.00453164,0.00388653,0.00334045,0.00287618,0.00248014,0.00214136,0.0018509,0.0016014
Gram_error_fro,0.0,1,12,2,0.0,0.0,0.0,0.0,0.0,0.0,0.0,0.0,0.0,0.0,0.0,0.0,0.0,0.0,0.0,0.0
Gram_error_fro,2.0,1,12,2,0.0,0.02499152,0.01374382,0.00985732,0.00773918,0.00628591,0.00519291,0.00433342,0.00364054,0.00307338,0.0026044,0.00221381,0.0018867,0.00161155,0.00137927,0.00118254
Gram_error_fro,4.0,1,12,2,0.0,0.03822462,0.01949134,0.01189981,0.00789827,0.00543974,0.00380305,0.00266811,0.00186677,0.0012979,0.00089516,0.00061316,0.00042032,0.00029445,0.00021899,0.00017911
Gram_error_fro,2.0,1,12,2,0.0,0.03145671,0.01486752,0.0097662,0.00738264,0.00589159,0.00480532,0.00396088,0.0032869,0.00274211,0.00229811,0.00193387,0.00163331,0.00138398,0.00117616,0.00100217
Gram_error_fro,2.0,1,12,2,0.0,0.03227811,0.01550778,0.01095648,0.0087974,0.00734503,0.00621841,0.00529831,0.00453164,0.00388653,0.00334045,0.00287618,0.00248014,0.00214136,0.0018509,0.0016014
Gram_error_fro,2.0,1,12,2,0.0,0.03227811,0.01550778,0.01095648,0.0087974,0.00734503,0.00621841,0.00529831,0.00453164,0.00388653,0.00334045,0.00287618,0.00248014,0.00214136,0.0018509,0.0016014
Gram_error_fro,6.0,1,12,2,0.0,0.07407523,0.04245417,0.03075772,0.02416523,0.0195956,0.0161679,0.01349612,0.01136522,0.00963815,0.00822076,0.00704547,0.00606243,0.00523409,0.00453168,0.00393283
Gram_error_fro,2.0,1,12,2,0.0,0.02073094,0.00865031,0.00568744,0.00445859,0.00371467,0.00316635,0.00273069,0.00237395,0.00207665,0.00182538,0.00161042,0.00142459,0.00126255,0.00112028,0.00099473
Gram_error_fro,4.0,1,12,2,0.0,0.03940319,0.02582474,0.01953538,0.01553864,0.01266059,0.01046748,0.00874247,0.00735843,0.00623266,0.00530751,0.00454089,0.00390113,0.00336392,0.00291028,0.00252526
Gram_error_fro,6.0,1,12,2,0.0,0.08853169,0.05189069,0.03715584,0.02818803,0.02186703,0.01721333,0.01370734,0.01102136,0.00893492,0.00729464,0.00599138,0.00494616,0.00410093,0.0034125,0.00284825
Gram_error_fro,4.0,1,12,2,0.0,0.05585672,0.03463449,0.02573594,0.02055398,0.01689243,0.01409108,0.01186719,0.01006531,0.00858582,0.00735904,0.00633375,0.00547115,0.00474122,0.00412043,0.00359004
Gram_error_fro,0.0,1,12,2,0.0,0.0,0.0,0.0,0.0,0.0,0.0,0.0,0.0,0.0,0.0,0.0,0.0,0.0,0.0,0.0
Gram_error_fro,2.0,1,12,2,0.0,0.01845928,0.00715517,0.00333968,0.00247123,0.00254448,0.00263087,0.00259822,0.00247492,0.00229853,0.00209665,0.00188749,0.00168246,0.0014883,0.00130869,0.00114526
Gram_error_fro,0.0,1,12,2,0.0,0.0,0.0,0.0,0.0,0.0,0.0,0.0,0.0,0.0,0.0,0.0,0.0,0.0,0.0,0.0
Gram_error_fro,2.0,2,12,2,0.0,0.04750356,0.02676057,0.01983233,0.01661925,0.01480817,0.01373061,0.01311108,0.01279339,0.01267242,0.01267481,0.01275029,0.01286548,0.01299887,0.01313702,0.01327188
Gram_error_fro,2.0,1,12,2,0.0,0.0655728,0.05006346,0.03884801,0.03065082,0.02431544,0.0193725,0.01551173,0.01248653,0.01010296,0.00821259,0.00670335,0.00549086,0.00451128,0.00371597,0.00306752
Gram_error_fro,2.0,2,12,2,0.0,0.01516911,0.01355892,0.01435097,0.01495803,0.01528119,0.01538992,0.01537042,0.01528357,0.01516663,0.01504129,0.01491966,0.01480812,0.01470956,0.01462482,0.01455354
Gram_error_fro,2.0,1,12,2,0.0,0.02551208,0.01311321,0.00859239,0.00632496,0.0049629,0.00405062,0.00338893,0.00287964,0.00247027,0.00213102,0.00184408,0.00159821,0.00138589,0.00120174,0.00104169
Gram_error_fro,2.0,1,12,2,0.0,0.01845928,0.00715517,0.00333968,0.00247123,0.00254448,0.00263087,0.00259822,0.00247492,0.00229853,0.00209665,0.00188749,0.00168246,0.0014883,0.00130869,0.00114526
Gram_error_fro,2.0,1,12,2,0.0,0.06197313,0.05273201,0.04286825,0.03453448,0.02769333,0.02219781,0.01783126,0.01437032,0.01162129,0.00942868,0.00767162,0.00625719,0.00511392,0.00418657,0.00343217
Gram_error_fro,2.0,1,12,2,0.0,0.03592565,0.0225357,0.0158994,0.01204167,0.00947216,0.00762301,0.00622706,0.0051407,0.00427782,0.0035822,0.00301487,0.00254782,0.00216033,0.00183678,0.00156518
Gram_error_fro,4.0,1,12,2,0.0,0.05772248,0.03001812,0.02079645,0.01613885,0.01304723,0.01073664,0.00891977,0.00745632,0.00626146,0.005277,0.00446032,0.00377911,0.00320834,0.00272834,0.00232343
Gram_error_fro,2.0,2,12,2,0.0,0.03651588,0.02512592,0.02089459,0.01845392,0.0168611,0.01578477,0.01505101,0.01455305,0.01422054,0.01400526,0.01387327,0.01380027,0.01376865,0.01376556,0.01378162
Gram_error_fro,4.0,1,12,2,0.0,0.05293411,0.0171597,0.00938093,0.00742255,0.00654962,0.00591992,0.00538306,0.00490812,0.00448498,0.00410675,0.00376711,0.00346034,0.00318148,0.00292648,0.00269215
Gram_error_fro,4.0,1,12,2,0.0,0.04326719,0.02546171,0.01903379,0.01554243,0.01305435,0.01107849,0.00944721,0.00808035,0.00692694,0.00594924,0.00511761,0.00440823,0.00380171,0.00328214,0.00283634
Gram_error_fro,4.0,1,12,2,0.0,0.06781906,0.04283738,0.03136473,0.02435405,0.01936783,0.01563301,0.01277232,0.01054837,0.00879663,0.00739944,0.00627155,0.00535069,0.00459092,0.00395806,0.00342638
Gram_error_fro,4.0,1,12,2,0.0,0.05103888,0.02752477,0.01979946,0.01628297,0.01404529,0.01231419,0.01085989,0.00959864,0.00849022,0.00751017,0.0066412,0.0058699,0.00518525,0.00457776,0.00403912
Gram_error_fro,0.0,1,12,6,0.0,0.0,0.0,0.0,0.0,0.0,0.0,0.0,0.0,0.0,0.0,0.0,0.0,0.0,0.0,0.0
Gram_error_fro,2.0,1,12,6,0.0,0.07239134,0.04423074,0.02278204,0.01142883,0.00587334,0.00333082,0.00233945,0.002035,0.00194237,0.00188717,0.00182549,0.00175124,0.00166713,0.00157716,0.00148477
Gram_error_fro,2.0,1,12,6,0.0,0.05772085,0.03789454,0.02689656,0.02397654,0.02318119,0.02237482,0.02122157,0.01980424,0.01825515,0.01667991,0.01514933,0.01370585,0.01237157,0.01115492,0.01005563
Gram_error_fro,2.0,1,12,6,0.0,0.06846315,0.06051493,0.05164331,0.04383283,0.03704101,0.03125727,0.0264106,0.02238542,0.01905426,0.01629723,0.01400997,0.01210533,0.0105121,0.00917271,0.00804089
Gram_error_fro,2.0,1,12,6,0.0,0.06902773,0.0654498,0.05733247,0.04879933,0.04103545,0.03446306,0.02909703,0.02477607,0.0212951,0.01846599,0.01613727,0.01419448,0.01255348,0.01115261,0.00994624
Gram_error_fro,2.0,1,12,6,0.0,0.0670588,0.04869925,0.03559066,0.02880235,0.02483105,0.02196608,0.01960149,0.01753626,0.01569835,0.01405554,0.01258796,0.01127967,0.01011605,0.00908315,0.00816755
Gram_error_fro,4.0,1,12,6,0.0,0.09532536,0.07783083,0.06115629,0.04973104,0.0416045,0.03547259,0.03063049,0.02667956,0.0233797,0.02057852,0.01817448,0.0160962,0.01429072,0.0127168,0.01134101
Gram_error_fro,2.0,1,12,6,0.0,0.05417112,0.04752178,0.03880917,0.03238623,0.02763302,0.023838,0.02064801,0.01790686,0.01553637,0.01348611,0.01171593,0.01019059,0.00887837,0.00775075,0.00678233
Gram_error_fro,4.0,1,12,6,0.0,0.08760973,0.08420865,0.07582321,0.06585555,0.05589348,0.04687635,0.03916344,0.03277018,0.02755483,0.02332622,0.01989628,0.01710126,0.01480714,0.0129079,0.01132116
Gram_error_fro,4.0,1,12,6,0.0,0.08702108,0.06105267,0.04333022,0.03389209,0.02845959,0.02467033,0.02160626,0.01896077,0.01663296,0.01458218,0.01278263,0.01121103,0.00984413,0.008659,0.00763363
Gram_error_fro,4.0,1,12,6,0.0,0.09862821,0.08231615,0.06847776,0.05803277,0.04928217,0.04182593,0.03554715,0.03032058,0.0259942,0.0224137,0.01943997,0.01695587,0.0148665,0.01309647,0.01158637
Gram_error_fro,4.0,1,12,6,0.0,0.10649143,0.08986235,0.07289822,0.06018878,0.05018948,0.04210845,0.0355459,0.03021087,0.0258591,0.02228747,0.01933301,0.01686828,0.01479489,0.01303698,0.01153587
Gram_error_fro,4.0,1,12,6,0.0,0.09772034,0.08068447,0.0667669,0.0567942,0.04872662,0.04188541,0.03605656,0.0311127,0.02693353,0.02340247,0.02041351,0.0178751,0.01571054,0.01385669,0.01226192
Gram_error_fro,4.0,1,12,6,0.0,0.09881053,0.08158498,0.06778954,0.05787534,0.04993958,0.04321751,0.03743228,0.0324503,0.02817241,0.02450818,0.02137326,0.01869088,0.01639313,0.01442112,0.01272454
Gram_error_fro,2.0,1,12,6,0.0,0.08786253,0.07325657,0.05987954,0.05099767,0.04423111,0.0385224,0.03354795,0.02920251,0.02542536,0.02215855,0.01934245,0.0169187,0.01483312,0.01303716,0.01148833
Gram_error_fro,4.0,1,12,6,0.0,0.10340106,0.07703313,0.0607486,0.05159253,0.04490888,0.03922199,0.03419928,0.02977377,0.02591139,0.02256761,0.01968802,0.01721513,0.01509347,0.01327237,0.01170702
Gram_error_fro,0.0,1,12,2,0.0,0.0,0.0,0.0,0.0,0.0,0.0,0.0,0.0,0.0,0.0,0.0,0.0,0.0,0.0,0.0
Gram_error_fro,2.0,1,12,2,0.0,0.01455966,0.01199504,0.0098211,0.00811681,0.00679547,0.00576578,0.00494353,0.00426727,0.00369774,0.00321046,0.00278953,0.00242393,0.00210547,0.0018277,0.00158533
Gram_error_fro,2.0,1,12,2,0.0,0.02847096,0.01401997,0.00971097,0.00766064,0.00628755,0.00522833,0.00437263,0.00367057,0.00309031,0.00260818,0.00220577,0.00186855,0.00158501,0.00134591,0.00114385
Gram_error_fro,0.0,1,12,2,0.0,0.0,0.0,0.0,0.0,0.0,0.0,0.0,0.0,0.0,0.0,0.0,0.0,0.0,0.0,0.0
Gram_error_fro,2.0,1,12,2,0.0,0.01103069,0.00463708,0.00329192,0.00309957,0.00312694,0.00316605,0.00317516,0.0031518,0.00310152,0.00303038,0.0029435,0.00284501,0.00273823,0.00262586,0.0025101
Gram_error_fro,2.0,1,12,2,0.0,0.03476227,0.02220942,0.0143484,0.00952946,0.00676212,0.00547422,0.00508681,0.00508358,0.00516986,0.00522935,0.00522997,0.00517123,0.00506259,0.00491546,0.00474036
Gram_error_fro,2.0,1,12,2,0.0,0.02332899,0.01215678,0.00831944,0.00638523,0.00507126,0.00406475,0.00327012,0.00263968,0.00213883,0.00173999,0.00142133,0.00116584,0.00096035,0.00079465,0.00066081
Gram_error_fro,4.0,1,12,2,0.0,0.05922102,0.04626562,0.03817046,0.03185908,0.02654849,0.02208259,0.01836315,0.01528313,0.01273684,0.01063003,0.0088833,0.00743157,0.00622217,0.00521253,0.00436821
Gram_error_fro,4.0,1,12,2,0.0,0.01116023,0.01161566,0.01463682,0.01629002,0.01677995,0.01649641,0.01575655,0.01477639,0.01369229,0.01258667,0.01150749,0.01048137,0.00952182,0.0086344,0.00781986
Gram_error_fro,2.0,1,12,2,0.0,0.03672822,0.02852676,0.0212602,0.01595202,0.01209239,0.00927525,0.00719763,0.00564393,0.00446553,0.00356031,0.0028573,0.00230623,0.00187083,0.00152443,0.00124718
Gram_error_fro,4.0,1,12,2,0.0,0.07290642,0.04996348,0.0390002,0.03180769,0.02625682,0.02177228,0.01811142,0.01511313,0.01264986,0.01061824,0.0089354,0.00753545,0.00636616,0.00538612,0.00456224
Gram_error_fro,0.0,1,12,2,0.0,0.04141431,0.02472152,0.01582164,0.01042947,0.00692723,0.0046507,0.00321513,0.00235801,0.00187893,0.00161766,0.00146093,0.00134499,0.00124131,0.00113996,0.00103908
Gram_error_fro,4.0,1,12,2,0.0,0.03368416,0.03090053,0.02747748,0.02421049,0.02127802,0.0186956,0.01643074,0.01444449,0.01270122,0.01116983,0.00982342,0.00863875,0.0075958,0.00667722,0.005868
Gram_error_fro,4.0,1,12,2,0.0,0.06571372,0.02834579,0.01691666,0.01133752,0.00786114,0.00550299,0.00384696,0.00266506,0.0018164,0.00120928,0.00078377,0.00050389,0.00035269,0.0003098,0.0003242
Gram_error_fro,4.0,1,12,2,0.0,0.05922102,0.04626562,0.03909903,0.03394695,0.02969025,0.02605963,0.02294374,0.02026098,0.01794162,0.01592664,0.01416733,0.01262407,0.01126477,0.01006331,0.00899828
Gram_error_fro,4.0,1,12,2,0.0,0.06335584,0.04404817,0.03357834,0.02660515,0.02135148,0.01723739,0.01397904,0.01138382,0.00930592,0.00763303,0.00627882,0.00517696,0.00427639,0.00353752,0.00292941
Gram_error_fro,0.0,1,12,4,0.0,0.0,0.0,0.0,0.0,0.0,0.0,0.0,0.0,0.0,0.0,0.0,0.0,0.0,0.0,0.0
Gram_error_fro,2.0,1,12,4,0.0,0.05827481,0.04843596,0.03593494,0.02628227,0.01943402,0.01459105,0.01110668,0.00855202,0.00664997,0.00521731,0.00412859,0.00329521,0.00265307,0.00215506,0.00176613
Gram_error_fro,2.0,1,12,4,0.0,0.08343024,0.05636442,0.03401678,0.02051252,0.0126311,0.00798031,0.00517136,0.00342515,0.00230598,0.00156971,0.0010785,0.00075328,0.00054679,0.00042688,0.00036557
Gram_error_fro,2.0,1,12,4,0.0,0.03271483,0.02366318,0.01859167,0.01594135,0.01405662,0.01253497,0.01125733,0.01015661,0.00918805,0.00832279,0.00754245,0.00683496,0.00619184,0.00560663,0.00507405
Gram_error_fro,2.0,1,12,4,0.0,0.0473894,0.03084433,0.02221085,0.01759863,0.01469484,0.0126325,0.01104031,0.00973825,0.0086335,0.00767532,0.00683363,0.00608891,0.00542725,0.00483802,0.00431261
Gram_error_fro,2.0,1,12,4,0.0,0.05311745,0.03878918,0.02754497,0.02033676,0.01543235,0.01190209,0.00928042,0.00729932,0.00578483,0.00461634,0.00370754,0.00299558,0.00243409,0.00198854,0.00163294
Gram_error_fro,2.0,1,12,4,0.0,0.07168498,0.05622456,0.04215067,0.03228451,0.02534195,0.02025589,0.01639209,0.01338284,0.01100192,0.00909853,0.00756528,0.00632226,0.00530855,0.00447707,0.00379124
Gram_error_fro,2.0,1,12,4,0.0,0.0473894,0.03084433,0.02221085,0.01759863,0.01469484,0.0126325,0.01104031,0.00973825,0.0086335,0.00767532,0.00683363,0.00608891,0.00542725,0.00483802,0.00431261
Gram_error_fro,2.0,1,12,4,0.0,0.05173244,0.03958785,0.03055448,0.02403999,0.01918672,0.01547847,0.01259761,0.01033182,0.00853031,0.00708315,0.00590941,0.0049492,0.00415782,0.00350153,0.00295455
Gram_error_fro,4.0,1,12,4,0.0,0.08122442,0.05006514,0.03161953,0.02096931,0.01449117,0.01041813,0.00779782,0.00607347,0.00490549,0.00408386,0.00347922,0.00301288,0.00263748,0.00232458,0.00205698
Gram_error_fro,2.0,1,12,4,0.0,0.01563495,0.01148057,0.00863795,0.00678262,0.00562015,0.00481902,0.00419826,0.00368148,0.00323691,0.0028491,0.00250868,0.00220895,0.00194462,0.00171133,0.00150539
Gram_error_fro,4.0,1,12,4,0.0,0.09138493,0.06371931,0.04859504,0.04042928,0.03463271,0.02984699,0.02573402,0.02219205,0.01915803,0.01656953,0.01436367,0.01248143,0.01087071,0.00948727,0.00829442
Gram_error_fro,2.0,1,12,4,0.0,0.09734157,0.07663158,0.05917998,0.04720312,0.03848394,0.03176105,0.02641372,0.02209114,0.01856162,0.01565756,0.01325253,0.01124932,0.00957233,0.00816222,0.00697194
Gram_error_fro,4.0,1,12,4,0.0,0.077335,0.07434358,0.06387837,0.0542148,0.04652641,0.04049464,0.03563975,0.03160236,0.02815338,0.02515219,0.02251033,0.02016865,0.01808449,0.01622493,0.01456315
Gram_error_fro,2.0,1,12,4,0.0,0.05707096,0.05042315,0.0442299,0.03837242,0.03293069,0.0280595,0.02382785,0.02022433,0.0171908,0.0146502,0.0125238,0.01073994,0.00923741,0.00796579,0.00688433
Gram_error_fro,4.0,1,12,4,0.0,0.07253142,0.06077834,0.04979546,0.04137283,0.0345415,0.02886385,0.02415347,0.02027437,0.0170953,0.01449133,0.01235135,0.01058207,0.00910826,0.00787076,0.00682368
Gram_error_fro,0.0,1,12,2,0.0,0.0,0.0,0.0,0.0,0.0,0.0,0.0,0.0,0.0,0.0,0.0,0.0,0.0,0.0,0.0
Gram_error_fro,2.0,1,12,2,0.0,0.05216863,0.01823498,0.01172049,0.00945658,0.00802001,0.00689129,0.005947,0.00514059,0.00444624,0.00384606,0.00332624,0.00287556,0.00248466,0.0021456,0.00185157
Gram_error_fro,2.0,1,12,2,0.0,0.05061106,0.02334301,0.01543402,0.01193305,0.0097702,0.00818235,0.00691799,0.0058735,0.00499614,0.00425344,0.0036224,0.00308524,0.00262761,0.00223758,0.00190514
Gram_error_fro,2.0,1,12,2,0.0,0.02769693,0.02009921,0.0168215,0.01457276,0.01265385,0.01095323,0.00945539,0.00814912,0.00701735,0.00604026,0.00519819,0.00447305,0.00384878,0.0033114,0.00284881
Gram_error_fro,2.0,1,12,2,0.0,0.0351871,0.02119647,0.013987,0.00956387,0.0067477,0.00499721,0.00393745,0.00328974,0.00286435,0.00254972,0.00228908,0.0020569,0.00184307,0.00164433,0.00146004
Gram_error_fro,2.0,1,12,2,0.0,0.00516209,0.00157044,0.0012777,0.00139106,0.00148416,0.00151377,0.00148709,0.00142119,0.00133163,0.00122994,0.00112396,0.00101877,0.00091755,0.00082213,0.00073352
Gram_error_fro,4.0,1,12,2,0.0,0.05929139,0.04106793,0.03325966,0.02862138,0.02513788,0.02224731,0.01975623,0.01757786,0.01566046,0.01396638,0.01246558,0.01113312,0.00994802,0.0088924,0.00795096
Gram_error_fro,4.0,1,12,2,0.0,0.03573885,0.02233309,0.01453603,0.00953338,0.00612784,0.00378642,0.00218186,0.00109846,0.00041915,0.00030894,0.00053963,0.00070639,0.00079737,0.00083228,0.00082845
Gram_error_fro,2.0,1,12,2,0.0,0.02812787,0.01920574,0.01581831,0.01351483,0.01157742,0.00989365,0.00843739,0.00718726,0.0061191,0.00520859,0.00443326,0.00377324,0.00321139,0.00273306,0.00232579
Gram_error_fro,4.0,1,12,2,0.0,0.10929833,0.07639089,0.05639382,0.04301826,0.03324211,0.02589703,0.02031698,0.01604294,0.0127433,0.01017617,0.00816426,0.00657685,0.00531673,0.00431103,0.00350457
Gram_error_fro,4.0,1,12,2,0.0,0.05520529,0.03936507,0.03334404,0.02931986,0.02587923,0.02278704,0.0200121,0.01754425,0.01536582,0.01345232,0.01177647,0.01031115,0.00903087,0.00791247,0.00693533
Gram_error_fro,4.0,1,12,2,0.0,0.05537032,0.02498769,0.01842797,0.0155402,0.01317462,0.01111278,0.00934426,0.00784652,0.00658614,0.00552833,0.00464131,0.00389754,0.00327371,0.00275028,0.0023109
Gram_error_fro,4.0,2,12,2,0.0,0.04146399,0.02599551,0.02022696,0.01719108,0.01524208,0.01395417,0.01313942,0.01266825,0.0124386,0.01237139,0.01240813,0.01250751,0.01264134,0.012791,0.01294449
Gram_error_fro,2.0,1,12,2,0.0,0.00966078,0.00344219,0.00240793,0.00243104,0.00269635,0.0029962,0.00326473,0.00348202,0.00364444,0.00375445,0.00381693,0.00383762,0.00382243,0.00377702,0.00370669
Gram_error_fro,4.0,1,12,2,0.0,0.02856269,0.01992679,0.01491598,0.01180617,0.00965914,0.00806294,0.00681048,0.00579255,0.00494796,0.00423906,0.00364028,0.00313272,0.0027016,0.00233488,0.00202259
Gram_error_fro,4.0,1,12,2,0.0,0.04454144,0.02628046,0.01975445,0.01668596,0.014829,0.01350091,0.01244022,0.01153276,0.01072323,0.00998251,0.00929444,0.00864977,0.00804312,0.0074713,0.0069323
Gram_error_fro,0.0,1,12,2,0.0,0.0,0.0,0.0,0.0,0.0,0.0,0.0,0.0,0.0,0.0,0.0,0.0,0.0,0.0,0.0
Gram_error_fro,2.0,1,12,2,0.0,0.03908721,0.0323561,0.02923584,0.02657219,0.02395254,0.02147587,0.01919017,0.01710547,0.01521757,0.01351637,0.01198904,0.01062167,0.00940019,0.008311,0.00734126
Gram_error_fro,2.0,1,12,2,0.0,0.05144997,0.05146284,0.04680789,0.04137586,0.03628711,0.03182353,0.02797936,0.02467572,0.02182833,0.01936387,0.01722166,0.01535193,0.01371376,0.0122733,0.01100247
Gram_error_fro,0.0,1,12,2,0.0,0.0,0.0,0.0,0.0,0.0,0.0,0.0,0.0,0.0,0.0,0.0,0.0,0.0,0.0,0.0
Gram_error_fro,2.0,1,12,2,0.0,0.03271873,0.02637713,0.0189715,0.01355332,0.00966957,0.00691385,0.00503563,0.00386008,0.00323013,0.00296858,0.00290185,0.0029078,0.00292225,0.00291847,0.0028885
Gram_error_fro,2.0,1,12,2,0.0,0.07281863,0.06504424,0.05403805,0.04361539,0.03502609,0.02831078,0.02313367,0.01913063,0.01600292,0.01352547,0.01153385,0.00990909,0.00856519,0.00743968,0.00648678
Gram_error_fro,2.0,1,12,2,0.0,0.06151321,0.05415881,0.0428195,0.0330757,0.02566024,0.02019875,0.01618435,0.0132058,0.01096448,0.0092492,0.00791117,0.00684559,0.00597883,0.00525929,0.00465085
Gram_error_fro,2.0,1,12,2,0.0,0.05144997,0.05146284,0.04680789,0.04137586,0.03628711,0.03182353,0.02797936,0.02467572,0.02182833,0.01936387,0.01722166,0.01535193,0.01371376,0.0122733,0.01100247
Gram_error_fro,2.0,1,12,2,0.0,0.09287919,0.0433158,0.02608947,0.01856446,0.01390515,0.01077078,0.00868016,0.00730083,0.00637639,0.00572322,0.00522279,0.00480568,0.00443448,0.00409063,0.00376582
Gram_error_fro,4.0,1,12,2,0.0,0.09323885,0.04292562,0.02496407,0.01684141,0.01172431,0.0081181,0.00553654,0.00371847,0.00249778,0.00176989,0.00144321,0.00137381,0.00140552,0.001448,0.00146883
Gram_error_fro,4.0,1,12,2,0.0,0.09644274,0.0590647,0.04692433,0.041778,0.03791815,0.0344658,0.03129834,0.02839494,0.02574479,0.02333472,0.02114866,0.01916903,0.0173779,0.01575788,0.01429255
Gram_error_fro,2.0,1,12,2,0.0,0.09630098,0.06157927,0.04687033,0.03879109,0.03269346,0.02772353,0.02363087,0.02025099,0.01744783,0.01510952,0.01314626,0.01148688,0.0100752,0.00886683,0.00782654
Gram_error_fro,4.0,1,12,2,0.0,0.02309576,0.01256444,0.00551576,0.00277141,0.00348549,0.00436738,0.00478477,0.00485183,0.00470138,0.0044282,0.00409441,0.00373913,0.00338597,0.00304843,0.00273356
Gram_error_fro,4.0,1,12,2,0.0,0.13929581,0.15074616,0.14417422,0.13423568,0.12396305,0.11413173,0.10494591,0.0964468,0.08862297,0.08144297,0.07486675,0.0688507,0.06335054,0.05832296,0.05372676
Gram_error_fro,2.0,1,12,2,0.0,0.05399718,0.03628503,0.02865545,0.02418154,0.02075619,0.0179633,0.01564198,0.01368503,0.01201456,0.01057401,0.00932195,0.00822741,0.00726655,0.00642055,0.00567412
Gram_error_fro,2.0,1,12,2,0.0,0.05620834,0.05317131,0.04731007,0.04089246,0.03488585,0.02960814,0.02508221,0.02123854,0.01798875,0.01524732,0.01293725,0.01099115,0.00935101,0.00796745,0.00679881
Gram_error_fro,0.0,1,12,3,0.0,0.0,0.0,0.0,0.0,0.0,0.0,0.0,0.0,0.0,0.0,0.0,0.0,0.0,0.0,0.0
Gram_error_fro,2.0,1,12,3,0.0,0.05599987,0.05294436,0.04554489,0.038863,0.03320006,0.02840594,0.02432859,0.02084854,0.01787149,0.01532083,0.01313317,0.01125546,0.00964299,0.00825794,0.00706816
Gram_error_fro,2.0,1,12,3,0.0,0.03536759,0.02709441,0.02104098,0.01672068,0.01327675,0.01048186,0.00823985,0.00646422,0.00507228,0.00399189,0.00316376,0.0025401,0.00208171,0.00175475,0.00152847
Gram_error_fro,2.0,1,12,3,0.0,0.04095967,0.03349618,0.02780433,0.02355522,0.01996616,0.01692473,0.01438873,0.01228677,0.0105388,0.00907411,0.00783639,0.00678256,0.00587981,0.00510287,0.00443189
Gram_error_fro,2.0,1,12,3,0.0,0.07594484,0.06308145,0.05520179,0.04818536,0.04170877,0.03598099,0.0310521,0.0268625,0.02331552,0.02031198,0.0177626,0.01559109,0.01373372,0.01213782,0.01076009
Gram_error_fro,2.0,1,12,3,0.0,0.02660558,0.01836407,0.01347191,0.01033256,0.00818181,0.00660318,0.00539422,0.00444823,0.0036986,0.0030986,0.00261377,0.00221831,0.00189282,0.00162263,0.00139661
Gram_error_fro,2.0,1,12,3,0.0,0.06358958,0.04681465,0.03662697,0.02952085,0.02406169,0.01972349,0.01621892,0.01335888,0.01101008,0.00907427,0.00747625,0.00615682,0.00506845,0.0041724,0.00343682
Gram_error_fro,2.0,1,12,3,0.0,0.10658203,0.09089309,0.07523941,0.0616391,0.0504307,0.04138694,0.03412626,0.02828366,0.02355728,0.01970993,0.01655835,0.01396122,0.01180914,0.01001684,0.00851736
Gram_error_fro,4.0,1,12,3,0.0,0.07803487,0.05041995,0.03337507,0.02451793,0.01982692,0.01693933,0.01483175,0.01311897,0.01165477,0.01037549,0.00924682,0.00824617,0.0073566,0.00656441,0.00585813
Gram_error_fro,4.0,1,12,3,0.0,0.06170427,0.05593318,0.04758761,0.04125911,0.03633397,0.03226451,0.02879005,0.0257753,0.02313406,0.02080381,0.0187366,0.01689469,0.01524778,0.0137711,0.01244405
Gram_error_fro,2.0,1,12,3,0.0,0.03376942,0.02704429,0.02283621,0.01994241,0.01747133,0.01526323,0.01330716,0.01159507,0.01010679,0.00881629,0.00769725,0.00672568,0.00588068,0.00514449,0.00450207
Gram_error_fro,4.0,1,12,3,0.0,0.10144683,0.08284162,0.06563098,0.0531463,0.04426829,0.03793926,0.03340014,0.03009629,0.02762203,0.02569012,0.02410592,0.02274302,0.02152224,0.02039558,0.01933484
Gram_error_fro,4.0,1,12,3,0.0,0.08427578,0.05792383,0.0444557,0.03697018,0.03162806,0.02728255,0.02358766,0.02040582,0.01765689,0.01528038,0.0132257,0.01144916,0.00991288,0.00858401,0.00743417
Gram_error_fro,4.0,1,12,3,0.0,0.07305777,0.07130079,0.06290561,0.05417242,0.04641169,0.03983478,0.03433741,0.02974452,0.02588912,0.02263191,0.01986163,0.01749036,0.0154486,0.01368102,0.01214328
Gram_error_fro,4.0,1,12,3,0.0,0.08867577,0.06740123,0.05263057,0.04238367,0.03462834,0.02846693,0.02347457,0.01939975,0.0160635,0.01332679,0.0110783,0.00922806,0.00770322,0.00644473,0.00540468
Gram_error_fro,4.0,1,12,3,0.0,0.0791864,0.05999996,0.04745227,0.03906808,0.03286725,0.02799019,0.02401557,0.0207054,0.01790959,0.01552548,0.01347858,0.01171252,0.01018336,0.00885595,0.00770167
Gram_error_fro,0.0,1,12,2,0.0,0.0,0.0,0.0,0.0,0.0,0.0,0.0,0.0,0.0,0.0,0.0,0.0,0.0,0.0,0.0
Gram_error_fro,2.0,1,12,2,0.0,0.04515486,0.02542848,0.01921678,0.0161192,0.01406684,0.01252048,0.01127195,0.0102232,0.00932045,0.00853026,0.00782994,0.00720322,0.00663803,0.00612519,0.00565759
Gram_error_fro,2.0,1,12,2,0.0,0.03817023,0.02379303,0.01659412,0.01215144,0.00905774,0.00680364,0.00513008,0.00387574,0.00293054,0.00221608,0.00167512,0.00126524,0.00095467,0.00071946,0.00054148
Gram_error_fro,2.0,1,12,2,0.0,0.03817023,0.02379303,0.01754096,0.01391615,0.01136867,0.00942737,0.00789772,0.00667243,0.00568028,0.00486961,0.00420146,0.00364606,0.00318048,0.00278701,0.0024519
Gram_error_fro,2.0,1,12,2,0.0,0.02022387,0.01317285,0.00831808,0.00558916,0.00389062,0.00275712,0.00197414,0.00142306,0.0010307,0.00074926,0.00054642,0.00039982,0.00029374,0.000217,0.00016154
Gram_error_fro,2.0,1,12,2,0.0,0.05007429,0.01838399,0.00987511,0.00641705,0.00448777,0.00323315,0.00235959,0.0017322,0.0012749,0.00093911,0.00069166,0.00050905,0.00037427,0.0002749,0.00020177
Gram_error_fro,4.0,1,12,2,0.0,0.0744929,0.04770209,0.03239328,0.02300053,0.01678068,0.01246273,0.00937634,0.00712659,0.00546285,0.00421831,0.00327841,0.00256272,0.0020138,0.00159003,0.00126094
Gram_error_fro,4.0,1,12,2,0.0,0.0520982,0.02124431,0.0129849,0.00945997,0.00725922,0.00568084,0.00449671,0.00359145,0.00289103,0.00234361,0.00191183,0.00156836,0.00129306,0.00107085,0.00089039
Gram_error_fro,2.0,1,12,2,0.0,0.03254463,0.02165481,0.0149585,0.01063231,0.00764487,0.00551405,0.00397379,0.00285518,0.0020421,0.00145168,0.00102389,0.00071491,0.0004927,0.00033374,0.00022081
Gram_error_fro,4.0,1,12,2,0.0,0.07532201,0.05302969,0.04016149,0.03164394,0.02552077,0.02095904,0.01748175,0.0147764,0.01262892,0.01089093,0.00945911,0.00826099,0.00724523,0.00637484,0.00562268
Gram_error_fro,2.0,1,12,2,0.0,0.02713589,0.01560497,0.00993127,0.00696559,0.00515561,0.00391262,0.00300355,0.00231819,0.00179376,0.00138944,0.00107651,0.00083385,0.00064553,0.00049937,0.00038597
Gram_error_fro,4.0,1,12,2,0.0,0.05159544,0.03423389,0.02491572,0.01932609,0.01558125,0.01286251,0.01077492,0.00911018,0.00774821,0.00661435,0.00565907,0.0048478,0.0041552,0.00356197,0.00305291
Gram_error_fro,4.0,1,12,2,0.0,0.05141287,0.03269887,0.02114605,0.01424942,0.00996519,0.00719182,0.00533539,0.00405692,0.00315287,0.00249676,0.00200823,0.00163546,0.00134462,0.00111331,0.00092643
Gram_error_fro,2.0,1,12,2,0.0,0.01580578,0.00563408,0.00261386,0.00160684,0.00118157,0.00094315,0.00078073,0.00065746,0.0005581,0.00047518,0.00040457,0.00034382,0.00029133,0.00024601,0.00020697
Gram_error_fro,4.0,1,12,2,0.0,0.08660848,0.05827311,0.04378916,0.03444063,0.0275332,0.02217706,0.01794745,0.01457837,0.01187955,0.00970757,0.00795224,0.00652815,0.00536877,0.00442197,0.00364671
Gram_error_fro,4.0,2,12,2,0.0,0.01596009,0.01094976,0.01145414,0.01188109,0.01230718,0.01268529,0.01300231,0.01326269,0.01347471,0.01364653,0.01378531,0.01389712,0.01398701,0.01405913,0.01411692
Gram_error_fro,0.0,1,12,2,0.0,0.0,0.0,0.0,0.0,0.0,0.0,0.0,0.0,0.0,0.0,0.0,0.0,0.0,0.0,0.0
Gram_error_fro,2.0,1,12,2,0.0,0.04030747,0.02773118,0.01941545,0.0145032,0.01117683,0.00872155,0.00685537,0.00542094,0.00430961,0.00344219,0.00276056,0.00222188,0.00179429,0.00145382,0.00118215
Gram_error_fro,2.0,1,12,2,0.0,0.05601935,0.05481386,0.04793183,0.04126413,0.03559159,0.03084387,0.02685316,0.02347069,0.02057935,0.01808912,0.01593069,0.01405008,0.0124047,0.01096038,0.00968931
Gram_error_fro,2.0,1,12,2,0.0,0.04253434,0.04448177,0.04063648,0.03584661,0.03129905,0.0272362,0.0236746,0.0205742,0.01788247,0.01554735,0.01352135,0.01176256,0.01023462,0.00890621,0.00775049
Gram_error_fro,2.0,1,12,2,0.0,0.0137963,0.00524225,0.00375141,0.00354163,0.00333416,0.0030876,0.00283101,0.00257938,0.00233945,0.00211423,0.00190495,0.00171186,0.00153472,0.00137296,0.00122584
Gram_error_fro,2.0,1,12,2,0.0,0.01419529,0.0132362,0.01402435,0.01343782,0.01229943,0.01100348,0.00971868,0.00851909,0.00743355,0.00646843,0.00561934,0.00487713,0.00423097,0.00366991,0.00318354
Gram_error_fro,2.0,2,12,2,0.0,0.0936355,0.05833468,0.04394725,0.03744731,0.03343227,0.03044295,0.02803269,0.02602223,0.02431864,0.0228639,0.02161697,0.02054638,0.01962678,0.0188371,0.01815949
Gram_error_fro,2.0,1,12,2,0.0,0.05465445,0.05457753,0.04713292,0.03955531,0.03303545,0.02762048,0.02315351,0.0194648,0.01640885,0.01386749,0.01174599,0.00996849,0.00847417,0.00721405,0.00614853
Gram_error_fro,4.0,2,12,2,0.0,0.098793,0.06927672,0.04973081,0.03645037,0.02690858,0.02001654,0.01519024,0.01206146,0.01032973,0.00964875,0.00963041,0.00994974,0.01040103,0.01087658,0.01132705
Gram_error_fro,0.0,1,12,2,0.0,0.0,0.0,0.0,0.0,0.0,0.0,0.0,0.0,0.0,0.0,0.0,0.0,0.0,0.0,0.0
Gram_error_fro,4.0,1,12,2,0.0,0.02955881,0.02021095,0.01685547,0.01468421,0.01278897,0.01109881,0.00961328,0.00832213,0.0072066,0.00624528,0.00541735,0.00470398,0.0040887,0.00355739,0.00309798
Gram_error_fro,4.0,1,12,2,0.0,0.0893949,0.04453474,0.02773514,0.02034369,0.01634682,0.01398205,0.01248058,0.01142456,0.01058703,0.00985332,0.00917061,0.00851757,0.00788785,0.00728149,0.00670081
Gram_error_fro,4.0,1,12,2,0.0,0.05926287,0.04898006,0.04122917,0.03422716,0.02818467,0.02313929,0.01898943,0.01559765,0.01283131,0.01057526,0.0087337,0.00722845,0.00599623,0.00498587,0.00415604
Gram_error_fro,4.0,1,12,2,0.0,0.11730322,0.07170246,0.05485737,0.04711865,0.04246764,0.03913046,0.03642452,0.03404779,0.03186175,0.02980448,0.0278504,0.0259905,0.02422268,0.02254708,0.020964
Gram_error_fro,2.0,1,12,2,0.0,0.05112962,0.03954538,0.0313498,0.02533308,0.02062533,0.01688127,0.01388478,0.01147308,0.00952038,0.00792987,0.00662724,0.00555519,0.00466921,0.00393438,0.00332303
Gram_error_fro,4.0,1,12,2,0.0,0.04864091,0.03224297,0.02218895,0.01637181,0.0126916,0.01028462,0.00869201,0.00760108,0.00680105,0.00616333,0.00561675,0.00512504,0.00467103,0.00424729,0.00385098
Gram_error_fro,0.0,1,12,2,0.0,0.0,0.0,0.0,0.0,0.0,0.0,0.0,0.0,0.0,0.0,0.0,0.0,0.0,0.0,0.0
Gram_error_fro,2.0,1,12,2,0.0,0.02016198,0.01100358,0.00757144,0.00578289,0.00463015,0.00380419,0.00317806,0.00268494,0.00228486,0.00195282,0.00167273,0.00143397,0.00122918,0.00105302,0.00090133
Gram_error_fro,2.0,1,12,2,0.0,0.02755831,0.01406647,0.00846468,0.00551062,0.00382868,0.00292024,0.00250321,0.00235359,0.00231136,0.00229123,0.0022585,0.00220337,0.00212644,0.00203192,0.00192486
Gram_error_fro,2.0,2,12,2,0.0,0.03464643,0.01806216,0.01279616,0.01098759,0.01056378,0.01071258,0.01107512,0.01149533,0.01190654,0.0122818,0.01261224,0.01289726,0.01313995,0.01334484,0.01351679
Gram_error_fro,0.0,1,12,2,0.0,0.0,0.0,0.0,0.0,0.0,0.0,0.0,0.0,0.0,0.0,0.0,0.0,0.0,0.0,0.0
Gram_error_fro,2.0,1,12,2,0.0,0.04137211,0.00875107,0.00263779,0.00159311,0.00113057,0.00078231,0.00051567,0.00031854,0.00017734,7.945e-05,1.974e-05,3.757e-05,6.341e-05,7.875e-05,8.618e-05
Gram_error_fro,4.0,1,12,2,0.0,0.02589369,0.01107866,0.0076196,0.00612632,0.00509856,0.00428831,0.00362714,0.00307833,0.00261691,0.00222546,0.00189161,0.00160622,0.00136216,0.00115365,0.00097579
Gram_error_fro,2.0,1,12,2,0.0,0.02746302,0.01709828,0.01255291,0.00973387,0.00776724,0.00631048,0.00518707,0.00429744,0.00358078,0.0029969,0.00251747,0.0021215,0.00179297,0.00151932,0.00129063
Gram_error_fro,4.0,1,12,2,0.0,0.07285818,0.04718642,0.03506142,0.02723723,0.02150548,0.01713646,0.01375471,0.01111312,0.00903407,0.00738623,0.00607135,0.00501539,0.00416214,0.00346869,0.00290202
Gram_error_fro,4.0,1,12,2,0.0,0.01498507,0.00633412,0.00441099,0.00356775,0.00302878,0.0026405,0.00233262,0.00206705,0.00182659,0.00160529,0.00140199,0.00121692,0.00105031,0.00090192,0.00077104
Gram_error_fro,4.0,1,12,2,0.0,0.0831236,0.06252736,0.05073781,0.04244772,0.03578771,0.03025902,0.0256444,0.02178852,0.0185613,0.01585292,0.01357229,0.01164492,0.01001027,0.00861925,0.00743194
Gram_error_fro,0.0,1,12,2,0.0,0.0,0.0,0.0,0.0,0.0,0.0,0.0,0.0,0.0,0.0,0.0,0.0,0.0,0.0,0.0
Gram_error_fro,4.0,1,12,2,0.0,0.06829623,0.05164748,0.04347309,0.03821462,0.03396637,0.03025484,0.02695362,0.02401268,0.02139604,0.01907018,0.01700335,0.0151663,0.01353265,0.01207899,0.01078465
Gram_error_fro,2.0,1,12,2,0.0,0.04287303,0.0109101,0.00454184,0.00315133,0.00239007,0.00180313,0.00134426,0.00099245,0.00072675,0.0005281,0.00038085,0.00027278,0.00019468,0.00013967,0.00010265
Gram_error_fro,4.0,1,12,2,0.0,0.06865817,0.0365102,0.02724382,0.02239334,0.01868402,0.01563413,0.01310482,0.01100697,0.00926576,0.00781756,0.00660947,0.00559837,0.00474938,0.00403439,0.00343064
Gram_error_fro,4.0,1,12,2,0.0,0.03771273,0.02468399,0.01982987,0.01707774,0.01488048,0.01294916,0.01123812,0.00973449,0.00842303,0.00728466,0.00629917,0.00544717,0.00471101,0.00407502,0.00352556
Gram_error_fro,0.0,1,12,5,0.0,0.0,0.0,0.0,0.0,0.0,0.0,0.0,0.0,0.0,0.0,0.0,0.0,0.0,0.0,0.0
Gram_error_fro,0.0,1,12,5,0.0,0.0,0.0,0.0,0.0,0.0,0.0,0.0,0.0,0.0,0.0,0.0,0.0,0.0,0.0,0.0
Gram_error_fro,2.0,1,12,5,0.0,0.05614738,0.04483437,0.03286571,0.02494116,0.01968504,0.01586939,0.01289503,0.01050094,0.00855812,0.00698348,0.00571149,0.00468651,0.00386117,0.00319585,0.00265811
Gram_error_fro,2.0,1,12,5,0.0,0.0901463,0.07252876,0.05485666,0.04189911,0.0323521,0.02519908,0.01978599,0.01566397,0.01250871,0.01008005,0.00819852,0.00672965,0.00557279,0.00465273,0.00391336
Gram_error_fro,2.0,1,12,5,0.0,0.08858585,0.06992411,0.05236451,0.03972944,0.03055333,0.02375456,0.01865396,0.01479588,0.01185733,0.00960288,0.00785894,0.006497,0.00542189,0.00456327,0.00386921
Gram_error_fro,0.0,1,12,5,0.0,0.03694228,0.03190423,0.0264521,0.02188089,0.01805509,0.01484879,0.01219051,0.01001224,0.00824019,0.0068016,0.00563147,0.00467559,0.00389064,0.00324274,0.00270559
Gram_error_fro,4.0,1,12,5,0.0,0.08528452,0.06724316,0.04828749,0.03476472,0.02566066,0.01955961,0.01539426,0.01245374,0.01029184,0.00863743,0.00732723,0.00626168,0.00537815,0.00463548,0.00400524
Gram_error_fro,4.0,1,12,5,0.0,0.06420362,0.05572775,0.04767759,0.04139501,0.03643871,0.03226372,0.02859804,0.02534122,0.02245409,0.0199092,0.01767668,0.01572334,0.01401514,0.01251955,0.01120703
Gram_error_fro,0.0,1,12,5,0.0,0.0,0.0,0.0,0.0,0.0,0.0,0.0,0.0,0.0,0.0,0.0,0.0,0.0,0.0,0.0
Gram_error_fro,4.0,1,12,5,0.0,0.04545051,0.0326382,0.02549898,0.02032429,0.01629337,0.01312698,0.0106299,0.00864934,0.00706827,0.00579806,0.00477148,0.00393726,0.00325602,0.00269732,0.00223744
Gram_error_fro,2.0,1,12,5,0.0,0.08115608,0.05639034,0.03857334,0.02807311,0.02131839,0.01656653,0.01304439,0.01036248,0.00828977,0.00667189,0.0053988,0.00438966,0.00358419,0.00293711,0.00241421
Gram_error_fro,4.0,1,12,5,0.0,0.10669054,0.08624517,0.0656704,0.05085576,0.04016759,0.03221647,0.02617011,0.02150499,0.01786272,0.01498519,0.012683,0.01081689,0.0092846,0.00801119,0.00694151
Gram_error_fro,4.0,1,12,5,0.0,0.09034706,0.07213125,0.05702657,0.04579848,0.03706637,0.03016475,0.02469959,0.02037233,0.01693822,0.01419778,0.01199265,0.01020027,0.00872754,0.0075045,0.00647881
Gram_error_fro,4.0,1,12,5,0.0,0.11209101,0.07944771,0.05169608,0.03430199,0.0237249,0.01712677,0.01281805,0.00985894,0.00773241,0.00614795,0.00493516,0.00398862,0.00323945,0.00264044,0.00215789
Gram_error_fro,4.0,1,12,5,0.0,0.12469208,0.09350099,0.06237136,0.04184752,0.02935365,0.02182474,0.01716622,0.01411408,0.01195813,0.01031884,0.00899791,0.00789083,0.0069403,0.00611275,0.00538675
Gram_error_fro,2.0,1,12,5,0.0,0.11910459,0.08967659,0.06382177,0.0461172,0.03397586,0.02543417,0.01928089,0.01476781,0.01141529,0.00890218,0.00700507,0.00556408,0.00446254,0.00361443,0.002956
Gram_error_fro,0.0,1,12,2,0.0,0.0,0.0,0.0,0.0,0.0,0.0,0.0,0.0,0.0,0.0,0.0,0.0,0.0,0.0,0.0
Gram_error_fro,2.0,1,12,2,0.0,0.03918684,0.02742932,0.02043717,0.01529304,0.01144505,0.00859178,0.00648107,0.0049145,0.00374494,0.00286608,0.00220154,0.00169626,0.00131024,0.00101418,0.00078636
Gram_error_fro,2.0,1,12,2,0.0,0.03864358,0.02139485,0.01346672,0.00899704,0.00620946,0.00438834,0.00316571,0.00232992,0.00175026,0.0013423,0.00105011,0.00083631,0.00067602,0.00055276,0.0004557
Gram_error_fro,2.0,1,12,2,0.0,0.00644632,0.0018007,0.00122296,0.00169901,0.00191584,0.00192561,0.00182295,0.00166627,0.00148888,0.00130945,0.00113822,0.00098048,0.00083857,0.00071307,0.00060349
Gram_error_fro,2.0,1,12,2,0.0,0.00928312,0.00982622,0.01048409,0.01055006,0.01023762,0.00970594,0.00906033,0.00836551,0.00766138,0.00697263,0.00631427,0.00569497,0.00511918,0.0045886,0.00410307
Gram_error_fro,0.0,1,12,2,0.0,0.0,0.0,0.0,0.0,0.0,0.0,0.0,0.0,0.0,0.0,0.0,0.0,0.0,0.0,0.0
Gram_error_fro,2.0,1,12,2,0.0,0.0194974,0.01052613,0.00674892,0.00472178,0.00349059,0.00269184,0.00215569,0.00178641,0.00152307,0.00132591,0.00116978,0.00103957,0.00092662,0.00082611,0.00073546
Gram_error_fro,2.0,1,12,2,0.0,0.02157711,0.01249143,0.0088977,0.00692221,0.00556521,0.00453911,0.00373287,0.00308879,0.0025695,0.00214805,0.00180403,0.00152175,0.00128897,0.00109607,0.00093549
Gram_error_fro,2.0,1,12,2,0.0,0.04691701,0.03365732,0.02347976,0.01631548,0.01137984,0.00798974,0.00564107,0.00399573,0.00283227,0.00200418,0.00141254,0.00098926,0.00068667,0.00047101,0.00031813
Gram_error_fro,2.0,1,12,2,0.0,0.03918684,0.0293184,0.02528399,0.02255966,0.02028874,0.01826877,0.01644028,0.01477962,0.01327233,0.01190644,0.0106708,0.00955479,0.00854832,0.00764188,0.00682656
Gram_error_fro,4.0,1,12,2,0.0,0.00733271,0.00176687,0.00159579,0.00229962,0.00254169,0.00250291,0.00232829,0.00209737,0.00185154,0.00161202,0.00138933,0.00118815,0.00100989,0.00085413,0.00071947
Gram_error_fro,2.0,1,12,2,0.0,0.04741887,0.03335446,0.02556289,0.02056076,0.01698054,0.01427536,0.01215349,0.01044015,0.00902526,0.00783671,0.00682553,0.00595714,0.00520627,0.00455383,0.00398495
Gram_error_fro,4.0,1,12,2,0.0,0.05147144,0.0369028,0.02647345,0.01911218,0.01390456,0.01021097,0.0075654,0.00564767,0.00424211,0.00320238,0.00242747,0.00184642,0.00140855,0.00107725,0.0008257
Gram_error_fro,4.0,1,12,2,0.0,0.04091303,0.02773841,0.02075527,0.01584921,0.01213316,0.0093055,0.00715847,0.00552756,0.00428531,0.00333528,0.00260541,0.00204211,0.00160548,0.0012657,0.00100035
Gram_error_fro,4.0,1,12,2,0.0,0.10978231,0.07719998,0.05998043,0.04845869,0.0397735,0.03297698,0.02756834,0.02321124,0.01966299,0.01674479,0.01432339,0.0122984,0.01059336,0.00914925,0.00791999
Gram_error_fro,4.0,1,12,2,0.0,0.06217896,0.03384829,0.02459597,0.01932089,0.01546482,0.01248,0.01012878,0.00825902,0.00676146,0.00555466,0.00457684,0.00378068,0.00312962,0.00259519,0.00215509
Gram_error_fro,0.0,1,12,2,0.0,0.0,0.0,0.0,0.0,0.0,0.0,0.0,0.0,0.0,0.0,0.0,0.0,0.0,0.0,0.0
Gram_error_fro,2.0,1,12,2,0.0,0.08197123,0.04207143,0.03137648,0.02700639,0.02365953,0.02070991,0.01808644,0.01576838,0.01373354,0.01195577,0.0104073,0.00906085,0.00789091,0.00687441,0.00599092
Gram_error_fro,2.0,1,12,2,0.0,0.05992494,0.04431083,0.03351623,0.02615418,0.02082201,0.01685976,0.01385604,0.01153208,0.00969823,0.0082251,0.0070233,0.00602994,0.00519981,0.0044997,0.00390476
Gram_error_fro,2.0,1,12,2,0.0,0.0053913,0.00291553,0.00403916,0.00584178,0.00759813,0.00910582,0.01032026,0.01125021,0.01192227,0.0123685,0.01262147,0.01271214,0.0126687,0.01251623,0.01227661
Gram_error_fro,2.0,1,12,2,0.0,0.06072601,0.06486899,0.06168212,0.05695085,0.05207752,0.04743545,0.04312253,0.03915788,0.03553449,0.03223505,0.02923786,0.02651951,0.02405646,0.02182587,0.01980616
Gram_error_fro,2.0,1,12,2,0.0,0.01256413,0.00721013,0.00307674,0.00269508,0.00482761,0.00665898,0.00797161,0.00884097,0.00936057,0.00961107,0.00965752,0.00955129,0.00933265,0.00903305,0.00867703
Gram_error_fro,4.0,1,12,2,0.0,0.06344961,0.04656021,0.03628589,0.02952858,0.02456004,0.02070943,0.01763371,0.01512477,0.01304546,0.01130069,0.00982204,0.00855885,0.00747269,0.00653384,0.00571891
Gram_error_fro,4.0,2,12,2,0.0,0.0764306,0.06122333,0.0475179,0.0365854,0.02785389,0.02093203,0.01551019,0.01137193,0.00841812,0.0066612,0.00607604,0.00636284,0.00707868,0.00792004,0.00874554
Gram_error_fro,2.0,1,12,2,0.0,0.00665598,0.00340729,0.00323837,0.00357901,0.00392275,0.00412796,0.00418169,0.00411263,0.00395668,0.0037451,0.00350183,0.00324407,0.00298363,0.0027284,0.00248339
Gram_error_fro,4.0,2,12,2,0.0,0.04969773,0.04002566,0.03168404,0.02502862,0.01959799,0.01514027,0.01149679,0.00857985,0.00638464,0.00500627,0.00455103,0.00487343,0.0056087,0.00647766,0.00734639
Gram_error_fro,4.0,1,12,2,0.0,0.06987647,0.06670321,0.06028093,0.05364796,0.04749251,0.04198319,0.0371241,0.03286544,0.0291419,0.02588708,0.02303911,0.02054264,0.01834932,0.01641746,0.01471136
Gram_error_fro,4.0,2,12,2,0.0,0.02820871,0.02124699,0.01653227,0.01284301,0.00967633,0.00690625,0.0044896,0.00245442,0.00125227,0.00198851,0.00332078,0.00460034,0.00575757,0.00678954,0.00770494
Gram_error_fro,2.0,1,12,2,0.0,0.00150589,0.00067404,0.00031769,0.00022252,0.0002916,0.0003898,0.00047157,0.0005243,0.00054787,0.00054747,0.00052966,0.00050036,0.00046433,0.00042507,0.00038502
Gram_error_fro,4.0,1,12,2,0.0,0.08959291,0.04835557,0.03123464,0.02308795,0.01793183,0.01419716,0.0113629,0.0091761,0.00747553,0.00614485,0.00509653,0.00426411,0.00359712,0.00305739,0.00261614
Gram_error_fro,2.0,1,12,2,0.0,0.14165881,0.09795208,0.07370268,0.05782662,0.04615679,0.03724472,0.03032934,0.02490352,0.02060306,0.01716097,0.01437988,0.01211289,0.0102498,0.00870728,0.00742167
Gram_error_fro,4.0,1,12,2,0.0,0.14742584,0.13062784,0.11535706,0.10275832,0.09206647,0.08285417,0.07481382,0.06772321,0.06142179,0.05579044,0.05073743,0.04618956,0.04208669,0.03837822,0.03502088
Gram_error_fro,0.0,1,12,2,0.0,0.0,0.0,0.0,0.0,0.0,0.0,0.0,0.0,0.0,0.0,0.0,0.0,0.0,0.0,0.0
Gram_error_fro,2.0,1,12,2,0.0,0.01741031,0.00942309,0.00370107,0.00065978,0.00297989,0.00461367,0.00554474,0.00597966,0.00608056,0.00596474,0.0057142,0.00538512,0.00501553,0.00463076,0.0042474
Gram_error_fro,2.0,1,12,2,0.0,0.02215571,0.01631111,0.01165719,0.00827445,0.00620857,0.00526035,0.00499708,0.00500139,0.00504325,0.00503785,0.0049674,0.00483831,0.00466364,0.00445661,0.00422857
Gram_error_fro,2.0,1,12,2,0.0,0.0202391,0.00813295,0.00741493,0.00940536,0.01090374,0.01165,0.01182285,0.01161053,0.01115588,0.01055892,0.0098875,0.00918667,0.00848585,0.00780372,0.00715172
Gram_error_fro,0.0,1,12,2,0.0,0.0,0.0,0.0,0.0,0.0,0.0,0.0,0.0,0.0,0.0,0.0,0.0,0.0,0.0,0.0
Gram_error_fro,2.0,1,12,2,0.0,0.02473502,0.01776491,0.01203526,0.00797234,0.00611207,0.0060398,0.00659374,0.00709938,0.00738561,0.00745679,0.00735842,0.00713785,0.0068346,0.00647913,0.00609418
Gram_error_fro,4.0,1,12,2,0.0,0.09317147,0.08802968,0.0765165,0.06523628,0.05534667,0.04698743,0.03999956,0.03416518,0.02928213,0.0251805,0.0217216,0.01879315,0.01630423,0.01418103,0.01236341
Gram_error_fro,4.0,1,12,2,0.0,0.05274129,0.04045523,0.03253643,0.02628297,0.02141823,0.01765016,0.01470689,0.01237624,0.01050347,0.00897777,0.0077195,0.00667072,0.00578863,0.005041,0.00440321
Gram_error_fro,4.0,1,12,2,0.0,0.07402009,0.04424403,0.03359805,0.02782652,0.02370807,0.02040276,0.01763045,0.01526818,0.01324316,0.0115022,0.0100025,0.00870842,0.00758992,0.00662164,0.0057821
Gram_error_fro,4.0,1,12,2,0.0,0.03404231,0.02900739,0.0265047,0.0250034,0.02369726,0.02232284,0.02085029,0.01932211,0.0177895,0.01629338,0.01486173,0.01351156,0.01225183,0.01108589,0.01001333
Gram_error_fro,2.0,1,12,2,0.0,0.02439469,0.01692043,0.01492609,0.01381649,0.01292969,0.01212588,0.01137426,0.01066666,0.00999922,0.00936907,0.00877386,0.00821159,0.0076806,0.00717943,0.00670676
Gram_error_fro,4.0,1,12,2,0.0,0.03045579,0.01743443,0.00837825,0.00251284,0.00218451,0.00470935,0.00636246,0.00731945,0.00778407,0.00791005,0.00780799,0.00755628,0.00721011,0.0068082,0.00637756
Gram_error_fro,2.0,1,12,2,0.0,0.01737664,0.00935846,0.00385375,0.00084094,0.0028358,0.00455527,0.00564936,0.00627389,0.00656263,0.00661694,0.00651104,0.00629846,0.00601755,0.00569563,0.00535205
Gram_error_fro,2.0,1,12,2,0.0,0.0737707,0.05629685,0.0465018,0.03997727,0.03487989,0.03061292,0.02694628,0.02376441,0.02099126,0.01856793,0.01644563,0.01458316,0.01294552,0.01150289,0.01022988
Gram_error_fro,4.0,2,12,2,0.0,0.0650278,0.04946587,0.04015088,0.03361397,0.02844238,0.02414081,0.02050678,0.01744159,0.01488895,0.01281385,0.01119258,0.01000365,0.00921699,0.00878503,0.00864213
Gram_error_fro,4.0,1,12,2,0.0,0.03045579,0.01743443,0.00837825,0.00251284,0.00218451,0.00470935,0.00636246,0.00731945,0.00778407,0.00791005,0.00780799,0.00755628,0.00721011,0.0068082,0.00637756
Gram_error_fro,0.0,1,12,2,0.0,0.0,0.0,0.0,0.0,0.0,0.0,0.0,0.0,0.0,0.0,0.0,0.0,0.0,0.0,0.0
Gram_error_fro,2.0,1,12,2,0.0,0.0165159,0.00803871,0.00461862,0.00295533,0.00212519,0.00182073,0.00179218,0.00184354,0.00188341,0.00188547,0.00184918,0.00178193,0.00169247,0.00158864,0.00147679
Gram_error_fro,2.0,1,12,2,0.0,0.08292793,0.06973464,0.05515404,0.04314322,0.03365963,0.0262895,0.02059953,0.01621148,0.01281989,0.01018765,0.00813429,0.00652365,0.00525323,0.00424575,0.00344274
Gram_error_fro,2.0,1,12,2,0.0,0.02903433,0.01599993,0.01145544,0.01072192,0.01072708,0.01053088,0.01005246,0.00938086,0.00860788,0.00780041,0.00700209,0.00623959,0.00552796,0.00487459,0.00428191
Gram_error_fro,2.0,1,12,2,0.0,0.02508022,0.03256922,0.0339706,0.0333863,0.03206221,0.03041814,0.02863743,0.02681757,0.02501597,0.02326757,0.02159339,0.02000535,0.01850928,0.01710695,0.01579744
Gram_error_fro,2.0,1,12,2,0.0,0.02337771,0.01592163,0.01534905,0.01427615,0.0128989,0.01146449,0.01008637,0.00881694,0.00767747,0.00667205,0.00579533,0.00503715,0.00438525,0.00382685,0.00334958
Gram_error_fro,4.0,1,12,2,0.0,0.02890958,0.01486294,0.0074936,0.00348508,0.00150002,0.00149478,0.00206009,0.00242195,0.00257334,0.00257858,0.0024914,0.00234978,0.00217931,0.00199681,0.00181307
Gram_error_fro,4.0,1,12,2,0.0,0.08027442,0.06325361,0.05180308,0.04342923,0.03669154,0.03114405,0.02655027,0.02272911,0.01953375,0.01684653,0.01457402,0.01264225,0.01099238,0.00957733,0.00835913
Gram_error_fro,4.0,1,12,2,0.0,0.04440666,0.03335085,0.02708996,0.0229888,0.01983498,0.01721364,0.01496316,0.01300669,0.01129859,0.00980608,0.00850261,0.00736542,0.00637453,0.00551222,0.00476275
Gram_error_fro,4.0,1,12,2,0.0,0.05970159,0.03861738,0.02546151,0.01887903,0.01529985,0.013022,0.01136576,0.01003961,0.00890938,0.00791167,0.00701615,0.00620766,0.00547769,0.00482041,0.00423089
Gram_error_fro,0.0,1,12,2,0.0,0.0,0.0,0.0,0.0,0.0,0.0,0.0,0.0,0.0,0.0,0.0,0.0,0.0,0.0,0.0
Gram_error_fro,2.0,1,12,2,0.0,0.08436987,0.04784387,0.03301112,0.02414385,0.01789311,0.01330758,0.00991103,0.00738402,0.00549647,0.00408127,0.00301696,0.002215,0.0016105,0.00115564,0.00081504
Gram_error_fro,2.0,1,12,2,0.0,0.05212877,0.02617627,0.01526811,0.00991417,0.00703731,0.00545964,0.00458241,0.00405982,0.00370227,0.00341757,0.00316606,0.00293283,0.00271332,0.00250679,0.00231346
Gram_error_fro,4.0,1,12,2,0.0,0.10561516,0.07116733,0.05530588,0.04534411,0.03758579,0.03137226,0.02639215,0.02238519,0.01913712,0.01648,0.01428515,0.01245469,0.01091405,0.00960618,0.00848709
Gram_error_fro,4.0,1,12,2,0.0,0.08597027,0.05955786,0.04197703,0.03105322,0.02383249,0.01883022,0.01524048,0.01257981,0.01054451,0.0089407,0.00764351,0.00657164,0.0056712,0.00490553,0.00424889
Gram_error_fro,2.0,1,12,2,0.0,0.06029118,0.02104743,0.01617943,0.01510917,0.01408412,0.01291981,0.01170133,0.01049869,0.00935358,0.00828815,0.00731239,0.00642882,0.00563548,0.00492782,0.00429988
Gram_error_fro,0.0,1,12,2,0.0,0.0,0.0,0.0,0.0,0.0,0.0,0.0,0.0,0.0,0.0,0.0,0.0,0.0,0.0,0.0
Gram_error_fro,2.0,1,12,2,0.0,0.02896676,0.01427225,0.00886079,0.00625183,0.00474132,0.00375768,0.00306337,0.00254507,0.002142,0.00181876,0.00155356,0.00133237,0.00114576,0.00098712,0.00085156
Gram_error_fro,2.0,1,12,2,0.0,0.02666228,0.01843831,0.01457268,0.01204307,0.01007157,0.00844504,0.00708361,0.00594114,0.00498226,0.00417744,0.00350181,0.0029345,0.00245809,0.00205798,0.00172201
Gram_error_fro,2.0,1,12,2,0.0,0.02917804,0.02056426,0.01687463,0.01454657,0.01277185,0.0112856,0.00998936,0.00884212,0.00782236,0.00691528,0.0061088,0.00539234,0.00475645,0.00419259,0.00369307
Gram_error_fro,2.0,1,12,2,0.0,0.01501164,0.01380191,0.01280972,0.01190785,0.01101533,0.0101462,0.00932246,0.00855454,0.0078445,0.00719048,0.00658915,0.00603677,0.00552963,0.00506421,0.00463718
Gram_error_fro,2.0,1,12,2,0.0,0.02666228,0.01843831,0.01457268,0.01204307,0.01007157,0.00844504,0.00708361,0.00594114,0.00498226,0.00417744,0.00350181,0.0029345,0.00245809,0.00205798,0.00172201
Gram_error_fro,2.0,1,12,2,0.0,0.04927351,0.02789976,0.02004266,0.01575917,0.0127955,0.01054135,0.00875588,0.00731191,0.00612946,0.00515301,0.0043418,0.00366478,0.00309772,0.00262143,0.00222046
Gram_error_fro,4.0,1,12,2,0.0,0.03081123,0.0166889,0.01163274,0.00896642,0.00719701,0.00589676,0.00489029,0.00408813,0.00343732,0.00290297,0.00246042,0.00209143,0.0017821,0.00152164,0.0013015
Gram_error_fro,4.0,1,12,2,0.0,0.07436984,0.04160656,0.02870281,0.02159995,0.01680924,0.01330416,0.01064568,0.00858882,0.00697517,0.00569495,0.00466955,0.00384161,0.0031686,0.00261852,0.00216693
Gram_error_fro,4.0,1,12,2,0.0,0.04696607,0.02668912,0.01858594,0.01410808,0.0110686,0.00881128,0.00706804,0.00569706,0.00460802,0.00373717,0.00303729,0.00247256,0.00201539,0.00164433,0.00134253
Gram_error_fro,2.0,1,12,2,0.0,0.02896676,0.01937337,0.01505289,0.01216778,0.01001223,0.00833987,0.00700955,0.00593128,0.00504518,0.00430959,0.00369427,0.00317649,0.00273868,0.00236698,0.00205029
Gram_error_fro,4.0,1,12,2,0.0,0.08312162,0.04647673,0.03422523,0.02711033,0.02180513,0.01763196,0.01430548,0.01163926,0.00949376,0.00776096,0.00635657,0.00521464,0.0042834,0.00352205,0.00289825
Gram_error_fro,2.0,1,12,2,0.0,0.02163114,0.00849815,0.00507367,0.00368281,0.00290401,0.00238277,0.00200535,0.00171958,0.00149463,0.00131098,0.00115629,0.00102284,0.00090585,0.00080226,0.00071004
Gram_error_fro,4.0,1,12,2,0.0,0.06029283,0.03602746,0.02568848,0.01990012,0.01601495,0.01316419,0.01096819,0.0092276,0.0078224,0.00667298,0.00572304,0.0049312,0.00426625,0.00370421,0.00322641
Gram_error_fro,4.0,1,12,2,0.0,0.03645262,0.02241355,0.0173846,0.01461083,0.01262433,0.01102526,0.00967668,0.00851867,0.0075164,0.00664495,0.0058847,0.00521962,0.00463635,0.00412371,0.00367223
Gram_error_fro,2.0,1,12,2,0.0,0.02163114,0.00849815,0.00507367,0.00368281,0.00290401,0.00238277,0.00200535,0.00171958,0.00149463,0.00131098,0.00115629,0.00102284,0.00090585,0.00080226,0.00071004
Gram_error_fro,0.0,1,12,3,0.0,0.0,0.0,0.0,0.0,0.0,0.0,0.0,0.0,0.0,0.0,0.0,0.0,0.0,0.0,0.0
Gram_error_fro,2.0,1,12,3,0.0,0.01767105,0.0122738,0.00949738,0.00770369,0.00631904,0.00519724,0.00428571,0.0035468,0.00294771,0.00246062,0.00206291,0.00173659,0.00146751,0.00124458,0.00105906
Gram_error_fro,2.0,1,12,3,0.0,0.01492522,0.00681346,0.00383478,0.00341835,0.0033101,0.00310353,0.00282833,0.00252881,0.00223092,0.0019487,0.00168938,0.00145617,0.00124972,0.00106912,0.00091256
Gram_error_fro,2.0,1,12,3,0.0,0.02281839,0.01585085,0.01157551,0.00852525,0.00636649,0.00485098,0.00378648,0.00303384,0.00249433,0.00209861,0.0017989,0.00156324,0.00137093,0.00120894,0.00106919
Gram_error_fro,2.0,1,12,3,0.0,0.04663395,0.03023273,0.01980397,0.0133922,0.009215,0.00641119,0.00450363,0.00319907,0.00230626,0.00169576,0.00127785,0.00098965,0.00078728,0.00064085,0.00053077
Gram_error_fro,0.0,1,12,3,0.0,0.06541068,0.02702077,0.01256449,0.00667456,0.00386059,0.00233798,0.00144099,0.00088416,0.00052877,0.00029971,0.00015281,6.104e-05,1.717e-05,3.633e-05,5.256e-05
Gram_error_fro,4.0,1,12,3,0.0,0.05421253,0.03603703,0.02693891,0.02237507,0.0195382,0.01735414,0.01546192,0.01374814,0.01218053,0.0107508,0.00945568,0.00829103,0.00725069,0.00632674,0.00551013
Gram_error_fro,4.0,1,12,3,0.0,0.04618195,0.02931651,0.02195169,0.01773995,0.01472806,0.01236398,0.0104454,0.00886382,0.00754679,0.00644169,0.005509,0.00471828,0.00404569,0.00347213,0.00298212
Gram_error_fro,4.0,2,12,3,0.0,0.07619028,0.05048132,0.03637323,0.02919607,0.0252853,0.02305143,0.02172248,0.02089598,0.02035854,0.01999534,0.01974259,0.01956324,0.01943455,0.01934178,0.01927497
Gram_error_fro,2.0,1,12,3,0.0,0.02281839,0.01585085,0.01157551,0.00852525,0.00636649,0.00485098,0.00378648,0.00303384,0.00249433,0.00209861,0.0017989,0.00156324,0.00137093,0.00120894,0.00106919
Gram_error_fro,4.0,1,12,3,0.0,0.07335611,0.04231912,0.02872664,0.02171122,0.01723531,0.01405103,0.01164968,0.00976757,0.00825129,0.00700595,0.00596969,0.00509991,0.00436561,0.0037432,0.00321408
Gram_error_fro,2.0,1,12,3,0.0,0.04247701,0.01636291,0.00828727,0.00642119,0.00615151,0.00602638,0.00579881,0.00547303,0.00508656,0.00467195,0.00425243,0.00384333,0.00345419,0.00309049,0.00275496
Gram_error_fro,2.0,1,12,3,0.0,0.03759798,0.02741716,0.02059897,0.01574104,0.01214328,0.00944995,0.00741369,0.00585522,0.00464755,0.00370164,0.0029545,0.00236077,0.00188702,0.00150806,0.00120455
Gram_error_fro,4.0,1,12,3,0.0,0.08141362,0.04333909,0.0268185,0.01864309,0.01355789,0.01005313,0.00754958,0.00573361,0.00440266,0.00341755,0.00268074,0.00212346,0.00169705,0.00136699,0.00110864
Gram_error_fro,4.0,1,12,3,0.0,0.09557702,0.06226828,0.04192423,0.02929399,0.02091123,0.01515942,0.01113699,0.00828273,0.00623,0.00473417,0.00363011,0.00280531,0.00218228,0.00170701,0.00134136
Gram_error_fro,4.0,1,12,3,0.0,0.0604135,0.04166396,0.03127623,0.02530255,0.02137914,0.0184888,0.0161708,0.01421213,0.01251075,0.01101379,0.0096902,0.00851867,0.00748254,0.00656749,0.00576071
Gram_error_fro,0.0,1,12,2,0.0,0.0,0.0,0.0,0.0,0.0,0.0,0.0,0.0,0.0,0.0,0.0,0.0,0.0,0.0,0.0
Gram_error_fro,2.0,1,12,2,0.0,0.0150916,0.01481764,0.01187791,0.00933551,0.00743239,0.00600475,0.00490783,0.00404518,0.00335397,0.00279223,0.00233096,0.00194938,0.00163209,0.00136736,0.00114598
Gram_error_fro,2.0,1,12,2,0.0,0.03035004,0.02364985,0.01780972,0.01364095,0.01063735,0.00841532,0.00672968,0.005424,0.00439634,0.00357797,0.00292074,0.00238973,0.00195882,0.00160799,0.00132167
Gram_error_fro,2.0,1,12,2,0.0,0.03009748,0.02363478,0.01792868,0.01385185,0.01091133,0.00873513,0.00708558,0.00580852,0.00480142,0.00399457,0.00333968,0.00280257,0.00235843,0.00198888,0.00167991
Gram_error_fro,2.0,1,12,2,0.0,0.05761058,0.04089169,0.02965524,0.02205062,0.0165939,0.01259157,0.0096205,0.00739326,0.0057091,0.00442606,0.00344258,0.00268497,0.00209908,0.00164456,0.0012911
Gram_error_fro,2.0,1,12,2,0.0,0.05894436,0.02468116,0.01482633,0.01050072,0.00792239,0.0061427,0.00482476,0.00381543,0.00302963,0.00241246,0.00192516,0.00153904,0.00123226,0.00098799,0.00079314
Gram_error_fro,4.0,1,12,2,0.0,0.06468536,0.04688524,0.03605594,0.02865122,0.02305802,0.01870502,0.0152749,0.01254643,0.01035694,0.00858563,0.00714228,0.00595888,0.00498359,0.00417637,0.00350594
Gram_error_fro,4.0,1,12,2,0.0,0.13850004,0.11393588,0.09172594,0.07433426,0.06059255,0.0496757,0.04095893,0.03395661,0.02829358,0.02368206,0.0199018,0.01678382,0.01419776,0.01204224,0.01023777
Gram_error_fro,4.0,1,12,2,0.0,0.01835839,0.01187025,0.01127838,0.01048139,0.00948966,0.00848158,0.00752717,0.00665121,0.00586029,0.00515312,0.00452491,0.00396939,0.00347981,0.00304943,0.00267181
Gram_error_fro,4.0,1,12,2,0.0,0.03297862,0.01802146,0.01155927,0.00801273,0.00573753,0.00416182,0.00303347,0.00221491,0.001619,0.00118577,0.00087218,0.00064674,0.00048604,0.00037251,0.0002928
Gram_error_fro,4.0,1,12,2,0.0,0.07348136,0.05359665,0.04316194,0.03548774,0.02921515,0.02410533,0.0199679,0.01661692,0.01389184,0.01166328,0.0098299,0.00831302,0.00705147,0.00599739,0.00511302
Gram_error_fro,4.0,1,12,2,0.0,0.03897198,0.0297842,0.02300601,0.01796101,0.01409652,0.01110796,0.00878794,0.00698114,0.00556903,0.0044611,0.00358835,0.00289807,0.00234992,0.00191294,0.00156322
Gram_error_fro,4.0,1,12,2,0.0,0.02528647,0.01407348,0.0095725,0.00697447,0.00520868,0.00392788,0.002977,0.00226515,0.00173033,0.00132759,0.00102366,0.00079375,0.00061935,0.00048662,0.0003852
Gram_error_fro,4.0,1,12,2,0.0,0.06417527,0.04681029,0.03609158,0.02866005,0.02299897,0.01858385,0.01511443,0.01237135,0.01018749,0.00843591,0.00702059,0.00586889,0.00492558,0.00414838,0.00350463
Gram_error_fro,2.0,1,12,2,0.0,0.05373931,0.04082824,0.03102969,0.02383087,0.01839818,0.01427105,0.0111233,0.00870982,0.00684794,0.00540288,0.00427523,0.00339122,0.00269559,0.00214653,0.00171207
Gram_error_fro,4.0,1,12,2,0.0,0.10693603,0.09264787,0.0793158,0.0676012,0.0574792,0.04892162,0.04175205,0.03575281,0.03072039,0.02648191,0.02289591,0.01984822,0.01724701,0.01501822,0.01310179
Gram_error_fro,0.0,1,12,4,0.0,0.0,0.0,0.0,0.0,0.0,0.0,0.0,0.0,0.0,0.0,0.0,0.0,0.0,0.0,0.0
Gram_error_fro,2.0,1,12,4,0.0,0.06300497,0.03418391,0.01982401,0.01333253,0.00982107,0.00749696,0.00579669,0.00451113,0.00353086,0.00278189,0.00220879,0.00176892,0.00142953,0.00116573,0.00095878
Gram_error_fro,2.0,1,12,4,0.0,0.05302632,0.03805937,0.02862044,0.02258671,0.0183361,0.01516008,0.01269901,0.01074217,0.00915516,0.00784783,0.00675748,0.00583922,0.00505995,0.00439467,0.00382401
Gram_error_fro,2.0,1,12,4,0.0,0.03724897,0.01994429,0.01437268,0.01154423,0.00961513,0.00813592,0.00694118,0.00595036,0.00511623,0.00440753,0.00380183,0.00328218,0.0028352,0.00245006,0.00211783
Gram_error_fro,2.0,1,12,4,0.0,0.04980576,0.03003101,0.02187819,0.01800902,0.0154861,0.01351624,0.01186512,0.01044434,0.00920924,0.00813079,0.00718684,0.00635921,0.00563248,0.00499344,0.00443072
Gram_error_fro,2.0,1,12,4,0.0,0.04772882,0.03665294,0.0292858,0.02386356,0.01969145,0.01641784,0.01380792,0.01169732,0.00996912,0.00853884,0.0073443,0.00633891,0.00548718,0.00476166,0.00414076
Gram_error_fro,4.0,1,12,4,0.0,0.05800945,0.04861705,0.03889226,0.0301484,0.02316362,0.01778288,0.01367183,0.01053118,0.00812728,0.00628335,0.00486628,0.00377559,0.00293511,0.00228689,0.00178667
Gram_error_fro,0.0,1,12,4,0.0,0.0,0.0,0.0,0.0,0.0,0.0,0.0,0.0,0.0,0.0,0.0,0.0,0.0,0.0,0.0
Gram_error_fro,2.0,1,12,4,0.0,0.05773742,0.03642672,0.023791,0.01652872,0.01201384,0.0090075,0.0069074,0.00539106,0.00426929,0.00342315,0.00277419,0.00226899,0.00187035,0.00155193,0.0012948
Gram_error_fro,4.0,1,12,4,0.0,0.0733104,0.05004838,0.03531718,0.02681664,0.02130775,0.01735523,0.01435091,0.01199325,0.01010483,0.0085692,0.00730523,0.00625445,0.00537368,0.00463035,0.00399945
Gram_error_fro,2.0,1,12,4,0.0,0.02831626,0.02193288,0.0179227,0.01552721,0.01373124,0.01221484,0.01088908,0.0097172,0.008676,0.00774838,0.00692098,0.00618288,0.00552465,0.00493793,0.00441514
Gram_error_fro,4.0,1,12,4,0.0,0.10884899,0.06800339,0.0433233,0.03067671,0.02349409,0.01876264,0.01530419,0.01263645,0.010523,0.00882229,0.00743778,0.00629959,0.0053558,0.00456736,0.00390451
Gram_error_fro,4.0,1,12,4,0.0,0.06211472,0.03687403,0.02646631,0.02139978,0.01776889,0.01482606,0.01240814,0.01042645,0.00880287,0.0074685,0.00636587,0.0054489,0.00468127,0.00403465,0.00348686
Gram_error_fro,4.0,1,12,4,0.0,0.08072917,0.06398528,0.04723081,0.03536866,0.02703718,0.02096511,0.01640054,0.01290474,0.01019908,0.00809119,0.00644102,0.0051438,0.00412011,0.00330934,0.00266499
Gram_error_fro,4.0,1,12,4,0.0,0.11099169,0.08067386,0.05593658,0.03978804,0.0290801,0.02170026,0.01644979,0.01262765,0.00979863,0.00767792,0.00607161,0.00484388,0.00389772,0.00316275,0.00258739
Gram_error_fro,4.0,1,12,4,0.0,0.06813805,0.05366017,0.04330172,0.03541816,0.02893141,0.02354418,0.01910248,0.01547076,0.01251988,0.01013172,0.00820308,0.00664675,0.00539069,0.00437628,0.00355621
Gram_error_fro,0.0,1,12,2,0.0,0.0,0.0,0.0,0.0,0.0,0.0,0.0,0.0,0.0,0.0,0.0,0.0,0.0,0.0,0.0
Gram_error_fro,0.0,1,12,2,0.0,0.0,0.0,0.0,0.0,0.0,0.0,0.0,0.0,0.0,0.0,0.0,0.0,0.0,0.0,0.0
Gram_error_fro,0.0,1,12,2,0.0,0.0,0.0,0.0,0.0,0.0,0.0,0.0,0.0,0.0,0.0,0.0,0.0,0.0,0.0,0.0
Gram_error_fro,2.0,1,12,2,0.0,0.04277083,0.03699949,0.03277196,0.0291071,0.02580694,0.02284569,0.02020511,0.01786118,0.01578691,0.01395486,0.01233862,0.01091354,0.00965716,0.00854926,0.00757189
Gram_error_fro,2.0,1,12,2,0.0,0.00842655,0.00524863,0.0032108,0.00217537,0.00185444,0.0019013,0.00203276,0.00213541,0.00218457,0.00218392,0.00214386,0.00207488,0.00198585,0.00188374,0.00177393
Gram_error_fro,2.0,1,12,2,0.0,0.00842655,0.00524863,0.00303967,0.00181449,0.00136189,0.0013757,0.00149573,0.00157803,0.00160133,0.0015757,0.00151549,0.00143304,0.00133768,0.0012361,0.00113302
Gram_error_fro,4.0,1,12,2,0.0,0.05551207,0.04731164,0.03970491,0.03368684,0.02868224,0.02445064,0.02086237,0.01781918,0.01523766,0.01304615,0.01118366,0.00959874,0.00824825,0.00709607,0.00611199
Gram_error_fro,2.0,1,12,2,0.0,0.02047899,0.01774339,0.01718275,0.01612205,0.01485008,0.01352693,0.01223791,0.01102372,0.00990134,0.00887549,0.00794449,0.00710347,0.00634606,0.00566534,0.00505443
Gram_error_fro,2.0,1,12,2,0.0,0.03203806,0.02443602,0.02013327,0.01682173,0.01415318,0.01197978,0.0101936,0.00871228,0.00747356,0.00643035,0.00554659,0.00479423,0.00415111,0.00359947,0.00312495
Gram_error_fro,2.0,1,12,2,0.0,0.11338657,0.09206769,0.07572077,0.06287944,0.052442,0.04392196,0.03695034,0.03121866,0.0264783,0.02253396,0.01923346,0.01645782,0.01411334,0.01212552,0.01043461
Gram_error_fro,4.0,1,12,2,0.0,0.08548426,0.04886483,0.03584315,0.02927778,0.02460905,0.02091078,0.01787933,0.01535412,0.01322953,0.01142956,0.00989676,0.00858619,0.00746189,0.00649463,0.00566037
Gram_error_fro,4.0,1,12,2,0.0,0.07099026,0.06496294,0.0591297,0.0529335,0.04699561,0.04154532,0.03664398,0.03228815,0.02844579,0.02507194,0.02211712,0.01953219,0.017271,0.01529167,0.01355698
Gram_error_fro,2.0,1,12,2,0.0,0.08315728,0.05504037,0.04100063,0.03217283,0.02572395,0.02078939,0.01695609,0.01395328,0.01158208,0.00969292,0.00817336,0.00693909,0.00592693,0.00508938,0.00439051
Gram_error_fro,4.0,1,12,2,0.0,0.13627951,0.09921915,0.07664011,0.06093945,0.04909999,0.03992868,0.03272977,0.02702106,0.02245159,0.0187619,0.01575842,0.01329536,0.01126187,0.00957283,0.00816224
Gram_error_fro,2.0,1,12,2,0.0,0.00867201,0.00620189,0.00539797,0.00496508,0.00455348,0.00414296,0.00375391,0.00339701,0.00307416,0.0027834,0.00252159,0.00228558,0.00207245,0.00187965,0.00170498
Gram_error_fro,2.0,1,12,2,0.0,0.04481812,0.05560226,0.056894,0.05501412,0.05201235,0.04858757,0.0450416,0.04153592,0.03816343,0.03497588,0.03199869,0.02924049,0.02669945,0.02436748,0.02223297
Gram_error_fro,0.0,1,12,6,0.0,0.0,0.0,0.0,0.0,0.0,0.0,0.0,0.0,0.0,0.0,0.0,0.0,0.0,0.0,0.0
Gram_error_fro,2.0,1,12,6,0.0,0.07109457,0.05710712,0.0451827,0.0366958,0.03022213,0.0249893,0.02064908,0.01702832,0.01401613,0.0115238,0.00947312,0.00779406,0.0064246,0.00531088,0.00440679
Gram_error_fro,2.0,1,12,6,0.0,0.06946068,0.06052147,0.04878409,0.03902819,0.03106784,0.02458004,0.01933999,0.01515792,0.01185732,0.00927624,0.00727196,0.00572329,0.00453026,0.00361218,0.00290502
Gram_error_fro,0.0,1,12,6,0.0,0.09231035,0.07413119,0.04941719,0.03156025,0.02012462,0.01303814,0.00865906,0.00592144,0.00417527,0.00303317,0.00226538,0.00173464,0.00135763,0.00108265,0.00087695
Gram_error_fro,0.0,1,12,6,0.0,0.0,0.0,0.0,0.0,0.0,0.0,0.0,0.0,0.0,0.0,0.0,0.0,0.0,0.0,0.0
Gram_error_fro,2.0,1,12,6,0.0,0.07843394,0.06128774,0.04283466,0.02991061,0.02120211,0.0152631,0.0111419,0.00824009,0.00617358,0.00468831,0.00361164,0.00282385,0.00224095,0.00180372,0.00147049
Gram_error_fro,4.0,1,12,6,0.0,0.0693157,0.05501827,0.04471234,0.03705005,0.03082501,0.02563903,0.02131444,0.01772453,0.01475824,0.01231582,0.01030935,0.00866296,0.0073122,0.006203,0.00529038
Gram_error_fro,2.0,1,12,6,0.0,0.07296021,0.05461057,0.03961383,0.02855745,0.02075995,0.01539601,0.01170853,0.00912708,0.0072677,0.00588679,0.00483263,0.00400956,0.00335531,0.00282773,0.00239727
Gram_error_fro,2.0,1,12,6,0.0,0.10401877,0.08401409,0.06363293,0.04868862,0.03764289,0.02923262,0.02273315,0.01769318,0.01379104,0.01077838,0.00845796,0.00667285,0.00529908,0.0042397,0.00341961
Gram_error_fro,0.0,1,12,6,0.0,0.0,0.0,0.0,0.0,0.0,0.0,0.0,0.0,0.0,0.0,0.0,0.0,0.0,0.0,0.0
Gram_error_fro,0.0,1,12,6,0.0,0.09612343,0.0767903,0.05228983,0.03450459,0.02292886,0.01557008,0.01085714,0.00777545,0.00570811,0.0042849,0.00328128,0.00255788,0.00202577,0.00162672,0.00132187
Gram_error_fro,2.0,1,12,6,0.0,0.10686435,0.0983159,0.07893874,0.06184529,0.04834024,0.03789727,0.02984039,0.02360809,0.01876864,0.0149957,0.01204285,0.00972322,0.00789436,0.00644712,0.00529742
Gram_error_fro,4.0,1,12,6,0.0,0.10601318,0.08638413,0.0645354,0.04796292,0.03590408,0.02709294,0.02058393,0.01572982,0.01208486,0.0093346,0.00725209,0.00567069,0.00446655,0.00354687,0.00284183
Gram_error_fro,4.0,1,12,6,0.0,0.07896168,0.06913227,0.05850472,0.04811447,0.03881952,0.03102459,0.02472747,0.01974232,0.01583408,0.01277947,0.01038874,0.00850928,0.00702211,0.00583609,0.0048821
Gram_error_fro,4.0,1,12,6,0.0,0.09386337,0.07544816,0.05696447,0.04330556,0.03312224,0.02541242,0.01955565,0.01511431,0.01175275,0.00920844,0.00727775,0.0058051,0.00467339,0.00379556,0.00310749
Gram_error_fro,4.0,1,12,6,0.0,0.1143376,0.10241476,0.08281704,0.0656371,0.0518122,0.04102069,0.03271184,0.02634745,0.02147055,0.01771635,0.01480302,0.01251737,0.01070044,0.00923502,0.00803535
Gram_error_fro,0.0,1,12,2,0.0,0.0,0.0,0.0,0.0,0.0,0.0,0.0,0.0,0.0,0.0,0.0,0.0,0.0,0.0,0.0
Gram_error_fro,2.0,1,12,2,0.0,0.03083465,0.01545402,0.01060599,0.00818132,0.00654026,0.00529779,0.00431952,0.00353625,0.00290342,0.00238913,0.00196939,0.00162573,0.00134363,0.00111158,0.00092038
Gram_error_fro,2.0,1,12,2,0.0,0.01931549,0.0091505,0.00648491,0.00510997,0.00408658,0.00327491,0.00262569,0.00210597,0.00168987,0.00135667,0.00108975,0.00087583,0.00070428,0.00056664,0.00045614
Gram_error_fro,2.0,1,12,2,0.0,0.01931549,0.0091505,0.00648491,0.00510997,0.00408658,0.00327491,0.00262569,0.00210597,0.00168987,0.00135667,0.00108975,0.00087583,0.00070428,0.00056664,0.00045614
Gram_error_fro,2.0,1,12,2,0.0,0.02724307,0.01806221,0.01397063,0.01101758,0.0087575,0.00700035,0.005621,0.00453019,0.00366217,0.0029678,0.00240988,0.00195994,0.00159602,0.00130095,0.00106124
Gram_error_fro,2.0,1,12,2,0.0,0.04574312,0.01480712,0.00851177,0.00613849,0.00473867,0.00375332,0.00301095,0.00243461,0.00198006,0.00161803,0.00132768,0.00109353,0.00090383,0.00074949,0.00062343
Gram_error_fro,4.0,1,12,2,0.0,0.08030264,0.05099097,0.03593349,0.02634833,0.01957597,0.01464574,0.01101705,0.00832748,0.00632145,0.00481638,0.00368105,0.00282055,0.00216569,0.00166563,0.00128273
Gram_error_fro,2.0,1,12,2,0.0,0.03210352,0.01973925,0.01682454,0.01491877,0.01326107,0.01177071,0.01043006,0.00922832,0.00815472,0.00719823,0.00634793,0.00559341,0.00492486,0.00433326,0.00381033
Gram_error_fro,4.0,1,12,2,0.0,0.05922475,0.03606049,0.03033936,0.02639356,0.02293248,0.01989216,0.01724261,0.01494388,0.01295351,0.01123124,0.00974085,0.00845058,0.00733295,0.00636432,0.0055244
Gram_error_fro,4.0,1,12,2,0.0,0.04567251,0.01473734,0.00817507,0.00579386,0.00446773,0.00356513,0.00289409,0.00237415,0.00196221,0.00163121,0.00136253,0.00114272,0.00096172,0.00081187,0.00068724
Gram_error_fro,4.0,1,12,2,0.0,0.07742971,0.03804929,0.02422076,0.01704545,0.0125004,0.00936418,0.00711254,0.00545911,0.00422608,0.00329565,0.00258684,0.00204255,0.0016217,0.00129431,0.00103822
Gram_error_fro,2.0,1,12,2,0.0,0.02693229,0.01717591,0.01203589,0.00896703,0.00691642,0.00545772,0.00437809,0.00355636,0.00291787,0.00241381,0.0020108,0.00168519,0.00141974,0.00120162,0.00102114
Gram_error_fro,6.0,1,12,2,0.0,0.09406363,0.05911213,0.04739391,0.04059463,0.03528234,0.03082669,0.02701229,0.02371768,0.0208572,0.01836461,0.01618658,0.01427915,0.01260561,0.01113502,0.00984107
Gram_error_fro,4.0,1,12,2,0.0,0.02674855,0.01381964,0.01011164,0.00817692,0.00680007,0.00571934,0.0048431,0.00412217,0.00352347,0.00302268,0.00260123,0.0022447,0.00194173,0.00168328,0.00146204
Gram_error_fro,2.0,1,12,2,0.0,0.03871944,0.02167952,0.01822282,0.01637223,0.0147941,0.01335531,0.01203802,0.01083571,0.00974189,0.00874944,0.0078509,0.00703887,0.00630616,0.00564594,0.00505176
Gram_error_fro,2.0,1,12,2,0.0,0.0941492,0.057559,0.04148449,0.03199992,0.0252963,0.02022464,0.01628707,0.01319182,0.01073896,0.00878238,0.00721247,0.00594602,0.00491927,0.00408303,0.00339908
Gram_error_fro,0.0,1,12,2,0.0,0.0,0.0,0.0,0.0,0.0,0.0,0.0,0.0,0.0,0.0,0.0,0.0,0.0,0.0,0.0
Gram_error_fro,2.0,1,12,2,0.0,0.0629137,0.08627425,0.09349255,0.09479985,0.09330952,0.09021446,0.08615999,0.08156786,0.07672789,0.0718383,0.06703137,0.06239211,0.05797205,0.05379936,0.0498862
Gram_error_fro,2.0,1,12,2,0.0,0.06258691,0.04296846,0.03422326,0.02770162,0.02248283,0.01831465,0.01499565,0.01235036,0.01023369,0.00853002,0.00714915,0.0060215,0.0050937,0.00432484,0.00368344
Gram_error_fro,2.0,1,12,2,0.0,0.07550339,0.06764111,0.05488167,0.04378344,0.03484181,0.02779831,0.02228952,0.01797965,0.01459334,0.01191601,0.00978416,0.00807421,0.00669289,0.00556955,0.00465038
Gram_error_fro,2.0,1,12,2,0.0,0.06264298,0.0430471,0.03434597,0.02783927,0.02258799,0.01835396,0.01495326,0.01222398,0.01002948,0.00825845,0.00682227,0.00565136,0.00469155,0.00390071,0.0032461
Gram_error_fro,2.0,1,12,2,0.0,0.07071084,0.06434866,0.05498795,0.04571117,0.03762142,0.03089098,0.02539145,0.02092522,0.01730043,0.01435219,0.01194566,0.00997305,0.00834906,0.00700644,0.00589208
Gram_error_fro,2.0,1,12,2,0.0,0.00117459,0.00024272,0.00025622,0.00030725,0.00032051,0.0003184,0.0003087,0.00029438,0.00027739,0.00025921,0.00024096,0.00022338,0.00020694,0.00019186,0.00017821
Gram_error_fro,2.0,1,12,2,0.0,0.06291053,0.05986969,0.0506348,0.04133645,0.03343165,0.02704092,0.02195601,0.01792159,0.01471137,0.01214282,0.01007395,0.00839589,0.00702546,0.00589906,0.00496781
Gram_error_fro,4.0,1,12,2,0.0,0.12181717,0.101135,0.08169647,0.06581261,0.05310026,0.04300371,0.03499482,0.02862571,0.02353683,0.01944735,0.01614069,0.01345051,0.01124896,0.00943742,0.00793935
Gram_error_fro,2.0,1,12,2,0.0,0.06258691,0.04296846,0.03422326,0.02770162,0.02248283,0.01831465,0.01499565,0.01235036,0.01023369,0.00853002,0.00714915,0.0060215,0.0050937,0.00432484,0.00368344
Gram_error_fro,4.0,1,12,2,0.0,0.07800598,0.06900051,0.05817748,0.04844499,0.0402333,0.03344471,0.02787299,0.02330616,0.01955597,0.016465,0.01390572,0.01177642,0.00999655,0.00850235,0.00724318
Gram_error_fro,2.0,1,12,2,0.0,0.06780619,0.08608032,0.09128912,0.09149825,0.08934794,0.08584983,0.08156235,0.07685675,0.07198944,0.0671349,0.06240791,0.05788034,0.05359383,0.04956907,0.04581259
Gram_error_fro,4.0,1,12,2,0.0,0.11794362,0.09827615,0.07908347,0.06281298,0.04988659,0.03980573,0.03195811,0.02582511,0.02100282,0.01718446,0.01413886,0.01169195,0.00971233,0.00810029,0.00677968
Gram_error_fro,2.0,1,12,2,0.0,0.02102128,0.01358014,0.0111807,0.00923563,0.00755708,0.00616819,0.00504191,0.00413555,0.00340763,0.00282248,0.00235086,0.00196928,0.00165912,0.00140568,0.0011974
Gram_error_fro,4.0,1,12,2,0.0,0.07228342,0.04904901,0.03988269,0.03310295,0.02754584,0.02298131,0.01924538,0.01618873,0.01368109,0.01161393,0.00989955,0.00846843,0.00726602,0.00624965,0.00538587
Gram_error_fro,2.0,1,12,2,0.0,0.05866481,0.05739793,0.05038559,0.0427186,0.03587528,0.03009632,0.02529623,0.0213239,0.0180324,0.01529569,0.01301034,0.01109309,0.00947742,0.00811028,0.00694927
Gram_error_fro,0.0,1,12,2,0.0,0.0,0.0,0.0,0.0,0.0,0.0,0.0,0.0,0.0,0.0,0.0,0.0,0.0,0.0,0.0
Gram_error_fro,2.0,1,12,2,0.0,0.01449776,0.01547114,0.01694468,0.01728885,0.01692155,0.01612037,0.01507947,0.01392787,0.01274812,0.01159119,0.01048721,0.00945273,0.00849557,0.00761797,0.00681874
Gram_error_fro,2.0,1,12,2,0.0,0.01895249,0.01567573,0.01220588,0.00971859,0.00807613,0.00699952,0.00625227,0.00568292,0.005208,0.00478557,0.00439603,0.00403092,0.00368708,0.00336362,0.00306049
Gram_error_fro,2.0,1,12,2,0.0,0.00577791,0.00239073,0.00125666,0.00090502,0.00083222,0.00083955,0.00084934,0.00084153,0.00081617,0.00077813,0.00073227,0.00068242,0.00063126,0.00058063,0.00053169
Gram_error_fro,2.0,1,12,2,0.0,0.03942255,0.03315404,0.02892358,0.02574086,0.02310795,0.02081058,0.01875544,0.01689933,0.01521828,0.01369545,0.01231687,0.01107,0.00994339,0.00892643,0.00800935
Gram_error_fro,2.0,2,12,2,0.0,0.02671623,0.02114076,0.02103756,0.02102031,0.02067391,0.02008009,0.0193714,0.01864258,0.01794834,0.01731605,0.0167566,0.01627157,0.01585757,0.01550871,0.01521808
Gram_error_fro,2.0,1,12,2,0.0,0.08968313,0.08519567,0.07721764,0.06868671,0.06060403,0.05331331,0.04688026,0.04125778,0.0363607,0.03209736,0.02838184,0.02513802,0.02230005,0.0198117,0.01762511
Gram_error_fro,4.0,1,12,2,0.0,0.09297348,0.06444302,0.04794642,0.03713673,0.0292319,0.02324491,0.0186509,0.01509208,0.01230863,0.01011035,0.00835784,0.00694839,0.00580571,0.0048726,0.00410568
Gram_error_fro,2.0,1,12,2,0.0,0.06279249,0.02319326,0.01109421,0.00731236,0.00589457,0.0051689,0.00466161,0.00423594,0.00385155,0.00349689,0.00316898,0.00286711,0.00259076,0.0023391,0.0021109
Gram_error_fro,4.0,1,12,2,0.0,0.01336097,0.0099222,0.01199945,0.01276876,0.01267944,0.01211604,0.01130569,0.01038346,0.0094306,0.00849563,0.00760652,0.00677831,0.00601783,0.00532676,0.00470362
Gram_error_fro,2.0,1,12,2,0.0,0.03843264,0.0257884,0.01910175,0.01503882,0.0122837,0.0102966,0.00879345,0.00761063,0.00664982,0.00584963,0.0051703,0.00458513,0.00407555,0.00362823,0.00323331
Gram_error_fro,4.0,2,12,2,0.0,0.07388465,0.05272711,0.04118944,0.03374585,0.02840954,0.02451051,0.02166661,0.01959707,0.01808926,0.01698585,0.01617334,0.01557117,0.01512261,0.01478762,0.01453773
Gram_error_fro,2.0,1,12,2,0.0,0.04931286,0.03919985,0.03210323,0.02661263,0.02218581,0.01857883,0.01562457,0.01319265,0.01117997,0.00950529,0.00810471,0.00692791,0.00593501,0.00509421,0.00437995
Gram_error_fro,2.0,1,12,2,0.0,0.12291398,0.08645739,0.06775326,0.05517356,0.04552176,0.03788979,0.03178778,0.0268612,0.02284195,0.01952862,0.01677065,0.01445516,0.0124968,0.01083022,0.00940462
Gram_error_fro,2.0,1,12,2,0.0,0.07551249,0.0523721,0.0402919,0.03240322,0.02647904,0.02184174,0.0181573,0.01519964,0.01280181,0.01083908,0.00921819,0.00786906,0.00673851,0.00578571,0.00497888
Gram_error_fro,4.0,2,12,2,0.0,0.04724663,0.03887887,0.03295396,0.02827393,0.02459505,0.02175348,0.01958364,0.01793719,0.01669376,0.01576001,0.01506464,0.01455312,0.01418343,0.01392296,0.01374622
Gram_error_fro,0.0,1,12,2,0.0,0.0,0.0,0.0,0.0,0.0,0.0,0.0,0.0,0.0,0.0,0.0,0.0,0.0,0.0,0.0
Gram_error_fro,2.0,1,12,2,0.0,0.04435418,0.03078603,0.02395658,0.01968197,0.01656147,0.01411271,0.01211689,0.01045397,0.00904926,0.00785177,0.00682439,0.00593884,0.00517291,0.00450874,0.0039317
Gram_error_fro,2.0,1,12,2,0.0,0.01908071,0.00833597,0.0042536,0.0026645,0.00210433,0.0018857,0.00173972,0.00159859,0.00145374,0.00130891,0.00116874,0.00103658,0.00091437,0.00080299,0.00070259
Gram_error_fro,0.0,1,12,2,0.0,0.0,0.0,0.0,0.0,0.0,0.0,0.0,0.0,0.0,0.0,0.0,0.0,0.0,0.0,0.0
Gram_error_fro,2.0,1,12,2,0.0,0.03420497,0.02650794,0.02186763,0.01811912,0.01501831,0.01245831,0.01035367,0.00862746,0.00721181,0.00604902,0.00509144,0.00430032,0.00364447,0.00309883,0.00264329
Gram_error_fro,2.0,1,12,2,0.0,0.06793204,0.0300309,0.01790416,0.01266057,0.009589,0.00749958,0.00596871,0.00480195,0.00389263,0.00317412,0.00260102,0.00214066,0.00176872,0.00146674,0.00122049
Gram_error_fro,2.0,1,12,2,0.0,0.05091111,0.03435594,0.02655549,0.02165539,0.01807347,0.01528249,0.01303089,0.0111744,0.00962129,0.00830877,0.00719134,0.00623472,0.00541231,0.00470297,0.00408963
Gram_error_fro,2.0,1,12,2,0.0,0.04435418,0.03078603,0.02395658,0.01968197,0.01656147,0.01411271,0.01211689,0.01045397,0.00904926,0.00785177,0.00682439,0.00593884,0.00517291,0.00450874,0.0039317
Gram_error_fro,2.0,1,12,2,0.0,0.06925318,0.02959675,0.01394885,0.00758864,0.00455845,0.00293148,0.00200729,0.00147516,0.0011662,0.00097823,0.00085143,0.0007544,0.00067249,0.00059955,0.00053323
Gram_error_fro,2.0,1,12,2,0.0,0.04228067,0.0257873,0.01725734,0.01225477,0.00899459,0.00675081,0.00515034,0.00397938,0.00310657,0.00244662,0.0019418,0.00155182,0.00124797,0.00100941,0.00082086
Gram_error_fro,2.0,1,12,2,0.0,0.0491562,0.04456435,0.03784625,0.03102562,0.02495818,0.01989187,0.01578927,0.01251218,0.00990807,0.00784131,0.00620046,0.00489679,0.00386046,0.00303666,0.00238232
Gram_error_fro,4.0,1,12,2,0.0,0.08023124,0.08076312,0.07365369,0.06503475,0.05667496,0.04913196,0.04252325,0.03680387,0.03187818,0.02764244,0.02399971,0.02086426,0.01816198,0.01582955,0.01381316
Gram_error_fro,4.0,1,12,2,0.0,0.01502314,0.00750143,0.00641886,0.00654317,0.0067105,0.00668986,0.00648607,0.00615448,0.00574781,0.00530514,0.00485295,0.00440836,0.00398205,0.00358038,0.0032068
Gram_error_fro,4.0,2,12,2,0.0,0.06186263,0.03981665,0.02943829,0.02337232,0.01928296,0.01645688,0.01454132,0.01329128,0.01251892,0.01208064,0.01187001,0.01181071,0.01184947,0.01194971,0.01208653
Gram_error_fro,2.0,1,12,2,0.0,0.00674433,0.00305256,0.00157496,0.00078721,0.00063114,0.0008834,0.00110594,0.00123049,0.00127438,0.00126217,0.00121395,0.00114426,0.00106318,0.00097745,0.0008915
Gram_error_fro,2.0,1,12,2,0.0,0.0491418,0.03672861,0.02898405,0.023247,0.01876582,0.01524867,0.01247946,0.0102842,0.00852853,0.00711154,0.0059581,0.005012,0.00423083,0.00358215,0.00304083
Gram_error_fro,0.0,1,12,4,0.0,0.0,0.0,0.0,0.0,0.0,0.0,0.0,0.0,0.0,0.0,0.0,0.0,0.0,0.0,0.0
Gram_error_fro,2.0,1,12,4,0.0,0.04255852,0.02832695,0.02144126,0.01722122,0.01415461,0.01175841,0.00982903,0.00825515,0.00696213,0.00589404,0.00500701,0.00426634,0.00364454,0.00311986,0.0026751
Gram_error_fro,2.0,1,12,4,0.0,0.0411716,0.03367768,0.02853496,0.02459394,0.02117731,0.01817726,0.01557444,0.01334054,0.011435,0.00981351,0.00843388,0.00725859,0.00625546,0.00539738,0.00466176
Gram_error_fro,2.0,1,12,4,0.0,0.05058603,0.03914217,0.03240818,0.02727819,0.02304952,0.01952843,0.01659263,0.01413939,0.01208178,0.01034822,0.00888092,0.00763363,0.00656938,0.00565847,0.00487688
Gram_error_fro,2.0,1,12,4,0.0,0.05058603,0.03914217,0.03240818,0.02727819,0.02304952,0.01952843,0.01659263,0.01413939,0.01208178,0.01034822,0.00888092,0.00763363,0.00656938,0.00565847,0.00487688
Gram_error_fro,2.0,1,12,4,0.0,0.04662095,0.03886292,0.02838761,0.02101175,0.01608158,0.01259018,0.00997631,0.00795918,0.00638063,0.00513612,0.00414945,0.00336299,0.00273275,0.00222512,0.00181434
Gram_error_fro,2.0,1,12,4,0.0,0.10382066,0.07864178,0.0538363,0.03772397,0.02759321,0.02103563,0.01660597,0.01347776,0.01117444,0.00941506,0.00802924,0.00691017,0.00598848,0.00521747,0.00456459
Gram_error_fro,4.0,1,12,4,0.0,0.08398014,0.06581014,0.05105639,0.04136653,0.03455444,0.02932535,0.02507995,0.02153359,0.01853003,0.01596795,0.01377322,0.01188789,0.01026508,0.00886619,0.00765903
Gram_error_fro,2.0,1,12,4,0.0,0.04302633,0.04485327,0.04088145,0.03545917,0.03007975,0.02526262,0.02113583,0.01767276,0.01479359,0.01240785,0.01043119,0.00879076,0.00742585,0.00628679,0.00533329
Gram_error_fro,4.0,1,12,4,0.0,0.12033153,0.09067295,0.06335811,0.04585113,0.0345045,0.0266652,0.0209573,0.01666802,0.01338796,0.0108531,0.00887875,0.00732989,0.00610583,0.00513082,0.00434767
Gram_error_fro,2.0,1,12,4,0.0,0.0714462,0.05337547,0.04170782,0.0346934,0.02998165,0.02647709,0.02366355,0.02128676,0.01921608,0.01738027,0.01573693,0.01425818,0.01292367,0.01171734,0.01062578
Gram_error_fro,2.0,1,12,4,0.0,0.13287797,0.11446746,0.09044993,0.07179309,0.0575922,0.04658564,0.03793518,0.03107497,0.02559638,0.02119261,0.01762985,0.01472899,0.01235248,0.0103943,0.00877228
Gram_error_fro,4.0,1,12,4,0.0,0.10075547,0.07884299,0.06084521,0.04898348,0.04048419,0.03390944,0.02860103,0.02422279,0.02057205,0.01750853,0.01492669,0.01274362,0.01089282,0.00932023,0.00798156
Gram_error_fro,2.0,1,12,4,0.0,0.06659162,0.05425677,0.03959355,0.02916562,0.02210403,0.01714671,0.01351632,0.01077704,0.00866971,0.00702632,0.00573075,0.00469977,0.00387248,0.00320373,0.00265965
Gram_error_fro,4.0,1,12,4,0.0,0.05513361,0.04441545,0.03393541,0.02659107,0.0214466,0.01760696,0.01459083,0.01216052,0.01018183,0.00856295,0.00723329,0.00613639,0.00522695,0.00446883,0.00383336
Gram_error_fro,2.0,1,12,4,0.0,0.13406402,0.09974808,0.07038206,0.05245175,0.0410982,0.03321822,0.0273403,0.02275979,0.01909771,0.01612176,0.01367496,0.01164468,0.0099473,0.00851925,0.00731145
Gram_error_fro,0.0,1,12,2,0.0,0.0,0.0,0.0,0.0,0.0,0.0,0.0,0.0,0.0,0.0,0.0,0.0,0.0,0.0,0.0
Gram_error_fro,2.0,1,12,2,0.0,0.05127068,0.01754773,0.00953195,0.00699332,0.00548883,0.0043721,0.00350521,0.00282457,0.0022867,0.00185918,0.00151743,0.00124277,0.00102095,0.000841,0.00069447
Gram_error_fro,2.0,1,12,2,0.0,0.02331731,0.01288107,0.00714013,0.0045289,0.00330804,0.0027998,0.00263774,0.00258951,0.0025468,0.00247522,0.00237136,0.00224193,0.00209565,0.00194038,0.00178241
Gram_error_fro,2.0,1,12,2,0.0,0.06101593,0.03939874,0.02851505,0.02194656,0.01743287,0.01413282,0.01163165,0.00968483,0.00813567,0.00687974,0.00584576,0.00498396,0.00425882,0.00364435,0.00312099
Gram_error_fro,2.0,1,12,2,0.0,0.01855717,0.01330379,0.00964254,0.00739137,0.00579014,0.00460441,0.00372053,0.00305691,0.00255272,0.00216355,0.00185747,0.00161172,0.00141028,0.00124187,0.0010986
Gram_error_fro,0.0,1,12,2,0.0,0.0,0.0,0.0,0.0,0.0,0.0,0.0,0.0,0.0,0.0,0.0,0.0,0.0,0.0,0.0
Gram_error_fro,4.0,1,12,2,0.0,0.03641469,0.03118251,0.02754084,0.02449327,0.0216741,0.01905596,0.01666559,0.01451818,0.01261157,0.01093231,0.0094614,0.00817798,0.00706134,0.00609194,0.00525183
Gram_error_fro,2.0,1,12,2,0.0,0.04261885,0.03241042,0.02465975,0.01927459,0.01535701,0.01240772,0.01013571,0.00835539,0.00694095,0.00580384,0.00488019,0.00412306,0.00349745,0.00297689,0.0025411
Gram_error_fro,4.0,1,12,2,0.0,0.07345787,0.03892044,0.02752466,0.02149289,0.0173256,0.01420227,0.01177708,0.0098512,0.00829572,0.00702214,0.00596763,0.00508651,0.00434483,0.00371688,0.00318283
Gram_error_fro,0.0,1,12,2,0.0,0.0,0.0,0.0,0.0,0.0,0.0,0.0,0.0,0.0,0.0,0.0,0.0,0.0,0.0,0.0
Gram_error_fro,4.0,1,12,2,0.0,0.05240891,0.04827754,0.04150375,0.0348811,0.02910718,0.02426643,0.02026994,0.01698867,0.01429606,0.01208149,0.01025309,0.00873642,0.00747195,0.00641228,0.00551975
Gram_error_fro,2.0,1,12,2,0.0,0.08290272,0.06973172,0.05511346,0.04319633,0.03385897,0.02662595,0.02103986,0.0167191,0.01336301,0.01074141,0.00868049,0.00704964,0.00575074,0.00470982,0.00387083
Gram_error_fro,4.0,1,12,2,0.0,0.08730971,0.05618543,0.04174053,0.0335392,0.02747473,0.02264878,0.01876351,0.01562406,0.01307572,0.01099562,0.00928753,0.00787656,0.00670438,0.0057254,0.00490374
Gram_error_fro,2.0,1,12,2,0.0,0.01907018,0.00931152,0.00460751,0.00238042,0.00165646,0.00177998,0.00204981,0.00224119,0.00233519,0.00235112,0.00231074,0.00223186,0.00212796,0.00200892,0.00188186
Gram_error_fro,4.0,1,12,2,0.0,0.05736079,0.03151771,0.02017999,0.01435508,0.01078391,0.00847223,0.00692856,0.00584574,0.00503529,0.00438917,0.00384852,0.00338187,0.00297212,0.00260941,0.00228745
Gram_error_fro,4.0,1,12,2,0.0,0.0828506,0.05195831,0.03415945,0.02413811,0.01796251,0.01384548,0.0109683,0.00889468,0.00735989,0.00619253,0.00527933,0.00454526,0.00394067,0.00343264,0.00299907
Gram_error_fro,0.0,1,12,3,0.0,0.0,0.0,0.0,0.0,0.0,0.0,0.0,0.0,0.0,0.0,0.0,0.0,0.0,0.0,0.0
Gram_error_fro,2.0,1,12,3,0.0,0.08453724,0.04995334,0.02812929,0.01821114,0.01367219,0.01114335,0.00939469,0.00802582,0.0068946,0.00593831,0.0051217,0.00442092,0.00381793,0.00329827,0.00284994
Gram_error_fro,2.0,1,12,3,0.0,0.06869411,0.06336045,0.0530269,0.04318474,0.03485961,0.02812289,0.02276323,0.01851786,0.01515063,0.01246966,0.01032471,0.00859949,0.00720416,0.00606913,0.00514032
Gram_error_fro,2.0,1,12,3,0.0,0.054121,0.0412191,0.03294444,0.02739877,0.02299053,0.01929873,0.01618946,0.01357639,0.0113842,0.00954643,0.00800594,0.00671441,0.00563133,0.00472285,0.00396069
Gram_error_fro,0.0,1,12,3,0.0,0.0,0.0,0.0,0.0,0.0,0.0,0.0,0.0,0.0,0.0,0.0,0.0,0.0,0.0,0.0
Gram_error_fro,2.0,1,12,3,0.0,0.02650383,0.01882254,0.01403079,0.01078726,0.00862061,0.00711767,0.00602135,0.00518581,0.00452598,0.00398925,0.00354156,0.00316017,0.00282963,0.00253924,0.00228149
Gram_error_fro,2.0,1,12,3,0.0,0.06430129,0.04031541,0.02612767,0.01847188,0.01416398,0.01139746,0.00938336,0.00780612,0.00652786,0.00547527,0.00460131,0.003872,0.00326126,0.00274844,0.00231698
Gram_error_fro,2.0,1,12,3,0.0,0.05546613,0.03753528,0.02785816,0.02186534,0.01735348,0.01380591,0.01102139,0.00884329,0.00713664,0.00579191,0.00472441,0.00387023,0.00318157,0.00262262,0.00216633
Gram_error_fro,4.0,1,12,3,0.0,0.09283003,0.06359536,0.04566459,0.03504823,0.02762976,0.02195281,0.01748586,0.01394659,0.0111351,0.00889673,0.00711046,0.00568173,0.00453679,0.0036179,0.00287973
Gram_error_fro,2.0,1,12,3,0.0,0.06247432,0.04131402,0.02985256,0.0230341,0.01827829,0.01469924,0.01191733,0.0097162,0.00795334,0.00652925,0.00537189,0.00442751,0.00365492,0.00302189,0.00250276
Gram_error_fro,4.0,1,12,3,0.0,0.05021923,0.05278134,0.04863747,0.04320335,0.03802872,0.03342789,0.02939782,0.02587467,0.02279194,0.0200908,0.01772068,0.01563828,0.01380648,0.01219337,0.01077147
Gram_error_fro,2.0,1,12,3,0.0,0.086712,0.05135293,0.03105835,0.02280896,0.01917767,0.0169574,0.01520513,0.01367415,0.01229568,0.01104558,0.00991139,0.00888381,0.00795455,0.00711574,0.00635981
Gram_error_fro,4.0,1,12,3,0.0,0.10853285,0.06519155,0.04037645,0.02810207,0.02100051,0.01620347,0.01269153,0.01002639,0.00796782,0.00636174,0.0051012,0.00410889,0.00332733,0.00271286,0.00223158
Gram_error_fro,4.0,1,12,3,0.0,0.05799152,0.03926289,0.02816286,0.02165721,0.01719652,0.01387806,0.01132216,0.00931493,0.00771511,0.00642407,0.00537131,0.00450551,0.0037886,0.0031918,0.0026929
Gram_error_fro,4.0,1,12,3,0.0,0.10905037,0.06921887,0.04533527,0.0327452,0.02505227,0.01965273,0.01558382,0.012425,0.00994084,0.00797405,0.00641011,0.00516251,0.00416477,0.00336524,0.00272355
Gram_error_fro,4.0,1,12,3,0.0,0.0501142,0.03432456,0.02450576,0.01842708,0.01414799,0.01100161,0.00868143,0.00698037,0.00573846,0.00483018,0.00415846,0.00365037,0.00325321,0.00293047,0.0026579
Gram_error_fro,0.0,1,12,2,0.0,0.0,0.0,0.0,0.0,0.0,0.0,0.0,0.0,0.0,0.0,0.0,0.0,0.0,0.0,0.0
Gram_error_fro,0.0,1,12,2,0.0,0.0,0.0,0.0,0.0,0.0,0.0,0.0,0.0,0.0,0.0,0.0,0.0,0.0,0.0,0.0
Gram_error_fro,2.0,1,12,2,0.0,0.03755628,0.03284235,0.02987916,0.02718776,0.02465156,0.02237924,0.02037053,0.01858453,0.0169805,0.01552742,0.01420321,0.0129921,0.01188227,0.01086436,0.00993055
Gram_error_fro,2.0,1,12,2,0.0,0.0,0.0,0.00060826,0.0013395,0.0019286,0.00231124,0.00251034,0.00257174,0.00253898,0.00244615,0.00231774,0.00217052,0.00201554,0.00185996,0.00170825
Gram_error_fro,2.0,1,12,2,0.0,0.03090999,0.02179177,0.01910051,0.01712994,0.01525609,0.01353699,0.01200064,0.01064042,0.00943843,0.00837548,0.00743426,0.00659989,0.00585964,0.00520255,0.00461911
Gram_error_fro,2.0,1,12,2,0.0,0.09775976,0.11097517,0.10901471,0.10310556,0.09631481,0.08951407,0.08297434,0.07678868,0.07098928,0.06558302,0.06056388,0.0559183,0.05162819,0.04767283,0.04403023
Gram_error_fro,2.0,1,12,2,0.0,0.07512497,0.03326748,0.0207127,0.01625228,0.0135777,0.01151972,0.00982808,0.00841555,0.00723068,0.00623401,0.0053931,0.00468105,0.00407574,0.00355901,0.00311604
Gram_error_fro,4.0,1,12,2,0.0,0.09722663,0.11085174,0.10903552,0.10320602,0.0964464,0.08963925,0.08306986,0.0768431,0.07099919,0.06554988,0.06049177,0.05581253,0.05149437,0.04751642,0.04385624
Gram_error_fro,2.0,1,12,2,0.0,0.03210782,0.02505597,0.02026128,0.01673576,0.01424689,0.01251322,0.011236,0.0102067,0.0093108,0.00849474,0.00773674,0.00702931,0.00637042,0.00575954,0.00519605
Gram_error_fro,4.0,1,12,2,0.0,0.08435063,0.06987745,0.0596157,0.05178244,0.04526737,0.03962078,0.03466571,0.03031101,0.02648901,0.02313978,0.02020837,0.0176448,0.0154042,0.01344664,0.01173683
Gram_error_fro,4.0,1,12,2,0.0,0.05881574,0.05485241,0.0499446,0.04471773,0.03962303,0.03489951,0.03063468,0.02684003,0.0234919,0.02055195,0.01797744,0.01572619,0.01375889,0.01204003,0.01053804
Gram_error_fro,4.0,1,12,2,0.0,0.0501501,0.04570071,0.03813424,0.03136379,0.02578145,0.02124956,0.01757685,0.01459469,0.01216526,0.01017826,0.00854617,0.00719976,0.00608424,0.00515619,0.00438104
Gram_error_fro,4.0,1,12,2,0.0,0.03656907,0.03890295,0.03619175,0.03218445,0.02820925,0.0246053,0.02142413,0.01864374,0.01622447,0.01412396,0.01230183,0.01072138,0.00935001,0.00815923,0.00712436
Gram_error_fro,2.0,1,12,2,0.0,0.08583988,0.05671376,0.04359821,0.03500143,0.02832167,0.02303381,0.01890288,0.0157476,0.01340288,0.01171075,0.01051986,0.00969153,0.00910817,0.00867883,0.008339
Gram_error_fro,2.0,1,12,2,0.0,0.01936913,0.01765634,0.01445005,0.01136895,0.00874454,0.00664084,0.00501313,0.00379516,0.00292755,0.00235902,0.00203417,0.00188385,0.00183543,0.00183204,0.00183926
Gram_error_fro,2.0,1,12,2,0.0,0.08884109,0.07731558,0.06662405,0.05747962,0.0495945,0.04281352,0.03699209,0.03199487,0.0277016,0.02400843,0.02082691,0.01808214,0.01571079,0.01365939,0.01188263
Gram_error_fro,0.0,1,12,2,0.0,0.0,0.0,0.0,0.0,0.0,0.0,0.0,0.0,0.0,0.0,0.0,0.0,0.0,0.0,0.0
Gram_error_fro,2.0,1,12,2,0.0,0.01331028,0.00958383,0.00773266,0.00702517,0.00679846,0.00670444,0.00660602,0.00646203,0.00626796,0.00603156,0.00576357,0.00547433,0.00517271,0.00486593,0.00455962
Gram_error_fro,2.0,1,12,2,0.0,0.00752905,0.00337437,0.00297834,0.00297549,0.00292993,0.00282007,0.00266424,0.00248048,0.0022829,0.00208191,0.0018848,0.00169641,0.00151967,0.00135614,0.00120643
Gram_error_fro,2.0,1,12,2,0.0,0.01880787,0.00873358,0.00580773,0.00519646,0.00488705,0.00464885,0.00444417,0.00424174,0.00402612,0.00379594,0.00355642,0.00331426,0.00307523,0.00284356,0.00262198
Gram_error_fro,0.0,1,12,2,0.0,0.0,0.0,0.0,0.0,0.0,0.0,0.0,0.0,0.0,0.0,0.0,0.0,0.0,0.0,0.0
Gram_error_fro,2.0,1,12,2,0.0,0.08333767,0.04495078,0.02945861,0.0220461,0.0173575,0.01398174,0.01143757,0.00948787,0.0079809,0.00680734,0.0058853,0.00515283,0.00456315,0.00408105,0.0036802
Gram_error_fro,2.0,1,12,2,0.0,0.08295826,0.0727124,0.05988148,0.04892506,0.03999449,0.03283028,0.02709772,0.02249157,0.01876451,0.01572525,0.0132282,0.01116265,0.00944391,0.00800654,0.00679942
Gram_error_fro,2.0,1,12,2,0.0,0.03031542,0.02154163,0.01814445,0.01553229,0.01321025,0.0111996,0.00949179,0.00805281,0.00684332,0.00582652,0.00497034,0.00424774,0.00363628,0.00311747,0.00267613
Gram_error_fro,2.0,1,12,2,0.0,0.08693836,0.07433557,0.06178744,0.0512216,0.04243888,0.03521859,0.02931236,0.02448028,0.02051481,0.01724626,0.01453943,0.01228755,0.01040634,0.00882896,0.00750206
Gram_error_fro,2.0,1,12,2,0.0,0.01934321,0.01738275,0.01795841,0.01721724,0.01592486,0.01445419,0.01296904,0.01154842,0.0102298,0.00902814,0.00794594,0.00697902,0.00611978,0.00535916,0.00468773
Gram_error_fro,2.0,1,12,2,0.0,0.01331028,0.00958383,0.00773266,0.00702517,0.00679846,0.00670444,0.00660602,0.00646203,0.00626796,0.00603156,0.00576357,0.00547433,0.00517271,0.00486593,0.00455962
Gram_error_fro,4.0,2,12,2,0.0,0.1076507,0.07683966,0.05716433,0.04369866,0.03360574,0.0258669,0.01993742,0.01546115,0.01220287,0.01000943,0.00875226,0.00825866,0.00829856,0.00864694,0.00913948
Gram_error_fro,4.0,1,12,2,0.0,0.06326109,0.08424788,0.08941007,0.0892687,0.0867903,0.08305358,0.07862066,0.07384956,0.06898006,0.06417083,0.059523,0.05509731,0.05092664,0.04702506,0.04339426
Gram_error_fro,4.0,1,12,2,0.0,0.05528569,0.0361927,0.02935054,0.02456373,0.02051621,0.01711804,0.01429779,0.01196594,0.01003734,0.00843907,0.00711099,0.00600416,0.00507899,0.00430345,0.00365159
Gram_error_fro,2.0,1,12,2,0.0,0.06581171,0.06671601,0.06035699,0.05254615,0.04498538,0.03823302,0.03240471,0.02744882,0.02326053,0.01972751,0.01674665,0.01422883,0.01209905,0.01029484,0.00876438
Gram_error_fro,2.0,1,12,2,0.0,0.04302884,0.03518677,0.02840991,0.02308207,0.01870129,0.01519208,0.01243277,0.01026709,0.00855317,0.00717988,0.00606527,0.00515001,0.00439094,0.00375625,0.00322198
Gram_error_fro,0.0,1,12,5,0.0,0.0,0.0,0.0,0.0,0.0,0.0,0.0,0.0,0.0,0.0,0.0,0.0,0.0,0.0,0.0
Gram_error_fro,2.0,1,12,5,0.0,0.04814337,0.04011479,0.0310912,0.02504902,0.02146343,0.01923273,0.01762205,0.0162783,0.0150604,0.01392052,0.01284646,0.01183753,0.01089527,0.01002038,0.00921199
Gram_error_fro,2.0,1,12,5,0.0,0.03275335,0.01909831,0.01293859,0.00983279,0.00821196,0.00727379,0.00661629,0.00606724,0.00556366,0.00508714,0.00463511,0.00420942,0.00381219,0.00344465,0.00310695
Gram_error_fro,2.0,1,12,5,0.0,0.03115605,0.02123758,0.01657493,0.01386731,0.01196421,0.01047462,0.00924194,0.00819192,0.00728292,0.00648803,0.00578807,0.00516854,0.00461814,0.0041278,0.00369014
Gram_error_fro,2.0,1,12,5,0.0,0.06153299,0.05489663,0.04216531,0.03173128,0.02407618,0.01854169,0.01450421,0.01151545,0.00926883,0.00755459,0.00622743,0.00518532,0.0043558,0.00368687,0.00314083
Gram_error_fro,2.0,1,12,5,0.0,0.01486179,0.01321535,0.01381284,0.01339055,0.01212536,0.010622,0.00918441,0.00791474,0.00682634,0.00590145,0.00511513,0.00444387,0.00386796,0.00337146,0.00294171
Gram_error_fro,2.0,1,12,5,0.0,0.09883916,0.08184361,0.06194444,0.04707197,0.0362819,0.02829542,0.02226907,0.01766116,0.01410363,0.01133442,0.00916218,0.00744543,0.0060789,0.00498381,0.00410079
Gram_error_fro,4.0,1,12,5,0.0,0.08560311,0.06798896,0.05436627,0.04363945,0.03481556,0.02760652,0.02181486,0.01723158,0.01364482,0.01085784,0.0086996,0.00702806,0.00572918,0.0047136,0.00391269
Gram_error_fro,4.0,1,12,5,0.0,0.08396484,0.05557554,0.03669592,0.02508866,0.01768869,0.01282731,0.00957123,0.00736054,0.00583862,0.00477006,0.00399816,0.00341995,0.00296938,0.0026049,0.00230074
Gram_error_fro,4.0,1,12,5,0.0,0.06483184,0.04721352,0.03237113,0.02308577,0.01722549,0.01330678,0.01053521,0.00849122,0.00693885,0.00573403,0.00478257,0.00401996,0.00340068,0.00289199,0.00246996
Gram_error_fro,2.0,1,12,5,0.0,0.09350509,0.06824623,0.04534727,0.03086331,0.02206527,0.01648748,0.0127256,0.0100533,0.00808474,0.00659743,0.00545156,0.00455358,0.00383861,0.00326071,0.00278705
Gram_error_fro,4.0,1,12,5,0.0,0.10834216,0.08890893,0.06802114,0.05289999,0.04211489,0.03417486,0.02814738,0.02346305,0.01975534,0.01677537,0.01434778,0.01234608,0.01067758,0.00927344,0.00808189
Gram_error_fro,2.0,1,12,5,0.0,0.09627884,0.07176959,0.05000887,0.03631215,0.02757484,0.02159756,0.01724246,0.0139326,0.0113524,0.00931004,0.00767743,0.00636316,0.00529919,0.00443356,0.00372602
Gram_error_fro,2.0,1,12,5,0.0,0.07422359,0.06354785,0.05296309,0.04394409,0.03630888,0.02996955,0.02480188,0.02063636,0.01729127,0.01459887,0.01241746,0.01063369,0.00915977,0.00792898,0.00689102
Gram_error_fro,4.0,1,12,5,0.0,0.10352017,0.08460382,0.06775832,0.05460426,0.04418858,0.03592024,0.02938309,0.02423169,0.02017003,0.01695162,0.01437901,0.01229926,0.01059674,0.00918535,0.00800141
Gram_error_fro,4.0,1,12,5,0.0,0.06483184,0.04721352,0.03237113,0.02308577,0.01722549,0.01330678,0.01053521,0.00849122,0.00693885,0.00573403,0.00478257,0.00401996,0.00340068,0.00289199,0.00246996
Gram_error_fro,0.0,1,12,2,0.0,0.0,0.0,0.0,0.0,0.0,0.0,0.0,0.0,0.0,0.0,0.0,0.0,0.0,0.0,0.0
Gram_error_fro,0.0,1,12,2,0.0,0.0,0.0,0.0,0.0,0.0,0.0,0.0,0.0,0.0,0.0,0.0,0.0,0.0,0.0,0.0
Gram_error_fro,2.0,1,12,2,0.0,0.02790519,0.0198855,0.01530524,0.01226841,0.00998389,0.00818286,0.00673591,0.00556192,0.00460316,0.00381626,0.00316785,0.00263188,0.00218775,0.00181905,0.00151254
Gram_error_fro,2.0,1,12,2,0.0,0.00173804,0.00037945,0.00034583,0.00070438,0.0008621,0.00088972,0.00084446,0.00076409,0.00067113,0.00057809,0.00049143,0.00041407,0.00034694,0.00028988,0.00024216
Gram_error_fro,2.0,1,12,2,0.0,0.02889135,0.01963421,0.0148951,0.01183674,0.0097033,0.00812385,0.00689613,0.00590767,0.00509271,0.00440996,0.00383154,0.00333751,0.00291298,0.00254646,0.00222884
Gram_error_fro,2.0,1,12,2,0.0,0.00691074,0.00214863,0.00111478,0.00095816,0.00095536,0.00096187,0.00095513,0.00093482,0.0009044,0.00086714,0.00082548,0.00078115,0.00073539,0.00068914,0.00064311
Gram_error_fro,4.0,1,12,2,0.0,0.04626037,0.02933323,0.02236567,0.01821869,0.01522054,0.01288009,0.01098946,0.00943356,0.00813733,0.00704746,0.00612427,0.00533742,0.00466326,0.00408303,0.00358169
Gram_error_fro,2.0,1,12,2,0.0,0.02573347,0.01272946,0.00806153,0.00581612,0.00451019,0.00364488,0.00301904,0.00253922,0.00215611,0.0018414,0.00157785,0.00135439,0.00116352,0.00099981,0.00085912
Gram_error_fro,4.0,1,12,2,0.0,0.04517727,0.03324668,0.02570999,0.02032402,0.01622548,0.01304582,0.01055643,0.00859388,0.00703665,0.00579329,0.00479455,0.00398763,0.00333207,0.0027966,0.00235695
Gram_error_fro,2.0,1,12,2,0.0,0.0146483,0.00445015,0.00199348,0.00115059,0.00075415,0.00051533,0.00035018,0.00023028,0.00014393,8.719e-05,6.299e-05,6.744e-05,8.106e-05,9.311e-05,0.00010131
Gram_error_fro,2.0,1,12,2,0.0,0.0279685,0.01325042,0.00797465,0.00547922,0.00408929,0.00321732,0.0026153,0.00216893,0.00182078,0.00153964,0.00130733,0.00111251,0.0009477,0.00080756,0.00068813
Gram_error_fro,4.0,2,12,2,0.0,0.05684693,0.03786893,0.02922274,0.02439593,0.02129934,0.01920455,0.0177565,0.01674405,0.01603054,0.01552458,0.01516417,0.01490678,0.01472292,0.0145919,0.01449903
Gram_error_fro,4.0,1,12,2,0.0,0.03549641,0.01574722,0.00967088,0.00694879,0.00537324,0.00430764,0.00352182,0.00291443,0.00243131,0.00203948,0.00171729,0.00144973,0.00122604,0.00103816,0.00087987
Gram_error_fro,4.0,1,12,2,0.0,0.07897149,0.04534386,0.03126323,0.02326672,0.01791552,0.01408135,0.01123057,0.00905801,0.00737134,0.0060424,0.00498258,0.00412887,0.00343545,0.00286832,0.00240177
Gram_error_fro,4.0,1,12,2,0.0,0.03816607,0.0263749,0.02179334,0.0189976,0.01680934,0.0149538,0.01334319,0.01193366,0.01069453,0.00960133,0.00863378,0.00777494,0.00701056,0.00632859,0.00571881
Gram_error_fro,6.0,1,12,2,0.0,0.08024687,0.06030358,0.04784983,0.0383495,0.03079656,0.0247669,0.01995571,0.01611558,0.01304546,0.01058462,0.00860619,0.00701067,0.00572013,0.00467349,0.00382264
Gram_error_fro,0.0,1,12,6,0.0,0.0,0.0,0.0,0.0,0.0,0.0,0.0,0.0,0.0,0.0,0.0,0.0,0.0,0.0,0.0
Gram_error_fro,2.0,1,12,6,0.0,0.06552991,0.0586975,0.04865652,0.03949042,0.03164081,0.025171,0.01998811,0.01592029,0.01277221,0.01035661,0.00850893,0.00709214,0.00599674,0.00513814,0.00445304
Gram_error_fro,2.0,1,12,6,0.0,0.07328364,0.06085979,0.04548953,0.0333936,0.02450033,0.0181494,0.0136904,0.0105837,0.0084137,0.00687583,0.00575659,0.00491261,0.00425122,0.00371414,0.00326512
Gram_error_fro,2.0,1,12,6,0.0,0.05026295,0.04852132,0.04338793,0.03689576,0.03040996,0.02462788,0.01979469,0.01591167,0.01286918,0.01052037,0.00871837,0.00733335,0.00625864,0.00541123,0.00472926
Gram_error_fro,2.0,1,12,6,0.0,0.06552991,0.0586975,0.04865652,0.03949042,0.03164081,0.025171,0.01998811,0.01592029,0.01277221,0.01035661,0.00850893,0.00709214,0.00599674,0.00513814,0.00445304
Gram_error_fro,2.0,1,12,6,0.0,0.07074864,0.05600466,0.04063535,0.03126258,0.02555065,0.02152476,0.01831496,0.01561339,0.01331203,0.01135922,0.00971472,0.00833912,0.00719342,0.00624069,0.00544751
Gram_error_fro,2.0,1,12,6,0.0,0.1118785,0.09607074,0.07204919,0.0538081,0.04089684,0.03161018,0.02476012,0.01961427,0.01570339,0.01270625,0.01039177,0.00858926,0.00717149,0.0060436,0.00513519
Gram_error_fro,4.0,1,12,6,0.0,0.08928214,0.07465186,0.05929925,0.04912484,0.04252823,0.03781349,0.03406398,0.03087175,0.02806309,0.0255582,0.02331276,0.02129586,0.0194822,0.01784955,0.01637794
Gram_error_fro,2.0,1,12,6,0.0,0.08343608,0.06519256,0.04692376,0.03479468,0.02688225,0.02139039,0.01734403,0.01424589,0.01181872,0.00988757,0.00833172,0.00706401,0.00602034,0.00515305,0.00442641
Gram_error_fro,2.0,1,12,6,0.0,0.05942655,0.05595321,0.04790482,0.04009858,0.033139,0.02713798,0.02210251,0.01796919,0.01463032,0.01196097,0.00983823,0.00815179,0.00680826,0.00573167,0.00486194
Gram_error_fro,2.0,1,12,6,0.0,0.09411791,0.08521832,0.06798609,0.05360662,0.04249029,0.03390842,0.02724859,0.02206062,0.01800464,0.01481844,0.01229907,0.01029053,0.00867397,0.00735962,0.00628003
Gram_error_fro,2.0,1,12,6,0.0,0.11833271,0.10148789,0.0767641,0.05731995,0.04320555,0.03298285,0.02548913,0.01992674,0.01575267,0.01258946,0.0101693,0.00829938,0.0068396,0.00568761,0.00476833
Gram_error_fro,2.0,1,12,6,0.0,0.10355277,0.07384035,0.05489012,0.04273383,0.03394839,0.02715475,0.02177965,0.01751677,0.01414906,0.01149911,0.00941758,0.00778042,0.00648702,0.0054577,0.00463061
Gram_error_fro,4.0,1,12,6,0.0,0.11186708,0.07892712,0.0565622,0.04538506,0.0396269,0.03586666,0.03275823,0.02989501,0.0271929,0.02465606,0.02230168,0.02014006,0.01817206,0.01639121,0.01478644
Gram_error_fro,4.0,1,12,6,0.0,0.07946317,0.06550191,0.05283348,0.04271278,0.03454564,0.02791487,0.0225618,0.01828076,0.01488477,0.0122036,0.01008832,0.00841399,0.00707959,0.00600584,0.00513195
Gram_error_fro,2.0,1,12,6,0.0,0.11890461,0.09146839,0.06212976,0.04177752,0.02862065,0.020149,0.01463646,0.01100534,0.00857871,0.00692118,0.00575052,0.00488673,0.00421836,0.00367831,0.0032268
Gram_error_fro,0.0,1,12,3,0.0,0.0,0.0,0.0,0.0,0.0,0.0,0.0,0.0,0.0,0.0,0.0,0.0,0.0,0.0,0.0
Gram_error_fro,2.0,1,12,3,0.0,0.07844733,0.04952189,0.03316932,0.02403344,0.01828005,0.0143125,0.01142098,0.00923945,0.0075531,0.00622482,0.00516268,0.00430306,0.00360069,0.00302261,0.00254418
Gram_error_fro,2.0,1,12,3,0.0,0.02107554,0.0154658,0.01167675,0.00894669,0.00700133,0.00560242,0.00458006,0.00381567,0.00322751,0.00276064,0.00237903,0.00205947,0.00178703,0.00155193,0.00134758
Gram_error_fro,2.0,1,12,3,0.0,0.0208656,0.01753586,0.01386767,0.01132618,0.00945314,0.00794715,0.00668929,0.00562732,0.00472957,0.0039717,0.00333314,0.00279605,0.00234494,0.00196642,0.00164901
Gram_error_fro,2.0,1,12,3,0.0,0.07973105,0.06313658,0.05351314,0.04657743,0.04069422,0.03552176,0.03097967,0.02701899,0.02358425,0.02061427,0.0180478,0.01582781,0.01390352,0.0122311,0.0107734
Gram_error_fro,2.0,1,12,3,0.0,0.04629957,0.02872463,0.02297487,0.02062883,0.01911415,0.01778128,0.01647425,0.01517584,0.01390372,0.0126788,0.01151688,0.01042767,0.00941592,0.00848272,0.00762675
Gram_error_fro,4.0,1,12,3,0.0,0.12680669,0.09705942,0.07694738,0.06456175,0.0556788,0.04864342,0.04278679,0.03778582,0.03345496,0.0296726,0.02635127,0.02342389,0.0208368,0.0185458,0.01651383
Gram_error_fro,4.0,1,12,3,0.0,0.04612488,0.02727587,0.02093839,0.01757137,0.01507375,0.0130291,0.01130508,0.00983014,0.00855635,0.00744951,0.0064842,0.00564074,0.0049032,0.00425829,0.00369466
Gram_error_fro,4.0,1,12,3,0.0,0.05361065,0.04314765,0.0364813,0.03091758,0.02625032,0.02248253,0.01948711,0.017087,0.01512251,0.01347324,0.012056,0.01081553,0.00971538,0.0087311,0.00784573
Gram_error_fro,2.0,1,12,3,0.0,0.04629705,0.0379872,0.03015441,0.02370574,0.01864131,0.01471943,0.01169251,0.00935504,0.00754579,0.00614075,0.00504519,0.00418679,0.00351013,0.00297263,0.0025416
Gram_error_fro,2.0,1,12,3,0.0,0.09936191,0.07459819,0.05415175,0.04021821,0.03039128,0.02325096,0.01797318,0.0140282,0.0110535,0.0087932,0.00706351,0.00573072,0.00469652,0.00388796,0.0032505
Gram_error_fro,2.0,1,12,3,0.0,0.10808102,0.07052528,0.04824583,0.03645994,0.02936946,0.02457457,0.02105963,0.01833033,0.01611722,0.01426324,0.01267296,0.01128624,0.01006365,0.00897811,0.00801004
Gram_error_fro,4.0,1,12,3,0.0,0.08228451,0.0605478,0.04377396,0.03180681,0.02354822,0.01789015,0.01399295,0.01127266,0.0093321,0.00790471,0.00681507,0.0059503,0.00523917,0.00463713,0.00411633
Gram_error_fro,4.0,1,12,3,0.0,0.02392854,0.01607871,0.01142453,0.00856686,0.00677696,0.0055865,0.0047353,0.00408529,0.00356232,0.00312508,0.00274961,0.00242155,0.00213193,0.00187488,0.00164625
Gram_error_fro,4.0,1,12,3,0.0,0.08434928,0.05994719,0.04332489,0.03181471,0.0235896,0.01761204,0.01322219,0.00997318,0.00755326,0.00574161,0.00438017,0.00335468,0.00258174,0.00199975,0.0015627
Gram_error_fro,6.0,2,12,3,0.0,0.07502229,0.0452021,0.02924632,0.0197094,0.01387106,0.01084801,0.01005503,0.01060029,0.01166101,0.01280135,0.01385316,0.01476715,0.01553996,0.01618438,0.01671767
Gram_error_fro,0.0,1,12,3,0.0,0.0,0.0,0.0,0.0,0.0,0.0,0.0,0.0,0.0,0.0,0.0,0.0,0.0,0.0,0.0
Gram_error_fro,2.0,1,12,3,0.0,0.05192785,0.03724841,0.03112439,0.02684682,0.02321785,0.02006232,0.01733183,0.01498563,0.0129795,0.01126869,0.00981094,0.00856813,0.0075069,0.0065986,0.00581892
Gram_error_fro,2.0,1,12,3,0.0,0.10996614,0.08248658,0.06470651,0.05470019,0.04764309,0.04183677,0.03680163,0.03238878,0.0285236,0.02514484,0.02219434,0.01961739,0.0173643,0.0153911,0.0136596
Gram_error_fro,2.0,1,12,3,0.0,0.03675709,0.03475333,0.03171454,0.0289161,0.02631485,0.02387073,0.02158121,0.01945531,0.01750008,0.01571656,0.01410013,0.01264205,0.01133113,0.01015509,0.00910144
Gram_error_fro,2.0,1,12,3,0.0,0.05540153,0.05619542,0.05303351,0.04813111,0.04284372,0.03780607,0.03324666,0.02921575,0.02569095,0.02262315,0.01995652,0.01763706,0.01561599,0.01385074,0.01230479
Gram_error_fro,2.0,1,12,3,0.0,0.05540153,0.05619542,0.05303351,0.04813111,0.04284372,0.03780607,0.03324666,0.02921575,0.02569095,0.02262315,0.01995652,0.01763706,0.01561599,0.01385074,0.01230479
Gram_error_fro,4.0,1,12,3,0.0,0.12411401,0.09734115,0.07965786,0.06827239,0.05946098,0.05206341,0.04568963,0.04015292,0.03532859,0.03111792,0.02743773,0.02421671,0.02139351,0.01891539,0.01673708
Gram_error_fro,2.0,1,12,3,0.0,0.05417418,0.03361146,0.02385544,0.01929418,0.01637141,0.01404929,0.01208239,0.01040369,0.00897778,0.0077727,0.00675713,0.0059016,0.00517962,0.00456823,0.004048
Gram_error_fro,4.0,1,12,3,0.0,0.10303898,0.07667598,0.06236271,0.05392943,0.04731493,0.04159908,0.03657795,0.03216963,0.02830877,0.02493277,0.02198229,0.0194029,0.01714592,0.01516857,0.01343365
Gram_error_fro,4.0,1,12,3,0.0,0.07744264,0.07273517,0.06593272,0.05796101,0.05000281,0.04278824,0.03653737,0.03122806,0.02675338,0.0229892,0.01981919,0.01714249,0.01487457,0.01294566,0.01129862
Gram_error_fro,4.0,1,12,3,0.0,0.06634505,0.05969668,0.05278025,0.04573511,0.03923616,0.03347582,0.02845583,0.02412249,0.02040752,0.01724095,0.01455612,0.0122918,0.01039301,0.00881108,0.0075032
Gram_error_fro,4.0,1,12,3,0.0,0.12825677,0.1021143,0.08137851,0.06672391,0.05549081,0.04648993,0.03914386,0.03309891,0.02810044,0.02395083,0.02049236,0.01759802,0.01516537,0.01311178,0.01137055
Gram_error_fro,2.0,1,12,3,0.0,0.05333212,0.04396669,0.0394191,0.03613952,0.03292235,0.02976964,0.02679529,0.02406126,0.02158543,0.01936155,0.01737211,0.0155953,0.0140087,0.01259099,0.01132274
Gram_error_fro,4.0,1,12,3,0.0,0.12752813,0.11055337,0.09676751,0.08475357,0.07383602,0.06410255,0.05558002,0.04819537,0.04182951,0.03635286,0.03164212,0.02758674,0.02409048,0.02107087,0.01845782
Gram_error_fro,2.0,1,12,3,0.0,0.07534372,0.06044733,0.05154821,0.04499576,0.03966087,0.03514432,0.03124386,0.0278374,0.02484233,0.02219752,0.01985471,0.01777427,0.01592294,0.01427245,0.01279862
Gram_error_fro,2.0,1,12,3,0.0,0.04641834,0.03110635,0.02799546,0.02697104,0.02630302,0.02560454,0.02477796,0.02381959,0.02275749,0.02162691,0.02046069,0.01928605,0.01812407,0.01699029,0.01589559
Gram_error_fro,0.0,1,12,2,0.0,0.0,0.0,0.0,0.0,0.0,0.0,0.0,0.0,0.0,0.0,0.0,0.0,0.0,0.0,0.0
Gram_error_fro,2.0,1,12,2,0.0,0.02342149,0.0088933,0.00530175,0.00438703,0.00406316,0.00381418,0.00355098,0.00327087,0.00298466,0.00270271,0.00243258,0.00217907,0.00194483,0.0017309,0.00153725
Gram_error_fro,2.0,1,12,2,0.0,0.02189064,0.0096193,0.00605915,0.00449832,0.00360315,0.00302525,0.00263137,0.00235095,0.00214064,0.00197317,0.00183188,0.00170688,0.00159248,0.00148553,0.00138435
Gram_error_fro,0.0,1,12,2,0.0,0.0,0.0,0.0,0.0,0.0,0.0,0.0,0.0,0.0,0.0,0.0,0.0,0.0,0.0,0.0
Gram_error_fro,0.0,1,12,2,0.0,0.0,0.0,0.0,0.0,0.0,0.0,0.0,0.0,0.0,0.0,0.0,0.0,0.0,0.0,0.0
Gram_error_fro,2.0,1,12,2,0.0,0.04215418,0.01550072,0.00980784,0.00729599,0.00555363,0.00423392,0.00321999,0.00244112,0.00184669,0.00139924,0.00107092,0.00084056,0.00069025,0.00060183,0.00055578
Gram_error_fro,4.0,1,12,2,0.0,0.05179102,0.01697151,0.00912622,0.00724114,0.00656056,0.00606153,0.00556654,0.0050677,0.00458216,0.00412413,0.00370158,0.00331752,0.00297178,0.00266236,0.00238633
Gram_error_fro,2.0,1,12,2,0.0,0.05732305,0.04350694,0.03366946,0.02663398,0.02124668,0.01702184,0.01368089,0.01102801,0.00891478,0.00722609,0.00587222,0.00478315,0.00390422,0.00319266,0.00261494
Gram_error_fro,2.0,1,12,2,0.0,0.03699549,0.02308149,0.01708631,0.01349624,0.01094447,0.00901156,0.00749913,0.00629066,0.00531053,0.00450654,0.0038411,0.00328628,0.00282082,0.00242828,0.00209569
Gram_error_fro,4.0,1,12,2,0.0,0.02488002,0.01938046,0.01603147,0.01348873,0.01141827,0.00971942,0.00831678,0.00714804,0.00616538,0.00533294,0.00462364,0.00401654,0.00349509,0.00304594,0.00265816
Gram_error_fro,2.0,1,12,2,0.0,0.05726177,0.04341306,0.03357212,0.02652949,0.02113573,0.01690908,0.01356972,0.01091875,0.00880524,0.00711295,0.00575215,0.00465355,0.00376349,0.00304025,0.00245119
Gram_error_fro,2.0,1,12,2,0.0,0.07024065,0.05140662,0.03805262,0.02878227,0.02193908,0.01678113,0.01286444,0.00987579,0.00758457,0.0058199,0.00445498,0.00339542,0.0025706,0.00192737,0.0014254
Gram_error_fro,2.0,1,12,2,0.0,0.01872837,0.00778661,0.00512399,0.0046225,0.00451442,0.00436955,0.00414212,0.00385723,0.00354346,0.00322207,0.00290712,0.00260734,0.00232769,0.00207058,0.00183674
Gram_error_fro,4.0,1,12,2,0.0,0.04515872,0.02656392,0.0204023,0.0171171,0.01473627,0.01279858,0.0111582,0.00974866,0.00852906,0.00746969,0.00654722,0.0057426,0.00503992,0.00442572,0.00388848
Gram_error_fro,4.0,1,12,2,0.0,0.06207967,0.03609989,0.02664307,0.02142537,0.01776335,0.01493364,0.0126596,0.01079705,0.00925367,0.00796381,0.00687833,0.00595943,0.00517757,0.00450929,0.0039358
Gram_error_fro,2.0,1,12,2,0.0,0.0189038,0.01385415,0.01089932,0.0088703,0.00738963,0.00623139,0.00528162,0.00448417,0.00380793,0.00323245,0.00274232,0.00232505,0.00197014,0.0016687,0.0014131
Gram_error_fro,0.0,1,12,2,0.0,0.0,0.0,0.0,0.0,0.0,0.0,0.0,0.0,0.0,0.0,0.0,0.0,0.0,0.0,0.0
Gram_error_fro,2.0,1,12,2,0.0,0.02601045,0.02030909,0.01775633,0.01578814,0.01410815,0.01264211,0.01135906,0.01023665,0.00925422,0.00839224,0.00763301,0.00696101,0.00636304,0.00582808,0.00534702
Gram_error_fro,2.0,1,12,2,0.0,0.02363768,0.01893745,0.01615212,0.01384245,0.01187279,0.01019285,0.00876313,0.00754862,0.00651772,0.00564228,0.00489775,0.00426309,0.00372055,0.00325527,0.00285491
Gram_error_fro,2.0,1,12,2,0.0,0.0808419,0.07733453,0.0688314,0.06028051,0.05248336,0.04561468,0.03964843,0.03449577,0.03005554,0.02623118,0.0229357,0.02009278,0.01763639,0.01550989,0.01366504
Gram_error_fro,2.0,1,12,2,0.0,0.02287317,0.01857367,0.01603171,0.01390324,0.01207055,0.01049926,0.00915707,0.00801168,0.00703322,0.00619547,0.00547592,0.00485562,0.0043187,0.00385197,0.00344451
Gram_error_fro,2.0,1,12,2,0.0,0.0808419,0.07733453,0.0688314,0.06028051,0.05248336,0.04561468,0.03964843,0.03449577,0.03005554,0.02623118,0.0229357,0.02009278,0.01763639,0.01550989,0.01366504
Gram_error_fro,4.0,1,12,2,0.0,0.08077725,0.07407798,0.06608172,0.05877543,0.05223,0.04638924,0.04118948,0.03657172,0.03248041,0.02886198,0.02566499,0.02284106,0.02034572,0.01813887,0.01618488
Gram_error_fro,4.0,1,12,2,0.0,0.08144199,0.07543324,0.06893962,0.062051,0.05533418,0.04908288,0.04340164,0.03830854,0.03378179,0.02978079,0.02625699,0.0231599,0.02044067,0.01805384,0.01595827
Gram_error_fro,2.0,1,12,2,0.0,0.02601045,0.02030909,0.01775633,0.01578814,0.01410815,0.01264211,0.01135906,0.01023665,0.00925422,0.00839224,0.00763301,0.00696101,0.00636304,0.00582808,0.00534702
Gram_error_fro,4.0,1,12,2,0.0,0.12444394,0.10737191,0.09566693,0.08512151,0.07536695,0.06650054,0.05855935,0.0515148,0.04530349,0.03984716,0.03506405,0.03087509,0.02720711,0.02399419,0.02117793
Gram_error_fro,2.0,1,12,2,0.0,0.07927244,0.05765813,0.05059597,0.04601939,0.04188671,0.03795012,0.03422404,0.03074857,0.02755031,0.02463851,0.02200866,0.01964701,0.01753455,0.01564981,0.01397081
Gram_error_fro,4.0,1,12,2,0.0,0.0478756,0.04089915,0.035297,0.03035214,0.02606972,0.02242656,0.01934908,0.01675181,0.01455529,0.0126912,0.01110269,0.00974311,0.00857435,0.00756534,0.0066907
Gram_error_fro,2.0,1,12,2,0.0,0.02601045,0.02030909,0.01775633,0.01578814,0.01410815,0.01264211,0.01135906,0.01023665,0.00925422,0.00839224,0.00763301,0.00696101,0.00636304,0.00582808,0.00534702
Gram_error_fro,0.0,1,12,2,0.0,0.07654857,0.07763586,0.07093082,0.06323168,0.05589227,0.04926141,0.04338598,0.03821894,0.03368835,0.02971989,0.02624399,0.02319789,0.02052604,0.01817978,0.01611674
Gram_error_fro,2.0,1,12,2,0.0,0.07654857,0.07763586,0.07113372,0.0635572,0.05621035,0.04946569,0.04341442,0.03804973,0.03332767,0.02918999,0.02557441,0.02241986,0.0196693,0.01727095,0.01517874
Gram_error_fro,4.0,1,12,2,0.0,0.0839869,0.07476053,0.065811,0.0576157,0.05029544,0.04386383,0.03826881,0.03342795,0.02925032,0.0256474,0.02253813,0.01985071,0.01752285,0.01550123,0.01374059
Gram_error_fro,0.0,1,12,4,0.0,0.0,0.0,0.0,0.0,0.0,0.0,0.0,0.0,0.0,0.0,0.0,0.0,0.0,0.0,0.0
Gram_error_fro,2.0,1,12,4,0.0,0.0145199,0.01125374,0.01015248,0.00884544,0.00751691,0.00632903,0.0053165,0.00446824,0.00376148,0.00317288,0.00268188,0.00227131,0.00192709,0.00163779,0.00139409
Gram_error_fro,0.0,1,12,4,0.0,0.0,0.0,0.0,0.0,0.0,0.0,0.0,0.0,0.0,0.0,0.0,0.0,0.0,0.0,0.0
Gram_error_fro,2.0,1,12,4,0.0,0.06103447,0.04656593,0.03489464,0.02736442,0.02233071,0.01877778,0.01614246,0.01410091,0.0124588,0.01109569,0.00993514,0.00892762,0.0080403,0.00725087,0.00654363
Gram_error_fro,2.0,1,12,4,0.0,0.06103447,0.04656593,0.03489464,0.02736442,0.02233071,0.01877778,0.01614246,0.01410091,0.0124588,0.01109569,0.00993514,0.00892762,0.0080403,0.00725087,0.00654363
Gram_error_fro,2.0,1,12,4,0.0,0.05544406,0.03883819,0.02725793,0.02086259,0.01715392,0.01471408,0.01290121,0.0114367,0.01019422,0.00911121,0.00815317,0.00729881,0.00653358,0.00584662,0.0052293
Gram_error_fro,2.0,1,12,4,0.0,0.01475791,0.01378805,0.01278429,0.0114755,0.01024811,0.00917235,0.0082297,0.00739291,0.00664119,0.00596068,0.00534232,0.0047799,0.00426885,0.00380536,0.00338604
Gram_error_fro,2.0,1,12,4,0.0,0.01612184,0.00939469,0.00406558,0.00319766,0.00449767,0.00536749,0.00571826,0.00572598,0.00552907,0.00521823,0.00485038,0.0044607,0.00407063,0.00369297,0.00333511
Gram_error_fro,0.0,1,12,4,0.0,0.0,0.0,0.0,0.0,0.0,0.0,0.0,0.0,0.0,0.0,0.0,0.0,0.0,0.0,0.0
Gram_error_fro,4.0,1,12,4,0.0,0.08311574,0.05648146,0.03945879,0.02924267,0.02285669,0.01871,0.01588415,0.01383917,0.01226279,0.01097793,0.0098851,0.00892819,0.00807487,0.0073058,0.00660868
Gram_error_fro,4.0,1,12,4,0.0,0.04265892,0.03716772,0.03056394,0.02538253,0.02173908,0.0191029,0.01704857,0.01533602,0.01384289,0.01250751,0.01129771,0.0101954,0.00918923,0.00827112,0.00743452
Gram_error_fro,4.0,1,12,4,0.0,0.11596645,0.07178039,0.04935405,0.03845535,0.03255591,0.02894124,0.02641658,0.02443913,0.02275867,0.02125756,0.01987905,0.01859483,0.01739017,0.01625692,0.01519007
Gram_error_fro,2.0,1,12,4,0.0,0.05805929,0.04034722,0.02758676,0.01962094,0.01458746,0.01125486,0.00891766,0.00719161,0.00586622,0.00482077,0.00398122,0.00329889,0.00273977,0.00227896,0.00189761
Gram_error_fro,4.0,1,12,4,0.0,0.10852381,0.06792595,0.04200054,0.02731798,0.01867865,0.01333641,0.00987832,0.00754865,0.00592393,0.00475599,0.00389322,0.0032396,0.00273252,0.00233019,0.00200426
Gram_error_fro,4.0,1,12,4,0.0,0.10770517,0.08102122,0.05849231,0.04270937,0.03171237,0.02394274,0.01836255,0.01429123,0.01127732,0.00901595,0.00729744,0.00597519,0.00494523,0.00413298,0.00348445
Gram_error_fro,6.0,1,12,4,0.0,0.0842956,0.07453347,0.06568956,0.05649349,0.04798982,0.04059596,0.0343455,0.02912475,0.02478064,0.02116378,0.01814338,0.01561028,0.01347553,0.01166747,0.01012862
Gram_error_fro,0.0,1,12,5,0.0,0.0,0.0,0.0,0.0,0.0,0.0,0.0,0.0,0.0,0.0,0.0,0.0,0.0,0.0,0.0
Gram_error_fro,0.0,1,12,5,0.0,0.06374791,0.05760575,0.04398357,0.03204259,0.02309023,0.01664984,0.01204318,0.00872924,0.00632542,0.00456865,0.00327767,0.00232604,0.0016243,0.00110843,0.00073237
Gram_error_fro,2.0,1,12,5,0.0,0.0590558,0.04520884,0.03141556,0.0215434,0.01496362,0.01061051,0.00768191,0.00566438,0.00424221,0.00322015,0.00247445,0.0019243,0.00151519,0.00120918,0.00097918
Gram_error_fro,2.0,1,12,5,0.0,0.04159809,0.02639027,0.01608063,0.00999135,0.00652878,0.00453031,0.00331952,0.00253881,0.00200478,0.0016217,0.00133693,0.0011194,0.00094947,0.00081407,0.00070416
Gram_error_fro,2.0,2,12,5,0.0,0.06693156,0.05670566,0.04614399,0.03969116,0.03577977,0.03328042,0.03162086,0.0304986,0.02973568,0.02921837,0.02887059,0.02864025,0.02849136,0.02839892,0.02834547
Gram_error_fro,2.0,1,12,5,0.0,0.04897095,0.02748659,0.01776061,0.01290601,0.01003472,0.00809819,0.00667452,0.00557354,0.00469733,0.00398803,0.00340739,0.0029281,0.00252973,0.00219656,0.00191627
Gram_error_fro,4.0,2,12,5,0.0,0.07899405,0.06230427,0.05130795,0.04406448,0.03914667,0.03580401,0.03352957,0.0319746,0.03090446,0.03016294,0.02964606,0.02928421,0.02903041,0.02885262,0.02872875
Gram_error_fro,4.0,1,12,5,0.0,0.08167778,0.05202189,0.03296791,0.02177869,0.01492051,0.01051075,0.00756535,0.00554535,0.00413784,0.00315103,0.0024612,0.00198391,0.0016578,0.00143612,0.00128318
Gram_error_fro,4.0,1,12,5,0.0,0.08700492,0.06243662,0.04322499,0.03105334,0.02326997,0.0180146,0.01426264,0.01147028,0.00933471,0.00767194,0.00636027,0.0053142,0.00447159,0.00378643,0.00322433
Gram_error_fro,4.0,1,12,5,0.0,0.07968847,0.06937564,0.05482723,0.04257496,0.03319092,0.02614674,0.02085134,0.01684193,0.01377966,0.01141757,0.0095745,0.00811709,0.00694741,0.00599397,0.00520487
Gram_error_fro,2.0,1,12,5,0.0,0.09095122,0.06729113,0.04899123,0.03692444,0.02858078,0.02253372,0.01800522,0.01453779,0.01184101,0.00971901,0.00803367,0.00668448,0.00559664,0.00471361,0.00399217
Gram_error_fro,4.0,1,12,5,0.0,0.07443169,0.05148222,0.03567192,0.02669575,0.02155057,0.01831348,0.0160293,0.01426341,0.01281532,0.01158501,0.01051709,0.00957759,0.00874377,0.00799926,0.00733161
Gram_error_fro,2.0,1,12,5,0.0,0.0800933,0.05943212,0.04541662,0.03618878,0.02955004,0.02447681,0.0204659,0.01723294,0.01459527,0.01242467,0.01062608,0.00912677,0.00787001,0.00681104,0.00591427
Gram_error_fro,4.0,2,12,5,0.0,0.06951545,0.04899637,0.04144077,0.03783176,0.03533442,0.0334549,0.03205377,0.03102813,0.03028634,0.02975312,0.02937096,0.02909761,0.02890269,0.0287645,0.02866751
Gram_error_fro,4.0,2,12,5,0.0,0.10633342,0.097057,0.07844984,0.06202878,0.04969935,0.0411205,0.03548875,0.03199179,0.02993679,0.0287953,0.02820238,0.02792523,0.02782348,0.02781554,0.02785512
Gram_error_fro,4.0,1,12,5,0.0,0.08714242,0.07485289,0.05853631,0.04585002,0.03638963,0.02920911,0.02364783,0.01927866,0.01581216,0.01304131,0.01081261,0.00900983,0.0075439,0.00634588,0.00536209
Gram_error_fro,0.0,1,12,3,0.0,0.0,0.0,0.0,0.0,0.0,0.0,0.0,0.0,0.0,0.0,0.0,0.0,0.0,0.0,0.0
Gram_error_fro,0.0,1,12,3,0.0,0.0,0.0,0.0,0.0,0.0,0.0,0.0,0.0,0.0,0.0,0.0,0.0,0.0,0.0,0.0
Gram_error_fro,2.0,1,12,3,0.0,0.07757317,0.04347658,0.02431296,0.0150919,0.01038821,0.00781887,0.00635571,0.0055002,0.00497905,0.00463506,0.0043796,0.00416501,0.00396717,0.00377491,0.00358384
Gram_error_fro,2.0,1,12,3,0.0,0.04293525,0.02912544,0.0207247,0.01597412,0.01263524,0.01004041,0.00798953,0.00637369,0.00510474,0.00410844,0.00332452,0.00270562,0.00221505,0.0018246,0.00151251
Gram_error_fro,2.0,1,12,3,0.0,0.06903872,0.0433785,0.03141114,0.02461044,0.01971912,0.0159037,0.01287202,0.01045469,0.00852396,0.0069778,0.00573509,0.0047321,0.00391915,0.00325756,0.00271712
Gram_error_fro,0.0,1,12,3,0.0,0.0,0.0,0.0,0.0,0.0,0.0,0.0,0.0,0.0,0.0,0.0,0.0,0.0,0.0,0.0
Gram_error_fro,2.0,1,12,3,0.0,0.06807253,0.03999928,0.02564481,0.01839461,0.01410776,0.01121636,0.00910229,0.00748484,0.00621366,0.00519643,0.00437121,0.00369422,0.00313364,0.00266581,0.00227289
Gram_error_fro,2.0,1,12,3,0.0,0.02689885,0.01867592,0.01413841,0.01135381,0.00933287,0.00776188,0.00650517,0.00548353,0.00464359,0.00394702,0.00336525,0.00287648,0.00246382,0.00211396,0.00181632
Gram_error_fro,2.0,1,12,3,0.0,0.04339904,0.03172457,0.02639843,0.02320486,0.02036911,0.01771837,0.01530943,0.01317453,0.01131099,0.00969787,0.00830783,0.00711299,0.0060874,0.00520789,0.00445415
Gram_error_fro,2.0,1,12,3,0.0,0.03866265,0.02670032,0.01929936,0.01528723,0.01237758,0.01004233,0.00816837,0.00668245,0.00551055,0.00458486,0.00384896,0.00325846,0.00277944,0.00238637,0.00206014
Gram_error_fro,4.0,1,12,3,0.0,0.05894447,0.06525128,0.0630112,0.05718568,0.05042102,0.04385386,0.03790664,0.03269131,0.02818916,0.0243311,0.0210339,0.01821619,0.0158048,0.01373659,0.01195825
Gram_error_fro,4.0,1,12,3,0.0,0.09649477,0.08117458,0.06399305,0.05027696,0.03956651,0.03125276,0.02480691,0.0197967,0.01588449,0.01281301,0.01038792,0.00846249,0.00692549,0.00569221,0.00469771
Gram_error_fro,2.0,1,12,3,0.0,0.08748945,0.063807,0.04725987,0.03646861,0.02865704,0.02271876,0.01812337,0.0145354,0.0117148,0.0094837,0.0077088,0.00628946,0.00514911,0.00422904,0.00348389
Gram_error_fro,4.0,1,12,3,0.0,0.04361808,0.02988252,0.01890668,0.01239601,0.00939731,0.00841747,0.00817247,0.00803954,0.00783223,0.00752743,0.00714696,0.00671903,0.00626772,0.00581111,0.00536188
Gram_error_fro,4.0,1,12,3,0.0,0.09529116,0.0646197,0.04536015,0.03274007,0.02402636,0.01785319,0.01341477,0.01018994,0.0078262,0.00607931,0.00477746,0.00379852,0.0030551,0.00248433,0.00204089
Gram_error_fro,4.0,1,12,3,0.0,0.05716632,0.03025501,0.02059762,0.01634115,0.01365868,0.01161047,0.00993112,0.00851997,0.00732303,0.00630313,0.00543144,0.00468461,0.00404345,0.00349205,0.00301719
Gram_error_fro,0.0,1,12,2,0.0,0.0,0.0,0.0,0.0,0.0,0.0,0.0,0.0,0.0,0.0,0.0,0.0,0.0,0.0,0.0
Gram_error_fro,2.0,1,12,2,0.0,0.06103136,0.04489518,0.03403555,0.02652209,0.02090517,0.01658134,0.01321566,0.0105781,0.00849887,0.0068505,0.00553677,0.00448472,0.00363868,0.00295588,0.0024032
Gram_error_fro,2.0,1,12,2,0.0,0.05582194,0.04588053,0.03674266,0.02954713,0.02382598,0.0192728,0.01564485,0.01274377,0.01041287,0.0085309,0.00700453,0.0057617,0.00474633,0.0039145,0.00323148
Gram_error_fro,2.0,1,12,2,0.0,0.03012119,0.02461818,0.02120165,0.01831431,0.01586036,0.01378413,0.01202177,0.01051664,0.00922312,0.00810531,0.00713486,0.0062891,0.00554964,0.00490137,0.00433177
Gram_error_fro,2.0,1,12,2,0.0,0.05928936,0.06299626,0.06054331,0.05601868,0.05095356,0.04592225,0.04116092,0.03676929,0.03278117,0.02919504,0.02599046,0.02313769,0.02060353,0.01835463,0.01635932
Gram_error_fro,2.0,1,12,2,0.0,0.00818594,0.00556714,0.00404329,0.00328404,0.0028501,0.00256164,0.00234468,0.00216535,0.00200727,0.00186241,0.00172691,0.00159895,0.00147772,0.0013629,0.00125436
Gram_error_fro,4.0,1,12,2,0.0,0.05654556,0.06670373,0.06693221,0.06389983,0.05980535,0.0553985,0.05098546,0.04671734,0.04267417,0.03889584,0.03539758,0.03217942,0.02923219,0.02654156,0.02409055
Gram_error_fro,2.0,1,12,2,0.0,0.03322952,0.0250824,0.02079387,0.0174519,0.01469555,0.01242583,0.010559,0.00901869,0.00774066,0.00667334,0.00577613,0.00501727,0.0043718,0.00381995,0.00334597
Gram_error_fro,2.0,1,12,2,0.0,0.07155654,0.05883201,0.04715066,0.03795086,0.03061863,0.02478854,0.02015801,0.01646832,0.0135115,0.01112684,0.00919188,0.00761336,0.00631974,0.00525562,0.00437763
Gram_error_fro,2.0,1,12,2,0.0,0.02659427,0.01645707,0.012141,0.00970034,0.00798486,0.00665787,0.00559032,0.00471615,0.00399303,0.00339048,0.00288541,0.00245994,0.0021,0.00179444,0.00153432
Gram_error_fro,2.0,1,12,2,0.0,0.07591083,0.04874881,0.03678679,0.02923721,0.02361629,0.01924961,0.01581282,0.01308879,0.01091501,0.00916692,0.0077491,0.00658886,0.00563098,0.00483351,0.00416444
Gram_error_fro,4.0,1,12,2,0.0,0.06964671,0.057618,0.0469391,0.03843846,0.03158977,0.0260628,0.02159574,0.01797127,0.01501457,0.0125884,0.01058616,0.0089251,0.00754073,0.00638238,0.0054099
Gram_error_fro,4.0,1,12,2,0.0,0.03192343,0.02309867,0.01909679,0.0170244,0.01567136,0.01459047,0.01361463,0.01268685,0.01179203,0.01092948,0.01010247,0.00931452,0.00856829,0.00786534,0.00720627
Gram_error_fro,4.0,2,12,2,0.0,0.06310529,0.04504996,0.03250145,0.02396671,0.01800622,0.01390203,0.01123476,0.00970426,0.00903076,0.00893154,0.00916343,0.00955708,0.01001163,0.01047263,0.01091278
Gram_error_fro,4.0,1,12,2,0.0,0.10303939,0.07105756,0.05195507,0.03939563,0.03024473,0.02336299,0.01813734,0.01414673,0.01108266,0.00871704,0.00688101,0.00544917,0.0043279,0.00344681,0.00275256
Gram_error_fro,2.0,1,12,2,0.0,0.05201016,0.04491964,0.0362132,0.02921494,0.02371629,0.0193878,0.01595619,0.01321046,0.01099287,0.0091865,0.00770417,0.00648007,0.00546384,0.0046164,0.00390706
Gram_error_fro,0.0,1,12,5,0.0,0.0,0.0,0.0,0.0,0.0,0.0,0.0,0.0,0.0,0.0,0.0,0.0,0.0,0.0,0.0
Gram_error_fro,2.0,1,12,5,0.0,0.06587108,0.04284229,0.02880568,0.02111841,0.01650821,0.01346049,0.01127182,0.00959639,0.00825491,0.00714883,0.00621996,0.00543098,0.00475592,0.00417544,0.00367439
Gram_error_fro,2.0,1,12,5,0.0,0.03114896,0.02000919,0.01289851,0.00936513,0.00738583,0.00604268,0.00501931,0.00420432,0.00354637,0.00301248,0.00257728,0.00222036,0.00192533,0.00167928,0.00147213
Gram_error_fro,0.0,1,12,5,0.0,0.0,0.0,0.0,0.0,0.0,0.0,0.0,0.0,0.0,0.0,0.0,0.0,0.0,0.0,0.0
Gram_error_fro,2.0,1,12,5,0.0,0.05618976,0.06063613,0.05574596,0.04868732,0.04176511,0.03567631,0.03052917,0.0262322,0.02264603,0.01963793,0.01709721,0.01493597,0.01308552,0.01149216,0.01011348
Gram_error_fro,2.0,1,12,5,0.0,0.03518352,0.0234668,0.0177038,0.01447314,0.01241518,0.01092009,0.0097146,0.00867884,0.00776004,0.00693418,0.00618922,0.0055178,0.00491419,0.00437309,0.0038893
Gram_error_fro,4.0,1,12,5,0.0,0.07926176,0.06923458,0.05665411,0.04595943,0.03740018,0.0306851,0.0254449,0.02134277,0.01810185,0.01550732,0.01339863,0.01165859,0.01020247,0.00896895,0.00791325
Gram_error_fro,0.0,1,12,5,0.0,0.09273686,0.07770681,0.05988062,0.04471757,0.03305294,0.0244967,0.01836579,0.01401376,0.01092258,0.00870709,0.00709304,0.00589085,0.0049723,0.00425188,0.00367283
Gram_error_fro,4.0,1,12,5,0.0,0.0978712,0.07990928,0.06168613,0.04795613,0.03787201,0.03037736,0.02469973,0.02031668,0.01687599,0.01413614,0.01192767,0.01012884,0.0086503,0.00742517,0.00640258
Gram_error_fro,0.0,1,12,5,0.0,0.10970043,0.10606981,0.09027156,0.0751189,0.06266671,0.0527811,0.04491792,0.03856912,0.033351,0.02899276,0.02530562,0.02215577,0.01944545,0.01710066,0.01506368
Gram_error_fro,4.0,1,12,5,0.0,0.12245685,0.10888858,0.08674608,0.06833075,0.05428013,0.04369446,0.03567271,0.02951639,0.02471681,0.02091213,0.01784716,0.01534163,0.01326693,0.0115299,0.01006185
Gram_error_fro,2.0,1,12,5,0.0,0.09496313,0.07924499,0.05866336,0.04334293,0.03274735,0.02544024,0.02031663,0.01663254,0.0139031,0.01181622,0.01017204,0.00884215,0.007743,0.006819,0.00603204
Gram_error_fro,2.0,1,12,5,0.0,0.10718727,0.08717147,0.06652261,0.05044376,0.03863846,0.03023442,0.02432399,0.02014786,0.01713681,0.0148939,0.01315653,0.01175703,0.0105903,0.00959064,0.00871645
Gram_error_fro,2.0,1,12,5,0.0,0.09861721,0.07358733,0.05417436,0.04152815,0.03308847,0.02715271,0.0227387,0.01929889,0.01652568,0.0142388,0.01232534,0.01070901,0.00933455,0.00815983,0.00715156
Gram_error_fro,4.0,1,12,5,0.0,0.10132458,0.08785558,0.06925781,0.05431144,0.04294452,0.03435588,0.0278549,0.02290081,0.01908197,0.01609371,0.01371593,0.01179198,0.01021084,0.00889349,0.00778297
Gram_error_fro,4.0,1,12,5,0.0,0.10536495,0.09159096,0.07435271,0.0602769,0.04930682,0.04077597,0.03408508,0.02877102,0.02449122,0.02099671,0.01810724,0.01569162,0.01365311,0.01191925,0.01043476
Gram_error_fro,0.0,1,12,2,0.0,0.0,0.0,0.0,0.0,0.0,0.0,0.0,0.0,0.0,0.0,0.0,0.0,0.0,0.0,0.0
Gram_error_fro,2.0,1,12,2,0.0,0.00980081,0.00418146,0.00326548,0.0035006,0.00376794,0.00388119,0.00386126,0.0037525,0.00358987,0.00339708,0.00318966,0.00297771,0.00276777,0.00256405,0.00236915
Gram_error_fro,2.0,1,12,2,0.0,0.01363497,0.01127664,0.01010168,0.00890192,0.00779325,0.00682093,0.0059813,0.00525607,0.00462709,0.00407953,0.00360149,0.00318327,0.00281676,0.00249508,0.00221234
Gram_error_fro,2.0,1,12,2,0.0,0.01895249,0.01567573,0.01220588,0.00971859,0.00807613,0.00699952,0.00625227,0.00568292,0.005208,0.00478557,0.00439603,0.00403092,0.00368708,0.00336362,0.00306049
Gram_error_fro,2.0,1,12,2,0.0,0.06727787,0.02789025,0.0144561,0.00915995,0.00638333,0.00461758,0.00338517,0.00249251,0.00184124,0.00137371,0.0010531,0.00085212,0.00074351,0.00069632,0.0006816
Gram_error_fro,0.0,1,12,2,0.0,0.0,0.0,0.0,0.0,0.0,0.0,0.0,0.0,0.0,0.0,0.0,0.0,0.0,0.0,0.0
Gram_error_fro,2.0,1,12,2,0.0,0.02946555,0.01913086,0.01444922,0.01162961,0.00964279,0.00813652,0.00694515,0.0059759,0.0051715,0.00449423,0.00391796,0.00342384,0.00299774,0.00262875,0.0023082
Gram_error_fro,2.0,2,12,2,0.0,0.0347768,0.02402572,0.02061867,0.01858574,0.01710131,0.01598784,0.01515673,0.01454048,0.01408743,0.01375932,0.0135279,0.01337189,0.01327476,0.01322341,0.01320724
Gram_error_fro,2.0,1,12,2,0.0,0.02297694,0.01603289,0.01161741,0.00897311,0.00740095,0.00640937,0.00570695,0.00514666,0.00466199,0.0042248,0.00382368,0.00345401,0.00311375,0.0028016,0.00251639
Gram_error_fro,2.0,1,12,2,0.0,0.0988201,0.09202979,0.08190294,0.07145997,0.06178565,0.05322647,0.04580933,0.03943917,0.03398664,0.02932283,0.02533126,0.02191085,0.01897543,0.01645216,0.01427963
Gram_error_fro,2.0,1,12,2,0.0,0.08322649,0.07020779,0.05886983,0.04971465,0.04217856,0.03593745,0.03074114,0.02638919,0.02272276,0.01961664,0.01697205,0.01471059,0.01276952,0.01109822,0.00965539
Gram_error_fro,4.0,1,12,2,0.0,0.07425373,0.03440973,0.01611889,0.00923632,0.00687768,0.00606553,0.00569973,0.0054306,0.00515768,0.0048597,0.00454008,0.00420862,0.00387524,0.00354805,0.00323305
Gram_error_fro,4.0,1,12,2,0.0,0.0192469,0.0099428,0.00831507,0.00755041,0.00695583,0.00644553,0.00598537,0.00555412,0.00514147,0.00474432,0.00436305,0.00399921,0.00365442,0.0033299,0.0030264
Gram_error_fro,4.0,1,12,2,0.0,0.03521138,0.03077747,0.02397246,0.01835361,0.01403699,0.01079557,0.00838656,0.00660709,0.00529931,0.00434219,0.00364235,0.00312747,0.00274215,0.00244528,0.00220763
Gram_error_fro,4.0,1,12,2,0.0,0.03521138,0.02520872,0.01897618,0.01488643,0.01196637,0.00977692,0.00808166,0.00674015,0.00566197,0.004785,0.00406461,0.00346785,0.00296987,0.00255169,0.00219859
Gram_error_fro,4.0,1,12,2,0.0,0.01929786,0.01703287,0.01516072,0.01289612,0.01080273,0.00903073,0.00758046,0.0064046,0.00544915,0.00466704,0.00402084,0.00348176,0.00302797,0.00264283,0.0023136
Gram_error_fro,0.0,1,12,4,0.0,0.0,0.0,0.0,0.0,0.0,0.0,0.0,0.0,0.0,0.0,0.0,0.0,0.0,0.0,0.0
Gram_error_fro,2.0,1,12,4,0.0,0.06377496,0.05385478,0.04538096,0.03795249,0.03154767,0.02619729,0.02181558,0.01825991,0.01537979,0.01303946,0.01112538,0.00954654,0.00823192,0.00712693,0.00618994
Gram_error_fro,2.0,1,12,4,0.0,0.02365766,0.01407895,0.00942536,0.00699956,0.00554264,0.00455834,0.00383219,0.00326405,0.00280304,0.00242063,0.00209901,0.00182606,0.00159292,0.00139278,0.00122025
Gram_error_fro,2.0,1,12,4,0.0,0.08295494,0.06563649,0.05019706,0.03950757,0.03179882,0.02595506,0.02138478,0.01774741,0.01482105,0.01244734,0.01050776,0.00891169,0.0075893,0.00648655,0.00556144
Gram_error_fro,2.0,1,12,4,0.0,0.06652285,0.06938128,0.06292505,0.05442202,0.04611263,0.03871278,0.03238788,0.02709006,0.0226954,0.01906337,0.01606189,0.01357632,0.01151117,0.0097886,0.00834585
Gram_error_fro,2.0,1,12,4,0.0,0.04549285,0.04065198,0.03364412,0.02814645,0.02395169,0.02061287,0.01785635,0.0155341,0.01355856,0.01186921,0.01041909,0.0091698,0.00808952,0.00715185,0.00633494
Gram_error_fro,4.0,1,12,4,0.0,0.05596657,0.06229322,0.05837717,0.05125026,0.04379995,0.03704112,0.03123771,0.02636932,0.02232108,0.01895954,0.01616131,0.01382174,0.01185556,0.01019457,0.00878459
Gram_error_fro,2.0,1,12,4,0.0,0.00414812,0.00183468,0.00221296,0.00267852,0.00290992,0.00297926,0.00294693,0.00284749,0.00270286,0.00252955,0.00234071,0.00214661,0.00195479,0.00177043,0.00159678
Gram_error_fro,2.0,1,12,4,0.0,0.04724194,0.0324073,0.02388186,0.01938759,0.01665544,0.01471703,0.01319178,0.01191966,0.01082298,0.00985798,0.0089971,0.00822173,0.0075187,0.00687834,0.00629327
Gram_error_fro,2.0,1,12,4,0.0,0.09084426,0.08240799,0.06793399,0.05469161,0.04377629,0.03505819,0.02816715,0.02273283,0.01844067,0.01503826,0.01232807,0.0101573,0.00840836,0.00699086,0.00583526
Gram_error_fro,2.0,1,12,4,0.0,0.04845232,0.02670249,0.01480818,0.00915204,0.00638868,0.0049208,0.00402042,0.0033764,0.0028648,0.00243738,0.00207395,0.00176398,0.00150019,0.00127639,0.00108703
Gram_error_fro,2.0,1,12,4,0.0,0.08549792,0.07994696,0.06908473,0.05800206,0.04799826,0.03944288,0.03233292,0.02651626,0.02179576,0.01797693,0.01488741,0.01238244,0.01034414,0.00867819,0.00730985
Gram_error_fro,4.0,1,12,4,0.0,0.09818834,0.08050535,0.06216634,0.04826151,0.03786991,0.03004483,0.02409915,0.01954138,0.01601566,0.01326148,0.01108695,0.00935029,0.00794671,0.00679866,0.00584877
Gram_error_fro,4.0,1,12,4,0.0,0.04632589,0.01938808,0.01064765,0.00783226,0.00632508,0.0052247,0.00435452,0.00365593,0.00309304,0.0026374,0.00226575,0.00195958,0.00170455,0.0014898,0.00130716
Gram_error_fro,4.0,1,12,4,0.0,0.09630117,0.08649565,0.07149028,0.05768845,0.04633509,0.03733377,0.0302717,0.0247317,0.02036573,0.01690066,0.01412741,0.01188763,0.01006194,0.00856039,0.00731496
Gram_error_fro,4.0,1,12,4,0.0,0.10442933,0.07902344,0.05815836,0.04473421,0.03545494,0.02856643,0.02325152,0.01907387,0.01575636,0.01310175,0.01096226,0.00922514,0.00780401,0.00663261,0.00566007
Gram_error_fro,0.0,1,12,5,0.0,0.0,0.0,0.0,0.0,0.0,0.0,0.0,0.0,0.0,0.0,0.0,0.0,0.0,0.0,0.0
Gram_error_fro,2.0,1,12,5,0.0,0.0576514,0.04178774,0.02857797,0.01971491,0.01384941,0.00993315,0.00728462,0.00546885,0.00420497,0.00330889,0.00265901,0.00217511,0.00180463,0.00151326,0.00127864
Gram_error_fro,2.0,1,12,5,0.0,0.08231834,0.07346524,0.0575448,0.04398774,0.0335988,0.0258375,0.02006398,0.01575345,0.01251097,0.01004821,0.00815717,0.00668821,0.00553356,0.00461529,0.0038767
Gram_error_fro,2.0,1,12,5,0.0,0.04412356,0.0299477,0.02226318,0.01728038,0.01359218,0.01075922,0.00856395,0.0068584,0.00552939,0.00448841,0.00366704,0.00301324,0.00248804,0.00206241,0.0017148
Gram_error_fro,2.0,1,12,5,0.0,0.0807275,0.07317808,0.06138059,0.05049276,0.04129354,0.03384459,0.02792278,0.02322992,0.01948932,0.01647657,0.01402059,0.01199451,0.01030504,0.00888327,0.00767774
Gram_error_fro,2.0,1,12,5,0.0,0.04931521,0.03676754,0.02616221,0.02016534,0.01677698,0.01461721,0.01304026,0.01176459,0.01066398,0.00967942,0.00878249,0.00795907,0.00720161,0.00650547,0.0058671
Gram_error_fro,2.0,1,12,5,0.0,0.08099678,0.0595323,0.04331496,0.03245889,0.02494919,0.01962972,0.01577962,0.01292576,0.01075512,0.00906118,0.00770764,0.00660391,0.00568882,0.00492013,0.00426788
Gram_error_fro,4.0,1,12,5,0.0,0.06551151,0.05786964,0.0455627,0.03491663,0.026851,0.02097471,0.01670747,0.01356651,0.01120385,0.00938228,0.00794371,0.0067832,0.00583036,0.00503701,0.00436924
Gram_error_fro,4.0,1,12,5,0.0,0.0956564,0.08288473,0.06334529,0.04711451,0.03508028,0.02650748,0.02049052,0.01627281,0.0132865,0.01112676,0.00951586,0.00826973,0.00726968,0.00644055,0.00573494
Gram_error_fro,4.0,1,12,5,0.0,0.0800592,0.05880956,0.04189469,0.03128457,0.02435483,0.01947335,0.01583388,0.01302882,0.01082402,0.00906635,0.00764759,0.00648891,0.00553226,0.00473474,0.00406439
Gram_error_fro,4.0,1,12,5,0.0,0.09200182,0.07702258,0.06378498,0.05435536,0.04753936,0.04237699,0.03824,0.0347543,0.03170949,0.02898944,0.0265287,0.02428799,0.02224128,0.02036932,0.01865648
Gram_error_fro,4.0,1,12,5,0.0,0.0569617,0.04316071,0.03395144,0.02760099,0.02270958,0.01874696,0.01547662,0.01276677,0.01052486,0.00867542,0.00715343,0.00590274,0.00487546,0.00403142,0.00333731
Gram_error_fro,2.0,1,12,5,0.0,0.11310295,0.09219766,0.07018929,0.05354419,0.04116997,0.03194009,0.02501809,0.01979108,0.01581113,0.01275208,0.01037697,0.00851364,0.00703665,0.00585418,0.00489858
Gram_error_fro,2.0,1,12,5,0.0,0.06049337,0.05817012,0.05264394,0.04548538,0.03834875,0.03202634,0.02671818,0.0223627,0.01881354,0.01591658,0.01353769,0.01156891,0.00992626,0.00854526,0.0073764
Gram_error_fro,2.0,1,12,5,0.0,0.12274235,0.09217014,0.06327069,0.043645,0.03073645,0.02217844,0.01640986,0.01244041,0.00964192,0.00761514,0.00610631,0.00495367,0.00405322,0.00333691,0.00275909
Gram_error_fro,2.0,1,12,5,0.0,0.08659978,0.07242526,0.05764627,0.04511329,0.03508321,0.0273215,0.02141063,0.01692977,0.01352276,0.01091151,0.00888811,0.00730079,0.00603996,0.00502667,0.00420374
Gram_error_fro,0.0,1,12,2,0.0,0.0,0.0,0.0,0.0,0.0,0.0,0.0,0.0,0.0,0.0,0.0,0.0,0.0,0.0,0.0
Gram_error_fro,2.0,1,12,2,0.0,0.02018273,0.01176736,0.00905398,0.00757972,0.00647405,0.00554756,0.00475191,0.00406711,0.00347872,0.00297397,0.00254145,0.00217109,0.00185409,0.00158289,0.00135093
Gram_error_fro,2.0,1,12,2,0.0,0.02756058,0.0191647,0.01567924,0.01355655,0.01198759,0.01069424,0.0095686,0.00856633,0.00766658,0.00685701,0.00612857,0.00547363,0.00488536,0.00435753,0.00388442
Gram_error_fro,2.0,1,12,2,0.0,0.02315567,0.01215127,0.00822882,0.0062434,0.00497964,0.00407137,0.00337855,0.00283348,0.00239633,0.00204065,0.00174776,0.00150405,0.00129938,0.00112614,0.00097849
Gram_error_fro,2.0,1,12,2,0.0,0.02787076,0.01397004,0.00870223,0.0060208,0.00439763,0.00332512,0.00257879,0.00204063,0.00164164,0.00133875,0.00110401,0.00091877,0.0007703,0.00064974,0.00055076
Gram_error_fro,2.0,1,12,2,0.0,0.03291133,0.01555546,0.00973647,0.00707405,0.00552378,0.00447728,0.0037095,0.00311965,0.00265331,0.00227681,0.00196769,0.0017103,0.00149348,0.00130905,0.00115092
Gram_error_fro,4.0,1,12,2,0.0,0.05354953,0.03160498,0.02233727,0.01719293,0.01380442,0.01135789,0.00949716,0.00803531,0.00686029,0.00589907,0.00510148,0.00443188,0.00386426,0.00337924,0.00296209
Gram_error_fro,2.0,1,12,2,0.0,0.03323706,0.01562772,0.010549,0.00814867,0.00656305,0.00535462,0.00439122,0.00361374,0.00298375,0.00247183,0.00205462,0.00171347,0.00143352,0.00120299,0.00101247
Gram_error_fro,2.0,1,12,2,0.0,0.02675695,0.01372304,0.01075789,0.00947998,0.00855725,0.00774763,0.00700741,0.00632868,0.0057083,0.005143,0.00462913,0.00416288,0.00374053,0.00335846,0.0030133
Gram_error_fro,2.0,1,12,2,0.0,0.02169758,0.01226004,0.00818708,0.00587506,0.00433907,0.00324992,0.00245419,0.0018641,0.00142318,0.00109255,0.00084442,0.00065841,0.00051927,0.0004154,0.00033789
Gram_error_fro,4.0,1,12,2,0.0,0.03619288,0.01881048,0.01161021,0.00779004,0.00545956,0.00393193,0.0028958,0.002183,0.00168928,0.00134453,0.00110002,0.00092194,0.00078746,0.00068171,0.00059534
Gram_error_fro,2.0,1,12,2,0.0,0.03323882,0.02035599,0.0151962,0.01201234,0.00976619,0.00808477,0.00677897,0.00573886,0.00489506,0.00420103,0.00362398,0.00313996,0.00273096,0.00238315,0.0020857
Gram_error_fro,4.0,1,12,2,0.0,0.07780046,0.04243146,0.02800619,0.02017494,0.01506668,0.01145548,0.00880986,0.00683642,0.00534768,0.00421479,0.00334606,0.00267512,0.00215332,0.00174476,0.0014227
Gram_error_fro,4.0,1,12,2,0.0,0.07004535,0.0395588,0.0281625,0.02198867,0.01777383,0.01459373,0.01208649,0.01006661,0.00841921,0.00706468,0.00594433,0.00501331,0.00423665,0.00358662,0.00304107
Gram_error_fro,2.0,1,12,2,0.0,0.0399338,0.02207639,0.01597396,0.01264554,0.01040708,0.00874358,0.00743684,0.00637597,0.00549678,0.00475811,0.00413155,0.00359633,0.00313665,0.0027402,0.0023971
Gram_error_fro,2.0,1,12,2,0.0,0.03444906,0.00700235,0.00226913,0.00141724,0.00122682,0.00116046,0.00110794,0.00104749,0.00097788,0.00090234,0.00082442,0.00074705,0.00067235,0.00060174,0.00053606
Gram_error_fro,0.0,1,12,3,0.0,0.0,0.0,0.0,0.0,0.0,0.0,0.0,0.0,0.0,0.0,0.0,0.0,0.0,0.0,0.0
Gram_error_fro,0.0,1,12,3,0.0,0.0,0.0,0.0,0.0,0.0,0.0,0.0,0.0,0.0,0.0,0.0,0.0,0.0,0.0,0.0
Gram_error_fro,2.0,1,12,3,0.0,0.05000888,0.04169654,0.03291771,0.02583646,0.02051954,0.01659909,0.01368305,0.0114652,0.00973147,0.00833908,0.00719426,0.00623518,0.00542027,0.0047208,0.00411615
Gram_error_fro,2.0,1,12,3,0.0,0.03664515,0.02448423,0.01780562,0.01354457,0.01046639,0.00813802,0.00634765,0.00496191,0.00388574,0.003048,0.00239453,0.00188382,0.00148396,0.00117038,0.00092408
Gram_error_fro,2.0,1,12,3,0.0,0.00101414,0.00041185,0.00043552,0.00056542,0.00074311,0.00088867,0.00096266,0.00097103,0.00093262,0.00086542,0.00078315,0.00069536,0.00060829,0.0005258,0.00045006
Gram_error_fro,2.0,1,12,3,0.0,0.02892647,0.02428974,0.02064734,0.01775283,0.01527686,0.01313045,0.01128191,0.00969827,0.00834319,0.00718228,0.00618574,0.00532866,0.00459037,0.00395374,0.00340439
Gram_error_fro,4.0,1,12,3,0.0,0.05510358,0.05213621,0.04385512,0.03547069,0.02827847,0.02243451,0.01777937,0.014097,0.01118915,0.00889179,0.00707429,0.00563412,0.00449115,0.00358275,0.00285989
Gram_error_fro,2.0,1,12,3,0.0,0.05641477,0.02764893,0.01749972,0.01312651,0.01038637,0.008335,0.00671393,0.00541219,0.00436138,0.00351177,0.00282486,0.00226995,0.00182222,0.00146146,0.00117118
Gram_error_fro,2.0,1,12,3,0.0,0.06963921,0.05059347,0.04043436,0.03354364,0.02811314,0.02364432,0.01992422,0.01681572,0.01421275,0.01202884,0.01019284,0.0086462,0.00734074,0.00623689,0.00530201
Gram_error_fro,4.0,2,12,3,0.0,0.05361234,0.03097458,0.02415429,0.02172246,0.02035785,0.01950786,0.0189999,0.01871854,0.0185807,0.01853062,0.01853252,0.01856392,0.01861074,0.01866424,0.01871907
Gram_error_fro,2.0,1,12,3,0.0,0.05414576,0.04039764,0.03019555,0.02321064,0.01814932,0.01432723,0.01137074,0.00905196,0.0072185,0.00576169,0.00460073,0.00367391,0.00293327,0.00234114,0.00186767
Gram_error_fro,4.0,1,12,3,0.0,0.06759629,0.04545422,0.02915739,0.01910274,0.01287485,0.00887869,0.00622493,0.00441384,0.00315208,0.00225955,0.00162145,0.00116228,0.00083109,0.00059272,0.00042255
Gram_error_fro,2.0,1,12,3,0.0,0.02892647,0.02428974,0.02064734,0.01775283,0.01527686,0.01313045,0.01128191,0.00969827,0.00834319,0.00718228,0.00618574,0.00532866,0.00459037,0.00395374,0.00340439
Gram_error_fro,4.0,1,12,3,0.0,0.07811137,0.06361617,0.04965461,0.0386596,0.0301849,0.02368709,0.01870781,0.01488262,0.0119305,0.00963857,0.007847,0.00643623,0.00531671,0.0044213,0.00369941
Gram_error_fro,2.0,1,12,3,0.0,0.04510332,0.0283141,0.02070461,0.01613906,0.01276755,0.01014808,0.00809195,0.00647279,0.00519467,0.00418314,0.00338024,0.00274089,0.00222999,0.00182025,0.00149039
Gram_error_fro,4.0,1,12,3,0.0,0.10808234,0.08796857,0.07356268,0.06322093,0.05493188,0.04795919,0.04198713,0.0368338,0.03236902,0.02848945,0.02510979,0.02215864,0.01957594,0.01731103,0.01532105
Gram_error_fro,0.0,1,12,2,0.0,0.0,0.0,0.0,0.0,0.0,0.0,0.0,0.0,0.0,0.0,0.0,0.0,0.0,0.0,0.0
Gram_error_fro,2.0,1,12,2,0.0,0.00795901,0.00341798,0.00273151,0.00240291,0.00204706,0.00171882,0.00144299,0.00121983,0.00104235,0.00090202,0.00079062,0.0007009,0.00062699,0.00056444,0.00051011
Gram_error_fro,2.0,1,12,2,0.0,0.02114825,0.01934577,0.01579521,0.01293781,0.01074571,0.00902669,0.00764747,0.00652078,0.0055874,0.00480555,0.00414487,0.00358268,0.00310168,0.00268839,0.00233212
Gram_error_fro,2.0,1,12,2,0.0,0.06375253,0.0272085,0.01712349,0.01362821,0.01163509,0.01013966,0.0088985,0.00783355,0.0069095,0.00610407,0.00540016,0.00478367,0.00424266,0.00376697,0.00334791
Gram_error_fro,2.0,1,12,2,0.0,0.03967874,0.02946703,0.02293549,0.01816445,0.01463685,0.01197886,0.00992867,0.00831274,0.00701556,0.00595843,0.00508623,0.00435933,0.00374854,0.00323184,0.00279234
Gram_error_fro,2.0,1,12,2,0.0,0.04195479,0.02381149,0.01769536,0.01431557,0.01185554,0.00993355,0.00839221,0.00713561,0.00609768,0.0052311,0.00450121,0.0038821,0.00335405,0.0029017,0.00251289
Gram_error_fro,2.0,1,12,2,0.0,0.00795901,0.00341798,0.00207458,0.00145271,0.00109304,0.0008697,0.00072784,0.00063557,0.00057231,0.00052497,0.00048579,0.0004506,0.00041737,0.0003853,0.0003542
Gram_error_fro,4.0,1,12,2,0.0,0.06088087,0.0319246,0.02187391,0.01691909,0.01363311,0.01120062,0.00932062,0.00783159,0.00663079,0.00564823,0.00483454,0.00415398,0.00358009,0.00309293,0.00267714
Gram_error_fro,2.0,1,12,2,0.0,0.04447165,0.03375739,0.0272143,0.02279597,0.01943657,0.01673799,0.01451081,0.01264227,0.01105647,0.00969889,0.00852881,0.00751495,0.00663267,0.00586218,0.00518735
Gram_error_fro,2.0,1,12,2,0.0,0.03443994,0.02681329,0.01968025,0.01420545,0.0100992,0.00707472,0.00489516,0.00337346,0.00236933,0.00177404,0.0014795,0.00136328,0.00132126,0.00129438,0.00125902
Gram_error_fro,2.0,1,12,2,0.0,0.0339976,0.02685855,0.02090456,0.01669796,0.0136042,0.01122457,0.00934175,0.00782559,0.00658947,0.00557177,0.00472713,0.00402142,0.00342854,0.0029282,0.00250442
Gram_error_fro,4.0,1,12,2,0.0,0.0701898,0.03245826,0.01964018,0.01355789,0.00970617,0.00702812,0.00511544,0.0037373,0.00274194,0.00202439,0.00151048,0.00114667,0.00089331,0.00071991,0.00060236
Gram_error_fro,4.0,1,12,2,0.0,0.10438432,0.06884436,0.05176806,0.0405489,0.03209552,0.02552218,0.02036843,0.01631052,0.01310289,0.0105571,0.00852851,0.00690597,0.00560381,0.00455567,0.00370987
Gram_error_fro,4.0,1,12,2,0.0,0.0852424,0.0504343,0.03811049,0.0305859,0.02495629,0.02052691,0.01698137,0.01411731,0.01178757,0.00988058,0.00831046,0.00701067,0.00592937,0.00502585,0.00426795
Gram_error_fro,4.0,1,12,2,0.0,0.04346122,0.03169493,0.02281311,0.01697102,0.01295312,0.01006974,0.00794879,0.00636418,0.00516543,0.0042476,0.00353589,0.00297638,0.00253009,0.00216875,0.00187189
Gram_error_fro,4.0,1,12,2,0.0,0.02924587,0.02333983,0.02147707,0.01901684,0.01653026,0.01428488,0.01233338,0.01066008,0.00923176,0.00801366,0.0069741,0.00608555,0.0053245,0.00467104,0.00410846
Gram_error_fro,0.0,1,12,2,0.0,0.0,0.0,0.0,0.0,0.0,0.0,0.0,0.0,0.0,0.0,0.0,0.0,0.0,0.0,0.0
Gram_error_fro,0.0,1,12,2,0.0,0.0,0.0,0.0,0.0,0.0,0.0,0.0,0.0,0.0,0.0,0.0,0.0,0.0,0.0,0.0
Gram_error_fro,2.0,1,12,2,0.0,0.01019709,0.00688207,0.00450748,0.00304796,0.00208431,0.00142288,0.00096232,0.00063923,0.00041133,0.00025006,0.00013603,5.612e-05,9.75e-06,4.001e-05,6.464e-05
Gram_error_fro,2.0,1,12,2,0.0,0.08064339,0.04786134,0.03346913,0.02482356,0.01878798,0.01436455,0.01106791,0.00858767,0.00670621,0.00526762,0.00415936,0.0032997,0.00262874,0.00210219,0.00168696
Gram_error_fro,2.0,1,12,2,0.0,0.01973906,0.01267068,0.00986526,0.00827387,0.00708284,0.00609689,0.00525999,0.00454545,0.00393374,0.00340868,0.00295672,0.00256665,0.00222919,0.00193666,0.00168269
Gram_error_fro,2.0,1,12,2,0.0,0.07244443,0.05476464,0.04102326,0.03127318,0.02403043,0.01856754,0.01442683,0.01127399,0.00885927,0.00699751,0.0055523,0.00442313,0.00353561,0.00283432,0.00227762
Gram_error_fro,2.0,1,12,2,0.0,0.05368372,0.06285201,0.06195476,0.05792903,0.05300363,0.04796745,0.04313137,0.03862794,0.03450893,0.03078392,0.02743956,0.02445066,0.02178679,0.01941621,0.01730809
Gram_error_fro,4.0,1,12,2,0.0,0.06640969,0.04911047,0.03551,0.02580902,0.01870653,0.01350635,0.00976737,0.00718548,0.00554664,0.00466408,0.0043162,0.00426647,0.00433602,0.00442534,0.00449016
Gram_error_fro,2.0,1,12,2,0.0,0.05358807,0.06273421,0.06183204,0.05781435,0.05290463,0.04788787,0.04307234,0.03858889,0.03448832,0.03077971,0.02744953,0.02447258,0.02181856,0.01945592,0.01735403
Gram_error_fro,2.0,1,12,2,0.0,0.01019709,0.00688207,0.00450748,0.00304796,0.00208431,0.00142288,0.00096232,0.00063923,0.00041133,0.00025006,0.00013603,5.612e-05,9.75e-06,4.001e-05,6.464e-05
Gram_error_fro,2.0,1,12,2,0.0,0.04063478,0.02431498,0.0128796,0.00544082,0.00122746,0.00335679,0.00542054,0.00668907,0.00737741,0.00766286,0.00767404,0.00750221,0.0072117,0.00684773,0.00644208
Gram_error_fro,2.0,1,12,2,0.0,0.05358807,0.06273421,0.06183204,0.05781435,0.05290463,0.04788787,0.04307234,0.03858889,0.03448832,0.03077971,0.02744953,0.02447258,0.02181856,0.01945592,0.01735403
Gram_error_fro,4.0,1,12,2,0.0,0.05767631,0.04508731,0.03470463,0.02721121,0.02160588,0.01731823,0.01399529,0.01139175,0.00933093,0.00768429,0.00635752,0.00528063,0.00440102,0.00367865,0.00308268
Gram_error_fro,2.0,1,12,2,0.0,0.11009155,0.07912784,0.05919176,0.0457216,0.03582225,0.02832415,0.02256855,0.01810706,0.01461729,0.01186418,0.00967501,0.00792185,0.006509,0.00536415,0.00443204
Gram_error_fro,0.0,1,12,2,0.0,0.0,0.0,0.0,0.0,0.0,0.0,0.0,0.0,0.0,0.0,0.0,0.0,0.0,0.0,0.0
Gram_error_fro,4.0,1,12,2,0.0,0.06338187,0.0451464,0.03753752,0.03217105,0.02783715,0.02418849,0.02106979,0.01838543,0.016065,0.01405276,0.0123033,0.01077906,0.00944869,0.00828581,0.00726809
Gram_error_fro,0.0,1,12,6,0.0,0.0,0.0,0.0,0.0,0.0,0.0,0.0,0.0,0.0,0.0,0.0,0.0,0.0,0.0,0.0
Gram_error_fro,2.0,1,12,6,0.0,0.05643225,0.0544163,0.04699461,0.03953897,0.03284386,0.02704851,0.02216356,0.01813277,0.01485846,0.01222539,0.01011862,0.00843393,0.00708246,0.00599156,0.00510364
Gram_error_fro,2.0,1,12,6,0.0,0.05643225,0.0544163,0.04699461,0.03953897,0.03284386,0.02704851,0.02216356,0.01813277,0.01485846,0.01222539,0.01011862,0.00843393,0.00708246,0.00599156,0.00510364
Gram_error_fro,0.0,1,12,6,0.0,0.0,0.0,0.0,0.0,0.0,0.0,0.0,0.0,0.0,0.0,0.0,0.0,0.0,0.0,0.0
Gram_error_fro,2.0,1,12,6,0.0,0.07418743,0.06368382,0.04875337,0.03763515,0.02952371,0.02334587,0.01852504,0.01474774,0.01180389,0.00952703,0.00777679,0.00643464,0.00540259,0.00460209,0.00397215
Gram_error_fro,2.0,1,12,6,0.0,0.05350265,0.04586918,0.0359404,0.02926652,0.02488083,0.021644,0.0189911,0.01670133,0.01469188,0.01292461,0.01137329,0.0100144,0.00882551,0.0077856,0.00687556
Gram_error_fro,4.0,1,12,6,0.0,0.10269398,0.07743534,0.05123087,0.03359052,0.02257596,0.0157036,0.01132086,0.00845069,0.00652245,0.00519343,0.00425053,0.00355838,0.00303082,0.00261353,0.00227259
Gram_error_fro,4.0,1,12,6,0.0,0.09498757,0.07586266,0.05605325,0.04180189,0.0318805,0.02476082,0.01947231,0.0154579,0.01238114,0.01001585,0.00819533,0.00679042,0.00569978,0.00484456,0.00416455
Gram_error_fro,0.0,1,12,6,0.0,0.0,0.0,0.0,0.0,0.0,0.0,0.0,0.0,0.0,0.0,0.0,0.0,0.0,0.0,0.0
Gram_error_fro,4.0,1,12,6,0.0,0.08724044,0.06881723,0.05237814,0.04109084,0.03292016,0.02663833,0.0216661,0.0176968,0.01452689,0.01199772,0.00997831,0.00836047,0.00705655,0.00599708,0.00512809
Gram_error_fro,2.0,1,12,6,0.0,0.04506726,0.03855304,0.03189889,0.02682529,0.02279171,0.01941034,0.01652404,0.0140634,0.01197817,0.0102194,0.00873893,0.00749213,0.00643984,0.0055489,0.00479187
Gram_error_fro,6.0,1,12,6,0.0,0.11019605,0.08441891,0.06136556,0.04585553,0.03547873,0.02813057,0.02264564,0.01842121,0.01511753,0.01251399,0.0104505,0.00880437,0.00748028,0.00640458,0.00552102
Gram_error_fro,4.0,1,12,6,0.0,0.08871952,0.07147118,0.05489401,0.04328181,0.03481352,0.02830926,0.02317935,0.01909528,0.0158356,0.01322983,0.01114006,0.00945454,0.00808421,0.00695942,0.00602664
Gram_error_fro,6.0,1,12,6,0.0,0.10683787,0.08412206,0.06323513,0.04832483,0.0378074,0.03006973,0.02414633,0.0195101,0.01584899,0.01294997,0.01065125,0.00882412,0.00736547,0.00619352,0.00524433
Gram_error_fro,4.0,1,12,6,0.0,0.08638072,0.06705328,0.04765317,0.03481055,0.02669003,0.02128039,0.01740086,0.01445057,0.01212202,0.01024305,0.00870539,0.00743416,0.00637444,0.00548468,0.0047329
Gram_error_fro,4.0,1,12,6,0.0,0.0844547,0.06180762,0.04314507,0.03178488,0.02499363,0.02064293,0.01755968,0.01517391,0.01321878,0.01156459,0.01014159,0.00890681,0.00783019,0.00688874,0.00606389
Gram_error_fro,0.0,1,12,4,0.0,0.0,0.0,0.0,0.0,0.0,0.0,0.0,0.0,0.0,0.0,0.0,0.0,0.0,0.0,0.0
Gram_error_fro,2.0,1,12,4,0.0,0.05413312,0.04621821,0.03550925,0.02744518,0.02251082,0.01983515,0.01843068,0.0176086,0.01699688,0.0164269,0.01583474,0.01520423,0.01453899,0.01384945,0.01314731
Gram_error_fro,2.0,1,12,4,0.0,0.06756934,0.04191929,0.02554616,0.01653012,0.01134761,0.00824986,0.00633849,0.00510608,0.00425789,0.00362787,0.00312688,0.00270864,0.00234933,0.00203624,0.001762
Gram_error_fro,2.0,1,12,4,0.0,0.04598662,0.03187461,0.02427716,0.0194418,0.01586394,0.01309695,0.01091124,0.00915386,0.00771864,0.00653139,0.00553957,0.00470514,0.00399967,0.00340131,0.00289278
Gram_error_fro,2.0,1,12,4,0.0,0.04707184,0.03328164,0.02986175,0.02862568,0.0276663,0.02669576,0.02566967,0.02459245,0.0234807,0.02235243,0.02122341,0.0201064,0.01901127,0.01794542,0.01691428
Gram_error_fro,2.0,1,12,4,0.0,0.05214605,0.03332764,0.01997446,0.01211302,0.00769551,0.00531595,0.00407095,0.00339146,0.00296264,0.0026393,0.0023637,0.00211523,0.00188719,0.00167765,0.00148598
Gram_error_fro,2.0,1,12,4,0.0,0.07279335,0.05877487,0.0464834,0.03718969,0.0300447,0.02445518,0.02002251,0.01646879,0.01359477,0.0112543,0.00933787,0.00776191,0.00646154,0.0053857,0.0044937
Gram_error_fro,2.0,1,12,4,0.0,0.06365594,0.04991759,0.0389931,0.03095958,0.02488295,0.02018626,0.01649364,0.0135502,0.01117828,0.00925075,0.00767424,0.00637854,0.00530967,0.00442542,0.00369229
Gram_error_fro,2.0,1,12,4,0.0,0.02985375,0.02974294,0.02879578,0.02757923,0.02619802,0.02471068,0.02315936,0.0215836,0.02001872,0.01849297,0.01702682,0.01563376,0.01432173,0.01309447,0.01195274
Gram_error_fro,4.0,1,12,4,0.0,0.07424926,0.05293474,0.03969171,0.03095085,0.02458183,0.01972894,0.01594918,0.01296607,0.01059005,0.00868442,0.00714743,0.00590176,0.00488781,0.00405916,0.00337943
Gram_error_fro,4.0,1,12,4,0.0,0.03266822,0.02140845,0.01749541,0.01454095,0.01223939,0.01039498,0.00887369,0.0075996,0.00652591,0.00561892,0.00485158,0.00420124,0.00364878,0.00317812,0.0027758
Gram_error_fro,6.0,1,12,4,0.0,0.10567446,0.06705155,0.04802818,0.03789446,0.03170396,0.02759084,0.02467003,0.02246052,0.02068915,0.01919847,0.01789656,0.01672875,0.01566185,0.01467515,0.0137554
Gram_error_fro,2.0,1,12,4,0.0,0.0114582,0.01325528,0.01576125,0.01761059,0.01873962,0.01930736,0.01945954,0.01930584,0.01892848,0.01839017,0.01773924,0.01701293,0.01623991,0.0154421,0.01463619
Gram_error_fro,4.0,1,12,4,0.0,0.06434607,0.04801031,0.03699777,0.02981852,0.02474373,0.02091081,0.01789414,0.01545307,0.0134351,0.01173805,0.01029165,0.00904636,0.00796623,0.00702435,0.00619985
Gram_error_fro,4.0,1,12,4,0.0,0.08624202,0.05125192,0.03093159,0.02037884,0.01463544,0.0112385,0.00904218,0.00750059,0.00634194,0.00542463,0.00467139,0.00403776,0.00349658,0.00303009,0.00262586
Gram_error_fro,2.0,1,12,4,0.0,0.0065674,0.00752743,0.00799778,0.00797419,0.00772301,0.0073918,0.00703259,0.00665895,0.00627558,0.00588689,0.00549792,0.00511373,0.0047388,0.00437675,0.00403029
Gram_error_fro,0.0,1,12,2,0.0,0.0,0.0,0.0,0.0,0.0,0.0,0.0,0.0,0.0,0.0,0.0,0.0,0.0,0.0,0.0
Gram_error_fro,2.0,1,12,2,0.0,0.02487935,0.01595842,0.01200571,0.00967435,0.00790292,0.00647643,0.00532083,0.00438401,0.00362329,0.00300397,0.00249822,0.00208385,0.00174321,0.00146224,0.00122974
Gram_error_fro,2.0,1,12,2,0.0,0.08496281,0.07183252,0.05759194,0.04558061,0.03597018,0.02844207,0.0225938,0.01805562,0.01452352,0.0117599,0.00958351,0.00785745,0.00647871,0.00536959,0.00447134
Gram_error_fro,2.0,1,12,2,0.0,0.0507174,0.04648573,0.03982533,0.03378934,0.02875254,0.02463668,0.02127718,0.01851421,0.01621636,0.01428223,0.01263552,0.01121914,0.00999014,0.00891588,0.00797116
Gram_error_fro,2.0,1,12,2,0.0,0.0165159,0.00803871,0.00461862,0.00295533,0.00212519,0.00182073,0.00179218,0.00184354,0.00188341,0.00188547,0.00184918,0.00178193,0.00169247,0.00158864,0.00147679
Gram_error_fro,2.0,1,12,2,0.0,0.0175745,0.00800367,0.00270525,0.00075235,0.00192564,0.00267484,0.00299502,0.0030459,0.0029375,0.00274142,0.00250314,0.0022509,0.00200168,0.00176525,0.00154676
Gram_error_fro,2.0,1,12,2,0.0,0.01156337,0.0037445,0.00115433,0.00137916,0.00177687,0.0019077,0.00186224,0.00172694,0.00156182,0.00140383,0.00127195,0.00117195,0.00110083,0.00105113,0.00101461
Gram_error_fro,2.0,1,12,2,0.0,0.04385314,0.03351142,0.0275959,0.0233123,0.01986851,0.01700798,0.0145977,0.01255103,0.01080473,0.00930974,0.00802678,0.00692372,0.00597399,0.00515538,0.00444923
Gram_error_fro,4.0,1,12,2,0.0,0.08943822,0.05113592,0.03628946,0.02816419,0.02259343,0.01840756,0.01513649,0.01252893,0.01042459,0.0087111,0.00730577,0.00614612,0.00518415,0.00438251,0.00371183
Gram_error_fro,4.0,1,12,2,0.0,0.08656487,0.04868305,0.03479117,0.02698032,0.02150289,0.01736925,0.01415478,0.01161406,0.00958352,0.0079466,0.0066173,0.00553086,0.00463784,0.00390006,0.00328778
Gram_error_fro,4.0,1,12,2,0.0,0.00865078,0.01161335,0.01318145,0.01333151,0.01290205,0.0121375,0.01118987,0.01016647,0.00913809,0.00814807,0.00722087,0.00636854,0.00559533,0.00490066,0.00428115
Gram_error_fro,4.0,1,12,2,0.0,0.03808657,0.0315322,0.02721437,0.02371976,0.02069558,0.01803556,0.01569104,0.01362886,0.01182028,0.01023844,0.00885819,0.00765627,0.00661146,0.00570461,0.00491855
Gram_error_fro,4.0,1,12,2,0.0,0.08602541,0.05220999,0.04024954,0.03414518,0.02993119,0.02659057,0.02378117,0.02135215,0.01922028,0.01733193,0.01564888,0.0141422,0.01278904,0.01157081,0.01047205
Gram_error_fro,4.0,1,12,2,0.0,0.05322376,0.02022904,0.01110145,0.00766349,0.00591208,0.00501785,0.0046118,0.00444775,0.0043752,0.00431741,0.00424186,0.00413854,0.00400766,0.0038536,0.00368194
Gram_error_fro,4.0,1,12,2,0.0,0.05055515,0.01524614,0.008591,0.00869601,0.00899389,0.00888831,0.00848758,0.00791798,0.0072684,0.00659555,0.00593395,0.00530368,0.00471566,0.00417502,0.00368325
Gram_error_fro,2.0,1,12,2,0.0,0.09394016,0.07884628,0.06243676,0.04920069,0.0388451,0.03079957,0.02455548,0.01969696,0.01589789,0.01290862,0.01054035,0.00865089,0.00713313,0.00590601,0.0049079
Gram_error_fro,0.0,1,12,3,0.0,0.0,0.0,0.0,0.0,0.0,0.0,0.0,0.0,0.0,0.0,0.0,0.0,0.0,0.0,0.0
Gram_error_fro,2.0,1,12,3,0.0,0.08373916,0.0651121,0.05360816,0.04536292,0.03887129,0.03360812,0.02926744,0.02563742,0.02256655,0.01994423,0.0176877,0.01573335,0.01403116,0.01254112,0.01123081
Gram_error_fro,2.0,1,12,3,0.0,0.07645292,0.05380868,0.03898648,0.03030593,0.02438267,0.01992093,0.01640909,0.01359008,0.0113037,0.00943678,0.00790428,0.00664047,0.0055938,0.00472354,0.00399731
Gram_error_fro,2.0,1,12,3,0.0,0.00840797,0.0045993,0.00362162,0.00325955,0.0031514,0.00313227,0.00311863,0.00307802,0.00300371,0.00289953,0.00277251,0.00262981,0.00247761,0.00232088,0.00216342
Gram_error_fro,2.0,1,12,3,0.0,0.03276801,0.02498686,0.01991867,0.01641411,0.01363554,0.011347,0.00945999,0.00790918,0.0066353,0.00558646,0.00471947,0.00399949,0.00339873,0.00289518,0.00247137
Gram_error_fro,2.0,1,12,3,0.0,0.04603453,0.04804314,0.04368227,0.03823271,0.03293315,0.02812792,0.02390198,0.02024666,0.01711648,0.01445294,0.0121956,0.01028734,0.00867666,0.00731836,0.00617342
Gram_error_fro,2.0,1,12,3,0.0,0.03767116,0.03505467,0.03353458,0.03223996,0.03088483,0.02941435,0.02784659,0.02621924,0.02457073,0.02293377,0.02133371,0.01978899,0.01831213,0.01691098,0.01558976
Gram_error_fro,2.0,1,12,3,0.0,0.08922018,0.04816948,0.03423933,0.02794423,0.02359428,0.02007433,0.01712049,0.01462294,0.01250669,0.0107107,0.0091837,0.00788277,0.00677212,0.00582205,0.0050079
Gram_error_fro,4.0,1,12,3,0.0,0.09556769,0.0680104,0.04961257,0.03778017,0.02954299,0.02349288,0.01890253,0.01534538,0.01254747,0.01032174,0.00853498,0.00708954,0.00591236,0.00494795,0.00415367
Gram_error_fro,4.0,1,12,3,0.0,0.09081379,0.06825262,0.05170062,0.04012191,0.03161149,0.02517615,0.02022308,0.01636166,0.01332041,0.01090446,0.00897077,0.00741258,0.00614928,0.00511931,0.00427529
Gram_error_fro,2.0,1,12,3,0.0,0.07409948,0.04805577,0.03617524,0.03031393,0.02648983,0.02353195,0.0210679,0.01894369,0.01707721,0.01541723,0.0139291,0.01258804,0.01137553,0.01027711,0.00928102
Gram_error_fro,4.0,1,12,3,0.0,0.04887704,0.03005966,0.0225373,0.01783744,0.01419777,0.01133866,0.00910881,0.00737055,0.00600934,0.00493658,0.00408566,0.00340664,0.00286181,0.00242238,0.00206609
Gram_error_fro,4.0,1,12,3,0.0,0.06738133,0.06388328,0.05490244,0.04573058,0.03774067,0.03111671,0.02570586,0.02129759,0.01769989,0.01475393,0.01233229,0.01033375,0.00867802,0.00730138,0.00615303
Gram_error_fro,2.0,1,12,3,0.0,0.01856894,0.01492453,0.01175819,0.00918849,0.00716533,0.005575,0.00431976,0.00332551,0.00253672,0.00191171,0.00141926,0.00103659,0.0007483,0.00054613,0.0004268
Gram_error_fro,2.0,1,12,3,0.0,0.0084135,0.00393386,0.0018491,0.00094738,0.00052726,0.00034494,0.00026906,0.00022729,0.00019436,0.00016505,0.00013907,0.0001166,9.757e-05,8.167e-05,6.847e-05
Gram_error_fro,2.0,1,12,3,0.0,0.0768052,0.05699639,0.04497541,0.03820434,0.03352522,0.02986453,0.02683968,0.0242684,0.02203996,0.02007905,0.01833235,0.01676145,0.01533832,0.01404215,0.01285716
Gram_error_fro,0.0,1,12,2,0.0,0.0,0.0,0.0,0.0,0.0,0.0,0.0,0.0,0.0,0.0,0.0,0.0,0.0,0.0,0.0
Gram_error_fro,2.0,1,12,2,0.0,0.02846896,0.02457587,0.02211564,0.02007159,0.01825288,0.01662258,0.01516412,0.01385997,0.01269122,0.01163973,0.01068951,0.00982708,0.00904135,0.00832326,0.00766534
Gram_error_fro,2.0,1,12,2,0.0,0.00150231,0.00069017,0.00048374,0.00037402,0.00031165,0.00027451,0.00025195,0.00023899,0.00023254,0.00023018,0.00022994,0.00023041,0.00023064,0.00023012,0.00022859
Gram_error_fro,2.0,1,12,2,0.0,0.03431336,0.0281586,0.02423801,0.02091148,0.01807586,0.01568913,0.01368521,0.01199546,0.01056046,0.0093324,0.00827384,0.00735558,0.0065547,0.00585295,0.00523564
Gram_error_fro,0.0,1,12,2,0.0,0.0,0.0,0.0,0.0,0.0,0.0,0.0,0.0,0.0,0.0,0.0,0.0,0.0,0.0,0.0
Gram_error_fro,2.0,1,12,2,0.0,0.07937144,0.07401992,0.06480386,0.0563066,0.04893731,0.042659,0.0373229,0.03277161,0.02886972,0.02550721,0.02259568,0.02006373,0.01785318,0.01591627,0.01421345
Gram_error_fro,2.0,1,12,2,0.0,0.06201911,0.06682707,0.06395503,0.05925463,0.05418515,0.04920562,0.04448692,0.04010074,0.03607394,0.03240834,0.02909097,0.02610054,0.02341175,0.020998,0.01883313
Gram_error_fro,4.0,1,12,2,0.0,0.11347395,0.11428168,0.10399156,0.09235364,0.08130422,0.07134834,0.06255755,0.05486116,0.04814674,0.042296,0.03719766,0.0327518,0.02887065,0.02547804,0.02250828
Gram_error_fro,2.0,1,12,2,0.0,0.02846896,0.02457587,0.02211564,0.02007159,0.01825288,0.01662258,0.01516412,0.01385997,0.01269122,0.01163973,0.01068951,0.00982708,0.00904135,0.00832326,0.00766534
Gram_error_fro,2.0,1,12,2,0.0,0.08640792,0.0589842,0.05161483,0.04767322,0.04416331,0.04070151,0.03729876,0.0340171,0.03090842,0.02800519,0.02532267,0.02286345,0.02062168,0.01858638,0.01674375
Gram_error_fro,4.0,1,12,2,0.0,0.13487574,0.11755982,0.10150723,0.0874438,0.075217,0.06474047,0.05582612,0.04825281,0.04181181,0.03632153,0.03162892,0.02760646,0.02414837,0.02116687,0.01858908
Gram_error_fro,4.0,1,12,2,0.0,0.08580702,0.05949132,0.05221484,0.04810855,0.04437402,0.04071475,0.0371689,0.03379677,0.03063902,0.02771611,0.02503341,0.02258621,0.02036351,0.01835084,0.01653212
Gram_error_fro,2.0,1,12,2,0.0,0.15682592,0.1251541,0.10545266,0.09045212,0.07809703,0.06774566,0.05900275,0.05156663,0.04520233,0.03972578,0.03499111,0.03088129,0.02730124,0.02417294,0.02143178
Gram_error_fro,4.0,2,12,2,0.0,0.07038965,0.06930416,0.06494008,0.05903676,0.05273376,0.04657049,0.04078141,0.03546226,0.03064313,0.02632174,0.02248053,0.01909664,0.01614817,0.01361873,0.01150052
Gram_error_fro,4.0,1,12,2,0.0,0.0868702,0.05872483,0.05139079,0.0475623,0.0441281,0.04070823,0.03732595,0.03405221,0.03094441,0.02803819,0.0253507,0.02288562,0.02063775,0.01859649,0.01674828
Gram_error_fro,4.0,1,12,2,0.0,0.13170752,0.12176641,0.10680091,0.09284709,0.08058648,0.07003172,0.06099554,0.05325696,0.04661383,0.04089363,0.03595229,0.03167021,0.02794808,0.02470333,0.02186709
Gram_error_fro,0.0,1,12,2,0.0,0.0,0.0,0.0,0.0,0.0,0.0,0.0,0.0,0.0,0.0,0.0,0.0,0.0,0.0,0.0
Gram_error_fro,0.0,1,12,2,0.0,0.0,0.0,0.0,0.0,0.0,0.0,0.0,0.0,0.0,0.0,0.0,0.0,0.0,0.0,0.0
Gram_error_fro,2.0,1,12,2,0.0,0.021638,0.01146822,0.00756263,0.00561884,0.00433059,0.00339345,0.0026983,0.00217543,0.00177468,0.00146104,0.00121078,0.00100788,0.00084139,0.00070358,0.00058886
Gram_error_fro,2.0,1,12,2,0.0,0.04982483,0.03495704,0.02556076,0.01921486,0.01461572,0.0111983,0.00863428,0.00669757,0.00522471,0.00409671,0.00322685,0.00255176,0.00202481,0.00161145,0.00128579
Gram_error_fro,2.0,1,12,2,0.0,0.04534406,0.01869889,0.01112146,0.00746006,0.00512742,0.00353328,0.00242538,0.00165418,0.00112212,0.0007645,0.00053835,0.00041218,0.00035506,0.00033493,0.0003281
Gram_error_fro,2.0,1,12,2,0.0,0.06140268,0.05681336,0.04923692,0.04194838,0.03553566,0.03009195,0.02553971,0.02175101,0.01859612,0.01596049,0.01374863,0.01188303,0.01030151,0.00895438,0.00780183
Gram_error_fro,4.0,1,12,2,0.0,0.02856098,0.01569452,0.0137712,0.0131993,0.01267521,0.01204892,0.01132551,0.01054176,0.00973504,0.00893445,0.00815999,0.00742421,0.00673418,0.0060932,0.00550202
Gram_error_fro,4.0,1,12,2,0.0,0.07146111,0.04601225,0.03496249,0.02748848,0.02202548,0.0179364,0.01479487,0.01232075,0.01033132,0.0087054,0.00736026,0.00623743,0.00529414,0.00449807,0.00382407
Gram_error_fro,2.0,1,12,2,0.0,0.06140268,0.05681336,0.04904896,0.04167216,0.03523738,0.02979334,0.02524088,0.02144526,0.01827657,0.01562236,0.01338958,0.01150288,0.0099017,0.00853749,0.00737114
Gram_error_fro,4.0,1,12,2,0.0,0.08033657,0.06854925,0.05721237,0.0476833,0.03977171,0.03323496,0.02784206,0.0233884,0.01970083,0.01663695,0.01408147,0.01194182,0.01014388,0.00862817,0.00734679
Gram_error_fro,2.0,1,12,2,0.0,0.06853547,0.03992139,0.030054,0.0245511,0.02052112,0.01730457,0.01466923,0.01248661,0.01066657,0.00914052,0.00785476,0.00676678,0.00584261,0.0050549,0.00438145
Gram_error_fro,4.0,1,12,2,0.0,0.09917773,0.06659364,0.04872385,0.03679339,0.02808227,0.02155981,0.01663291,0.01289009,0.01003148,0.00783641,0.00614209,0.00482803,0.00380453,0.00300438,0.00237683
Gram_error_fro,4.0,1,12,2,0.0,0.05064872,0.02797779,0.01906786,0.01438499,0.01117014,0.00875251,0.00689304,0.00545223,0.00433006,0.00345163,0.00276055,0.00221429,0.00178065,0.00143509,0.0011588
Gram_error_fro,4.0,1,12,2,0.0,0.08733391,0.04890665,0.03267599,0.02357026,0.01755522,0.01333995,0.01031216,0.008105,0.00647591,0.00525822,0.00433544,0.00362548,0.00307015,0.00262817,0.00227019
Gram_error_fro,4.0,2,12,2,0.0,0.03866844,0.01991807,0.01605207,0.0150443,0.01460204,0.01435837,0.01421797,0.01413966,0.01410045,0.01408616,0.01408764,0.0140988,0.0141156,0.01413529,0.01415606
Gram_error_fro,4.0,1,12,2,0.0,0.06037213,0.03217609,0.02034971,0.01399952,0.00989649,0.00709245,0.00516771,0.00385778,0.00297373,0.00237718,0.00196796,0.00167637,0.00145681,0.00128137,0.00113395
Gram_error_fro,0.0,1,12,4,0.0,0.0,0.0,0.0,0.0,0.0,0.0,0.0,0.0,0.0,0.0,0.0,0.0,0.0,0.0,0.0
Gram_error_fro,2.0,1,12,4,0.0,0.02184696,0.01304604,0.00920599,0.00812729,0.00755694,0.00689398,0.00614583,0.00539368,0.00469003,0.00405771,0.00350184,0.00301885,0.0026016,0.00224208,0.00193252
Gram_error_fro,2.0,1,12,4,0.0,0.05242337,0.03136985,0.01762154,0.00989149,0.00566261,0.0033878,0.00222549,0.00170913,0.00152615,0.00146956,0.00143884,0.00139898,0.00134245,0.00127116,0.00118952
Gram_error_fro,2.0,1,12,4,0.0,0.0693113,0.04674025,0.0317868,0.023277,0.01819441,0.01484594,0.01240893,0.01050624,0.00895947,0.00767417,0.00659268,0.00567544,0.00489318,0.00422326,0.00364775
Gram_error_fro,2.0,1,12,4,0.0,0.05425234,0.03688895,0.02421583,0.01642352,0.01158864,0.00845078,0.00631728,0.00481,0.00371276,0.00289527,0.00227524,0.00179856,0.00142828,0.0011384,0.00091007
Gram_error_fro,2.0,1,12,4,0.0,0.07790895,0.04815042,0.02871528,0.0186674,0.01333726,0.01019511,0.00810574,0.00658553,0.00541936,0.00449901,0.00376083,0.0031623,0.00267266,0.00226883,0.00193321
Gram_error_fro,4.0,1,12,4,0.0,0.08750773,0.0528429,0.02993674,0.01729721,0.01058838,0.00702892,0.00505908,0.00386604,0.00305939,0.00246275,0.00199667,0.0016227,0.00131957,0.00107345,0.00087414
Gram_error_fro,2.0,1,12,4,0.0,0.04430949,0.03757135,0.02927773,0.02218475,0.01669317,0.01258498,0.00953764,0.00727272,0.00557947,0.0043049,0.00333895,0.00260219,0.00203686,0.00160064,0.00126228
Gram_error_fro,4.0,1,12,4,0.0,0.07229381,0.04667372,0.02962243,0.01976801,0.01433912,0.01123146,0.00925048,0.00782917,0.00671831,0.00580581,0.00503591,0.00437681,0.00380789,0.00331439,0.00288505
Gram_error_fro,4.0,1,12,4,0.0,0.06469211,0.06881687,0.06295983,0.05483722,0.04674266,0.03944656,0.03315264,0.02783904,0.02339987,0.01970713,0.01663737,0.01408178,0.01194864,0.01016247,0.00866181
Gram_error_fro,4.0,1,12,4,0.0,0.07417457,0.05473551,0.03740935,0.02595603,0.0185058,0.01350569,0.01003155,0.00754986,0.00574067,0.00440183,0.00339957,0.00264216,0.00206514,0.00162234,0.00128027
Gram_error_fro,2.0,1,12,4,0.0,0.0349683,0.02552736,0.02041722,0.01650044,0.01336552,0.01088976,0.00893869,0.00739344,0.00616057,0.00516879,0.00436403,0.0037052,0.0031611,0.002708,0.00232776
Gram_error_fro,4.0,1,12,4,0.0,0.13248594,0.09727807,0.06939144,0.05313278,0.04297657,0.03583377,0.03034924,0.02592,0.0222459,0.019154,0.01653038,0.01429238,0.01237621,0.0107309,0.00931484
Gram_error_fro,2.0,1,12,4,0.0,0.0914507,0.07597357,0.06444114,0.05494766,0.04642314,0.03890878,0.03248162,0.0270986,0.02264226,0.01897115,0.0159485,0.01345437,0.01138877,0.00967055,0.00823474
Gram_error_fro,4.0,1,12,4,0.0,0.09400857,0.0677357,0.047013,0.03436751,0.0265316,0.02129219,0.01747669,0.01451163,0.01211582,0.0101403,0.00849552,0.00712013,0.00596789,0.0050019,0.00419188
Gram_error_fro,4.0,1,12,4,0.0,0.08214879,0.06045037,0.04303135,0.03117596,0.02311027,0.01748751,0.013451,0.01047157,0.00822153,0.00649297,0.00514875,0.00409454,0.0032629,0.00260414,0.00208075
Gram_error_fro,0.0,1,12,2,0.0,0.0,0.0,0.0,0.0,0.0,0.0,0.0,0.0,0.0,0.0,0.0,0.0,0.0,0.0,0.0
Gram_error_fro,2.0,1,12,2,0.0,0.02742577,0.02087559,0.0161757,0.01277137,0.01024826,0.00832588,0.00682999,0.00564706,0.00469953,0.00393255,0.00330626,0.00279104,0.0023645,0.00200942,0.0017124
Gram_error_fro,2.0,1,12,2,0.0,0.02197717,0.01226407,0.00914518,0.00738103,0.0060555,0.00499328,0.00413397,0.00343774,0.00287214,0.00241063,0.00203196,0.00171942,0.00145997,0.00124342,0.00106179
Gram_error_fro,2.0,1,12,2,0.0,0.00873394,0.00401984,0.0029217,0.00252251,0.00219996,0.00188822,0.00160161,0.00135159,0.00114012,0.00096391,0.00081787,0.00069684,0.00059626,0.00051236,0.00044204
Gram_error_fro,2.0,1,12,2,0.0,0.00559019,0.00218766,0.00271963,0.00336209,0.00372661,0.00385083,0.00381393,0.00367811,0.00348519,0.00326205,0.00302586,0.00278758,0.00255418,0.00233003,0.00211779
Gram_error_fro,2.0,2,12,2,0.0,0.05000916,0.02823161,0.01966855,0.01596991,0.01439139,0.01380245,0.01365253,0.01367944,0.01376638,0.01386451,0.01395513,0.01403246,0.01409595,0.01414705,0.01418774
Gram_error_fro,0.0,1,12,2,0.0,0.0,0.0,0.0,0.0,0.0,0.0,0.0,0.0,0.0,0.0,0.0,0.0,0.0,0.0,0.0
Gram_error_fro,2.0,1,12,2,0.0,0.00826347,0.00373316,0.00126818,0.00102801,0.00133109,0.00141218,0.00134408,0.00120973,0.00105551,0.00090409,0.00076537,0.00064278,0.00053672,0.00044615,0.00036951
Gram_error_fro,4.0,2,12,2,0.0,0.08290953,0.05113584,0.03870891,0.03219348,0.02793288,0.02486461,0.022567,0.02081603,0.01946808,0.01842223,0.01760497,0.016962,0.0164529,0.0160475,0.01572304
Gram_error_fro,2.0,1,12,2,0.0,0.02014605,0.01135756,0.00841168,0.00687288,0.005777,0.0049013,0.00417719,0.00357175,0.00306273,0.00263291,0.00226849,0.00195834,0.00169348,0.00146661,0.00127175
Gram_error_fro,2.0,1,12,2,0.0,0.05968301,0.03462788,0.02403171,0.01765317,0.01323241,0.01004243,0.00769821,0.00595102,0.00463241,0.00362636,0.00285174,0.00225086,0.00178193,0.00141421,0.00112474
Gram_error_fro,2.0,1,12,2,0.0,0.00873394,0.00401984,0.0029217,0.00252251,0.00219996,0.00188822,0.00160161,0.00135159,0.00114012,0.00096391,0.00081787,0.00069684,0.00059626,0.00051236,0.00044204
Gram_error_fro,2.0,1,12,2,0.0,0.00413347,0.00725459,0.00645838,0.0050767,0.0038768,0.00295135,0.00225856,0.0017401,0.00134845,0.00104942,0.00081905,0.00064045,0.00050146,0.00039311,0.00030865
Gram_error_fro,2.0,1,12,2,0.0,0.05665977,0.03074391,0.02007822,0.01422717,0.010451,0.00785695,0.0060238,0.0047074,0.00375139,0.00304993,0.00252886,0.00213541,0.00183193,0.00159187,0.00139681
Gram_error_fro,2.0,1,12,2,0.0,0.00432109,0.00177112,0.0024273,0.00317574,0.00363182,0.00381506,0.00380177,0.00366089,0.00344378,0.00318608,0.00291159,0.00263582,0.00236855,0.00211571,0.0018806
Gram_error_fro,2.0,2,12,2,0.0,0.04510144,0.02643184,0.01737622,0.01257096,0.01049219,0.01010205,0.01047275,0.01106345,0.01165201,0.01216748,0.01259664,0.01294594,0.01322717,0.0134524,0.01363231
Gram_error_fro,0.0,1,12,1,0.0,0.0,0.0,0.0,0.0,0.0,0.0,0.0,0.0,0.0,0.0,0.0,0.0,0.0,0.0,0.0
Gram_error_fro,2.0,1,12,1,0.0,0.01150243,0.00565025,0.0058679,0.00652231,0.0068477,0.00683771,0.00659724,0.00622218,0.00578014,0.00531455,0.00485185,0.0044074,0.00398947,0.00360193,0.00324595
Gram_error_fro,2.0,1,12,1,0.0,0.05530171,0.06088794,0.05713773,0.05121592,0.04514367,0.03954461,0.03458193,0.03025387,0.02650327,0.02325913,0.02045216,0.01801991,0.01590809,0.01407022,0.01246683
Gram_error_fro,2.0,1,12,1,0.0,0.05530171,0.06088794,0.05713773,0.05121592,0.04514367,0.03954461,0.03458193,0.03025387,0.02650327,0.02325913,0.02045216,0.01801991,0.01590809,0.01407022,0.01246683
Gram_error_fro,2.0,1,12,1,0.0,0.06108718,0.0453658,0.03766222,0.03243532,0.02812915,0.02439342,0.02113119,0.01829402,0.01583869,0.01372122,0.01189851,0.01033041,0.00898083,0.00781815,0.00681509
Gram_error_fro,2.0,1,12,1,0.0,0.06391534,0.04619063,0.03731044,0.03132221,0.02656912,0.0226143,0.01928304,0.01647002,0.01409391,0.01208601,0.01038738,0.00894782,0.00772505,0.0066837,0.00579444
Gram_error_fro,2.0,1,12,1,0.0,0.02572436,0.01213241,0.0092625,0.00841962,0.00785153,0.00726475,0.00664806,0.00603274,0.00544395,0.00489552,0.00439304,0.00393724,0.00352624,0.00315694,0.00282579
Gram_error_fro,2.0,1,12,1,0.0,0.09523227,0.08561547,0.0717339,0.05983485,0.04996136,0.04189666,0.03533032,0.02996141,0.02554126,0.02187576,0.01881534,0.01624434,0.01407247,0.01222852,0.01065579
Gram_error_fro,4.0,1,12,1,0.0,0.0,0.0,0.00028818,0.00046635,0.00048007,0.00038623,0.00024523,9.593e-05,4.175e-05,0.00015953,0.00025535,0.00033015,0.00038618,0.00042606,0.00045241
Gram_error_fro,4.0,1,12,1,0.0,0.02572436,0.01213241,0.00961484,0.00918184,0.00894555,0.0085713,0.00805563,0.00745595,0.00682528,0.00620034,0.00560326,0.00504579,0.00453298,0.00406578,0.00364283
Gram_error_fro,4.0,1,12,1,0.0,0.0,0.0,0.00097245,0.00201477,0.00273748,0.00310458,0.00319845,0.00311491,0.00292964,0.00269425,0.0024412,0.00218973,0.00195051,0.0017289,0.00152706
Gram_error_fro,4.0,1,12,1,0.0,0.1156798,0.07552023,0.06034118,0.05089792,0.04341803,0.03711509,0.03174483,0.02717008,0.02327921,0.01997279,0.0171627,0.01477229,0.01273596,0.01099819,0.00951228
Gram_error_fro,4.0,1,12,1,0.0,0.09127976,0.08331895,0.07319295,0.06348837,0.05482136,0.04735871,0.04102309,0.03565848,0.03110549,0.02722527,0.02390319,0.02104615,0.01857865,0.01643923,0.01457752
Gram_error_fro,4.0,1,12,1,0.0,0.03925154,0.05121752,0.04682107,0.03991285,0.03338207,0.02781388,0.02321602,0.01945311,0.01637337,0.01384358,0.01175515,0.01002182,0.00857555,0.00736267,0.00634064
Gram_error_fro,2.0,1,12,1,0.0,0.09523227,0.08561547,0.0717339,0.05983485,0.04996136,0.04189666,0.03533032,0.02996141,0.02554126,0.02187576,0.01881534,0.01624434,0.01407247,0.01222852,0.01065579
Gram_error_fro,4.0,1,12,1,0.0,0.14384338,0.17226429,0.1672466,0.15575434,0.14346854,0.13173871,0.12087323,0.11089873,0.10176656,0.09341198,0.0857706,0.07878229,0.07239163,0.06654756,0.061203
Gram_error_fro,0.0,1,12,7,0.0,0.0,0.0,0.0,0.0,0.0,0.0,0.0,0.0,0.0,0.0,0.0,0.0,0.0,0.0,0.0
Gram_error_fro,0.0,1,12,7,0.0,0.06003018,0.06373386,0.05941746,0.05188116,0.04352634,0.03559462,0.02861956,0.02274839,0.01793846,0.01406672,0.01098682,0.00855671,0.0066502,0.00516054,0.00399998
Gram_error_fro,2.0,1,12,7,0.0,0.06336591,0.04598167,0.02980484,0.01926245,0.01272663,0.00861309,0.00593712,0.00414063,0.00290662,0.00204685,0.00144315,0.00101768,0.00071741,0.00050546,0.00035593
Gram_error_fro,2.0,1,12,7,0.0,0.07689715,0.07114612,0.05922479,0.04877819,0.0401746,0.03302683,0.02704769,0.02205105,0.0178971,0.01446624,0.01165101,0.00935456,0.00749095,0.00598528,0.00477333
Gram_error_fro,2.0,1,12,7,0.0,0.06336591,0.04598167,0.02980484,0.01926245,0.01272663,0.00861309,0.00593712,0.00414063,0.00290662,0.00204685,0.00144315,0.00101768,0.00071741,0.00050546,0.00035593
Gram_error_fro,2.0,1,12,7,0.0,0.07852097,0.07157844,0.05606375,0.04312717,0.03336212,0.02599446,0.02035251,0.0159772,0.01255665,0.00987045,0.00775641,0.00609146,0.00478037,0.00374853,0.00293714
Gram_error_fro,2.0,1,12,7,0.0,0.12020764,0.10780731,0.08449325,0.06489015,0.04986638,0.03845515,0.02973801,0.02303744,0.01786451,0.01386016,0.01075547,0.0083462,0.00647576,0.00502343,0.00389579
Gram_error_fro,4.0,1,12,7,0.0,0.08699824,0.07100998,0.05250248,0.03804677,0.0274498,0.01978133,0.0142426,0.01024422,0.00736064,0.00528389,0.00379036,0.00271763,0.00194791,0.00139602,0.00100051
Gram_error_fro,2.0,1,12,7,0.0,0.0995657,0.08719342,0.07220572,0.05872051,0.04705064,0.03728257,0.02931507,0.02293133,0.01787662,0.01390493,0.01079969,0.00837968,0.00649759,0.00503584,0.00390157
Gram_error_fro,2.0,1,12,7,0.0,0.07080071,0.07127656,0.06380696,0.05429605,0.04478608,0.03619767,0.02886294,0.02280565,0.01790798,0.01400195,0.01091509,0.00849064,0.00659453,0.00511605,0.00396566
Gram_error_fro,2.0,1,12,7,0.0,0.08397529,0.05953002,0.03939214,0.02610774,0.01754124,0.01194878,0.00822388,0.00569841,0.00396426,0.00276386,0.00192906,0.00134706,0.00094082,0.00065715,0.00045904
Gram_error_fro,2.0,1,12,7,0.0,0.12169531,0.1109609,0.09144387,0.07373887,0.05884311,0.04661807,0.0367345,0.0288295,0.02255684,0.0176085,0.0137218,0.01067886,0.00830232,0.00644968,0.00500748
Gram_error_fro,2.0,1,12,7,0.0,0.10287849,0.09603412,0.08064643,0.06622419,0.05373525,0.04321837,0.03453508,0.02747077,0.02178414,0.01724005,0.01362694,0.01076351,0.00849899,0.00671044,0.00529886
Gram_error_fro,2.0,1,12,7,0.0,0.13287835,0.119768,0.09602856,0.07629643,0.0607361,0.04837073,0.03848117,0.03056439,0.02423824,0.01919613,0.01518733,0.01200669,0.00948721,0.00749393,0.00591837
Gram_error_fro,2.0,1,12,7,0.0,0.06726233,0.05800623,0.04438567,0.03294925,0.02407537,0.01740875,0.01249825,0.00892817,0.00635543,0.00451269,0.00319851,0.00226415,0.00160132,0.00113187,0.00079975
Gram_error_fro,2.0,1,12,7,0.0,0.08002647,0.06765561,0.05459239,0.04396194,0.03524284,0.02807524,0.02223185,0.01751863,0.01375306,0.0107672,0.00841295,0.00656435,0.00511704,0.00398627,0.00310407
Gram_error_fro,0.0,1,12,1,0.0,0.0,0.0,0.0,0.0,0.0,0.0,0.0,0.0,0.0,0.0,0.0,0.0,0.0,0.0,0.0
Gram_error_fro,0.0,1,12,1,0.0,0.0,0.0,0.0,0.0,0.0,0.0,0.0,0.0,0.0,0.0,0.0,0.0,0.0,0.0,0.0
Gram_error_fro,2.0,1,12,1,0.0,0.00476427,0.00168057,0.00018383,0.00158723,0.00266248,0.00344279,0.00396798,0.00428346,0.00443336,0.004457,0.0043876,0.00425214,0.00407193,0.00386334,0.00363875
Gram_error_fro,2.0,1,12,1,0.0,0.01084105,0.00509966,0.00556599,0.00657107,0.00726693,0.00759431,0.00763464,0.00747644,0.00718946,0.00682419,0.00641602,0.00598935,0.00556072,0.00514106,0.00473736
Gram_error_fro,2.0,1,12,1,0.0,0.05218443,0.04058848,0.03477642,0.03082408,0.02753728,0.02460786,0.02195701,0.01956278,0.01741208,0.01548976,0.01377794,0.01225729,0.01090845,0.00971284,0.00865319
Gram_error_fro,2.0,1,12,1,0.0,0.02537037,0.00964228,0.00555803,0.00367691,0.00231619,0.00116646,0.00017705,0.00065909,0.00134826,0.0019016,0.00233349,0.00265952,0.0028951,0.0030546,0.00315099
Gram_error_fro,2.0,1,12,1,0.0,0.07478395,0.06947968,0.0617631,0.05416966,0.04729075,0.04127185,0.03607372,0.03160134,0.02775315,0.02443642,0.02157079,0.019088,0.01693058,0.01505025,0.01340652
Gram_error_fro,2.0,1,12,1,0.0,0.07478395,0.06947968,0.0617631,0.05416966,0.04723661,0.04111972,0.03580723,0.03122548,0.02728438,0.02389539,0.0209781,0.01846218,0.01628724,0.01440203,0.01276331
Gram_error_fro,4.0,1,12,1,0.0,0.00895062,0.00446191,0.00275162,0.00166467,0.00087971,0.00031995,7.069e-05,0.000338,0.00051615,0.00062973,0.00069647,0.0007293,0.00073775,0.00072894,0.00070815
Gram_error_fro,4.0,1,12,1,0.0,0.08974254,0.06501427,0.0544847,0.04747765,0.04173632,0.03674827,0.03235667,0.02848661,0.02508209,0.02209233,0.01946977,0.01717044,0.01515446,0.01338621,0.01183419
Gram_error_fro,4.0,1,12,1,0.0,0.09207625,0.06548492,0.05431644,0.04704624,0.04119154,0.03615225,0.03173644,0.02785586,0.02444946,0.02146433,0.01885177,0.016567,0.0145694,0.0128226,0.01129442
Gram_error_fro,4.0,1,12,1,0.0,0.00895062,0.00446191,0.00275162,0.00166467,0.00087971,0.00031995,7.069e-05,0.000338,0.00051615,0.00062973,0.00069647,0.0007293,0.00073775,0.00072894,0.00070815
Gram_error_fro,2.0,1,12,1,0.0,0.01122685,0.00543106,0.00324767,0.00207377,0.00133405,0.00084459,0.00051123,0.00027972,0.00011762,4.48e-06,7.341e-05,0.00012568,0.0001593,0.00017938,0.00018972
Gram_error_fro,4.0,1,12,1,0.0,0.18770203,0.2006086,0.18889229,0.17311819,0.15760549,0.14334273,0.13046283,0.11887748,0.10845335,0.0990599,0.09058063,0.08291391,0.07597136,0.06967586,0.06395981
Gram_error_fro,4.0,1,12,1,0.0,0.08027573,0.0722254,0.05966339,0.04862855,0.03945332,0.03200487,0.02601688,0.02121428,0.01735791,0.01425257,0.01174298,0.00970681,0.008048,0.00669114,0.00557689
Gram_error_fro,4.0,1,12,1,0.0,0.01948224,0.00859174,0.00364748,0.00062798,0.00143271,0.00283065,0.00373991,0.00428904,0.00457576,0.00467417,0.00464015,0.00451547,0.00433107,0.00410959,0.00386743
Gram_error_fro,0.0,1,12,2,0.0,0.0,0.0,0.0,0.0,0.0,0.0,0.0,0.0,0.0,0.0,0.0,0.0,0.0,0.0,0.0
Gram_error_fro,2.0,1,12,2,0.0,0.0655728,0.05006346,0.04005001,0.03265905,0.02674756,0.02195439,0.01806846,0.01491716,0.01235539,0.01026482,0.00855121,0.00714038,0.00597409,0.00500647,0.00420123
Gram_error_fro,2.0,1,12,2,0.0,0.0186981,0.00795549,0.00526751,0.00436644,0.00392017,0.00360571,0.00333719,0.00308816,0.00285002,0.00262073,0.0024007,0.00219108,0.00199301,0.00180734,0.00163454
Gram_error_fro,0.0,1,12,2,0.0,0.0,0.0,0.0,0.0,0.0,0.0,0.0,0.0,0.0,0.0,0.0,0.0,0.0,0.0,0.0
Gram_error_fro,2.0,1,12,2,0.0,0.0471494,0.02630201,0.01807152,0.01383651,0.01121889,0.0094187,0.00807877,0.00701751,0.00613841,0.0053885,0.00473735,0.0041663,0.00366291,0.00321821,0.00282515
Gram_error_fro,2.0,1,12,2,0.0,0.01189279,0.01170736,0.0129533,0.01357039,0.01354048,0.01304258,0.01226446,0.01134532,0.01037632,0.00941346,0.00848947,0.0076223,0.00682061,0.00608731,0.0054218
Gram_error_fro,4.0,1,12,2,0.0,0.0641507,0.02529245,0.01731595,0.01368618,0.01108166,0.00906466,0.00746424,0.00617391,0.00512173,0.00425694,0.00354234,0.00294969,0.00245702,0.00204686,0.0017051
Gram_error_fro,4.0,1,12,2,0.0,0.05294599,0.04552519,0.03685047,0.02951978,0.02361844,0.01893097,0.01521378,0.01225915,0.00990223,0.00801486,0.00649786,0.0052745,0.00428511,0.00348309,0.00283179
Gram_error_fro,4.0,1,12,2,0.0,0.05158384,0.0360272,0.02655103,0.01984586,0.01495185,0.01135385,0.00868609,0.0066895,0.00518217,0.00403558,0.00315781,0.00248221,0.00195989,0.00155451,0.00123883
Gram_error_fro,2.0,1,12,2,0.0,0.01918529,0.0166101,0.01304312,0.01005809,0.0077633,0.006025,0.00470195,0.00368682,0.0029026,0.00229369,0.0018192,0.0014485,0.00115838,0.00093102,0.00075261
Gram_error_fro,2.0,1,12,2,0.0,0.07110211,0.05791037,0.04715134,0.03859235,0.03160191,0.02590899,0.02129236,0.01754947,0.01450687,0.0120236,0.00998802,0.00831254,0.00692843,0.00578148,0.00482863
Gram_error_fro,4.0,1,12,2,0.0,0.05286923,0.04199866,0.03563006,0.0306069,0.02622077,0.02236855,0.01902363,0.01615023,0.01369973,0.01161867,0.009855,0.00836143,0.00709656,0.00602495,0.00511657
Gram_error_fro,4.0,1,12,2,0.0,0.0790898,0.0703239,0.06126386,0.05301839,0.04579502,0.03959231,0.03430769,0.02980917,0.02597041,0.02268234,0.01985453,0.01741306,0.01529765,0.01345894,0.01185629
Gram_error_fro,4.0,1,12,2,0.0,0.12772015,0.11943443,0.10643611,0.09364629,0.08187888,0.07140198,0.06222504,0.05424907,0.04734047,0.04136274,0.03618918,0.03170715,0.02781872,0.02443974,0.02149837
Gram_error_fro,4.0,2,12,2,0.0,0.04282449,0.02501047,0.017854,0.01473192,0.01345052,0.013022,0.01296425,0.01305551,0.01319811,0.01334986,0.01349317,0.01362147,0.01373319,0.01382897,0.01391031
Gram_error_fro,2.0,1,12,2,0.0,0.00782995,0.00338417,0.00121991,0.00019845,0.0003987,0.00063731,0.00071897,0.00071325,0.00066319,0.00059371,0.00051868,0.00044554,0.000378,0.00031766,0.00026492
Gram_error_fro,0.0,1,12,2,0.0,0.0,0.0,0.0,0.0,0.0,0.0,0.0,0.0,0.0,0.0,0.0,0.0,0.0,0.0,0.0
Gram_error_fro,2.0,1,12,2,0.0,0.02073094,0.00865031,0.00568744,0.00445859,0.00371467,0.00316635,0.00273069,0.00237395,0.00207665,0.00182538,0.00161042,0.00142459,0.00126255,0.00112028,0.00099473
Gram_error_fro,2.0,1,12,2,0.0,0.02073094,0.00865031,0.00568744,0.00445859,0.00371467,0.00316635,0.00273069,0.00237395,0.00207665,0.00182538,0.00161042,0.00142459,0.00126255,0.00112028,0.00099473
Gram_error_fro,2.0,1,12,2,0.0,0.03229452,0.01566385,0.0106182,0.00833921,0.00691538,0.00585615,0.00500694,0.00430532,0.00371755,0.00322108,0.00279913,0.00243867,0.00212935,0.00186287,0.00163249
Gram_error_fro,2.0,2,12,2,0.0,0.02655435,0.01492598,0.01300753,0.0126603,0.01265446,0.01273333,0.01283913,0.01295489,0.01307303,0.01318916,0.0133005,0.01340539,0.0135029,0.01359266,0.01367462
Gram_error_fro,2.0,1,12,2,0.0,0.02571941,0.01366574,0.00940846,0.00715343,0.00564008,0.00451703,0.00364663,0.00295786,0.00240658,0.00196229,0.00160258,0.00131043,0.00107258,0.00087859,0.00072015
Gram_error_fro,4.0,1,12,2,0.0,0.04741765,0.02736821,0.02076993,0.01720349,0.01470971,0.0127421,0.01110464,0.00970947,0.00850745,0.00746565,0.0065594,0.00576898,0.00507818,0.00447342,0.00394323
Gram_error_fro,4.0,1,12,2,0.0,0.04194374,0.02518049,0.01930388,0.01591817,0.01347218,0.01151418,0.00988141,0.00849834,0.00731907,0.00631022,0.00544532,0.00470263,0.00406403,0.00351428,0.00304052
Gram_error_fro,2.0,1,12,2,0.0,0.04442634,0.0218906,0.01537899,0.01216361,0.00999755,0.00834115,0.00701156,0.00592202,0.00501953,0.00426688,0.00363609,0.00310535,0.00265734,0.00227808,0.00195619
Gram_error_fro,4.0,1,12,2,0.0,0.03468664,0.01201764,0.0091128,0.00702413,0.00549761,0.00436242,0.00349349,0.00281659,0.00228454,0.00186449,0.00153202,0.00126834,0.00105869,0.00089139,0.00075719
Gram_error_fro,2.0,1,12,2,0.0,0.02571941,0.01366574,0.00940846,0.00715343,0.00564008,0.00451703,0.00364663,0.00295786,0.00240658,0.00196229,0.00160258,0.00131043,0.00107258,0.00087859,0.00072015
Gram_error_fro,2.0,1,12,2,0.0,0.04442634,0.0218906,0.01537899,0.01216361,0.00999755,0.00834115,0.00701156,0.00592202,0.00501953,0.00426688,0.00363609,0.00310535,0.00265734,0.00227808,0.00195619
Gram_error_fro,4.0,1,12,2,0.0,0.05935431,0.03569167,0.02604995,0.02054638,0.0166581,0.01365591,0.01125493,0.00930619,0.00771304,0.00640491,0.00532737,0.00443745,0.00370081,0.00308984,0.0025822
Gram_error_fro,4.0,1,12,2,0.0,0.04505892,0.0211815,0.01369926,0.01015451,0.00795323,0.00639604,0.0052328,0.00434098,0.00364495,0.00309287,0.00264794,0.00228376,0.0019813,0.00172686,0.00151043
Gram_error_fro,6.0,1,12,2,0.0,0.06076824,0.03507227,0.02581667,0.02075358,0.01726577,0.0145741,0.01239042,0.01057973,0.00906194,0.00778131,0.00669564,0.00577176,0.00498303,0.00430781,0.00372839
Gram_error_fro,4.0,1,12,2,0.0,0.06716756,0.03914756,0.027502,0.02101038,0.01659855,0.01332085,0.01078334,0.00877706,0.00717154,0.00587674,0.00482682,0.00397194,0.00327358,0.00270154,0.00223192
Gram_error_fro,0.0,1,12,2,0.0,0.0,0.0,0.0,0.0,0.0,0.0,0.0,0.0,0.0,0.0,0.0,0.0,0.0,0.0,0.0
Gram_error_fro,2.0,1,12,2,0.0,0.03358544,0.02121653,0.01419693,0.00978141,0.00678303,0.00469249,0.00322572,0.00221297,0.00155325,0.00118289,0.00103427,0.00101399,0.00103995,0.00106841,0.00108326
Gram_error_fro,2.0,1,12,2,0.0,0.03627505,0.02336647,0.01604212,0.01121935,0.00782132,0.0054181,0.00373068,0.00255523,0.00174462,0.00119506,0.00083412,0.00061014,0.00048245,0.00041543,0.00038017
Gram_error_fro,2.0,1,12,2,0.0,0.06466413,0.02693543,0.01529764,0.00989252,0.00653626,0.00427279,0.00271995,0.00165506,0.00092997,0.00044233,0.00012059,8.598e-05,0.00021224,0.00028375,0.00031822
Gram_error_fro,0.0,1,12,2,0.0,0.0,0.0,0.0,0.0,0.0,0.0,0.0,0.0,0.0,0.0,0.0,0.0,0.0,0.0,0.0
Gram_error_fro,2.0,1,12,2,0.0,0.04641794,0.02878413,0.01979967,0.01435821,0.01070511,0.00818841,0.00644667,0.00523578,0.00438238,0.00376449,0.00329918,0.00293235,0.00263006,0.0023716,0.00214454
Gram_error_fro,4.0,1,12,2,0.0,0.01130611,0.00477414,0.00178879,0.00149561,0.00226154,0.00279509,0.00305662,0.00312478,0.00306844,0.00293726,0.00276485,0.00257319,0.00237625,0.00218263,0.00199731
Gram_error_fro,4.0,1,12,2,0.0,0.06307239,0.04712282,0.0370495,0.02973705,0.02399214,0.01939438,0.01569962,0.01272624,0.01033098,0.00839965,0.00684117,0.00558288,0.00456683,0.00374661,0.00308498
Gram_error_fro,4.0,1,12,2,0.0,0.04280309,0.03056201,0.02409198,0.01954623,0.01609198,0.01342497,0.01134073,0.00968541,0.00834674,0.00724502,0.00632412,0.00554424,0.00487673,0.00430055,0.00379989
Gram_error_fro,4.0,1,12,2,0.0,0.03534388,0.0286316,0.02371603,0.01988044,0.01677661,0.01422139,0.01209701,0.01032051,0.00882912,0.00757309,0.00651208,0.00561316,0.00484936,0.00419857,0.00364262
Gram_error_fro,4.0,1,12,2,0.0,0.06352033,0.0280391,0.01762569,0.01245259,0.00915218,0.00689524,0.00531909,0.00420617,0.00341014,0.00282997,0.00239621,0.00206192,0.00179598,0.00157807,0.00139504
Gram_error_fro,4.0,1,12,2,0.0,0.06242523,0.0248416,0.01226205,0.00857522,0.0076011,0.00718932,0.00681344,0.00639321,0.00593917,0.00547289,0.00501171,0.00456719,0.00414633,0.00375289,0.00338849
Gram_error_fro,4.0,1,12,2,0.0,0.0781884,0.04409377,0.03084321,0.02340124,0.01841433,0.01483833,0.01218772,0.01017494,0.00861219,0.00737272,0.0063698,0.00554349,0.00485188,0.00426523,0.00376214
Gram_error_fro,4.0,1,12,2,0.0,0.01468733,0.01397159,0.01201184,0.00960165,0.00742362,0.00563118,0.00421964,0.00313893,0.00233417,0.00175814,0.00137162,0.0011373,0.00101328,0.00095596,0.00093008
Gram_error_fro,2.0,1,12,2,0.0,0.05466229,0.03389885,0.02574657,0.02185395,0.01950636,0.01777497,0.01630558,0.01496611,0.01371212,0.0125319,0.01142455,0.01039146,0.00943341,0.00854978,0.00773859
Gram_error_fro,2.0,1,12,2,0.0,0.00814878,0.00346405,0.00222651,0.00255904,0.00315758,0.00359467,0.00383486,0.00391666,0.00388374,0.00377175,0.00360749,0.00341057,0.0031952,0.0029716,0.00274709
Gram_error_fro,0.0,1,12,2,0.0,0.0,0.0,0.0,0.0,0.0,0.0,0.0,0.0,0.0,0.0,0.0,0.0,0.0,0.0,0.0
Gram_error_fro,0.0,1,12,2,0.0,0.0,0.0,0.0,0.0,0.0,0.0,0.0,0.0,0.0,0.0,0.0,0.0,0.0,0.0,0.0
Gram_error_fro,2.0,1,12,2,0.0,0.06911262,0.06952696,0.06502925,0.05944282,0.05376014,0.04832734,0.04328015,0.03866893,0.03450135,0.03076154,0.02742091,0.02444508,0.02179811,0.01944502,0.01735315
Gram_error_fro,2.0,1,12,2,0.0,0.06812816,0.06972157,0.06531202,0.05959418,0.05372168,0.04810685,0.04291071,0.03818926,0.03394737,0.03016341,0.02680261,0.02382498,0.02118985,0.01885838,0.01679488
Gram_error_fro,2.0,1,12,2,0.0,0.06368651,0.06972183,0.06652844,0.06106942,0.0551898,0.04949462,0.04419667,0.03936663,0.0350149,0.03112308,0.02765876,0.02458361,0.02185803,0.01944378,0.01730529
Gram_error_fro,2.0,1,12,2,0.0,0.02287317,0.01857367,0.01580626,0.01347764,0.01150307,0.00983882,0.00843922,0.00726166,0.006269,0.00542985,0.00471811,0.00411222,0.00359449,0.0031504,0.00276803
Gram_error_fro,2.0,1,12,2,0.0,0.02287317,0.01857367,0.01603171,0.01390324,0.01207055,0.01049926,0.00915707,0.00801168,0.00703322,0.00619547,0.00547592,0.00485562,0.0043187,0.00385197,0.00344451
Gram_error_fro,2.0,1,12,2,0.0,0.06911262,0.06952696,0.06502925,0.05944282,0.05376014,0.04832734,0.04328015,0.03866893,0.03450135,0.03076154,0.02742091,0.02444508,0.02179811,0.01944502,0.01735315
Gram_error_fro,0.0,1,12,2,0.0,0.0,0.0,0.0,0.0,0.0,0.0,0.0,0.0,0.0,0.0,0.0,0.0,0.0,0.0,0.0
Gram_error_fro,4.0,1,12,2,0.0,0.09031437,0.06684245,0.05697351,0.05001194,0.04408785,0.03886295,0.0342395,0.03015924,0.02657004,0.02342089,0.02066238,0.01824791,0.01613461,0.01428386,0.01266142
Gram_error_fro,2.0,1,12,2,0.0,0.0199614,0.01692943,0.01425825,0.01197854,0.0100728,0.00849051,0.00717772,0.00608711,0.00517904,0.00442082,0.00378573,0.00325202,0.00280197,0.00242119,0.00209792
Gram_error_fro,6.0,1,12,2,0.0,0.17477526,0.14216986,0.11982771,0.10226263,0.08765012,0.07534848,0.06495496,0.05614895,0.04866574,0.0422867,0.0368316,0.03215187,0.02812487,0.02464922,0.02164089
Gram_error_fro,4.0,1,12,2,0.0,0.12976105,0.11680871,0.10288661,0.09022379,0.07888578,0.06890632,0.06020683,0.05265411,0.04610441,0.04042249,0.03548794,0.03119608,0.02745701,0.0241939,0.02134131
Gram_error_fro,4.0,1,12,2,0.0,0.05671547,0.04650943,0.04006922,0.03464144,0.02999804,0.02605563,0.0227177,0.01988718,0.01747746,0.01541563,0.01364194,0.01210798,0.01077465,0.00961034,0.0085893
Gram_error_fro,2.0,1,12,2,0.0,0.02287317,0.01857367,0.01602396,0.01386343,0.01197082,0.01032534,0.00890894,0.00769796,0.00666611,0.00578757,0.0050388,0.00439923,0.00385133,0.00338039,0.00297417
Gram_error_fro,4.0,1,12,2,0.0,0.05216352,0.0436274,0.03716609,0.03172252,0.02716057,0.0233527,0.02016742,0.01749093,0.01523039,0.01331116,0.01167333,0.01026872,0.00905844,0.00801098,0.00710071
Gram_error_fro,0.0,1,12,3,0.0,0.0,0.0,0.0,0.0,0.0,0.0,0.0,0.0,0.0,0.0,0.0,0.0,0.0,0.0,0.0
Gram_error_fro,2.0,1,12,3,0.0,0.0240069,0.01778512,0.01091355,0.00608787,0.00317725,0.00201777,0.00221544,0.00269474,0.00304571,0.00323564,0.00329686,0.00326522,0.00316991,0.00303291,0.00287024
Gram_error_fro,0.0,1,12,3,0.0,0.0,0.0,0.0,0.0,0.0,0.0,0.0,0.0,0.0,0.0,0.0,0.0,0.0,0.0,0.0
Gram_error_fro,2.0,1,12,3,0.0,0.07987869,0.06892578,0.05926853,0.05154002,0.04495072,0.03924372,0.03430975,0.03005853,0.02640086,0.02325229,0.02053693,0.01818895,0.01615229,0.01437975,0.01283179
Gram_error_fro,2.0,1,12,3,0.0,0.0819896,0.06411667,0.05349739,0.04665591,0.04118516,0.03640086,0.03213569,0.02834227,0.02498959,0.02204227,0.01946031,0.01720246,0.01522899,0.01350327,0.01199254
Gram_error_fro,2.0,1,12,3,0.0,0.06100733,0.05273223,0.0449651,0.03864706,0.03336785,0.0288996,0.02509255,0.02183472,0.01903735,0.01662818,0.01454758,0.01274606,0.01118234,0.00982193,0.00863588
Gram_error_fro,4.0,1,12,3,0.0,0.05642421,0.0317929,0.02225889,0.01813556,0.01578712,0.01401127,0.01245607,0.01104299,0.00976344,0.00861798,0.00760276,0.0067091,0.00592555,0.00523982,0.00463988
Gram_error_fro,4.0,1,12,3,0.0,0.12062675,0.11559404,0.10062214,0.08522726,0.07140317,0.05959576,0.04974425,0.04161506,0.03493571,0.02944911,0.02493251,0.02120094,0.0181042,0.0155217,0.01335719
Gram_error_fro,2.0,1,12,3,0.0,0.05348937,0.02907174,0.01612406,0.00996693,0.00738321,0.00657595,0.00652919,0.00673486,0.00697415,0.00716244,0.00727279,0.00730271,0.0072596,0.00715435,0.00699836
Gram_error_fro,2.0,1,12,3,0.0,0.01916667,0.01529213,0.01568059,0.01585545,0.01538328,0.01458108,0.01365318,0.01268939,0.0117278,0.01078755,0.00988085,0.00901636,0.00820013,0.00743589,0.0067254
Gram_error_fro,4.0,1,12,3,0.0,0.08978798,0.08974495,0.08005565,0.06972138,0.06055376,0.05277521,0.04623873,0.0407339,0.03606729,0.03207971,0.02864503,0.02566449,0.02306069,0.02077257,0.01875147
Gram_error_fro,4.0,1,12,3,0.0,0.08719763,0.07360582,0.06078889,0.05170584,0.04464212,0.03875091,0.03370134,0.0293365,0.02555472,0.02227554,0.01943048,0.01696035,0.01481396,0.0129472,0.01132215
Gram_error_fro,4.0,1,12,3,0.0,0.09550376,0.05605712,0.03842391,0.03210087,0.02884424,0.02625721,0.02385847,0.02158816,0.01945773,0.01748078,0.01566304,0.01400344,0.01249642,0.01113378,0.0099059
Gram_error_fro,2.0,1,12,3,0.0,0.05875275,0.04764882,0.03963392,0.03464229,0.03091695,0.02775378,0.02492942,0.02236843,0.02003826,0.01791953,0.01599728,0.01425803,0.01268881,0.01127686,0.01000964
Gram_error_fro,4.0,1,12,3,0.0,0.08683795,0.07077944,0.05793841,0.04871036,0.04150385,0.03556086,0.03054437,0.02627549,0.02263415,0.01952583,0.01687082,0.0146008,0.01265723,0.01099032,0.00955792
Gram_error_fro,2.0,1,12,3,0.0,0.05642421,0.03618728,0.02802599,0.0254896,0.02465177,0.02412203,0.02353006,0.02281402,0.02199002,0.02108813,0.02013644,0.01915802,0.01817099,0.01718936,0.01622374
Gram_error_fro,0.0,1,12,5,0.0,0.0,0.0,0.0,0.0,0.0,0.0,0.0,0.0,0.0,0.0,0.0,0.0,0.0,0.0,0.0
Gram_error_fro,2.0,1,12,5,0.0,0.01647648,0.01789104,0.02088896,0.0206632,0.01867029,0.01613728,0.01366091,0.01146892,0.00961414,0.00807684,0.00681293,0.00577487,0.00491981,0.00421186,0.00362204
Gram_error_fro,2.0,1,12,5,0.0,0.0734853,0.06992526,0.05921264,0.04847159,0.03935887,0.03200123,0.02615304,0.02151773,0.01783233,0.01488398,0.01250675,0.01057354,0.00898775,0.00767601,0.00658249
Gram_error_fro,2.0,1,12,5,0.0,0.0594305,0.0441376,0.03168643,0.02354058,0.01811374,0.01428113,0.01142681,0.00922628,0.00749767,0.00612693,0.00503438,0.00416024,0.00345803,0.00289119,0.00243095
Gram_error_fro,2.0,1,12,5,0.0,0.05087209,0.03759209,0.03035246,0.02584604,0.02235253,0.01936802,0.01676314,0.01449808,0.0125438,0.01086708,0.00943199,0.0082035,0.00714992,0.00624384,0.00546218
Gram_error_fro,2.0,1,12,5,0.0,0.06358031,0.04649564,0.0323221,0.02311697,0.01704676,0.01289027,0.00994559,0.00779914,0.00619761,0.00497991,0.00403983,0.00330486,0.00272401,0.00226053,0.00188743
Gram_error_fro,4.0,1,12,5,0.0,0.09207401,0.06390658,0.04053716,0.0264241,0.01817139,0.0131458,0.00986503,0.00757057,0.00588174,0.00459927,0.00360915,0.00283886,0.00223787,0.00176872,0.00140265
Gram_error_fro,2.0,1,12,5,0.0,0.08569195,0.05566332,0.03659706,0.0254855,0.0185448,0.01388049,0.01057476,0.00815361,0.00634663,0.00498338,0.0039478,0.00315687,0.00254944,0.00207992,0.00171412
Gram_error_fro,4.0,2,12,5,0.0,0.06690904,0.05374733,0.0445782,0.03899028,0.03558852,0.03344445,0.03204292,0.03110104,0.03045457,0.03000259,0.02968089,0.02944779,0.02927595,0.02914723,0.02904946
Gram_error_fro,2.0,1,12,5,0.0,0.08122274,0.05825423,0.04298727,0.03322026,0.02629015,0.02104949,0.01696885,0.01375261,0.01120376,0.00917631,0.00755716,0.00625769,0.00520865,0.00435625,0.00365893
Gram_error_fro,2.0,1,12,5,0.0,0.09738366,0.06919066,0.04587452,0.03088858,0.02150347,0.01548499,0.01146589,0.00866619,0.00664505,0.00514686,0.00401614,0.00315265,0.00248817,0.00197415,0.00157496
Gram_error_fro,2.0,1,12,5,0.0,0.04745366,0.03922465,0.02905306,0.021656,0.01657027,0.01296552,0.01029791,0.00825925,0.00667066,0.00541884,0.00442542,0.00363277,0.00299717,0.00248494,0.00206997
Gram_error_fro,2.0,1,12,5,0.0,0.07446934,0.04721558,0.03349338,0.02553104,0.02019595,0.01629512,0.01329362,0.01092132,0.00902042,0.00748492,0.00623683,0.00521644,0.00437733,0.00368343,0.00310661
Gram_error_fro,4.0,1,12,5,0.0,0.09783182,0.07323794,0.05420165,0.04142309,0.03230233,0.02548341,0.02026706,0.01623577,0.01310419,0.01066132,0.00874598,0.00723413,0.00603073,0.00506356,0.00427816
Gram_error_fro,4.0,1,12,5,0.0,0.09243961,0.0703532,0.05219675,0.04002289,0.0314098,0.02495812,0.01997576,0.01607951,0.01301882,0.01060923,0.00870725,0.0071996,0.00599718,0.00503067,0.00424677
Gram_error_fro,4.0,1,12,5,0.0,0.10907982,0.0890144,0.06888,0.053847,0.04258823,0.03402455,0.02744526,0.02235154,0.01837671,0.01524704,0.01275806,0.01075745,0.00913203,0.00779767,0.00669159
Gram_error_fro,0.0,1,12,2,0.0,0.0,0.0,0.0,0.0,0.0,0.0,0.0,0.0,0.0,0.0,0.0,0.0,0.0,0.0,0.0
Gram_error_fro,2.0,1,12,2,0.0,0.00171073,0.0010513,0.00052377,0.00039526,0.00079835,0.0011861,0.0014888,0.00171288,0.0018724,0.00198018,0.00204659,0.00207987,0.00208672,0.00207257,0.00204193
Gram_error_fro,2.0,1,12,2,0.0,0.0,0.0,0.00011341,0.0002168,0.0002808,0.00030588,0.00030292,0.00028298,0.00025426,0.00022201,0.00018939,0.00015823,0.00012956,0.00010396,8.181e-05
Gram_error_fro,2.0,1,12,2,0.0,0.04030236,0.03743008,0.03520189,0.03334947,0.03168137,0.03011093,0.02859303,0.02710839,0.02565247,0.024228,0.02284062,0.02149647,0.020201,0.01895852,0.01777201
Gram_error_fro,2.0,1,12,2,0.0,0.0,0.0,0.00011341,0.0002168,0.0002808,0.00030588,0.00030292,0.00028298,0.00025426,0.00022201,0.00018939,0.00015823,0.00012956,0.00010396,8.181e-05
Gram_error_fro,2.0,1,12,2,0.0,0.05322213,0.06804241,0.07159736,0.07119233,0.06902845,0.06595056,0.06239227,0.05861699,0.05479372,0.05103105,0.04739714,0.04393273,0.04065998,0.03758858,0.03471996
Gram_error_fro,4.0,2,12,2,0.0,0.03135341,0.03130802,0.02969158,0.02781556,0.0258324,0.02380954,0.02178637,0.0197889,0.01783566,0.01594031,0.01411303,0.01236133,0.01069057,0.00910451,0.00760585
Gram_error_fro,4.0,1,12,2,0.0,0.08360464,0.07324054,0.06506998,0.05924221,0.05478094,0.05109117,0.04783121,0.04482546,0.04199248,0.03929872,0.03673279,0.03429239,0.03197796,0.02978992,0.02772761
Gram_error_fro,4.0,1,12,2,0.0,0.12456483,0.10219756,0.08851853,0.0782409,0.06948537,0.06180974,0.05505931,0.04912906,0.04392294,0.03935086,0.03533078,0.03178986,0.02866454,0.02589995,0.02344892
Gram_error_fro,2.0,1,12,2,0.0,0.00781764,0.00541998,0.00424934,0.00335763,0.00266614,0.00212361,0.00168597,0.00132655,0.00103111,0.00079194,0.00060482,0.00046793,0.00038036,0.00033814,0.00033008
Gram_error_fro,4.0,1,12,2,0.0,0.11828963,0.08399051,0.07318699,0.06914276,0.06607494,0.06293779,0.05961735,0.0561739,0.0526911,0.04924201,0.04588235,0.04265119,0.03957377,0.03666461,0.03393026
Gram_error_fro,4.0,1,12,2,0.0,0.08042537,0.09537698,0.09720209,0.09468085,0.09032587,0.08512232,0.07956554,0.07394356,0.06843259,0.06313951,0.05812573,0.05342257,0.0490415,0.04498114,0.04123199
Gram_error_fro,2.0,1,12,2,0.0,0.01411047,0.00998716,0.00817041,0.00687937,0.00587858,0.00506668,0.00438162,0.00379064,0.00327659,0.00282897,0.00243985,0.00210237,0.00181026,0.00155777,0.00133974
Gram_error_fro,4.0,1,12,2,0.0,0.11860334,0.09131244,0.08267108,0.0779041,0.07345739,0.06892421,0.06436743,0.0598881,0.05556286,0.05144098,0.04755038,0.0439037,0.04050319,0.03734419,0.03441768
Gram_error_fro,4.0,1,12,2,0.0,0.11828963,0.08399051,0.07318699,0.06914276,0.06607494,0.06293779,0.05961735,0.0561739,0.0526911,0.04924201,0.04588235,0.04265119,0.03957377,0.03666461,0.03393026
Gram_error_fro,4.0,1,12,2,0.0,0.06703471,0.06091778,0.05550081,0.05070616,0.04643841,0.04264179,0.03924411,0.03617875,0.03339275,0.03084605,0.02850854,0.02635721,0.02437382,0.02254343,0.02085331
Gram_error_fro,0.0,1,12,6,0.0,0.0,0.0,0.0,0.0,0.0,0.0,0.0,0.0,0.0,0.0,0.0,0.0,0.0,0.0,0.0
Gram_error_fro,2.0,1,12,6,0.0,0.04649294,0.03757075,0.02958963,0.02373605,0.01958965,0.01659509,0.01432895,0.0125235,0.01102263,0.0097375,0.00861678,0.00762935,0.00675481,0.00597856,0.00528914
Gram_error_fro,2.0,1,12,6,0.0,0.03943638,0.03289837,0.02806602,0.02467039,0.02190584,0.01948869,0.01733081,0.01539633,0.0136633,0.01211391,0.01073175,0.00950116,0.00840725,0.00743601,0.00657447
Gram_error_fro,2.0,2,12,6,0.0,0.06348388,0.05351052,0.04230008,0.03476415,0.03051907,0.02849802,0.02777887,0.02774736,0.02804719,0.02848713,0.02896919,0.0294451,0.02989244,0.03030208,0.03067162
Gram_error_fro,0.0,1,12,6,0.0,0.06319997,0.03451179,0.0175199,0.00986741,0.00630395,0.00439886,0.00324407,0.00249111,0.00197903,0.00161842,0.00135482,0.00115435,0.00099598,0.00086674,0.00075856
Gram_error_fro,2.0,2,12,6,0.0,0.06348388,0.05351052,0.04230008,0.03476415,0.03051907,0.02849802,0.02777887,0.02774736,0.02804719,0.02848713,0.02896919,0.0294451,0.02989244,0.03030208,0.03067162
Gram_error_fro,4.0,2,12,6,0.0,0.08990123,0.06513165,0.04543266,0.03489955,0.03002841,0.0280805,0.02752782,0.02761476,0.02798131,0.02845542,0.02895419,0.02943807,0.02988916,0.03030055,0.03067091
Gram_error_fro,4.0,1,12,6,0.0,0.09862253,0.07402879,0.05196571,0.03798199,0.02940748,0.02389714,0.02005716,0.01715678,0.01483027,0.01289216,0.01124223,0.00982071,0.00858784,0.00751462,0.00657835
Gram_error_fro,2.0,1,12,6,0.0,0.09507721,0.07488141,0.05664444,0.04269854,0.0323302,0.02481461,0.01944774,0.01562044,0.01285727,0.01081427,0.00925606,0.00802774,0.00702945,0.00619717,0.00548936
Gram_error_fro,2.0,1,12,6,0.0,0.09154521,0.07851509,0.06180455,0.04717796,0.03557465,0.02675162,0.02017055,0.01530178,0.01170985,0.00906008,0.00710213,0.00565062,0.00456868,0.0037554,0.0031367
Gram_error_fro,2.0,1,12,6,0.0,0.10029169,0.08278089,0.06356606,0.04876048,0.03761116,0.02925728,0.02302096,0.0183729,0.01490307,0.01229741,0.01031886,0.00879167,0.00758827,0.00661808,0.00581787
Gram_error_fro,2.0,2,12,6,0.0,0.08267106,0.05821786,0.04230871,0.03390301,0.02981711,0.02808355,0.02756584,0.02764558,0.02800054,0.02846628,0.02896003,0.02944112,0.02989073,0.03030135,0.03067131
Gram_error_fro,2.0,1,12,6,0.0,0.08878766,0.06927996,0.05580434,0.04532921,0.03674399,0.02974267,0.02411439,0.01964379,0.0161187,0.01334563,0.01115871,0.00942224,0.00802918,0.00689745,0.00596544
Gram_error_fro,2.0,1,12,6,0.0,0.08042523,0.06507705,0.05285359,0.04382042,0.0367971,0.0311878,0.0266216,0.02284695,0.01968883,0.01702209,0.01475433,0.01281526,0.01114996,0.00971469,0.00847403
Gram_error_fro,2.0,2,12,6,0.0,0.08926077,0.0701545,0.05164839,0.03972423,0.03293271,0.02956536,0.02821395,0.02791359,0.02810702,0.02850715,0.02897512,0.02944642,0.02989243,0.0303018,0.03067138
Gram_error_fro,4.0,1,12,6,0.0,0.12592289,0.10199276,0.07621264,0.05711005,0.04338393,0.03344246,0.02614102,0.02070454,0.01660643,0.01348196,0.01107312,0.00919445,0.00771129,0.00652533,0.00556466
Gram_error_fro,0.0,1,12,2,0.0,0.0,0.0,0.0,0.0,0.0,0.0,0.0,0.0,0.0,0.0,0.0,0.0,0.0,0.0,0.0
Gram_error_fro,2.0,1,12,2,0.0,0.00629299,0.00456789,0.00392415,0.00353418,0.0032441,0.00300074,0.00278114,0.00257643,0.0023838,0.00220267,0.00203306,0.001875,0.00172835,0.00159276,0.00146774
Gram_error_fro,2.0,1,12,2,0.0,0.01411047,0.00998716,0.00817041,0.00687937,0.00587858,0.00506668,0.00438162,0.00379064,0.00327659,0.00282897,0.00243985,0.00210237,0.00181026,0.00155777,0.00133974
Gram_error_fro,2.0,1,12,2,0.0,0.00629299,0.00456789,0.00392415,0.00353418,0.0032441,0.00300074,0.00278114,0.00257643,0.0023838,0.00220267,0.00203306,0.001875,0.00172835,0.00159276,0.00146774
Gram_error_fro,0.0,1,12,2,0.0,0.0,0.0,0.0,0.0,0.0,0.0,0.0,0.0,0.0,0.0,0.0,0.0,0.0,0.0,0.0
Gram_error_fro,2.0,1,12,2,0.0,0.04413057,0.05366076,0.0560035,0.05577024,0.054425,0.05244285,0.05006384,0.04745283,0.04473084,0.04198542,0.03927808,0.03665056,0.03412991,0.03173247,0.02946687
Gram_error_fro,4.0,1,12,2,0.0,0.05924086,0.05076046,0.04640376,0.04302258,0.04012568,0.03753645,0.03515336,0.0329195,0.03080631,0.02880111,0.02689896,0.02509804,0.02339732,0.02179545,0.02029038
Gram_error_fro,2.0,1,12,2,0.0,0.04413057,0.05366076,0.0560035,0.05577024,0.054425,0.05244285,0.05006384,0.04745283,0.04473084,0.04198542,0.03927808,0.03665056,0.03412991,0.03173247,0.02946687
Gram_error_fro,4.0,1,12,2,0.0,0.0625204,0.0523438,0.04701015,0.04279061,0.03914555,0.03588582,0.0329095,0.03016148,0.02761296,0.02524845,0.02305829,0.02103479,0.01917045,0.01745733,0.01588693
Gram_error_fro,2.0,1,12,2,0.0,0.00629299,0.00456789,0.00392415,0.00353418,0.0032441,0.00300074,0.00278114,0.00257643,0.0023838,0.00220267,0.00203306,0.001875,0.00172835,0.00159276,0.00146774
Gram_error_fro,2.0,1,12,2,0.0,0.06275675,0.05881566,0.05201392,0.0456877,0.04016848,0.03538521,0.03123272,0.02761971,0.02446988,0.02171884,0.0193118,0.01720194,0.0153492,0.01371925,0.01228265
Gram_error_fro,6.0,1,12,2,0.0,0.12149167,0.09447517,0.08578466,0.08178362,0.07810815,0.07411417,0.06984719,0.06544947,0.061049,0.05674144,0.05259221,0.04864264,0.04491607,0.04142301,0.03816498
Gram_error_fro,4.0,1,12,2,0.0,0.13629536,0.11509905,0.10346608,0.09541719,0.08853976,0.08220426,0.07622502,0.07055173,0.06518018,0.06011845,0.05537358,0.05094707,0.04683438,0.04302593,0.03950847
Gram_error_fro,4.0,1,12,2,0.0,0.01411047,0.00998716,0.00827504,0.0070762,0.00613095,0.00534256,0.00465897,0.00405524,0.00351958,0.00304529,0.00262717,0.00226029,0.00193974,0.00166068,0.00141843
Gram_error_fro,4.0,1,12,2,0.0,0.07565904,0.08648626,0.08538531,0.08112428,0.0760755,0.07091165,0.06584791,0.06097425,0.05633884,0.05196905,0.0478782,0.04406919,0.04053739,0.03727299,0.03426286
Gram_error_fro,6.0,1,12,2,0.0,0.07470152,0.07631759,0.06941064,0.06115193,0.05330888,0.04629831,0.04015036,0.03479617,0.03014745,0.02611755,0.02262703,0.01960495,0.01698878,0.01472391,0.01276292
Gram_error_fro,0.0,1,12,2,0.0,0.0,0.0,0.0,0.0,0.0,0.0,0.0,0.0,0.0,0.0,0.0,0.0,0.0,0.0,0.0
Gram_error_fro,0.0,1,12,2,0.0,0.0,0.0,0.0,0.0,0.0,0.0,0.0,0.0,0.0,0.0,0.0,0.0,0.0,0.0,0.0
Gram_error_fro,2.0,1,12,2,0.0,0.0401628,0.03144033,0.02472174,0.02009268,0.01647892,0.01351259,0.01107549,0.00909121,0.00748652,0.00619236,0.00514803,0.00430276,0.00361545,0.00305338,0.00259083
Gram_error_fro,2.0,1,12,2,0.0,0.09406333,0.08160464,0.06863666,0.05723723,0.0475025,0.0393706,0.03265629,0.02713762,0.0226042,0.01887438,0.01579777,0.01325228,0.01113963,0.00938087,0.00791254
Gram_error_fro,2.0,1,12,2,0.0,0.07774053,0.07018711,0.05900687,0.04910762,0.04089127,0.03413261,0.02857057,0.02398253,0.02018654,0.01703523,0.01440978,0.01221461,0.01037285,0.00882262,0.00751398
Gram_error_fro,2.0,1,12,2,0.0,0.07957209,0.07363709,0.06211997,0.05063873,0.04087438,0.03302287,0.02681855,0.02193187,0.01807624,0.01502323,0.01259499,0.01065372,0.00909251,0.00782827,0.00679639
Gram_error_fro,2.0,1,12,2,0.0,0.09436739,0.05684225,0.03813657,0.02826121,0.0218653,0.01724926,0.01376063,0.01106673,0.00896127,0.00730244,0.00598746,0.00493968,0.0041009,0.00342642,0.00288161
Gram_error_fro,4.0,1,12,2,0.0,0.09735287,0.08587846,0.07140941,0.05873692,0.04820798,0.03964071,0.03271578,0.02711683,0.02257422,0.01887057,0.01583447,0.01333183,0.01125793,0.00953077,0.0080859
Gram_error_fro,2.0,1,12,2,0.0,0.08787007,0.07820618,0.0652326,0.05380617,0.04422698,0.03636485,0.02996598,0.02476671,0.02053549,0.01708152,0.01425155,0.01192378,0.01000164,0.00840853,0.00708353
Gram_error_fro,2.0,1,12,2,0.0,0.09087461,0.05181574,0.03455309,0.02611217,0.02078668,0.01691194,0.01391648,0.01153815,0.00962343,0.00806802,0.00679553,0.00574794,0.00488037,0.00415781,0.00355276
Gram_error_fro,2.0,1,12,2,0.0,0.04088638,0.0256425,0.01966225,0.01564925,0.01234256,0.00967899,0.00759682,0.00599092,0.00475481,0.00379927,0.00305524,0.00247107,0.0020086,0.00163966,0.00134333
Gram_error_fro,4.0,1,12,2,0.0,0.05237375,0.0754204,0.08267018,0.0841384,0.08289464,0.08014653,0.07652769,0.07243145,0.06811788,0.06376099,0.05947576,0.05533606,0.05138696,0.04765354,0.04414714
Gram_error_fro,4.0,1,12,2,0.0,0.01450244,0.01030864,0.00814591,0.00687593,0.00616786,0.00576233,0.005491,0.00526839,0.00505702,0.00484221,0.00461945,0.00438873,0.004152,0.00391201,0.00367163
Gram_error_fro,2.0,1,12,2,0.0,0.05531977,0.04369568,0.0364125,0.03119336,0.02680304,0.02307026,0.01992162,0.01726774,0.01502106,0.01310746,0.0114676,0.01005463,0.00883143,0.00776832,0.00684126
Gram_error_fro,2.0,1,12,2,0.0,0.05223707,0.07538629,0.0826048,0.08403734,0.08277398,0.08002229,0.07641102,0.07232887,0.06803253,0.0636937,0.05942598,0.05530238,0.05136759,0.04764655,0.04415061
Gram_error_fro,4.0,1,12,2,0.0,0.01331028,0.00958383,0.00736868,0.00634475,0.00565851,0.0050602,0.0044992,0.00396961,0.0034763,0.00302514,0.00261962,0.00226027,0.00194527,0.00167132,0.00143438
Gram_error_fro,0.0,1,12,2,0.0,0.0,0.0,0.0,0.0,0.0,0.0,0.0,0.0,0.0,0.0,0.0,0.0,0.0,0.0,0.0
Gram_error_fro,2.0,1,12,2,0.0,0.0113726,0.01567826,0.01845207,0.02005695,0.02087127,0.02113263,0.02101044,0.02062211,0.02004972,0.01935193,0.01857152,0.01774021,0.01688166,0.01601361,0.01514932
Gram_error_fro,2.0,1,12,2,0.0,0.0343506,0.02901413,0.02547195,0.02279731,0.02057733,0.01863669,0.01689216,0.01530325,0.01384875,0.01251586,0.01129538,0.01017961,0.00916149,0.00823428,0.00739148
Gram_error_fro,2.0,1,12,2,0.0,0.01545003,0.00784784,0.00402515,0.00217263,0.00155802,0.00160025,0.00174778,0.00183681,0.00186054,0.00183793,0.00178597,0.0017163,0.00163632,0.00155068,0.00146233
Gram_error_fro,2.0,1,12,2,0.0,0.05865372,0.05052953,0.04356488,0.03771594,0.03278441,0.0286301,0.02510943,0.02209734,0.01949585,0.017231,0.01524696,0.01350086,0.01195905,0.01059446,0.00938482
Gram_error_fro,0.0,1,12,2,0.0,0.0,0.0,0.0,0.0,0.0,0.0,0.0,0.0,0.0,0.0,0.0,0.0,0.0,0.0,0.0
Gram_error_fro,2.0,1,12,2,0.0,0.04305526,0.03870968,0.03318865,0.02848863,0.02454776,0.0212244,0.01839958,0.01598209,0.01390192,0.01210442,0.01054614,0.00919202,0.00801332,0.00698618,0.00609052
Gram_error_fro,2.0,1,12,2,0.0,0.07079709,0.06036924,0.04976987,0.04101825,0.03391419,0.02816152,0.02347585,0.01962984,0.01645173,0.01381208,0.01161185,0.00977384,0.00823688,0.00695176,0.00587841
Gram_error_fro,4.0,1,12,2,0.0,0.09375576,0.06054125,0.04799414,0.04202943,0.03753833,0.03352779,0.02985677,0.02651351,0.02349227,0.02077887,0.01835306,0.01619166,0.01427086,0.01256737,0.01105915
Gram_error_fro,2.0,1,12,2,0.0,0.02941627,0.02048737,0.01495706,0.01134644,0.00881679,0.00697658,0.00559994,0.00454654,0.00372573,0.00307677,0.00255755,0.002138,0.0017961,0.00151544,0.00128353
Gram_error_fro,2.0,1,12,2,0.0,0.05222125,0.0381422,0.0288235,0.02264395,0.0183054,0.01515115,0.0127772,0.01092699,0.00943918,0.00821199,0.0071799,0.00629934,0.00554022,0.0048809,0.00430523
Gram_error_fro,2.0,1,12,2,0.0,0.05961426,0.04413551,0.03362527,0.02636434,0.02108851,0.01716314,0.01416924,0.01182545,0.00994707,0.00841296,0.00714202,0.00607818,0.00518117,0.00442101,0.00377458
Gram_error_fro,4.0,1,12,2,0.0,0.03175488,0.02194567,0.01622503,0.01251419,0.00986356,0.00790442,0.00643422,0.00531775,0.00445942,0.00379035,0.00326059,0.00283385,0.00248382,0.00219154,0.0019434
Gram_error_fro,6.0,2,12,2,0.0,0.16079863,0.12817903,0.10504546,0.08761569,0.07379883,0.06274394,0.0538711,0.04672707,0.04095581,0.03627885,0.03247809,0.02938187,0.02685415,0.02478636,0.02309138
Gram_error_fro,2.0,1,12,2,0.0,0.05174658,0.04175092,0.03409753,0.02822888,0.02352551,0.01970958,0.01659816,0.01404993,0.01195274,0.01021766,0.00877434,0.00756716,0.00655206,0.00569404,0.00496515
Gram_error_fro,2.0,1,12,2,0.0,0.09499797,0.05140922,0.03686742,0.02968905,0.02470703,0.02082918,0.01771064,0.01517278,0.01309088,0.01136859,0.00993036,0.00871736,0.00768422,0.00679614,0.00602645
Gram_error_fro,0.0,1,12,4,0.0,0.0,0.0,0.0,0.0,0.0,0.0,0.0,0.0,0.0,0.0,0.0,0.0,0.0,0.0,0.0
Gram_error_fro,2.0,1,12,4,0.0,0.05932402,0.04496943,0.03405308,0.02714703,0.02236828,0.01873879,0.01583504,0.01345501,0.01148089,0.0098314,0.00844523,0.00727441,0.00628082,0.00543397,0.00470936
Gram_error_fro,2.0,1,12,4,0.0,0.02772494,0.01572498,0.00931704,0.00596908,0.00403641,0.00284605,0.0021005,0.00163941,0.00135853,0.00118422,0.00106714,0.00097803,0.00090174,0.00083135,0.00076425
Gram_error_fro,2.0,1,12,4,0.0,0.05213078,0.04401625,0.03434307,0.02692256,0.02140646,0.01720125,0.01392659,0.01134415,0.00929046,0.00764595,0.00632061,0.00524597,0.00436962,0.00365121,0.00305947
Gram_error_fro,0.0,1,12,4,0.0,0.0,0.0,0.0,0.0,0.0,0.0,0.0,0.0,0.0,0.0,0.0,0.0,0.0,0.0,0.0
Gram_error_fro,2.0,1,12,4,0.0,0.07637129,0.06735204,0.05729029,0.04783892,0.03943337,0.03232263,0.02649284,0.02178698,0.01800732,0.0149671,0.01250915,0.01050826,0.00886729,0.00751172,0.00638439
Gram_error_fro,4.0,1,12,4,0.0,0.09622892,0.07119127,0.05188146,0.03932147,0.03050018,0.02394907,0.01895984,0.01511426,0.01212629,0.00978805,0.0079456,0.00648415,0.00531766,0.0043813,0.00362581
Gram_error_fro,4.0,1,12,4,0.0,0.07761375,0.06699611,0.05624126,0.04632568,0.03759686,0.03028688,0.02436791,0.0196641,0.01595656,0.01303808,0.01073353,0.00890307,0.00743834,0.00625662,0.0052952
Gram_error_fro,2.0,1,12,4,0.0,0.08732711,0.06739537,0.05321843,0.04375999,0.0365437,0.03068464,0.02584157,0.02181908,0.01846963,0.015673,0.01333079,0.01136297,0.00970467,0.00830326,0.00711587
Gram_error_fro,4.0,1,12,4,0.0,0.08746471,0.05546561,0.03323872,0.0237934,0.02079688,0.01990789,0.01950417,0.01914196,0.01871833,0.01821896,0.01765242,0.01703269,0.01637403,0.01568939,0.01498999
Gram_error_fro,4.0,1,12,4,0.0,0.08243845,0.06416678,0.04816178,0.03716678,0.02932545,0.0234682,0.01897147,0.01546199,0.01268976,0.01047738,0.00869575,0.00724955,0.00606754,0.0050958,0.00429297
Gram_error_fro,2.0,1,12,4,0.0,0.06017197,0.04869375,0.03678173,0.02832436,0.0223895,0.01805552,0.01478627,0.01226381,0.01028154,0.00869757,0.00741225,0.00635478,0.00547429,0.00473368,0.00410547
Gram_error_fro,2.0,1,12,4,0.0,0.06017197,0.04869375,0.03678173,0.02832436,0.0223895,0.01805552,0.01478627,0.01226381,0.01028154,0.00869757,0.00741225,0.00635478,0.00547429,0.00473368,0.00410547
Gram_error_fro,4.0,1,12,4,0.0,0.10316967,0.07682845,0.05825087,0.04558923,0.03665708,0.03025797,0.0255781,0.02204467,0.01927329,0.01701839,0.01512719,0.01350475,0.01209071,0.01084513,0.00974014
Gram_error_fro,2.0,1,12,4,0.0,0.00382035,0.00243591,0.00243304,0.00251893,0.00257011,0.00257129,0.00252906,0.00245489,0.00235947,0.00225105,0.00213552,0.0020169,0.00189791,0.00178034,0.00166542
Gram_error_fro,4.0,1,12,4,0.0,0.10483438,0.06092423,0.03617989,0.02506948,0.01988705,0.01688416,0.01470356,0.01291395,0.01137308,0.01002373,0.00883488,0.00778495,0.00685679,0.00603595,0.00530999
Gram_error_fro,0.0,1,12,4,0.0,0.0,0.0,0.0,0.0,0.0,0.0,0.0,0.0,0.0,0.0,0.0,0.0,0.0,0.0,0.0
Gram_error_fro,0.0,1,12,4,0.0,0.0,0.0,0.0,0.0,0.0,0.0,0.0,0.0,0.0,0.0,0.0,0.0,0.0,0.0,0.0
Gram_error_fro,2.0,1,12,4,0.0,0.0575509,0.05041892,0.04261533,0.03562701,0.02982584,0.02517622,0.02147566,0.01850436,0.01608115,0.0140716,0.01237966,0.01093695,0.00969407,0.00861449,0.00767056
Gram_error_fro,2.0,1,12,4,0.0,0.06469827,0.04849441,0.03702397,0.02902143,0.02307071,0.01849011,0.01491515,0.01210434,0.00987893,0.00810358,0.00667625,0.00552036,0.00457826,0.00380627,0.00317089
Gram_error_fro,2.0,1,12,4,0.0,0.05467186,0.04565792,0.03801693,0.03207928,0.02715198,0.02299748,0.01949873,0.01655724,0.01408265,0.01199623,0.01023217,0.00873659,0.00746557,0.00638324,0.00546011
Gram_error_fro,0.0,1,12,4,0.0,0.0,0.0,0.0,0.0,0.0,0.0,0.0,0.0,0.0,0.0,0.0,0.0,0.0,0.0,0.0
Gram_error_fro,2.0,1,12,4,0.0,0.0510025,0.04105122,0.03283258,0.02690743,0.02255429,0.01917311,0.0164235,0.01412505,0.01217518,0.01050791,0.00907585,0.00784239,0.00677802,0.00585841,0.00506319
Gram_error_fro,2.0,1,12,4,0.0,0.05528857,0.04891326,0.04044021,0.03317716,0.02713719,0.02219277,0.0181832,0.01494385,0.01232635,0.0102059,0.00848138,0.00707249,0.00591606,0.00496255,0.00417301
Gram_error_fro,4.0,1,12,4,0.0,0.05234769,0.04460641,0.03411121,0.0263433,0.02129117,0.01820377,0.01640801,0.01538426,0.01476869,0.0143353,0.01395923,0.01357926,0.01317027,0.01272608,0.01224961
Gram_error_fro,4.0,1,12,4,0.0,0.09733811,0.07068274,0.0526606,0.04105762,0.03283811,0.02659608,0.02169545,0.01779775,0.01468165,0.01218255,0.01017193,0.00854837,0.00723186,0.00615938,0.00528131
Gram_error_fro,4.0,2,12,4,0.0,0.08016139,0.06530309,0.05403644,0.04697277,0.04257893,0.03968163,0.0376155,0.03603392,0.03475353,0.03367269,0.0327326,0.03189812,0.03114762,0.03046728,0.02984785
Gram_error_fro,4.0,1,12,4,0.0,0.06997637,0.06273209,0.050737,0.04054075,0.03265064,0.02657312,0.02181979,0.01804485,0.01501108,0.01255005,0.01053785,0.00888115,0.0075086,0.00636512,0.00540781
Gram_error_fro,6.0,1,12,4,0.0,0.10623112,0.0826223,0.06530362,0.05297061,0.04342953,0.0357663,0.02954297,0.02447232,0.02033121,0.01693937,0.01415159,0.0118518,0.00994764,0.00836562,0.00704713
Gram_error_fro,4.0,2,12,4,0.0,0.09619362,0.06682864,0.04838943,0.03736509,0.03004714,0.02493151,0.02143409,0.01924267,0.01808588,0.01768297,0.01777164,0.01814348,0.01865413,0.01921314,0.01976811
Gram_error_fro,2.0,2,12,4,0.0,0.08759947,0.07439088,0.05955764,0.04828954,0.03973202,0.03326176,0.02852524,0.02523177,0.02309153,0.02181935,0.02115852,0.02090099,0.02089324,0.02102997,0.02124267
Gram_error_fro,4.0,1,12,4,0.0,0.07909331,0.06619748,0.05387591,0.04466444,0.03739357,0.03138131,0.02633503,0.02209555,0.01854227,0.0155702,0.01308666,0.01101136,0.00927601,0.00782334,0.00660569
Gram_error_fro,0.0,1,12,4,0.0,0.0,0.0,0.0,0.0,0.0,0.0,0.0,0.0,0.0,0.0,0.0,0.0,0.0,0.0,0.0
Gram_error_fro,2.0,1,12,4,0.0,0.05311745,0.03878918,0.02754497,0.02033676,0.01543235,0.01190209,0.00928042,0.00729932,0.00578483,0.00461634,0.00370754,0.00299558,0.00243409,0.00198854,0.00163294
Gram_error_fro,2.0,1,12,4,0.0,0.06290391,0.06705375,0.06002809,0.05134538,0.04343322,0.03673987,0.03119161,0.02660596,0.02280347,0.01963301,0.01697316,0.01472777,0.01282096,0.01119267,0.00979515
Gram_error_fro,2.0,1,12,4,0.0,0.05276845,0.03753953,0.02752949,0.02162517,0.01764915,0.01466193,0.01229069,0.01036101,0.00877072,0.00744964,0.00634557,0.00541826,0.00463611,0.00397405,0.0034119
Gram_error_fro,2.0,1,12,4,0.0,0.06643402,0.05421408,0.04604585,0.0395472,0.03381734,0.02879034,0.02448186,0.02085582,0.01783401,0.01532244,0.01322971,0.01147591,0.00999528,0.00873555,0.00765587
Gram_error_fro,2.0,1,12,4,0.0,0.03265049,0.02233316,0.01475882,0.01024,0.00752441,0.00577923,0.00455956,0.00364947,0.0029439,0.0023864,0.00194186,0.00158569,0.00129939,0.00106861,0.00088206
Gram_error_fro,2.0,1,12,4,0.0,0.07102932,0.05730752,0.04176042,0.02968334,0.02112246,0.01521591,0.0111504,0.00832722,0.00633856,0.00491405,0.0038754,0.00310445,0.00252206,0.00207458,0.00172516
Gram_error_fro,4.0,1,12,4,0.0,0.07898778,0.06197139,0.05022099,0.04238364,0.03645762,0.03170472,0.02781212,0.02458461,0.02187326,0.0195623,0.01756447,0.01581576,0.0142698,0.0128928,0.01165964
Gram_error_fro,4.0,1,12,4,0.0,0.05711922,0.04292969,0.03289859,0.02643449,0.02201776,0.01877524,0.01625475,0.01421323,0.01251058,0.0110609,0.00980865,0.00871613,0.00775649,0.00690964,0.00615992
Gram_error_fro,2.0,1,12,4,0.0,0.1011931,0.0754752,0.05430958,0.04121815,0.03292691,0.02727707,0.02313438,0.0199175,0.01731714,0.01515731,0.01332992,0.01176367,0.0104086,0.00922804,0.00819406
Gram_error_fro,2.0,1,12,4,0.0,0.05173244,0.03958785,0.03055448,0.02403999,0.01918672,0.01547847,0.01259761,0.01033182,0.00853031,0.00708315,0.00590941,0.0049492,0.00415782,0.00350153,0.00295455
Gram_error_fro,4.0,1,12,4,0.0,0.05586693,0.03650927,0.02694438,0.02124275,0.01732312,0.01437345,0.01202794,0.01011074,0.00852502,0.00720684,0.00610796,0.00518956,0.00441991,0.00377298,0.00322752
Gram_error_fro,4.0,1,12,4,0.0,0.11085886,0.06991319,0.04517316,0.03080008,0.02199537,0.01633243,0.01251216,0.00981788,0.00784527,0.00635812,0.00521167,0.00431251,0.00359743,0.00302199,0.00255408
Gram_error_fro,4.0,1,12,4,0.0,0.06704642,0.04300703,0.03012024,0.02216805,0.01709311,0.01369955,0.01127937,0.00944571,0.00799282,0.00680765,0.0058233,0.00499653,0.00429699,0.00370208,0.00319422
Gram_error_fro,4.0,2,12,4,0.0,0.09804854,0.06536932,0.04263633,0.02914035,0.02186204,0.01855165,0.01750753,0.01756258,0.01806598,0.01870921,0.01935883,0.0199616,0.02049971,0.02097082,0.02137902
Gram_error_fro,4.0,1,12,4,0.0,0.10599455,0.09033645,0.07287048,0.05769481,0.04546344,0.03586566,0.02840252,0.0226114,0.01811221,0.01460536,0.01185895,0.0096953,0.00797907,0.00660757,0.00550305
Gram_error_fro,0.0,1,12,2,0.0,0.0,0.0,0.0,0.0,0.0,0.0,0.0,0.0,0.0,0.0,0.0,0.0,0.0,0.0,0.0
Gram_error_fro,2.0,1,12,2,0.0,0.00757671,0.00331317,0.00120107,0.00046978,0.00099385,0.00148321,0.00180184,0.00197921,0.00205039,0.0020453,0.00198754,0.00189498,0.00178089,0.00165489,0.00152392
Gram_error_fro,2.0,1,12,2,0.0,0.0,0.0,0.00208282,0.00353835,0.00434359,0.0046959,0.00476377,0.00466202,0.00446278,0.00421029,0.00393172,0.00364398,0.00335766,0.00307942,0.0028134
Gram_error_fro,2.0,1,12,2,0.0,0.0407474,0.03206371,0.02469467,0.01918862,0.01503305,0.01189517,0.00951359,0.00768694,0.00626779,0.00515079,0.00426097,0.00354447,0.00296215,0.00248506,0.00209147
Gram_error_fro,2.0,1,12,2,0.0,0.05929068,0.05613585,0.05270066,0.04891581,0.04505355,0.04131744,0.03780077,0.03453568,0.03152556,0.02876117,0.02622809,0.02391017,0.02179109,0.01985504,0.01808707
Gram_error_fro,2.0,1,12,2,0.0,0.00731116,0.00433333,0.00428845,0.0044113,0.00435733,0.00416841,0.00390891,0.00362206,0.00333204,0.00305113,0.00278511,0.00253634,0.00230546,0.00209225,0.00189606
Gram_error_fro,2.0,1,12,2,0.0,0.06777102,0.04741366,0.03537815,0.02741578,0.02152772,0.01704058,0.01358927,0.01091622,0.00883005,0.00718848,0.00588609,0.00484458,0.00400559,0.0033252,0.00277012
Gram_error_fro,2.0,1,12,2,0.0,0.05065134,0.03644606,0.02707446,0.02059887,0.01588584,0.01238925,0.00976555,0.00777412,0.00624441,0.00505558,0.00412159,0.00338059,0.00278754,0.00230923,0.00192082
Gram_error_fro,4.0,1,12,2,0.0,0.06757486,0.05202535,0.04254387,0.03563404,0.03001802,0.02534732,0.02145598,0.01821492,0.01551219,0.01325237,0.0113562,0.009759,0.00840834,0.00726181,0.00628506
Gram_error_fro,4.0,1,12,2,0.0,0.08037039,0.03495272,0.01556597,0.00768911,0.00411525,0.002317,0.00137545,0.00092766,0.00077845,0.00076191,0.00077404,0.00077757,0.0007652,0.00073874,0.00070203
Gram_error_fro,4.0,1,12,2,0.0,0.03392442,0.02970761,0.02479034,0.02035871,0.01665722,0.01363579,0.01118121,0.00918437,0.00755527,0.00622259,0.00513002,0.00423284,0.00349525,0.00288839,0.00238884
Gram_error_fro,4.0,1,12,2,0.0,0.04575679,0.04149858,0.03573462,0.03035046,0.02569146,0.02174754,0.0184314,0.01564343,0.01329433,0.0113098,0.00962922,0.00820315,0.00699111,0.00595967,0.0050811
Gram_error_fro,2.0,1,12,2,0.0,0.00757671,0.00331317,0.00120107,0.00046978,0.00099385,0.00148321,0.00180184,0.00197921,0.00205039,0.0020453,0.00198754,0.00189498,0.00178089,0.00165489,0.00152392
Gram_error_fro,4.0,1,12,2,0.0,0.11055201,0.06922457,0.04661124,0.03456129,0.02688019,0.02137493,0.01720773,0.01396924,0.01141331,0.00937384,0.00773232,0.00640152,0.00531602,0.00442597,0.00369292
Gram_error_fro,4.0,1,12,2,0.0,0.07122253,0.04667754,0.03303505,0.02447341,0.01860624,0.01443406,0.0113901,0.00911807,0.00738681,0.00604322,0.00498369,0.00413665,0.00345156,0.00289203,0.00243135
Gram_error_fro,4.0,1,12,2,0.0,0.05616661,0.0436289,0.03534781,0.02914148,0.02426628,0.02036206,0.01718643,0.01456691,0.01238159,0.01054337,0.00898812,0.00766711,0.0065421,0.00558239,0.00476286
Gram_error_fro,0.0,1,12,2,0.0,0.0,0.0,0.0,0.0,0.0,0.0,0.0,0.0,0.0,0.0,0.0,0.0,0.0,0.0,0.0
Gram_error_fro,0.0,1,12,2,0.0,0.0,0.0,0.0,0.0,0.0,0.0,0.0,0.0,0.0,0.0,0.0,0.0,0.0,0.0,0.0
Gram_error_fro,2.0,1,12,2,0.0,0.01971697,0.0080733,0.00513723,0.00392244,0.00318497,0.00264714,0.00222936,0.00189683,0.0016281,0.001408,0.0012254,0.00107203,0.00094178,0.00083005,0.0007334
Gram_error_fro,0.0,1,12,2,0.0,0.0,0.0,0.0,0.0,0.0,0.0,0.0,0.0,0.0,0.0,0.0,0.0,0.0,0.0,0.0
Gram_error_fro,2.0,1,12,2,0.0,0.01955199,0.01191075,0.00942225,0.00809836,0.00712046,0.00630181,0.00559079,0.00496662,0.00441651,0.00393059,0.00350068,0.00311976,0.00278183,0.00248171,0.0022149
Gram_error_fro,2.0,1,12,2,0.0,0.03247322,0.00843672,0.00549184,0.00453582,0.0039218,0.00342188,0.00299221,0.00261861,0.0022928,0.00200832,0.00175973,0.00154237,0.0013522,0.00118575,0.00104
Gram_error_fro,2.0,1,12,2,0.0,0.01591598,0.00742913,0.00483153,0.00354522,0.00272288,0.00214106,0.00171416,0.00139621,0.00115722,0.0009758,0.00083623,0.00072683,0.00063909,0.00056691,0.00050602
Gram_error_fro,4.0,1,12,2,0.0,0.03578895,0.01918225,0.01388169,0.01109884,0.00914146,0.00759954,0.00634091,0.00530181,0.00444008,0.00372363,0.00312688,0.00262909,0.0022133,0.00186558,0.00157446
Gram_error_fro,4.0,1,12,2,0.0,0.03006986,0.01473794,0.00958116,0.00687719,0.00510025,0.00381357,0.00284864,0.00211671,0.00155998,0.00113683,0.00081614,0.00057423,0.00039307,0.00025892,0.0001617
Gram_error_fro,2.0,1,12,2,0.0,0.02571941,0.01366574,0.00940846,0.00715343,0.00564008,0.00451703,0.00364663,0.00295786,0.00240658,0.00196229,0.00160258,0.00131043,0.00107258,0.00087859,0.00072015
Gram_error_fro,4.0,1,12,2,0.0,0.03245452,0.01621731,0.01069158,0.00793895,0.00619726,0.00495426,0.00402052,0.00330305,0.00274453,0.00230522,0.00195615,0.00167576,0.00144797,0.0012607,0.00110489
Gram_error_fro,6.0,1,12,2,0.0,0.06316159,0.03584653,0.02380282,0.01701536,0.0126017,0.00953385,0.0073272,0.00570719,0.00450068,0.00359181,0.0029002,0.00236882,0.00195654,0.00163339,0.00137739
Gram_error_fro,0.0,1,12,2,0.0,0.0,0.0,0.0,0.0,0.0,0.0,0.0,0.0,0.0,0.0,0.0,0.0,0.0,0.0,0.0
Gram_error_fro,6.0,1,12,2,0.0,0.04829183,0.01844049,0.01009294,0.00618277,0.0038115,0.00231916,0.00142929,0.00099517,0.0008729,0.00087952,0.00090075,0.00090162,0.00087911,0.00083857,0.00078627
Gram_error_fro,2.0,1,12,2,0.0,0.02571941,0.01366574,0.00940846,0.00715343,0.00564008,0.00451703,0.00364663,0.00295786,0.00240658,0.00196229,0.00160258,0.00131043,0.00107258,0.00087859,0.00072015
Gram_error_fro,4.0,1,12,2,0.0,0.04741765,0.02736821,0.02076993,0.01720349,0.01470971,0.0127421,0.01110464,0.00970947,0.00850745,0.00746565,0.0065594,0.00576898,0.00507818,0.00447342,0.00394323
Gram_error_fro,0.0,1,12,2,0.0,0.0,0.0,0.0,0.0,0.0,0.0,0.0,0.0,0.0,0.0,0.0,0.0,0.0,0.0,0.0
Gram_error_fro,2.0,1,12,2,0.0,0.01399438,0.00577294,0.00169423,0.00065233,0.00187477,0.0025068,0.00274817,0.00275283,0.00262226,0.00242084,0.00218833,0.00194877,0.00171624,0.00149855,0.00129959
Gram_error_fro,2.0,1,12,2,0.0,0.034287,0.02205126,0.01638539,0.01304017,0.01067814,0.00885729,0.00739387,0.0061939,0.00519972,0.00437104,0.00367758,0.00309565,0.00260633,0.00219431,0.00184703
Gram_error_fro,0.0,1,12,2,0.0,0.0,0.0,0.0,0.0,0.0,0.0,0.0,0.0,0.0,0.0,0.0,0.0,0.0,0.0,0.0
Gram_error_fro,2.0,1,12,2,0.0,0.01399438,0.00577294,0.00169423,0.00065233,0.00187477,0.0025068,0.00274817,0.00275283,0.00262226,0.00242084,0.00218833,0.00194877,0.00171624,0.00149855,0.00129959
Gram_error_fro,2.0,1,12,2,0.0,0.01074291,0.00581117,0.00423437,0.00400153,0.0040789,0.00413007,0.00408507,0.00395445,0.00376433,0.00353817,0.00329348,0.00304245,0.00279335,0.00255163,0.00232078
Gram_error_fro,2.0,1,12,2,0.0,0.07901505,0.03625384,0.02166549,0.01516372,0.01120682,0.00845191,0.00644041,0.00494269,0.00381578,0.00296172,0.00231061,0.00181154,0.00142703,0.0011293,0.00089762
Gram_error_fro,2.0,1,12,2,0.0,0.0333332,0.02731047,0.0223604,0.018186,0.01476969,0.01201787,0.00980755,0.00802689,0.006586,0.00541518,0.00446063,0.00368045,0.00304169,0.0025181,0.00208861
Gram_error_fro,4.0,1,12,2,0.0,0.02815726,0.020763,0.01645974,0.01362228,0.01151153,0.00984101,0.00847337,0.00733162,0.006367,0.00554562,0.00484243,0.00423798,0.00371673,0.00326597,0.00287516
Gram_error_fro,4.0,1,12,2,0.0,0.02417884,0.01551316,0.01334285,0.01338212,0.01371676,0.0137539,0.01345358,0.01290345,0.01219609,0.01140329,0.01057565,0.00974716,0.00893991,0.00816768,0.00743857
Gram_error_fro,4.0,1,12,2,0.0,0.0811213,0.03845822,0.02190741,0.01415657,0.00963875,0.00668921,0.00466541,0.00325183,0.00226875,0.0016059,0.00119114,0.0009661,0.00086784,0.00083444,0.00082299
Gram_error_fro,6.0,1,12,2,0.0,0.0973721,0.06131817,0.05657703,0.05366745,0.05000361,0.04602203,0.04204407,0.03822745,0.03464582,0.03132979,0.02828653,0.02551019,0.02298777,0.02070262,0.01863665
Gram_error_fro,4.0,1,12,2,0.0,0.08847222,0.04651532,0.03010313,0.02139758,0.01579973,0.01192718,0.00917093,0.00718361,0.00573862,0.00467865,0.00389158,0.00329701,0.00283768,0.00247346,0.00217667
Gram_error_fro,4.0,2,12,2,0.0,0.03018154,0.01799014,0.01464568,0.01394531,0.01391496,0.01398718,0.01404506,0.01407738,0.01409231,0.01409857,0.0141021,0.01410625,0.01411257,0.01412145,0.0141327
Gram_error_fro,2.0,1,12,2,0.0,0.03645545,0.02956749,0.02416678,0.01987007,0.01639344,0.01357386,0.01127782,0.00939804,0.00785113,0.00657259,0.00551215,0.00463016,0.00389498,0.0032811,0.00276778
Gram_error_fro,2.0,1,12,2,0.0,0.07744525,0.04528854,0.03281477,0.02571884,0.02070363,0.01685816,0.01380698,0.01134593,0.00934314,0.00770446,0.00635895,0.00525146,0.00433835,0.00358465,0.00296205
Gram_error_fro,0.0,1,12,2,0.0,0.0,0.0,0.0,0.0,0.0,0.0,0.0,0.0,0.0,0.0,0.0,0.0,0.0,0.0,0.0
Gram_error_fro,2.0,1,12,2,0.0,0.07319203,0.07079492,0.06287277,0.05484105,0.047745,0.04170099,0.03658433,0.03223579,0.02851579,0.02531221,0.02253662,0.02011908,0.01800363,0.01614496,0.014506
Gram_error_fro,2.0,1,12,2,0.0,0.08947774,0.08828435,0.08196951,0.07478818,0.06780064,0.0613461,0.05548802,0.05020022,0.04543385,0.04113795,0.03726486,0.03377131,0.03061835,0.02777103,0.02519809
Gram_error_fro,2.0,1,12,2,0.0,0.08202674,0.07040753,0.05816753,0.04781391,0.03935602,0.03255904,0.02714645,0.02286687,0.01950666,0.01688596,0.01485274,0.01327836,0.01205507,0.01109451,0.01032638
Gram_error_fro,2.0,1,12,2,0.0,0.02803952,0.02442409,0.02203884,0.02008677,0.01839889,0.01691908,0.01560861,0.01443627,0.01337739,0.01241295,0.01152839,0.01071263,0.00995722,0.00925561,0.00860265
Gram_error_fro,2.0,1,12,2,0.0,0.1062091,0.06857466,0.05581604,0.04831114,0.04228239,0.03716313,0.03277542,0.0290005,0.02574156,0.02291779,0.02046173,0.01831718,0.01643737,0.01478339,0.01332284
Gram_error_fro,4.0,1,12,2,0.0,0.10383686,0.08132263,0.07346691,0.06859074,0.06386327,0.05906313,0.05431684,0.04974539,0.04542535,0.04139638,0.03767289,0.03425322,0.03112606,0.0282748,0.02568018
Gram_error_fro,2.0,1,12,2,0.0,0.00145012,0.00072659,0.00040509,0.00023983,0.00033922,0.00054251,0.00074309,0.00091898,0.00106487,0.00118064,0.00126829,0.00133072,0.00137108,0.0013925,0.00139791
Gram_error_fro,4.0,1,12,2,0.0,0.1039272,0.07577306,0.06708629,0.06253667,0.05860486,0.05474269,0.05092942,0.04722519,0.04368459,0.04034314,0.03721924,0.03431872,0.03163888,0.02917157,0.02690537
Gram_error_fro,2.0,1,12,2,0.0,0.00664479,0.00380844,0.00257797,0.00172187,0.00118806,0.00095183,0.00093451,0.00101817,0.00112363,0.00121829,0.00129182,0.00134237,0.00137137,0.00138143,0.00137547
Gram_error_fro,4.0,1,12,2,0.0,0.11356228,0.1059948,0.09479125,0.08463009,0.07574992,0.06800264,0.06119332,0.05516096,0.04978471,0.04497332,0.04065533,0.03677255,0.0332761,0.03012405,0.02727992
Gram_error_fro,2.0,1,12,2,0.0,0.00495635,0.00291106,0.00307669,0.0034239,0.00372071,0.00393161,0.00406137,0.00412227,0.00412688,0.00408645,0.00401064,0.00390762,0.00378419,0.00364599,0.00349763
Gram_error_fro,4.0,1,12,2,0.0,0.10210048,0.10074271,0.09095883,0.08083718,0.07179891,0.06396919,0.05719405,0.05129352,0.04611653,0.04154478,0.03748612,0.0338678,0.03063124,0.02772833,0.02511897
Gram_error_fro,4.0,1,12,2,0.0,0.03034485,0.02943226,0.02658246,0.02358602,0.02082616,0.01839739,0.0162873,0.01445465,0.01285691,0.0114577,0.01022744,0.00914224,0.00818256,0.00733219,0.00657741
Gram_error_fro,4.0,1,12,2,0.0,0.09295765,0.09668915,0.09111523,0.08355886,0.07583133,0.06852091,0.06180325,0.05570599,0.05020383,0.04525307,0.04080486,0.03681053,0.03322401,0.0300028,0.02710826
Gram_error_fro,2.0,1,12,2,0.0,0.09631308,0.05897924,0.04852462,0.04465153,0.04171886,0.03887163,0.03604271,0.03327732,0.030623,0.02811247,0.02576387,0.02358418,0.02157271,0.01972385,0.01802907
Gram_error_fro,0.0,1,12,2,0.0,0.0,0.0,0.0,0.0,0.0,0.0,0.0,0.0,0.0,0.0,0.0,0.0,0.0,0.0,0.0
Gram_error_fro,2.0,1,12,2,0.0,0.04036401,0.03050734,0.02644008,0.02341434,0.02078689,0.01846196,0.0164,0.01456827,0.01293874,0.01148787,0.01019567,0.00904485,0.0080202,0.00710825,0.00629695
Gram_error_fro,2.0,1,12,2,0.0,0.03492578,0.02083819,0.01329361,0.00923144,0.00751319,0.0071069,0.00712746,0.00714956,0.00705229,0.00683132,0.00651487,0.00613485,0.00571845,0.00528661,0.00485459
Gram_error_fro,2.0,1,12,2,0.0,0.03741439,0.02374561,0.01844547,0.01541323,0.01319189,0.01138803,0.00986426,0.00855748,0.00743002,0.0064549,0.0056107,0.00487952,0.00424604,0.00369703,0.00322102
Gram_error_fro,2.0,1,12,2,0.0,0.01859123,0.01646521,0.01434371,0.01251613,0.01096578,0.00964465,0.00850657,0.00751704,0.00665106,0.00588987,0.00521881,0.00462598,0.00410151,0.003637,0.00322528
Gram_error_fro,2.0,1,12,2,0.0,0.00773431,0.0030624,0.00116279,0.00170928,0.00253227,0.00307681,0.00339143,0.0035438,0.00358438,0.00354832,0.00346005,0.00333673,0.00319063,0.00303059,0.00286306
Gram_error_fro,2.0,1,12,2,0.0,0.01275137,0.00548295,0.00095796,0.0040538,0.00626152,0.00748592,0.00803317,0.00813224,0.00794432,0.00758017,0.00711488,0.00659881,0.00606539,0.00553645,0.00502588
Gram_error_fro,2.0,1,12,2,0.0,0.06573362,0.04517715,0.03201065,0.02326371,0.01708629,0.01271925,0.00969461,0.00765364,0.0063052,0.0054153,0.00480765,0.00436213,0.00400526,0.00369612,0.00341382
Gram_error_fro,2.0,1,12,2,0.0,0.03215244,0.02538584,0.02278708,0.02101801,0.01936387,0.01771292,0.01608116,0.01450451,0.01301253,0.01162388,0.01034761,0.00918584,0.00813601,0.00719274,0.006349
Gram_error_fro,4.0,1,12,2,0.0,0.05216547,0.03771374,0.0287049,0.02274584,0.01832951,0.01489887,0.0121853,0.01002173,0.00828812,0.00689279,0.00576434,0.00484697,0.00409706,0.00348054,0.00297075
Gram_error_fro,4.0,1,12,2,0.0,0.02455754,0.01379238,0.01214315,0.01134427,0.01061615,0.0098687,0.00909324,0.0083048,0.00752433,0.00677054,0.00605719,0.00539299,0.00478247,0.00422704,0.0037259
Gram_error_fro,4.0,1,12,2,0.0,0.01745591,0.00801582,0.00326939,0.0005048,0.0019876,0.00320058,0.00386168,0.00413819,0.0041608,0.00402314,0.00379001,0.00350535,0.0031984,0.00288823,0.00258693
Gram_error_fro,4.0,1,12,2,0.0,0.0729125,0.04361975,0.03474575,0.0305811,0.02737223,0.02447406,0.02179406,0.01933109,0.01709084,0.01507177,0.01326518,0.01165765,0.01023325,0.0089751,0.00786648
Gram_error_fro,4.0,1,12,2,0.0,0.05881305,0.04648958,0.03961744,0.03426265,0.02979357,0.02598555,0.02270204,0.01985086,0.01736563,0.01519511,0.01329754,0.01163773,0.0101855,0.00891469,0.00780254
Gram_error_fro,2.0,1,12,2,0.0,0.02268325,0.01825277,0.01598853,0.01408171,0.0123825,0.01088757,0.00958262,0.00844462,0.00745041,0.00657969,0.00581538,0.0051432,0.0045511,0.00402888,0.00356778
Gram_error_fro,4.0,1,12,2,0.0,0.01769527,0.00771738,0.00592139,0.00587877,0.00590489,0.00583677,0.00566909,0.00541904,0.00511005,0.00476497,0.00440294,0.00403861,0.00368245,0.0033415,0.00302015
Gram_error_fro,0.0,1,12,1,0.0,0.0,0.0,0.0,0.0,0.0,0.0,0.0,0.0,0.0,0.0,0.0,0.0,0.0,0.0,0.0
Gram_error_fro,2.0,1,12,1,0.0,0.0,0.0,6.484e-05,0.00050995,0.00108787,0.00163837,0.00209187,0.00243009,0.00265878,0.00279327,0.00285133,0.00284994,0.00280391,0.00272552,0.0026246
Gram_error_fro,2.0,1,12,1,0.0,0.00549178,0.00274572,0.00094766,0.00048449,0.00160218,0.00241122,0.00295093,0.00327533,0.003437,0.00348047,0.00344094,0.00334511,0.00321272,0.00305807,0.00289138
Gram_error_fro,2.0,1,12,1,0.0,0.05743622,0.06225725,0.05629987,0.04891749,0.04195516,0.03582801,0.03057032,0.02610537,0.02232943,0.01913974,0.01644373,0.01416143,0.01222517,0.01057837,0.00917401
Gram_error_fro,2.0,1,12,1,0.0,0.0,0.0,0.00012959,0.00017269,8.957e-05,8.427e-05,0.00029696,0.00050766,0.00069226,0.00084025,0.00094982,0.0010239,0.00106747,0.00108604,0.00108487
Gram_error_fro,2.0,1,12,1,0.0,0.01690051,0.01060512,0.00725254,0.00492959,0.00319109,0.00191396,0.00099938,0.00035668,8.821e-05,0.0003912,0.00059285,0.00072214,0.0007997,0.00084027,0.00085445
Gram_error_fro,2.0,1,12,1,0.0,0.08304989,0.10863063,0.1085323,0.10344695,0.09734158,0.09111836,0.08503693,0.0791921,0.07362658,0.06836173,0.06340723,0.0587648,0.05443027,0.05039505,0.04664736
Gram_error_fro,2.0,1,12,1,0.0,0.0,0.0,0.00019435,0.00038001,0.00055631,0.00071034,0.00083017,0.00091215,0.00095915,0.0009771,0.00097257,0.00095157,0.00091907,0.000879,0.00083433
Gram_error_fro,2.0,1,12,1,0.0,0.07229592,0.06928391,0.06224076,0.05478266,0.04785711,0.0417301,0.03641107,0.03182469,0.02787605,0.02447348,0.02153549,0.01899207,0.01678399,0.01486149,0.01318283
Gram_error_fro,2.0,1,12,1,0.0,0.00549178,0.00274572,0.00106357,0.00026536,0.0012876,0.00201833,0.00250382,0.00279813,0.00294977,0.00299811,0.00297357,0.00289907,0.00279157,0.00266341,0.00252353
Gram_error_fro,2.0,1,12,1,0.0,0.05743622,0.06225725,0.05629987,0.04891749,0.04195516,0.03582801,0.03057032,0.02610537,0.02232943,0.01913974,0.01644373,0.01416143,0.01222517,0.01057837,0.00917401
Gram_error_fro,2.0,1,12,1,0.0,0.08304989,0.10863063,0.1085323,0.10344695,0.09734158,0.09111836,0.08503693,0.0791921,0.07362658,0.06836173,0.06340723,0.0587648,0.05443027,0.05039505,0.04664736
Gram_error_fro,4.0,1,12,1,0.0,0.03493622,0.01829788,0.01343747,0.01063404,0.00839078,0.00650921,0.00495272,0.00368897,0.00267809,0.00187859,0.00125195,0.00076471,0.00038885,0.00010147,0.00011591
Gram_error_fro,4.0,1,12,1,0.0,0.03443878,0.02198181,0.01573402,0.01168581,0.0087237,0.00653027,0.00491093,0.00371252,0.00281868,0.00214521,0.00163254,0.00123873,0.000934,0.00069689,0.0005117
Gram_error_fro,4.0,1,12,1,0.0,0.06079349,0.06363366,0.0583936,0.05175002,0.04532571,0.03955181,0.03449748,0.03011722,0.02633415,0.0230685,0.02024688,0.01780488,0.01568707,0.01384627,0.01224248
Gram_error_fro,4.0,1,12,1,0.0,0.0,0.0,0.00322553,0.00576768,0.00737019,0.00820966,0.00851059,0.0084599,0.0081925,0.0077995,0.00734043,0.00685341,0.00636246,0.00588239,0.00542201
Gram_error_fro,0.0,1,12,2,0.0,0.0,0.0,0.0,0.0,0.0,0.0,0.0,0.0,0.0,0.0,0.0,0.0,0.0,0.0,0.0
Gram_error_fro,2.0,1,12,2,0.0,0.02455143,0.01449752,0.011649,0.00965995,0.00797203,0.00655879,0.00539473,0.00444415,0.00367059,0.00304122,0.00252823,0.00210882,0.00176461,0.00148098,0.00124631
Gram_error_fro,2.0,1,12,2,0.0,0.0231264,0.01409946,0.01149985,0.0095049,0.00777457,0.00632985,0.00515009,0.00419621,0.00342806,0.00281005,0.00231235,0.00191065,0.00158545,0.00132121,0.00110566
Gram_error_fro,2.0,1,12,2,0.0,0.05853172,0.03780021,0.03046717,0.02508102,0.02065888,0.01705241,0.01413161,0.01176974,0.00985558,0.00829702,0.00702008,0.00596651,0.00509093,0.00435815,0.00374088
Gram_error_fro,2.0,1,12,2,0.0,0.07253953,0.04920287,0.03996345,0.0330928,0.02746931,0.02286374,0.0191063,0.01604191,0.01353561,0.01147538,0.0097711,0.00835165,0.00716143,0.0061571,0.00530484
Gram_error_fro,2.0,1,12,2,0.0,0.01418414,0.01090372,0.00785198,0.00571014,0.0041945,0.00309936,0.00229738,0.00170517,0.00126552,0.00093817,0.00069446,0.00051394,0.00038205,0.00028844,0.00022551
Gram_error_fro,0.0,1,12,2,0.0,0.02408571,0.01546261,0.01243741,0.01041562,0.0087436,0.0073437,0.00617775,0.00520808,0.00440046,0.00372595,0.00316085,0.00268596,0.00228572,0.00194753,0.00166111
Gram_error_fro,2.0,1,12,2,0.0,0.06363639,0.06123363,0.05217988,0.0434186,0.03594944,0.02978432,0.02474338,0.02062633,0.01725548,0.01448422,0.012195,0.01029475,0.00871005,0.00738293,0.0062674
Gram_error_fro,2.0,1,12,2,0.0,0.02031925,0.01485395,0.01295458,0.01182598,0.01069007,0.0095374,0.008435,0.00742162,0.00651128,0.00570429,0.00499428,0.00437212,0.00382794,0.00335224,0.0029363
Gram_error_fro,2.0,1,12,2,0.0,0.06363639,0.06123363,0.05217988,0.0434186,0.03594944,0.02978432,0.02474338,0.02062633,0.01725548,0.01448422,0.012195,0.01029475,0.00871005,0.00738293,0.0062674
Gram_error_fro,2.0,1,12,2,0.0,0.06878435,0.06392075,0.05299903,0.04270069,0.03417761,0.02739783,0.02207165,0.01789252,0.01460015,0.01198948,0.00990372,0.0082243,0.00686178,0.00574846,0.00483283
Gram_error_fro,2.0,1,12,2,0.0,0.07550339,0.06764111,0.05488167,0.04378344,0.03484181,0.02779831,0.02228952,0.01797965,0.01459334,0.01191601,0.00978416,0.00807421,0.00669289,0.00556955,0.00465038
Gram_error_fro,4.0,1,12,2,0.0,0.03895652,0.0286192,0.02107461,0.01531501,0.01109205,0.00815206,0.00620296,0.00496385,0.00419031,0.00369241,0.00334271,0.00306742,0.00282885,0.00260973,0.00240313
Gram_error_fro,2.0,1,12,2,0.0,0.0710901,0.06804394,0.05974302,0.05105594,0.04305905,0.03612413,0.03027995,0.02541498,0.02138027,0.0180321,0.01524611,0.01291964,0.01096961,0.00932929,0.00794509
Gram_error_fro,2.0,1,12,2,0.0,0.06745829,0.06471938,0.0563086,0.0477832,0.0401613,0.03366092,0.02822968,0.02372675,0.01999793,0.01690359,0.01432634,0.01217073,0.01036018,0.00883356,0.00754195
Gram_error_fro,4.0,1,12,2,0.0,0.03895652,0.02758099,0.02205869,0.0183531,0.01540845,0.01298698,0.0109855,0.00932674,0.00794694,0.00679412,0.00582639,0.00501021,0.0043187,0.00373033,0.00322775
Gram_error_fro,0.0,1,12,2,0.0,0.0,0.0,0.0,0.0,0.0,0.0,0.0,0.0,0.0,0.0,0.0,0.0,0.0,0.0,0.0
Gram_error_fro,0.0,1,12,2,0.0,0.0,0.0,0.0,0.0,0.0,0.0,0.0,0.0,0.0,0.0,0.0,0.0,0.0,0.0,0.0
Gram_error_fro,2.0,1,12,2,0.0,0.00526006,0.00230733,0.00142554,0.00111295,0.00103351,0.0010576,0.00108656,0.00108357,0.00104693,0.00098562,0.00090948,0.00082643,0.00074212,0.00066027,0.00058316
Gram_error_fro,2.0,1,12,2,0.0,0.07329539,0.06148977,0.05000669,0.0409391,0.03368016,0.02786172,0.02319169,0.01942287,0.01635724,0.01384237,0.01176265,0.0100304,0.00857853,0.00735517,0.00631965
Gram_error_fro,0.0,1,12,2,0.0,0.0419824,0.02533538,0.01711291,0.01240296,0.00932822,0.00717665,0.00560604,0.00442774,0.00352718,0.00282952,0.00228332,0.001852,0.0015089,0.00123427,0.00101326
Gram_error_fro,2.0,1,12,2,0.0,0.02652496,0.02643193,0.02281758,0.01909314,0.01585376,0.01315493,0.01093576,0.00911549,0.00761951,0.00638549,0.00536322,0.00451287,0.00380284,0.00320805,0.00270844
Gram_error_fro,4.0,1,12,2,0.0,0.03247846,0.02041128,0.01507239,0.01148338,0.00887255,0.00694314,0.00549708,0.00439686,0.00354789,0.00288465,0.00236095,0.00194358,0.00160823,0.00133682,0.0011157
Gram_error_fro,2.0,1,12,2,0.0,0.05165565,0.0222907,0.01384665,0.0102212,0.00798797,0.00638135,0.00515927,0.0042082,0.00345778,0.00285881,0.00237556,0.00198175,0.001658,0.00138985,0.00116641
Gram_error_fro,0.0,1,12,2,0.0,0.0,0.0,0.0,0.0,0.0,0.0,0.0,0.0,0.0,0.0,0.0,0.0,0.0,0.0,0.0
Gram_error_fro,4.0,1,12,2,0.0,0.06143455,0.05297777,0.04334034,0.03517203,0.02855969,0.02329226,0.01910686,0.01576641,0.01308081,0.01090449,0.00912754,0.00766688,0.00645916,0.00545556,0.00461801
Gram_error_fro,2.0,1,12,2,0.0,0.03571567,0.02257705,0.01735699,0.01410111,0.01172411,0.00987399,0.00838266,0.00715453,0.00612902,0.00526452,0.00453082,0.00390506,0.00336938,0.00290958,0.00251409
Gram_error_fro,0.0,1,12,2,0.0,0.0,0.0,0.0,0.0,0.0,0.0,0.0,0.0,0.0,0.0,0.0,0.0,0.0,0.0,0.0
Gram_error_fro,2.0,1,12,2,0.0,0.07458611,0.0682287,0.05971156,0.05156267,0.04437474,0.03823476,0.03304604,0.02866295,0.02494591,0.02177708,0.0190612,0.01672208,0.01469867,0.01294168,0.011411
Gram_error_fro,2.0,1,12,2,0.0,0.0679458,0.03253377,0.02131929,0.01608045,0.01276591,0.01035258,0.00848126,0.00698687,0.00577576,0.00478619,0.00397362,0.00330418,0.00275136,0.00229403,0.00191517
Gram_error_fro,4.0,1,12,2,0.0,0.027121,0.01958168,0.0158158,0.01330503,0.0113697,0.00978801,0.00846207,0.00733586,0.0063711,0.00553947,0.00481926,0.00419348,0.00364853,0.00317333,0.00275864
Gram_error_fro,2.0,1,12,2,0.0,0.03661933,0.02417182,0.01766755,0.01365705,0.01083325,0.00872739,0.00710675,0.00583336,0.00481776,0.00399856,0.00333192,0.00278562,0.00233537,0.00196256,0.00165269
Gram_error_fro,0.0,1,12,2,0.0,0.0,0.0,0.0,0.0,0.0,0.0,0.0,0.0,0.0,0.0,0.0,0.0,0.0,0.0,0.0
Gram_error_fro,2.0,1,12,2,0.0,0.03203479,0.02903,0.02539175,0.02214453,0.01929014,0.0167819,0.01458236,0.0126593,0.0109822,0.00952204,0.00825197,0.00714782,0.00618821,0.00535443,0.00463019
Gram_error_fro,0.0,1,12,2,0.0,0.0,0.0,0.0,0.0,0.0,0.0,0.0,0.0,0.0,0.0,0.0,0.0,0.0,0.0,0.0
Gram_error_fro,2.0,1,12,2,0.0,0.03573885,0.0277163,0.02176809,0.01714634,0.01351843,0.0106823,0.00846488,0.00672525,0.00535448,0.00426992,0.00340888,0.00272343,0.00217668,0.00173992,0.00139069
Gram_error_fro,2.0,1,12,2,0.0,0.053593,0.03546816,0.02559664,0.01925705,0.01481422,0.01162797,0.0093181,0.00761856,0.00634214,0.00535997,0.00458485,0.00395817,0.00344051,0.00300516,0.00263374
Gram_error_fro,2.0,1,12,2,0.0,0.05307493,0.03171289,0.02089309,0.01452656,0.01032346,0.00743214,0.00540649,0.00396836,0.00293511,0.00218473,0.00163466,0.00122823,0.00092594,0.0006999,0.00053014
Gram_error_fro,2.0,1,12,2,0.0,0.053593,0.03546816,0.02559664,0.01925705,0.01481422,0.01162797,0.0093181,0.00761856,0.00634214,0.00535997,0.00458485,0.00395817,0.00344051,0.00300516,0.00263374
Gram_error_fro,0.0,1,12,2,0.0,0.0,0.0,0.0,0.0,0.0,0.0,0.0,0.0,0.0,0.0,0.0,0.0,0.0,0.0,0.0
Gram_error_fro,2.0,1,12,2,0.0,0.00685916,0.00318309,0.0023367,0.00194516,0.00171171,0.00157069,0.00148724,0.00143341,0.00138938,0.00134381,0.00129175,0.00123207,0.00116567,0.00109428,0.00101985
Gram_error_fro,4.0,2,12,2,0.0,0.01240995,0.00593004,0.00561036,0.00645301,0.00751389,0.0085422,0.00946538,0.01026783,0.01095377,0.01153425,0.0120222,0.01243037,0.01277051,0.01305304,0.01328705
Gram_error_fro,2.0,1,12,2,0.0,0.02170357,0.0161904,0.01221566,0.00920742,0.00693093,0.00523048,0.00396689,0.0030261,0.00232159,0.00179022,0.00138653,0.00107779,0.00084029,0.00065669,0.00051417
Gram_error_fro,4.0,1,12,2,0.0,0.06459517,0.0362594,0.02395463,0.01687753,0.01211261,0.00875072,0.00634444,0.00460899,0.00334931,0.00242975,0.00175538,0.00125932,0.00089394,0.00062503,0.00042776
Gram_error_fro,4.0,1,12,2,0.0,0.03222329,0.02028323,0.0135301,0.00936813,0.00661383,0.00474234,0.00344927,0.00254217,0.00189676,0.00143156,0.00109225,0.00084201,0.00065549,0.00051499,0.00040803
Gram_error_fro,4.0,1,12,2,0.0,0.065549,0.02731551,0.01596046,0.01092248,0.00784385,0.00575727,0.00430848,0.00330231,0.00260789,0.00213007,0.00179804,0.00156023,0.00138111,0.00123782,0.00111663
Gram_error_fro,2.0,1,12,2,0.0,0.05566357,0.0384306,0.02899965,0.02262777,0.01791085,0.01432561,0.01156533,0.0094196,0.00773757,0.00640876,0.00535109,0.00450285,0.00381723,0.00325853,0.00279938
Gram_error_fro,4.0,1,12,2,0.0,0.065549,0.02731551,0.01596046,0.01092248,0.00784385,0.00575727,0.00430848,0.00330231,0.00260789,0.00213007,0.00179804,0.00156023,0.00138111,0.00123782,0.00111663
Gram_error_fro,0.0,1,12,2,0.0,0.0,0.0,0.0,0.0,0.0,0.0,0.0,0.0,0.0,0.0,0.0,0.0,0.0,0.0,0.0
Gram_error_fro,2.0,1,12,2,0.0,0.0442357,0.02645691,0.01764149,0.01239536,0.00885215,0.00635344,0.00456588,0.00327958,0.00235094,0.00167904,0.00119231,0.00083971,0.0005846,0.00040054,0.00026836
Gram_error_fro,2.0,1,12,2,0.0,0.01769719,0.00738227,0.0040306,0.00270051,0.00215631,0.0019115,0.00176137,0.00163204,0.0015027,0.00137084,0.00123921,0.00111123,0.00098967,0.00087637,0.00077236
Gram_error_fro,0.0,1,12,2,0.0,0.0,0.0,0.0,0.0,0.0,0.0,0.0,0.0,0.0,0.0,0.0,0.0,0.0,0.0,0.0
Gram_error_fro,2.0,1,12,2,0.0,0.04148061,0.02550889,0.01811095,0.01386748,0.01096494,0.00880781,0.00713913,0.00582066,0.00476582,0.00391496,0.00322453,0.00266168,0.00220109,0.001823,0.0015118
Gram_error_fro,2.0,1,12,2,0.0,0.04148061,0.02550889,0.01811095,0.01386748,0.01096494,0.00880781,0.00713913,0.00582066,0.00476582,0.00391496,0.00322453,0.00266168,0.00220109,0.001823,0.0015118
Gram_error_fro,2.0,1,12,2,0.0,0.02290843,0.01433258,0.01083869,0.00861585,0.00706745,0.00592038,0.00502952,0.00431418,0.0037265,0.00323594,0.00282167,0.00246878,0.00216611,0.00190507,0.0016789
Gram_error_fro,2.0,1,12,2,0.0,0.02821114,0.01458307,0.01045409,0.00830258,0.00682418,0.0056944,0.00479081,0.00405173,0.00343952,0.00292832,0.00249908,0.00213713,0.00183092,0.00157114,0.00135022
Gram_error_fro,2.0,1,12,2,0.0,0.02499152,0.01374382,0.00985732,0.00773918,0.00628591,0.00519291,0.00433342,0.00364054,0.00307338,0.0026044,0.00221381,0.0018867,0.00161155,0.00137927,0.00118254
Gram_error_fro,2.0,1,12,2,0.0,0.04518822,0.02268434,0.0153905,0.01171252,0.00933091,0.00760531,0.00628428,0.00524165,0.00440284,0.0037189,0.00315555,0.00268773,0.0022966,0.00196772,0.00168984
Gram_error_fro,2.0,1,12,2,0.0,0.03363982,0.02203609,0.01665192,0.01340055,0.01102326,0.0091424,0.00761059,0.00634979,0.00530737,0.00444318,0.00372512,0.00312722,0.00262836,0.00221132,0.00186209
Gram_error_fro,4.0,1,12,2,0.0,0.05717137,0.03018207,0.02071695,0.01565179,0.01232501,0.00990708,0.0080555,0.00659836,0.00543391,0.00449432,0.00373101,0.00310766,0.00259641,0.00217555,0.00182797
Gram_error_fro,4.0,1,12,2,0.0,0.03717475,0.01862887,0.01180938,0.00844804,0.0064757,0.00519759,0.00431153,0.00366106,0.0031578,0.00275044,0.00240901,0.00211586,0.00186031,0.00163557,0.0014371
Gram_error_fro,2.0,1,12,2,0.0,0.04615936,0.02299609,0.0158892,0.01238752,0.01008249,0.00836703,0.00702176,0.00593843,0.00505141,0.00431632,0.00370142,0.00318326,0.00274402,0.00236994,0.00205014
Gram_error_fro,4.0,1,12,2,0.0,0.0443837,0.01263355,0.00542353,0.00346672,0.0029315,0.00274585,0.00260009,0.00243128,0.00223896,0.00203453,0.00182887,0.00162995,0.00144287,0.00127046,0.00111397
Gram_error_fro,2.0,1,12,2,0.0,0.02163114,0.00849815,0.00507367,0.00368281,0.00290401,0.00238277,0.00200535,0.00171958,0.00149463,0.00131098,0.00115629,0.00102284,0.00090585,0.00080226,0.00071004
Gram_error_fro,0.0,1,12,2,0.0,0.0,0.0,0.0,0.0,0.0,0.0,0.0,0.0,0.0,0.0,0.0,0.0,0.0,0.0,0.0
Gram_error_fro,2.0,1,12,2,0.0,0.02857448,0.02080992,0.01646912,0.01360096,0.01150807,0.00985944,0.0084997,0.00735083,0.00636817,0.00552219,0.00479116,0.00415799,0.00360869,0.00313165,0.00271704
Gram_error_fro,2.0,2,12,2,0.0,0.00655164,0.00249912,0.00357545,0.00524224,0.00666981,0.00779865,0.00869816,0.00943309,0.01004744,0.01056976,0.01101909,0.0114088,0.01174875,0.01204652,0.01230816
Gram_error_fro,0.0,1,12,2,0.0,0.03318536,0.01767486,0.01163778,0.00829045,0.0060461,0.0044433,0.00326949,0.00239836,0.00174671,0.00125703,0.00088841,0.0006111,0.0004031,0.00024792,0.00013307
Gram_error_fro,2.0,1,12,2,0.0,0.02968846,0.01536803,0.00978276,0.00668509,0.0046507,0.00325029,0.00228166,0.00162237,0.00118923,0.00092006,0.00076296,0.00067361,0.00061895,0.00057897,0.00054377
Gram_error_fro,2.0,1,12,2,0.0,0.02857448,0.0146673,0.00973318,0.00715734,0.00538077,0.00402639,0.00296921,0.0021451,0.00150812,0.00102126,0.00065486,0.00038711,0.00020959,0.00014403,0.00017867
Gram_error_fro,4.0,1,12,2,0.0,0.04055476,0.01522285,0.0090521,0.00763276,0.00697928,0.00642076,0.00586491,0.00531259,0.00477779,0.00427244,0.00380404,0.00337618,0.00298956,0.00264302,0.00233424
Gram_error_fro,4.0,1,12,2,0.0,0.08316389,0.06273791,0.05053689,0.04218947,0.03576072,0.03059258,0.02636435,0.02286696,0.01994662,0.01748609,0.01539522,0.01360437,0.01205948,0.01071826,0.00954736
Gram_error_fro,4.0,1,12,2,0.0,0.0390876,0.02472824,0.01682885,0.01173995,0.00819574,0.00567301,0.00387818,0.00262226,0.00178037,0.0012703,0.00102245,0.00094497,0.00094143,0.00095229,0.00095385
Gram_error_fro,2.0,1,12,2,0.0,0.0458404,0.01563919,0.00918257,0.00639038,0.00462624,0.00338656,0.00248295,0.00181333,0.00131293,0.00093759,0.00065601,0.00044534,0.0002886,0.00017297,8.871e-05
Gram_error_fro,2.0,1,12,2,0.0,0.03318536,0.01767486,0.01284687,0.01079734,0.00973788,0.00910355,0.00866375,0.00831337,0.00800166,0.00770396,0.007409,0.00711248,0.00681374,0.00651387,0.00621466
Gram_error_fro,2.0,1,12,2,0.0,0.00802834,0.00810393,0.00719401,0.00620434,0.00539584,0.00474922,0.00421526,0.00375942,0.00336145,0.00300947,0.002696,0.00241579,0.00216487,0.00193997,0.0017383
Gram_error_fro,4.0,1,12,2,0.0,0.04772447,0.03526974,0.02701475,0.02096703,0.01632596,0.01272725,0.00993072,0.00775506,0.00605988,0.00473665,0.00370184,0.0028913,0.00225567,0.00175691,0.00136559
Gram_error_fro,4.0,1,12,2,0.0,0.07304033,0.04130784,0.02903041,0.02235325,0.0177466,0.01424495,0.01148307,0.00927265,0.00749226,0.00605358,0.00488876,0.0039445,0.0031785,0.00255701,0.00205296
Gram_error_fro,2.0,1,12,2,0.0,0.04264914,0.00913395,0.00260297,0.00202562,0.00194533,0.00182502,0.00167279,0.0015095,0.0013475,0.00119327,0.00104992,0.00091873,0.00080003,0.00069356,0.00059881
Gram_error_fro,4.0,1,12,2,0.0,0.07515022,0.05557066,0.04618854,0.04001613,0.03517243,0.03110367,0.02759841,0.02454652,0.02187347,0.01952179,0.01744516,0.01560563,0.01397184,0.0125176,0.01122091
Gram_error_fro,0.0,1,12,5,0.0,0.0,0.0,0.0,0.0,0.0,0.0,0.0,0.0,0.0,0.0,0.0,0.0,0.0,0.0,0.0
Gram_error_fro,2.0,1,12,5,0.0,0.06647731,0.04167123,0.02159239,0.01086392,0.00590157,0.00389484,0.00312508,0.0027467,0.00247488,0.00223676,0.00201594,0.00180927,0.00161666,0.00143859,0.00127541
Gram_error_fro,2.0,1,12,5,0.0,0.04320651,0.02746879,0.01947488,0.01566886,0.01341784,0.01174614,0.01035615,0.00915509,0.00810422,0.0071797,0.00636359,0.00564161,0.00500203,0.00443507,0.00393235
Gram_error_fro,2.0,1,12,5,0.0,0.07663503,0.06713326,0.05543703,0.04718732,0.04125376,0.03663586,0.03282828,0.02958187,0.02676013,0.02427798,0.02207653,0.02011209,0.01835078,0.01676553,0.01533421
Gram_error_fro,2.0,1,12,5,0.0,0.04411278,0.03460506,0.02622696,0.02116125,0.01779386,0.0152344,0.01314906,0.01140874,0.00994616,0.00871305,0.00766955,0.00678206,0.00602263,0.00536844,0.00480105
Gram_error_fro,2.0,1,12,5,0.0,0.09253175,0.0733939,0.05375585,0.03956299,0.02958209,0.02258333,0.0176725,0.01419675,0.01168702,0.00981983,0.00838173,0.00723637,0.00629784,0.00551161,0.00484219
Gram_error_fro,2.0,1,12,5,0.0,0.06611707,0.06304801,0.05340926,0.0434962,0.03493499,0.02804329,0.02266436,0.01850893,0.01529219,0.01277845,0.01078718,0.0091854,0.00787704,0.00679313,0.00588399
Gram_error_fro,2.0,1,12,5,0.0,0.04548424,0.0409457,0.03438105,0.02944083,0.02556846,0.02230495,0.01947661,0.01701211,0.01486533,0.01299653,0.01136972,0.00995281,0.00871767,0.00763996,0.00669869
Gram_error_fro,4.0,1,12,5,0.0,0.07350993,0.05763642,0.04443393,0.03657917,0.03138602,0.02738294,0.02401249,0.0210762,0.01849308,0.01621786,0.01421606,0.01245731,0.01091383,0.0095603,0.00837391
Gram_error_fro,4.0,1,12,5,0.0,0.07511889,0.07316911,0.06445646,0.05563193,0.04789389,0.04138708,0.03597573,0.03146189,0.02766177,0.02442728,0.02164574,0.01923286,0.01712524,0.01527433,0.0136421
Gram_error_fro,2.0,1,12,5,0.0,0.11634683,0.07656588,0.04637213,0.02887887,0.01920645,0.01382845,0.01069944,0.00872535,0.00735647,0.00632619,0.00550412,0.00482316,0.00424585,0.00374923,0.00331793
Gram_error_fro,4.0,1,12,5,0.0,0.09546822,0.06972425,0.04924979,0.03688958,0.0291589,0.0238212,0.01981319,0.01664748,0.01407868,0.01196321,0.01020504,0.00873414,0.00749694,0.00645148,0.0055644
Gram_error_fro,4.0,1,12,5,0.0,0.0967807,0.07436191,0.05512695,0.04200483,0.03301394,0.02670215,0.02213742,0.01871477,0.01604676,0.01389154,0.0121003,0.01058074,0.0092738,0.00813975,0.00715022
Gram_error_fro,2.0,1,12,5,0.0,0.10061086,0.08700815,0.07088344,0.05827544,0.04829665,0.04018675,0.03354081,0.02808931,0.02361493,0.01993467,0.01689651,0.01437679,0.01227641,0.01051657,0.00903471
Gram_error_fro,4.0,1,12,5,0.0,0.10565887,0.09221023,0.07287618,0.05736686,0.04562901,0.03685297,0.03030722,0.02539254,0.02164425,0.01872107,0.01638308,0.01446646,0.01286071,0.01149113,0.01030644
Gram_error_fro,4.0,1,12,5,0.0,0.08912653,0.06033554,0.0424028,0.03338702,0.02811474,0.02433605,0.02127563,0.0186663,0.01639931,0.01441652,0.01267802,0.01115221,0.00981234,0.00863529,0.00760084
Gram_error_fro,0.0,1,12,4,0.0,0.0,0.0,0.0,0.0,0.0,0.0,0.0,0.0,0.0,0.0,0.0,0.0,0.0,0.0,0.0
Gram_error_fro,2.0,1,12,4,0.0,0.05687494,0.03206109,0.01958963,0.01336657,0.009813,0.0075732,0.00605618,0.00496223,0.00412996,0.00347047,0.00293319,0.00248768,0.00211426,0.00179921,0.00153234
Gram_error_fro,2.0,1,12,4,0.0,0.03763889,0.01515927,0.00614676,0.00443751,0.00478632,0.00495354,0.00480693,0.00448381,0.0040876,0.00367623,0.00327879,0.00290862,0.0025708,0.00226632,0.0019941
Gram_error_fro,2.0,1,12,4,0.0,0.03566516,0.02721392,0.02030942,0.01521066,0.01143437,0.00863323,0.00655322,0.00500612,0.00385253,0.00298935,0.00234048,0.00184979,0.00147599,0.00118878,0.00096597
Gram_error_fro,2.0,1,12,4,0.0,0.05623974,0.03754775,0.02401671,0.01560121,0.01041143,0.00710468,0.00491585,0.00342482,0.00239144,0.001669,0.0011623,0.00080692,0.00055818,0.00038464,0.00026411
Gram_error_fro,2.0,1,12,4,0.0,0.05221741,0.03814433,0.02507908,0.01585479,0.00980494,0.00595717,0.00356025,0.0021063,0.0012689,0.00083675,0.00064895,0.00057098,0.00052317,0.00047716,0.00042792
Gram_error_fro,2.0,1,12,4,0.0,0.05796112,0.03438839,0.02109376,0.01442884,0.01106465,0.00912389,0.00777547,0.00670804,0.00580984,0.00503675,0.00436667,0.003785,0.00328019,0.00284234,0.0024628
Gram_error_fro,4.0,2,12,4,0.0,0.02153518,0.02087936,0.0209991,0.02133927,0.02177964,0.02221763,0.02259977,0.02291011,0.02315231,0.02333725,0.02347687,0.02358172,0.02366038,0.02371949,0.02376406
Gram_error_fro,2.0,1,12,4,0.0,0.06148983,0.02744663,0.01173745,0.00571557,0.00444913,0.00441051,0.00429798,0.00401453,0.00363923,0.00323602,0.00284147,0.00247386,0.00214098,0.00184488,0.00158462
Gram_error_fro,2.0,1,12,4,0.0,0.06639626,0.06853541,0.06226172,0.05427725,0.0465603,0.03972136,0.03387028,0.02893424,0.02478647,0.02129741,0.01835257,0.01585658,0.01373187,0.01191589,0.01035813
Gram_error_fro,4.0,1,12,4,0.0,0.05352447,0.02698463,0.01765452,0.01482393,0.01327634,0.01190129,0.010578,0.00932997,0.00818299,0.00714909,0.00622943,0.00541864,0.00470803,0.00408761,0.00354728
Gram_error_fro,4.0,2,12,4,0.0,0.05627313,0.03975634,0.03223635,0.02991475,0.02876119,0.02783362,0.02702865,0.0263511,0.02579887,0.02535903,0.02501435,0.02474743,0.02454255,0.02438636,0.02426793
Gram_error_fro,2.0,1,12,4,0.0,0.02325783,0.01904411,0.01494832,0.01201867,0.00993964,0.00836964,0.00711448,0.00607546,0.00519974,0.00445517,0.00381946,0.00327562,0.00280996,0.0024111,0.00206941
Gram_error_fro,4.0,1,12,4,0.0,0.05154482,0.03267898,0.02092598,0.0146477,0.0112828,0.00929815,0.00794104,0.00689094,0.0060188,0.00527059,0.00462027,0.0040524,0.00355579,0.00312133,0.00274116
Gram_error_fro,4.0,1,12,4,0.0,0.07914691,0.05989406,0.04648687,0.03780405,0.03147545,0.02649103,0.02241727,0.01902921,0.01618635,0.01378909,0.0117613,0.01004225,0.00858239,0.00734083,0.00628354
Gram_error_fro,6.0,1,12,4,0.0,0.09047829,0.05741063,0.03716932,0.02578275,0.01891219,0.01433825,0.01106495,0.00862445,0.00676419,0.00532768,0.00420881,0.00333196,0.00264167,0.00209644,0.00166476
Gram_error_fro,0.0,1,12,2,0.0,0.0,0.0,0.0,0.0,0.0,0.0,0.0,0.0,0.0,0.0,0.0,0.0,0.0,0.0,0.0
Gram_error_fro,2.0,1,12,2,0.0,0.02590885,0.02022867,0.01779428,0.01592761,0.0143124,0.01288113,0.01161309,0.01049344,0.00950623,0.00863489,0.0078635,0.00717774,0.00656518,0.00601534,0.00551949
Gram_error_fro,2.0,1,12,2,0.0,0.00053817,0.00022506,0.00018249,0.00016364,0.00015064,0.0001394,0.00012892,0.000119,0.00010963,0.0001008,9.254e-05,8.484e-05,7.769e-05,7.109e-05,6.5e-05
Gram_error_fro,0.0,1,12,2,0.0,0.0,0.0,0.0,0.0,0.0,0.0,0.0,0.0,0.0,0.0,0.0,0.0,0.0,0.0,0.0
Gram_error_fro,2.0,1,12,2,0.0,0.02649721,0.02051811,0.01791547,0.0159241,0.01422926,0.01275194,0.01145965,0.01032938,0.00934006,0.00847191,0.00770702,0.00702976,0.00642687,0.00588727,0.00540184
Gram_error_fro,2.0,1,12,2,0.0,0.02334321,0.01877976,0.01618678,0.01403353,0.0121844,0.01060047,0.00924803,0.00809412,0.00710849,0.00626457,0.00553963,0.00491452,0.00437325,0.00390253,0.00349139
Gram_error_fro,2.0,1,12,2,0.0,0.07660614,0.07770736,0.07084509,0.06301254,0.05560667,0.04897206,0.04313627,0.03803275,0.03357502,0.02967946,0.02627116,0.0232847,0.02066348,0.01835875,0.01632863
Gram_error_fro,2.0,1,12,2,0.0,0.12324153,0.11664293,0.103428,0.09064509,0.07911224,0.0689538,0.06009783,0.05241299,0.04575746,0.03999629,0.03500731,0.03068278,0.0269291,0.02366579,0.02082399
Gram_error_fro,4.0,1,12,2,0.0,0.02153268,0.01794388,0.01579964,0.01397289,0.01234623,0.01090863,0.00965311,0.00856557,0.00762733,0.00681847,0.00611991,0.00551449,0.00498733,0.00452584,0.00411952
Gram_error_fro,2.0,1,12,2,0.0,0.06362692,0.0696364,0.06642893,0.06096275,0.05508054,0.04938598,0.0440909,0.03926522,0.03491878,0.03103276,0.02757444,0.02450529,0.02178557,0.01937693,0.01724376
Gram_error_fro,2.0,1,12,2,0.0,0.06362692,0.0696364,0.06642893,0.06096275,0.05508054,0.04938598,0.0440909,0.03926522,0.03491878,0.03103276,0.02757444,0.02450529,0.02178557,0.01937693,0.01724376
Gram_error_fro,4.0,1,12,2,0.0,0.1451985,0.11931292,0.10163908,0.08758667,0.0756584,0.06544117,0.05669612,0.04921636,0.04281545,0.03732959,0.03261803,0.0285615,0.02505966,0.02202845,0.01939751
Gram_error_fro,2.0,1,12,2,0.0,0.08161995,0.0771286,0.06822138,0.05935675,0.05132688,0.04430196,0.03824142,0.03303975,0.02858189,0.02476125,0.02148408,0.01866966,0.01624907,0.01416377,0.01236413
Gram_error_fro,2.0,1,12,2,0.0,0.02040767,0.01713174,0.01456806,0.01235814,0.01047926,0.00889797,0.00757183,0.0064601,0.00552705,0.00474233,0.00408064,0.00352104,0.00304629,0.00264222,0.00229719
Gram_error_fro,4.0,2,12,2,0.0,0.07029787,0.06939787,0.06368539,0.05686601,0.0500944,0.0437569,0.03798332,0.03280635,0.02821731,0.02418932,0.02068912,0.01768406,0.01514625,0.01305428,0.01139225
Gram_error_fro,4.0,1,12,2,0.0,0.08426352,0.0747947,0.06579518,0.0575761,0.05024187,0.04380175,0.03820195,0.03335903,0.0291813,0.02557968,0.02247267,0.01978813,0.01746353,0.01544537,0.01368825
Gram_error_fro,0.0,1,12,2,0.0,0.0,0.0,0.0,0.0,0.0,0.0,0.0,0.0,0.0,0.0,0.0,0.0,0.0,0.0,0.0
Gram_error_fro,2.0,1,12,2,0.0,0.04840261,0.03879446,0.03070548,0.02448191,0.01959802,0.01574937,0.01271103,0.01030433,0.00838859,0.00685493,0.00561998,0.00462009,0.00380655,0.00314182,0.00259677
Gram_error_fro,2.0,1,12,2,0.0,0.02368042,0.01253855,0.00814505,0.00586471,0.0044626,0.00351639,0.00283956,0.00233538,0.00194781,0.00164202,0.00139547,0.00119311,0.00102464,0.0008828,0.00076237
Gram_error_fro,2.0,1,12,2,0.0,0.02484632,0.01941843,0.01541385,0.012315,0.00989868,0.00801598,0.00654388,0.00538425,0.00446243,0.00372278,0.00312403,0.00263536,0.00223356,0.00190095,0.00162391
Gram_error_fro,0.0,1,12,2,0.0,0.0,0.0,0.0,0.0,0.0,0.0,0.0,0.0,0.0,0.0,0.0,0.0,0.0,0.0,0.0
Gram_error_fro,2.0,1,12,2,0.0,0.05564541,0.02370804,0.01421189,0.00988719,0.007299,0.00554909,0.00429374,0.00336218,0.00265555,0.0021113,0.00168747,0.0013547,0.00109177,0.000883,0.00071653
Gram_error_fro,4.0,1,12,2,0.0,0.04229361,0.02468838,0.01672989,0.01225783,0.00939504,0.00746124,0.00611063,0.00513547,0.00440517,0.00383714,0.00337917,0.00299823,0.00267333,0.00239094,0.00214217
Gram_error_fro,4.0,1,12,2,0.0,0.05857978,0.02369918,0.01364335,0.00914607,0.0065052,0.00478653,0.00361363,0.0027879,0.00219184,0.00175192,0.00142057,0.00116625,0.00096759,0.00080993,0.00068299
Gram_error_fro,2.0,2,12,2,0.0,0.04750356,0.02676057,0.01906765,0.01581839,0.01444433,0.01390585,0.01373182,0.01371242,0.0137552,0.01381927,0.01388666,0.01394982,0.01400602,0.01405476,0.01409648
Gram_error_fro,2.0,1,12,2,0.0,0.00284052,0.00800124,0.00850798,0.00777066,0.00668377,0.00557964,0.00458451,0.00373407,0.00302617,0.00244491,0.00197116,0.00158666,0.00127548,0.0010242,0.00082172
Gram_error_fro,2.0,1,12,2,0.0,0.0720353,0.05537349,0.04543431,0.03794866,0.03194833,0.0270349,0.02296702,0.01957464,0.01672966,0.01433234,0.0123038,0.01058096,0.00911307,0.0078589,0.00678479
Gram_error_fro,4.0,1,12,2,0.0,0.04282449,0.02786792,0.02324604,0.02161668,0.02059977,0.01956958,0.01842455,0.01719396,0.01592764,0.01466799,0.01344533,0.01227939,0.01118188,0.01015874,0.00921195
Gram_error_fro,2.0,1,12,2,0.0,0.03149503,0.02260331,0.01776272,0.014212,0.01150941,0.00942339,0.00778638,0.0064813,0.00542704,0.00456629,0.00385749,0.00326972,0.00277946,0.00236852,0.00202264
Gram_error_fro,2.0,1,12,2,0.0,0.03178761,0.02285931,0.01815651,0.01495552,0.01254852,0.01063896,0.0090759,0.00777374,0.00667774,0.00574902,0.00495814,0.00428199,0.00370211,0.00320352,0.00277393
Gram_error_fro,4.0,1,12,2,0.0,0.03780011,0.02315739,0.01851767,0.0160425,0.01414783,0.01249452,0.01101077,0.00968116,0.00849742,0.00744932,0.00652483,0.00571131,0.00499657,0.00436927,0.00381913
Gram_error_fro,2.0,1,12,2,0.0,0.04828759,0.03851895,0.03055669,0.02436542,0.01946435,0.01558123,0.01250684,0.01006983,0.00813221,0.00658538,0.00534508,0.00434637,0.00353918,0.00288472,0.00235275
Gram_error_fro,0.0,1,12,2,0.0,0.0,0.0,0.0,0.0,0.0,0.0,0.0,0.0,0.0,0.0,0.0,0.0,0.0,0.0,0.0
Gram_error_fro,2.0,1,12,2,0.0,0.01737135,0.00931478,0.00397606,0.00102434,0.0026144,0.00429043,0.00541019,0.00608956,0.00644208,0.00655774,0.00650513,0.00633576,0.0060879,0.00578981,0.0054622
Gram_error_fro,2.0,1,12,2,0.0,0.0005283,0.00018504,0.0001985,0.00027663,0.00032202,0.00031532,0.00027001,0.00020534,0.0001367,7.458e-05,3.207e-05,4.31e-05,7.184e-05,9.467e-05,0.00011033
Gram_error_fro,2.0,1,12,2,0.0,0.0252837,0.01718652,0.01476437,0.0131825,0.01182628,0.01059388,0.00947348,0.00846218,0.00755397,0.0067405,0.00601279,0.00536215,0.00478056,0.00426077,0.00379625
Gram_error_fro,0.0,1,12,2,0.0,0.0,0.0,0.0,0.0,0.0,0.0,0.0,0.0,0.0,0.0,0.0,0.0,0.0,0.0,0.0
Gram_error_fro,2.0,1,12,2,0.0,0.01862559,0.01509871,0.01134622,0.00833964,0.00618635,0.00472395,0.00374656,0.00308356,0.00261583,0.00226802,0.00199513,0.00177097,0.00158031,0.00141416,0.00126703
Gram_error_fro,4.0,2,12,2,0.0,0.08864441,0.05916517,0.04397622,0.03443717,0.0278448,0.02319009,0.01995111,0.01776973,0.01636037,0.01548994,0.01497713,0.01469056,0.01454103,0.01447107,0.01444506
Gram_error_fro,4.0,1,12,2,0.0,0.0569033,0.0293106,0.01964864,0.01425595,0.01073717,0.00833381,0.00663625,0.0053928,0.00444815,0.00370715,0.00311109,0.00262279,0.0022177,0.00187883,0.00159383
Gram_error_fro,2.0,2,12,2,0.0,0.04022519,0.03153657,0.02545088,0.02053767,0.01663519,0.01365493,0.01152852,0.01017769,0.00948551,0.009292,0.00942673,0.00974752,0.01015559,0.01059019,0.01101697
Gram_error_fro,4.0,2,12,2,0.0,0.08037357,0.08167465,0.07581062,0.06871293,0.0619787,0.05598322,0.05074829,0.04620159,0.04225487,0.03882558,0.03584154,0.03324086,0.03097076,0.02898621,0.0272488
Gram_error_fro,4.0,1,12,2,0.0,0.07821051,0.08015276,0.07414542,0.06681327,0.05977257,0.05340729,0.04775056,0.04274234,0.03830635,0.03437084,0.03087289,0.02775827,0.02498023,0.02249843,0.02027795
Gram_error_fro,4.0,2,12,2,0.0,0.03829395,0.03077139,0.02544894,0.02091567,0.01710491,0.01402018,0.0116845,0.0101058,0.00923803,0.00895559,0.00907952,0.00943812,0.00990528,0.01040289,0.01088778
Gram_error_fro,4.0,1,12,2,0.0,0.09351626,0.06372151,0.04905842,0.0397364,0.03274686,0.02717852,0.02264387,0.01891774,0.01584158,0.01329342,0.01117631,0.00941235,0.00793866,0.00670443,0.00566844
Gram_error_fro,2.0,1,12,2,0.0,0.00126113,0.00042752,0.00044673,0.00060819,0.00064296,0.00054305,0.00038797,0.00032188,0.00044006,0.00062839,0.00080951,0.00096134,0.00107892,0.00116324,0.00121756
Gram_error_fro,2.0,1,12,2,0.0,0.0252837,0.01718652,0.01476437,0.0131825,0.01182628,0.01059388,0.00947348,0.00846218,0.00755397,0.0067405,0.00601279,0.00536215,0.00478056,0.00426077,0.00379625
Gram_error_fro,2.0,1,12,2,0.0,0.0252837,0.01718652,0.01478702,0.01332712,0.01217657,0.01119419,0.01033323,0.00956548,0.00886874,0.00822628,0.00762668,0.00706284,0.00653071,0.00602812,0.00555393
Gram_error_fro,0.0,1,12,3,0.0,0.0,0.0,0.0,0.0,0.0,0.0,0.0,0.0,0.0,0.0,0.0,0.0,0.0,0.0,0.0
Gram_error_fro,2.0,1,12,3,0.0,0.04686936,0.0290301,0.01884209,0.01329304,0.01033886,0.00875024,0.0078466,0.00726802,0.00683236,0.00645288,0.00609181,0.00573522,0.00538014,0.00502813,0.00468225
Gram_error_fro,2.0,1,12,3,0.0,0.04469551,0.0325246,0.02364139,0.01823614,0.01444726,0.01155328,0.0092842,0.00749188,0.00607026,0.00493791,0.00403187,0.00330358,0.00271556,0.0022388,0.00185074
Gram_error_fro,2.0,1,12,3,0.0,0.04976748,0.02891336,0.021064,0.01749124,0.01514094,0.01324727,0.0116229,0.01020974,0.00897744,0.00790232,0.00696364,0.00614305,0.00542452,0.00479421,0.00424025
Gram_error_fro,2.0,1,12,3,0.0,0.05721983,0.04627625,0.03796161,0.03211367,0.02741174,0.0234169,0.01998782,0.01704883,0.01453755,0.0123968,0.01057464,0.00902481,0.00770693,0.00658614,0.0056326
Gram_error_fro,2.0,2,12,3,0.0,0.08119194,0.04409117,0.02381814,0.0170575,0.01552708,0.01533265,0.01544391,0.01563718,0.01585808,0.01608859,0.0163201,0.01654738,0.01676692,0.0169763,0.01717399
Gram_error_fro,4.0,1,12,3,0.0,0.04890374,0.04805006,0.04036663,0.03259395,0.02620434,0.02117282,0.01721159,0.01406494,0.01154328,0.00950822,0.00785665,0.00651011,0.00540795,0.00450272,0.00375699
Gram_error_fro,2.0,1,12,3,0.0,0.04959328,0.0324737,0.02322393,0.01789381,0.01437329,0.01179643,0.00979859,0.00820477,0.0069142,0.0058596,0.00499195,0.00427384,0.0036761,0.0031757,0.00275435
Gram_error_fro,4.0,1,12,3,0.0,0.04597625,0.02587393,0.0128887,0.00607591,0.00498507,0.00666332,0.00827109,0.00939737,0.01009657,0.01046464,0.01058475,0.01052226,0.01032732,0.01003807,0.00968346
Gram_error_fro,2.0,1,12,3,0.0,0.0137037,0.01472499,0.01573471,0.01501848,0.01363368,0.0121127,0.01064091,0.00928193,0.00805707,0.00696979,0.00601465,0.00518173,0.00445915,0.00383459,0.00329613
Gram_error_fro,2.0,1,12,3,0.0,0.07308656,0.0528102,0.03934701,0.03115086,0.02535828,0.02090872,0.01738462,0.01455402,0.01225709,0.01037612,0.00882285,0.00753052,0.00644813,0.00553634,0.00476443
Gram_error_fro,4.0,1,12,3,0.0,0.09872201,0.04688245,0.02110642,0.01130449,0.00770951,0.00630295,0.00585251,0.00589754,0.00615591,0.00645576,0.00671091,0.00688709,0.00697693,0.00698569,0.00692392
Gram_error_fro,4.0,1,12,3,0.0,0.09907205,0.06767563,0.05050352,0.04082895,0.03385222,0.0282552,0.02364674,0.01983123,0.01666564,0.01403405,0.0118415,0.01001044,0.00847764,0.00719159,0.00611018
Gram_error_fro,6.0,1,12,3,0.0,0.08513251,0.06281147,0.04848786,0.03859295,0.03095425,0.02491495,0.02013427,0.01634581,0.01333258,0.01092324,0.00898546,0.00741789,0.00614303,0.0051013,0.00424663
Gram_error_fro,2.0,1,12,3,0.0,0.06159402,0.06953226,0.06556226,0.05867742,0.05168334,0.04535085,0.0398118,0.03501481,0.03086692,0.0272751,0.02415689,0.02144186,0.01907062,0.01699325,0.01516782
Gram_error_fro,4.0,1,12,3,0.0,0.08019282,0.07339606,0.06520531,0.05706968,0.04987714,0.04371925,0.03845611,0.03393366,0.03002568,0.0266325,0.02367433,0.02108616,0.01881429,0.016814,0.01504782
Gram_error_fro,0.0,1,12,5,0.0,0.0,0.0,0.0,0.0,0.0,0.0,0.0,0.0,0.0,0.0,0.0,0.0,0.0,0.0,0.0
Gram_error_fro,2.0,1,12,5,0.0,0.06337823,0.06078696,0.05273317,0.0443076,0.03679551,0.03045804,0.02524377,0.0210035,0.01756781,0.01477903,0.01250331,0.01063268,0.0090826,0.00778786,0.00669841
Gram_error_fro,2.0,1,12,5,0.0,0.0829383,0.0578115,0.03589702,0.02269051,0.0153255,0.0112102,0.00877766,0.00720274,0.00608244,0.00522381,0.00453146,0.00395483,0.00346477,0.00304293,0.00267682
Gram_error_fro,2.0,1,12,5,0.0,0.05785641,0.04249011,0.03118585,0.02580248,0.02343147,0.02224568,0.0214598,0.02078149,0.0201095,0.01941297,0.01868705,0.01793639,0.01716882,0.0163927,0.01561582
Gram_error_fro,2.0,1,12,5,0.0,0.04749679,0.04128333,0.03234692,0.02585534,0.02119457,0.01763326,0.01479083,0.01247296,0.01056218,0.00897559,0.0076502,0.0065369,0.00559712,0.0048004,0.00412251
Gram_error_fro,2.0,1,12,5,0.0,0.08445941,0.06720676,0.04870665,0.03863791,0.0336903,0.03087447,0.02885642,0.02716789,0.02565355,0.02425674,0.0229514,0.02172212,0.02055842,0.01945282,0.01839997
Gram_error_fro,4.0,1,12,5,0.0,0.08973189,0.06744103,0.05087649,0.04389588,0.04123993,0.03991083,0.03886147,0.03779809,0.03665909,0.03544764,0.03418237,0.0328834,0.0315686,0.03025281,0.02894801
Gram_error_fro,2.0,1,12,5,0.0,0.08646506,0.08220215,0.06946881,0.05749465,0.04753714,0.03939976,0.03275186,0.02731495,0.02286264,0.01920868,0.01620016,0.01371288,0.01164703,0.009923,0.00847747
Gram_error_fro,4.0,1,12,5,0.0,0.0545268,0.04543332,0.03694489,0.03077379,0.02618962,0.02254921,0.01952721,0.0169628,0.01476312,0.01286494,0.01122058,0.00979224,0.00854909,0.00746559,0.00652028
Gram_error_fro,4.0,1,12,5,0.0,0.1009522,0.07673604,0.05659339,0.04352492,0.03447937,0.02778361,0.02266023,0.01868296,0.01556639,0.01309937,0.01112239,0.0095161,0.00819259,0.00708766,0.00615457
Gram_error_fro,2.0,1,12,5,0.0,0.0840143,0.07326745,0.0610632,0.05328345,0.04796074,0.04376425,0.04016428,0.03696922,0.03409972,0.03151025,0.02916596,0.02703695,0.02509706,0.0233236,0.02169712
Gram_error_fro,2.0,1,12,5,0.0,0.07495824,0.06904517,0.057804,0.04816734,0.04042689,0.03412701,0.02891228,0.02455329,0.02089155,0.01780673,0.01520228,0.01299898,0.01113132,0.00954508,0.0081953
Gram_error_fro,4.0,1,12,5,0.0,0.08593681,0.0685778,0.04829681,0.03562624,0.02828331,0.02361451,0.02020911,0.01747307,0.01516974,0.01319528,0.01149239,0.01002083,0.00874797,0.00764597,0.0066908
Gram_error_fro,4.0,1,12,5,0.0,0.07907004,0.06007164,0.04491984,0.03542247,0.02915902,0.02459595,0.0210076,0.01805967,0.01558257,0.0134764,0.01167355,0.01012377,0.00878758,0.00763297,0.00663355
Gram_error_fro,4.0,1,12,5,0.0,0.10657567,0.08056937,0.05730974,0.04246923,0.03298907,0.02655856,0.02191342,0.01838339,0.01559774,0.01333859,0.01147006,0.00990268,0.00857452,0.00744072,0.00646753
Gram_error_fro,4.0,1,12,5,0.0,0.08295604,0.06560967,0.05041988,0.03964083,0.03192624,0.0261627,0.02168974,0.0181293,0.0152495,0.01289429,0.01095116,0.00933582,0.00798393,0.0068458,0.00588269
Gram_error_fro,0.0,1,12,2,0.0,0.0,0.0,0.0,0.0,0.0,0.0,0.0,0.0,0.0,0.0,0.0,0.0,0.0,0.0,0.0
Gram_error_fro,2.0,2,12,2,0.0,0.0099319,0.00364985,0.00250434,0.00268826,0.00330752,0.00409253,0.00493589,0.00578487,0.00660968,0.00739271,0.00812401,0.00879869,0.00941526,0.00997455,0.01047885
Gram_error_fro,0.0,1,12,2,0.0,0.0,0.0,0.0,0.0,0.0,0.0,0.0,0.0,0.0,0.0,0.0,0.0,0.0,0.0,0.0
Gram_error_fro,2.0,1,12,2,0.0,0.01477417,0.01423796,0.01284166,0.01133957,0.00989151,0.00856815,0.0073936,0.00636691,0.0054766,0.0047079,0.00404586,0.0034765,0.00298727,0.00256709,0.00220629
Gram_error_fro,2.0,1,12,2,0.0,0.0099319,0.01094087,0.01180969,0.01200807,0.01179833,0.01134397,0.01075398,0.0100968,0.00941522,0.00873594,0.00807546,0.00744366,0.00684605,0.00628531,0.00576226
Gram_error_fro,2.0,1,12,2,0.0,0.0547755,0.01726432,0.00610899,0.00275138,0.00168318,0.00144438,0.00142706,0.00141655,0.00137223,0.00129828,0.00120588,0.00110474,0.00100176,0.00090146,0.00080654
Gram_error_fro,2.0,1,12,2,0.0,0.03214375,0.02071351,0.01671513,0.01435222,0.01257251,0.01108725,0.00979737,0.00866115,0.00765546,0.00676396,0.00597341,0.00527246,0.00465118,0.00410078,0.00361346
Gram_error_fro,2.0,1,12,2,0.0,0.02676278,0.01412899,0.00936079,0.00688708,0.00529482,0.00415537,0.00330043,0.00264581,0.00214001,0.00174738,0.00144169,0.00120306,0.00101617,0.00086911,0.00075257
Gram_error_fro,0.0,1,12,2,0.0,0.0,0.0,0.0,0.0,0.0,0.0,0.0,0.0,0.0,0.0,0.0,0.0,0.0,0.0,0.0
Gram_error_fro,2.0,1,12,2,0.0,0.03300957,0.02138348,0.01701448,0.01457311,0.01274531,0.01122669,0.00992495,0.00879696,0.00781396,0.00695361,0.00619779,0.0055316,0.00494267,0.00442071,0.00395707
Gram_error_fro,4.0,1,12,2,0.0,0.0416662,0.02625709,0.01923125,0.0150016,0.01199345,0.00971773,0.00795215,0.00656477,0.00546485,0.00458586,0.00387777,0.00330268,0.00283168,0.0024427,0.00211878
Gram_error_fro,4.0,1,12,2,0.0,0.05391718,0.02602017,0.01852101,0.01566133,0.01389073,0.0124327,0.01111297,0.00989785,0.00878395,0.00777134,0.00685799,0.00603948,0.00530976,0.00466185,0.00408849
Gram_error_fro,4.0,1,12,2,0.0,0.02394158,0.01384422,0.00988072,0.00858497,0.00814851,0.00783892,0.00746618,0.00701382,0.00650677,0.00597379,0.00543822,0.0049168,0.0044206,0.00395629,0.00352738
Gram_error_fro,2.0,1,12,2,0.0,0.02834178,0.02059091,0.01725455,0.01503923,0.01328571,0.01178476,0.01045703,0.00926953,0.00820539,0.00725305,0.00640266,0.00564511,0.00497173,0.00437438,0.00384542
Gram_error_fro,4.0,1,12,2,0.0,0.05410161,0.03356879,0.02608319,0.02204862,0.01913211,0.01674205,0.01468896,0.01289792,0.01132947,0.00995576,0.00875344,0.0077018,0.0067822,0.00597801,0.00527447
Gram_error_fro,6.0,1,12,2,0.0,0.08361239,0.06657189,0.05456075,0.04539047,0.03798261,0.03189832,0.02687394,0.02271297,0.0192578,0.01637995,0.01397476,0.01195722,0.01025851,0.00882293,0.00760535
Gram_error_fro,0.0,1,12,2,0.0,0.0,0.0,0.0,0.0,0.0,0.0,0.0,0.0,0.0,0.0,0.0,0.0,0.0,0.0,0.0
Gram_error_fro,0.0,1,12,2,0.0,0.0,0.0,0.0,0.0,0.0,0.0,0.0,0.0,0.0,0.0,0.0,0.0,0.0,0.0,0.0
Gram_error_fro,2.0,1,12,2,0.0,0.06756933,0.05076031,0.03788891,0.02897964,0.02264016,0.01804439,0.01466496,0.01213913,0.01021291,0.00870981,0.00750877,0.0065274,0.00570964,0.00501704,0.0044228
Gram_error_fro,2.0,1,12,2,0.0,0.05131189,0.03860703,0.03407979,0.03088097,0.02783378,0.02491301,0.02217686,0.0196604,0.01737602,0.01532145,0.01348593,0.01185413,0.01040876,0.00913207,0.00800676
Gram_error_fro,2.0,1,12,2,0.0,0.0089946,0.00422266,0.00503345,0.00661231,0.00764205,0.00810215,0.00814642,0.00791798,0.00752368,0.00703778,0.00650993,0.00597241,0.00544556,0.00494169,0.00446776
Gram_error_fro,2.0,1,12,2,0.0,0.0465603,0.03282937,0.02546137,0.02138609,0.01853203,0.01625647,0.01434524,0.012701,0.01126741,0.01000725,0.00889376,0.0079066,0.00702954,0.00624924,0.00555444
Gram_error_fro,2.0,1,12,2,0.0,0.03381597,0.03849506,0.03524905,0.03100579,0.02711035,0.02374501,0.02086681,0.01840057,0.01627701,0.01443874,0.01283935,0.01144138,0.01021443,0.00913366,0.00817855
Gram_error_fro,2.0,1,12,2,0.0,0.04493299,0.04379181,0.0386453,0.03260117,0.02714499,0.02257602,0.01883254,0.01577889,0.01328309,0.01123415,0.00954297,0.00813919,0.00696748,0.00598429,0.00515519
Gram_error_fro,2.0,1,12,2,0.0,0.06637238,0.0229813,0.00911354,0.00625922,0.00598241,0.00628774,0.00673693,0.00717684,0.00754636,0.007825,0.00801073,0.00810972,0.0081315,0.00808662,0.00798551
Gram_error_fro,4.0,1,12,2,0.0,0.03299364,0.02238346,0.02015117,0.01894702,0.01764103,0.01626324,0.01487915,0.01352888,0.01223797,0.0110227,0.00989242,0.00885123,0.0078994,0.0070346,0.00625275
Gram_error_fro,2.0,1,12,2,0.0,0.04797121,0.03899965,0.03423991,0.03096823,0.02819615,0.02574219,0.02353616,0.02153583,0.01971306,0.01804754,0.01652346,0.01512769,0.01384888,0.01267697,0.01160289
Gram_error_fro,4.0,1,12,2,0.0,0.07491449,0.02961112,0.0211393,0.01883117,0.01676359,0.01476574,0.01294182,0.01132387,0.00990577,0.00866859,0.00759076,0.00665175,0.0058331,0.0051187,0.00449459
Gram_error_fro,4.0,1,12,2,0.0,0.08094605,0.05533908,0.04283675,0.03511596,0.02967899,0.02555322,0.0222501,0.01950164,0.01715432,0.01511631,0.01332941,0.01175412,0.01036154,0.00912909,0.0080382
Gram_error_fro,4.0,1,12,2,0.0,0.07857087,0.03807938,0.02469235,0.01864301,0.01437146,0.01109997,0.00864928,0.00692412,0.00584051,0.00528354,0.00509523,0.00511375,0.00521746,0.00533386,0.00542657
Gram_error_fro,4.0,1,12,2,0.0,0.06626911,0.02162014,0.00747911,0.00672017,0.00783764,0.00841296,0.0084938,0.00825105,0.00781372,0.00727024,0.00667925,0.00607873,0.00549251,0.00493494,0.00441405
Gram_error_fro,4.0,1,12,2,0.0,0.0,0.0,0.0046198,0.00811414,0.01014099,0.01107242,0.01127471,0.01101766,0.01048612,0.00980308,0.00904891,0.00827528,0.00751469,0.00678689,0.00610318
Gram_error_fro,0.0,1,12,2,0.0,0.0,0.0,0.0,0.0,0.0,0.0,0.0,0.0,0.0,0.0,0.0,0.0,0.0,0.0,0.0
Gram_error_fro,2.0,1,12,2,0.0,0.03250829,0.02480253,0.02000918,0.01658482,0.01396902,0.01187703,0.01015882,0.00872569,0.00751844,0.00649417,0.00562021,0.00487104,0.0042264,0.00366997,0.00318847
Gram_error_fro,0.0,1,12,2,0.0,0.0,0.0,0.0,0.0,0.0,0.0,0.0,0.0,0.0,0.0,0.0,0.0,0.0,0.0,0.0
Gram_error_fro,2.0,1,12,2,0.0,0.03554178,0.01872286,0.01172298,0.00815126,0.00592594,0.00443782,0.00341828,0.00270555,0.00219333,0.00181192,0.00151687,0.0012805,0.00108585,0.00092244,0.00078362
Gram_error_fro,2.0,1,12,2,0.0,0.03928717,0.02283243,0.01842465,0.01561985,0.01323235,0.0111842,0.00944396,0.00797419,0.00673623,0.00569428,0.00481695,0.00407751,0.00345355,0.00292639,0.00248052
Gram_error_fro,0.0,1,12,2,0.0,0.0,0.0,0.0,0.0,0.0,0.0,0.0,0.0,0.0,0.0,0.0,0.0,0.0,0.0,0.0
Gram_error_fro,2.0,1,12,2,0.0,0.05105161,0.01753847,0.01149659,0.00946207,0.00813763,0.00705744,0.00612825,0.00532118,0.00461945,0.00400932,0.00347876,0.00301732,0.00261593,0.00226677,0.00196309
Gram_error_fro,4.0,1,12,2,0.0,0.02540088,0.01852726,0.01453074,0.01145739,0.00907349,0.00720666,0.00573641,0.00457416,0.00365253,0.00291973,0.00233573,0.00186946,0.00149666,0.00119826,0.00095926
Gram_error_fro,2.0,1,12,2,0.0,0.02147211,0.01357352,0.01053665,0.00841891,0.00681141,0.0055513,0.00454418,0.00373009,0.00306749,0.0025258,0.0020816,0.00171656,0.00141607,0.00116843,0.00096417
Gram_error_fro,4.0,1,12,2,0.0,0.04153334,0.00942822,0.00765122,0.00652094,0.00530395,0.00427089,0.00344076,0.00278096,0.00225641,0.00183817,0.00150366,0.00123542,0.00101984,0.00084627,0.00070625
Gram_error_fro,4.0,1,12,2,0.0,0.04323779,0.02133689,0.01251487,0.00825936,0.00579228,0.00421036,0.00315319,0.00243257,0.00193137,0.00157234,0.00130506,0.00109774,0.00093098,0.00079311,0.00067706
Gram_error_fro,4.0,1,12,2,0.0,0.05004324,0.0297578,0.01818426,0.01145135,0.00727127,0.00458719,0.00284686,0.00172731,0.00103168,0.00064182,0.00047641,0.00043801,0.00043571,0.00042975,0.00041219
Gram_error_fro,4.0,1,12,2,0.0,0.02916518,0.0139391,0.00925496,0.00746477,0.00642053,0.00562537,0.00495816,0.00437908,0.00386968,0.00341899,0.00301937,0.00266489,0.00235063,0.00207232,0.00182614
Gram_error_fro,4.0,1,12,2,0.0,0.05478714,0.02141581,0.01486914,0.01246715,0.01091118,0.00963611,0.00851154,0.0075038,0.00660133,0.00579652,0.00508176,0.0044491,0.00389056,0.00339847,0.00296565
Gram_error_fro,4.0,1,12,2,0.0,0.05656862,0.02625149,0.01954737,0.01539766,0.01225505,0.00981641,0.00790541,0.00639821,0.00520305,0.00425059,0.00348794,0.00287453,0.00237904,0.00197716,0.00164987
Gram_error_fro,4.0,1,12,2,0.0,0.10055757,0.06257216,0.04716358,0.03752646,0.03037998,0.02478975,0.02033287,0.01674753,0.01384592,0.01148558,0.00955637,0.00797237,0.00666633,0.00558533,0.00468748
Gram_error_fro,0.0,1,12,2,0.0,0.0,0.0,0.0,0.0,0.0,0.0,0.0,0.0,0.0,0.0,0.0,0.0,0.0,0.0,0.0
Gram_error_fro,2.0,1,12,2,0.0,0.01060518,0.00338619,0.00180011,0.00131675,0.0011028,0.0009718,0.00087327,0.00079147,0.00072044,0.00065735,0.00060061,0.00054921,0.00050243,0.00045976,0.00042075
Gram_error_fro,2.0,1,12,2,0.0,0.01060518,0.00338619,0.00148392,0.00080875,0.0005849,0.00056185,0.00059131,0.00061738,0.00062847,0.00062529,0.000611,0.00058878,0.00056123,0.0005304,0.0004978
Gram_error_fro,2.0,1,12,2,0.0,0.04262909,0.03132226,0.02461667,0.01996337,0.0164478,0.01368954,0.01147306,0.00966272,0.00816766,0.00692344,0.00588213,0.00500692,0.00426885,0.00364476,0.00311592
Gram_error_fro,2.0,1,12,2,0.0,0.05216863,0.01920775,0.01081263,0.00773759,0.00613737,0.00511056,0.00436907,0.00379515,0.00333099,0.0029442,0.0026149,0.00233014,0.00208103,0.0018613,0.00166631
Gram_error_fro,2.0,1,12,2,0.0,0.03758479,0.02942155,0.02301809,0.01819178,0.01454489,0.01179882,0.00972524,0.0081452,0.0069258,0.00597095,0.00521168,0.0045984,0.00409523,0.00367609,0.00332182
Gram_error_fro,4.0,1,12,2,0.0,0.05520529,0.0454432,0.04047449,0.03632551,0.03242437,0.02875717,0.02537557,0.0223095,0.0195633,0.01712437,0.01497095,0.01307727,0.01141667,0.00996328,0.00869298
Gram_error_fro,4.0,1,12,2,0.0,0.04270163,0.02925122,0.02303908,0.0186062,0.01505431,0.01218837,0.00988627,0.0080392,0.00655469,0.00535809,0.00439051,0.0036058,0.00296774,0.0024477,0.002023
Gram_error_fro,4.0,1,12,2,0.0,0.03059976,0.02680359,0.02345482,0.02055841,0.01802019,0.01579382,0.01384051,0.01212577,0.01061967,0.00929645,0.00813387,0.00711267,0.00621604,0.00542927,0.00473936
Gram_error_fro,4.0,1,12,2,0.0,0.00516209,0.00159791,0.001942,0.00216226,0.00211803,0.00195834,0.00176222,0.00156591,0.00138427,0.00122208,0.00107963,0.00095541,0.00084731,0.00075315,0.00067095
Gram_error_fro,4.0,1,12,2,0.0,0.00842852,0.00989588,0.00948972,0.0083232,0.00712738,0.00607374,0.00518257,0.00443557,0.00380886,0.00328115,0.00283501,0.00245634,0.00213379,0.00185809,0.0016217
Gram_error_fro,2.0,1,12,2,0.0,0.05038989,0.01745448,0.00821372,0.0049908,0.00347516,0.00259151,0.00200644,0.00159187,0.00128741,0.00105906,0.00088516,0.00075088,0.0006457,0.00056203,0.00049432
Gram_error_fro,2.0,1,12,2,0.0,0.02622337,0.01272327,0.00754325,0.00515087,0.00394834,0.00329308,0.00288814,0.00259683,0.00235836,0.00214691,0.00195226,0.00177081,0.00160158,0.00144444,0.0012994
Gram_error_fro,4.0,1,12,2,0.0,0.0273944,0.0130473,0.00724421,0.00431808,0.00269048,0.0017412,0.00117545,0.00083871,0.0006407,0.00052368,0.00045075,0.00040043,0.00036167,0.00032931,0.00030111
Gram_error_fro,2.0,1,12,2,0.0,0.05063804,0.03285661,0.02448061,0.01895359,0.01481842,0.01165821,0.00923361,0.00736377,0.00591097,0.00477284,0.00387416,0.00315953,0.00258779,0.00212799,0.00175653
Gram_error_fro,4.0,1,12,2,0.0,0.03573885,0.0277163,0.02156181,0.01683664,0.01317766,0.01035276,0.00816607,0.006464,0.00513176,0.00408423,0.00325779,0.00260428,0.0020868,0.00167681,0.00135199
Gram_error_fro,0.0,1,12,2,0.0,0.0,0.0,0.0,0.0,0.0,0.0,0.0,0.0,0.0,0.0,0.0,0.0,0.0,0.0,0.0
Gram_error_fro,2.0,1,12,2,0.0,0.04108432,0.02415253,0.01577374,0.01100632,0.00799571,0.00597544,0.00455852,0.00353149,0.00276817,0.00218951,0.00174376,0.00139591,0.00112164,0.00090364,0.00072931
Gram_error_fro,2.0,1,12,2,0.0,0.04108432,0.02415253,0.01577374,0.01100632,0.00799571,0.00597544,0.00455852,0.00353149,0.00276817,0.00218951,0.00174376,0.00139591,0.00112164,0.00090364,0.00072931
Gram_error_fro,2.0,1,12,2,0.0,0.01917911,0.01310793,0.01186454,0.01096608,0.01010369,0.00924586,0.00840673,0.00760234,0.00684397,0.00613819,0.00548786,0.00489329,0.00435306,0.00386467,0.00342498
Gram_error_fro,2.0,1,12,2,0.0,0.01984455,0.00955043,0.00509143,0.00361541,0.00348446,0.00355222,0.00351287,0.0033583,0.00312814,0.00285835,0.00257454,0.00229346,0.00202543,0.00177631,0.00154895
Gram_error_fro,2.0,1,12,2,0.0,0.0395159,0.03022678,0.02523162,0.02145609,0.01837616,0.01581098,0.01365024,0.01181503,0.01024634,0.00889879,0.00773671,0.00673155,0.00586007,0.00510314,0.00444482
Gram_error_fro,4.0,1,12,2,0.0,0.06814772,0.02913413,0.02046652,0.0172317,0.01498625,0.01310032,0.01146576,0.01004226,0.00879973,0.00771276,0.00676012,0.00592419,0.00519017,0.00454551,0.00397939
Gram_error_fro,4.0,1,12,2,0.0,0.07397129,0.04726347,0.0383059,0.0335306,0.02994077,0.0268424,0.0240605,0.02154257,0.01926494,0.0172099,0.01536056,0.01370006,0.01221183,0.01087994,0.00968936
Gram_error_fro,4.0,1,12,2,0.0,0.01790865,0.01124421,0.01032391,0.01021847,0.00986797,0.00924338,0.00846796,0.0076395,0.0068183,0.00603828,0.00531672,0.00466087,0.004072,0.00354794,0.00308464
Gram_error_fro,4.0,1,12,2,0.0,0.01572541,0.00898567,0.00576579,0.00424311,0.00352697,0.00313948,0.00287189,0.00264891,0.00244585,0.00225519,0.00207496,0.00190486,0.00174494,0.00159522,0.00145559
Gram_error_fro,4.0,1,12,2,0.0,0.02792642,0.01668317,0.01132228,0.00915337,0.0082019,0.00758061,0.00701277,0.00644023,0.00586556,0.00530316,0.00476601,0.00426292,0.00379877,0.00337543,0.00299268
Gram_error_fro,2.0,1,12,2,0.0,0.0345429,0.02250355,0.01574725,0.01161825,0.00883215,0.00684716,0.00537942,0.00426527,0.00340376,0.00272881,0.00219497,0.00176976,0.00142934,0.00115576,0.00093529
Gram_error_fro,2.0,1,12,2,0.0,0.04940984,0.03084833,0.02376647,0.01990719,0.01714796,0.01491517,0.01302125,0.01138588,0.00996306,0.00872053,0.00763319,0.00668053,0.00584534,0.00511294,0.00447068
Gram_error_fro,4.0,1,12,2,0.0,0.01327207,0.01302766,0.01365632,0.01339002,0.01264725,0.01167744,0.01063068,0.00958799,0.00859092,0.00765985,0.00680358,0.00602444,0.00532102,0.00468975,0.00412589
Gram_error_fro,4.0,1,12,2,0.0,0.03054306,0.02775438,0.02802394,0.02735054,0.02598467,0.02421537,0.02227259,0.0203034,0.01839347,0.01658942,0.01491394,0.01337542,0.01197372,0.01070385,0.00955813
Gram_error_fro,4.0,1,12,2,0.0,0.08123232,0.05945033,0.04820108,0.0403449,0.03414198,0.02906397,0.02484785,0.02131838,0.01834504,0.01582666,0.01368352,0.01185212,0.01028148,0.00893033,0.00776494
Gram_error_fro,0.0,1,12,3,0.0,0.0,0.0,0.0,0.0,0.0,0.0,0.0,0.0,0.0,0.0,0.0,0.0,0.0,0.0,0.0
Gram_error_fro,0.0,1,12,3,0.0,0.0,0.0,0.0,0.0,0.0,0.0,0.0,0.0,0.0,0.0,0.0,0.0,0.0,0.0,0.0
Gram_error_fro,2.0,1,12,3,0.0,0.03291376,0.02828972,0.02395724,0.02042781,0.01732471,0.0146296,0.01234043,0.0104192,0.0088127,0.00746854,0.00634107,0.00539244,0.00459182,0.00391419,0.00333928
Gram_error_fro,2.0,1,12,3,0.0,0.0240026,0.01782164,0.01177181,0.00831615,0.00641389,0.0052043,0.00432637,0.00364328,0.00309221,0.00263713,0.00225496,0.00193036,0.00165268,0.00141424,0.00120915
Gram_error_fro,2.0,1,12,3,0.0,0.05961701,0.03297732,0.02247386,0.01730255,0.01390663,0.01135243,0.00933233,0.00770362,0.0063789,0.00529575,0.00440648,0.00367375,0.003068,0.0025657,0.00214806
Gram_error_fro,2.0,1,12,3,0.0,0.05674438,0.04569258,0.03199213,0.02175566,0.0150436,0.01080076,0.00810325,0.00634092,0.00514558,0.00429962,0.00367345,0.00318889,0.00279833,0.00247256,0.00219359
Gram_error_fro,4.0,1,12,3,0.0,0.03383997,0.02318631,0.0176636,0.01449647,0.01216142,0.01025231,0.00866163,0.00733496,0.00622593,0.00529401,0.00450616,0.00383663,0.00326552,0.00277733,0.00235967
Gram_error_fro,2.0,1,12,3,0.0,0.0280915,0.01680024,0.01328097,0.01123192,0.00950109,0.0080522,0.00686384,0.00588851,0.00507916,0.00439854,0.00381942,0.00332219,0.0028925,0.00251956,0.00219494
Gram_error_fro,0.0,1,12,3,0.0,0.0,0.0,0.0,0.0,0.0,0.0,0.0,0.0,0.0,0.0,0.0,0.0,0.0,0.0,0.0
Gram_error_fro,2.0,1,12,3,0.0,0.06008803,0.03306928,0.01930421,0.01174531,0.00814649,0.0068044,0.00627908,0.00589151,0.0054684,0.00500352,0.00452349,0.00405238,0.00360583,0.00319237,0.0028156
Gram_error_fro,4.0,1,12,3,0.0,0.06708072,0.04696677,0.03598429,0.02917988,0.02406703,0.01992726,0.01651532,0.0136975,0.0113713,0.00945054,0.00786285,0.00654842,0.00545834,0.00455286,0.00379966
Gram_error_fro,4.0,1,12,3,0.0,0.07585883,0.04884736,0.03326282,0.02433096,0.0185627,0.01449238,0.01147531,0.00917924,0.00740334,0.00601297,0.00491302,0.00403466,0.00332734,0.00275352,0.00228504
Gram_error_fro,4.0,1,12,3,0.0,0.12156404,0.08533358,0.05967097,0.04374233,0.03338612,0.02617895,0.02087489,0.01682028,0.01364471,0.01111872,0.00908881,0.00744616,0.00611038,0.00502031,0.00412849
Gram_error_fro,4.0,1,12,3,0.0,0.038893,0.02321826,0.01708087,0.0141881,0.01236405,0.01103036,0.00996227,0.00905157,0.00824323,0.00750882,0.00683347,0.00620925,0.00563163,0.00509772,0.00460535
Gram_error_fro,4.0,1,12,3,0.0,0.08429246,0.06545748,0.04980207,0.03827117,0.02978886,0.02346073,0.01865389,0.01494758,0.01205802,0.00978617,0.00798752,0.00655469,0.00540674,0.00448202,0.00373321
Gram_error_fro,4.0,1,12,3,0.0,0.09589135,0.07417209,0.05421034,0.04032748,0.03058004,0.02351733,0.01827962,0.01433444,0.0113283,0.00901511,0.00721909,0.00581283,0.00470311,0.00382111,0.00311559
Gram_error_fro,0.0,1,12,2,0.0,0.0,0.0,0.0,0.0,0.0,0.0,0.0,0.0,0.0,0.0,0.0,0.0,0.0,0.0,0.0
Gram_error_fro,2.0,1,12,2,0.0,0.03699549,0.02308149,0.01708631,0.01349624,0.01094447,0.00901156,0.00749913,0.00629066,0.00531053,0.00450654,0.0038411,0.00328628,0.00282082,0.00242828,0.00209569
Gram_error_fro,2.0,1,12,2,0.0,0.00802834,0.00810393,0.00880189,0.0092717,0.00952164,0.00958148,0.009495,0.00930223,0.009035,0.00871745,0.00836759,0.00799879,0.007621,0.00724156,0.00686586
Gram_error_fro,2.0,1,12,2,0.0,0.03328799,0.02088012,0.01514329,0.01194029,0.00985244,0.00835083,0.00720036,0.0062829,0.00553134,0.00490342,0.00437057,0.0039126,0.00351479,0.00316618,0.00285844
Gram_error_fro,0.0,1,12,2,0.0,0.02997094,0.01618931,0.01249555,0.0108106,0.00961364,0.00859257,0.00768198,0.00686565,0.00613502,0.00548209,0.00489898,0.00437828,0.00391324,0.00349782,0.00312664
Gram_error_fro,2.0,1,12,2,0.0,0.0522795,0.03446455,0.02596958,0.02057915,0.01657226,0.01341802,0.01088087,0.0088238,0.00715172,0.00579193,0.00468648,0.00378847,0.00305979,0.00246941,0.00199207
Gram_error_fro,2.0,1,12,2,0.0,0.04048171,0.0104087,0.00394588,0.00232902,0.00189137,0.00177341,0.00170947,0.00163525,0.00154394,0.00144126,0.00133387,0.00122688,0.00112362,0.00102608,0.00093523
Gram_error_fro,4.0,1,12,2,0.0,0.05559776,0.03134995,0.02138657,0.01598087,0.01238199,0.00975992,0.00776797,0.00622243,0.00500908,0.00404933,0.00328595,0.00267593,0.00218645,0.00179217,0.00147343
Gram_error_fro,2.0,1,12,2,0.0,0.04234556,0.01197938,0.00554393,0.00379766,0.00302602,0.00254051,0.00216932,0.00186101,0.00159766,0.00137122,0.00117667,0.00100997,0.00086751,0.00074602,0.00064255
Gram_error_fro,4.0,1,12,2,0.0,0.02227855,0.01275633,0.00936163,0.00758637,0.00640207,0.00550203,0.0047752,0.00417136,0.00366163,0.00322656,0.00285199,0.00252722,0.00224398,0.00199578,0.00177742
Gram_error_fro,2.0,1,12,2,0.0,0.00543177,0.00167967,0.00041023,0.000585,0.00094328,0.00116498,0.00128993,0.00134947,0.00136399,0.0013472,0.00130872,0.00125553,0.00119278,0.0011243,0.00105295
Gram_error_fro,6.0,2,12,2,0.0,0.06137264,0.03909531,0.02919849,0.02382312,0.02048305,0.01829845,0.0168383,0.01585136,0.01517993,0.01472199,0.01441054,0.01420095,0.01406303,0.01397596,0.01392516
Gram_error_fro,2.0,1,12,2,0.0,0.04437265,0.03108918,0.02281856,0.01697741,0.01269758,0.00954541,0.0072191,0.00550143,0.00423607,0.00330918,0.00263597,0.00215149,0.00180467,0.00155517,0.00137186
Gram_error_fro,4.0,1,12,2,0.0,0.05207713,0.03424818,0.02665862,0.02225756,0.01906165,0.01649136,0.01433177,0.01248385,0.01089015,0.00951044,0.00831328,0.00727284,0.00636742,0.00557863,0.00489079
Gram_error_fro,4.0,1,12,2,0.0,0.04206028,0.03237547,0.02640957,0.022075,0.01862371,0.01576911,0.01337184,0.01134708,0.00963306,0.00818046,0.00694845,0.00590289,0.00501513,0.00426108,0.00362046
Gram_error_fro,4.0,1,12,2,0.0,0.04383416,0.01449326,0.00892397,0.00714249,0.00613265,0.00536864,0.00473194,0.00418536,0.00371082,0.00329622,0.00293232,0.00261173,0.00232842,0.00207743,0.00185461
Gram_error_fro,0.0,1,12,2,0.0,0.0,0.0,0.0,0.0,0.0,0.0,0.0,0.0,0.0,0.0,0.0,0.0,0.0,0.0,0.0
Gram_error_fro,2.0,1,12,2,0.0,0.01062819,0.0060234,0.00328665,0.00176477,0.00126848,0.00144746,0.00172372,0.00192071,0.00203018,0.00207144,0.00206376,0.00202213,0.00195748,0.00187767,0.00178833
Gram_error_fro,2.0,1,12,2,0.0,0.08508311,0.04839435,0.03240967,0.02388574,0.01825636,0.01419474,0.01116421,0.00886529,0.00710071,0.00573204,0.00465982,0.00381184,0.00313519,0.00259083,0.00214966
Gram_error_fro,2.0,1,12,2,0.0,0.06355611,0.04393793,0.03264925,0.02541705,0.0202104,0.01627727,0.01324113,0.0108645,0.00898257,0.0074768,0.00626045,0.00526928,0.00445519,0.00378174,0.00322106
Gram_error_fro,2.0,1,12,2,0.0,0.05804918,0.04360037,0.03413118,0.02756198,0.02256675,0.018642,0.01551027,0.01298275,0.01092259,0.00922856,0.0078248,0.00665375,0.0056712,0.00484277,0.00414142
Gram_error_fro,2.0,1,12,2,0.0,0.00634665,0.00319195,0.00349492,0.00376452,0.00380118,0.00367842,0.00346454,0.0032047,0.00292733,0.0026499,0.00238275,0.00213163,0.00189937,0.00168695,0.00149426
Gram_error_fro,4.0,1,12,2,0.0,0.08814288,0.0464302,0.03246274,0.02490369,0.01952705,0.01546023,0.01233332,0.00990655,0.00800723,0.0065085,0.00531666,0.00436205,0.00359247,0.00296843,0.00245979
Gram_error_fro,0.0,1,12,2,0.0,0.0,0.0,0.0,0.0,0.0,0.0,0.0,0.0,0.0,0.0,0.0,0.0,0.0,0.0,0.0
Gram_error_fro,2.0,1,12,2,0.0,0.01258929,0.00707441,0.00317424,0.00288,0.00486787,0.00658661,0.00777883,0.00851202,0.00888539,0.0089884,0.00889385,0.00865876,0.00832689,0.00793143,0.00749737
Gram_error_fro,4.0,1,12,2,0.0,0.05271121,0.04282351,0.03873569,0.03597444,0.03361219,0.03142831,0.02935935,0.02738567,0.02550221,0.02370896,0.02200715,0.02039767,0.01888056,0.01745482,0.01611857
Gram_error_fro,2.0,1,12,2,0.0,0.01369874,0.01607384,0.0172467,0.01684466,0.01563675,0.01411084,0.01253402,0.01103306,0.00965971,0.00842892,0.00733855,0.00637909,0.0055383,0.00480344,0.00416233
Gram_error_fro,2.0,1,12,2,0.0,0.08043223,0.03920543,0.02437527,0.01795684,0.01415875,0.01153893,0.00961627,0.00815546,0.00701348,0.00609662,0.00534229,0.00470843,0.00416653,0.00369698,0.00328598
Gram_error_fro,4.0,1,12,2,0.0,0.01258929,0.01390678,0.01438554,0.01357198,0.01219309,0.01069116,0.00926809,0.00799478,0.00688375,0.00592488,0.00510094,0.00439381,0.00378677,0.0032652,0.00281656
Gram_error_fro,2.0,1,12,2,0.0,0.06062325,0.06462813,0.06134553,0.05668911,0.05195667,0.0474363,0.04319361,0.03924741,0.03560265,0.03225587,0.02919695,0.02641103,0.02388036,0.02158576,0.01950783
Gram_error_fro,2.0,1,12,2,0.0,0.10542242,0.08140941,0.06641045,0.05542122,0.04636973,0.03877779,0.03242438,0.02712394,0.02270793,0.01902864,0.01596066,0.01339939,0.01125836,0.00946633,0.00796464
Gram_error_fro,4.0,1,12,2,0.0,0.07078486,0.04799356,0.03508595,0.02631317,0.01973529,0.01477088,0.01110002,0.00847816,0.00670159,0.00558352,0.00493718,0.00458569,0.00438891,0.00425608,0.00413783
Gram_error_fro,0.0,1,12,4,0.0,0.0,0.0,0.0,0.0,0.0,0.0,0.0,0.0,0.0,0.0,0.0,0.0,0.0,0.0,0.0
Gram_error_fro,2.0,1,12,4,0.0,0.06553815,0.05737199,0.04768008,0.03976495,0.03331571,0.0280035,0.02360863,0.01996426,0.01693423,0.01440644,0.01228936,0.01050904,0.00900596,0.00773225,0.00664932
Gram_error_fro,2.0,1,12,4,0.0,0.06413181,0.04611373,0.03520611,0.02826475,0.02333923,0.01961245,0.01667074,0.01427848,0.01229216,0.01061933,0.00919695,0.00797964,0.00693311,0.00603044,0.0052499
Gram_error_fro,2.0,1,12,4,0.0,0.0427644,0.04229428,0.03786012,0.03283346,0.02825849,0.02429721,0.02090581,0.01800637,0.01552437,0.01339555,0.01156604,0.00999097,0.00863295,0.00746073,0.00644802
Gram_error_fro,2.0,1,12,4,0.0,0.04272567,0.04298432,0.03923906,0.03454134,0.02992943,0.02573923,0.02206118,0.01888916,0.01617813,0.01387034,0.01190769,0.01023718,0.00881282,0.00759571,0.00655339
Gram_error_fro,2.0,1,12,4,0.0,0.04228839,0.0330555,0.02795468,0.02430104,0.0212033,0.01845613,0.01601612,0.01386589,0.01198565,0.01035081,0.00893451,0.00771014,0.00665287,0.00574033,0.00495283
Gram_error_fro,4.0,1,12,4,0.0,0.07416901,0.0567038,0.04643813,0.0393329,0.03379718,0.02916625,0.02518433,0.02174064,0.01876596,0.01620188,0.01399462,0.01209507,0.01045957,0.00905013,0.00783419
Gram_error_fro,2.0,1,12,4,0.0,0.06746566,0.03471536,0.02416066,0.01923937,0.01595457,0.01345198,0.01145329,0.00982227,0.00847378,0.00734795,0.00640031,0.00559695,0.00491149,0.00432324,0.0038157
Gram_error_fro,2.0,1,12,4,0.0,0.06413181,0.04611373,0.03520611,0.02826475,0.02333923,0.01961245,0.01667074,0.01427848,0.01229216,0.01061933,0.00919695,0.00797964,0.00693311,0.00603044,0.0052499
Gram_error_fro,4.0,1,12,4,0.0,0.07901126,0.05269963,0.03780812,0.02892156,0.0228264,0.01830081,0.01482107,0.01210273,0.0099587,0.00825381,0.00688709,0.00578245,0.00488236,0.00414321,0.00353182
Gram_error_fro,4.0,1,12,4,0.0,0.11177423,0.08528184,0.06055296,0.04413098,0.03341014,0.02612273,0.02092737,0.01706848,0.01410904,0.0117838,0.00992311,0.00841304,0.00717383,0.00614764,0.00529135
Gram_error_fro,4.0,1,12,4,0.0,0.108191,0.08605184,0.05927961,0.04064723,0.02885378,0.02146999,0.01673783,0.0135682,0.01132646,0.0096534,0.00834638,0.00728866,0.00641024,0.00566689,0.00502914
Gram_error_fro,4.0,1,12,4,0.0,0.0653569,0.05883687,0.05345104,0.04710275,0.0407234,0.03487627,0.02974476,0.02533465,0.02158218,0.01840287,0.01571228,0.01343408,0.01150232,0.0098613,0.00846452
Gram_error_fro,4.0,1,12,4,0.0,0.07949449,0.06644287,0.05389064,0.04367952,0.03557743,0.02916346,0.02406382,0.01998286,0.01669367,0.01402347,0.01184062,0.01004445,0.00855744,0.00731946,0.0062835
Gram_error_fro,4.0,1,12,4,0.0,0.09812485,0.08267755,0.06328414,0.0485972,0.03789799,0.0299971,0.02405551,0.0195128,0.01598746,0.01321412,0.01100501,0.00922534,0.00777703,0.00658777,0.00560352
Gram_error_fro,4.0,1,12,4,0.0,0.0656002,0.05691818,0.04851663,0.04170967,0.03601155,0.0311155,0.02687339,0.02319853,0.02002268,0.01728384,0.01492463,0.01289301,0.01114293,0.00963436,0.00833292
Gram_error_fro,0.0,1,12,7,0.0,0.0,0.0,0.0,0.0,0.0,0.0,0.0,0.0,0.0,0.0,0.0,0.0,0.0,0.0,0.0
Gram_error_fro,2.0,1,12,7,0.0,0.06250223,0.05869264,0.05255356,0.04595842,0.03939404,0.03324217,0.02771631,0.02289703,0.01878113,0.01531926,0.01244048,0.01006723,0.00812378,0.00654061,0.00525624
Gram_error_fro,2.0,1,12,7,0.0,0.09316042,0.08396953,0.06618025,0.05094474,0.03905062,0.02991525,0.02292068,0.01756977,0.01347772,0.01034852,0.00795499,0.00612314,0.00472002,0.00364415,0.00281818
Gram_error_fro,2.0,1,12,7,0.0,0.07630028,0.07127306,0.05833733,0.0461385,0.03610733,0.02819883,0.02204333,0.01726143,0.01353954,0.01063452,0.00836117,0.00657848,0.00517849,0.00407792,0.00321217
Gram_error_fro,0.0,1,12,7,0.0,0.05454465,0.03225269,0.01877002,0.01179206,0.00780178,0.00527862,0.00360035,0.00246278,0.0016871,0.0011573,0.00079527,0.00054779,0.00037852,0.00026264,0.00018319
Gram_error_fro,0.0,1,12,7,0.0,0.06331112,0.05901308,0.05222228,0.04538468,0.03882454,0.03279437,0.02742308,0.02274458,0.01873691,0.01534825,0.01251276,0.01016026,0.00822215,0.0066347,0.00534075
Gram_error_fro,2.0,1,12,7,0.0,0.09540734,0.08839498,0.07460154,0.06128528,0.0497064,0.04002357,0.03207597,0.02562028,0.02041149,0.01622893,0.01288277,0.01021356,0.00808931,0.0064019,0.00506349
Gram_error_fro,0.0,1,12,7,0.0,0.06331112,0.05901308,0.05222228,0.04538468,0.03882454,0.03279437,0.02742308,0.02274458,0.01873691,0.01534825,0.01251276,0.01016026,0.00822215,0.0066347,0.00534075
Gram_error_fro,2.0,1,12,7,0.0,0.09316042,0.08396953,0.06618025,0.05094474,0.03905062,0.02991525,0.02292068,0.01756977,0.01347772,0.01034852,0.00795499,0.00612314,0.00472002,0.00364415,0.00281818
Gram_error_fro,2.0,1,12,7,0.0,0.11330973,0.10236299,0.08120174,0.06294117,0.04853344,0.03741797,0.02890715,0.02240069,0.01741798,0.01358896,0.01063409,0.00834396,0.00656182,0.00516999,0.00407962
Gram_error_fro,4.0,1,12,7,0.0,0.1048506,0.08561117,0.06792812,0.05512894,0.04507633,0.03681901,0.02997355,0.02431696,0.01966967,0.01587196,0.01278205,0.01027676,0.00825113,0.00661705,0.0053013
Gram_error_fro,4.0,1,12,7,0.0,0.10220374,0.08855809,0.07034526,0.05545554,0.04378753,0.03461611,0.02737195,0.02163874,0.01710088,0.01351146,0.01067436,0.00843324,0.00666354,0.00526632,0.00416315
Gram_error_fro,0.0,1,12,7,0.0,0.12296012,0.10916012,0.08686885,0.0683124,0.05384734,0.04262601,0.03386819,0.02698168,0.02153169,0.01719802,0.01374115,0.01097856,0.00876882,0.00700084,0.00558653
Gram_error_fro,6.0,1,12,7,0.0,0.12893796,0.10929486,0.08530614,0.06682223,0.05279189,0.04188846,0.03327257,0.02641398,0.02094485,0.01658761,0.01312254,0.0103723,0.00819315,0.0064689,0.00510602
Gram_error_fro,2.0,1,12,7,0.0,0.1135558,0.09628652,0.07289117,0.05460595,0.04103291,0.03096813,0.02346529,0.0178422,0.01360807,0.01040689,0.00797819,0.00612997,0.00471975,0.00364117,0.00281446
Gram_error_fro,2.0,1,12,7,0.0,0.12479739,0.11309614,0.09227935,0.0733113,0.05757958,0.04500568,0.03513152,0.02743724,0.02145594,0.01680462,0.01318171,0.01035404,0.0081425,0.0064096,0.00504956
Gram_error_fro,0.0,1,12,2,0.0,0.0,0.0,0.0,0.0,0.0,0.0,0.0,0.0,0.0,0.0,0.0,0.0,0.0,0.0,0.0
Gram_error_fro,2.0,1,12,2,0.0,0.03293294,0.01800948,0.01247336,0.00961875,0.00765426,0.00616396,0.00499931,0.00407787,0.00334325,0.00275391,0.00227839,0.00189261,0.001578,0.00132014,0.00110782
Gram_error_fro,2.0,1,12,2,0.0,0.00610959,0.00243832,0.00210735,0.00219809,0.00217735,0.00205612,0.00188602,0.00170012,0.00151629,0.00134342,0.00118537,0.0010433,0.00091691,0.00080521,0.0007069
Gram_error_fro,2.0,1,12,2,0.0,0.04033641,0.02442732,0.0173686,0.01291569,0.00970266,0.00732159,0.00554017,0.00420161,0.00319398,0.00243527,0.00186455,0.0014362,0.00111579,0.00087714,0.00070016
Gram_error_fro,2.0,2,12,2,0.0,0.04300891,0.01056145,0.00381411,0.00302726,0.00367635,0.00467895,0.0057055,0.00666738,0.00754313,0.00833098,0.00903543,0.009663,0.01022069,0.01071533,0.01115336
Gram_error_fro,2.0,1,12,2,0.0,0.02342986,0.0149455,0.01129951,0.00927639,0.00777655,0.00657223,0.00558224,0.00475895,0.00406934,0.00348886,0.00299833,0.00258242,0.0022287,0.00192698,0.00166891
Gram_error_fro,4.0,1,12,2,0.0,0.08770631,0.05823129,0.0437738,0.03500975,0.02852148,0.02340501,0.01929446,0.0159667,0.01325954,0.01104814,0.00923464,0.00774175,0.00650823,0.00548537,0.00463432
Gram_error_fro,2.0,1,12,2,0.0,0.08059569,0.04196104,0.02876795,0.02183725,0.01716183,0.01368404,0.01099116,0.00886771,0.00717743,0.00582415,0.00473622,0.00385869,0.00314888,0.00257331,0.00210556
Gram_error_fro,4.0,1,12,2,0.0,0.07880739,0.05156822,0.03700569,0.028134,0.02210849,0.01774329,0.01445779,0.01192134,0.00992517,0.00832918,0.00703584,0.00597557,0.00509771,0.00436474,0.00374837
Gram_error_fro,2.0,1,12,2,0.0,0.06489591,0.02805492,0.0175155,0.01278075,0.00989199,0.00786075,0.00633866,0.00516316,0.0042395,0.00350472,0.00291422,0.00243541,0.00204405,0.0017219,0.00145505
Gram_error_fro,2.0,1,12,2,0.0,0.02568096,0.0226251,0.01821421,0.01461692,0.01179991,0.00958252,0.00782161,0.00641218,0.00527651,0.00435624,0.00360698,0.00299454,0.0024923,0.00207933,0.001739
Gram_error_fro,2.0,1,12,2,0.0,0.04657737,0.01284699,0.01083274,0.01037912,0.00956357,0.00866309,0.00778551,0.00696441,0.00620958,0.00552238,0.00490072,0.004341,0.00383895,0.00339002,0.00298968
Gram_error_fro,2.0,1,12,2,0.0,0.04709901,0.02730068,0.01907082,0.01459798,0.01166507,0.00956749,0.00800014,0.00679341,0.00583996,0.00506827,0.00442979,0.00389134,0.00343009,0.00303011,0.0026801
Gram_error_fro,4.0,1,12,2,0.0,0.06111012,0.04379838,0.03204792,0.02443057,0.01922163,0.01547318,0.01267156,0.01051644,0.00882001,0.00745913,0.00635018,0.00543471,0.00467086,0.00402788,0.00348273
Gram_error_fro,4.0,1,12,2,0.0,0.00895691,0.0137177,0.01448068,0.01368338,0.01264523,0.01155818,0.01048014,0.00944556,0.0084757,0.00758175,0.00676771,0.00603284,0.00537351,0.00478452,0.00425994
Gram_error_fro,4.0,1,12,2,0.0,0.03335933,0.01793905,0.01071792,0.00720747,0.00509685,0.00371726,0.00280996,0.00222212,0.00184419,0.00159586,0.00142225,0.00128963,0.00117924,0.0010815,0.00099187
Gram_error_fro,0.0,1,12,5,0.0,0.0,0.0,0.0,0.0,0.0,0.0,0.0,0.0,0.0,0.0,0.0,0.0,0.0,0.0,0.0
Gram_error_fro,2.0,1,12,5,0.0,0.04517187,0.03839869,0.03055611,0.02517326,0.02128806,0.01819259,0.01559413,0.01337678,0.01148116,0.00986349,0.00848502,0.00731047,0.00630845,0.00545182,0.0047176
Gram_error_fro,2.0,1,12,5,0.0,0.06982133,0.0514845,0.03302497,0.02142248,0.01474989,0.01094753,0.00869989,0.00726053,0.00623736,0.00543736,0.00476926,0.00419034,0.00367994,0.00322709,0.00282499
Gram_error_fro,2.0,1,12,5,0.0,0.0550521,0.06051485,0.0550538,0.04688,0.03886492,0.03191517,0.02617804,0.02153498,0.01779966,0.01479121,0.01235676,0.01037417,0.00874836,0.00740598,0.00629052
Gram_error_fro,2.0,1,12,5,0.0,0.06785035,0.05833798,0.0477105,0.03843493,0.03074068,0.02459154,0.01978253,0.01605529,0.01316606,0.01091171,0.00913379,0.00771316,0.00656215,0.0056169,0.00483099
Gram_error_fro,2.0,1,12,5,0.0,0.06982133,0.0514845,0.03302497,0.02142248,0.01474989,0.01094753,0.00869989,0.00726053,0.00623736,0.00543736,0.00476926,0.00419034,0.00367994,0.00322709,0.00282499
Gram_error_fro,2.0,1,12,5,0.0,0.08125263,0.07175097,0.05884673,0.04722819,0.0374846,0.02962465,0.02343112,0.01861316,0.01488577,0.01200271,0.00976458,0.00801572,0.00663732,0.00553997,0.00465696
Gram_error_fro,4.0,1,12,5,0.0,0.10138067,0.07628165,0.05245013,0.0365848,0.02639934,0.01982798,0.01552858,0.01263494,0.01059347,0.00906584,0.00785607,0.00685469,0.00600107,0.00526064,0.00461242
Gram_error_fro,4.0,1,12,5,0.0,0.09944008,0.07919173,0.0589777,0.0448041,0.03488778,0.02783224,0.02275663,0.01905154,0.01627996,0.01413652,0.01241711,0.01099053,0.00977435,0.00871691,0.00778529
Gram_error_fro,4.0,1,12,5,0.0,0.08825485,0.07363285,0.05638669,0.0443723,0.03643279,0.0310122,0.02706595,0.02398017,0.02141833,0.01920335,0.01724275,0.01548653,0.01390517,0.01247889,0.01119255
Gram_error_fro,4.0,2,12,5,0.0,0.07069944,0.04557842,0.02861019,0.02240368,0.0217007,0.02265092,0.02383177,0.02487808,0.02572852,0.02639874,0.02692015,0.02732346,0.02763466,0.02787461,0.02805966
Gram_error_fro,4.0,1,12,5,0.0,0.10102423,0.07401284,0.05544248,0.04297715,0.03353524,0.02614794,0.0203956,0.01596163,0.01256808,0.00997812,0.00799924,0.00648029,0.00530549,0.00438768,0.0036621
Gram_error_fro,4.0,1,12,5,0.0,0.07478986,0.06961507,0.0595392,0.04948518,0.04063933,0.0332536,0.02724305,0.02240817,0.01853143,0.01541676,0.0129015,0.0108564,0.00918099,0.007798,0.00664813
Gram_error_fro,2.0,1,12,5,0.0,0.06626962,0.05011141,0.03672504,0.02654231,0.01898347,0.01356214,0.00977079,0.00715179,0.00534109,0.00407277,0.00316422,0.00249549,0.00198992,0.00159881,0.00129086
Gram_error_fro,4.0,1,12,5,0.0,0.09109186,0.06449907,0.04419915,0.03113007,0.02272542,0.01727819,0.01367777,0.01120385,0.00940923,0.00803101,0.00692057,0.0059948,0.00520616,0.0045259,0.0039352
Gram_error_fro,4.0,1,12,5,0.0,0.10819617,0.08478011,0.06287684,0.04752473,0.03655121,0.02848064,0.02244897,0.01789569,0.01442793,0.01176132,0.00968831,0.00805732,0.00675785,0.00570936,0.00485308
Gram_error_fro,0.0,1,12,4,0.0,0.0,0.0,0.0,0.0,0.0,0.0,0.0,0.0,0.0,0.0,0.0,0.0,0.0,0.0,0.0
Gram_error_fro,2.0,1,12,4,0.0,0.06824868,0.04634152,0.03223709,0.02338024,0.01742965,0.01322268,0.01016016,0.00789405,0.00619966,0.00492229,0.00395185,0.00320856,0.00263405,0.00218542,0.00183103
Gram_error_fro,2.0,1,12,4,0.0,0.03978941,0.02882606,0.02087263,0.01587953,0.01236293,0.00973476,0.00774545,0.00623637,0.00508614,0.00420112,0.00351111,0.00296484,0.00252539,0.0021664,0.00186899
Gram_error_fro,2.0,1,12,4,0.0,0.02974045,0.02164233,0.01475402,0.01034968,0.0074078,0.00536735,0.00394664,0.00296503,0.00228967,0.00182188,0.00149117,0.00124959,0.00106606,0.00092106,0.00080257
Gram_error_fro,2.0,1,12,4,0.0,0.08296296,0.05459659,0.03174697,0.01832274,0.01086871,0.00676432,0.00448088,0.00317689,0.00239844,0.00190455,0.00156883,0.00132503,0.00113776,0.00098747,0.00086289
Gram_error_fro,2.0,1,12,4,0.0,0.06829599,0.05674398,0.04674686,0.03891587,0.03261051,0.02746327,0.02323741,0.01975592,0.01687685,0.01448426,0.01248392,0.01080015,0.00937292,0.008155,0.00710939
Gram_error_fro,4.0,1,12,4,0.0,0.06516793,0.04433837,0.03018793,0.02114801,0.01511911,0.01099343,0.00811653,0.00607234,0.00459249,0.00350329,0.00269105,0.00207964,0.00161654,0.0012645,0.00099635
Gram_error_fro,2.0,1,12,4,0.0,0.07784171,0.06962933,0.06040739,0.05203745,0.04480332,0.03868969,0.03354719,0.02920462,0.02551202,0.02234937,0.01962326,0.01726103,0.01520539,0.01341049,0.01183898
Gram_error_fro,4.0,1,12,4,0.0,0.07961375,0.0575354,0.04066676,0.02951589,0.02199121,0.01668807,0.01280965,0.00990231,0.00769042,0.00599336,0.00468518,0.00367426,0.00289211,0.00228664,0.00181782
Gram_error_fro,4.0,1,12,4,0.0,0.09941816,0.07663287,0.05870636,0.04633876,0.03712435,0.02992943,0.02423635,0.01972967,0.01616705,0.01334853,0.01110992,0.00931967,0.00787491,0.00669682,0.00572579
Gram_error_fro,4.0,2,12,4,0.0,0.06338994,0.04890199,0.03551427,0.02747659,0.02401181,0.0230942,0.0231824,0.02354081,0.02390063,0.02418501,0.02438487,0.02451197,0.02458231,0.02461071,0.02460932
Gram_error_fro,4.0,1,12,4,0.0,0.098416,0.07142346,0.05191983,0.03993233,0.03203044,0.02629497,0.02184775,0.0182796,0.01537116,0.01298251,0.01101207,0.00938088,0.00802576,0.00689564,0.00594916
Gram_error_fro,4.0,1,12,4,0.0,0.08685337,0.06708199,0.0517222,0.04122502,0.0334989,0.02750615,0.02275432,0.01895445,0.01589963,0.01342858,0.011414,0.00975649,0.00837956,0.00722493,0.0062484
Gram_error_fro,2.0,1,12,4,0.0,0.1188794,0.10208845,0.08338444,0.06794537,0.05562976,0.04583911,0.03803942,0.03179815,0.02677222,0.02269374,0.01935605,0.01660094,0.01430755,0.01238334,0.01075713
Gram_error_fro,4.0,1,12,4,0.0,0.10063456,0.0924988,0.07699763,0.0631608,0.05205994,0.0433354,0.0364658,0.0310031,0.02660078,0.02300103,0.02001533,0.01750657,0.01537463,0.01354563,0.01196427
Gram_error_fro,4.0,1,12,4,0.0,0.07433652,0.0693167,0.06184635,0.05350411,0.04556328,0.03860235,0.03272681,0.02784439,0.02380422,0.02045475,0.01766394,0.01532345,0.01334685,0.01166601,0.01022739
Gram_error_fro,0.0,1,12,4,0.0,0.0,0.0,0.0,0.0,0.0,0.0,0.0,0.0,0.0,0.0,0.0,0.0,0.0,0.0,0.0
Gram_error_fro,2.0,1,12,4,0.0,0.04478075,0.04392895,0.03898994,0.0333193,0.02803555,0.0234704,0.01965751,0.0165193,0.01394731,0.01183603,0.01009493,0.00865053,0.00744463,0.00643158,0.00557554
Gram_error_fro,2.0,1,12,4,0.0,0.03987975,0.02540474,0.02055289,0.01776942,0.01559237,0.01374994,0.01215936,0.01077642,0.00956826,0.00850805,0.00757367,0.006747,0.00601319,0.00536007,0.00477755
Gram_error_fro,2.0,1,12,4,0.0,0.04315315,0.03632305,0.03246688,0.02951394,0.02674745,0.02409076,0.02157917,0.01924758,0.01711382,0.01518105,0.01344279,0.01188716,0.01049975,0.00926539,0.00816919
Gram_error_fro,0.0,1,12,4,0.0,0.0,0.0,0.0,0.0,0.0,0.0,0.0,0.0,0.0,0.0,0.0,0.0,0.0,0.0,0.0
Gram_error_fro,0.0,1,12,4,0.0,0.0,0.0,0.0,0.0,0.0,0.0,0.0,0.0,0.0,0.0,0.0,0.0,0.0,0.0,0.0
Gram_error_fro,2.0,1,12,4,0.0,0.04921198,0.04784307,0.04303375,0.03811856,0.03363782,0.02961801,0.02602629,0.02282975,0.01999658,0.01749476,0.0152923,0.01335814,0.01166283,0.01017908,0.00888191
Gram_error_fro,2.0,1,12,4,0.0,0.04444283,0.02858725,0.02316893,0.02043364,0.01852557,0.01690929,0.01541135,0.01398761,0.01263707,0.01136903,0.01019175,0.0091095,0.00812259,0.00722835,0.00642212
Gram_error_fro,2.0,1,12,4,0.0,0.10841356,0.08525791,0.05867521,0.04068545,0.0294604,0.02237529,0.01767846,0.01437093,0.01191025,0.01000023,0.00847218,0.00722387,0.00618899,0.00532191,0.00458964
Gram_error_fro,4.0,1,12,4,0.0,0.10508438,0.09432834,0.08015388,0.06834843,0.05825516,0.04956322,0.04213963,0.03585175,0.03055057,0.02608737,0.02232643,0.0191504,0.01646074,0.01417599,0.01222934
Gram_error_fro,4.0,1,12,4,0.0,0.08059305,0.06492136,0.05298412,0.04407993,0.03721075,0.03174348,0.02728088,0.02356896,0.02043834,0.01777092,0.01548093,0.01350395,0.01179014,0.01029998,0.00900144
Gram_error_fro,4.0,1,12,4,0.0,0.07571248,0.05130241,0.03614265,0.02736435,0.02192355,0.01823454,0.01550628,0.01335469,0.01158826,0.01010334,0.00883737,0.0077484,0.0068059,0.00598645,0.00527146
Gram_error_fro,4.0,1,12,4,0.0,0.07707966,0.05153584,0.03443693,0.02419378,0.01800804,0.01409558,0.01145079,0.00953742,0.00807302,0.00690521,0.00594741,0.00514709,0.00447001,0.00389236,0.00339668
Gram_error_fro,6.0,1,12,4,0.0,0.10621513,0.09915154,0.08737707,0.07544851,0.06457593,0.05508936,0.04698091,0.04011662,0.03432677,0.02944457,0.02532107,0.02182919,0.01886294,0.01633497,0.01417357
Gram_error_fro,6.0,2,12,4,0.0,0.10231335,0.07706926,0.06025605,0.05150964,0.04738096,0.0457912,0.04561306,0.04621096,0.04721072,0.04838899,0.04961378,0.05080936,0.05193465,0.05296968,0.05390723
Gram_error_fro,4.0,1,12,4,0.0,0.07324569,0.04776106,0.03488843,0.0280935,0.02373972,0.02046761,0.01778693,0.01550973,0.0135508,0.01185982,0.01039913,0.00913686,0.00804505,0.00709914,0.00627784
Gram_error_fro,0.0,1,12,3,0.0,0.0,0.0,0.0,0.0,0.0,0.0,0.0,0.0,0.0,0.0,0.0,0.0,0.0,0.0,0.0
Gram_error_fro,2.0,1,12,3,0.0,0.0589594,0.04646852,0.03790657,0.03203581,0.02748827,0.02376002,0.02063569,0.01799051,0.01573583,0.01380315,0.01213812,0.01069711,0.00944487,0.00835271,0.00739713
Gram_error_fro,2.0,1,12,3,0.0,0.05303432,0.03967347,0.02953097,0.02286143,0.01817968,0.01470493,0.01203273,0.00992994,0.00824884,0.0068891,0.00577921,0.00486656,0.00411145,0.00348345,0.00295883
Gram_error_fro,2.0,1,12,3,0.0,0.01209798,0.0063105,0.00289774,0.00267005,0.00320632,0.00346751,0.00347875,0.00334235,0.00312749,0.00287558,0.00261126,0.00234934,0.00209864,0.00186414,0.0016484
Gram_error_fro,2.0,1,12,3,0.0,0.05520719,0.02933412,0.01839825,0.01347143,0.01083045,0.00915671,0.00795239,0.0070092,0.00622937,0.00556213,0.00497883,0.00446216,0.00400085,0.0035871,0.00321511
Gram_error_fro,2.0,1,12,3,0.0,0.03820583,0.02341158,0.01677588,0.01291396,0.01022558,0.00820322,0.00662807,0.00537915,0.00437857,0.00357172,0.00291834,0.00238779,0.00195619,0.00160464,0.00131806
Gram_error_fro,2.0,1,12,3,0.0,0.02090021,0.01249731,0.0101789,0.00830871,0.0065025,0.00504538,0.00397939,0.00322471,0.00268373,0.00227939,0.00196102,0.00169855,0.00147503,0.00128104,0.00111114
Gram_error_fro,2.0,1,12,3,0.0,0.03944991,0.02470436,0.01673068,0.01210696,0.00917418,0.00716982,0.00572359,0.00463899,0.00380222,0.00314262,0.0026139,0.00218454,0.00183228,0.00154099,0.00129863
Gram_error_fro,4.0,1,12,3,0.0,0.07289489,0.04763607,0.03370748,0.02528169,0.01957385,0.01543731,0.01231429,0.00989516,0.00799067,0.00647571,0.00526232,0.00428577,0.00349701,0.00285809,0.00233932
Gram_error_fro,4.0,1,12,3,0.0,0.05972533,0.03847806,0.03100499,0.02741384,0.02495373,0.02298972,0.02133395,0.01989428,0.01861089,0.01744357,0.01636599,0.01536132,0.01441883,0.01353161,0.01269499
Gram_error_fro,2.0,1,12,3,0.0,0.06874338,0.03592699,0.02281704,0.01653157,0.01276277,0.01017,0.00824631,0.0067576,0.00557633,0.00462392,0.00384758,0.00320982,0.00268287,0.00224561,0.00188158
Gram_error_fro,4.0,1,12,3,0.0,0.11304553,0.1041172,0.08995942,0.0766108,0.06492978,0.05499196,0.04664117,0.03965747,0.03382183,0.02893881,0.02484208,0.02139335,0.0184791,0.01600666,0.01390068
Gram_error_fro,4.0,1,12,3,0.0,0.06950874,0.04791201,0.03483379,0.02640184,0.02045216,0.01604834,0.01271092,0.0101458,0.00815347,0.00659208,0.0053584,0.00437624,0.00358885,0.00295356,0.00243804
Gram_error_fro,2.0,1,12,3,0.0,0.03451502,0.01566034,0.00967006,0.00730007,0.00584435,0.00474682,0.00386537,0.00314467,0.00255336,0.00206902,0.00167378,0.00135283,0.00109375,0.00088611,0.00072113
Gram_error_fro,4.0,1,12,3,0.0,0.073508,0.05369471,0.04080733,0.0323824,0.02627638,0.0215809,0.01786299,0.01487195,0.01244061,0.01044864,0.00880606,0.00744408,0.00630938,0.00536011,0.00456307
Gram_error_fro,4.0,1,12,3,0.0,0.07411694,0.04980205,0.03361662,0.02376612,0.0177263,0.01387972,0.01131418,0.00951451,0.00818414,0.00715022,0.00631132,0.0056073,0.00500184,0.00447238,0.00400431
Gram_error_fro,0.0,1,12,5,0.0,0.0,0.0,0.0,0.0,0.0,0.0,0.0,0.0,0.0,0.0,0.0,0.0,0.0,0.0,0.0
Gram_error_fro,2.0,1,12,5,0.0,0.05155988,0.04070763,0.03111244,0.02432524,0.01924671,0.01532611,0.01226993,0.00987837,0.0080008,0.00652124,0.00535022,0.0044188,0.00367386,0.0030744,0.00258876
Gram_error_fro,2.0,1,12,5,0.0,0.05155988,0.04070763,0.03111244,0.02432524,0.01924671,0.01532611,0.01226993,0.00987837,0.0080008,0.00652124,0.00535022,0.0044188,0.00367386,0.0030744,0.00258876
Gram_error_fro,2.0,1,12,5,0.0,0.06605441,0.03820753,0.02192887,0.01352146,0.00890421,0.00619027,0.00450819,0.00341776,0.00267968,0.00215821,0.00177446,0.00148162,0.00125129,0.00106565,0.00091317
Gram_error_fro,2.0,1,12,5,0.0,0.04643894,0.02748384,0.01654673,0.01050635,0.00716284,0.00528478,0.00416826,0.00343539,0.00290077,0.00247873,0.00212966,0.00183402,0.00158083,0.00136296,0.00117512
Gram_error_fro,2.0,1,12,5,0.0,0.05338019,0.04225366,0.03285867,0.02655375,0.02228645,0.01911532,0.01654982,0.01437523,0.01249666,0.01086439,0.00944506,0.00821183,0.00714125,0.00621247,0.00540695
Gram_error_fro,4.0,1,12,5,0.0,0.09656711,0.08447546,0.06875347,0.05505444,0.0439806,0.03525122,0.02841975,0.02307068,0.01886446,0.01553627,0.01288353,0.01075237,0.00902626,0.0076169,0.00645718
Gram_error_fro,4.0,2,12,5,0.0,0.07072943,0.06714575,0.05712878,0.04798199,0.04100785,0.0360783,0.03276964,0.03064358,0.02933094,0.02855359,0.02811741,0.02789366,0.02779958,0.02778293,0.02781105
Gram_error_fro,4.0,1,12,5,0.0,0.089041,0.06074205,0.0397468,0.02622682,0.01781446,0.0126488,0.00944345,0.00738214,0.00598296,0.00497616,0.00421386,0.00361374,0.00312777,0.00272615,0.0023892
Gram_error_fro,4.0,2,12,5,0.0,0.06429655,0.04735401,0.03696371,0.03250063,0.03060808,0.02970894,0.02923137,0.02896045,0.02880191,0.02870786,0.02865185,0.0286187,0.0285996,0.02858935,0.02858484
Gram_error_fro,2.0,2,12,5,0.0,0.09164768,0.06906062,0.04949587,0.03799068,0.03219607,0.0294737,0.02820182,0.02760053,0.02732633,0.0272247,0.02721993,0.02727097,0.02735355,0.02745259,0.02755842
Gram_error_fro,2.0,1,12,5,0.0,0.10920071,0.07780364,0.05297591,0.03673807,0.02646655,0.0199418,0.0156644,0.01271626,0.01056743,0.00892034,0.00760735,0.00653106,0.00563194,0.00487129,0.00422234
Gram_error_fro,4.0,2,12,5,0.0,0.09189576,0.06628217,0.05103308,0.04351886,0.03948971,0.03704606,0.03539336,0.03418219,0.03324635,0.03249902,0.03189001,0.03138738,0.03096909,0.03061902,0.03032486
Gram_error_fro,6.0,1,12,5,0.0,0.09350483,0.06494591,0.04417092,0.03144415,0.02373465,0.01893095,0.0157456,0.0134522,0.01166906,0.01020352,0.00895787,0.0078797,0.00693788,0.0061115,0.00538491
Gram_error_fro,2.0,1,12,5,0.0,0.06783295,0.05159223,0.03688493,0.02579785,0.01789905,0.01242089,0.00866847,0.0061166,0.00439398,0.00324298,0.00248325,0.00198552,0.00165626,0.00142992,0.00126368
Gram_error_fro,4.0,2,12,5,0.0,0.10938724,0.09332779,0.07427395,0.0593755,0.04859985,0.04112233,0.03611735,0.03288209,0.03085728,0.02962665,0.02890018,0.02848648,0.02826387,0.0281567,0.0281184
Gram_error_fro,0.0,1,12,3,0.0,0.0,0.0,0.0,0.0,0.0,0.0,0.0,0.0,0.0,0.0,0.0,0.0,0.0,0.0,0.0
Gram_error_fro,2.0,1,12,3,0.0,0.05417597,0.02424758,0.01336118,0.00988843,0.00838818,0.00741067,0.00662579,0.00594755,0.00534676,0.00480972,0.00432787,0.00389473,0.00350495,0.00315396,0.00283775
Gram_error_fro,2.0,1,12,3,0.0,0.03081439,0.02191572,0.01469726,0.00987084,0.00663215,0.00445146,0.00302091,0.00214926,0.00168963,0.00149187,0.00141728,0.00137872,0.00133857,0.00128597,0.00122082
Gram_error_fro,2.0,1,12,3,0.0,0.07006507,0.05610902,0.04049431,0.02905554,0.02112411,0.01557537,0.01162082,0.00875683,0.00665702,0.00510289,0.00394389,0.00307395,0.00241712,0.0019183,0.00153714
Gram_error_fro,2.0,1,12,3,0.0,0.05043257,0.04035566,0.03025522,0.02248456,0.01687402,0.01285063,0.00993475,0.00778997,0.00618808,0.00497374,0.00403988,0.00331183,0.00273687,0.00227738,0.0019062
Gram_error_fro,2.0,1,12,3,0.0,0.01690591,0.01338007,0.0123399,0.01050058,0.00870795,0.00717978,0.00592346,0.00490467,0.00408379,0.0034239,0.00289283,0.00246365,0.00211443,0.00182772,0.00158988
Gram_error_fro,4.0,2,12,3,0.0,0.01685934,0.00817749,0.00575002,0.00643636,0.00762236,0.00876878,0.00983289,0.01081686,0.01172281,0.01255214,0.01330664,0.01398895,0.01460252,0.01515151,0.01564051
Gram_error_fro,2.0,1,12,3,0.0,0.05834183,0.03316228,0.02110293,0.01480801,0.01101501,0.00846762,0.00664631,0.00529934,0.00428344,0.00350684,0.00290626,0.00243633,0.00206384,0.0017644,0.0015201
Gram_error_fro,4.0,1,12,3,0.0,0.09705126,0.06183787,0.04162727,0.03058696,0.02368428,0.01888105,0.01530303,0.01252816,0.01032537,0.00855222,0.00711209,0.00593499,0.00496812,0.00417062,0.00351037
Gram_error_fro,2.0,2,12,3,0.0,0.05978479,0.03191741,0.02007974,0.01534704,0.01343635,0.01280036,0.01277647,0.01304546,0.01344865,0.01390583,0.01437536,0.014835,0.01527267,0.01568197,0.01605986
Gram_error_fro,4.0,1,12,3,0.0,0.0689223,0.03789235,0.02421579,0.01677233,0.0121697,0.00925221,0.00740045,0.0062016,0.00537977,0.00476583,0.00426603,0.00383275,0.00344346,0.0030881,0.00276233
Gram_error_fro,4.0,1,12,3,0.0,0.03338686,0.02347478,0.01849924,0.01544046,0.0133536,0.01175881,0.01042409,0.00925009,0.00819605,0.00724458,0.00638685,0.00561667,0.00492834,0.00431599,0.00377348
Gram_error_fro,2.0,1,12,3,0.0,0.10874744,0.06549481,0.04193398,0.02953138,0.0219338,0.01677484,0.01305854,0.01028678,0.00817485,0.00654334,0.00527103,0.00427198,0.00348318,0.00285742,0.00235879
Gram_error_fro,2.0,1,12,3,0.0,0.07006507,0.05610902,0.04049431,0.02905554,0.02112411,0.01557537,0.01162082,0.00875683,0.00665702,0.00510289,0.00394389,0.00307395,0.00241712,0.0019183,0.00153714
Gram_error_fro,4.0,1,12,3,0.0,0.04088864,0.02787949,0.02213629,0.01840996,0.01550134,0.01313986,0.01119502,0.009577,0.0082196,0.00707296,0.00609894,0.0052678,0.004556,0.00394464,0.00341831
Gram_error_fro,4.0,2,12,3,0.0,0.07474649,0.04193346,0.02991081,0.02607777,0.02428412,0.02310381,0.02221409,0.02151704,0.02096736,0.02053542,0.0201982,0.01993673,0.01973527,0.01958089,0.01946314
Gram_error_fro,0.0,1,12,2,0.0,0.0,0.0,0.0,0.0,0.0,0.0,0.0,0.0,0.0,0.0,0.0,0.0,0.0,0.0,0.0
Gram_error_fro,2.0,1,12,2,0.0,0.01006711,0.00372408,0.00279916,0.00262992,0.0025586,0.00252722,0.00250242,0.00246087,0.0023933,0.00229995,0.00218554,0.00205611,0.00191749,0.00177471,0.00163178
Gram_error_fro,2.0,1,12,2,0.0,0.04930956,0.01296014,0.00346812,0.00154251,0.00158471,0.00181828,0.001975,0.00204729,0.00205345,0.00201174,0.0019369,0.00184014,0.00172989,0.00161238,0.00149223
Gram_error_fro,2.0,1,12,2,0.0,0.02713589,0.01590603,0.01212282,0.00995042,0.00821418,0.00677072,0.00557774,0.00459674,0.00379151,0.00313051,0.00258735,0.0021404,0.00177206,0.00146806,0.00121684
Gram_error_fro,0.0,1,12,2,0.0,0.0501793,0.03545829,0.02704324,0.02107043,0.01650762,0.01299025,0.01027051,0.00815858,0.00650985,0.00521528,0.00419301,0.00338148,0.00273416,0.00221564,0.00179878
Gram_error_fro,0.0,1,12,2,0.0,0.0501793,0.03545829,0.02704324,0.02107043,0.01650762,0.01299025,0.01027051,0.00815858,0.00650985,0.00521528,0.00419301,0.00338148,0.00273416,0.00221564,0.00179878
Gram_error_fro,2.0,1,12,2,0.0,0.02084892,0.01943976,0.01714445,0.01466792,0.01242248,0.01048054,0.00882835,0.00743353,0.0062607,0.00527628,0.0044503,0.00375692,0.00317428,0.0026841,0.00227119
Gram_error_fro,2.0,1,12,2,0.0,0.01605884,0.01185519,0.01120101,0.01026766,0.00925539,0.0082149,0.00719313,0.00622907,0.00534683,0.00455738,0.00386254,0.00325854,0.00273848,0.00229406,0.00191656
Gram_error_fro,2.0,1,12,2,0.0,0.09041358,0.07774815,0.06589068,0.05563667,0.04699375,0.03978829,0.033796,0.02880507,0.02463418,0.02113405,0.01818371,0.01568581,0.01356203,0.01174926,0.01019641
Gram_error_fro,4.0,1,12,2,0.0,0.09015819,0.07353384,0.05705552,0.04458574,0.03519305,0.02800971,0.02244955,0.01810523,0.01468331,0.01196793,0.00979826,0.00805345,0.00664198,0.00549404,0.00455596
Gram_error_fro,0.0,1,12,2,0.0,0.0,0.0,0.0,0.0,0.0,0.0,0.0,0.0,0.0,0.0,0.0,0.0,0.0,0.0,0.0
Gram_error_fro,2.0,1,12,2,0.0,0.00685748,0.00279173,0.00183198,0.00110441,0.0006107,0.0004739,0.00056527,0.00066573,0.00072303,0.00074016,0.00072789,0.00069602,0.00065213,0.00060173,0.00054869
Gram_error_fro,4.0,1,12,2,0.0,0.04804019,0.03158171,0.0223833,0.01670445,0.01283358,0.01007331,0.00806881,0.00659521,0.00549537,0.00465743,0.00400275,0.00347723,0.00304429,0.00267944,0.00236636
Gram_error_fro,4.0,1,12,2,0.0,0.03281465,0.02330222,0.01567451,0.01081291,0.00780615,0.00591174,0.00467156,0.00381358,0.00318112,0.00268695,0.00228356,0.00194495,0.00165632,0.00140856,0.00119546
Gram_error_fro,4.0,1,12,2,0.0,0.06830012,0.04410499,0.03190161,0.0239172,0.01828689,0.01418699,0.01113872,0.00883431,0.00706673,0.00569325,0.00461379,0.00375704,0.00307139,0.00251887,0.0020711
Gram_error_fro,2.0,1,12,2,0.0,0.03023121,0.01946281,0.0155852,0.01288487,0.01066193,0.00882016,0.00729852,0.00604274,0.00500609,0.00414956,0.00344105,0.00285433,0.002368,0.00196457,0.00162973
Gram_error_fro,0.0,1,12,5,0.0,0.0,0.0,0.0,0.0,0.0,0.0,0.0,0.0,0.0,0.0,0.0,0.0,0.0,0.0,0.0
Gram_error_fro,0.0,1,12,5,0.0,0.0,0.0,0.0,0.0,0.0,0.0,0.0,0.0,0.0,0.0,0.0,0.0,0.0,0.0,0.0
Gram_error_fro,2.0,1,12,5,0.0,0.07190873,0.063078,0.05358823,0.04535928,0.03823234,0.03215213,0.02704257,0.02279182,0.01927234,0.01635937,0.01394147,0.01192471,0.01023264,0.0088044,0.00759198
Gram_error_fro,2.0,1,12,5,0.0,0.07078204,0.06110585,0.05103916,0.04272664,0.03579347,0.03001898,0.02524319,0.02131305,0.0180818,0.01541766,0.01320906,0.01136532,0.00981464,0.00850097,0.00738077
Gram_error_fro,2.0,1,12,5,0.0,0.04046754,0.03920019,0.03430444,0.02955177,0.02543868,0.02191627,0.01889276,0.01629265,0.01405447,0.01212665,0.01046532,0.00903304,0.00779782,0.00673225,0.00581281
Gram_error_fro,2.0,1,12,5,0.0,0.03913706,0.03485803,0.03054197,0.02702034,0.02389725,0.02102646,0.01840051,0.01603516,0.01393435,0.01208766,0.01047544,0.00907383,0.00785824,0.00680523,0.00589351
Gram_error_fro,2.0,1,12,5,0.0,0.07192831,0.0564447,0.042813,0.03322175,0.02638116,0.0214129,0.01773935,0.01496046,0.01279951,0.0110696,0.00964729,0.00845178,0.00742986,0.00654574,0.00577454
Gram_error_fro,2.0,1,12,5,0.0,0.03460702,0.022351,0.01537462,0.01102956,0.0081042,0.0060664,0.00463121,0.00361854,0.00290419,0.00239897,0.00203793,0.00177413,0.00157465,0.00141724,0.00128745
Gram_error_fro,4.0,2,12,5,0.0,0.06544425,0.04212966,0.03072205,0.02564907,0.02342864,0.02263346,0.02257036,0.02287004,0.02333364,0.02385491,0.02437805,0.02487483,0.02533222,0.02574558,0.02611476
Gram_error_fro,2.0,1,12,5,0.0,0.11926847,0.09511443,0.06958065,0.05093591,0.03787393,0.02876482,0.02236202,0.01778686,0.01444286,0.01193435,0.01000202,0.00847621,0.00724508,0.00623368,0.00539066
Gram_error_fro,2.0,1,12,5,0.0,0.08777512,0.08537631,0.07349066,0.0614767,0.05114146,0.04263309,0.0357034,0.03005521,0.02543077,0.02162406,0.01847369,0.01585316,0.01366269,0.01182297,0.0102706
Gram_error_fro,2.0,1,12,5,0.0,0.12869787,0.08870042,0.05769311,0.03838854,0.02655523,0.01920815,0.01451998,0.0114063,0.00923656,0.00764885,0.00643522,0.00547405,0.0046919,0.00404259,0.00349571
Gram_error_fro,4.0,1,12,5,0.0,0.09664349,0.08552771,0.06795006,0.05255649,0.04052965,0.03146057,0.02467017,0.01956296,0.01568607,0.01271026,0.01039906,0.0085825,0.00713785,0.00597595,0.00503151
Gram_error_fro,4.0,1,12,5,0.0,0.06083064,0.04860539,0.03644584,0.02731879,0.0209081,0.01645964,0.01331061,0.01099504,0.00921849,0.00780394,0.00664578,0.00567935,0.00486307,0.00416849,0.00357497
Gram_error_fro,4.0,1,12,5,0.0,0.076044,0.05835698,0.0446938,0.03478091,0.02732298,0.02165095,0.01732503,0.01401284,0.01145805,0.00946631,0.00789337,0.00663396,0.00561196,0.00477241,0.00407541
Gram_error_fro,4.0,1,12,5,0.0,0.11139686,0.09319353,0.07168525,0.05445731,0.04153988,0.03199903,0.0249438,0.01968605,0.01572577,0.01270661,0.01037548,0.00855216,0.00710766,0.00594908,0.0050091
Gram_error_fro,0.0,1,12,7,0.0,0.0,0.0,0.0,0.0,0.0,0.0,0.0,0.0,0.0,0.0,0.0,0.0,0.0,0.0,0.0
Gram_error_fro,2.0,1,12,7,0.0,0.05211001,0.05186951,0.04700839,0.04042061,0.03359043,0.0272978,0.02185912,0.01733321,0.01365483,0.01071031,0.00837647,0.0065387,0.00509777,0.00397118,0.00309201
Gram_error_fro,2.0,1,12,7,0.0,0.08638903,0.07922408,0.06477627,0.05219983,0.04190121,0.03351913,0.02672688,0.02125361,0.01686669,0.0133659,0.01058149,0.00837212,0.00662191,0.0052369,0.00414162
Gram_error_fro,2.0,1,12,7,0.0,0.06921425,0.06508314,0.05466111,0.04450411,0.03572318,0.02841701,0.02245869,0.01766537,0.01384739,0.01082826,0.0084532,0.00659162,0.00513619,0.00400022,0.0031146
Gram_error_fro,2.0,1,12,7,0.0,0.06391276,0.05193843,0.04009957,0.03288774,0.02799735,0.02401137,0.020473,0.01729327,0.0144728,0.01201476,0.00990685,0.00812322,0.00663017,0.00539111,0.00436994
Gram_error_fro,2.0,1,12,7,0.0,0.08627597,0.07498158,0.05654683,0.04260574,0.03271282,0.0254777,0.01999493,0.01574349,0.0124073,0.00977556,0.00769597,0.00605271,0.00475534,0.00373224,0.00292647
Gram_error_fro,0.0,1,12,7,0.0,0.10216194,0.09484436,0.07755658,0.06208279,0.04932566,0.03895092,0.03059087,0.02391808,0.01863702,0.01448555,0.01123852,0.00870817,0.00674141,0.00521549,0.0040331
Gram_error_fro,2.0,1,12,7,0.0,0.06336591,0.04598167,0.02980484,0.01926245,0.01272663,0.00861309,0.00593712,0.00414063,0.00290662,0.00204685,0.00144315,0.00101768,0.00071741,0.00050546,0.00035593
Gram_error_fro,2.0,1,12,7,0.0,0.06132934,0.04741227,0.03377589,0.02383787,0.01683106,0.01191582,0.00846151,0.00602423,0.00429743,0.00306981,0.00219488,0.00157023,0.00112378,0.00080446,0.00057597
Gram_error_fro,2.0,1,12,7,0.0,0.08406471,0.07939834,0.06905898,0.05777127,0.04707755,0.03769281,0.02982754,0.02342164,0.01829794,0.01424705,0.01106825,0.0085859,0.00665357,0.00515254,0.00398817
Gram_error_fro,2.0,1,12,7,0.0,0.06726233,0.05800623,0.04438567,0.03294925,0.02407537,0.01740875,0.01249825,0.00892817,0.00635543,0.00451269,0.00319851,0.00226415,0.00160132,0.00113187,0.00079975
Gram_error_fro,2.0,1,12,7,0.0,0.12294985,0.10014075,0.07768546,0.06077558,0.04772097,0.03743413,0.0292931,0.02286626,0.01781324,0.01385524,0.01076418,0.00835552,0.00648165,0.00502552,0.00389498
Gram_error_fro,2.0,1,12,7,0.0,0.08187188,0.06748551,0.0543691,0.04389957,0.03529743,0.02817344,0.02232726,0.01759264,0.01380307,0.01079729,0.00842869,0.0065707,0.00511772,0.00398382,0.00310011
Gram_error_fro,2.0,1,12,7,0.0,0.11901885,0.09751317,0.07724047,0.0614654,0.04879638,0.0385215,0.03024094,0.02363435,0.01841042,0.01430797,0.01110192,0.00860483,0.00666437,0.00515877,0.0039918
Gram_error_fro,2.0,1,12,7,0.0,0.09796355,0.07960154,0.05912528,0.04422232,0.03367549,0.02601547,0.02028372,0.01589699,0.01249064,0.0098233,0.00772561,0.00607287,0.00477018,0.0037438,0.00293579
Gram_error_fro,4.0,1,12,7,0.0,0.11587887,0.09116783,0.0696537,0.0545097,0.04336673,0.03477313,0.0279654,0.02250454,0.01810214,0.01454808,0.01167967,0.009367,0.00750485,0.00600753,0.00480519
Gram_error_fro,0.0,1,12,4,0.0,0.0,0.0,0.0,0.0,0.0,0.0,0.0,0.0,0.0,0.0,0.0,0.0,0.0,0.0,0.0
Gram_error_fro,2.0,1,12,4,0.0,0.03262004,0.02722081,0.02326953,0.02040063,0.01804152,0.01597615,0.01414086,0.01251125,0.01106877,0.00979456,0.00866976,0.00767662,0.00679912,0.00602315,0.0053364
Gram_error_fro,0.0,1,12,4,0.0,0.0,0.0,0.0,0.0,0.0,0.0,0.0,0.0,0.0,0.0,0.0,0.0,0.0,0.0,0.0
Gram_error_fro,2.0,1,12,4,0.0,0.02007543,0.01429063,0.0108211,0.00842543,0.00674606,0.00551877,0.00458542,0.00385583,0.00327532,0.00280764,0.00242693,0.00211395,0.00185403,0.00163593,0.00145098
Gram_error_fro,2.0,1,12,4,0.0,0.08806839,0.07420372,0.05902741,0.04755057,0.03874411,0.0317781,0.02617433,0.02163172,0.01793582,0.01492154,0.01245732,0.01043726,0.00877601,0.00740502,0.0062693
Gram_error_fro,2.0,1,12,4,0.0,0.02482301,0.02308429,0.02138774,0.01997837,0.01867944,0.01742715,0.01620712,0.01502102,0.01387527,0.01277694,0.01173207,0.01074505,0.00981851,0.00895349,0.00814968
Gram_error_fro,4.0,1,12,4,0.0,0.10176488,0.07764564,0.05700131,0.04321532,0.03373464,0.02692476,0.02187688,0.01804663,0.01508353,0.01275132,0.01088617,0.00937227,0.00812645,0.00708827,0.00621326
Gram_error_fro,2.0,1,12,4,0.0,0.11279874,0.08951432,0.06607518,0.0506295,0.0408044,0.0342642,0.02958874,0.02600567,0.0231064,0.02067066,0.0185734,0.01673846,0.01511583,0.01367037,0.01237595
Gram_error_fro,2.0,1,12,4,0.0,0.088165,0.05751032,0.03421416,0.02019554,0.01227905,0.00798891,0.00572317,0.00449471,0.00375137,0.00322788,0.00281219,0.0024597,0.00215224,0.00188146,0.00164251
Gram_error_fro,4.0,1,12,4,0.0,0.05735516,0.03690584,0.02605538,0.01934829,0.01528657,0.01272374,0.01092146,0.00950416,0.00830724,0.00726274,0.00634104,0.00552635,0.00480756,0.00417513,0.00362021
Gram_error_fro,4.0,1,12,4,0.0,0.0823793,0.06061733,0.0376693,0.02321412,0.01605809,0.01356411,0.01317538,0.0133781,0.01360907,0.01371711,0.01368217,0.01352027,0.01325484,0.0129085,0.012501
Gram_error_fro,4.0,1,12,4,0.0,0.10392326,0.08811219,0.07175862,0.05998919,0.05149132,0.04505821,0.03993992,0.03569829,0.0320797,0.02893363,0.02616556,0.02371134,0.02152394,0.01956666,0.01780963
Gram_error_fro,2.0,1,12,4,0.0,0.10669331,0.07944438,0.05936121,0.04697553,0.03893704,0.03325421,0.02891046,0.02539925,0.02245909,0.01994408,0.01776426,0.01585859,0.01418243,0.01270131,0.01138778
Gram_error_fro,4.0,2,12,4,0.0,0.07397427,0.06121867,0.0485132,0.03930209,0.03290927,0.0285051,0.02553166,0.02360733,0.02244292,0.02180957,0.02153041,0.02147569,0.02155513,0.02170868,0.02189784
Gram_error_fro,4.0,1,12,4,0.0,0.11163621,0.09170943,0.07019765,0.05471116,0.04353007,0.03508318,0.02849834,0.02328224,0.01911763,0.01577657,0.01308531,0.01090826,0.00913898,0.00769388,0.00650734
Gram_error_fro,4.0,1,12,4,0.0,0.0843627,0.06401828,0.05060306,0.04186551,0.03525214,0.029848,0.02530553,0.02145371,0.01818178,0.0154038,0.01304753,0.01105074,0.00935966,0.00792803,0.00671625
Gram_error_fro,0.0,1,12,3,0.0,0.0,0.0,0.0,0.0,0.0,0.0,0.0,0.0,0.0,0.0,0.0,0.0,0.0,0.0,0.0
Gram_error_fro,0.0,1,12,3,0.0,0.0,0.0,0.0,0.0,0.0,0.0,0.0,0.0,0.0,0.0,0.0,0.0,0.0,0.0,0.0
Gram_error_fro,2.0,1,12,3,0.0,0.05617585,0.05332643,0.04561691,0.03847015,0.03235667,0.02720137,0.02287036,0.01923555,0.01618471,0.01362236,0.01146848,0.00965645,0.00813094,0.00684597,0.00576322
Gram_error_fro,0.0,1,12,3,0.0,0.0,0.0,0.0,0.0,0.0,0.0,0.0,0.0,0.0,0.0,0.0,0.0,0.0,0.0,0.0
Gram_error_fro,2.0,1,12,3,0.0,0.0125865,0.01257736,0.01361326,0.01428093,0.01447066,0.01429845,0.01388267,0.01330881,0.01263611,0.01190643,0.01114991,0.01038841,0.00963761,0.00890861,0.00820899
Gram_error_fro,2.0,1,12,3,0.0,0.02288243,0.01504224,0.0107539,0.00818694,0.00655027,0.00542451,0.00460326,0.00397687,0.00348033,0.00307305,0.0027293,0.00243274,0.00217286,0.0019427,0.00173746
Gram_error_fro,4.0,1,12,3,0.0,0.06823523,0.05986986,0.05296967,0.0465871,0.04077101,0.03560979,0.0311016,0.02719724,0.02382984,0.02092949,0.01842993,0.01627158,0.0144024,0.01277796,0.01136078
Gram_error_fro,4.0,1,12,3,0.0,0.07597311,0.04253236,0.02701952,0.02054919,0.01708282,0.0146332,0.01263712,0.01092819,0.0094451,0.00815489,0.00703311,0.00605893,0.00521393,0.00448179,0.00384813
Gram_error_fro,2.0,1,12,3,0.0,0.0460717,0.02544767,0.01668217,0.01231841,0.00982997,0.00823331,0.00708049,0.00616513,0.00539403,0.00472451,0.00413551,0.00361501,0.00315483,0.00274849,0.00239038
Gram_error_fro,2.0,1,12,3,0.0,0.01224903,0.00709118,0.0041612,0.00280454,0.00198683,0.00145184,0.00113406,0.00095812,0.00084967,0.0007643,0.0006848,0.00060754,0.00053343,0.00046414,0.0004009
Gram_error_fro,2.0,1,12,3,0.0,0.0125865,0.01257736,0.01361326,0.01428093,0.01447066,0.01429845,0.01388267,0.01330881,0.01263611,0.01190643,0.01114991,0.01038841,0.00963761,0.00890861,0.00820899
Gram_error_fro,4.0,1,12,3,0.0,0.08297204,0.06119219,0.04635099,0.03619844,0.02877361,0.02313098,0.01874916,0.01529812,0.01255128,0.01034599,0.00856239,0.0071106,0.00592227,0.00494483,0.00413745
Gram_error_fro,4.0,1,12,3,0.0,0.05424026,0.05103201,0.0423429,0.03402947,0.02729217,0.0220583,0.01800432,0.01483307,0.01231951,0.01030091,0.00866022,0.00731254,0.00619551,0.00526263,0.00447875
Gram_error_fro,4.0,1,12,3,0.0,0.07720276,0.06328928,0.05210944,0.04265855,0.03476934,0.02834541,0.02317382,0.01901693,0.015665,0.01294874,0.01073592,0.00892417,0.0074341,0.00620379,0.00518453
Gram_error_fro,6.0,1,12,3,0.0,0.09682207,0.07654837,0.06464153,0.05579575,0.04840176,0.04207045,0.03663579,0.03197033,0.02796135,0.02450996,0.02153114,0.01895285,0.01671454,0.0147655,0.01306336
Gram_error_fro,4.0,1,12,3,0.0,0.10619919,0.08617706,0.06799363,0.05413244,0.04348718,0.03522624,0.02874637,0.02360816,0.01949167,0.01616302,0.01344975,0.01122312,0.00938571,0.00786265,0.00659564
Gram_error_fro,0.0,1,12,4,0.0,0.0,0.0,0.0,0.0,0.0,0.0,0.0,0.0,0.0,0.0,0.0,0.0,0.0,0.0,0.0
Gram_error_fro,2.0,2,12,4,0.0,0.03504793,0.02655089,0.02311125,0.02155117,0.02078341,0.02046412,0.02041852,0.02053591,0.02074393,0.02099609,0.02126336,0.02152829,0.0217809,0.02201597,0.0222312
Gram_error_fro,2.0,1,12,4,0.0,0.01912611,0.0145135,0.01063809,0.00790576,0.00599388,0.00467201,0.0037988,0.00324481,0.00288727,0.00263213,0.00242261,0.0022311,0.0020471,0.00186837,0.00169593
Gram_error_fro,2.0,1,12,4,0.0,0.05503571,0.04806929,0.03753055,0.02931651,0.02328203,0.01880212,0.01540816,0.01278927,0.01073708,0.00910703,0.00779567,0.00672751,0.00584682,0.00511218,0.00449262
Gram_error_fro,2.0,1,12,4,0.0,0.05600607,0.02712278,0.01457689,0.00938969,0.0068749,0.0053721,0.0043366,0.00357025,0.00298292,0.00252303,0.00215649,0.00185938,0.0016146,0.00140988,0.00123639
Gram_error_fro,0.0,1,12,4,0.0,0.0,0.0,0.0,0.0,0.0,0.0,0.0,0.0,0.0,0.0,0.0,0.0,0.0,0.0,0.0
Gram_error_fro,4.0,1,12,4,0.0,0.07489752,0.04592294,0.03123941,0.02219565,0.01605162,0.01176099,0.00873156,0.00657886,0.00504204,0.00393966,0.00314342,0.00256186,0.00212995,0.00180195,0.00154626
Gram_error_fro,4.0,1,12,4,0.0,0.06450314,0.05662941,0.04572604,0.03610861,0.02843727,0.0224974,0.01792446,0.0143942,0.01165281,0.00950868,0.00781855,0.00647544,0.00539925,0.00452982,0.00382172
Gram_error_fro,4.0,1,12,4,0.0,0.06003904,0.02652448,0.01532889,0.01279328,0.01174224,0.01075962,0.00973178,0.00870785,0.00773318,0.00683337,0.00601893,0.00529102,0.00464568,0.00407644,0.00357589
Gram_error_fro,4.0,1,12,4,0.0,0.05808701,0.03198851,0.02067758,0.01571698,0.0129301,0.01092818,0.00931015,0.00795258,0.00680349,0.00582965,0.00500422,0.00430412,0.00370947,0.00320334,0.00277152
Gram_error_fro,2.0,1,12,4,0.0,0.06131763,0.04657734,0.03481106,0.02638333,0.0202796,0.01581965,0.01251992,0.0100422,0.00815276,0.00668974,0.00554012,0.00462427,0.00388544,0.00328272,0.00278623
Gram_error_fro,4.0,1,12,4,0.0,0.06968695,0.06101651,0.0508755,0.04181092,0.03416578,0.02790133,0.02283566,0.01875706,0.01547124,0.01281557,0.01065944,0.0089,0.00745688,0.00626736,0.00528236
Gram_error_fro,2.0,1,12,4,0.0,0.06131763,0.04657734,0.03481106,0.02638333,0.0202796,0.01581965,0.01251992,0.0100422,0.00815276,0.00668974,0.00554012,0.00462427,0.00388544,0.00328272,0.00278623
Gram_error_fro,4.0,1,12,4,0.0,0.07611701,0.04127041,0.02745106,0.0203533,0.01580866,0.01258899,0.01019681,0.00837216,0.00695499,0.00583707,0.00494198,0.00421491,0.00361634,0.00311761,0.00269776
Gram_error_fro,4.0,1,12,4,0.0,0.06454964,0.03427076,0.02285095,0.01687495,0.01305598,0.01044352,0.00857391,0.00717676,0.0060909,0.00521926,0.00450198,0.00390092,0.00339068,0.00295359,0.0025768
Gram_error_fro,2.0,1,12,4,0.0,0.07292681,0.06771481,0.05732562,0.04776414,0.03968114,0.03297165,0.02742773,0.02285142,0.01907238,0.01594805,0.01336059,0.01121338,0.00942756,0.00793896,0.00669535
Gram_error_fro,0.0,1,12,4,0.0,0.0,0.0,0.0,0.0,0.0,0.0,0.0,0.0,0.0,0.0,0.0,0.0,0.0,0.0,0.0
Gram_error_fro,2.0,1,12,4,0.0,0.02743924,0.01774448,0.01398834,0.01168335,0.00992361,0.00850625,0.00734211,0.00637325,0.00555814,0.00486612,0.00427411,0.00376442,0.00332321,0.00293949,0.00260439
Gram_error_fro,2.0,1,12,4,0.0,0.07230264,0.05652069,0.04281522,0.03306514,0.02602555,0.02081074,0.0168656,0.01382674,0.01144705,0.00955484,0.00802919,0.00678389,0.00575666,0.00490183,0.00418532
Gram_error_fro,2.0,1,12,4,0.0,0.08424326,0.06565035,0.05105871,0.04051217,0.03257285,0.02642117,0.02158585,0.01775813,0.01471282,0.01227685,0.01031533,0.00872341,0.00742023,0.00634388,0.00544715
Gram_error_fro,2.0,1,12,4,0.0,0.05612003,0.04148119,0.03263732,0.02590521,0.02060312,0.01645828,0.01322802,0.01070393,0.00872002,0.00714905,0.00589508,0.00488611,0.00406805,0.00340006,0.00285112
Gram_error_fro,2.0,1,12,4,0.0,0.02187038,0.01477272,0.01097286,0.00842405,0.00651881,0.00506189,0.00394241,0.00307905,0.00241172,0.00189616,0.00149912,0.00119498,0.00096344,0.00078816,0.00065581
Gram_error_fro,4.0,1,12,4,0.0,0.07522039,0.05019564,0.03734737,0.02878636,0.02231811,0.01736154,0.01358364,0.01071147,0.00852248,0.00684359,0.00554464,0.0045295,0.00372777,0.00308799,0.00257242
Gram_error_fro,4.0,1,12,4,0.0,0.07440764,0.06015283,0.04706828,0.03677676,0.02876018,0.02256489,0.01779981,0.01413538,0.01130692,0.00910984,0.00738977,0.00603174,0.00495048,0.00408267,0.00338105
Gram_error_fro,2.0,1,12,4,0.0,0.05612003,0.04148119,0.03263732,0.02590521,0.02060312,0.01645828,0.01322802,0.01070393,0.00872002,0.00714905,0.00589508,0.00488611,0.00406805,0.00340006,0.00285112
Gram_error_fro,4.0,1,12,4,0.0,0.08307415,0.06904591,0.05491142,0.04389769,0.03530826,0.02855579,0.02322483,0.01900399,0.01565057,0.01297347,0.01082282,0.00908222,0.00766211,0.00649397,0.00552556
Gram_error_fro,2.0,1,12,4,0.0,0.10110799,0.07047025,0.04940964,0.03635414,0.02778072,0.02186435,0.01761374,0.01445169,0.01202684,0.01011826,0.00858304,0.00732617,0.00628267,0.00540679,0.00466541
Gram_error_fro,4.0,1,12,4,0.0,0.07587879,0.060065,0.04485816,0.03376654,0.02585499,0.0201217,0.01587543,0.01266799,0.01020535,0.00828866,0.00677935,0.00557852,0.00461428,0.00383364,0.003197
Gram_error_fro,4.0,1,12,4,0.0,0.09497679,0.07124706,0.05292034,0.04070326,0.03238266,0.02642913,0.02197047,0.01850998,0.01575082,0.01350517,0.01164787,0.01009202,0.00877524,0.00765155,0.00668623
Gram_error_fro,4.0,1,12,4,0.0,0.05652962,0.03444188,0.0248109,0.01955556,0.01587308,0.01302868,0.01075912,0.00892355,0.00742683,0.00619858,0.00518518,0.00434518,0.00364631,0.00306312,0.00257535
Gram_error_fro,4.0,1,12,4,0.0,0.10281083,0.07574337,0.05548071,0.04266961,0.03404345,0.02783232,0.02314214,0.01948504,0.01656708,0.01419642,0.01224122,0.01060791,0.00922868,0.00805351,0.00704486
Gram_error_fro,4.0,1,12,4,0.0,0.10203233,0.07229181,0.0527492,0.04028842,0.03153224,0.02504318,0.02010451,0.01628467,0.01329431,0.01092905,0.00904067,0.00752001,0.00628571,0.00527658,0.00444612
Gram_error_fro,0.0,1,12,2,0.0,0.0,0.0,0.0,0.0,0.0,0.0,0.0,0.0,0.0,0.0,0.0,0.0,0.0,0.0,0.0
Gram_error_fro,2.0,1,12,2,0.0,0.02684153,0.01504241,0.01062083,0.00810538,0.00628654,0.00489814,0.00383044,0.00300709,0.00236946,0.00187308,0.00148465,0.00117926,0.00093821,0.00074734,0.00059581
Gram_error_fro,2.0,1,12,2,0.0,0.05624345,0.04023646,0.03066976,0.02429934,0.01960352,0.01602164,0.01323609,0.01103402,0.00926703,0.00783014,0.00664811,0.00566625,0.00484413,0.00415128,0.00356434
Gram_error_fro,0.0,1,12,2,0.0,0.0,0.0,0.0,0.0,0.0,0.0,0.0,0.0,0.0,0.0,0.0,0.0,0.0,0.0,0.0
Gram_error_fro,2.0,1,12,2,0.0,0.03855919,0.02784637,0.02145787,0.0170977,0.01376813,0.01111449,0.00897358,0.00724199,0.00584147,0.00470925,0.0037943,0.00305523,0.00245847,0.00197687,0.00158843
Gram_error_fro,2.0,1,12,2,0.0,0.04974536,0.03735298,0.02905772,0.02315466,0.01863132,0.01509553,0.01230873,0.01009572,0.0083241,0.00689427,0.00573147,0.00477947,0.00399556,0.00334696,0.00280821
Gram_error_fro,4.0,1,12,2,0.0,0.03075038,0.01704892,0.00924588,0.00514267,0.00340988,0.00314155,0.00331215,0.00344082,0.00344208,0.00333615,0.00315814,0.00293799,0.00269771,0.00245248,0.00221228
Gram_error_fro,2.0,1,12,2,0.0,0.03436755,0.02028281,0.01492339,0.01155453,0.00910961,0.00726355,0.00584044,0.00472721,0.00384645,0.00314331,0.00257782,0.00212033,0.0017484,0.00144482,0.0011962
Gram_error_fro,2.0,1,12,2,0.0,0.02884413,0.01941421,0.01493326,0.01165806,0.00914271,0.00721297,0.00572367,0.00456377,0.00365237,0.00293092,0.00235658,0.00189739,0.00152915,0.0012332,0.00099499
Gram_error_fro,2.0,1,12,2,0.0,0.04255003,0.03304249,0.02576419,0.02016839,0.01578424,0.0123545,0.00968206,0.00760271,0.00598302,0.00471808,0.00372711,0.00294839,0.00233485,0.0018504,0.00146724
Gram_error_fro,4.0,1,12,2,0.0,0.00696216,0.00263936,0.00339564,0.00452534,0.00505764,0.00511585,0.00488126,0.00448953,0.00402946,0.00355525,0.00309811,0.00267462,0.00229234,0.00195343,0.0016569
Gram_error_fro,6.0,2,12,2,0.0,0.05955915,0.04315294,0.03328039,0.02717985,0.02309833,0.02029581,0.01837335,0.01706559,0.01618247,0.01558823,0.01518823,0.01491811,0.01473477,0.01460965,0.01452382
Gram_error_fro,4.0,1,12,2,0.0,0.03981066,0.02827338,0.01887761,0.01263285,0.00850972,0.00575574,0.0038964,0.00263039,0.00176315,0.00116707,0.00075723,0.00047637,0.00028544,0.00015775,7.587e-05
Gram_error_fro,2.0,1,12,2,0.0,0.04920963,0.03443758,0.02488158,0.01853094,0.01399137,0.01064263,0.00813944,0.00625354,0.00482357,0.00373302,0.002897,0.00225325,0.0017557,0.00136999,0.00107029
Gram_error_fro,4.0,1,12,2,0.0,0.05331276,0.03693086,0.02591627,0.01866156,0.01365653,0.01009797,0.00752221,0.00563482,0.00423855,0.00319755,0.00241661,0.00182801,0.00138293,0.00104573,0.00079008
Gram_error_fro,2.0,1,12,2,0.0,0.0655152,0.02841062,0.01740974,0.01281587,0.01012826,0.00827841,0.00689568,0.00581098,0.00493382,0.0042103,0.00360552,0.00309538,0.00266231,0.00229299,0.001977
Gram_error_fro,0.0,1,12,5,0.0,0.0,0.0,0.0,0.0,0.0,0.0,0.0,0.0,0.0,0.0,0.0,0.0,0.0,0.0,0.0
Gram_error_fro,2.0,1,12,5,0.0,0.04541928,0.03451916,0.02609897,0.02068602,0.01728714,0.01502146,0.01334525,0.01198103,0.01080091,0.00974791,0.00879576,0.00793092,0.00714495,0.00643142,0.00578468
Gram_error_fro,2.0,1,12,5,0.0,0.07358429,0.06672982,0.05674412,0.04726895,0.0388513,0.0316929,0.02578787,0.02100891,0.01718117,0.0141273,0.01168898,0.00973421,0.00815729,0.00687559,0.00582543
Gram_error_fro,2.0,1,12,5,0.0,0.0478064,0.03861999,0.02947889,0.02267172,0.017806,0.01425152,0.01157173,0.00950122,0.00787547,0.00658508,0.00555221,0.00471891,0.00404111,0.00348497,0.0030245
Gram_error_fro,2.0,1,12,5,0.0,0.02943906,0.02364085,0.01976602,0.01708233,0.01507065,0.01341583,0.01197374,0.01068544,0.00952597,0.00848202,0.00754367,0.00670192,0.00594814,0.00527412,0.00467217
Gram_error_fro,2.0,1,12,5,0.0,0.05376154,0.04346759,0.03380504,0.02705142,0.02235087,0.01885079,0.0160867,0.01382369,0.01193219,0.01033129,0.00896517,0.00779265,0.00678203,0.00590818,0.00515077
Gram_error_fro,2.0,1,12,5,0.0,0.05045999,0.04552578,0.03733855,0.0306261,0.02544517,0.02136971,0.0180959,0.01542622,0.0132232,0.01138628,0.00984031,0.0085286,0.00740803,0.00644539,0.00561474
Gram_error_fro,4.0,1,12,5,0.0,0.08255571,0.07332865,0.06013295,0.04842171,0.03880237,0.03112072,0.02506847,0.0203297,0.01662338,0.01371517,0.01141768,0.00958551,0.00810828,0.00690343,0.00590967
Gram_error_fro,4.0,1,12,5,0.0,0.10133186,0.0774259,0.05821475,0.04487664,0.03520192,0.02791214,0.02230952,0.01796449,0.0145777,0.01192532,0.00983579,0.00817731,0.00684934,0.00577572,0.00489913
Gram_error_fro,4.0,1,12,5,0.0,0.08190833,0.06076665,0.04664667,0.03725553,0.03035485,0.02502303,0.02080675,0.01742512,0.01468201,0.01243458,0.01057709,0.0090302,0.00773363,0.00664085,0.00571548
Gram_error_fro,2.0,1,12,5,0.0,0.08680004,0.05196663,0.02998734,0.01822068,0.01206795,0.00870841,0.00669196,0.00534827,0.0043786,0.00364262,0.00306631,0.00260543,0.00223091,0.00192248,0.00166552
Gram_error_fro,4.0,1,12,5,0.0,0.09325559,0.07094348,0.0536394,0.04232643,0.03447946,0.02858077,0.02391687,0.02013489,0.01702876,0.01445801,0.01231796,0.01052737,0.00902218,0.00775147,0.00667449
Gram_error_fro,4.0,1,12,5,0.0,0.1088075,0.08548685,0.0654311,0.05181201,0.04195415,0.03434268,0.02828683,0.02341898,0.01949116,0.0163115,0.01372569,0.01161017,0.00986731,0.00842094,0.00721202
Gram_error_fro,4.0,1,12,5,0.0,0.06319806,0.05041278,0.03803761,0.02912053,0.02281231,0.01819208,0.0146863,0.01196164,0.00981222,0.00809927,0.00672307,0.00560939,0.00470198,0.00395787,0.00334396
Gram_error_fro,2.0,1,12,5,0.0,0.04374942,0.03076074,0.02227086,0.01632215,0.01236909,0.00975311,0.0079494,0.00662835,0.00560593,0.00478263,0.00410274,0.00353263,0.00305004,0.00263901,0.00228742
Gram_error_fro,4.0,1,12,5,0.0,0.11750385,0.08920975,0.06707582,0.0517828,0.04078853,0.03261302,0.02640136,0.021612,0.01787469,0.01492468,0.01256874,0.01066478,0.00910806,0.00782119,0.00674671
Gram_error_fro,0.0,1,12,4,0.0,0.0,0.0,0.0,0.0,0.0,0.0,0.0,0.0,0.0,0.0,0.0,0.0,0.0,0.0,0.0
Gram_error_fro,2.0,1,12,4,0.0,0.04220932,0.03587951,0.02541907,0.01709705,0.01139887,0.00771778,0.00543695,0.00408848,0.00332293,0.00288323,0.0026021,0.00238852,0.00220075,0.00202273,0.00184996
Gram_error_fro,2.0,1,12,4,0.0,0.05350542,0.03361076,0.02074202,0.01320803,0.00870437,0.00596881,0.00431179,0.00333193,0.00276711,0.00243502,0.00221778,0.00204979,0.00189991,0.00175578,0.00161398
Gram_error_fro,2.0,1,12,4,0.0,0.05639024,0.03721692,0.02483402,0.01824057,0.01438729,0.01183779,0.0099792,0.00853182,0.00735488,0.00637087,0.00553352,0.0048131,0.0041891,0.00364648,0.00317357
Gram_error_fro,2.0,1,12,4,0.0,0.04924785,0.05584795,0.05195453,0.04516748,0.03822177,0.03202283,0.02677719,0.02243553,0.01886959,0.01594141,0.01352794,0.01152734,0.00985828,0.00845687,0.00727313
Gram_error_fro,2.0,1,12,4,0.0,0.07953647,0.0499084,0.02839101,0.01625118,0.00959486,0.00592604,0.00387116,0.0026877,0.0019737,0.00151378,0.00119521,0.00096008,0.00077837,0.00063383,0.00051694
Gram_error_fro,4.0,1,12,4,0.0,0.08652679,0.05789194,0.03355555,0.02024702,0.01342581,0.00972198,0.0074644,0.00593634,0.00483263,0.004007,0.00337598,0.00288488,0.00249527,0.00217966,0.00191847
Gram_error_fro,4.0,1,12,4,0.0,0.09372799,0.05619164,0.02983238,0.01594177,0.00912972,0.00582202,0.00413354,0.00319315,0.00263048,0.00227694,0.00204011,0.00186424,0.00171723,0.00158269,0.00145368
Gram_error_fro,4.0,1,12,4,0.0,0.06161748,0.04219549,0.02883873,0.01967321,0.01334522,0.00903315,0.00614141,0.00423908,0.00302177,0.00227275,0.00183023,0.00157077,0.00140782,0.00128959,0.00118979
Gram_error_fro,2.0,1,12,4,0.0,0.04932323,0.0401337,0.02877766,0.02101924,0.01593725,0.01236705,0.00968762,0.00760759,0.00597395,0.00468847,0.00367823,0.00288561,0.00226447,0.00177796,0.00139689
Gram_error_fro,4.0,1,12,4,0.0,0.07570882,0.05513613,0.03864926,0.02712754,0.0191425,0.01357256,0.00966596,0.00692159,0.00499867,0.00366103,0.00274185,0.00212,0.00170461,0.00142643,0.00123426
Gram_error_fro,4.0,1,12,4,0.0,0.05557272,0.04812441,0.03838664,0.02959414,0.02248232,0.01701369,0.01289967,0.00983006,0.00754273,0.00583401,0.00455128,0.00358208,0.00284416,0.00227756,0.00183855
Gram_error_fro,4.0,1,12,4,0.0,0.07730463,0.05863323,0.0396897,0.02820183,0.02157862,0.01748853,0.01467613,0.01254842,0.01083154,0.0093935,0.00816465,0.0071036,0.00618259,0.00538106,0.00468268
Gram_error_fro,4.0,1,12,4,0.0,0.09574145,0.07789867,0.06195809,0.05055087,0.04160334,0.03433076,0.02840382,0.02358885,0.01968106,0.0165026,0.01390552,0.01177076,0.01000446,0.00853336,0.00730046
Gram_error_fro,2.0,1,12,4,0.0,0.07509125,0.0763346,0.06613111,0.05506234,0.04532444,0.03723509,0.03065597,0.02534592,0.02106404,0.01760098,0.01478543,0.01248149,0.01058305,0.00900792,0.00769245
Gram_error_fro,4.0,1,12,4,0.0,0.1140799,0.07904216,0.0540271,0.04057008,0.03276733,0.02752075,0.02357161,0.02040136,0.01776564,0.01552947,0.01360816,0.01194364,0.01049352,0.00922539,0.00811357
