reward_label,GED,nb_components,nb_edges,nb_neighbors_attackers,error_0,error_1,error_2,error_3,error_4,error_5,error_6,error_7,error_8,error_9,error_10,error_11,error_12,error_13
Gram_error_fro,0.0,1,10,3,0.0,0.0,0.0,0.0,0.0,0.0,0.0,0.0,0.0,0.0,0.0,0.0,0.0,0.0
Gram_error_fro,2.0,1,10,3,0.0,0.06441468,0.05012324,0.03731937,0.02781242,0.02089079,0.01584485,0.01215091,0.0094339,0.00742418,0.00592697,0.00480126,0.00394494,0.00328426
Gram_error_fro,2.0,1,10,3,0.0,0.07641473,0.08377122,0.07850661,0.06980451,0.0606931,0.05228418,0.04491599,0.03860667,0.03325445,0.02872515,0.0248877,0.0216266,0.01884457
Gram_error_fro,2.0,1,10,3,0.0,0.07641473,0.08377122,0.07850661,0.06980451,0.0606931,0.05228418,0.04491599,0.03860667,0.03325445,0.02872515,0.0248877,0.0216266,0.01884457
Gram_error_fro,2.0,1,10,3,0.0,0.0819378,0.08648764,0.0794593,0.06986962,0.0603397,0.05176971,0.04438527,0.03813637,0.03287831,0.02845082,0.02470848,0.02152909,0.0188133
Gram_error_fro,0.0,1,10,3,0.0,0.0,0.0,0.0,0.0,0.0,0.0,0.0,0.0,0.0,0.0,0.0,0.0,0.0
Gram_error_fro,2.0,1,10,3,0.0,0.05642371,0.05140769,0.04203475,0.03374455,0.02690453,0.02136903,0.01693561,0.01340695,0.01060863,0.00839408,0.00664361,0.00526104,0.00416964
Gram_error_fro,2.0,1,10,3,0.0,0.01373533,0.00963299,0.00543892,0.00274467,0.00120845,0.00046528,0.00050019,0.00071238,0.0008358,0.00088035,0.00087191,0.00083082,0.00077134
Gram_error_fro,0.0,1,10,3,0.0,0.0,0.0,0.0,0.0,0.0,0.0,0.0,0.0,0.0,0.0,0.0,0.0,0.0
Gram_error_fro,2.0,1,10,3,0.0,0.05096597,0.04139879,0.03216246,0.02489016,0.01944264,0.01536398,0.01227023,0.00989201,0.00804404,0.0065955,0.00545118,0.00454022,0.00380913
Gram_error_fro,2.0,1,10,3,0.0,0.05096597,0.04139879,0.03216246,0.02489016,0.01944264,0.01536398,0.01227023,0.00989201,0.00804404,0.0065955,0.00545118,0.00454022,0.00380913
Gram_error_fro,0.0,1,10,4,0.0,0.0,0.0,0.0,0.0,0.0,0.0,0.0,0.0,0.0,0.0,0.0,0.0,0.0
Gram_error_fro,2.0,1,10,4,0.0,0.06668925,0.03991317,0.02468,0.01668446,0.01183971,0.00859303,0.00632532,0.00471485,0.003559,0.00272066,0.00210541,0.00164799,0.00130324
Gram_error_fro,2.0,1,10,4,0.0,0.06437255,0.03964711,0.02432012,0.01599823,0.01110724,0.00795958,0.00580369,0.00427494,0.00317103,0.00236579,0.00177458,0.00133834,0.00101505
Gram_error_fro,2.0,1,10,4,0.0,0.07263765,0.04284271,0.02582215,0.01697482,0.01181803,0.00848759,0.00621264,0.00461609,0.00347843,0.00265772,0.00205801,0.00161346,0.00127881
Gram_error_fro,0.0,1,10,4,0.0,0.0,0.0,0.0,0.0,0.0,0.0,0.0,0.0,0.0,0.0,0.0,0.0,0.0
Gram_error_fro,2.0,1,10,4,0.0,0.07263765,0.04284271,0.02582215,0.01697482,0.01181803,0.00848759,0.00621264,0.00461609,0.00347843,0.00265772,0.00205801,0.00161346,0.00127881
Gram_error_fro,2.0,1,10,4,0.0,0.08769282,0.07166843,0.05488098,0.04128528,0.03093259,0.02326223,0.01763855,0.01351336,0.01046456,0.00818539,0.00645928,0.00513504,0.004107
Gram_error_fro,2.0,1,10,4,0.0,0.06524239,0.03677038,0.02642118,0.02278102,0.01998823,0.01729565,0.01482191,0.01265394,0.01079913,0.00922765,0.00789961,0.00677641,0.0058244
Gram_error_fro,2.0,1,10,4,0.0,0.07933847,0.04464269,0.02408454,0.01437724,0.00947663,0.00660406,0.0047207,0.00342128,0.0025091,0.00186533,0.00140932,0.00108417,0.00084961
Gram_error_fro,4.0,1,10,4,0.0,0.10429763,0.09896985,0.08895933,0.07854556,0.06868897,0.05985798,0.05215366,0.04550562,0.03978855,0.03487175,0.03063635,0.02697941,0.02381357
Gram_error_fro,2.0,1,10,4,0.0,0.02916131,0.0248452,0.02399956,0.02238157,0.01978864,0.01698758,0.01440392,0.01217082,0.01028825,0.0087124,0.00739287,0.00628472,0.00535095
Gram_error_fro,0.0,1,10,2,0.0,0.0,0.0,0.0,0.0,0.0,0.0,0.0,0.0,0.0,0.0,0.0,0.0,0.0
Gram_error_fro,0.0,1,10,2,0.0,0.0,0.0,0.0,0.0,0.0,0.0,0.0,0.0,0.0,0.0,0.0,0.0,0.0
Gram_error_fro,0.0,1,10,2,0.0,0.08607773,0.05126682,0.0374048,0.02957862,0.0238854,0.01941274,0.01581585,0.01289695,0.01051823,0.00857572,0.00698803,0.00569016,0.00462958
Gram_error_fro,2.0,1,10,2,0.0,0.08978097,0.04341171,0.02924868,0.02322217,0.01912906,0.01584775,0.01312355,0.01085117,0.00895797,0.00738391,0.00607769,0.00499563,0.0041007
Gram_error_fro,2.0,1,10,2,0.0,0.08769707,0.09020326,0.08788748,0.08362329,0.07838008,0.07272089,0.06699129,0.06140105,0.05607202,0.05106937,0.04642219,0.04213696,0.03820634
Gram_error_fro,2.0,1,10,2,0.0,0.08403364,0.05162433,0.03796253,0.02973104,0.02370555,0.01905106,0.01540094,0.01252223,0.01024323,0.00843152,0.00698399,0.00582047,0.00487884
Gram_error_fro,4.0,1,10,2,0.0,0.02653191,0.0244783,0.01967303,0.0150591,0.01137342,0.00862842,0.00665536,0.00526804,0.00430463,0.00363425,0.00315661,0.00279991,0.00251671
Gram_error_fro,2.0,1,10,2,0.0,0.10746742,0.06533903,0.04666333,0.03613221,0.02867229,0.02292932,0.01839488,0.01478377,0.01189633,0.00958135,0.00772148,0.00622485,0.00501905
Gram_error_fro,2.0,1,10,2,0.0,0.05755158,0.05666005,0.05327145,0.04902319,0.04447103,0.03995177,0.03565665,0.03168037,0.02805901,0.02479542,0.02187471,0.01927326,0.01696391
Gram_error_fro,2.0,1,10,2,0.0,0.0183809,0.00887268,0.00532908,0.00353883,0.00244344,0.00173878,0.0012785,0.00097202,0.00076125,0.00060996,0.0004964,0.00040782,0.00033673
Gram_error_fro,2.0,1,10,2,0.0,0.06079839,0.05124183,0.04552544,0.04144502,0.03802017,0.03491805,0.03202478,0.02930358,0.02674544,0.02435005,0.02211828,0.02004944,0.01814059
Gram_error_fro,0.0,1,10,2,0.0,0.0,0.0,0.0,0.0,0.0,0.0,0.0,0.0,0.0,0.0,0.0,0.0,0.0
Gram_error_fro,2.0,2,10,2,0.0,0.0212563,0.0165103,0.01737805,0.01847444,0.01937312,0.02004232,0.02053214,0.02089257,0.0211608,0.02136284,0.02151682,0.02163544,0.02172774
Gram_error_fro,2.0,2,10,2,0.0,0.05819999,0.03978331,0.03280944,0.02890173,0.02645316,0.02487904,0.02385861,0.02319444,0.0227617,0.02248056,0.02229936,0.02218432,0.0221131
Gram_error_fro,2.0,1,10,2,0.0,0.05270148,0.02955683,0.02079627,0.01594383,0.01258107,0.01004661,0.00807541,0.00652061,0.00528403,0.00429443,0.00349844,0.00285545,0.0023342
Gram_error_fro,2.0,1,10,2,0.0,0.05837823,0.05085536,0.04185871,0.03396917,0.02742914,0.02215762,0.01795034,0.0145925,0.0119016,0.00973391,0.00797893,0.00655194,0.00538755
Gram_error_fro,2.0,1,10,2,0.0,0.01270821,0.0047374,0.00197444,0.00070832,0.00081251,0.00133621,0.00171059,0.00193574,0.00204658,0.0020742,0.00204305,0.00197175,0.00187426
Gram_error_fro,2.0,1,10,2,0.0,0.07173733,0.03059727,0.01889028,0.01370512,0.01052561,0.00825897,0.0065413,0.00520767,0.00416128,0.00333573,0.00268203,0.00216288,0.00174947
Gram_error_fro,2.0,1,10,2,0.0,0.04801385,0.03413228,0.02835144,0.0243544,0.02113616,0.01842271,0.016096,0.01408531,0.01233964,0.0108191,0.00949139,0.00832987,0.0073123
Gram_error_fro,4.0,1,10,2,0.0,0.01296074,0.01203758,0.01309431,0.0132142,0.01278782,0.01206664,0.01119533,0.01026006,0.0093151,0.0083951,0.00752151,0.00670671,0.00595676
Gram_error_fro,2.0,1,10,2,0.0,0.01270821,0.00916871,0.00975811,0.00979834,0.00940842,0.00879026,0.00805996,0.00728796,0.00651922,0.00578203,0.00509308,0.00446109,0.00388934
Gram_error_fro,2.0,1,10,2,0.0,0.07033396,0.02903873,0.01735482,0.01193118,0.00864201,0.00639528,0.00478209,0.0035993,0.00272371,0.00207205,0.00158521,0.00122028,0.0009458
Gram_error_fro,0.0,1,10,5,0.0,0.0,0.0,0.0,0.0,0.0,0.0,0.0,0.0,0.0,0.0,0.0,0.0,0.0
Gram_error_fro,0.0,1,10,5,0.0,0.0,0.0,0.0,0.0,0.0,0.0,0.0,0.0,0.0,0.0,0.0,0.0,0.0
Gram_error_fro,2.0,1,10,5,0.0,0.07626187,0.06059534,0.04629397,0.03780143,0.03323981,0.0304856,0.02838926,0.02650519,0.0247017,0.02295784,0.02128346,0.01969209,0.01819333
Gram_error_fro,2.0,1,10,5,0.0,0.06612933,0.049492,0.03940995,0.03466172,0.03205816,0.0300974,0.02827968,0.02648224,0.02470028,0.02295789,0.02127989,0.01968445,0.01818239
Gram_error_fro,2.0,1,10,5,0.0,0.05888795,0.04294668,0.03260806,0.02607912,0.02155458,0.01820051,0.01560116,0.01351983,0.01180863,0.0103709,0.00914212,0.00807845,0.00714936
Gram_error_fro,2.0,1,10,5,0.0,0.08200538,0.05391213,0.03230049,0.0197786,0.01279467,0.00877381,0.00631637,0.00471939,0.00362752,0.00285064,0.00227957,0.0018479,0.00151359
Gram_error_fro,2.0,1,10,5,0.0,0.06057567,0.04296779,0.03103245,0.02320755,0.01763252,0.0135223,0.01045949,0.00816304,0.00642903,0.00510833,0.00409245,0.00330287,0.0026828
Gram_error_fro,2.0,1,10,5,0.0,0.07121156,0.04594299,0.03044172,0.0211796,0.015202,0.0111753,0.00839731,0.0064435,0.00504169,0.00401418,0.00324416,0.00265445,0.00219359
Gram_error_fro,2.0,1,10,5,0.0,0.11630283,0.08594444,0.05496643,0.03462229,0.0226948,0.01608311,0.01249136,0.0104461,0.0091277,0.00814362,0.00732512,0.00660369,0.00595185
Gram_error_fro,2.0,1,10,5,0.0,0.09935351,0.06628039,0.04610619,0.03696346,0.03276468,0.03028368,0.02830721,0.02646599,0.02467548,0.02293453,0.02126021,0.01966842,0.01816944
Gram_error_fro,2.0,1,10,5,0.0,0.10793661,0.09772329,0.07652291,0.05844901,0.0447893,0.03468047,0.02715859,0.02149123,0.017164,0.01381908,0.01120472,0.00914092,0.00749704
Gram_error_fro,0.0,1,10,3,0.0,0.0,0.0,0.0,0.0,0.0,0.0,0.0,0.0,0.0,0.0,0.0,0.0,0.0
Gram_error_fro,0.0,1,10,3,0.0,0.0,0.0,0.0,0.0,0.0,0.0,0.0,0.0,0.0,0.0,0.0,0.0,0.0
Gram_error_fro,2.0,2,10,3,0.0,0.07419215,0.06232355,0.05110641,0.04184009,0.03496784,0.03037814,0.02762965,0.02620221,0.02563245,0.02557081,0.02578307,0.02612476,0.02651196
Gram_error_fro,2.0,1,10,3,0.0,0.01091828,0.00450326,0.0030961,0.00264903,0.00240492,0.00220519,0.00201334,0.00182535,0.00164445,0.00147403,0.00131614,0.00117163,0.00104047
Gram_error_fro,2.0,1,10,3,0.0,0.04607643,0.02182451,0.01205232,0.00799702,0.00596104,0.00466436,0.00370967,0.00296701,0.00238144,0.00192028,0.001559,0.00127734,0.0010583
Gram_error_fro,2.0,1,10,3,0.0,0.04607643,0.02182451,0.01205232,0.00799702,0.00596104,0.00466436,0.00370967,0.00296701,0.00238144,0.00192028,0.001559,0.00127734,0.0010583
Gram_error_fro,2.0,1,10,3,0.0,0.09064523,0.06586057,0.04915051,0.03786166,0.02957011,0.02327774,0.01843792,0.01468419,0.0117522,0.00944702,0.00762365,0.00617343,0.00501431
Gram_error_fro,4.0,1,10,3,0.0,0.10946948,0.08824549,0.07260509,0.06182178,0.05329715,0.04617201,0.0401339,0.03499095,0.03058909,0.02680148,0.02352575,0.02068003,0.01819872
Gram_error_fro,4.0,1,10,3,0.0,0.09238374,0.06494869,0.04889713,0.03789776,0.02976661,0.02359696,0.0188536,0.015169,0.01227951,0.00999338,0.00816991,0.00670495,0.00552061
Gram_error_fro,4.0,1,10,3,0.0,0.1110621,0.07947157,0.06050276,0.04798185,0.03891217,0.03206239,0.0267799,0.02264735,0.01937205,0.0167412,0.01459823,0.01282767,0.01134434
Gram_error_fro,4.0,1,10,3,0.0,0.04927296,0.0375082,0.03133721,0.02694374,0.02318314,0.0199252,0.01713373,0.01475289,0.01272042,0.01097997,0.00948457,0.00819604,0.00708338
Gram_error_fro,0.0,1,10,2,0.0,0.0,0.0,0.0,0.0,0.0,0.0,0.0,0.0,0.0,0.0,0.0,0.0,0.0
Gram_error_fro,2.0,1,10,2,0.0,0.0742875,0.0522673,0.03865612,0.02948807,0.02277069,0.01773317,0.01392211,0.01101637,0.00878197,0.00704878,0.00569303,0.00462421,0.00377553
Gram_error_fro,2.0,1,10,2,0.0,0.08419932,0.04543247,0.03131958,0.02367682,0.01840179,0.01451938,0.01159183,0.0093471,0.00760115,0.00622609,0.00513135,0.00425166,0.00353907
Gram_error_fro,2.0,1,10,2,0.0,0.08959173,0.06121618,0.04797613,0.03945142,0.03289351,0.02759033,0.02323139,0.01961868,0.01660704,0.01408516,0.01196583,0.01017963,0.00867061
Gram_error_fro,2.0,1,10,2,0.0,0.08959173,0.06121618,0.04797613,0.03945142,0.03289351,0.02759033,0.02323139,0.01961868,0.01660704,0.01408516,0.01196583,0.01017963,0.00867061
Gram_error_fro,2.0,1,10,2,0.0,0.08382608,0.05677173,0.04226384,0.03288598,0.02607607,0.02091198,0.01692551,0.01381476,0.01136405,0.00941468,0.00784921,0.00658051,0.00554369
Gram_error_fro,2.0,1,10,2,0.0,0.06966328,0.05149265,0.03815248,0.02869312,0.02170675,0.01649641,0.01259747,0.00966693,0.00745153,0.00576626,0.00447646,0.00348386,0.00271624
Gram_error_fro,2.0,1,10,2,0.0,0.07079276,0.05961023,0.04904414,0.04047512,0.033508,0.02786407,0.02328635,0.01955166,0.01648178,0.01393985,0.01182155,0.01004682,0.00855346
Gram_error_fro,4.0,1,10,2,0.0,0.07009984,0.05660824,0.04640462,0.03851512,0.03213033,0.02693177,0.02268505,0.01919219,0.01629567,0.01387505,0.01183905,0.01011784,0.00865707
Gram_error_fro,2.0,1,10,2,0.0,0.13124138,0.08325075,0.05914886,0.0441236,0.03351935,0.02574691,0.01996215,0.01561215,0.01231094,0.00978353,0.00783201,0.00631277,0.00512075
Gram_error_fro,2.0,1,10,2,0.0,0.02890231,0.0197535,0.01399383,0.01008277,0.00734586,0.00544726,0.00415458,0.00329684,0.00274217,0.00238609,0.0021495,0.00197836,0.00183995
Gram_error_fro,0.0,1,10,2,0.0,0.0,0.0,0.0,0.0,0.0,0.0,0.0,0.0,0.0,0.0,0.0,0.0,0.0
Gram_error_fro,2.0,1,10,2,0.0,0.0566926,0.0413487,0.036448,0.03324742,0.03022626,0.02734712,0.02465641,0.02217648,0.01991159,0.01785557,0.01599668,0.01432058,0.01281212
Gram_error_fro,2.0,1,10,2,0.0,0.04710651,0.03094361,0.01998798,0.01385305,0.01020534,0.00789097,0.00635274,0.00527883,0.00448401,0.00385997,0.00334549,0.00290678,0.00252517
Gram_error_fro,2.0,1,10,2,0.0,0.01164284,0.00580863,0.00467298,0.00476263,0.00499148,0.00504699,0.00490786,0.00462678,0.00426141,0.00385696,0.00344476,0.00304489,0.00266929
Gram_error_fro,2.0,1,10,2,0.0,0.01400321,0.0067479,0.00319716,0.00244601,0.00297047,0.00341889,0.00358703,0.00353384,0.0033396,0.00306783,0.00276252,0.00245201,0.00215339
Gram_error_fro,0.0,1,10,2,0.0,0.0,0.0,0.0,0.0,0.0,0.0,0.0,0.0,0.0,0.0,0.0,0.0,0.0
Gram_error_fro,2.0,1,10,2,0.0,0.05977083,0.04419998,0.03307061,0.02527581,0.01954714,0.01523556,0.0119533,0.00943695,0.00749664,0.00599224,0.00481936,0.00389976,0.0031746
Gram_error_fro,2.0,1,10,2,0.0,0.00921202,0.01193564,0.01259261,0.01199842,0.01115327,0.01016844,0.00911484,0.00806001,0.00705181,0.00611828,0.00527282,0.0045193,0.00385578
Gram_error_fro,2.0,1,10,2,0.0,0.04703438,0.03100606,0.02201394,0.01673367,0.01313425,0.01046901,0.00842231,0.00682382,0.00556403,0.00456528,0.00376967,0.00313288,0.00262061
Gram_error_fro,2.0,1,10,2,0.0,0.05648306,0.0360318,0.02357558,0.01590618,0.01098659,0.00773834,0.0055592,0.00408543,0.00308275,0.00239383,0.00191138,0.00156303,0.00130148
Gram_error_fro,2.0,1,10,2,0.0,0.07571806,0.06602537,0.05175742,0.03999931,0.03100943,0.02422343,0.01909038,0.0151781,0.01216671,0.00982425,0.00798333,0.00652274,0.00535394
Gram_error_fro,0.0,1,10,2,0.0,0.0,0.0,0.0,0.0,0.0,0.0,0.0,0.0,0.0,0.0,0.0,0.0,0.0
Gram_error_fro,0.0,1,10,2,0.0,0.0,0.0,0.0,0.0,0.0,0.0,0.0,0.0,0.0,0.0,0.0,0.0,0.0
Gram_error_fro,2.0,1,10,2,0.0,0.05183354,0.03651139,0.02717154,0.02079664,0.01614545,0.01264283,0.00995302,0.00786073,0.00621916,0.0049237,0.00389742,0.00308246,0.00243459
Gram_error_fro,2.0,1,10,2,0.0,0.02624306,0.01203183,0.00863951,0.00935743,0.01042703,0.01098429,0.01105706,0.01078986,0.01030659,0.00969679,0.00902206,0.00832384,0.00762949
Gram_error_fro,2.0,1,10,2,0.0,0.04696744,0.03902007,0.03359046,0.02907012,0.02522615,0.02194754,0.01913552,0.01671038,0.01460973,0.01278403,0.01119316,0.00980408,0.00858924
Gram_error_fro,2.0,1,10,2,0.0,0.03231722,0.02897102,0.02364011,0.01899709,0.01523807,0.01224225,0.0098574,0.0079531,0.00642651,0.00519818,0.00420678,0.00340472,0.00275478
Gram_error_fro,4.0,1,10,2,0.0,0.14898166,0.14567484,0.1373216,0.12718828,0.11682569,0.10683574,0.0974584,0.08878,0.08081525,0.07354363,0.0669271,0.06091949,0.05547179
Gram_error_fro,2.0,1,10,2,0.0,0.06384863,0.04083504,0.029804,0.02278926,0.01771426,0.01388973,0.01095533,0.00867819,0.00689603,0.0054919,0.00437979,0.00349543,0.00279007
Gram_error_fro,2.0,1,10,2,0.0,0.01765507,0.00910109,0.00520386,0.00314356,0.0020093,0.00148769,0.00131418,0.00125763,0.00120841,0.00113927,0.00105175,0.00095358,0.00085199
Gram_error_fro,2.0,1,10,2,0.0,0.07216162,0.05671999,0.04509927,0.03602621,0.02880032,0.02305287,0.01848385,0.01484618,0.01194299,0.00962,0.0077568,0.00625933,0.00505377
Gram_error_fro,2.0,1,10,2,0.0,0.04812593,0.03456496,0.02690325,0.02159777,0.01761196,0.01452083,0.01207992,0.01012628,0.0085446,0.00725087,0.00618279,0.00529354,0.00454758
Gram_error_fro,0.0,1,10,5,0.0,0.0,0.0,0.0,0.0,0.0,0.0,0.0,0.0,0.0,0.0,0.0,0.0,0.0
Gram_error_fro,2.0,1,10,5,0.0,0.06606887,0.04641294,0.03296428,0.02510599,0.02020857,0.01681037,0.0142231,0.01213241,0.01038745,0.00890737,0.00764224,0.00655702,0.00562473
Gram_error_fro,2.0,1,10,5,0.0,0.06835836,0.05432534,0.04330873,0.03588024,0.03038631,0.02601271,0.02240546,0.01938064,0.01681885,0.01463245,0.0127545,0.01113317,0.0097279
Gram_error_fro,2.0,1,10,5,0.0,0.07128761,0.05504286,0.04409393,0.03641787,0.03044677,0.02559327,0.02157786,0.01823356,0.01544294,0.01311426,0.01117161,0.00955062,0.00819645
Gram_error_fro,2.0,1,10,5,0.0,0.0808315,0.07349161,0.05820634,0.04439732,0.03346269,0.02515322,0.01893831,0.0143205,0.01089703,0.00835795,0.00647002,0.00505991,0.00399982
Gram_error_fro,2.0,1,10,5,0.0,0.05103658,0.04951738,0.04586755,0.04165275,0.03708016,0.03247932,0.02812624,0.02417861,0.02069703,0.01768114,0.01509812,0.01290093,0.01103889
Gram_error_fro,2.0,1,10,5,0.0,0.08902295,0.07052636,0.05210525,0.03828792,0.02823146,0.02100207,0.0158409,0.01215728,0.00950838,0.00757442,0.00613234,0.00503087,0.0041693
Gram_error_fro,4.0,1,10,5,0.0,0.10224541,0.06620162,0.04347186,0.0314146,0.02462428,0.02022927,0.0170034,0.01445006,0.01235028,0.01058956,0.00909701,0.00782332,0.00673173
Gram_error_fro,4.0,1,10,5,0.0,0.12630252,0.10821051,0.08257628,0.0612539,0.04539579,0.0340317,0.02597191,0.02024,0.01611719,0.01309787,0.01083553,0.00909682,0.00772629
Gram_error_fro,2.0,1,10,5,0.0,0.14008699,0.11227244,0.08080246,0.05742528,0.04114276,0.02992518,0.0221709,0.01676207,0.01294049,0.01019579,0.00818556,0.00668079,0.00552854
Gram_error_fro,4.0,1,10,5,0.0,0.12731252,0.10382658,0.07892949,0.06067852,0.04753681,0.0378991,0.03066626,0.02511621,0.02077265,0.01731639,0.0145287,0.01225568,0.01038598
Gram_error_fro,0.0,1,10,2,0.0,0.0,0.0,0.0,0.0,0.0,0.0,0.0,0.0,0.0,0.0,0.0,0.0,0.0
Gram_error_fro,2.0,1,10,2,0.0,0.02883255,0.01333901,0.00780307,0.00525053,0.00377338,0.0027923,0.00209346,0.0015786,0.00119309,0.00090224,0.00068208,0.00051528,0.00038893
Gram_error_fro,2.0,1,10,2,0.0,0.05436975,0.03332983,0.0213855,0.01440681,0.01001091,0.00708573,0.00507136,0.00365471,0.00264529,0.00192005,0.00139626,0.00101669,0.00074106
Gram_error_fro,2.0,1,10,2,0.0,0.04964667,0.03469638,0.0273952,0.02221759,0.01810255,0.01476923,0.01205804,0.00984976,0.00804981,0.00658192,0.00538424,0.00440652,0.00360791
Gram_error_fro,2.0,1,10,2,0.0,0.01161455,0.00594149,0.00447425,0.00335082,0.00245176,0.00180539,0.00134806,0.00101649,0.00076972,0.00058313,0.00044109,0.00033287,0.00025056
Gram_error_fro,0.0,1,10,2,0.0,0.07314428,0.0332699,0.0199483,0.0137114,0.00990268,0.00729302,0.00541752,0.0040404,0.00301881,0.00225718,0.00168805,0.00126234,0.00094384
Gram_error_fro,2.0,1,10,2,0.0,0.05627983,0.03834955,0.02959993,0.02325853,0.01819384,0.01418128,0.01103478,0.00857923,0.00666672,0.00517858,0.00402134,0.00312183,0.00242295
Gram_error_fro,0.0,1,10,2,0.0,0.07931201,0.05158591,0.03656436,0.02675279,0.01975879,0.01464289,0.01086797,0.00807154,0.00599557,0.00445277,0.00330576,0.00245305,0.00181937
Gram_error_fro,2.0,1,10,2,0.0,0.02570024,0.01383572,0.00877584,0.0070279,0.00622452,0.00560272,0.00501998,0.00446536,0.00394587,0.00346717,0.00303187,0.00264024,0.002291
Gram_error_fro,4.0,1,10,2,0.0,0.12305846,0.09941313,0.08019927,0.06488167,0.05254144,0.04263318,0.03469395,0.02832713,0.02320683,0.01907299,0.01572124,0.01299195,0.01076051
Gram_error_fro,2.0,1,10,2,0.0,0.05627983,0.03834955,0.02945939,0.02308796,0.01806309,0.01410362,0.01100692,0.0085939,0.00671516,0.00525152,0.00410996,0.00321848,0.0025215
Gram_error_fro,0.0,1,10,4,0.0,0.0,0.0,0.0,0.0,0.0,0.0,0.0,0.0,0.0,0.0,0.0,0.0,0.0
Gram_error_fro,2.0,1,10,4,0.0,0.09235646,0.07729957,0.0601863,0.04717815,0.03752566,0.03016732,0.02442168,0.01987417,0.01624963,0.01334781,0.01101525,0.00913207,0.00760432
Gram_error_fro,2.0,1,10,4,0.0,0.0077735,0.01023022,0.01170175,0.01221925,0.01221125,0.01191592,0.01144595,0.01086324,0.01021003,0.00951852,0.00881357,0.00811395,0.00743332
Gram_error_fro,2.0,1,10,4,0.0,0.0632933,0.06019976,0.05243262,0.04488563,0.03820387,0.03239483,0.02739988,0.02314864,0.01955925,0.01654407,0.0140173,0.0119005,0.01012513
Gram_error_fro,2.0,1,10,4,0.0,0.05913875,0.04801509,0.04079941,0.03726975,0.03543963,0.03415871,0.03294388,0.0316444,0.03024196,0.02876132,0.02723609,0.02569716,0.02416964
Gram_error_fro,2.0,1,10,4,0.0,0.09007706,0.07497462,0.05875946,0.04655821,0.03726178,0.02999166,0.02423729,0.01966391,0.01602266,0.01311757,0.01079243,0.00892338,0.00741311
Gram_error_fro,2.0,1,10,4,0.0,0.09235646,0.07729957,0.0601863,0.04717815,0.03752566,0.03016732,0.02442168,0.01987417,0.01624963,0.01334781,0.01101525,0.00913207,0.00760432
Gram_error_fro,0.0,1,10,4,0.0,0.0,0.0,0.0,0.0,0.0,0.0,0.0,0.0,0.0,0.0,0.0,0.0,0.0
Gram_error_fro,4.0,1,10,4,0.0,0.08162345,0.0613674,0.04608048,0.03585961,0.02865747,0.02323082,0.01895552,0.01551422,0.01272079,0.01044628,0.0085916,0.00707726,0.00583889
Gram_error_fro,2.0,1,10,4,0.0,0.09235646,0.07729957,0.0601863,0.04717815,0.03752566,0.03016732,0.02442168,0.01987417,0.01624963,0.01334781,0.01101525,0.00913207,0.00760432
Gram_error_fro,4.0,1,10,4,0.0,0.09895371,0.07552329,0.05786488,0.04682429,0.03926256,0.03352863,0.02890685,0.02506441,0.02181821,0.01904956,0.0166726,0.01462142,0.01284386
Gram_error_fro,0.0,1,10,2,0.0,0.0,0.0,0.0,0.0,0.0,0.0,0.0,0.0,0.0,0.0,0.0,0.0,0.0
Gram_error_fro,2.0,1,10,2,0.0,0.07381406,0.05210185,0.03739536,0.02734348,0.02028387,0.01534685,0.01190989,0.00950874,0.00780732,0.00657053,0.00563949,0.00491025,0.00431671
Gram_error_fro,0.0,1,10,2,0.0,0.0,0.0,0.0,0.0,0.0,0.0,0.0,0.0,0.0,0.0,0.0,0.0,0.0
Gram_error_fro,0.0,1,10,2,0.0,0.0,0.0,0.0,0.0,0.0,0.0,0.0,0.0,0.0,0.0,0.0,0.0,0.0
Gram_error_fro,2.0,1,10,2,0.0,0.08999428,0.04486441,0.03004196,0.02372585,0.01954273,0.01623194,0.01349421,0.01121044,0.00930371,0.007713,0.00638734,0.00528382,0.00436626
Gram_error_fro,2.0,1,10,2,0.0,0.00246601,0.00118626,0.00057383,0.0006262,0.00087518,0.00101958,0.00105782,0.00102561,0.00095366,0.00086299,0.00076667,0.00067228,0.00058393
Gram_error_fro,2.0,1,10,2,0.0,0.01860086,0.00899803,0.00369235,0.00113453,0.00208864,0.00307811,0.00356453,0.00370588,0.00363653,0.00344714,0.0031955,0.0029175,0.00263489
Gram_error_fro,2.0,1,10,2,0.0,0.04810535,0.03595227,0.02584978,0.01808333,0.01228657,0.00807046,0.0050524,0.0029232,0.00147711,0.00071867,0.00084211,0.00120499,0.00147899
Gram_error_fro,2.0,1,10,2,0.0,0.10013275,0.05025464,0.02759126,0.01775076,0.01283528,0.00986586,0.00779727,0.00624305,0.00503314,0.00407482,0.00330844,0.00269173,0.00219326
Gram_error_fro,2.0,1,10,2,0.0,0.03684554,0.03171947,0.02501379,0.01927022,0.01476174,0.01134432,0.00880034,0.00693187,0.00557744,0.00460732,0.00391654,0.00342074,0.00305478
Gram_error_fro,4.0,1,10,2,0.0,0.05452921,0.04139242,0.03292575,0.02660737,0.02160645,0.01761412,0.01441704,0.01184427,0.0097611,0.00806382,0.0066733,0.00552896,0.00458399
Gram_error_fro,0.0,1,10,3,0.0,0.0,0.0,0.0,0.0,0.0,0.0,0.0,0.0,0.0,0.0,0.0,0.0,0.0
Gram_error_fro,2.0,1,10,3,0.0,0.00694253,0.0024727,0.00173791,0.00196655,0.0021583,0.00221061,0.00216694,0.00206815,0.00193982,0.001797,0.00164877,0.00150088,0.0013571
Gram_error_fro,2.0,2,10,3,0.0,0.0753657,0.05119458,0.04007724,0.03469001,0.03177194,0.03012569,0.02920775,0.0287214,0.02849144,0.02841225,0.02841995,0.0284758,0.02855631
Gram_error_fro,2.0,1,10,3,0.0,0.04669739,0.02207222,0.01159796,0.0072063,0.00527163,0.00424826,0.0035541,0.00300372,0.00254139,0.00214772,0.00181255,0.00152804,0.00128718
Gram_error_fro,2.0,2,10,3,0.0,0.06703524,0.05472699,0.04311448,0.03420197,0.02812795,0.02453886,0.02287135,0.02248385,0.02281787,0.02348747,0.02426642,0.02503679,0.02574375
Gram_error_fro,2.0,1,10,3,0.0,0.04966558,0.04025342,0.03370681,0.02913303,0.02541848,0.022327,0.01973501,0.0175272,0.01561189,0.01392523,0.01242492,0.01108258,0.00987817
Gram_error_fro,4.0,1,10,3,0.0,0.11660707,0.08321027,0.06169386,0.04677047,0.03584695,0.02770143,0.02156453,0.01689963,0.013323,0.01055806,0.00840422,0.0067149,0.00538193
Gram_error_fro,2.0,1,10,3,0.0,0.09942737,0.06544918,0.04984675,0.04105938,0.03492515,0.03022327,0.02643664,0.02328345,0.0205945,0.01826327,0.0162197,0.0144154,0.0128151
Gram_error_fro,2.0,1,10,3,0.0,0.0462216,0.0331772,0.02488787,0.01957911,0.01562739,0.01254839,0.01014366,0.00826746,0.00679746,0.00563558,0.00470696,0.00395608,0.00334221
Gram_error_fro,2.0,1,10,3,0.0,0.07925539,0.0623935,0.05134006,0.04356508,0.03747508,0.03244092,0.02818417,0.02455245,0.02144147,0.01876893,0.01646611,0.01447501,0.01274699
Gram_error_fro,2.0,1,10,3,0.0,0.11039808,0.06195069,0.03932447,0.0278814,0.02088628,0.01609281,0.01261329,0.01000573,0.00800993,0.00645761,0.00523445,0.00426042,0.0034782
Gram_error_fro,0.0,1,10,4,0.0,0.0,0.0,0.0,0.0,0.0,0.0,0.0,0.0,0.0,0.0,0.0,0.0,0.0
Gram_error_fro,2.0,1,10,4,0.0,0.05752414,0.04623181,0.03308876,0.02402647,0.01801564,0.01384224,0.01081143,0.00854686,0.00682464,0.00549752,0.00446279,0.00364699,0.002997
Gram_error_fro,2.0,1,10,4,0.0,0.0924455,0.06098967,0.03796124,0.02565054,0.01880158,0.01448777,0.0114748,0.0092377,0.00751805,0.00616655,0.00508717,0.00421445,0.00350207
Gram_error_fro,2.0,1,10,4,0.0,0.08189976,0.05941744,0.03854981,0.02514077,0.01722658,0.01255193,0.00963606,0.00766592,0.00623091,0.0051267,0.00424704,0.00353184,0.0029435
Gram_error_fro,2.0,1,10,4,0.0,0.07020108,0.05325583,0.04628023,0.04316416,0.0403908,0.03738531,0.03425342,0.03116003,0.02821748,0.02548516,0.02298611,0.02072149,0.01868038
Gram_error_fro,0.0,1,10,4,0.0,0.0,0.0,0.0,0.0,0.0,0.0,0.0,0.0,0.0,0.0,0.0,0.0,0.0
Gram_error_fro,2.0,1,10,4,0.0,0.08451575,0.08621274,0.07612434,0.06404599,0.05274797,0.04306611,0.03509187,0.02863975,0.02345198,0.01928122,0.01591757,0.0131922,0.01097255
Gram_error_fro,2.0,1,10,4,0.0,0.05641205,0.05413799,0.0457042,0.03716563,0.02986329,0.02393014,0.01920109,0.01545375,0.01248233,0.01011738,0.00822603,0.00670599,0.00547888
Gram_error_fro,4.0,1,10,4,0.0,0.08983668,0.08408792,0.07254411,0.06050969,0.04965621,0.04047647,0.03295618,0.02688704,0.02201529,0.01810406,0.01495375,0.01240408,0.01032932
Gram_error_fro,2.0,1,10,4,0.0,0.08948907,0.07208433,0.05473238,0.04277044,0.03450634,0.02849486,0.02390071,0.02025924,0.01729955,0.01485196,0.01280273,0.01107126,0.00959798
Gram_error_fro,2.0,1,10,4,0.0,0.09654819,0.06602395,0.04599822,0.03492366,0.02788107,0.02270309,0.01862178,0.01532771,0.01264843,0.01046102,0.00866956,0.00719785,0.00598535
Gram_error_fro,0.0,1,10,6,0.0,0.0,0.0,0.0,0.0,0.0,0.0,0.0,0.0,0.0,0.0,0.0,0.0,0.0
Gram_error_fro,0.0,1,10,6,0.0,0.0,0.0,0.0,0.0,0.0,0.0,0.0,0.0,0.0,0.0,0.0,0.0,0.0
Gram_error_fro,0.0,1,10,6,0.0,0.08047869,0.06554049,0.04732881,0.03278086,0.02224636,0.01492934,0.00995548,0.00661474,0.00438619,0.00290538,0.00192362,0.0012735,0.00084327
Gram_error_fro,2.0,1,10,6,0.0,0.09736899,0.08835675,0.0721026,0.0569227,0.04412298,0.03381333,0.02572244,0.01947171,0.01468997,0.01105542,0.00830488,0.00622977,0.00466781
Gram_error_fro,2.0,1,10,6,0.0,0.08633127,0.07939119,0.06558491,0.05284994,0.04212813,0.03334441,0.02624652,0.02056541,0.01605279,0.01249085,0.00969398,0.00750733,0.0058038
Gram_error_fro,0.0,1,10,6,0.0,0.10688041,0.09715344,0.0775292,0.05965376,0.04521141,0.03404662,0.02557629,0.01919856,0.0144086,0.0108129,0.00811327,0.00608599,0.00456352
Gram_error_fro,4.0,1,10,6,0.0,0.11330158,0.09469147,0.07462336,0.05812242,0.04485513,0.03433866,0.02611682,0.01976362,0.01489912,0.01120011,0.00840166,0.00629245,0.0047071
Gram_error_fro,2.0,1,10,6,0.0,0.10729677,0.08461341,0.06267737,0.04669152,0.03499547,0.02632266,0.01984425,0.01498463,0.01132869,0.00857215,0.00649016,0.00491562,0.00372378
Gram_error_fro,2.0,1,10,6,0.0,0.10487237,0.07837135,0.05388501,0.03636102,0.02429397,0.01612699,0.01065947,0.00702554,0.00462193,0.00303723,0.00199467,0.00130971,0.00086006
Gram_error_fro,2.0,1,10,6,0.0,0.11582785,0.08986344,0.06990884,0.0552073,0.04350596,0.03411371,0.02664495,0.02075804,0.01614484,0.01254246,0.00973554,0.00755158,0.00585416
Gram_error_fro,0.0,1,10,6,0.0,0.13555214,0.11882747,0.09176391,0.06871499,0.05094514,0.03767506,0.02787533,0.02065727,0.01533536,0.01140243,0.00848873,0.00632536,0.00471627
Gram_error_fro,0.0,1,10,1,0.0,0.0,0.0,0.0,0.0,0.0,0.0,0.0,0.0,0.0,0.0,0.0,0.0,0.0
Gram_error_fro,2.0,1,10,1,0.0,0.00459892,0.00155898,0.00036319,0.00189273,0.00305708,0.00385621,0.00433789,0.00456923,0.00461562,0.00453215,0.00436191,0.00413712,0.00388118
Gram_error_fro,2.0,1,10,1,0.0,0.00459892,0.00155898,0.00036319,0.00189273,0.00305708,0.00385621,0.00433789,0.00456923,0.00461562,0.00453215,0.00436191,0.00413712,0.00388118
Gram_error_fro,2.0,1,10,1,0.0,0.05712191,0.04042864,0.03317353,0.02830007,0.0243926,0.02108699,0.01824249,0.01578274,0.01365405,0.01181279,0.01022129,0.00884644,0.0076591
Gram_error_fro,0.0,1,10,1,0.0,0.0,0.0,0.0,0.0,0.0,0.0,0.0,0.0,0.0,0.0,0.0,0.0,0.0
Gram_error_fro,2.0,1,10,1,0.0,0.06957483,0.06490892,0.05783644,0.05095707,0.04466805,0.03906859,0.03415246,0.02987018,0.02615557,0.02293902,0.02015413,0.01774072,0.01564582
Gram_error_fro,2.0,1,10,1,0.0,0.05068531,0.03885631,0.0331103,0.02897211,0.02550832,0.02248814,0.01982342,0.01746639,0.0153829,0.01354399,0.01192335,0.01049668,0.00924169
Gram_error_fro,2.0,1,10,1,0.0,0.01882086,0.00804115,0.0055909,0.00462906,0.00393411,0.00331046,0.00274565,0.00224894,0.00182358,0.00146625,0.00117007,0.00092695,0.0007288
Gram_error_fro,4.0,1,10,1,0.0,0.09521337,0.06432897,0.05236097,0.04464531,0.03854512,0.0334114,0.02900372,0.02519513,0.02189786,0.0190417,0.01656704,0.0144223,0.01256273
Gram_error_fro,2.0,1,10,1,0.0,0.05618056,0.05902718,0.05631969,0.05259504,0.04863665,0.0447191,0.04097424,0.03746408,0.03421231,0.03122169,0.02848377,0.02598437,0.02370665
Gram_error_fro,2.0,1,10,1,0.0,0.0133716,0.00582899,0.00562305,0.0060564,0.00633534,0.00640951,0.00632079,0.00611444,0.00582822,0.005492,0.00512863,0.004755,0.0043832
Gram_error_fro,0.0,1,10,3,0.0,0.0,0.0,0.0,0.0,0.0,0.0,0.0,0.0,0.0,0.0,0.0,0.0,0.0
Gram_error_fro,0.0,1,10,3,0.0,0.05603673,0.05221698,0.04657115,0.04169694,0.03729547,0.03326056,0.02957789,0.02624321,0.02324467,0.02056292,0.01817422,0.01605294,0.01417337
Gram_error_fro,2.0,1,10,3,0.0,0.07435671,0.02955186,0.01329852,0.00723786,0.00463507,0.00347336,0.00296937,0.00273331,0.00258071,0.00243982,0.0022897,0.00212884,0.00196181
Gram_error_fro,2.0,1,10,3,0.0,0.03157409,0.02486659,0.02035888,0.01696072,0.01429116,0.01213777,0.01035983,0.00886547,0.00759498,0.00650789,0.00557491,0.00477349,0.00408533
Gram_error_fro,2.0,1,10,3,0.0,0.05568551,0.05115666,0.04478589,0.03912143,0.03399475,0.02938737,0.02530674,0.02173514,0.01863491,0.01595925,0.01365938,0.01168831,0.01000265
Gram_error_fro,2.0,1,10,3,0.0,0.06865856,0.0348548,0.02038552,0.01398384,0.01052348,0.00835613,0.00688153,0.00582313,0.00502911,0.00440863,0.00390539,0.00348387,0.00312145
Gram_error_fro,2.0,1,10,3,0.0,0.10036935,0.06922499,0.05644325,0.04931815,0.04372517,0.03886171,0.03453906,0.03068281,0.02724365,0.02418009,0.02145463,0.01903289,0.01688321
Gram_error_fro,2.0,1,10,3,0.0,0.04022706,0.04068259,0.04186307,0.04176704,0.04077995,0.03922006,0.03730628,0.03519977,0.033016,0.03083394,0.02870524,0.02666197,0.02472259
Gram_error_fro,2.0,2,10,3,0.0,0.02300812,0.01735478,0.01721123,0.01772299,0.0183825,0.01914758,0.01993576,0.02070173,0.02143123,0.02212203,0.02277435,0.02338813,0.02396282
Gram_error_fro,4.0,2,10,3,0.0,0.07537405,0.03059753,0.01494044,0.01177812,0.01271769,0.01446632,0.01619767,0.01775665,0.01913211,0.02034138,0.02140504,0.02234176,0.02316759
Gram_error_fro,2.0,1,10,3,0.0,0.07650602,0.05306315,0.03875034,0.03002724,0.02384725,0.01915239,0.01548374,0.01257577,0.01024978,0.00837756,0.00686407,0.00563718,0.00464111
Gram_error_fro,0.0,1,10,1,0.0,0.0,0.0,0.0,0.0,0.0,0.0,0.0,0.0,0.0,0.0,0.0,0.0,0.0
Gram_error_fro,2.0,1,10,1,0.0,0.0,0.0,0.00064626,0.00102819,0.00121493,0.00128913,0.00129797,0.0012672,0.00121221,0.00114294,0.00106609,0.00098622,0.00090639
Gram_error_fro,0.0,1,10,1,0.0,0.0,0.0,0.0,0.0,0.0,0.0,0.0,0.0,0.0,0.0,0.0,0.0,0.0
Gram_error_fro,2.0,1,10,1,0.0,0.01208192,0.00413894,0.00319352,0.00320302,0.00323814,0.00317776,0.00304304,0.00286626,0.0026699,0.0024676,0.00226744,0.00207419,0.0018906
Gram_error_fro,0.0,1,10,1,0.0,0.0,0.0,0.0,0.0,0.0,0.0,0.0,0.0,0.0,0.0,0.0,0.0,0.0
Gram_error_fro,2.0,1,10,1,0.0,0.00259826,0.00069303,3.743e-05,0.00028448,0.0002927,0.00019864,7.582e-05,4.139e-05,0.00013948,0.00021506,0.00026924,0.00030492,0.00032545
Gram_error_fro,2.0,1,10,1,0.0,0.06950617,0.04689746,0.03588172,0.0285643,0.02298301,0.01857557,0.0150633,0.01225359,0.00999857,0.00818231,0.00671396,0.00552242,0.00455202
Gram_error_fro,2.0,1,10,1,0.0,0.04087931,0.02476717,0.01907469,0.01572899,0.01329163,0.0113579,0.00975969,0.00841144,0.00726203,0.00627662,0.00542909,0.00469871,0.00406843
Gram_error_fro,2.0,1,10,1,0.0,0.06950617,0.04689746,0.03625662,0.0293992,0.0242511,0.02019064,0.01692105,0.01425659,0.0120665,0.01025375,0.00874435,0.00748085,0.00641816
Gram_error_fro,2.0,1,10,1,0.0,0.00895613,0.00313327,0.0026832,0.00269138,0.0026564,0.00255877,0.00242161,0.0022629,0.00209451,0.00192432,0.00175759,0.00159769,0.00144666
Gram_error_fro,2.0,1,10,1,0.0,0.00934193,0.00336749,0.00285073,0.00303052,0.00317147,0.00318841,0.00311197,0.00297884,0.00281455,0.00263505,0.00245025,0.00226638,0.00208739
Gram_error_fro,0.0,1,10,2,0.0,0.0,0.0,0.0,0.0,0.0,0.0,0.0,0.0,0.0,0.0,0.0,0.0,0.0
Gram_error_fro,0.0,1,10,2,0.0,0.011264,0.00324186,0.00195342,0.00173587,0.00165703,0.00156017,0.00143853,0.00130604,0.00117339,0.00104655,0.00092844,0.00082025,0.00072223
Gram_error_fro,2.0,1,10,2,0.0,0.05117111,0.03451967,0.02593572,0.02002589,0.01568991,0.0124564,0.01001632,0.0081512,0.00670607,0.00557108,0.00466801,0.00394068,0.0033483
Gram_error_fro,2.0,1,10,2,0.0,0.03348979,0.02809842,0.02355635,0.01986578,0.01684755,0.01433294,0.01220954,0.01040437,0.00886555,0.00755259,0.00643216,0.00547615,0.0046606
Gram_error_fro,2.0,1,10,2,0.0,0.04880114,0.02620485,0.01861462,0.01458906,0.01181607,0.00970181,0.00802475,0.00667035,0.00556527,0.00465724,0.00390709,0.0032847,0.00276647
Gram_error_fro,2.0,1,10,2,0.0,0.04217842,0.03222717,0.02661949,0.02267842,0.01960203,0.01706066,0.01489385,0.01301689,0.01137922,0.00994604,0.00869048,0.00759035,0.00662664
Gram_error_fro,2.0,1,10,2,0.0,0.04880114,0.02620485,0.01861462,0.01458906,0.01181607,0.00970181,0.00802475,0.00667035,0.00556527,0.00465724,0.00390709,0.0032847,0.00276647
Gram_error_fro,2.0,1,10,2,0.0,0.0480139,0.01568113,0.00912377,0.00663272,0.00511898,0.00404614,0.00324392,0.00262846,0.00214857,0.00176971,0.00146738,0.00122375,0.00102562
Gram_error_fro,2.0,1,10,2,0.0,0.03462442,0.02016464,0.01359649,0.009976,0.00770629,0.00615603,0.00503075,0.00417743,0.00350897,0.00297221,0.00253295,0.00216823,0.00186208
Gram_error_fro,0.0,1,10,2,0.0,0.0,0.0,0.0,0.0,0.0,0.0,0.0,0.0,0.0,0.0,0.0,0.0,0.0
Gram_error_fro,2.0,1,10,2,0.0,0.02804116,0.01781141,0.01289711,0.00997679,0.00799146,0.00653578,0.00542183,0.00454603,0.00384356,0.00327086,0.00279761,0.00240218,0.00206881
Gram_error_fro,0.0,1,10,3,0.0,0.0,0.0,0.0,0.0,0.0,0.0,0.0,0.0,0.0,0.0,0.0,0.0,0.0
Gram_error_fro,2.0,2,10,3,0.0,0.0617359,0.03429926,0.02490605,0.02276479,0.02269656,0.0231907,0.02382246,0.02446029,0.02505997,0.0256069,0.02609779,0.02653406,0.02691918
Gram_error_fro,2.0,1,10,3,0.0,0.04386131,0.01985065,0.01150361,0.00875729,0.00778863,0.0071944,0.00661221,0.0059953,0.00536613,0.0047526,0.00417472,0.00364397,0.00316536
Gram_error_fro,2.0,1,10,3,0.0,0.03315019,0.0193072,0.01266094,0.00867659,0.0063278,0.00504183,0.00436252,0.00396074,0.00365514,0.00337047,0.00308508,0.00279865,0.00251725
Gram_error_fro,2.0,1,10,3,0.0,0.02194519,0.01388142,0.01096784,0.00966143,0.00881604,0.0080485,0.00727891,0.00651329,0.00577339,0.00507775,0.00443814,0.0038601,0.00334456
Gram_error_fro,2.0,1,10,3,0.0,0.02270497,0.01491032,0.01010289,0.00700382,0.00497643,0.00365092,0.0028263,0.00234246,0.00205635,0.00186383,0.00170724,0.00156192,0.00142044
Gram_error_fro,4.0,1,10,3,0.0,0.06177368,0.03170026,0.02044774,0.01568079,0.01289793,0.01084574,0.0091782,0.00778148,0.00660281,0.00560724,0.00476665,0.00405696,0.00345745
Gram_error_fro,4.0,1,10,3,0.0,0.07563961,0.04513479,0.02899645,0.02094224,0.01657989,0.01373471,0.01157598,0.00981375,0.00833534,0.00708347,0.00602006,0.00511572,0.00434638
Gram_error_fro,2.0,1,10,3,0.0,0.03541063,0.03154466,0.02831693,0.02392402,0.01945794,0.0155406,0.01230501,0.00969913,0.00762464,0.00598348,0.00469056,0.0036755,0.00288126
Gram_error_fro,2.0,2,10,3,0.0,0.03351092,0.02665771,0.02458367,0.02395421,0.02386485,0.02405473,0.02440646,0.02484086,0.02530401,0.02576224,0.02619633,0.02659646,0.02695865
Gram_error_fro,2.0,1,10,3,0.0,0.04885258,0.02340613,0.01379365,0.00897206,0.00602044,0.00407445,0.00277107,0.00190782,0.00135333,0.00101366,0.00081524,0.00069967,0.00062601
Gram_error_fro,0.0,1,10,6,0.0,0.0,0.0,0.0,0.0,0.0,0.0,0.0,0.0,0.0,0.0,0.0,0.0,0.0
Gram_error_fro,0.0,1,10,6,0.0,0.08625615,0.08198077,0.06961675,0.05643277,0.04449001,0.03444989,0.0263612,0.02001248,0.01511129,0.01136814,0.00852983,0.00638811,0.00477749
Gram_error_fro,2.0,1,10,6,0.0,0.06970731,0.06432703,0.05395648,0.04350289,0.03423816,0.02653769,0.02037116,0.0155425,0.011813,0.00895677,0.00678082,0.00512858,0.00387661
Gram_error_fro,2.0,1,10,6,0.0,0.07188978,0.05085444,0.0322735,0.02033943,0.01297808,0.00837784,0.00544442,0.00354679,0.00231014,0.00150232,0.00097491,0.00063126,0.00040794
Gram_error_fro,2.0,1,10,6,0.0,0.07290743,0.04567305,0.02627541,0.01553753,0.00959465,0.0061475,0.00404241,0.00270221,0.00182388,0.0012376,0.00084201,0.0005735,0.00039068
Gram_error_fro,0.0,1,10,6,0.0,0.0,0.0,0.0,0.0,0.0,0.0,0.0,0.0,0.0,0.0,0.0,0.0,0.0
Gram_error_fro,0.0,1,10,6,0.0,0.0,0.0,0.0,0.0,0.0,0.0,0.0,0.0,0.0,0.0,0.0,0.0,0.0
Gram_error_fro,2.0,1,10,6,0.0,0.11940341,0.10436039,0.08215223,0.06374878,0.04940092,0.03825556,0.02958322,0.02283709,0.01759911,0.01354205,0.01040726,0.00799029,0.00613007
Gram_error_fro,2.0,1,10,6,0.0,0.08745557,0.07808946,0.06534594,0.05336553,0.04286109,0.0340397,0.02682994,0.02103659,0.01643212,0.01279957,0.00994884,0.00772034,0.00598341
Gram_error_fro,2.0,1,10,6,0.0,0.09293797,0.05856641,0.03608351,0.02290369,0.01482019,0.00969289,0.00637902,0.00421459,0.00279207,0.00185343,0.00123239,0.00082066,0.00054724
Gram_error_fro,0.0,1,10,6,0.0,0.08625615,0.08198077,0.06961675,0.05643277,0.04449001,0.03444989,0.0263612,0.02001248,0.01511129,0.01136814,0.00852983,0.00638811,0.00477749
Gram_error_fro,0.0,1,10,2,0.0,0.0,0.0,0.0,0.0,0.0,0.0,0.0,0.0,0.0,0.0,0.0,0.0,0.0
Gram_error_fro,2.0,1,10,2,0.0,0.06573256,0.03630785,0.02536222,0.01852889,0.01356875,0.00995388,0.00738612,0.00563166,0.00449231,0.00379075,0.00337035,0.00310821,0.00292301
Gram_error_fro,2.0,1,10,2,0.0,0.0619988,0.03075099,0.02426808,0.02186511,0.02010798,0.01846268,0.01686236,0.01532228,0.01386413,0.01250228,0.01124346,0.01008883,0.00903593
Gram_error_fro,0.0,1,10,2,0.0,0.0,0.0,0.0,0.0,0.0,0.0,0.0,0.0,0.0,0.0,0.0,0.0,0.0
Gram_error_fro,2.0,1,10,2,0.0,0.0660277,0.0362129,0.02499023,0.0179945,0.01300179,0.00945251,0.00700124,0.00537256,0.00433763,0.00370272,0.00331144,0.00305237,0.00285716
Gram_error_fro,2.0,1,10,2,0.0,0.05581772,0.02340824,0.01803408,0.01597729,0.01431356,0.01283005,0.01151133,0.01034466,0.00931336,0.0084004,0.00759019,0.00686906,0.00622526
Gram_error_fro,2.0,1,10,2,0.0,0.09179101,0.08354708,0.07073838,0.05903076,0.04909707,0.04089611,0.03418091,0.02868213,0.02416501,0.02043829,0.01734945,0.01477748,0.01262627
Gram_error_fro,4.0,1,10,2,0.0,0.10177869,0.06089318,0.04820039,0.04118917,0.03583034,0.03128851,0.02733552,0.02387807,0.02085507,0.01821499,0.0159115,0.01390281,0.01215158
Gram_error_fro,2.0,1,10,2,0.0,0.02753876,0.02146963,0.01897747,0.01724496,0.01582772,0.01459315,0.01348356,0.01246912,0.01153284,0.0106643,0.00985666,0.00910499,0.00840543
Gram_error_fro,2.0,1,10,2,0.0,0.02753876,0.01249706,0.00884959,0.00947313,0.01052021,0.01106553,0.01112067,0.01082992,0.0103206,0.00968546,0.00898826,0.00827156,0.00756309
Gram_error_fro,2.0,1,10,2,0.0,0.05294654,0.03821156,0.03311999,0.02981199,0.02686569,0.02409053,0.02149786,0.01911268,0.0169454,0.0149935,0.01324657,0.01169011,0.01030791
Gram_error_fro,0.0,1,10,2,0.0,0.0,0.0,0.0,0.0,0.0,0.0,0.0,0.0,0.0,0.0,0.0,0.0,0.0
Gram_error_fro,2.0,1,10,2,0.0,0.04484787,0.03686959,0.03030443,0.02494955,0.02047583,0.01675207,0.01367706,0.01115319,0.0090893,0.00740481,0.00603127,0.00491187,0.00400003
Gram_error_fro,2.0,1,10,2,0.0,0.05773736,0.03986463,0.03005858,0.02347599,0.01858639,0.01483725,0.01193186,0.00966606,0.00788817,0.00648387,0.00536686,0.00447193,0.00374967
Gram_error_fro,2.0,1,10,2,0.0,0.0308877,0.02363305,0.01715945,0.01206832,0.00867037,0.00680868,0.00603783,0.00581501,0.00575821,0.00569305,0.00556543,0.00537134,0.0051235
Gram_error_fro,2.0,1,10,2,0.0,0.01258156,0.00707414,0.00395792,0.00235381,0.00154379,0.0011927,0.00106955,0.00102195,0.00098358,0.00093605,0.00087821,0.00081344,0.0007455
Gram_error_fro,2.0,1,10,2,0.0,0.07327808,0.07269793,0.06676602,0.06040595,0.05437343,0.04881833,0.04375397,0.03916244,0.035017,0.03128682,0.02793891,0.0249397,0.02225634
Gram_error_fro,2.0,1,10,2,0.0,0.01288162,0.00695528,0.0037696,0.0020504,0.00112777,0.00078403,0.0007793,0.00083882,0.0008675,0.00085843,0.00082198,0.0007688,0.0007069
Gram_error_fro,2.0,1,10,2,0.0,0.03640537,0.02264947,0.01643405,0.01265714,0.00996508,0.00792631,0.00634464,0.0051037,0.00412338,0.00334476,0.00272334,0.00222509,0.00182385
Gram_error_fro,2.0,1,10,2,0.0,0.06502518,0.05143469,0.04100875,0.03264455,0.02596761,0.02070124,0.01656439,0.01331028,0.0107401,0.00869959,0.00707082,0.00576398,0.00471049
Gram_error_fro,2.0,1,10,2,0.0,0.094523,0.04859246,0.03258446,0.02538866,0.02056184,0.01683016,0.01384748,0.01143952,0.00948301,0.00788361,0.00656858,0.00548184,0.00457995
Gram_error_fro,4.0,1,10,2,0.0,0.07764719,0.04044289,0.0311432,0.02593179,0.02170739,0.01813949,0.01514204,0.0126383,0.01055192,0.00881352,0.00736374,0.0061532,0.00514132
Gram_error_fro,0.0,1,10,5,0.0,0.0,0.0,0.0,0.0,0.0,0.0,0.0,0.0,0.0,0.0,0.0,0.0,0.0
Gram_error_fro,0.0,1,10,5,0.0,0.10012548,0.08447709,0.06197136,0.04519407,0.03354487,0.02536752,0.01949425,0.01519094,0.0119883,0.00957388,0.00773215,0.00631075,0.00520043
Gram_error_fro,2.0,1,10,5,0.0,0.0681684,0.06216609,0.05196657,0.04252639,0.03440891,0.02766883,0.02221901,0.01789283,0.01449382,0.01183163,0.00974085,0.00808714,0.00676606
Gram_error_fro,2.0,1,10,5,0.0,0.08152452,0.06024739,0.03885584,0.02628273,0.01937366,0.01524345,0.01243468,0.01033465,0.0086845,0.00735696,0.00627531,0.00538593,0.00464855
Gram_error_fro,0.0,1,10,5,0.0,0.0,0.0,0.0,0.0,0.0,0.0,0.0,0.0,0.0,0.0,0.0,0.0,0.0
Gram_error_fro,0.0,1,10,5,0.0,0.0,0.0,0.0,0.0,0.0,0.0,0.0,0.0,0.0,0.0,0.0,0.0,0.0
Gram_error_fro,4.0,1,10,5,0.0,0.12062813,0.10142447,0.08033345,0.06663048,0.05752255,0.0508057,0.04539936,0.04080501,0.03678303,0.03320822,0.03000744,0.02713218,0.02454611
Gram_error_fro,0.0,1,10,5,0.0,0.10019782,0.09147305,0.07526158,0.06021096,0.04750467,0.0372096,0.02908468,0.02278277,0.0179452,0.01424859,0.01142276,0.00925263,0.00757249
Gram_error_fro,0.0,1,10,5,0.0,0.09968433,0.0831737,0.06487325,0.05069422,0.03994271,0.03174616,0.02546703,0.02063177,0.01688094,0.01394273,0.01161428,0.00974598,0.00822837
Gram_error_fro,2.0,1,10,5,0.0,0.08810094,0.05257008,0.03189006,0.02093353,0.01498734,0.01153478,0.00933309,0.00779518,0.00664251,0.0057354,0.00499746,0.004383,0.00386249
Gram_error_fro,2.0,1,10,5,0.0,0.05161113,0.03825793,0.02818815,0.02113512,0.01606248,0.01237293,0.009657,0.0076254,0.00608008,0.00488753,0.0039567,0.00322374,0.0026425
Gram_error_fro,0.0,1,10,5,0.0,0.0,0.0,0.0,0.0,0.0,0.0,0.0,0.0,0.0,0.0,0.0,0.0,0.0
Gram_error_fro,2.0,1,10,5,0.0,0.09810341,0.07988354,0.05952544,0.04451304,0.03372475,0.02586575,0.02005943,0.0157209,0.01244668,0.00995131,0.00803006,0.00653509,0.00535921
Gram_error_fro,2.0,1,10,5,0.0,0.09214107,0.07464659,0.05650234,0.04283964,0.03262197,0.02495031,0.01918711,0.01485611,0.01159521,0.00913025,0.00725564,0.00581866,0.0047068
Gram_error_fro,2.0,1,10,5,0.0,0.08007234,0.07000433,0.05615097,0.04340928,0.03294255,0.02482653,0.01872264,0.01420182,0.01087366,0.0084232,0.00661053,0.00525845,0.00423843
Gram_error_fro,2.0,1,10,5,0.0,0.05377068,0.04254626,0.03086797,0.02232714,0.01626895,0.01191958,0.00877106,0.00648653,0.00482781,0.00362139,0.00274056,0.00209356,0.00161455
Gram_error_fro,0.0,1,10,5,0.0,0.0,0.0,0.0,0.0,0.0,0.0,0.0,0.0,0.0,0.0,0.0,0.0,0.0
Gram_error_fro,4.0,1,10,5,0.0,0.09903559,0.07332954,0.05465928,0.042114,0.03311031,0.02637119,0.02120814,0.01719076,0.01402618,0.01150721,0.00948414,0.00784695,0.00651348
Gram_error_fro,0.0,1,10,5,0.0,0.07719612,0.06038178,0.04467591,0.03257815,0.02348943,0.01686698,0.01216261,0.00887152,0.00657908,0.00497196,0.00382725,0.0029935,0.00237104
Gram_error_fro,2.0,1,10,5,0.0,0.11597295,0.09435588,0.07106384,0.05449779,0.0429149,0.03461824,0.02851327,0.02389945,0.02032036,0.01747534,0.01516427,0.0132519,0.01164492
Gram_error_fro,4.0,1,10,5,0.0,0.13217012,0.10526029,0.07428435,0.05202295,0.03713263,0.02730391,0.0207643,0.01630603,0.01314988,0.01081488,0.00901369,0.00757661,0.00640202
Gram_error_fro,4.0,2,10,5,0.0,0.08728313,0.06067741,0.04664645,0.04226193,0.04152419,0.04180999,0.0422908,0.04273797,0.04310111,0.04338123,0.04359235,0.04374974,0.04386657
Gram_error_fro,0.0,1,10,4,0.0,0.0,0.0,0.0,0.0,0.0,0.0,0.0,0.0,0.0,0.0,0.0,0.0,0.0
Gram_error_fro,2.0,1,10,4,0.0,0.05924166,0.04216656,0.03313482,0.02825129,0.02495097,0.02232711,0.02008435,0.01811142,0.01635253,0.01477228,0.01334558,0.01205369,0.01088206
Gram_error_fro,2.0,1,10,4,0.0,0.06822892,0.05793194,0.05140483,0.04626748,0.04135834,0.03658421,0.03209415,0.02800979,0.02438331,0.0212143,0.01847228,0.01611312,0.01408889
Gram_error_fro,2.0,1,10,4,0.0,0.05316649,0.04273389,0.03332374,0.02709294,0.0227487,0.01942037,0.01670899,0.01443534,0.01250565,0.01085926,0.0094503,0.00824154,0.00720194
Gram_error_fro,2.0,1,10,4,0.0,0.0372511,0.03425068,0.03072996,0.02784306,0.02533524,0.02304486,0.02091644,0.01893719,0.01710585,0.01542154,0.01388094,0.01247817,0.01120552
Gram_error_fro,0.0,1,10,4,0.0,0.0,0.0,0.0,0.0,0.0,0.0,0.0,0.0,0.0,0.0,0.0,0.0,0.0
Gram_error_fro,2.0,1,10,4,0.0,0.13451501,0.10340442,0.07397578,0.05469069,0.04252285,0.03449617,0.02881779,0.02453144,0.02113471,0.01835224,0.01602191,0.01404075,0.01233868
Gram_error_fro,4.0,1,10,4,0.0,0.11671781,0.09338936,0.06829566,0.05108578,0.03964062,0.03175333,0.02606422,0.0217898,0.01846923,0.01581943,0.01365867,0.01186571,0.01035701
Gram_error_fro,0.0,1,10,4,0.0,0.0,0.0,0.0,0.0,0.0,0.0,0.0,0.0,0.0,0.0,0.0,0.0,0.0
Gram_error_fro,2.0,1,10,4,0.0,0.0502817,0.05067559,0.04627222,0.04101611,0.03600817,0.031525,0.02759245,0.02416493,0.02118189,0.01858478,0.01632146,0.01434671,0.01262171
Gram_error_fro,2.0,1,10,4,0.0,0.08256457,0.06229847,0.04729683,0.03786826,0.0314969,0.02675134,0.0229779,0.01986903,0.01725936,0.01504522,0.01315353,0.01152891,0.01012763
Gram_error_fro,0.0,1,10,2,0.0,0.0,0.0,0.0,0.0,0.0,0.0,0.0,0.0,0.0,0.0,0.0,0.0,0.0
Gram_error_fro,2.0,1,10,2,0.0,0.0,0.0,0.00159337,0.00244526,0.00278817,0.00286267,0.00279012,0.00263654,0.00244161,0.00222986,0.0020163,0.00180977,0.00161518
Gram_error_fro,2.0,1,10,2,0.0,0.0,0.0,0.00159337,0.00244526,0.00278817,0.00286267,0.00279012,0.00263654,0.00244161,0.00222986,0.0020163,0.00180977,0.00161518
Gram_error_fro,2.0,1,10,2,0.0,0.04955899,0.04938024,0.04278455,0.03615951,0.03036597,0.02544603,0.02130798,0.01784092,0.01494029,0.0125143,0.01048473,0.00878589,0.00736305
Gram_error_fro,0.0,1,10,2,0.0,0.0,0.0,0.0,0.0,0.0,0.0,0.0,0.0,0.0,0.0,0.0,0.0,0.0
Gram_error_fro,0.0,1,10,2,0.0,0.0,0.0,0.0,0.0,0.0,0.0,0.0,0.0,0.0,0.0,0.0,0.0,0.0
Gram_error_fro,2.0,1,10,2,0.0,0.04955899,0.04938024,0.04278455,0.03615951,0.03036597,0.02544603,0.02130798,0.01784092,0.01494029,0.0125143,0.01048473,0.00878589,0.00736305
Gram_error_fro,2.0,1,10,2,0.0,0.07939416,0.03943258,0.0249062,0.0187518,0.01497734,0.01220192,0.01005386,0.00837611,0.00706664,0.00604479,0.00524397,0.00460988,0.0040995
Gram_error_fro,2.0,1,10,2,0.0,0.09745176,0.06236413,0.0458871,0.0370734,0.03093386,0.02612983,0.0222218,0.01899395,0.01630393,0.01404577,0.01213767,0.01051578,0.00912989
Gram_error_fro,2.0,1,10,2,0.0,0.0,0.0,0.00159337,0.00244526,0.00278817,0.00286267,0.00279012,0.00263654,0.00244161,0.00222986,0.0020163,0.00180977,0.00161518
Gram_error_fro,2.0,1,10,2,0.0,0.06216289,0.05555009,0.04505485,0.03612061,0.02897154,0.02332092,0.0188657,0.01534463,0.01254761,0.01031153,0.00851174,0.0070535,0.00586468
Gram_error_fro,0.0,1,10,3,0.0,0.0,0.0,0.0,0.0,0.0,0.0,0.0,0.0,0.0,0.0,0.0,0.0,0.0
Gram_error_fro,2.0,1,10,3,0.0,0.02932637,0.02520268,0.0227289,0.02066294,0.01881769,0.01713833,0.01559336,0.01416363,0.01283896,0.01161405,0.01048536,0.00944948,0.00850246
Gram_error_fro,2.0,1,10,3,0.0,0.02932637,0.02520268,0.0227289,0.02066294,0.01881769,0.01713833,0.01559336,0.01416363,0.01283896,0.01161405,0.01048536,0.00944948,0.00850246
Gram_error_fro,0.0,1,10,3,0.0,0.0,0.0,0.0,0.0,0.0,0.0,0.0,0.0,0.0,0.0,0.0,0.0,0.0
Gram_error_fro,2.0,1,10,3,0.0,0.06226411,0.05333106,0.04353126,0.0358896,0.02990236,0.02509787,0.02117613,0.01793885,0.01524585,0.01299293,0.01109996,0.00950381,0.00815391
Gram_error_fro,2.0,1,10,3,0.0,0.06858928,0.04565704,0.03139587,0.02175176,0.01506596,0.0104942,0.00743326,0.00543357,0.0041627,0.00337206,0.00287704,0.00254962,0.00231062
Gram_error_fro,2.0,1,10,3,0.0,0.07203431,0.06130123,0.05492551,0.04858306,0.04232841,0.03655488,0.03144031,0.02701188,0.02322355,0.02000078,0.01726336,0.01493598,0.01295242
Gram_error_fro,2.0,1,10,3,0.0,0.01209797,0.00634539,0.00212525,0.00123057,0.00270989,0.00373606,0.00432696,0.00460066,0.00465544,0.00456542,0.00438383,0.00414768,0.00388217
Gram_error_fro,2.0,1,10,3,0.0,0.07728522,0.04665389,0.02760514,0.01780987,0.01239663,0.00908625,0.0068923,0.00535766,0.00424592,0.00342106,0.00279807,0.00232054,0.00194951
Gram_error_fro,2.0,1,10,3,0.0,0.02368882,0.01662996,0.01248301,0.01010335,0.00888946,0.00820951,0.00771206,0.00725829,0.00680653,0.00635064,0.00589524,0.00544704,0.005012
Gram_error_fro,4.0,1,10,3,0.0,0.08952763,0.06018899,0.04243488,0.03151863,0.02406715,0.01868618,0.01471223,0.01174123,0.00949425,0.00777263,0.00643473,0.00537972,0.00453582
Gram_error_fro,0.0,1,10,3,0.0,0.0,0.0,0.0,0.0,0.0,0.0,0.0,0.0,0.0,0.0,0.0,0.0,0.0
Gram_error_fro,2.0,1,10,3,0.0,0.07991333,0.06025168,0.05234946,0.04800905,0.0446891,0.04176194,0.03903882,0.03645118,0.03397468,0.03160384,0.02934074,0.02718945,0.0251535
Gram_error_fro,2.0,1,10,3,0.0,0.05094315,0.02663797,0.01886073,0.01567217,0.01378236,0.01228698,0.01094246,0.00969692,0.00854763,0.0074994,0.0065542,0.00570988,0.00496123
Gram_error_fro,2.0,1,10,3,0.0,0.03877818,0.03010666,0.02426157,0.02015351,0.01683219,0.01405708,0.01174357,0.00982555,0.00823977,0.0069286,0.00584238,0.00493976,0.00418699
Gram_error_fro,2.0,1,10,3,0.0,0.07467822,0.05644106,0.04490407,0.03725735,0.03155185,0.02707506,0.02347354,0.02052065,0.01805713,0.01596905,0.0141748,0.01261563,0.01124874
Gram_error_fro,2.0,1,10,3,0.0,0.09399586,0.07680618,0.06113388,0.04949036,0.04064204,0.03370468,0.02815683,0.02366999,0.02001541,0.01702179,0.01455595,0.01251274,0.01080888
Gram_error_fro,2.0,1,10,3,0.0,0.09810031,0.08557235,0.07479926,0.06666958,0.05967014,0.05347111,0.04799629,0.04316822,0.03889925,0.03510781,0.03172518,0.02869542,0.0259732
Gram_error_fro,2.0,1,10,3,0.0,0.06445952,0.05376249,0.04174072,0.03193007,0.02426308,0.01838348,0.01392843,0.01059457,0.00814444,0.00639385,0.00519381,0.00441318,0.0039301
Gram_error_fro,2.0,1,10,3,0.0,0.10874449,0.08642493,0.07134387,0.05914076,0.04884317,0.04023013,0.03311148,0.02727135,0.02249565,0.01859218,0.01539776,0.01277804,0.01062414
Gram_error_fro,2.0,1,10,3,0.0,0.03956481,0.03444408,0.03066109,0.02739809,0.02430917,0.02150458,0.01902747,0.01685495,0.01494575,0.01326105,0.01176913,0.01044477,0.00926753
Gram_error_fro,4.0,1,10,3,0.0,0.07369866,0.0695377,0.05996236,0.05006213,0.04136559,0.03412527,0.02819349,0.02334685,0.01937934,0.01612077,0.01343509,0.01121435,0.00937278
Gram_error_fro,0.0,1,10,4,0.0,0.0,0.0,0.0,0.0,0.0,0.0,0.0,0.0,0.0,0.0,0.0,0.0,0.0
Gram_error_fro,2.0,1,10,4,0.0,0.05937767,0.04612915,0.03456292,0.02652616,0.0211768,0.01749208,0.01476414,0.0126067,0.01082651,0.00932378,0.00804064,0.00693858,0.00598905
Gram_error_fro,2.0,1,10,4,0.0,0.06595872,0.04032097,0.02595563,0.01754365,0.01221168,0.00867709,0.00625846,0.0045627,0.0033519,0.00247582,0.00183588,0.00136522,0.00101733
Gram_error_fro,2.0,1,10,4,0.0,0.0821894,0.06520176,0.05262442,0.04340274,0.03614391,0.03026212,0.02545766,0.02152088,0.01828232,0.01560264,0.01336969,0.01149508,0.00991014
Gram_error_fro,2.0,1,10,4,0.0,0.03614437,0.02974681,0.02419989,0.01984569,0.01635712,0.01351954,0.01119914,0.00929553,0.00772796,0.00643178,0.0053559,0.00446021,0.00371302
Gram_error_fro,2.0,1,10,4,0.0,0.10981881,0.08103973,0.05461297,0.03800126,0.02807345,0.02185722,0.01763015,0.01452697,0.01212116,0.01019002,0.00860586,0.00728825,0.00618242
Gram_error_fro,4.0,1,10,4,0.0,0.09123203,0.06013224,0.03992962,0.0271105,0.01878148,0.01328017,0.0095641,0.00698774,0.00515805,0.00383374,0.00286218,0.00214295,0.0016074
Gram_error_fro,4.0,1,10,4,0.0,0.12106883,0.08166146,0.04894239,0.02956621,0.01879245,0.01287471,0.0095537,0.00756225,0.00624006,0.00526758,0.00449622,0.00385617,0.00331251
Gram_error_fro,4.0,1,10,4,0.0,0.10692049,0.07749444,0.05746152,0.04428206,0.03478169,0.02758909,0.0220495,0.01776188,0.0144332,0.01183561,0.00979178,0.00816624,0.0068576
Gram_error_fro,2.0,1,10,4,0.0,0.0586769,0.04843918,0.03736726,0.02926021,0.02318305,0.01841845,0.01462318,0.01160566,0.00922254,0.00735088,0.00588464,0.00473533,0.00383156
Gram_error_fro,2.0,1,10,4,0.0,0.10256253,0.06745943,0.04164545,0.02642944,0.01768152,0.01258861,0.0095182,0.00756174,0.00622631,0.00524877,0.00448877,0.00387038,0.00335131
Gram_error_fro,0.0,1,10,1,0.0,0.0,0.0,0.0,0.0,0.0,0.0,0.0,0.0,0.0,0.0,0.0,0.0,0.0
Gram_error_fro,2.0,1,10,1,0.0,0.04057225,0.02442535,0.0191149,0.01592419,0.01350498,0.01153094,0.00987441,0.00846735,0.00726558,0.00623657,0.00535448,0.00459792,0.00394884
Gram_error_fro,2.0,1,10,1,0.0,0.05241323,0.02842996,0.02235628,0.01933533,0.01708131,0.0151467,0.01342822,0.0118936,0.01052468,0.00930612,0.00822345,0.00726301,0.00641204
Gram_error_fro,0.0,1,10,1,0.0,0.0,0.0,0.0,0.0,0.0,0.0,0.0,0.0,0.0,0.0,0.0,0.0,0.0
Gram_error_fro,0.0,1,10,1,0.0,0.0,0.0,0.0,0.0,0.0,0.0,0.0,0.0,0.0,0.0,0.0,0.0,0.0
Gram_error_fro,0.0,1,10,1,0.0,0.0,0.0,0.0,0.0,0.0,0.0,0.0,0.0,0.0,0.0,0.0,0.0,0.0
Gram_error_fro,4.0,1,10,1,0.0,0.12597915,0.07818906,0.06138142,0.05143116,0.04384164,0.03757511,0.03227929,0.02777423,0.02393393,0.02065644,0.01785571,0.01545864,0.01340339
Gram_error_fro,0.0,1,10,1,0.0,0.0,0.0,0.0,0.0,0.0,0.0,0.0,0.0,0.0,0.0,0.0,0.0,0.0
Gram_error_fro,2.0,1,10,1,0.0,0.04057225,0.02442535,0.0191149,0.01592419,0.01350498,0.01153094,0.00987441,0.00846735,0.00726558,0.00623657,0.00535448,0.00459792,0.00394884
Gram_error_fro,2.0,1,10,1,0.0,0.00044249,0.00016869,0.00026946,0.00032034,0.0003301,0.00032269,0.00030862,0.00029169,0.00027343,0.00025466,0.00023591,0.00021756,0.00019986
Gram_error_fro,4.0,1,10,1,0.0,0.03352639,0.02187321,0.01638005,0.01296094,0.01054658,0.00871341,0.00725775,0.00607274,0.00509526,0.00428314,0.00360553,0.00303851,0.00256304
Gram_error_fro,0.0,1,10,2,0.0,0.0,0.0,0.0,0.0,0.0,0.0,0.0,0.0,0.0,0.0,0.0,0.0,0.0
Gram_error_fro,0.0,1,10,2,0.0,0.0,0.0,0.0,0.0,0.0,0.0,0.0,0.0,0.0,0.0,0.0,0.0,0.0
Gram_error_fro,2.0,1,10,2,0.0,0.01525168,0.0109147,0.00796848,0.00625825,0.00519358,0.00442535,0.0038075,0.00328403,0.00283214,0.00244029,0.00210067,0.00180687,0.00155317
Gram_error_fro,2.0,1,10,2,0.0,0.08167388,0.0443421,0.02940705,0.02205013,0.01729991,0.01381873,0.01114577,0.0090565,0.0074086,0.0060999,0.00505382,0.00421224,0.00353081
Gram_error_fro,2.0,1,10,2,0.0,0.03355598,0.02628179,0.01946765,0.01522268,0.0123146,0.01016889,0.00853876,0.00726988,0.00625362,0.00541614,0.00470939,0.00410255,0.00357554
Gram_error_fro,2.0,1,10,2,0.0,0.04399849,0.03162669,0.02353174,0.01844167,0.01473981,0.0118643,0.00960607,0.00783419,0.00644196,0.00534167,0.00446406,0.00375629,0.00317883
Gram_error_fro,2.0,1,10,2,0.0,0.10691149,0.06481638,0.0453669,0.03412972,0.02638605,0.02069318,0.01640509,0.01313192,0.0106061,0.00863627,0.00708378,0.00584758,0.0048536
Gram_error_fro,2.0,1,10,2,0.0,0.09552619,0.07511059,0.05981418,0.04825073,0.03911992,0.0318192,0.02595659,0.0212329,0.0174129,0.0143119,0.01178532,0.00971988,0.00802651
Gram_error_fro,2.0,1,10,2,0.0,0.0101096,0.00429289,0.00313039,0.00289154,0.0028115,0.0027319,0.00262072,0.00248048,0.00232127,0.00215274,0.00198224,0.00181485,0.00165384
Gram_error_fro,0.0,1,10,2,0.0,0.0,0.0,0.0,0.0,0.0,0.0,0.0,0.0,0.0,0.0,0.0,0.0,0.0
Gram_error_fro,2.0,1,10,2,0.0,0.08167388,0.0443421,0.02940705,0.02205013,0.01729991,0.01381873,0.01114577,0.0090565,0.0074086,0.0060999,0.00505382,0.00421224,0.00353081
Gram_error_fro,0.0,1,10,3,0.0,0.0,0.0,0.0,0.0,0.0,0.0,0.0,0.0,0.0,0.0,0.0,0.0,0.0
Gram_error_fro,2.0,1,10,3,0.0,0.01474525,0.01122872,0.00659259,0.00329988,0.00198905,0.00223043,0.00265073,0.00287146,0.00291379,0.00283705,0.00268829,0.00249984,0.00229304
Gram_error_fro,2.0,1,10,3,0.0,0.0433375,0.02891967,0.02048891,0.0157821,0.01246296,0.00988419,0.00785594,0.00627028,0.00503682,0.00407803,0.00333029,0.00274348,0.00227907
Gram_error_fro,2.0,1,10,3,0.0,0.06361336,0.03542489,0.02136138,0.01439514,0.01056533,0.00833062,0.00701069,0.00622087,0.00571618,0.00534884,0.00503949,0.00475053,0.00446683
Gram_error_fro,2.0,1,10,3,0.0,0.05368762,0.04499701,0.03565351,0.02882201,0.02365966,0.01958107,0.01628604,0.01359465,0.01138131,0.00955163,0.00803252,0.00676655,0.00570815
Gram_error_fro,2.0,1,10,3,0.0,0.05649035,0.04433285,0.03403827,0.02712738,0.02205984,0.01810173,0.01493538,0.01237748,0.01029761,0.00859657,0.00719779,0.00604183,0.00508232
Gram_error_fro,4.0,1,10,3,0.0,0.0602595,0.05010868,0.04097251,0.03397897,0.02825737,0.02353639,0.01965431,0.01646068,0.01382335,0.01163447,0.00980893,0.00828003,0.00699527
Gram_error_fro,4.0,1,10,3,0.0,0.10323835,0.09088538,0.07803347,0.06647359,0.05639124,0.04797366,0.04108947,0.03547106,0.0308497,0.02700341,0.0237623,0.02099976,0.0186218
Gram_error_fro,4.0,1,10,3,0.0,0.08004236,0.05048004,0.03931383,0.03329419,0.02836076,0.02404127,0.02031002,0.01712806,0.01443237,0.01215574,0.01023602,0.00861863,0.00725666
Gram_error_fro,4.0,1,10,3,0.0,0.11211033,0.06125817,0.03571598,0.02402884,0.01756269,0.0133439,0.0103694,0.00819667,0.00657295,0.00533564,0.00437579,0.00361909,0.00301403
Gram_error_fro,4.0,1,10,3,0.0,0.10496656,0.05844315,0.03497355,0.02579935,0.02200297,0.02013652,0.01903871,0.0182529,0.01757311,0.01690729,0.01622016,0.01550411,0.01476388
Gram_error_fro,0.0,1,10,4,0.0,0.0,0.0,0.0,0.0,0.0,0.0,0.0,0.0,0.0,0.0,0.0,0.0,0.0
Gram_error_fro,2.0,1,10,4,0.0,0.05392185,0.0270208,0.01651584,0.01249688,0.01051009,0.00919586,0.00814974,0.00724367,0.006435,0.00570827,0.00505617,0.00447324,0.00395409
Gram_error_fro,2.0,1,10,4,0.0,0.0530107,0.03930732,0.03096333,0.0256662,0.0217863,0.01871699,0.01618873,0.01405584,0.01223034,0.01065469,0.00928821,0.00810002,0.00706537
Gram_error_fro,2.0,1,10,4,0.0,0.08183687,0.05190353,0.03340838,0.0224725,0.01558559,0.01104759,0.00797146,0.00584532,0.00435244,0.00328854,0.00251881,0.00195316,0.00153092
Gram_error_fro,2.0,1,10,4,0.0,0.05270736,0.03348369,0.02341241,0.01739742,0.01340622,0.0106215,0.00860399,0.00709081,0.00591927,0.00498684,0.00422787,0.0035994,0.00307252
Gram_error_fro,2.0,1,10,4,0.0,0.0441426,0.03073377,0.02104642,0.01458679,0.01020875,0.0071953,0.00509445,0.00361628,0.00257046,0.0018286,0.00130206,0.00092866,0.0006644
Gram_error_fro,2.0,1,10,4,0.0,0.09409689,0.07647096,0.05948587,0.04659368,0.03702483,0.02988285,0.02448818,0.02035038,0.0171189,0.01454568,0.012457,0.01073195,0.00928624
Gram_error_fro,2.0,1,10,4,0.0,0.09092809,0.06295223,0.04261238,0.02920537,0.02035954,0.01443617,0.01040176,0.00760876,0.00564542,0.00424506,0.0032321,0.00248926,0.00193724
Gram_error_fro,2.0,1,10,4,0.0,0.09713358,0.0717162,0.05308883,0.04048271,0.03171011,0.02537676,0.02064709,0.01701561,0.01416452,0.011885,0.01003458,0.00851323,0.00724916
Gram_error_fro,2.0,1,10,4,0.0,0.05877679,0.04076272,0.02774089,0.02003685,0.01523152,0.01202625,0.00977007,0.00810875,0.00683525,0.00582413,0.00499805,0.00430849,0.00372421
Gram_error_fro,2.0,1,10,4,0.0,0.04852673,0.02579709,0.01657612,0.01248748,0.01011252,0.0084524,0.00719473,0.00619969,0.00538488,0.00469802,0.00410627,0.0035893,0.00313432
Gram_error_fro,0.0,1,10,3,0.0,0.0,0.0,0.0,0.0,0.0,0.0,0.0,0.0,0.0,0.0,0.0,0.0,0.0
Gram_error_fro,2.0,1,10,3,0.0,0.06814483,0.06426175,0.05638402,0.04855159,0.04156149,0.03551554,0.03034183,0.02593151,0.02217682,0.01898089,0.01625957,0.01394075,0.01196309
Gram_error_fro,2.0,1,10,3,0.0,0.07989974,0.06436334,0.05597042,0.04847811,0.04168093,0.03573457,0.03063285,0.02629072,0.02260385,0.01947244,0.01680859,0.01453752,0.01259655
Gram_error_fro,2.0,1,10,3,0.0,0.07830053,0.03843746,0.02119757,0.0131164,0.00856711,0.00574397,0.00391362,0.00269985,0.00188333,0.00132799,0.00094663,0.0006823,0.00049729
Gram_error_fro,2.0,1,10,3,0.0,0.03972263,0.03374513,0.02708586,0.02140932,0.01687376,0.01330541,0.01050675,0.00830978,0.00658149,0.00521886,0.00414244,0.00329076,0.00261604
Gram_error_fro,2.0,1,10,3,0.0,0.05871804,0.04179342,0.02957535,0.0215808,0.01638149,0.01286076,0.01034845,0.00847143,0.00701876,0.00586495,0.00493094,0.0041642,0.00352826
Gram_error_fro,2.0,1,10,3,0.0,0.06516205,0.04860169,0.03254147,0.02161395,0.01473235,0.01033148,0.00739488,0.0053571,0.00390512,0.00285476,0.00208905,0.00152891,0.00111864
Gram_error_fro,4.0,1,10,3,0.0,0.0644152,0.03577044,0.02678782,0.02076223,0.01617432,0.0126833,0.01001432,0.00795728,0.0063597,0.00511069,0.00412838,0.00335151,0.00273382
Gram_error_fro,2.0,1,10,3,0.0,0.02005751,0.01950645,0.01887524,0.01668766,0.01431972,0.01216917,0.01031224,0.00873619,0.00740651,0.00628657,0.00534317,0.00454773,0.00387614
Gram_error_fro,2.0,1,10,3,0.0,0.06856932,0.05456595,0.043958,0.03634906,0.03025565,0.02515336,0.02086152,0.01726911,0.01427743,0.01179513,0.00974037,0.00804203,0.00663949
Gram_error_fro,4.0,1,10,3,0.0,0.09590557,0.07537405,0.06539083,0.05718677,0.04971061,0.04300861,0.03711218,0.03198414,0.02755379,0.02374026,0.02046388,0.01765113,0.01523647
Gram_error_fro,0.0,1,10,3,0.0,0.0,0.0,0.0,0.0,0.0,0.0,0.0,0.0,0.0,0.0,0.0,0.0,0.0
Gram_error_fro,0.0,1,10,3,0.0,0.0,0.0,0.0,0.0,0.0,0.0,0.0,0.0,0.0,0.0,0.0,0.0,0.0
Gram_error_fro,2.0,1,10,3,0.0,0.03446403,0.02997549,0.03269729,0.03310995,0.03146837,0.02897357,0.02624339,0.02354277,0.02098482,0.0186184,0.01646197,0.01451768,0.01277829
Gram_error_fro,2.0,1,10,3,0.0,0.07391053,0.0472347,0.03266864,0.02480511,0.0197943,0.01624194,0.01358821,0.01154129,0.00992138,0.0086102,0.00752794,0.00661973,0.00584712
Gram_error_fro,2.0,1,10,3,0.0,0.00865325,0.01166215,0.01428439,0.01492516,0.01471157,0.01409401,0.01325239,0.01229045,0.01128055,0.0102728,0.00929979,0.00838107,0.00752704
Gram_error_fro,2.0,1,10,3,0.0,0.06702625,0.05112658,0.04125349,0.03528918,0.0308099,0.02706407,0.02382882,0.02100675,0.01853391,0.01636057,0.01444628,0.01275754,0.01126617
Gram_error_fro,2.0,1,10,3,0.0,0.01255408,0.00900092,0.00577756,0.00532952,0.00627013,0.00711455,0.00756111,0.0076599,0.00751039,0.00719878,0.00678935,0.0063275,0.00584436
Gram_error_fro,2.0,1,10,3,0.0,0.01717846,0.01617834,0.01929715,0.02108092,0.0214558,0.02094943,0.01991984,0.01859567,0.01712883,0.01562064,0.01413695,0.01271872,0.01138966
Gram_error_fro,4.0,1,10,3,0.0,0.09222427,0.06329309,0.04690814,0.0389458,0.03378757,0.02968306,0.02617153,0.02310004,0.02039212,0.01799677,0.01587514,0.01399554,0.01233103
Gram_error_fro,2.0,1,10,3,0.0,0.09460097,0.08946466,0.08057643,0.06960068,0.05872135,0.04905423,0.04089193,0.0341547,0.02863982,0.02412949,0.02042967,0.01737966,0.01485066
Gram_error_fro,4.0,1,10,3,0.0,0.03934777,0.03214623,0.03058343,0.02892502,0.0266659,0.02415098,0.02163317,0.0192433,0.01704095,0.01504717,0.01326233,0.01167598,0.01027256
Gram_error_fro,0.0,1,10,4,0.0,0.0,0.0,0.0,0.0,0.0,0.0,0.0,0.0,0.0,0.0,0.0,0.0,0.0
Gram_error_fro,2.0,1,10,4,0.0,0.04647268,0.01998098,0.00744166,0.00310296,0.00330887,0.00390632,0.00410346,0.00403546,0.00382712,0.00355101,0.00324764,0.00294001,0.00264138
Gram_error_fro,2.0,1,10,4,0.0,0.09683831,0.06552492,0.04219121,0.02802651,0.01909065,0.01323479,0.00931796,0.00666806,0.00485823,0.00360752,0.00272932,0.00210018,0.00163925
Gram_error_fro,2.0,1,10,4,0.0,0.03896599,0.03118764,0.02359876,0.01814258,0.0141207,0.01097823,0.00847046,0.00647973,0.00492116,0.00371795,0.00279979,0.00210531,0.00158335
Gram_error_fro,2.0,1,10,4,0.0,0.07651209,0.06082128,0.0511345,0.04562978,0.04137825,0.03749769,0.0338359,0.03040583,0.02723498,0.02433636,0.02170854,0.01934042,0.01721548
Gram_error_fro,2.0,1,10,4,0.0,0.06914597,0.04122315,0.02648785,0.01945907,0.01546908,0.01270393,0.01054137,0.00875959,0.00726584,0.0060097,0.00495563,0.00407452,0.00334102
Gram_error_fro,2.0,1,10,4,0.0,0.03867719,0.02704127,0.0183801,0.01334249,0.01008742,0.00767695,0.00579918,0.0043388,0.00322185,0.00238228,0.0017601,0.00130389,0.00097173
Gram_error_fro,2.0,1,10,4,0.0,0.06879149,0.05587439,0.04301115,0.03336541,0.02637224,0.02114197,0.01708409,0.01385946,0.01126454,0.00916372,0.00745801,0.00607116,0.00494271
Gram_error_fro,4.0,1,10,4,0.0,0.12092888,0.07524595,0.04537529,0.02987342,0.02200656,0.01760143,0.01466117,0.01239128,0.01050412,0.00889273,0.00750891,0.0063227,0.00530996
Gram_error_fro,2.0,1,10,4,0.0,0.05763909,0.0447787,0.03250562,0.02272572,0.01577042,0.01108316,0.00796009,0.00585066,0.00438828,0.00334428,0.00257852,0.00200423,0.0015662
Gram_error_fro,2.0,1,10,4,0.0,0.0667391,0.06949541,0.06188272,0.05261586,0.04404402,0.03670532,0.03060069,0.02557698,0.02145271,0.01806053,0.01525938,0.012935,0.01099652
Gram_error_fro,0.0,1,10,5,0.0,0.0,0.0,0.0,0.0,0.0,0.0,0.0,0.0,0.0,0.0,0.0,0.0,0.0
Gram_error_fro,2.0,1,10,5,0.0,0.09276835,0.07624871,0.0563623,0.04174855,0.03156616,0.02440868,0.01928903,0.01556488,0.01280869,0.01072805,0.00912086,0.007848,0.00681463
Gram_error_fro,0.0,1,10,5,0.0,0.10012548,0.08447709,0.06197136,0.04519407,0.03354487,0.02536752,0.01949425,0.01519094,0.0119883,0.00957388,0.00773215,0.00631075,0.00520043
Gram_error_fro,2.0,1,10,5,0.0,0.05161113,0.03825793,0.02818815,0.02113512,0.01606248,0.01237293,0.009657,0.0076254,0.00608008,0.00488753,0.0039567,0.00322374,0.0026425
Gram_error_fro,2.0,1,10,5,0.0,0.0582433,0.04192623,0.02801348,0.01910083,0.01360359,0.01012456,0.00780091,0.00615737,0.00494048,0.00401087,0.0032861,0.00271313,0.00225536
Gram_error_fro,2.0,1,10,5,0.0,0.06368829,0.04993922,0.03527461,0.02581581,0.01984597,0.01582391,0.01291856,0.01071093,0.00897838,0.00759054,0.00646316,0.00553749,0.0047705
Gram_error_fro,2.0,1,10,5,0.0,0.1207619,0.10477483,0.08194891,0.06365509,0.0497394,0.03920884,0.03124313,0.02520426,0.02059782,0.01704703,0.01427139,0.01206651,0.01028583
Gram_error_fro,2.0,1,10,5,0.0,0.08827058,0.07908799,0.06573403,0.05304894,0.04207783,0.0330826,0.02594847,0.02040448,0.01614492,0.01288681,0.01039169,0.00846949,0.0069742
Gram_error_fro,2.0,1,10,5,0.0,0.13289974,0.10384436,0.07568348,0.05593576,0.04222308,0.03254146,0.02561512,0.02060558,0.01693616,0.01420222,0.01212013,0.01049355,0.00918852
Gram_error_fro,2.0,1,10,5,0.0,0.1124761,0.09305919,0.07004799,0.05294741,0.0405512,0.03144286,0.02466377,0.01956698,0.01570029,0.01274023,0.01045251,0.00866635,0.00725674
Gram_error_fro,2.0,1,10,5,0.0,0.10218427,0.07900129,0.06086497,0.04677382,0.03572625,0.02724247,0.02084814,0.01607938,0.01253376,0.00988968,0.00790283,0.00639333,0.0052312
Gram_error_fro,0.0,1,10,2,0.0,0.0,0.0,0.0,0.0,0.0,0.0,0.0,0.0,0.0,0.0,0.0,0.0,0.0
Gram_error_fro,2.0,1,10,2,0.0,0.04956963,0.0498052,0.04407019,0.03767591,0.03176117,0.02660465,0.02222157,0.01853876,0.01546048,0.0128931,0.01075334,0.00896998,0.00748321
Gram_error_fro,0.0,1,10,2,0.0,0.0,0.0,0.0,0.0,0.0,0.0,0.0,0.0,0.0,0.0,0.0,0.0,0.0
Gram_error_fro,2.0,1,10,2,0.0,0.05984155,0.06107854,0.05871036,0.05532304,0.05161938,0.04783906,0.04410274,0.04048956,0.03705187,0.03382087,0.03081162,0.02802769,0.025465
Gram_error_fro,2.0,1,10,2,0.0,0.09745176,0.06236413,0.04440415,0.03410483,0.02703801,0.02178818,0.0177496,0.01457905,0.01205318,0.01001743,0.00836113,0.00700307,0.0058824
Gram_error_fro,2.0,1,10,2,0.0,0.06937082,0.05125844,0.03997176,0.03220804,0.0263867,0.02187038,0.01830312,0.01544725,0.01313302,0.01123628,0.00966516,0.00835109,0.00724249
Gram_error_fro,2.0,1,10,2,0.0,0.05984155,0.06107854,0.05871036,0.05532304,0.05161938,0.04783906,0.04410274,0.04048956,0.03705187,0.03382087,0.03081162,0.02802769,0.025465
Gram_error_fro,4.0,1,10,2,0.0,0.04868177,0.04009709,0.02904676,0.01996264,0.01386044,0.01099138,0.01068555,0.01151701,0.01250032,0.01327118,0.01375157,0.01396031,0.01394278
Gram_error_fro,2.0,1,10,2,0.0,0.0,0.0,0.00303207,0.00523593,0.00645838,0.00698167,0.0070648,0.00688535,0.00655574,0.0061458,0.00569889,0.00524207,0.00479213
Gram_error_fro,4.0,1,10,2,0.0,0.0,0.0,0.00354403,0.00671596,0.00903182,0.01054936,0.01142932,0.01182923,0.01187851,0.01167759,0.01130274,0.01081132,0.01024616
Gram_error_fro,4.0,1,10,2,0.0,0.10544208,0.08098443,0.06556801,0.05374177,0.04420063,0.03646616,0.0301933,0.02509125,0.02092224,0.01749779,0.01467055,0.01232556,0.01037269
Gram_error_fro,0.0,1,10,2,0.0,0.0,0.0,0.0,0.0,0.0,0.0,0.0,0.0,0.0,0.0,0.0,0.0,0.0
Gram_error_fro,2.0,1,10,2,0.0,0.0794059,0.05232936,0.04432648,0.04017483,0.03669474,0.03339591,0.0302357,0.02724506,0.02445638,0.02188884,0.01954815,0.01742982,0.01552277
Gram_error_fro,2.0,1,10,2,0.0,0.04517132,0.02656108,0.02088243,0.01736553,0.01455634,0.01226872,0.01039794,0.0088562,0.00757434,0.00649975,0.00559252,0.00482209,0.00416475
Gram_error_fro,2.0,1,10,2,0.0,0.01434816,0.01088045,0.00789664,0.00578232,0.00426989,0.00316746,0.00235518,0.00175253,0.0013029,0.0009658,0.00071205,0.00052047,0.00037564
Gram_error_fro,2.0,1,10,2,0.0,0.07649384,0.06942442,0.05687005,0.04569436,0.03662543,0.02946426,0.02384149,0.01941033,0.0158916,0.01307285,0.01079552,0.0089416,0.00742269
Gram_error_fro,2.0,1,10,2,0.0,0.03511834,0.02238816,0.01784535,0.01457294,0.01183724,0.00961026,0.0078299,0.00641141,0.00527657,0.00436234,0.00362032,0.00301394,0.00251547
Gram_error_fro,2.0,1,10,2,0.0,0.0633411,0.08542115,0.0916365,0.09186826,0.08930574,0.08524715,0.08039331,0.07518093,0.06989148,0.06470348,0.05972552,0.05501894,0.05061371
Gram_error_fro,2.0,1,10,2,0.0,0.04517132,0.02656108,0.02088243,0.01736553,0.01455634,0.01226872,0.01039794,0.0088562,0.00757434,0.00649975,0.00559252,0.00482209,0.00416475
Gram_error_fro,4.0,1,10,2,0.0,0.12338378,0.10148233,0.07970099,0.06265824,0.04946416,0.03924259,0.03129971,0.02509581,0.02021929,0.01636035,0.01328682,0.0108243,0.00884103
Gram_error_fro,2.0,1,10,2,0.0,0.0749803,0.06605695,0.05350952,0.04214952,0.03302158,0.0259466,0.02050972,0.01632356,0.01308003,0.01054679,0.00855184,0.00696838,0.00570251
Gram_error_fro,4.0,1,10,2,0.0,0.0880432,0.06026415,0.04416293,0.03377329,0.02634645,0.02080311,0.01658278,0.01332897,0.01079338,0.00879739,0.00721105,0.00593909,0.00491111
Gram_error_fro,0.0,1,10,2,0.0,0.0,0.0,0.0,0.0,0.0,0.0,0.0,0.0,0.0,0.0,0.0,0.0,0.0
Gram_error_fro,2.0,1,10,2,0.0,0.07762336,0.03199438,0.01412892,0.00828872,0.00694959,0.0067757,0.00669071,0.00649651,0.00619747,0.005829,0.00542301,0.00500293,0.00458488
Gram_error_fro,2.0,1,10,2,0.0,0.04697783,0.03763666,0.02937895,0.0230585,0.01828851,0.01469084,0.01194403,0.00980928,0.00811987,0.00676127,0.00565421,0.00474274,0.00398635
Gram_error_fro,2.0,1,10,2,0.0,0.05934,0.05534064,0.04910482,0.04262731,0.03664634,0.03141599,0.02694115,0.023139,0.01991044,0.01716412,0.01482221,0.01281999,0.01110398
Gram_error_fro,2.0,1,10,2,0.0,0.07762336,0.03199438,0.01412892,0.00828872,0.00694959,0.0067757,0.00669071,0.00649651,0.00619747,0.005829,0.00542301,0.00500293,0.00458488
Gram_error_fro,2.0,1,10,2,0.0,0.07965893,0.0364247,0.02258675,0.01712385,0.01390276,0.01159282,0.00981178,0.00839436,0.00724384,0.00629481,0.00550074,0.00482788,0.00425154
Gram_error_fro,2.0,1,10,2,0.0,0.0206006,0.02014945,0.01915128,0.01692648,0.01437079,0.01192216,0.00975461,0.0079115,0.00638031,0.00512791,0.00411605,0.00330779,0.0026698
Gram_error_fro,2.0,1,10,2,0.0,0.04412026,0.02584533,0.0158909,0.00987021,0.00603492,0.00362434,0.00225988,0.0017199,0.00167392,0.00176361,0.00183115,0.00184467,0.00181011
Gram_error_fro,4.0,1,10,2,0.0,0.11398148,0.07829524,0.05845478,0.04494114,0.03488388,0.02724657,0.02141341,0.01693787,0.01348534,0.01080562,0.00871244,0.00706709,0.00576598
Gram_error_fro,2.0,1,10,2,0.0,0.05387752,0.03728061,0.02754134,0.02098024,0.01633178,0.01301466,0.0106361,0.00890726,0.00761993,0.00662961,0.00583964,0.00518725,0.00463241
Gram_error_fro,4.0,2,10,2,0.0,0.0206006,0.02014945,0.02000131,0.01927457,0.01853809,0.01797656,0.01761677,0.01743369,0.0173922,0.01745944,0.01760729,0.01781244,0.01805585
Gram_error_fro,0.0,1,10,2,0.0,0.0,0.0,0.0,0.0,0.0,0.0,0.0,0.0,0.0,0.0,0.0,0.0,0.0
Gram_error_fro,2.0,1,10,2,0.0,0.05037357,0.03907551,0.03342352,0.02943505,0.02611289,0.02325996,0.02076988,0.01857152,0.01661676,0.01487136,0.01330937,0.01190993,0.01065553
Gram_error_fro,2.0,1,10,2,0.0,0.03575935,0.02180973,0.01920916,0.01762126,0.0159527,0.01425922,0.01262667,0.01110444,0.00971545,0.00846664,0.00735565,0.00637495,0.00551434
Gram_error_fro,2.0,1,10,2,0.0,0.05620934,0.03581159,0.02443672,0.01784081,0.01342217,0.01023352,0.00786617,0.00608687,0.00473946,0.0037127,0.0029256,0.00231861,0.00184772
Gram_error_fro,0.0,1,10,2,0.0,0.0,0.0,0.0,0.0,0.0,0.0,0.0,0.0,0.0,0.0,0.0,0.0,0.0
Gram_error_fro,2.0,1,10,2,0.0,0.0416146,0.02890225,0.02068885,0.01598162,0.01280075,0.01041254,0.00854398,0.00705313,0.00584869,0.00486701,0.00406177,0.00339814,0.00284923
Gram_error_fro,2.0,1,10,2,0.0,0.05772802,0.04388134,0.03478054,0.02826171,0.02327081,0.01933164,0.01616526,0.01358681,0.01146582,0.00970688,0.00823859,0.00700641,0.005968
Gram_error_fro,2.0,1,10,2,0.0,0.01207754,0.00479133,0.00508837,0.00647418,0.00732955,0.00763093,0.00753765,0.00719537,0.0067108,0.00615645,0.00557967,0.0050104,0.00446682
Gram_error_fro,2.0,1,10,2,0.0,0.01207754,0.00479133,0.00508837,0.00647418,0.00732955,0.00763093,0.00753765,0.00719537,0.0067108,0.00615645,0.00557967,0.0050104,0.00446682
Gram_error_fro,4.0,1,10,2,0.0,0.05449298,0.03576729,0.02599212,0.02065887,0.0174014,0.0150356,0.01310614,0.01144566,0.0099869,0.00869767,0.00755847,0.00655448,0.00567273
Gram_error_fro,2.0,1,10,2,0.0,0.07199125,0.05133814,0.03681572,0.02691306,0.01985522,0.01474166,0.01102526,0.0083247,0.00636123,0.00492963,0.00387961,0.00310202,0.00251838
Gram_error_fro,0.0,1,10,5,0.0,0.0,0.0,0.0,0.0,0.0,0.0,0.0,0.0,0.0,0.0,0.0,0.0,0.0
Gram_error_fro,2.0,1,10,5,0.0,0.08825019,0.07541781,0.05816597,0.04402373,0.0334087,0.02563321,0.01998042,0.01587263,0.01286982,0.01064537,0.00896314,0.00765732,0.00661478
Gram_error_fro,2.0,1,10,5,0.0,0.07900653,0.06651637,0.05265691,0.04113525,0.03198055,0.02492881,0.01961832,0.0156699,0.012742,0.01055478,0.00889381,0.00760309,0.00657355
Gram_error_fro,0.0,1,10,5,0.0,0.08236405,0.07506549,0.05940823,0.04593809,0.03552831,0.02764252,0.02167936,0.01715604,0.01370647,0.0110569,0.00900387,0.00739696,0.00612541
Gram_error_fro,2.0,1,10,5,0.0,0.0582423,0.05454492,0.04826588,0.04235108,0.03715918,0.03260854,0.02859255,0.02504046,0.02190458,0.01914569,0.01672669,0.01461135,0.01276485
Gram_error_fro,2.0,1,10,5,0.0,0.06374972,0.04496211,0.03089263,0.02126479,0.01502337,0.01108068,0.0085735,0.00691547,0.00575021,0.00487723,0.00418785,0.00362287,0.0031486
Gram_error_fro,2.0,1,10,5,0.0,0.07824603,0.05482423,0.0361361,0.02421413,0.01686408,0.01235563,0.00953461,0.00768344,0.00638595,0.00541406,0.00464598,0.00401591,0.00348662
Gram_error_fro,4.0,1,10,5,0.0,0.08643302,0.0717804,0.06068703,0.05326419,0.04745921,0.0424701,0.03805145,0.03412018,0.03062955,0.02753764,0.02480243,0.02238283,0.02024029
Gram_error_fro,4.0,1,10,5,0.0,0.08338556,0.07398105,0.06037284,0.04839276,0.03878677,0.03127969,0.02543865,0.0208699,0.0172606,0.01437578,0.01204308,0.01013679,0.00856463
Gram_error_fro,2.0,1,10,5,0.0,0.09282911,0.05631909,0.03504857,0.02379277,0.01772768,0.01413412,0.01171545,0.00991313,0.00848567,0.00731746,0.00634391,0.0055234,0.00482624
Gram_error_fro,2.0,1,10,5,0.0,0.12485636,0.10528053,0.07854682,0.0581521,0.04373142,0.03344141,0.02591252,0.0202817,0.01600406,0.01271922,0.01017687,0.00819663,0.00664527
Gram_error_fro,0.0,1,10,3,0.0,0.0,0.0,0.0,0.0,0.0,0.0,0.0,0.0,0.0,0.0,0.0,0.0,0.0
Gram_error_fro,2.0,1,10,3,0.0,0.03410614,0.02482185,0.02013627,0.01698044,0.01418376,0.01176075,0.00974601,0.00809929,0.00675612,0.00565581,0.00474902,0.00399744,0.00337152
Gram_error_fro,2.0,1,10,3,0.0,0.07400419,0.07696856,0.0705063,0.06127633,0.05203898,0.04385559,0.036958,0.0312557,0.02656548,0.02270027,0.01949791,0.01682654,0.0145819
Gram_error_fro,2.0,1,10,3,0.0,0.03730515,0.02737345,0.02382292,0.02170305,0.01990409,0.01821378,0.01659622,0.01505311,0.01359463,0.01223062,0.01096759,0.00980806,0.00875113
Gram_error_fro,2.0,2,10,3,0.0,0.05951017,0.04904509,0.03910615,0.03170228,0.02698314,0.0244589,0.02346247,0.0233782,0.02376061,0.02433882,0.02496644,0.02557159,0.026123
Gram_error_fro,2.0,1,10,3,0.0,0.01977393,0.01110371,0.00768065,0.00693811,0.0067062,0.00640356,0.00599404,0.00552322,0.00503089,0.00454289,0.00407458,0.00363459,0.00322733
Gram_error_fro,2.0,1,10,3,0.0,0.09191637,0.05734212,0.03945695,0.03128197,0.02618094,0.02221659,0.0189174,0.01613038,0.01376914,0.0117665,0.01006606,0.00862026,0.00738918
Gram_error_fro,2.0,2,10,3,0.0,0.06131125,0.04154871,0.03184243,0.02777521,0.02609907,0.02544273,0.02527538,0.02536752,0.02560065,0.02590563,0.02624009,0.02657798,0.02690372
Gram_error_fro,2.0,1,10,3,0.0,0.04912854,0.03389799,0.0248273,0.01887035,0.01454473,0.01135008,0.00898322,0.00721451,0.00587328,0.00483781,0.00402341,0.00337164,0.00284202
Gram_error_fro,2.0,1,10,3,0.0,0.10830796,0.05351833,0.02677318,0.01637184,0.01207678,0.00969079,0.00798556,0.00663451,0.00553023,0.00461945,0.00386589,0.00324129,0.0027227
Gram_error_fro,4.0,1,10,3,0.0,0.1133576,0.06181018,0.03558209,0.02475174,0.01936346,0.0158606,0.01321096,0.01108355,0.00933556,0.00788394,0.00667102,0.00565332,0.00479679
Gram_error_fro,0.0,1,10,4,0.0,0.0,0.0,0.0,0.0,0.0,0.0,0.0,0.0,0.0,0.0,0.0,0.0,0.0
Gram_error_fro,2.0,1,10,4,0.0,0.05831854,0.04085337,0.03043742,0.02438931,0.02049478,0.01768266,0.01546604,0.01362289,0.01204493,0.01067289,0.00946979,0.0084098,0.00747322
Gram_error_fro,2.0,2,10,4,0.0,0.06277429,0.04877125,0.03889877,0.03378374,0.03114082,0.02981843,0.029288,0.02925681,0.02953408,0.02998932,0.0305346,0.03111259,0.03168739
Gram_error_fro,2.0,1,10,4,0.0,0.05834578,0.04301105,0.03119565,0.02324659,0.01783473,0.01399346,0.01116659,0.00903048,0.0073836,0.00609282,0.00506676,0.00424105,0.0035694
Gram_error_fro,0.0,1,10,4,0.0,0.0,0.0,0.0,0.0,0.0,0.0,0.0,0.0,0.0,0.0,0.0,0.0,0.0
Gram_error_fro,2.0,1,10,4,0.0,0.06254028,0.04533099,0.03418959,0.02660885,0.02103353,0.01684725,0.01367431,0.01124078,0.00934634,0.00784782,0.00664404,0.00566334,0.00485444
Gram_error_fro,2.0,1,10,4,0.0,0.08366176,0.06789863,0.05417666,0.04325392,0.03460878,0.02784848,0.02260175,0.01852933,0.01534778,0.01283558,0.01082658,0.00919888,0.00786368
Gram_error_fro,4.0,1,10,4,0.0,0.10096363,0.06450519,0.04377806,0.03246282,0.02540385,0.02049513,0.01685965,0.01406476,0.0118597,0.0100842,0.00863044,0.00742354,0.0064102
Gram_error_fro,2.0,1,10,4,0.0,0.06820811,0.04250815,0.02854109,0.02087776,0.0163035,0.01332338,0.01120709,0.00959095,0.00829062,0.00720853,0.00628929,0.00549852,0.00481302
Gram_error_fro,4.0,1,10,4,0.0,0.09623169,0.07249713,0.05813765,0.04747672,0.03866323,0.03142278,0.02559676,0.02096625,0.01729614,0.01437544,0.01203234,0.01013403,0.00858052
Gram_error_fro,2.0,1,10,4,0.0,0.06855575,0.05627649,0.04626321,0.03875086,0.03265851,0.02762716,0.02347131,0.02003136,0.01716637,0.01476099,0.01272552,0.01099157,0.00950676
Gram_error_fro,0.0,1,10,2,0.0,0.0,0.0,0.0,0.0,0.0,0.0,0.0,0.0,0.0,0.0,0.0,0.0,0.0
Gram_error_fro,2.0,1,10,2,0.0,0.00638646,0.0017023,0.00152603,0.00185054,0.00198466,0.00197077,0.00187217,0.00172984,0.00156842,0.00140271,0.00124146,0.00108972,0.00095015
Gram_error_fro,2.0,1,10,2,0.0,0.04880114,0.02620485,0.01861462,0.01458906,0.01181607,0.00970181,0.00802475,0.00667035,0.00556527,0.00465724,0.00390709,0.0032847,0.00276647
Gram_error_fro,0.0,1,10,2,0.0,0.0,0.0,0.0,0.0,0.0,0.0,0.0,0.0,0.0,0.0,0.0,0.0,0.0
Gram_error_fro,2.0,1,10,2,0.0,0.04983155,0.01586513,0.00934619,0.00689939,0.00538742,0.00428002,0.00342627,0.00275642,0.00222644,0.00180477,0.00146769,0.00119714,0.00097918
Gram_error_fro,2.0,1,10,2,0.0,0.04029291,0.02331377,0.01520593,0.01062194,0.00771143,0.00573901,0.00434422,0.00332961,0.00257712,0.00201109,0.00158057,0.00125009,0.00099439
Gram_error_fro,2.0,1,10,2,0.0,0.03303878,0.02048529,0.01341238,0.00911863,0.00633144,0.00446191,0.00317957,0.00228527,0.00165387,0.001204,0.00088124,0.00064839,0.00047961
Gram_error_fro,2.0,1,10,2,0.0,0.0324997,0.02133693,0.01575311,0.01228929,0.00978923,0.00787086,0.00635862,0.00515102,0.00417995,0.00339576,0.00276067,0.00224529,0.00182647
Gram_error_fro,2.0,2,10,2,0.0,0.04770957,0.03497834,0.02930942,0.026225,0.02445818,0.02342217,0.0228048,0.02243455,0.02221405,0.02208599,0.02201547,0.02198072,0.02196792
Gram_error_fro,2.0,1,10,2,0.0,0.02994994,0.01353532,0.00869747,0.00654955,0.00528863,0.00441108,0.0037454,0.00321679,0.00278423,0.00242219,0.00211393,0.00184813,0.00161697
Gram_error_fro,2.0,1,10,2,0.0,0.03793727,0.0231849,0.01683842,0.01303884,0.01035882,0.00834931,0.00679486,0.00556863,0.00458816,0.00379647,0.00315239,0.0026253,0.00219189
Gram_error_fro,0.0,1,10,4,0.0,0.0,0.0,0.0,0.0,0.0,0.0,0.0,0.0,0.0,0.0,0.0,0.0,0.0
Gram_error_fro,2.0,1,10,4,0.0,0.06516444,0.03847524,0.02421919,0.0167369,0.01247207,0.00983811,0.00806151,0.0067634,0.00575763,0.00494814,0.0042807,0.00372145,0.00324739
Gram_error_fro,0.0,1,10,4,0.0,0.0,0.0,0.0,0.0,0.0,0.0,0.0,0.0,0.0,0.0,0.0,0.0,0.0
Gram_error_fro,2.0,1,10,4,0.0,0.07294882,0.04768057,0.03011535,0.01992992,0.01374209,0.00978324,0.00715831,0.0053662,0.00410746,0.00319872,0.00252618,0.00201784,0.00162691
Gram_error_fro,2.0,1,10,4,0.0,0.05767157,0.03943293,0.03041456,0.02548842,0.02180636,0.01865411,0.01590885,0.01354608,0.01153629,0.00983781,0.00840512,0.00719534,0.0061712
Gram_error_fro,2.0,1,10,4,0.0,0.05813985,0.04018576,0.02878262,0.02219046,0.01786407,0.01470699,0.01226596,0.01031933,0.00873672,0.00743193,0.00634446,0.00543036,0.00465688
Gram_error_fro,4.0,1,10,4,0.0,0.08039758,0.05042627,0.03675538,0.02892021,0.02341576,0.01923027,0.01593656,0.01329213,0.01113922,0.0093685,0.00790105,0.00667802,0.00565432
Gram_error_fro,2.0,1,10,4,0.0,0.10096839,0.06501167,0.0410741,0.02727076,0.01902934,0.0138469,0.0104212,0.00805591,0.0063622,0.00511211,0.00416563,0.00343319,0.0028556
Gram_error_fro,2.0,1,10,4,0.0,0.06805037,0.03891045,0.0254955,0.01987143,0.01663266,0.01414238,0.01203961,0.01024643,0.00872577,0.00744074,0.00635448,0.00543387,0.00465108
Gram_error_fro,4.0,1,10,4,0.0,0.10532676,0.08150655,0.06407815,0.05263095,0.04438272,0.03791863,0.03261146,0.0281633,0.02440307,0.02121152,0.01849541,0.01617817,0.01419601
Gram_error_fro,4.0,1,10,4,0.0,0.09563916,0.05908319,0.03705555,0.02478933,0.01786236,0.01368299,0.01090147,0.00887601,0.00730918,0.0060556,0.00503537,0.00419804,0.00350783
Gram_error_fro,0.0,1,10,1,0.0,0.0,0.0,0.0,0.0,0.0,0.0,0.0,0.0,0.0,0.0,0.0,0.0,0.0
Gram_error_fro,2.0,1,10,1,0.0,0.05205704,0.0389505,0.03299748,0.02868041,0.02497732,0.0217092,0.0188334,0.01632095,0.01413859,0.01224997,0.0106189,0.00921146,0.00799705
Gram_error_fro,2.0,1,10,1,0.0,0.0854069,0.05376371,0.04226651,0.03550697,0.03033666,0.02604416,0.02240487,0.01930688,0.01666835,0.01441987,0.01250123,0.01086072,0.00945455
Gram_error_fro,0.0,1,10,1,0.0,0.0,0.0,0.0,0.0,0.0,0.0,0.0,0.0,0.0,0.0,0.0,0.0,0.0
Gram_error_fro,0.0,1,10,1,0.0,0.0,0.0,0.0,0.0,0.0,0.0,0.0,0.0,0.0,0.0,0.0,0.0,0.0
Gram_error_fro,2.0,1,10,1,0.0,0.05205704,0.0389505,0.03299748,0.02868041,0.02497732,0.0217092,0.0188334,0.01632095,0.01413859,0.01224997,0.0106189,0.00921146,0.00799705
Gram_error_fro,0.0,1,10,1,0.0,0.0,0.0,0.0,0.0,0.0,0.0,0.0,0.0,0.0,0.0,0.0,0.0,0.0
Gram_error_fro,2.0,1,10,1,0.0,0.01648022,0.00535495,0.00362478,0.00338516,0.00334802,0.00328223,0.00316621,0.00301436,0.00284151,0.00265825,0.00247171,0.00228673,0.0021066
Gram_error_fro,2.0,1,10,1,0.0,0.04012976,0.02425666,0.01884544,0.01560385,0.01317488,0.01120826,0.00956579,0.00817566,0.00699215,0.00598191,0.00511857,0.00438036,0.00374898
Gram_error_fro,2.0,1,10,1,0.0,0.04012976,0.02425666,0.01884544,0.01560385,0.01317488,0.01120826,0.00956579,0.00817566,0.00699215,0.00598191,0.00511857,0.00438036,0.00374898
Gram_error_fro,2.0,1,10,1,0.0,0.06592467,0.04517198,0.03612559,0.0302693,0.02570878,0.02193856,0.01875978,0.01606275,0.0137699,0.01181894,0.01015752,0.00874114,0.00753206
Gram_error_fro,0.0,1,10,3,0.0,0.0,0.0,0.0,0.0,0.0,0.0,0.0,0.0,0.0,0.0,0.0,0.0,0.0
Gram_error_fro,2.0,1,10,3,0.0,0.0732506,0.05697374,0.04256851,0.03225886,0.02491282,0.01955267,0.01554153,0.01247451,0.01008854,0.00820709,0.00670774,0.00550295,0.00452845
Gram_error_fro,2.0,1,10,3,0.0,0.00694253,0.0024727,0.00173791,0.00196655,0.0021583,0.00221061,0.00216694,0.00206815,0.00193982,0.001797,0.00164877,0.00150088,0.0013571
Gram_error_fro,2.0,1,10,3,0.0,0.00501399,0.00239934,0.00237698,0.002558,0.00261094,0.00254636,0.0024083,0.00223216,0.00204077,0.00184756,0.0016601,0.00148256,0.00131711
Gram_error_fro,2.0,1,10,3,0.0,0.07003429,0.04218786,0.02749446,0.01922896,0.01405016,0.01058053,0.00815861,0.00641991,0.00514338,0.00418671,0.00345507,0.00288414,0.00242981
Gram_error_fro,2.0,1,10,3,0.0,0.07819537,0.06714705,0.05686857,0.04826895,0.04103153,0.03493686,0.02982006,0.02553632,0.0219532,0.01895195,0.01642967,0.01429973,0.01249089
Gram_error_fro,4.0,2,10,3,0.0,0.07388806,0.05107347,0.03930152,0.03325841,0.02998354,0.02819994,0.0272715,0.02684493,0.02671396,0.02675532,0.02689422,0.02708469,0.02729833
Gram_error_fro,2.0,1,10,3,0.0,0.06285303,0.05102916,0.04027532,0.03218195,0.02606289,0.02130941,0.01753177,0.01448113,0.01199078,0.00994326,0.00825213,0.00685138,0.00568922
Gram_error_fro,4.0,1,10,3,0.0,0.08656096,0.06572254,0.05095414,0.04157367,0.03507241,0.03021868,0.02639118,0.02324872,0.02059276,0.01830228,0.01629996,0.01453381,0.01296693
Gram_error_fro,2.0,1,10,3,0.0,0.0648517,0.0556778,0.04529312,0.03674086,0.02986483,0.02436539,0.01996146,0.01641617,0.01354283,0.01119898,0.00927671,0.00769363,0.00638593
Gram_error_fro,2.0,1,10,3,0.0,0.07205377,0.06243824,0.0504661,0.03993663,0.03156008,0.02509843,0.02011983,0.01624846,0.0132032,0.01078168,0.00883822,0.00726663,0.0059881
Gram_error_fro,0.0,1,10,3,0.0,0.0,0.0,0.0,0.0,0.0,0.0,0.0,0.0,0.0,0.0,0.0,0.0,0.0
Gram_error_fro,2.0,1,10,3,0.0,0.07338061,0.0560948,0.04717402,0.04151528,0.03709401,0.03341998,0.03029463,0.02759002,0.02521381,0.02309901,0.02119719,0.01947314,0.01790091
Gram_error_fro,2.0,1,10,3,0.0,0.01031524,0.01413754,0.01661105,0.01793802,0.01854061,0.0186624,0.01845441,0.01801483,0.01741278,0.01669975,0.01591493,0.01508836,0.01424289
Gram_error_fro,2.0,1,10,3,0.0,0.05503292,0.04561216,0.03958858,0.03532572,0.0316269,0.02827265,0.02524998,0.0225533,0.02016269,0.01804994,0.01618449,0.01453677,0.01307962
Gram_error_fro,0.0,1,10,3,0.0,0.0,0.0,0.0,0.0,0.0,0.0,0.0,0.0,0.0,0.0,0.0,0.0,0.0
Gram_error_fro,2.0,1,10,3,0.0,0.07493808,0.03968677,0.02089634,0.01366185,0.01076868,0.00918844,0.0080606,0.00715479,0.00639295,0.00573821,0.00516846,0.00466855,0.00422729
Gram_error_fro,4.0,1,10,3,0.0,0.08473712,0.06602666,0.05792062,0.05360992,0.05004197,0.04660922,0.04325232,0.04000225,0.03689216,0.03394449,0.03117165,0.02857862,0.02616503
Gram_error_fro,4.0,1,10,3,0.0,0.05518786,0.05750726,0.05579485,0.05370513,0.05119998,0.04832434,0.04523369,0.04206934,0.03893265,0.03589052,0.03298476,0.03023969,0.02766764
Gram_error_fro,2.0,1,10,3,0.0,0.03295133,0.03221417,0.03117176,0.03008851,0.02888534,0.02755905,0.02613695,0.02465611,0.02315273,0.02165737,0.02019364,0.01877862,0.01742388
Gram_error_fro,4.0,1,10,3,0.0,0.07511957,0.08097339,0.07921363,0.07460151,0.068922,0.06301838,0.05727674,0.05186902,0.04686532,0.04228481,0.03812022,0.03435052,0.03094811
Gram_error_fro,4.0,1,10,3,0.0,0.09470742,0.07899825,0.06628399,0.05733783,0.05046303,0.04489877,0.04025705,0.0362963,0.03285489,0.02982246,0.02712222,0.02469935,0.02251337
Gram_error_fro,0.0,1,10,2,0.0,0.0,0.0,0.0,0.0,0.0,0.0,0.0,0.0,0.0,0.0,0.0,0.0,0.0
Gram_error_fro,2.0,1,10,2,0.0,0.06908677,0.0252587,0.01145397,0.0069739,0.00470612,0.00323387,0.0022471,0.00162428,0.00127785,0.00111611,0.00104953,0.00101642,0.00098694
Gram_error_fro,2.0,1,10,2,0.0,0.02911915,0.01942394,0.01486769,0.01197363,0.00981707,0.00812166,0.00675906,0.00565061,0.00474137,0.00399066,0.00336751,0.00284791,0.00241299
Gram_error_fro,0.0,1,10,2,0.0,0.0,0.0,0.0,0.0,0.0,0.0,0.0,0.0,0.0,0.0,0.0,0.0,0.0
Gram_error_fro,0.0,1,10,2,0.0,0.0,0.0,0.0,0.0,0.0,0.0,0.0,0.0,0.0,0.0,0.0,0.0,0.0
Gram_error_fro,2.0,1,10,2,0.0,0.05929173,0.03354204,0.0226893,0.01670863,0.01276038,0.00996383,0.00792329,0.00641184,0.00528012,0.00442252,0.00376227,0.0032436,0.00282651
Gram_error_fro,2.0,1,10,2,0.0,0.00729163,0.00324862,0.00523601,0.00730131,0.00850976,0.00899364,0.0089801,0.00865374,0.00814483,0.00754061,0.00689798,0.00625332,0.00562925
Gram_error_fro,2.0,1,10,2,0.0,0.06541668,0.0355896,0.02662688,0.02241004,0.01949647,0.01711874,0.01505985,0.01324253,0.01163061,0.01020115,0.00893581,0.00781825,0.00683336
Gram_error_fro,2.0,1,10,2,0.0,0.03741439,0.02374561,0.01774154,0.01419569,0.01169132,0.00976663,0.00822445,0.00696249,0.00591756,0.00504566,0.00431394,0.003697,0.00317478
Gram_error_fro,2.0,1,10,2,0.0,0.05375565,0.04092215,0.03497176,0.0307384,0.02717402,0.02402383,0.02121782,0.01872584,0.01652216,0.01457955,0.01287017,0.01136714,0.01004561
Gram_error_fro,2.0,1,10,2,0.0,0.04745689,0.0376932,0.0290615,0.02210921,0.01663972,0.01244602,0.00929518,0.0069663,0.00527192,0.00406109,0.00321359,0.00263211,0.00223696
Gram_error_fro,0.0,1,10,2,0.0,0.0,0.0,0.0,0.0,0.0,0.0,0.0,0.0,0.0,0.0,0.0,0.0,0.0
Gram_error_fro,2.0,1,10,2,0.0,0.04955899,0.04938024,0.04189358,0.03446999,0.02821275,0.02310638,0.01896117,0.01559105,0.01284234,0.01059299,0.0087468,0.00722777,0.00597551
Gram_error_fro,2.0,1,10,2,0.0,0.04955899,0.04938024,0.04189358,0.03446999,0.02821275,0.02310638,0.01896117,0.01559105,0.01284234,0.01059299,0.0087468,0.00722777,0.00597551
Gram_error_fro,0.0,1,10,2,0.0,0.00977891,0.00402237,0.00316101,0.00288424,0.00258662,0.00224671,0.00190419,0.00158827,0.00131216,0.00107845,0.00088423,0.00072445,0.00059367
Gram_error_fro,2.0,1,10,2,0.0,0.01537694,0.01097379,0.00808363,0.00638363,0.00540104,0.00479684,0.00436815,0.00401244,0.00368639,0.00337547,0.00307704,0.00279249,0.00252389
Gram_error_fro,0.0,1,10,2,0.0,0.0,0.0,0.0,0.0,0.0,0.0,0.0,0.0,0.0,0.0,0.0,0.0,0.0
Gram_error_fro,2.0,1,10,2,0.0,0.0403714,0.02498506,0.01800376,0.01378022,0.01070071,0.00836929,0.00660037,0.00526305,0.00425501,0.00349517,0.0029197,0.00247908,0.00213576
Gram_error_fro,2.0,1,10,2,0.0,0.07774201,0.06218593,0.04752625,0.036329,0.0278871,0.02150819,0.01667093,0.01298615,0.0101642,0.00799045,0.00630619,0.00499392,0.00396625
Gram_error_fro,2.0,1,10,2,0.0,0.09872142,0.05559318,0.03791329,0.02799802,0.02133728,0.01654169,0.01298036,0.01028492,0.00821506,0.00660628,0.0053429,0.00434196,0.00354291
Gram_error_fro,0.0,1,10,2,0.0,0.0,0.0,0.0,0.0,0.0,0.0,0.0,0.0,0.0,0.0,0.0,0.0,0.0
Gram_error_fro,2.0,1,10,2,0.0,0.0403714,0.02498506,0.01800376,0.01378022,0.01070071,0.00836929,0.00660037,0.00526305,0.00425501,0.00349517,0.0029197,0.00247908,0.00213576
Gram_error_fro,0.0,1,10,2,0.0,0.0,0.0,0.0,0.0,0.0,0.0,0.0,0.0,0.0,0.0,0.0,0.0,0.0
Gram_error_fro,0.0,1,10,2,0.0,0.0484779,0.0346966,0.02534584,0.01893115,0.01437651,0.01106258,0.00860093,0.00674174,0.00531899,0.00421861,0.00336009,0.00268544,0.00215212
Gram_error_fro,2.0,1,10,2,0.0,0.09653015,0.08712041,0.07726854,0.06794568,0.05939784,0.05179227,0.04513271,0.03934285,0.03432253,0.02997159,0.02619851,0.02292275,0.02007472
Gram_error_fro,2.0,1,10,2,0.0,0.04696744,0.03902007,0.03359046,0.02907012,0.02522615,0.02194754,0.01913552,0.01671038,0.01460973,0.01278403,0.01119316,0.00980408,0.00858924
Gram_error_fro,2.0,1,10,2,0.0,0.05183354,0.03651139,0.02717154,0.02079664,0.01614545,0.01264283,0.00995302,0.00786073,0.00621916,0.0049237,0.00389742,0.00308246,0.00243459
Gram_error_fro,2.0,1,10,2,0.0,0.03365674,0.01727861,0.0116694,0.00908084,0.00746245,0.00625416,0.00528291,0.00447946,0.00380651,0.00323936,0.00275971,0.00235315,0.00200802
Gram_error_fro,0.0,1,10,2,0.0,0.0484779,0.0346966,0.02534584,0.01893115,0.01437651,0.01106258,0.00860093,0.00674174,0.00531899,0.00421861,0.00336009,0.00268544,0.00215212
Gram_error_fro,2.0,1,10,2,0.0,0.05183354,0.03651139,0.02717154,0.02079664,0.01614545,0.01264283,0.00995302,0.00786073,0.00621916,0.0049237,0.00389742,0.00308246,0.00243459
Gram_error_fro,2.0,1,10,2,0.0,0.02624306,0.01203183,0.00863951,0.00935743,0.01042703,0.01098429,0.01105706,0.01078986,0.01030659,0.00969679,0.00902206,0.00832384,0.00762949
Gram_error_fro,4.0,1,10,2,0.0,0.08662833,0.07176246,0.06240801,0.05461908,0.04767338,0.04149511,0.03605664,0.03130657,0.02717727,0.02359666,0.0204953,0.0178097,0.01548351
Gram_error_fro,2.0,1,10,2,0.0,0.07313047,0.02057359,0.00795788,0.00659871,0.00657525,0.00641322,0.00608343,0.00565342,0.00517655,0.00468862,0.00421228,0.00376104,0.00334221
Gram_error_fro,0.0,1,10,2,0.0,0.0,0.0,0.0,0.0,0.0,0.0,0.0,0.0,0.0,0.0,0.0,0.0,0.0
Gram_error_fro,2.0,1,10,2,0.0,0.03524513,0.02613716,0.02157615,0.01815481,0.01538306,0.01308155,0.01115252,0.00952879,0.00815813,0.0069981,0.00601388,0.00517679,0.00446321
Gram_error_fro,2.0,1,10,2,0.0,0.03356349,0.02432259,0.02138568,0.01950533,0.01787,0.01631955,0.01483808,0.01343663,0.01212574,0.010911,0.00979367,0.00877191,0.00784192
Gram_error_fro,0.0,1,10,2,0.0,0.0,0.0,0.0,0.0,0.0,0.0,0.0,0.0,0.0,0.0,0.0,0.0,0.0
Gram_error_fro,2.0,1,10,2,0.0,0.07554073,0.03638961,0.02615829,0.02232144,0.01964611,0.01735993,0.01532768,0.0135148,0.01190301,0.01047537,0.00921446,0.00810296,0.00712437
Gram_error_fro,2.0,1,10,2,0.0,0.05501606,0.03902523,0.03003628,0.0241482,0.01988379,0.01663664,0.01408949,0.01204881,0.01038622,0.00901232,0.00786296,0.00689117,0.00606193
Gram_error_fro,2.0,1,10,2,0.0,0.05501606,0.03902523,0.03003628,0.0241482,0.01988379,0.01663664,0.01408949,0.01204881,0.01038622,0.00901232,0.00786296,0.00689117,0.00606193
Gram_error_fro,2.0,1,10,2,0.0,0.03356349,0.02432259,0.02138568,0.01950533,0.01787,0.01631955,0.01483808,0.01343663,0.01212574,0.010911,0.00979367,0.00877191,0.00784192
Gram_error_fro,2.0,1,10,2,0.0,0.04297616,0.02456883,0.01522141,0.01022035,0.00775241,0.00671703,0.00629524,0.00604427,0.00579696,0.00551145,0.00518947,0.00484407,0.00448877
Gram_error_fro,2.0,1,10,2,0.0,0.03524513,0.02613716,0.02157615,0.01815481,0.01538306,0.01308155,0.01115252,0.00952879,0.00815813,0.0069981,0.00601388,0.00517679,0.00446321
Gram_error_fro,2.0,1,10,2,0.0,0.05633303,0.04272786,0.03473944,0.02924578,0.02493671,0.02139672,0.01844004,0.01595016,0.01384056,0.01204334,0.01050444,0.00918057,0.00803693
Gram_error_fro,0.0,1,10,2,0.0,0.0,0.0,0.0,0.0,0.0,0.0,0.0,0.0,0.0,0.0,0.0,0.0,0.0
Gram_error_fro,2.0,1,10,2,0.0,0.04093039,0.02592813,0.01916232,0.01510337,0.01221,0.01000167,0.00826182,0.00686682,0.00573565,0.00481082,0.00404971,0.00341989,0.0028962
Gram_error_fro,0.0,1,10,2,0.0,0.0,0.0,0.0,0.0,0.0,0.0,0.0,0.0,0.0,0.0,0.0,0.0,0.0
Gram_error_fro,2.0,1,10,2,0.0,0.06086894,0.02540703,0.01533109,0.01089469,0.00821537,0.00635247,0.00497347,0.00392217,0.00310857,0.00247348,0.00197497,0.00158206,0.00127133
Gram_error_fro,2.0,2,10,2,0.0,0.0185893,0.01699092,0.01850287,0.01972823,0.02055744,0.02107847,0.02140026,0.02160053,0.02172755,0.02181027,0.02186602,0.02190518,0.02193405
Gram_error_fro,2.0,1,10,2,0.0,0.04736525,0.03767843,0.02882049,0.02203079,0.01684967,0.01291543,0.0099312,0.00766151,0.00592746,0.00459611,0.00356931,0.0027744,0.00215723
Gram_error_fro,2.0,1,10,2,0.0,0.08751484,0.04126112,0.02694615,0.02069685,0.01662273,0.01356361,0.01115922,0.00922793,0.00765563,0.00636403,0.00529664,0.00441111,0.00367466
Gram_error_fro,4.0,1,10,2,0.0,0.053007,0.02836543,0.01726386,0.01119595,0.00746155,0.00500976,0.00334294,0.00219088,0.00139044,0.00083582,0.00045583,0.00020417,7.897e-05
Gram_error_fro,4.0,2,10,2,0.0,0.07785656,0.02893598,0.02133611,0.02091022,0.02088157,0.02089708,0.02096233,0.02106221,0.02117752,0.02129469,0.02140593,0.0215074,0.02159765
Gram_error_fro,2.0,1,10,2,0.0,0.05315341,0.03677641,0.02948671,0.02463376,0.02090054,0.01790219,0.0154437,0.01339626,0.01166841,0.01019405,0.00892497,0.0078253,0.00686782
Gram_error_fro,4.0,1,10,2,0.0,0.06317338,0.03253587,0.02367746,0.01915077,0.01591523,0.01336341,0.01128388,0.00956575,0.00813592,0.0069403,0.00593664,0.00509112,0.00437641
Gram_error_fro,0.0,1,10,4,0.0,0.0,0.0,0.0,0.0,0.0,0.0,0.0,0.0,0.0,0.0,0.0,0.0,0.0
Gram_error_fro,2.0,1,10,4,0.0,0.05567094,0.04828492,0.03881475,0.03125643,0.0255194,0.02111124,0.01765714,0.01490221,0.01267003,0.01083541,0.00930819,0.00802292,0.0069316
Gram_error_fro,2.0,1,10,4,0.0,0.05567094,0.04828492,0.03881475,0.03125643,0.0255194,0.02111124,0.01765714,0.01490221,0.01267003,0.01083541,0.00930819,0.00802292,0.0069316
Gram_error_fro,2.0,1,10,4,0.0,0.05567094,0.04828492,0.03881475,0.03125643,0.0255194,0.02111124,0.01765714,0.01490221,0.01267003,0.01083541,0.00930819,0.00802292,0.0069316
Gram_error_fro,2.0,1,10,4,0.0,0.0591037,0.04330016,0.03042097,0.02163649,0.01566557,0.01151948,0.00856471,0.00641159,0.00481784,0.00362671,0.00273178,0.00205769,0.00154947
Gram_error_fro,2.0,1,10,4,0.0,0.0586769,0.04843918,0.03736726,0.02926021,0.02318305,0.01841845,0.01462318,0.01160566,0.00922254,0.00735088,0.00588464,0.00473533,0.00383156
Gram_error_fro,2.0,1,10,4,0.0,0.06595872,0.04032097,0.02595563,0.01754365,0.01221168,0.00867709,0.00625846,0.0045627,0.0033519,0.00247582,0.00183588,0.00136522,0.00101733
Gram_error_fro,2.0,1,10,4,0.0,0.08753314,0.07159713,0.0564392,0.04443594,0.03504847,0.02772547,0.02203054,0.01761449,0.01419238,0.01153321,0.00945393,0.00781314,0.00650411
Gram_error_fro,2.0,1,10,4,0.0,0.0586769,0.04843918,0.03736726,0.02926021,0.02318305,0.01841845,0.01462318,0.01160566,0.00922254,0.00735088,0.00588464,0.00473533,0.00383156
Gram_error_fro,0.0,1,10,4,0.0,0.0,0.0,0.0,0.0,0.0,0.0,0.0,0.0,0.0,0.0,0.0,0.0,0.0
Gram_error_fro,4.0,1,10,4,0.0,0.12015414,0.08763241,0.06392834,0.04874688,0.03814053,0.03022385,0.02413576,0.01940398,0.01571103,0.01281789,0.01053854,0.00872878,0.00727838
Gram_error_fro,0.0,1,10,1,0.0,0.0,0.0,0.0,0.0,0.0,0.0,0.0,0.0,0.0,0.0,0.0,0.0,0.0
Gram_error_fro,2.0,1,10,1,0.0,0.04087931,0.02476717,0.01904866,0.01561621,0.01304366,0.01096843,0.00925103,0.00781643,0.00661324,0.00560176,0.00474994,0.00403143,0.0034245
Gram_error_fro,2.0,1,10,1,0.0,0.00744268,0.00278861,0.00283615,0.00334179,0.00371441,0.00390075,0.0039393,0.00387317,0.00373628,0.00355375,0.00334385,0.00311982,0.00289113
Gram_error_fro,2.0,1,10,1,0.0,0.0810086,0.05254771,0.04186129,0.03543761,0.03047474,0.02632915,0.02279036,0.0197538,0.01714553,0.01490407,0.01297611,0.01131545,0.00988249
Gram_error_fro,0.0,1,10,1,0.0,0.0,0.0,0.0,0.0,0.0,0.0,0.0,0.0,0.0,0.0,0.0,0.0,0.0
Gram_error_fro,2.0,1,10,1,0.0,0.01208192,0.00413894,0.00321955,0.00331581,0.0034861,0.00356722,0.0035517,0.00346127,0.00331869,0.00314245,0.00294659,0.00274147,0.00253453
Gram_error_fro,4.0,2,10,1,0.0,0.02191988,0.00782088,0.00619964,0.00676411,0.00772201,0.00866645,0.00950688,0.01023446,0.01085965,0.01139599,0.01185619,0.01225138,0.0125911
Gram_error_fro,2.0,1,10,1,0.0,0.0,0.0,0.00037058,0.00044561,0.00037834,0.00027531,0.00017969,0.00010344,4.689e-05,6.88e-06,2.027e-05,3.783e-05,4.841e-05
Gram_error_fro,2.0,1,10,1,0.0,0.06950617,0.04689746,0.03650267,0.02988918,0.02482865,0.02072256,0.01733437,0.0145267,0.01219736,0.01026291,0.00865389,0.00731272,0.00619207
Gram_error_fro,2.0,1,10,1,0.0,0.03731371,0.03302732,0.02696446,0.02175713,0.01753594,0.01417135,0.01149691,0.00936583,0.00766018,0.00628805,0.00517856,0.00427705,0.00354127
Gram_error_fro,2.0,1,10,1,0.0,0.0,0.0,0.00037058,0.00044561,0.00037834,0.00027531,0.00017969,0.00010344,4.689e-05,6.88e-06,2.027e-05,3.783e-05,4.841e-05
Gram_error_fro,0.0,1,10,2,0.0,0.0,0.0,0.0,0.0,0.0,0.0,0.0,0.0,0.0,0.0,0.0,0.0,0.0
Gram_error_fro,2.0,1,10,2,0.0,0.0308877,0.02363305,0.01715945,0.01206832,0.00867037,0.00680868,0.00603783,0.00581501,0.00575821,0.00569305,0.00556543,0.00537134,0.0051235
Gram_error_fro,2.0,1,10,2,0.0,0.0308877,0.02363305,0.01715945,0.01206832,0.00867037,0.00680868,0.00603783,0.00581501,0.00575821,0.00569305,0.00556543,0.00537134,0.0051235
Gram_error_fro,2.0,1,10,2,0.0,0.01704422,0.00871879,0.00327526,0.00136712,0.00340346,0.00494365,0.00587566,0.00635708,0.00652076,0.00646624,0.00626599,0.00597218,0.00562212
Gram_error_fro,0.0,1,10,2,0.0,0.0,0.0,0.0,0.0,0.0,0.0,0.0,0.0,0.0,0.0,0.0,0.0,0.0
Gram_error_fro,2.0,1,10,2,0.0,0.04303778,0.03459346,0.03002075,0.02665001,0.02380019,0.02127822,0.01901445,0.01697691,0.01514453,0.01349921,0.01202403,0.01070302,0.0095213
Gram_error_fro,4.0,1,10,2,0.0,0.07481098,0.04782662,0.03566,0.02887391,0.0245124,0.02139387,0.0189542,0.01691734,0.01514691,0.01357343,0.01215937,0.0108825,0.00972799
Gram_error_fro,2.0,1,10,2,0.0,0.05402466,0.03878521,0.03224755,0.02808525,0.02480026,0.02199949,0.0195455,0.01737419,0.01544585,0.01373057,0.01220363,0.01084382,0.00963261
Gram_error_fro,4.0,1,10,2,0.0,0.0319426,0.02623855,0.02301521,0.02054505,0.01847053,0.01664276,0.01500212,0.01351957,0.01217638,0.01095818,0.00985312,0.00885099,0.00794286
Gram_error_fro,4.0,1,10,2,0.0,0.04438882,0.03550631,0.03209611,0.02950525,0.02695858,0.02442037,0.02196309,0.01964746,0.01750719,0.01555506,0.01379073,0.01220639,0.01079032
Gram_error_fro,4.0,1,10,2,0.0,0.05569303,0.03892663,0.02750739,0.01982659,0.01504709,0.01229602,0.01075933,0.00983716,0.00917736,0.0086091,0.00806278,0.00751689,0.00697019
Gram_error_fro,0.0,1,10,2,0.0,0.0,0.0,0.0,0.0,0.0,0.0,0.0,0.0,0.0,0.0,0.0,0.0,0.0
Gram_error_fro,2.0,1,10,2,0.0,0.10472878,0.05209319,0.02759324,0.01775906,0.01307692,0.01029507,0.00839986,0.00701662,0.00596501,0.00514009,0.0044751,0.00392601,0.00346328
Gram_error_fro,2.0,1,10,2,0.0,0.04850167,0.03742879,0.03153684,0.02730355,0.02354811,0.02023395,0.01737211,0.01492499,0.01283729,0.0110547,0.00952977,0.00822256,0.00709979
Gram_error_fro,2.0,1,10,2,0.0,0.04850167,0.03742879,0.03153684,0.02730355,0.02354811,0.02023395,0.01737211,0.01492499,0.01283729,0.0110547,0.00952977,0.00822256,0.00709979
Gram_error_fro,0.0,1,10,2,0.0,0.0,0.0,0.0,0.0,0.0,0.0,0.0,0.0,0.0,0.0,0.0,0.0,0.0
Gram_error_fro,0.0,1,10,2,0.0,0.0,0.0,0.0,0.0,0.0,0.0,0.0,0.0,0.0,0.0,0.0,0.0,0.0
Gram_error_fro,0.0,1,10,2,0.0,0.09384698,0.08904759,0.07431743,0.060035,0.04810404,0.03857895,0.03108032,0.02518499,0.02053041,0.016831,0.01386893,0.01147977,0.00953946
Gram_error_fro,2.0,1,10,2,0.0,0.08205177,0.08052467,0.06860707,0.05637518,0.04591841,0.03743396,0.03065227,0.02523796,0.02089675,0.01739393,0.01454824,0.01222091,0.01030555
Gram_error_fro,0.0,1,10,2,0.0,0.0,0.0,0.0,0.0,0.0,0.0,0.0,0.0,0.0,0.0,0.0,0.0,0.0
Gram_error_fro,0.0,1,10,2,0.0,0.09384698,0.08904759,0.07431743,0.060035,0.04810404,0.03857895,0.03108032,0.02518499,0.02053041,0.016831,0.01386893,0.01147977,0.00953946
Gram_error_fro,2.0,1,10,2,0.0,0.0637826,0.05894086,0.04749252,0.0376561,0.03009415,0.02431882,0.01985238,0.01634812,0.01356216,0.01132114,0.00949985,0.00800643,0.00677238
Gram_error_fro,0.0,1,10,4,0.0,0.0,0.0,0.0,0.0,0.0,0.0,0.0,0.0,0.0,0.0,0.0,0.0,0.0
Gram_error_fro,2.0,1,10,4,0.0,0.06827582,0.04278579,0.02876895,0.0211033,0.01620373,0.01272543,0.01011426,0.00809635,0.00651192,0.00525594,0.00425405,0.00345118,0.00280551
Gram_error_fro,2.0,1,10,4,0.0,0.04562496,0.03116814,0.02426499,0.01956589,0.01598263,0.01314817,0.01087418,0.00903288,0.00752881,0.00628997,0.0052624,0.00440553,0.00368843
Gram_error_fro,2.0,1,10,4,0.0,0.08585134,0.0700703,0.05613573,0.04536268,0.03681981,0.03000424,0.02457364,0.02024737,0.01678996,0.01400972,0.01175566,0.00991178,0.00839018
Gram_error_fro,2.0,1,10,4,0.0,0.0928492,0.06695937,0.04737483,0.03512135,0.02734846,0.02220987,0.01860105,0.01589229,0.01374044,0.01196088,0.01045134,0.00915133,0.0080218
Gram_error_fro,2.0,1,10,4,0.0,0.05989546,0.05891945,0.0549314,0.05098273,0.04688362,0.04266579,0.03850603,0.03456185,0.03092719,0.02764002,0.02470108,0.02209016,0.01977734
Gram_error_fro,2.0,1,10,4,0.0,0.08297978,0.06742413,0.05436924,0.04440788,0.03646558,0.03005371,0.02487521,0.02069388,0.01730953,0.01455596,0.01229974,0.01043654,0.00888604
Gram_error_fro,4.0,1,10,4,0.0,0.12768366,0.08392663,0.05346532,0.03619153,0.02671981,0.02146571,0.01829676,0.01609918,0.0143625,0.01287226,0.01154205,0.01033681,0.00924096
Gram_error_fro,2.0,1,10,4,0.0,0.06827582,0.04278579,0.02876895,0.0211033,0.01620373,0.01272543,0.01011426,0.00809635,0.00651192,0.00525594,0.00425405,0.00345118,0.00280551
Gram_error_fro,4.0,1,10,4,0.0,0.10511823,0.08739886,0.06920851,0.05466767,0.04331186,0.03447054,0.02758091,0.022199,0.01797841,0.01465065,0.01200937,0.00989737,0.0081956
Gram_error_fro,2.0,1,10,4,0.0,0.10825236,0.08843328,0.06695826,0.05037716,0.03809926,0.02906673,0.02239556,0.01743059,0.01370293,0.01087888,0.00871966,0.00705308,0.0057541
Gram_error_fro,0.0,1,10,5,0.0,0.0,0.0,0.0,0.0,0.0,0.0,0.0,0.0,0.0,0.0,0.0,0.0,0.0
Gram_error_fro,2.0,1,10,5,0.0,0.08007184,0.05670849,0.03599942,0.02348301,0.01614811,0.01166823,0.00876669,0.00677677,0.005344,0.00427214,0.0034471,0.00279899,0.0022826
Gram_error_fro,2.0,1,10,5,0.0,0.06049104,0.04356916,0.0298875,0.02145831,0.01651836,0.01344102,0.01129648,0.0096511,0.00831436,0.00719698,0.00625011,0.0054419,0.00474883
Gram_error_fro,2.0,1,10,5,0.0,0.03671512,0.02315506,0.01818494,0.01556751,0.01373407,0.01221974,0.01088486,0.00968667,0.00860911,0.00764251,0.00677827,0.00600778,0.00532249
Gram_error_fro,2.0,1,10,5,0.0,0.06341747,0.03901553,0.02359215,0.01509466,0.01048248,0.00782845,0.00612312,0.0049036,0.00396928,0.0032288,0.00263386,0.00215368,0.00176568
Gram_error_fro,2.0,1,10,5,0.0,0.07325668,0.0618739,0.04995958,0.04010195,0.03209552,0.02568853,0.02063033,0.01667085,0.01358057,0.01116416,0.00926406,0.00775754,0.0065512
Gram_error_fro,2.0,1,10,5,0.0,0.09657532,0.059323,0.0334457,0.01913259,0.01156513,0.00757883,0.00539487,0.00408901,0.00322116,0.00259329,0.0021146,0.00173906,0.00143978
Gram_error_fro,2.0,1,10,5,0.0,0.09740395,0.0830232,0.06637285,0.05270784,0.04173269,0.03297349,0.02604433,0.02060726,0.01636371,0.01305853,0.01048181,0.00846609,0.00688083
Gram_error_fro,2.0,1,10,5,0.0,0.13459981,0.10807428,0.08054852,0.06073387,0.04662506,0.0363295,0.02864237,0.02280362,0.01831275,0.01482521,0.01209526,0.00994314,0.00823497
Gram_error_fro,2.0,1,10,5,0.0,0.0870539,0.05781798,0.03591304,0.02339418,0.01613264,0.01162261,0.00861647,0.00649986,0.00495501,0.00380337,0.00293469,0.0022751,0.0017722
Gram_error_fro,2.0,1,10,5,0.0,0.13968377,0.11745597,0.08843231,0.06573343,0.04903251,0.0368447,0.02793739,0.02140146,0.01657942,0.01299741,0.010314,0.0082833,0.00672842
Gram_error_fro,0.0,1,10,3,0.0,0.0,0.0,0.0,0.0,0.0,0.0,0.0,0.0,0.0,0.0,0.0,0.0,0.0
Gram_error_fro,0.0,1,10,3,0.0,0.0,0.0,0.0,0.0,0.0,0.0,0.0,0.0,0.0,0.0,0.0,0.0,0.0
Gram_error_fro,2.0,1,10,3,0.0,0.07944131,0.06703255,0.06239656,0.05724112,0.05134617,0.04554414,0.0402309,0.0355143,0.03137839,0.02776446,0.02460541,0.02183846,0.01940892
Gram_error_fro,0.0,1,10,3,0.0,0.0,0.0,0.0,0.0,0.0,0.0,0.0,0.0,0.0,0.0,0.0,0.0,0.0
Gram_error_fro,2.0,1,10,3,0.0,0.02793884,0.02163454,0.02058906,0.01881,0.01673092,0.01469189,0.01280448,0.01110388,0.009596,0.00827282,0.00711967,0.00611927,0.00525408
Gram_error_fro,2.0,1,10,3,0.0,0.04968399,0.03874028,0.02993989,0.02344839,0.01869981,0.01520078,0.01255804,0.01050332,0.00886368,0.00752754,0.00642113,0.00549397,0.00471025
Gram_error_fro,4.0,1,10,3,0.0,0.08130692,0.04600872,0.02853546,0.01893531,0.01273324,0.00849573,0.00557071,0.0035677,0.00223584,0.00142341,0.00103967,0.00095654,0.0009916
Gram_error_fro,2.0,1,10,3,0.0,0.0738159,0.03922872,0.02342034,0.01616007,0.01181465,0.00886783,0.00678315,0.00527129,0.00415001,0.00330122,0.0026475,0.00213703,0.00173416
Gram_error_fro,4.0,1,10,3,0.0,0.09946528,0.06474624,0.04247773,0.03052939,0.02344848,0.01878379,0.01546689,0.01298242,0.0110516,0.00950874,0.00824851,0.00720069,0.00631681
Gram_error_fro,2.0,2,10,3,0.0,0.09711257,0.05837667,0.03287904,0.01954341,0.01366657,0.01274417,0.01417128,0.01618077,0.01813094,0.01985542,0.02133379,0.02258689,0.0236448
Gram_error_fro,2.0,1,10,3,0.0,0.06576653,0.06809038,0.06445334,0.05762094,0.04992509,0.0425982,0.03610667,0.03054629,0.02585808,0.02193048,0.01864453,0.01589163,0.01357899
Gram_error_fro,0.0,1,10,5,0.0,0.0,0.0,0.0,0.0,0.0,0.0,0.0,0.0,0.0,0.0,0.0,0.0,0.0
Gram_error_fro,2.0,1,10,5,0.0,0.06444311,0.06820606,0.05982932,0.04872841,0.03838082,0.02979961,0.02304312,0.01785248,0.01390636,0.01091298,0.00863543,0.00689136,0.00554439
Gram_error_fro,0.0,1,10,5,0.0,0.08770589,0.06366185,0.04470235,0.03161746,0.02245578,0.01603467,0.01154833,0.00841609,0.00622158,0.00467156,0.00356315,0.00275797,0.00216259
Gram_error_fro,2.0,1,10,5,0.0,0.09973477,0.07897415,0.05789767,0.04197679,0.0304053,0.02210407,0.01616611,0.01190998,0.00884744,0.00663422,0.00502768,0.00385594,0.00299638
Gram_error_fro,2.0,1,10,5,0.0,0.086256,0.06070422,0.04391885,0.03479402,0.02859346,0.02368288,0.01960803,0.01620916,0.01338993,0.01106807,0.0091676,0.00761912,0.00636083
Gram_error_fro,2.0,1,10,5,0.0,0.08080758,0.06033713,0.04536783,0.03608319,0.02941356,0.0241655,0.0198939,0.01638567,0.01350498,0.01114728,0.00922485,0.00766217,0.00639421
Gram_error_fro,2.0,1,10,5,0.0,0.07381633,0.05239607,0.03489504,0.02376152,0.01668591,0.01205292,0.00891746,0.00673214,0.00517068,0.00403074,0.00318233,0.00253958,0.00204467
Gram_error_fro,2.0,1,10,5,0.0,0.07277396,0.0454097,0.02713422,0.01713956,0.01138434,0.00782574,0.00550649,0.00394003,0.00285528,0.00209038,0.00154371,0.00114899,0.00086165
Gram_error_fro,2.0,1,10,5,0.0,0.08690721,0.05968896,0.0392438,0.02652272,0.01837425,0.01297267,0.00931147,0.00679216,0.00503623,0.00379593,0.00290658,0.00225814,0.00177692
Gram_error_fro,4.0,1,10,5,0.0,0.11578392,0.09104836,0.06649043,0.04841464,0.03545432,0.02617956,0.01951873,0.01470446,0.01119756,0.00862158,0.00671312,0.00528659,0.0042102
Gram_error_fro,2.0,1,10,5,0.0,0.09973477,0.07897415,0.05789767,0.04197679,0.0304053,0.02210407,0.01616611,0.01190998,0.00884744,0.00663422,0.00502768,0.00385594,0.00299638
Gram_error_fro,0.0,1,10,5,0.0,0.0,0.0,0.0,0.0,0.0,0.0,0.0,0.0,0.0,0.0,0.0,0.0,0.0
Gram_error_fro,2.0,1,10,5,0.0,0.08177667,0.06048436,0.04362438,0.03430757,0.02845515,0.02402312,0.02036517,0.01729259,0.01472321,0.01259033,0.01082791,0.00937269,0.00816773
Gram_error_fro,2.0,1,10,5,0.0,0.0730675,0.0641491,0.05286669,0.04295994,0.03458593,0.02769654,0.0221651,0.01780091,0.01439118,0.01173466,0.00965879,0.00802451,0.0067243
Gram_error_fro,2.0,1,10,5,0.0,0.0730675,0.0641491,0.05286669,0.04295994,0.03458593,0.02769654,0.0221651,0.01780091,0.01439118,0.01173466,0.00965879,0.00802451,0.0067243
Gram_error_fro,2.0,1,10,5,0.0,0.07824603,0.05482423,0.0361361,0.02421413,0.01686408,0.01235563,0.00953461,0.00768344,0.00638595,0.00541406,0.00464598,0.00401591,0.00348662
Gram_error_fro,2.0,1,10,5,0.0,0.06382808,0.05329179,0.04408694,0.03746452,0.03204668,0.02725933,0.02299569,0.01926225,0.01605757,0.01335215,0.01109643,0.00923191,0.00769936
Gram_error_fro,2.0,1,10,5,0.0,0.12211134,0.09285208,0.0645598,0.04565658,0.03340542,0.02517362,0.0193958,0.0151982,0.01207377,0.00970733,0.00788991,0.0064765,0.00536372
Gram_error_fro,2.0,1,10,5,0.0,0.09189217,0.06247848,0.04181092,0.02876637,0.02056742,0.01534233,0.01193624,0.0096335,0.00799664,0.0067672,0.00579718,0.00500268,0.00433526
Gram_error_fro,2.0,2,10,5,0.0,0.07363283,0.05978923,0.04527384,0.03704816,0.03390343,0.03348568,0.03419024,0.03524813,0.03634807,0.03737639,0.03829809,0.03910854,0.03981439
Gram_error_fro,0.0,1,10,5,0.0,0.09968433,0.0831737,0.06487325,0.05069422,0.03994271,0.03174616,0.02546703,0.02063177,0.01688094,0.01394273,0.01161428,0.00974598,0.00822837
Gram_error_fro,2.0,1,10,5,0.0,0.10213874,0.07946709,0.05979983,0.04547534,0.03500191,0.02732573,0.02170167,0.01756467,0.01448632,0.01215174,0.01033783,0.00889135,0.00770921
Gram_error_fro,0.0,1,10,3,0.0,0.0,0.0,0.0,0.0,0.0,0.0,0.0,0.0,0.0,0.0,0.0,0.0,0.0
Gram_error_fro,2.0,1,10,3,0.0,0.03578157,0.02103884,0.01253221,0.00792318,0.00525863,0.00361518,0.00255053,0.00183245,0.00133213,0.00097518,0.00071653,0.00052738,0.00038837
Gram_error_fro,2.0,1,10,3,0.0,0.04252383,0.02730621,0.01871236,0.01359343,0.00999478,0.00740643,0.00554451,0.004195,0.00320358,0.00246434,0.00190579,0.00147929,0.00115107
Gram_error_fro,2.0,1,10,3,0.0,0.03833095,0.02645642,0.01833814,0.01304789,0.00939752,0.00681336,0.00496357,0.00362947,0.00266116,0.0019546,0.00143697,0.00105671,0.00077691
Gram_error_fro,2.0,1,10,3,0.0,0.06484486,0.05150912,0.03898224,0.02948246,0.02233397,0.01695653,0.01290602,0.00984898,0.00753668,0.00578357,0.00445109,0.00343561,0.00265958
Gram_error_fro,2.0,1,10,3,0.0,0.04492936,0.0159808,0.00564778,0.00248754,0.00335473,0.00430855,0.00474912,0.00482294,0.00467255,0.00439478,0.00405176,0.00368267,0.00331191
Gram_error_fro,2.0,1,10,3,0.0,0.09492099,0.06514109,0.04358508,0.02977316,0.02076186,0.01471028,0.01055114,0.00764049,0.00557403,0.00408994,0.00301435,0.00222923,0.00165295
Gram_error_fro,2.0,1,10,3,0.0,0.061111,0.03387177,0.01996198,0.01235866,0.00795074,0.00540925,0.0039966,0.00323012,0.00279065,0.00249533,0.0022576,0.00204314,0.00184098
Gram_error_fro,2.0,1,10,3,0.0,0.05152998,0.03140637,0.02299097,0.01905851,0.01630601,0.01405981,0.01215402,0.01051492,0.009096,0.00786385,0.00679271,0.00586165,0.00505302
Gram_error_fro,2.0,1,10,3,0.0,0.06379197,0.04831878,0.035558,0.02598492,0.01914059,0.01431661,0.01089035,0.00842079,0.00661372,0.00527261,0.00426346,0.00349315,0.00289611
Gram_error_fro,2.0,1,10,3,0.0,0.10544295,0.07167921,0.04990513,0.03521451,0.02495141,0.01772133,0.01261059,0.00898813,0.00641475,0.00458402,0.00328137,0.0023558,0.00170043
Gram_error_fro,0.0,1,10,2,0.0,0.0,0.0,0.0,0.0,0.0,0.0,0.0,0.0,0.0,0.0,0.0,0.0,0.0
Gram_error_fro,2.0,1,10,2,0.0,0.07749039,0.04161056,0.02702982,0.019118,0.01399208,0.0104231,0.00785599,0.00597482,0.0045779,0.00352927,0.00273474,0.00212787,0.00166114
Gram_error_fro,2.0,1,10,2,0.0,0.0793296,0.04429566,0.03294972,0.02657126,0.02188009,0.01818705,0.01522509,0.01282531,0.01086249,0.0092418,0.00789165,0.00675795,0.00579963
Gram_error_fro,2.0,1,10,2,0.0,0.02753876,0.01249706,0.00884959,0.00947313,0.01052021,0.01106553,0.01112067,0.01082992,0.0103206,0.00968546,0.00898826,0.00827156,0.00756309
Gram_error_fro,2.0,1,10,2,0.0,0.0181034,0.01995418,0.0214407,0.02167584,0.02112038,0.02009974,0.01883169,0.01745344,0.01604996,0.01467331,0.01335462,0.0121115,0.01095287
Gram_error_fro,2.0,1,10,2,0.0,0.07028452,0.03247189,0.02154408,0.01692048,0.01395306,0.01167142,0.00982064,0.0082983,0.00704005,0.0059958,0.00512479,0.00439409,0.00377746
Gram_error_fro,2.0,1,10,2,0.0,0.11503511,0.08034453,0.06085412,0.04757844,0.03763415,0.0299926,0.02405805,0.01941,0.01573988,0.01281975,0.01048025,0.00859451,0.00706651
Gram_error_fro,2.0,1,10,2,0.0,0.10989881,0.06635807,0.0476242,0.03631085,0.02822602,0.02214384,0.01748094,0.01386987,0.01105296,0.00884218,0.00709774,0.00571462,0.00461321
Gram_error_fro,2.0,1,10,2,0.0,0.08536216,0.0649581,0.05054171,0.03980106,0.03149569,0.02502635,0.01996527,0.01598569,0.01283975,0.01034021,0.00834532,0.00674706,0.00546246
Gram_error_fro,2.0,1,10,2,0.0,0.0338357,0.0173853,0.01167805,0.00904599,0.00747262,0.00638045,0.00556024,0.00491154,0.00437737,0.00392352,0.00352898,0.00318049,0.00286939
Gram_error_fro,2.0,1,10,2,0.0,0.03031308,0.02881132,0.02388198,0.01907249,0.01505743,0.0118712,0.00937836,0.00742931,0.00590017,0.00469563,0.00374343,0.00298861,0.00238898
Gram_error_fro,0.0,1,10,2,0.0,0.0,0.0,0.0,0.0,0.0,0.0,0.0,0.0,0.0,0.0,0.0,0.0,0.0
Gram_error_fro,2.0,1,10,2,0.0,0.06281612,0.04569487,0.03588753,0.02904433,0.02358044,0.01922883,0.01579519,0.01307789,0.01090586,0.00914889,0.00771166,0.00652469,0.00553671
Gram_error_fro,0.0,1,10,2,0.0,0.0,0.0,0.0,0.0,0.0,0.0,0.0,0.0,0.0,0.0,0.0,0.0,0.0
Gram_error_fro,2.0,1,10,2,0.0,0.07562165,0.06604479,0.05087262,0.0381231,0.02837105,0.02107289,0.01564155,0.01160743,0.00861781,0.00641256,0.00480069,0.00364127,0.00282809
Gram_error_fro,2.0,1,10,2,0.0,0.08261743,0.07127485,0.0579563,0.04577957,0.03584103,0.02810017,0.02214923,0.01757165,0.0140307,0.01127182,0.00910618,0.00739401,0.00603137
Gram_error_fro,2.0,1,10,2,0.0,0.10019586,0.06620707,0.04921268,0.03994761,0.03374317,0.0290931,0.02541242,0.02240397,0.01988639,0.01773923,0.01587968,0.01424958,0.01280736
Gram_error_fro,2.0,1,10,2,0.0,0.07446475,0.06913599,0.05883579,0.04903601,0.04058924,0.03354066,0.02773042,0.02295892,0.01903984,0.01581477,0.01315414,0.01095355,0.00912923
Gram_error_fro,0.0,1,10,2,0.0,0.08538804,0.04749024,0.03153132,0.02326491,0.01788823,0.01401429,0.01110431,0.00887393,0.00714228,0.00578394,0.00470876,0.00385075,0.00316105
Gram_error_fro,2.0,1,10,2,0.0,0.08589929,0.07008125,0.05568289,0.04438055,0.03555962,0.02865157,0.02321094,0.01889606,0.01544878,0.01267522,0.0104296,0.00860149,0.00710646
Gram_error_fro,2.0,1,10,2,0.0,0.04399849,0.03162669,0.02353174,0.01844167,0.01473981,0.0118643,0.00960607,0.00783419,0.00644196,0.00534167,0.00446406,0.00375629,0.00317883
Gram_error_fro,2.0,1,10,2,0.0,0.05049749,0.03851078,0.03190468,0.026893,0.02260033,0.01898833,0.01599824,0.01353166,0.01149018,0.00979074,0.00836726,0.00716809,0.00615284
Gram_error_fro,0.0,1,10,3,0.0,0.0,0.0,0.0,0.0,0.0,0.0,0.0,0.0,0.0,0.0,0.0,0.0,0.0
Gram_error_fro,2.0,1,10,3,0.0,0.060939,0.05650521,0.04971901,0.04400495,0.03910697,0.03478642,0.03094692,0.02753422,0.02450233,0.0218085,0.01941376,0.0172834,0.01538691
Gram_error_fro,2.0,1,10,3,0.0,0.05622533,0.05371791,0.04745489,0.04202345,0.03734382,0.0332221,0.02956356,0.02630936,0.02341264,0.0208331,0.01853549,0.01648877,0.01466546
Gram_error_fro,2.0,1,10,3,0.0,0.05622533,0.05371791,0.04745489,0.04202345,0.03734382,0.0332221,0.02956356,0.02630936,0.02341264,0.0208331,0.01853549,0.01648877,0.01466546
Gram_error_fro,2.0,1,10,3,0.0,0.06816544,0.0599065,0.0493809,0.04125369,0.03484073,0.02964439,0.02538119,0.02184917,0.01889351,0.0163966,0.01426998,0.01244676,0.01087554
Gram_error_fro,2.0,1,10,3,0.0,0.02594546,0.02379548,0.02173769,0.02008178,0.01878016,0.01768439,0.01669256,0.01575339,0.01484532,0.01396153,0.01310188,0.01226887,0.01146562
Gram_error_fro,4.0,1,10,3,0.0,0.07846557,0.06390929,0.05474452,0.04852648,0.04346207,0.0389168,0.03473608,0.03090254,0.0274192,0.02428082,0.02147179,0.0189695,0.01674798
Gram_error_fro,2.0,1,10,3,0.0,0.08218744,0.07541478,0.06835909,0.06040948,0.05243822,0.04509844,0.03863912,0.03308026,0.02834504,0.02432715,0.0209201,0.01802794,0.01556812
Gram_error_fro,2.0,1,10,3,0.0,0.10587211,0.08781063,0.07455291,0.06574421,0.05842866,0.0518023,0.04575863,0.04030157,0.03542257,0.03109168,0.02726626,0.02389869,0.02094094
Gram_error_fro,2.0,1,10,3,0.0,0.05622533,0.05371791,0.04745489,0.04202345,0.03734382,0.0332221,0.02956356,0.02630936,0.02341264,0.0208331,0.01853549,0.01648877,0.01466546
Gram_error_fro,2.0,1,10,3,0.0,0.07315308,0.06330409,0.05368415,0.04659161,0.04087512,0.03601549,0.03181764,0.0281691,0.02498181,0.02218365,0.01971638,0.01753332,0.01559672
Gram_error_fro,0.0,1,10,3,0.0,0.0,0.0,0.0,0.0,0.0,0.0,0.0,0.0,0.0,0.0,0.0,0.0,0.0
Gram_error_fro,2.0,1,10,3,0.0,0.04287743,0.02678789,0.02025703,0.01620995,0.01326249,0.01099402,0.00919159,0.00772887,0.00652489,0.00552423,0.00468689,0.00398273,0.00338841
Gram_error_fro,2.0,1,10,3,0.0,0.05028656,0.03648538,0.02847173,0.02300906,0.01891902,0.01570524,0.01311658,0.01100153,0.00925733,0.00780936,0.00660126,0.00558932,0.004739
Gram_error_fro,2.0,1,10,3,0.0,0.06368622,0.04593696,0.03641664,0.02957178,0.02425616,0.02005992,0.0167166,0.01402753,0.01184399,0.01005481,0.00857646,0.00734561,0.00631378
Gram_error_fro,2.0,1,10,3,0.0,0.04723297,0.02341367,0.01344814,0.00832943,0.00518099,0.00311573,0.00177455,0.00100153,0.00075452,0.00082947,0.0009468,0.00101918,0.00104194
Gram_error_fro,2.0,1,10,3,0.0,0.07337059,0.05773641,0.04410299,0.03403914,0.02654884,0.02089649,0.01658623,0.01326894,0.01069299,0.00867529,0.00708176,0.00581348,0.00479679
Gram_error_fro,4.0,1,10,3,0.0,0.09183349,0.06659254,0.049468,0.03757454,0.02886805,0.02235316,0.01742159,0.01365547,0.01075668,0.00850952,0.00675645,0.00538131,0.00429754
Gram_error_fro,2.0,1,10,3,0.0,0.0444332,0.02981835,0.02144254,0.01618165,0.01257412,0.00997725,0.00804925,0.00658515,0.00545236,0.0045608,0.00384758,0.00326813,0.00279065
Gram_error_fro,4.0,1,10,3,0.0,0.06336434,0.03729061,0.02509037,0.01801564,0.0135001,0.01049757,0.00843724,0.00697173,0.00588362,0.00503804,0.00435302,0.00377967,0.00328887
Gram_error_fro,2.0,1,10,3,0.0,0.07470849,0.03966783,0.02173707,0.01313273,0.00873813,0.00626517,0.00472565,0.00368473,0.00293818,0.00238046,0.00195144,0.00161409,0.00134422
Gram_error_fro,2.0,1,10,3,0.0,0.09531358,0.04854675,0.02976199,0.02121853,0.01618359,0.0127114,0.01013945,0.00816938,0.00663199,0.0054173,0.00444851,0.00366986,0.0030399
Gram_error_fro,0.0,1,10,2,0.0,0.0,0.0,0.0,0.0,0.0,0.0,0.0,0.0,0.0,0.0,0.0,0.0,0.0
Gram_error_fro,2.0,1,10,2,0.0,0.09324964,0.06546037,0.05485747,0.04757884,0.04151959,0.0363063,0.03179145,0.02787149,0.02446227,0.02149311,0.01890383,0.01664282,0.01466574
Gram_error_fro,2.0,1,10,2,0.0,0.09584626,0.10873849,0.10707953,0.10180335,0.09547532,0.08887506,0.0823269,0.07599949,0.06998769,0.06434244,0.05908584,0.05422076,0.04973756
Gram_error_fro,2.0,1,10,2,0.0,0.07296377,0.04360693,0.03125093,0.02404886,0.01903227,0.01529211,0.01242112,0.01018161,0.00841405,0.00700436,0.00586882,0.00494527,0.00418726
Gram_error_fro,2.0,1,10,2,0.0,0.03935783,0.02455311,0.01796034,0.01370642,0.01055453,0.00820873,0.00647003,0.00517862,0.00421286,0.00348313,0.00292411,0.00248844,0.00214203
Gram_error_fro,2.0,1,10,2,0.0,0.06036212,0.03012355,0.02235686,0.01827686,0.01518332,0.01267191,0.01061548,0.00892916,0.00754221,0.00639571,0.00544208,0.00464373,0.00397128
Gram_error_fro,2.0,1,10,2,0.0,0.06894777,0.05542434,0.0443503,0.03586733,0.02918904,0.02387464,0.01962515,0.01621189,0.0134557,0.01121677,0.00938675,0.00788189,0.00663743
Gram_error_fro,2.0,1,10,2,0.0,0.03313697,0.02367016,0.01561445,0.01002043,0.00622,0.0036647,0.00196642,0.00085754,0.00021593,0.0003959,0.0006575,0.00081216,0.00088865
Gram_error_fro,2.0,1,10,2,0.0,0.10966864,0.07558803,0.05825542,0.04672134,0.03797405,0.03108682,0.02559502,0.02118348,0.01761566,0.01471032,0.01232835,0.01036303,0.00873223
Gram_error_fro,2.0,1,10,2,0.0,0.09324964,0.06546037,0.05485747,0.04757884,0.04151959,0.0363063,0.03179145,0.02787149,0.02446227,0.02149311,0.01890383,0.01664282,0.01466574
Gram_error_fro,4.0,1,10,2,0.0,0.1034512,0.07717285,0.06527658,0.05664159,0.04942171,0.04322726,0.03787529,0.03323411,0.02919869,0.02568263,0.02261363,0.01993056,0.01758131
Gram_error_fro,0.0,1,10,3,0.0,0.0,0.0,0.0,0.0,0.0,0.0,0.0,0.0,0.0,0.0,0.0,0.0,0.0
Gram_error_fro,2.0,1,10,3,0.0,0.05822875,0.03565242,0.02444921,0.01875222,0.01536047,0.01304197,0.01128394,0.00985447,0.00864154,0.00758763,0.00666093,0.00584204,0.00511764
Gram_error_fro,2.0,1,10,3,0.0,0.06645824,0.03719059,0.02496546,0.0186273,0.01470061,0.01202766,0.01008804,0.00860538,0.00742178,0.00644417,0.00561657,0.00490442,0.00428549
Gram_error_fro,2.0,1,10,3,0.0,0.05649634,0.04464449,0.03418833,0.02665443,0.02108439,0.01683841,0.01354498,0.01096904,0.00894503,0.00734824,0.00608223,0.00507207,0.00425989
Gram_error_fro,2.0,1,10,3,0.0,0.06223023,0.04318138,0.03317175,0.02653018,0.02151081,0.0175939,0.01451756,0.012094,0.01017429,0.00864042,0.00740105,0.00638701,0.0055467
Gram_error_fro,2.0,1,10,3,0.0,0.06591938,0.04250026,0.03012057,0.02277515,0.01771048,0.01397179,0.01114316,0.00898362,0.00732543,0.00604323,0.00504212,0.00425084,0.00361657
Gram_error_fro,2.0,1,10,3,0.0,0.03670197,0.0191188,0.01209146,0.0088124,0.00690163,0.00557124,0.00455142,0.0037398,0.00308728,0.00256235,0.00214054,0.00180158,0.00152855
Gram_error_fro,4.0,1,10,3,0.0,0.05946682,0.03740034,0.02858968,0.02343668,0.01963775,0.01657871,0.01404096,0.01191565,0.01013015,0.00862769,0.00736145,0.00629232,0.00538769
Gram_error_fro,4.0,1,10,3,0.0,0.08141946,0.04397813,0.02407375,0.01457715,0.0099552,0.00767341,0.00646381,0.00571004,0.00514506,0.00466334,0.00422559,0.00381825,0.00343747
Gram_error_fro,2.0,1,10,3,0.0,0.06458619,0.05400481,0.04141998,0.03152541,0.0240217,0.01834144,0.01402872,0.01074411,0.0082372,0.00632244,0.00486111,0.00374862,0.00290541
Gram_error_fro,4.0,1,10,3,0.0,0.09465218,0.07462447,0.06075276,0.05039835,0.04193772,0.03489674,0.02903963,0.02418063,0.02015676,0.0168262,0.01406826,0.01178201,0.00988399
Gram_error_fro,0.0,1,10,3,0.0,0.0,0.0,0.0,0.0,0.0,0.0,0.0,0.0,0.0,0.0,0.0,0.0,0.0
Gram_error_fro,0.0,1,10,3,0.0,0.0,0.0,0.0,0.0,0.0,0.0,0.0,0.0,0.0,0.0,0.0,0.0,0.0
Gram_error_fro,2.0,1,10,3,0.0,0.07357253,0.04221442,0.03088835,0.02470487,0.02029028,0.01681769,0.01399896,0.01168401,0.00977092,0.00818273,0.00685934,0.00575336,0.00482703
Gram_error_fro,2.0,1,10,3,0.0,0.07243898,0.0460014,0.03290803,0.02570421,0.02066783,0.01676736,0.01365355,0.01114406,0.0091125,0.00746228,0.00611786,0.00501977,0.00412102
Gram_error_fro,2.0,2,10,3,0.0,0.08005751,0.06137114,0.04852093,0.04080371,0.03598624,0.0329423,0.03104179,0.02988371,0.02920268,0.02882412,0.02863483,0.02856225,0.0285601
Gram_error_fro,2.0,1,10,3,0.0,0.02711615,0.01852917,0.01406391,0.01111593,0.00911305,0.00765925,0.00652997,0.00561078,0.00484226,0.00419034,0.00363279,0.0031535,0.00273995
Gram_error_fro,4.0,1,10,3,0.0,0.07962979,0.0670019,0.05362729,0.04255034,0.03403754,0.02761729,0.02274254,0.01897967,0.01601811,0.01364179,0.01170099,0.0100913,0.00873895
Gram_error_fro,2.0,1,10,3,0.0,0.06775935,0.04212319,0.02854789,0.02078878,0.01571607,0.01212939,0.00948698,0.00749537,0.00597235,0.00479501,0.00387651,0.003154,0.00258126
Gram_error_fro,2.0,1,10,3,0.0,0.07962979,0.06398861,0.04890538,0.0374409,0.02895432,0.02275186,0.01822746,0.01489726,0.01240114,0.01048409,0.00897157,0.0077467,0.00673186
Gram_error_fro,2.0,1,10,3,0.0,0.0587209,0.05349435,0.04469582,0.03688176,0.03038776,0.02506046,0.02069681,0.01711677,0.01417297,0.01174721,0.00974488,0.00808989,0.00672066
Gram_error_fro,2.0,1,10,3,0.0,0.04880998,0.02338407,0.01321745,0.00869226,0.00632646,0.00490969,0.00396354,0.0032753,0.00274235,0.00231227,0.00195658,0.00165854,0.00140728
Gram_error_fro,0.0,1,10,5,0.0,0.0,0.0,0.0,0.0,0.0,0.0,0.0,0.0,0.0,0.0,0.0,0.0,0.0
Gram_error_fro,2.0,1,10,5,0.0,0.05138701,0.0454911,0.03952915,0.03593049,0.03312719,0.03034177,0.0274615,0.02458829,0.02184042,0.01929828,0.01700159,0.01496001,0.0131643
Gram_error_fro,2.0,1,10,5,0.0,0.06130135,0.05270834,0.04293546,0.03518193,0.02926898,0.02471105,0.02109029,0.01812328,0.01563403,0.01351393,0.01169275,0.01012146,0.00876303
Gram_error_fro,0.0,1,10,5,0.0,0.0,0.0,0.0,0.0,0.0,0.0,0.0,0.0,0.0,0.0,0.0,0.0,0.0
Gram_error_fro,2.0,1,10,5,0.0,0.09255531,0.07538941,0.05524479,0.03942955,0.02791614,0.01978124,0.01412389,0.01022129,0.00753216,0.00566689,0.00435379,0.00340887,0.00271086
Gram_error_fro,2.0,1,10,5,0.0,0.09255531,0.07538941,0.05524479,0.03942955,0.02791614,0.01978124,0.01412389,0.01022129,0.00753216,0.00566689,0.00435379,0.00340887,0.00271086
Gram_error_fro,4.0,1,10,5,0.0,0.10419651,0.08121416,0.05916627,0.04370873,0.03282685,0.02492627,0.01907962,0.01471368,0.01143703,0.00896636,0.00709246,0.00566056,0.00455667
Gram_error_fro,2.0,1,10,5,0.0,0.11624414,0.09151043,0.0665514,0.04872846,0.03613458,0.02710565,0.02055683,0.01576217,0.01222001,0.0095782,0.00758768,0.00607149,0.00490343
Gram_error_fro,2.0,1,10,5,0.0,0.12053666,0.08743154,0.05768521,0.03778184,0.02483839,0.01642033,0.01093651,0.00736212,0.00503093,0.00350696,0.00250433,0.00183625,0.0013818
Gram_error_fro,2.0,1,10,5,0.0,0.0767107,0.05923127,0.04659991,0.04032181,0.03600718,0.03215442,0.02853136,0.02517749,0.0221412,0.01943848,0.01705909,0.01497811,0.01316437
Gram_error_fro,2.0,1,10,5,0.0,0.06130135,0.05270834,0.04293546,0.03518193,0.02926898,0.02471105,0.02109029,0.01812328,0.01563403,0.01351393,0.01169275,0.01012146,0.00876303
Gram_error_fro,0.0,1,10,4,0.0,0.0,0.0,0.0,0.0,0.0,0.0,0.0,0.0,0.0,0.0,0.0,0.0,0.0
Gram_error_fro,2.0,1,10,4,0.0,0.05937767,0.04612915,0.03456292,0.02652616,0.0211768,0.01749208,0.01476414,0.0126067,0.01082651,0.00932378,0.00804064,0.00693858,0.00598905
Gram_error_fro,2.0,1,10,4,0.0,0.0586769,0.04843918,0.03736726,0.02926021,0.02318305,0.01841845,0.01462318,0.01160566,0.00922254,0.00735088,0.00588464,0.00473533,0.00383156
Gram_error_fro,2.0,1,10,4,0.0,0.05700529,0.0373518,0.0245416,0.01666768,0.01201938,0.00928943,0.00759116,0.00641958,0.00552537,0.00479401,0.00417245,0.00363413,0.00316383
Gram_error_fro,2.0,1,10,4,0.0,0.06595872,0.04032097,0.02595563,0.01754365,0.01221168,0.00867709,0.00625846,0.0045627,0.0033519,0.00247582,0.00183588,0.00136522,0.00101733
Gram_error_fro,2.0,1,10,4,0.0,0.05937767,0.04612915,0.03456292,0.02652616,0.0211768,0.01749208,0.01476414,0.0126067,0.01082651,0.00932378,0.00804064,0.00693858,0.00598905
Gram_error_fro,4.0,1,10,4,0.0,0.12961335,0.08523017,0.05211548,0.03241912,0.02098302,0.01426427,0.01020044,0.00763691,0.00593522,0.00474276,0.00386354,0.00318694,0.00264897
Gram_error_fro,4.0,1,10,4,0.0,0.08029397,0.05123701,0.03433328,0.02430527,0.01788168,0.01343915,0.01020491,0.00778936,0.0059665,0.00458556,0.00353725,0.00273966,0.00213101
Gram_error_fro,2.0,1,10,4,0.0,0.05700529,0.0373518,0.0245416,0.01666768,0.01201938,0.00928943,0.00759116,0.00641958,0.00552537,0.00479401,0.00417245,0.00363413,0.00316383
Gram_error_fro,2.0,1,10,4,0.0,0.10981881,0.08103973,0.05461297,0.03800126,0.02807345,0.02185722,0.01763015,0.01452697,0.01212116,0.01019002,0.00860586,0.00728825,0.00618242
Gram_error_fro,2.0,1,10,4,0.0,0.0821894,0.06520176,0.05262442,0.04340274,0.03614391,0.03026212,0.02545766,0.02152088,0.01828232,0.01560264,0.01336969,0.01149508,0.00991014
Gram_error_fro,0.0,1,10,3,0.0,0.0,0.0,0.0,0.0,0.0,0.0,0.0,0.0,0.0,0.0,0.0,0.0,0.0
Gram_error_fro,2.0,1,10,3,0.0,0.03410614,0.02482185,0.02013627,0.01698044,0.01418376,0.01176075,0.00974601,0.00809929,0.00675612,0.00565581,0.00474902,0.00399744,0.00337152
Gram_error_fro,2.0,1,10,3,0.0,0.07400419,0.07696856,0.0705063,0.06127633,0.05203898,0.04385559,0.036958,0.0312557,0.02656548,0.02270027,0.01949791,0.01682654,0.0145819
Gram_error_fro,0.0,1,10,3,0.0,0.0,0.0,0.0,0.0,0.0,0.0,0.0,0.0,0.0,0.0,0.0,0.0,0.0
Gram_error_fro,0.0,1,10,3,0.0,0.0,0.0,0.0,0.0,0.0,0.0,0.0,0.0,0.0,0.0,0.0,0.0,0.0
Gram_error_fro,0.0,1,10,3,0.0,0.0,0.0,0.0,0.0,0.0,0.0,0.0,0.0,0.0,0.0,0.0,0.0,0.0
Gram_error_fro,2.0,1,10,3,0.0,0.07488481,0.04233067,0.02840757,0.02129484,0.01669807,0.01343398,0.01102104,0.00918071,0.00773503,0.00656936,0.00560953,0.00480671,0.00412773
Gram_error_fro,2.0,1,10,3,0.0,0.06062122,0.03576172,0.02272274,0.01611857,0.0124875,0.01012679,0.00837671,0.00699037,0.00586001,0.00492637,0.00415011,0.00350216,0.00295984
Gram_error_fro,2.0,1,10,3,0.0,0.09630959,0.0529314,0.03216826,0.02243668,0.01667829,0.01274734,0.00992328,0.00784955,0.0062998,0.00512029,0.00420585,0.00348456,0.00290688
Gram_error_fro,2.0,1,10,3,0.0,0.07170692,0.05402685,0.04414199,0.03762463,0.03253871,0.02829408,0.02466049,0.02151714,0.01878501,0.01640497,0.01432929,0.01251796,0.01093675
Gram_error_fro,2.0,1,10,3,0.0,0.09630959,0.0529314,0.03216826,0.02243668,0.01667829,0.01274734,0.00992328,0.00784955,0.0062998,0.00512029,0.00420585,0.00348456,0.00290688
Gram_error_fro,0.0,1,10,2,0.0,0.0,0.0,0.0,0.0,0.0,0.0,0.0,0.0,0.0,0.0,0.0,0.0,0.0
Gram_error_fro,2.0,1,10,2,0.0,0.00477166,0.00278261,0.00311535,0.00346493,0.00365007,0.00370126,0.00366309,0.00356685,0.00343288,0.00327486,0.00310242,0.00292255,0.00274039
Gram_error_fro,2.0,1,10,2,0.0,0.04078795,0.03696001,0.03398493,0.031366,0.02899209,0.02682538,0.02483336,0.02299029,0.02127774,0.01968299,0.01819697,0.01681274,0.01552448
Gram_error_fro,2.0,1,10,2,0.0,0.06062325,0.06462813,0.06159538,0.05688197,0.05184784,0.04692166,0.04226663,0.03795174,0.03400142,0.03041506,0.02717777,0.024267,0.02165675
Gram_error_fro,2.0,1,10,2,0.0,0.03035634,0.02538441,0.02211138,0.01931161,0.01689785,0.01483562,0.01307628,0.01156983,0.01027229,0.00914741,0.00816607,0.00730508,0.00654594
Gram_error_fro,2.0,1,10,2,0.0,0.08972042,0.08899093,0.08235223,0.07442279,0.06650406,0.05910269,0.05238042,0.0463578,0.04100039,0.03625359,0.03205718,0.02835172,0.02508144
Gram_error_fro,2.0,1,10,2,0.0,0.072923,0.07151063,0.06377486,0.0555021,0.04790789,0.04125417,0.03552023,0.03060902,0.02641133,0.02282472,0.0197584,0.01713386,0.01488398
Gram_error_fro,2.0,1,10,2,0.0,0.10125897,0.0884707,0.0814335,0.07514593,0.06920941,0.06363153,0.05843751,0.05363656,0.0492227,0.0451798,0.04148592,0.03811622,0.03504486
Gram_error_fro,2.0,1,10,2,0.0,0.11030946,0.09287476,0.07855661,0.06709359,0.05771303,0.0499606,0.04350639,0.03809261,0.03351664,0.02961967,0.02627725,0.02339151,0.02088499
Gram_error_fro,2.0,1,10,2,0.0,0.04078795,0.03696001,0.03398493,0.031366,0.02899209,0.02682538,0.02483336,0.02299029,0.02127774,0.01968299,0.01819697,0.01681274,0.01552448
Gram_error_fro,2.0,1,10,2,0.0,0.07839869,0.07504184,0.0693772,0.06345456,0.05760129,0.05201036,0.04678395,0.04196784,0.03757311,0.03359003,0.02999705,0.02676672,0.02386923
Gram_error_fro,0.0,1,10,1,0.0,0.0,0.0,0.0,0.0,0.0,0.0,0.0,0.0,0.0,0.0,0.0,0.0,0.0
Gram_error_fro,2.0,1,10,1,0.0,0.01422194,0.00648217,0.00253408,0.00019103,0.00125482,0.00209857,0.00253788,0.00271406,0.00272486,0.00263582,0.00248997,0.00231509,0.00212877
Gram_error_fro,0.0,1,10,1,0.0,0.0,0.0,0.0,0.0,0.0,0.0,0.0,0.0,0.0,0.0,0.0,0.0,0.0
Gram_error_fro,0.0,1,10,1,0.0,0.0,0.0,0.0,0.0,0.0,0.0,0.0,0.0,0.0,0.0,0.0,0.0,0.0
Gram_error_fro,0.0,1,10,1,0.0,0.0,0.0,0.0,0.0,0.0,0.0,0.0,0.0,0.0,0.0,0.0,0.0,0.0
Gram_error_fro,0.0,1,10,1,0.0,0.0,0.0,0.0,0.0,0.0,0.0,0.0,0.0,0.0,0.0,0.0,0.0,0.0
Gram_error_fro,4.0,1,10,1,0.0,0.05075397,0.05686777,0.05503899,0.0512521,0.0469454,0.04259169,0.03840392,0.03448797,0.03089111,0.02762585,0.02468437,0.0220477,0.01969156
Gram_error_fro,4.0,1,10,1,0.0,0.02780612,0.01245597,0.01105832,0.00997148,0.00878894,0.00763534,0.00658997,0.00567681,0.00489172,0.00422039,0.00364663,0.00315549,0.00273411
Gram_error_fro,2.0,1,10,1,0.0,0.06680414,0.06653819,0.061456,0.05535905,0.04930218,0.04366118,0.03855929,0.03401413,0.02999786,0.02646435,0.0233621,0.02064045,0.01825232
Gram_error_fro,2.0,1,10,1,0.0,0.01882086,0.00804115,0.00279744,0.00029503,0.00227735,0.0035231,0.00425146,0.00461779,0.00473554,0.00468683,0.00453024,0.00430698,0.00404574
Gram_error_fro,2.0,1,10,1,0.0,0.06950617,0.04689746,0.03590775,0.02867708,0.02323097,0.01896504,0.01557196,0.0128486,0.01064736,0.00885716,0.00739311,0.0061897,0.00519595
Gram_error_fro,0.0,1,10,4,0.0,0.0,0.0,0.0,0.0,0.0,0.0,0.0,0.0,0.0,0.0,0.0,0.0,0.0
Gram_error_fro,2.0,1,10,4,0.0,0.05668505,0.02815788,0.01728282,0.01328801,0.01112407,0.00958499,0.00837031,0.00735973,0.00648923,0.00572357,0.00504329,0.0044369,0.00389657
Gram_error_fro,2.0,1,10,4,0.0,0.07148381,0.05432963,0.04366849,0.03708622,0.0318388,0.02727585,0.02330367,0.01988698,0.01697275,0.0144969,0.01239574,0.01061172,0.00909512
Gram_error_fro,2.0,1,10,4,0.0,0.07294882,0.04768057,0.03011535,0.01992992,0.01374209,0.00978324,0.00715831,0.0053662,0.00410746,0.00319872,0.00252618,0.00201784,0.00162691
Gram_error_fro,2.0,1,10,4,0.0,0.05668505,0.02815788,0.01728282,0.01328801,0.01112407,0.00958499,0.00837031,0.00735973,0.00648923,0.00572357,0.00504329,0.0044369,0.00389657
Gram_error_fro,0.0,1,10,4,0.0,0.0,0.0,0.0,0.0,0.0,0.0,0.0,0.0,0.0,0.0,0.0,0.0,0.0
Gram_error_fro,4.0,1,10,4,0.0,0.06521488,0.04813982,0.03492126,0.0259872,0.01991789,0.0157255,0.01274955,0.01055546,0.00887001,0.00752744,0.00642796,0.0055101,0.00473421
Gram_error_fro,4.0,1,10,4,0.0,0.06620141,0.06195163,0.05183415,0.04202862,0.03377598,0.0271785,0.02199398,0.01792068,0.01469671,0.01212013,0.01004154,0.00835113,0.00696729
Gram_error_fro,4.0,1,10,4,0.0,0.08165625,0.05821042,0.04233948,0.03206824,0.02491242,0.01963982,0.01563575,0.012543,0.01012638,0.00822058,0.00670578,0.0054935,0.00451756
Gram_error_fro,2.0,1,10,4,0.0,0.09889129,0.07051452,0.05299053,0.04279419,0.03563929,0.03003182,0.02543436,0.02159708,0.01836891,0.01564188,0.0133322,0.01137237,0.00970697
Gram_error_fro,2.0,1,10,4,0.0,0.07294882,0.04768057,0.03011535,0.01992992,0.01374209,0.00978324,0.00715831,0.0053662,0.00410746,0.00319872,0.00252618,0.00201784,0.00162691
Gram_error_fro,0.0,1,10,2,0.0,0.0,0.0,0.0,0.0,0.0,0.0,0.0,0.0,0.0,0.0,0.0,0.0,0.0
Gram_error_fro,0.0,1,10,2,0.0,0.0,0.0,0.0,0.0,0.0,0.0,0.0,0.0,0.0,0.0,0.0,0.0,0.0
Gram_error_fro,2.0,1,10,2,0.0,0.04710651,0.03094361,0.02219151,0.01689356,0.01307386,0.01014737,0.00788234,0.00612767,0.00476742,0.00371173,0.00289137,0.00225319,0.00175632
Gram_error_fro,2.0,1,10,2,0.0,0.01164284,0.00580863,0.00278499,0.00211023,0.00210356,0.00204953,0.0018932,0.00168267,0.00145743,0.00124019,0.00104204,0.00086727,0.00071645
Gram_error_fro,2.0,1,10,2,0.0,0.07561686,0.03727846,0.02863283,0.0246589,0.02129157,0.01823401,0.01551088,0.01313263,0.01108249,0.0093297,0.00783904,0.00657585,0.00550823
Gram_error_fro,2.0,1,10,2,0.0,0.01335319,0.00600044,0.00310024,0.00207343,0.00176347,0.00161494,0.00146351,0.00129191,0.00111398,0.0009433,0.00078794,0.00065139,0.00053421
Gram_error_fro,2.0,1,10,2,0.0,0.0715813,0.04837465,0.03858905,0.03247846,0.02747043,0.02325318,0.01971581,0.01674973,0.01425626,0.01215292,0.01037284,0.00886208,0.00757697
Gram_error_fro,2.0,1,10,2,0.0,0.01054932,0.00535074,0.00660278,0.00821989,0.00898211,0.00907392,0.00875106,0.0081964,0.00752791,0.0068191,0.00611465,0.00544082,0.0048121
Gram_error_fro,2.0,1,10,2,0.0,0.06316303,0.0215619,0.00951494,0.00763997,0.00816454,0.00867449,0.00880617,0.00861218,0.00819721,0.00765066,0.00703794,0.00640393,0.00577812
Gram_error_fro,4.0,1,10,2,0.0,0.10602115,0.07512698,0.06312693,0.05482162,0.04761184,0.0412197,0.03560244,0.03070725,0.02646399,0.02279732,0.01963456,0.01690918,0.01456194
Gram_error_fro,0.0,1,10,2,0.0,0.0,0.0,0.0,0.0,0.0,0.0,0.0,0.0,0.0,0.0,0.0,0.0,0.0
Gram_error_fro,0.0,1,10,2,0.0,0.0,0.0,0.0,0.0,0.0,0.0,0.0,0.0,0.0,0.0,0.0,0.0,0.0
Gram_error_fro,2.0,1,10,2,0.0,0.05044124,0.03386816,0.02769905,0.02440438,0.02218488,0.02044085,0.01894682,0.01761072,0.01638981,0.01526125,0.01421127,0.01323084,0.01231361
Gram_error_fro,2.0,1,10,2,0.0,0.04862419,0.02599498,0.01663385,0.01158037,0.00838496,0.0062047,0.00466356,0.00355603,0.00275211,0.00216293,0.0017259,0.0013967,0.00114419
Gram_error_fro,2.0,1,10,2,0.0,0.04552079,0.01056768,0.00305012,0.00162011,0.00148535,0.00152153,0.00152318,0.00147399,0.00138734,0.00127818,0.00115827,0.00103597,0.00091689
Gram_error_fro,2.0,1,10,2,0.0,0.00638646,0.0017023,0.00152603,0.00185054,0.00198466,0.00197077,0.00187217,0.00172984,0.00156842,0.00140271,0.00124146,0.00108972,0.00095015
Gram_error_fro,0.0,1,10,2,0.0,0.0,0.0,0.0,0.0,0.0,0.0,0.0,0.0,0.0,0.0,0.0,0.0,0.0
Gram_error_fro,2.0,1,10,2,0.0,0.038776,0.02165483,0.01332013,0.00861837,0.00576416,0.00398781,0.00287744,0.00218392,0.00174485,0.00145364,0.00124462,0.00108095,0.00094376
Gram_error_fro,2.0,1,10,2,0.0,0.00587826,0.00102954,0.00171844,0.00209824,0.00213494,0.00202988,0.00186641,0.00168127,0.00149303,0.00131182,0.0011431,0.00098954,0.00085202
Gram_error_fro,4.0,1,10,2,0.0,0.07903297,0.06232459,0.05504608,0.05023271,0.046335,0.04285943,0.03965128,0.03666336,0.03387886,0.03128791,0.02888145,0.02664996,0.02458347
Gram_error_fro,2.0,1,10,2,0.0,0.00638646,0.0017023,0.00152603,0.00185054,0.00198466,0.00197077,0.00187217,0.00172984,0.00156842,0.00140271,0.00124146,0.00108972,0.00095015
Gram_error_fro,2.0,1,10,2,0.0,0.02963845,0.01875748,0.01341739,0.01015139,0.00787369,0.00617703,0.00487347,0.00385745,0.0030597,0.00243061,0.00193309,0.00153878,0.00122579
Gram_error_fro,0.0,1,10,1,0.0,0.0,0.0,0.0,0.0,0.0,0.0,0.0,0.0,0.0,0.0,0.0,0.0,0.0
Gram_error_fro,2.0,1,10,1,0.0,0.0459423,0.0370478,0.02987036,0.02393607,0.0190318,0.01505405,0.0118649,0.0093233,0.00730394,0.00570195,0.00443204,0.0034259,0.00262919
Gram_error_fro,2.0,1,10,1,0.0,0.08102608,0.07302036,0.06461663,0.05695675,0.05008191,0.04399429,0.03864572,0.03396558,0.02987794,0.02630966,0.02319377,0.02047059,0.01808777
Gram_error_fro,2.0,1,10,1,0.0,0.0076255,0.0026808,0.00015486,0.00153168,0.00266416,0.00336226,0.00373336,0.00387072,0.0038485,0.00372233,0.00353234,0.00330664,0.00306447
Gram_error_fro,0.0,1,10,1,0.0,0.0,0.0,0.0,0.0,0.0,0.0,0.0,0.0,0.0,0.0,0.0,0.0,0.0
Gram_error_fro,2.0,1,10,1,0.0,0.05528423,0.04041529,0.03336735,0.02799478,0.0234182,0.01953159,0.01627483,0.01356935,0.01133069,0.00947993,0.00794839,0.0066785,0.00562297
Gram_error_fro,4.0,1,10,1,0.0,0.01797052,0.00738798,0.00502423,0.00375665,0.00274442,0.00192437,0.00128792,0.00081174,0.0004652,0.00021871,4.722e-05,6.908e-05,0.00014528
Gram_error_fro,0.0,1,10,1,0.0,0.0,0.0,0.0,0.0,0.0,0.0,0.0,0.0,0.0,0.0,0.0,0.0,0.0
Gram_error_fro,4.0,1,10,1,0.0,0.04456774,0.05206646,0.04704084,0.04108931,0.03564559,0.03086497,0.02671297,0.02312553,0.02003519,0.01737719,0.0150919,0.01312604,0.01143298
Gram_error_fro,2.0,1,10,1,0.0,0.01797052,0.00738798,0.00578265,0.00532225,0.0049153,0.00446058,0.00398862,0.00353132,0.0031071,0.00272379,0.00238289,0.00208251,0.00181923
Gram_error_fro,2.0,1,10,1,0.0,0.01422194,0.00648217,0.00627259,0.00742882,0.00856337,0.00935131,0.00977135,0.00988635,0.0097715,0.00949305,0.00910397,0.00864474,0.00814545
Gram_error_fro,0.0,1,10,2,0.0,0.0,0.0,0.0,0.0,0.0,0.0,0.0,0.0,0.0,0.0,0.0,0.0,0.0
Gram_error_fro,2.0,1,10,2,0.0,0.09189494,0.08374456,0.07095254,0.05922938,0.04926534,0.04102796,0.03427534,0.02874109,0.024192,0.02043749,0.01732518,0.01473389,0.01256717
Gram_error_fro,2.0,1,10,2,0.0,0.0619988,0.03075099,0.02426808,0.02186511,0.02010798,0.01846268,0.01686236,0.01532228,0.01386413,0.01250228,0.01124346,0.01008883,0.00903593
Gram_error_fro,2.0,1,10,2,0.0,0.0308877,0.02363305,0.01850271,0.01437095,0.01117412,0.00877691,0.00701395,0.005734,0.00481097,0.00414371,0.00365366,0.00328242,0.00298879
Gram_error_fro,2.0,1,10,2,0.0,0.09182068,0.08360188,0.0707816,0.05904591,0.04907858,0.04084408,0.03409835,0.02857341,0.02403492,0.02029156,0.01719043,0.01461004,0.01245373
Gram_error_fro,2.0,1,10,2,0.0,0.02989047,0.01635052,0.00726278,0.00186535,0.00303354,0.00527915,0.00663156,0.00731783,0.00755117,0.00748627,0.00723092,0.00685924,0.00642194
Gram_error_fro,2.0,1,10,2,0.0,0.0396767,0.03384407,0.02953522,0.02624689,0.02343015,0.02090584,0.01862311,0.01656405,0.01471504,0.01306088,0.01158504,0.01027076,0.00910184
Gram_error_fro,2.0,1,10,2,0.0,0.09182068,0.08360188,0.0707816,0.05904591,0.04907858,0.04084408,0.03409835,0.02857341,0.02403492,0.02029156,0.01719043,0.01461004,0.01245373
Gram_error_fro,4.0,1,10,2,0.0,0.06991183,0.04617808,0.03447304,0.02715906,0.02198058,0.01809528,0.01508122,0.01268994,0.01076068,0.00918325,0.00787915,0.00679091,0.00587552
Gram_error_fro,2.0,1,10,2,0.0,0.0308877,0.02363305,0.01850271,0.01437095,0.01117412,0.00877691,0.00701395,0.005734,0.00481097,0.00414371,0.00365366,0.00328242,0.00298879
Gram_error_fro,4.0,1,10,2,0.0,0.04717866,0.03339863,0.02406164,0.017685,0.01344035,0.01068838,0.00890097,0.00769262,0.00681561,0.00612609,0.00554636,0.00503627,0.00457561
Gram_error_fro,0.0,1,10,2,0.0,0.0,0.0,0.0,0.0,0.0,0.0,0.0,0.0,0.0,0.0,0.0,0.0,0.0
Gram_error_fro,2.0,1,10,2,0.0,0.04036401,0.02479603,0.01795109,0.01400012,0.0112405,0.00914503,0.00749416,0.00616986,0.00509655,0.00422069,0.00350232,0.00291071,0.00242186
Gram_error_fro,2.0,1,10,2,0.0,0.04398383,0.0273567,0.01989539,0.01571447,0.01291206,0.01084939,0.00924925,0.00796749,0.00691837,0.00604574,0.00531054,0.00468445,0.00414642
Gram_error_fro,2.0,1,10,2,0.0,0.03741439,0.02374561,0.01774154,0.01419569,0.01169132,0.00976663,0.00822445,0.00696249,0.00591756,0.00504566,0.00431394,0.003697,0.00317478
Gram_error_fro,2.0,1,10,2,0.0,0.06966328,0.05149265,0.03815248,0.02869312,0.02170675,0.01649641,0.01259747,0.00966693,0.00745153,0.00576626,0.00447646,0.00348386,0.00271624
Gram_error_fro,2.0,1,10,2,0.0,0.04398383,0.0273567,0.01989539,0.01571447,0.01291206,0.01084939,0.00924925,0.00796749,0.00691837,0.00604574,0.00531054,0.00468445,0.00414642
Gram_error_fro,2.0,1,10,2,0.0,0.04607576,0.03613812,0.0274554,0.02054997,0.01530864,0.01140116,0.00850436,0.00635738,0.00476348,0.00357819,0.00269621,0.00204072,0.00155531
Gram_error_fro,2.0,1,10,2,0.0,0.06804102,0.04540092,0.03200286,0.0233949,0.01744072,0.01325281,0.01030844,0.00823716,0.00676704,0.00570183,0.00490469,0.00428396,0.00378053
Gram_error_fro,4.0,1,10,2,0.0,0.0611471,0.0351513,0.02608279,0.02139357,0.01821581,0.01578133,0.01379549,0.0121147,0.01066029,0.00938567,0.00826113,0.00726597,0.00638456
Gram_error_fro,2.0,1,10,2,0.0,0.00824598,0.01227459,0.01414416,0.01443229,0.01395668,0.0130981,0.0120634,0.01096911,0.00988245,0.00884206,0.00786914,0.00697397,0.00615995
Gram_error_fro,2.0,1,10,2,0.0,0.00303462,0.00085684,0.00149862,0.00327973,0.00442925,0.00503277,0.00523557,0.00516975,0.00493643,0.00460714,0.00423033,0.0038378,0.00344985
Gram_error_fro,0.0,1,10,2,0.0,0.0,0.0,0.0,0.0,0.0,0.0,0.0,0.0,0.0,0.0,0.0,0.0,0.0
Gram_error_fro,2.0,1,10,2,0.0,0.06490124,0.0482895,0.03572337,0.02687341,0.02044747,0.01572695,0.01222491,0.00959667,0.00760026,0.00606628,0.00487531,0.00394208,0.00320486
Gram_error_fro,0.0,1,10,2,0.0,0.0,0.0,0.0,0.0,0.0,0.0,0.0,0.0,0.0,0.0,0.0,0.0,0.0
Gram_error_fro,0.0,1,10,2,0.0,0.0,0.0,0.0,0.0,0.0,0.0,0.0,0.0,0.0,0.0,0.0,0.0,0.0
Gram_error_fro,2.0,1,10,2,0.0,0.0742875,0.0522673,0.03865612,0.02948807,0.02277069,0.01773317,0.01392211,0.01101637,0.00878197,0.00704878,0.00569303,0.00462421,0.00377553
Gram_error_fro,2.0,2,10,2,0.0,0.01309985,0.00674536,0.00427571,0.00462888,0.00615794,0.00783205,0.00940572,0.01083634,0.01212451,0.01327998,0.01431395,0.01523731,0.01606028
Gram_error_fro,2.0,1,10,2,0.0,0.06966328,0.05149265,0.03815248,0.02869312,0.02170675,0.01649641,0.01259747,0.00966693,0.00745153,0.00576626,0.00447646,0.00348386,0.00271624
Gram_error_fro,4.0,1,10,2,0.0,0.06027258,0.06046485,0.05632204,0.05080894,0.0451723,0.03985568,0.03501409,0.030688,0.02686568,0.02351104,0.02057811,0.01801888,0.01578738
Gram_error_fro,2.0,1,10,2,0.0,0.07833362,0.05005211,0.03725757,0.02939487,0.02367399,0.01927083,0.01581208,0.01306523,0.01086397,0.00908448,0.00763385,0.00644207,0.00545612
Gram_error_fro,2.0,1,10,2,0.0,0.13124138,0.08325075,0.05914886,0.0441236,0.03351935,0.02574691,0.01996215,0.01561215,0.01231094,0.00978353,0.00783201,0.00631277,0.00512075
Gram_error_fro,2.0,1,10,2,0.0,0.0742875,0.0522673,0.03865612,0.02948807,0.02277069,0.01773317,0.01392211,0.01101637,0.00878197,0.00704878,0.00569303,0.00462421,0.00377553
Gram_error_fro,0.0,1,10,3,0.0,0.0,0.0,0.0,0.0,0.0,0.0,0.0,0.0,0.0,0.0,0.0,0.0,0.0
Gram_error_fro,2.0,1,10,3,0.0,0.03554786,0.02228244,0.01737527,0.01449394,0.01236583,0.01065161,0.0092205,0.00800524,0.00696351,0.00606528,0.00528767,0.0046125,0.00402499
Gram_error_fro,2.0,2,10,3,0.0,0.06381294,0.05424333,0.04348025,0.03475339,0.02872127,0.0250804,0.02324961,0.02262093,0.02269556,0.02313216,0.02372503,0.02436028,0.02497894
Gram_error_fro,2.0,1,10,3,0.0,0.03554786,0.02228244,0.01737527,0.01449394,0.01236583,0.01065161,0.0092205,0.00800524,0.00696351,0.00606528,0.00528767,0.0046125,0.00402499
Gram_error_fro,0.0,1,10,3,0.0,0.0,0.0,0.0,0.0,0.0,0.0,0.0,0.0,0.0,0.0,0.0,0.0,0.0
Gram_error_fro,2.0,1,10,3,0.0,0.03554786,0.02228244,0.01737527,0.01449394,0.01236583,0.01065161,0.0092205,0.00800524,0.00696351,0.00606528,0.00528767,0.0046125,0.00402499
Gram_error_fro,4.0,1,10,3,0.0,0.10397467,0.07055384,0.05220391,0.0401492,0.0313338,0.02467952,0.01959011,0.01566092,0.01260166,0.01020062,0.00830203,0.00679027,0.00557878
Gram_error_fro,2.0,1,10,3,0.0,0.05946592,0.05156054,0.04083503,0.03183074,0.02496788,0.01983937,0.01598759,0.01305384,0.01078122,0.00899052,0.00755711,0.00639348,0.00543737
Gram_error_fro,4.0,1,10,3,0.0,0.09272378,0.07269116,0.05695381,0.04487082,0.03556857,0.02839497,0.02283492,0.01849407,0.01507739,0.01236594,0.01019709,0.00844937,0.00703138
Gram_error_fro,4.0,1,10,3,0.0,0.09120445,0.07152567,0.05671471,0.04476706,0.03541358,0.02824488,0.02275262,0.01850376,0.01517451,0.01253235,0.01041117,0.00869119,0.00728473
Gram_error_fro,4.0,1,10,3,0.0,0.09747445,0.04840524,0.02624316,0.01675219,0.01196081,0.00903881,0.00702434,0.00554595,0.00442621,0.00356314,0.0028907,0.00236296,0.00194653
Gram_error_fro,0.0,1,10,3,0.0,0.0,0.0,0.0,0.0,0.0,0.0,0.0,0.0,0.0,0.0,0.0,0.0,0.0
Gram_error_fro,2.0,1,10,3,0.0,0.06344342,0.0517111,0.04055513,0.03245643,0.02613075,0.02100438,0.01685482,0.01352655,0.01087306,0.0087608,0.00707668,0.00572958,0.00464801
Gram_error_fro,2.0,1,10,3,0.0,0.05475622,0.04377903,0.03178182,0.0235221,0.01779072,0.01359429,0.01043599,0.00803857,0.006214,0.00482214,0.00375682,0.00293805,0.00230603
Gram_error_fro,2.0,1,10,3,0.0,0.05096597,0.04139879,0.03216246,0.02489016,0.01944264,0.01536398,0.01227023,0.00989201,0.00804404,0.0065955,0.00545118,0.00454022,0.00380913
Gram_error_fro,2.0,1,10,3,0.0,0.05890453,0.04910247,0.03816359,0.02990358,0.02358253,0.01863857,0.01475393,0.01170427,0.0093101,0.00742678,0.00594036,0.00476271,0.00382619
Gram_error_fro,0.0,1,10,3,0.0,0.0,0.0,0.0,0.0,0.0,0.0,0.0,0.0,0.0,0.0,0.0,0.0,0.0
Gram_error_fro,4.0,1,10,3,0.0,0.0892674,0.06064253,0.04175646,0.03091555,0.02424634,0.01957873,0.01599935,0.01313253,0.0107962,0.00887949,0.00730289,0.00600461,0.00493506
Gram_error_fro,4.0,1,10,3,0.0,0.07097772,0.05522544,0.04295517,0.03411383,0.02724677,0.0217433,0.0173243,0.01379616,0.01099277,0.00877024,0.00700839,0.00561002,0.00449802
Gram_error_fro,2.0,1,10,3,0.0,0.05475622,0.04377903,0.03178182,0.0235221,0.01779072,0.01359429,0.01043599,0.00803857,0.006214,0.00482214,0.00375682,0.00293805,0.00230603
Gram_error_fro,2.0,1,10,3,0.0,0.12009171,0.07672672,0.0497423,0.03742133,0.03156235,0.02798419,0.02521876,0.02281959,0.02065111,0.01866732,0.01684833,0.01518211,0.013659
Gram_error_fro,2.0,1,10,3,0.0,0.09436168,0.08265137,0.07361832,0.06447537,0.0556933,0.04781218,0.04100493,0.03522854,0.0303564,0.02624612,0.02276712,0.01980881,0.0172807
Gram_error_fro,0.0,1,10,3,0.0,0.0,0.0,0.0,0.0,0.0,0.0,0.0,0.0,0.0,0.0,0.0,0.0,0.0
Gram_error_fro,2.0,1,10,3,0.0,0.01280002,0.01437853,0.01642141,0.01756401,0.01791568,0.0177118,0.01714608,0.01635335,0.0154256,0.01442646,0.01340037,0.01237835,0.01138175
Gram_error_fro,2.0,1,10,3,0.0,0.07903622,0.06704679,0.05548243,0.04661334,0.03985017,0.03451875,0.03017306,0.0265403,0.02344913,0.02078565,0.01846967,0.01644195,0.01465706
Gram_error_fro,2.0,1,10,3,0.0,0.06641766,0.05721543,0.04546735,0.03590817,0.02842432,0.02259031,0.0180256,0.01443248,0.0115868,0.009321,0.0075091,0.00605537,0.00488614
Gram_error_fro,2.0,1,10,3,0.0,0.05768443,0.034464,0.02555779,0.02032896,0.01643931,0.01335924,0.01088112,0.00887751,0.00725417,0.00593699,0.00486666,0.00399548,0.00328512
Gram_error_fro,2.0,1,10,3,0.0,0.07315308,0.06330409,0.05368415,0.04659161,0.04087512,0.03601549,0.03181764,0.0281691,0.02498181,0.02218365,0.01971638,0.01753332,0.01559672
Gram_error_fro,2.0,1,10,3,0.0,0.0966776,0.05838023,0.04515554,0.03720111,0.0306848,0.02519228,0.02062322,0.01686275,0.01378542,0.01127353,0.00922481,0.00755365,0.00618965
Gram_error_fro,2.0,1,10,3,0.0,0.09500409,0.05194279,0.03385095,0.026544,0.02253997,0.01966939,0.01732999,0.01532445,0.01356952,0.01202,0.01064609,0.00942547,0.00834012
Gram_error_fro,2.0,1,10,3,0.0,0.08338236,0.05276214,0.03778805,0.03112026,0.02726873,0.02444972,0.02211244,0.02006059,0.01821098,0.01652311,0.01497487,0.01355269,0.01224703
Gram_error_fro,2.0,1,10,3,0.0,0.06133336,0.05388146,0.04504678,0.03728581,0.0307928,0.0254479,0.02106152,0.01745487,0.01447984,0.01201841,0.00997714,0.00828161,0.00687198
Gram_error_fro,2.0,1,10,3,0.0,0.05489339,0.0517365,0.04430586,0.03709014,0.0307512,0.0253827,0.02090975,0.01720986,0.01415862,0.0116451,0.00957523,0.00787087,0.0064676
Gram_error_fro,0.0,1,10,2,0.0,0.0,0.0,0.0,0.0,0.0,0.0,0.0,0.0,0.0,0.0,0.0,0.0,0.0
Gram_error_fro,2.0,1,10,2,0.0,0.07079695,0.04507721,0.03376902,0.02630076,0.02072933,0.01645809,0.01315344,0.01057978,0.00856111,0.00696519,0.00569308,0.00467098,0.00384374
Gram_error_fro,2.0,1,10,2,0.0,0.01284652,0.00763288,0.00404148,0.0018498,0.0005191,0.00034168,0.00075617,0.00096188,0.00103172,0.00102123,0.00096594,0.00088788,0.00080048
Gram_error_fro,2.0,1,10,2,0.0,0.0625217,0.06767989,0.06396054,0.05814401,0.05203387,0.04620531,0.0408502,0.03602262,0.03171831,0.02790618,0.02454349,0.02158406,0.01898261
Gram_error_fro,2.0,1,10,2,0.0,0.01284652,0.00763288,0.00404148,0.0018498,0.0005191,0.00034168,0.00075617,0.00096188,0.00103172,0.00102123,0.00096594,0.00088788,0.00080048
Gram_error_fro,2.0,1,10,2,0.0,0.03448744,0.02467918,0.02116965,0.01888493,0.0170444,0.01543145,0.01397462,0.01264622,0.01143199,0.01032205,0.00930829,0.00838349,0.00754107
Gram_error_fro,2.0,1,10,2,0.0,0.0713425,0.0397719,0.02786341,0.02090304,0.01602613,0.01242267,0.00970519,0.00762974,0.00602836,0.00478208,0.00380523,0.00303517,0.00242539
Gram_error_fro,2.0,1,10,2,0.0,0.07929964,0.06340229,0.05385388,0.04588773,0.03913484,0.03343532,0.02862691,0.02456094,0.02111155,0.01817545,0.01566857,0.01352238,0.01168068
Gram_error_fro,4.0,1,10,2,0.0,0.0438513,0.02616262,0.0194402,0.01810989,0.01846869,0.01891713,0.01900625,0.01870598,0.01809888,0.0172801,0.01632997,0.01530976,0.01426393
Gram_error_fro,4.0,1,10,2,0.0,0.08980231,0.06021659,0.04656529,0.03968115,0.03584324,0.03337984,0.03149651,0.0298339,0.0282448,0.0266794,0.02512949,0.02360267,0.02211085
Gram_error_fro,4.0,1,10,2,0.0,0.05957211,0.02589287,0.0189279,0.01617572,0.01411692,0.01233455,0.01076754,0.00939432,0.0081948,0.00714813,0.00623443,0.00543593,0.00473732
Gram_error_fro,0.0,1,10,3,0.0,0.0,0.0,0.0,0.0,0.0,0.0,0.0,0.0,0.0,0.0,0.0,0.0,0.0
Gram_error_fro,2.0,1,10,3,0.0,0.06248699,0.03125477,0.01678065,0.01073387,0.00793517,0.0064007,0.00540891,0.00468259,0.0041044,0.00361975,0.00320115,0.00283368,0.00250847
Gram_error_fro,2.0,1,10,3,0.0,0.0584362,0.04810075,0.03880271,0.03195943,0.0264183,0.02181422,0.0179993,0.0148524,0.01226095,0.01012646,0.00836662,0.00691404,0.00571396
Gram_error_fro,2.0,1,10,3,0.0,0.05250513,0.03151087,0.02003316,0.01381081,0.0101833,0.00798984,0.00661171,0.00568397,0.00499745,0.00444124,0.00396091,0.00353156,0.00314231
Gram_error_fro,2.0,1,10,3,0.0,0.04820966,0.03078841,0.0222751,0.01732316,0.0138691,0.01124867,0.00918776,0.00753783,0.00620306,0.00511575,0.00422576,0.00349481,0.00289305
Gram_error_fro,2.0,1,10,3,0.0,0.05304678,0.02697791,0.01603243,0.0103857,0.00699051,0.00479971,0.00335064,0.00238776,0.00174937,0.00132651,0.00104412,0.00085083,0.00071272
Gram_error_fro,2.0,1,10,3,0.0,0.05774514,0.04813642,0.0408833,0.03480276,0.02961903,0.02519926,0.02143468,0.01822981,0.01550182,0.01317989,0.01120381,0.00952243,0.00809225
Gram_error_fro,2.0,1,10,3,0.0,0.01051531,0.01261701,0.01153776,0.0093159,0.00721105,0.00550659,0.00419328,0.00319888,0.00245119,0.00189089,0.00147159,0.00115754,0.00092139
Gram_error_fro,2.0,1,10,3,0.0,0.05191839,0.04314959,0.0328744,0.02497143,0.01923524,0.01504149,0.0119073,0.00951111,0.00764384,0.00616762,0.00498869,0.00404091,0.00327581
Gram_error_fro,0.0,1,10,3,0.0,0.0,0.0,0.0,0.0,0.0,0.0,0.0,0.0,0.0,0.0,0.0,0.0,0.0
Gram_error_fro,2.0,1,10,3,0.0,0.06115441,0.03867437,0.03030884,0.02554911,0.02173937,0.01842937,0.01554463,0.01305466,0.01092508,0.00911667,0.00758943,0.00630524,0.00522932
Gram_error_fro,0.0,1,10,1,0.0,0.0,0.0,0.0,0.0,0.0,0.0,0.0,0.0,0.0,0.0,0.0,0.0,0.0
Gram_error_fro,2.0,1,10,1,0.0,0.05241323,0.02842996,0.02235628,0.01933533,0.01708131,0.0151467,0.01342822,0.0118936,0.01052468,0.00930612,0.00822345,0.00726301,0.00641204
Gram_error_fro,0.0,1,10,1,0.0,0.0,0.0,0.0,0.0,0.0,0.0,0.0,0.0,0.0,0.0,0.0,0.0,0.0
Gram_error_fro,0.0,1,10,1,0.0,0.0,0.0,0.0,0.0,0.0,0.0,0.0,0.0,0.0,0.0,0.0,0.0,0.0
Gram_error_fro,0.0,1,10,1,0.0,0.0,0.0,0.0,0.0,0.0,0.0,0.0,0.0,0.0,0.0,0.0,0.0,0.0
Gram_error_fro,2.0,1,10,1,0.0,0.00257779,0.00055666,0.00031462,0.00025206,0.0002123,0.00017967,0.0001527,0.00013039,0.00011176,9.604e-05,8.269e-05,7.129e-05,6.151e-05
Gram_error_fro,2.0,1,10,1,0.0,0.00044249,0.00016869,0.00026946,0.00032034,0.0003301,0.00032269,0.00030862,0.00029169,0.00027343,0.00025466,0.00023591,0.00021756,0.00019986
Gram_error_fro,2.0,1,10,1,0.0,0.04057225,0.02442535,0.0191149,0.01592419,0.01350498,0.01153094,0.00987441,0.00846735,0.00726558,0.00623657,0.00535448,0.00459792,0.00394884
Gram_error_fro,2.0,1,10,1,0.0,0.00044249,0.00016869,0.00026946,0.00032034,0.0003301,0.00032269,0.00030862,0.00029169,0.00027343,0.00025466,0.00023591,0.00021756,0.00019986
Gram_error_fro,4.0,1,10,1,0.0,0.03352639,0.02187321,0.01638005,0.01296094,0.01054658,0.00871341,0.00725775,0.00607274,0.00509526,0.00428314,0.00360553,0.00303851,0.00256304
Gram_error_fro,2.0,1,10,1,0.0,0.00257779,0.00055666,0.00031462,0.00025206,0.0002123,0.00017967,0.0001527,0.00013039,0.00011176,9.604e-05,8.269e-05,7.129e-05,6.151e-05
Gram_error_fro,0.0,1,10,4,0.0,0.0,0.0,0.0,0.0,0.0,0.0,0.0,0.0,0.0,0.0,0.0,0.0,0.0
Gram_error_fro,2.0,1,10,4,0.0,0.04720228,0.03221868,0.02672159,0.02337529,0.02069716,0.01830925,0.01613066,0.01415323,0.01237725,0.01079743,0.00940252,0.00817759,0.00710612
Gram_error_fro,0.0,1,10,4,0.0,0.07057049,0.04913492,0.03218737,0.02131971,0.01438636,0.00987858,0.00688859,0.0048703,0.00348743,0.00252753,0.00185339,0.00137473,0.00103126
Gram_error_fro,2.0,1,10,4,0.0,0.06671293,0.04705741,0.03508582,0.0263328,0.01968784,0.01474798,0.01113612,0.00851086,0.00659771,0.00519092,0.00414226,0.00334754,0.00273458
Gram_error_fro,2.0,1,10,4,0.0,0.06655927,0.05319927,0.03846438,0.02764062,0.02007851,0.01477679,0.01101511,0.00831759,0.00636716,0.00494682,0.00390454,0.00313228,0.00255287
Gram_error_fro,2.0,1,10,4,0.0,0.04694609,0.03938099,0.03339505,0.02862103,0.02455706,0.02102311,0.01795915,0.01532361,0.01307049,0.01115079,0.0095172,0.00812699,0.00694306
Gram_error_fro,2.0,1,10,4,0.0,0.04720228,0.03221868,0.02672159,0.02337529,0.02069716,0.01830925,0.01613066,0.01415323,0.01237725,0.01079743,0.00940252,0.00817759,0.00710612
Gram_error_fro,4.0,1,10,4,0.0,0.04649011,0.03757437,0.03064427,0.0259711,0.02250386,0.01959936,0.01703853,0.01476663,0.0127658,0.01101803,0.00950029,0.00818705,0.00705306
Gram_error_fro,2.0,1,10,4,0.0,0.07153695,0.06247204,0.0498459,0.03916565,0.03064197,0.0239433,0.01872167,0.01467194,0.01153854,0.00911403,0.00723415,0.00577134,0.00462776
Gram_error_fro,2.0,1,10,4,0.0,0.05988567,0.02976001,0.014333,0.00791129,0.00536341,0.00418929,0.00341968,0.00279601,0.00227161,0.00184027,0.00149616,0.00122845,0.00102332
Gram_error_fro,4.0,1,10,4,0.0,0.14047314,0.10485216,0.07367507,0.05349547,0.04040939,0.03155005,0.02526517,0.02061968,0.01706934,0.01428349,0.01205184,0.01023476,0.00873596
Gram_error_fro,0.0,1,10,2,0.0,0.0,0.0,0.0,0.0,0.0,0.0,0.0,0.0,0.0,0.0,0.0,0.0,0.0
Gram_error_fro,2.0,1,10,2,0.0,0.02963845,0.01875748,0.01341739,0.01015139,0.00787369,0.00617703,0.00487347,0.00385745,0.0030597,0.00243061,0.00193309,0.00153878,0.00122579
Gram_error_fro,0.0,1,10,2,0.0,0.0,0.0,0.0,0.0,0.0,0.0,0.0,0.0,0.0,0.0,0.0,0.0,0.0
Gram_error_fro,2.0,1,10,2,0.0,0.05044124,0.03386816,0.02769905,0.02440438,0.02218488,0.02044085,0.01894682,0.01761072,0.01638981,0.01526125,0.01421127,0.01323084,0.01231361
Gram_error_fro,2.0,1,10,2,0.0,0.03907304,0.02893518,0.02303168,0.01880782,0.01558465,0.0130191,0.01092535,0.00919401,0.00775223,0.00654648,0.00553513,0.00468487,0.00396866
Gram_error_fro,0.0,1,10,2,0.0,0.0,0.0,0.0,0.0,0.0,0.0,0.0,0.0,0.0,0.0,0.0,0.0,0.0
Gram_error_fro,4.0,2,10,2,0.0,0.05965139,0.03841379,0.03056516,0.02674735,0.02460011,0.02330288,0.02249864,0.02200385,0.02171063,0.02155007,0.02147637,0.02145857,0.02147566
Gram_error_fro,2.0,1,10,2,0.0,0.02385735,0.01230009,0.0086768,0.00681515,0.00553292,0.00454238,0.00374888,0.00310581,0.00258202,0.0021539,0.00180289,0.00151421,0.00127603
Gram_error_fro,4.0,1,10,2,0.0,0.03414157,0.0193327,0.01226309,0.00842607,0.00619241,0.00481426,0.00390744,0.00326682,0.00278186,0.00239328,0.00206931,0.0017926,0.00155319
Gram_error_fro,4.0,1,10,2,0.0,0.04754661,0.03304217,0.02601332,0.02147282,0.0181468,0.01553503,0.01339681,0.01160355,0.01007851,0.00877058,0.00764267,0.00666627,0.00581869
Gram_error_fro,4.0,1,10,2,0.0,0.06755636,0.04743664,0.03717459,0.03036327,0.02524865,0.02118423,0.01786765,0.015126,0.01284245,0.0109302,0.00932182,0.0079639,0.00681369
Gram_error_fro,0.0,1,10,3,0.0,0.0,0.0,0.0,0.0,0.0,0.0,0.0,0.0,0.0,0.0,0.0,0.0,0.0
Gram_error_fro,0.0,1,10,3,0.0,0.0,0.0,0.0,0.0,0.0,0.0,0.0,0.0,0.0,0.0,0.0,0.0,0.0
Gram_error_fro,0.0,1,10,3,0.0,0.0,0.0,0.0,0.0,0.0,0.0,0.0,0.0,0.0,0.0,0.0,0.0,0.0
Gram_error_fro,2.0,1,10,3,0.0,0.05045166,0.03134847,0.0238525,0.01942427,0.01611548,0.01346196,0.01129448,0.00951415,0.00804686,0.00683303,0.00582441,0.00498213,0.00427512
Gram_error_fro,2.0,1,10,3,0.0,0.05045166,0.03134847,0.0238525,0.01942427,0.01611548,0.01346196,0.01129448,0.00951415,0.00804686,0.00683303,0.00582441,0.00498213,0.00427512
Gram_error_fro,2.0,1,10,3,0.0,0.05674428,0.0596724,0.05614607,0.0507421,0.04488986,0.03926754,0.03415453,0.02962681,0.02566924,0.02223143,0.0192532,0.01667559,0.014445
Gram_error_fro,4.0,1,10,3,0.0,0.10881452,0.09701193,0.08160267,0.06792986,0.05649656,0.04709426,0.03939713,0.03309405,0.02791832,0.02365079,0.02011504,0.01717056,0.01470595
Gram_error_fro,2.0,1,10,3,0.0,0.00807997,0.00614955,0.00483053,0.00370462,0.00277953,0.00204312,0.00147064,0.0010347,0.00071016,0.00047686,0.00032129,0.00023594,0.00020894
Gram_error_fro,2.0,1,10,3,0.0,0.00807997,0.00614955,0.00483053,0.00370462,0.00277953,0.00204312,0.00147064,0.0010347,0.00071016,0.00047686,0.00032129,0.00023594,0.00020894
Gram_error_fro,2.0,1,10,3,0.0,0.10662223,0.08353531,0.0664883,0.0542824,0.0449798,0.03764539,0.03175054,0.02694875,0.0229947,0.019708,0.0169533,0.0146276,0.0126516
Gram_error_fro,4.0,1,10,3,0.0,0.08892869,0.08076163,0.07037968,0.06066173,0.05192084,0.0442673,0.03768217,0.03207102,0.0273121,0.02328299,0.01987211,0.01698231,0.0145309
Gram_error_fro,0.0,1,10,3,0.0,0.0,0.0,0.0,0.0,0.0,0.0,0.0,0.0,0.0,0.0,0.0,0.0,0.0
Gram_error_fro,2.0,1,10,3,0.0,0.0359885,0.02885197,0.02363969,0.01965197,0.01654469,0.01404709,0.01198482,0.01025311,0.00878581,0.00753689,0.00647128,0.00556076,0.0047819
Gram_error_fro,0.0,1,10,3,0.0,0.0,0.0,0.0,0.0,0.0,0.0,0.0,0.0,0.0,0.0,0.0,0.0,0.0
Gram_error_fro,2.0,1,10,3,0.0,0.08659553,0.07227346,0.05847628,0.0473359,0.03844578,0.03135757,0.02569196,0.02114332,0.01747237,0.01449409,0.0120656,0.01007613,0.00843927
Gram_error_fro,2.0,2,10,3,0.0,0.06381294,0.05424333,0.04348025,0.03475339,0.02872127,0.0250804,0.02324961,0.02262093,0.02269556,0.02313216,0.02372503,0.02436028,0.02497894
Gram_error_fro,2.0,1,10,3,0.0,0.03554786,0.02228244,0.01737527,0.01449394,0.01236583,0.01065161,0.0092205,0.00800524,0.00696351,0.00606528,0.00528767,0.0046125,0.00402499
Gram_error_fro,4.0,2,10,3,0.0,0.07248711,0.05602805,0.04395774,0.03554619,0.03015873,0.02699611,0.02532975,0.0246034,0.02443549,0.02458226,0.02489472,0.02528407,0.02569836
Gram_error_fro,2.0,2,10,3,0.0,0.064508,0.04832904,0.03824689,0.03200691,0.02809253,0.02576148,0.02453,0.0240326,0.02399639,0.02423013,0.02460762,0.02504937,0.02550723
Gram_error_fro,2.0,1,10,3,0.0,0.02393945,0.01327096,0.00885548,0.00634244,0.00470275,0.00361644,0.00290489,0.00244201,0.00213555,0.00192119,0.00175778,0.00162132,0.00149893
Gram_error_fro,2.0,1,10,3,0.0,0.08438216,0.06409027,0.0496433,0.03937921,0.03160217,0.02554989,0.02078541,0.01700703,0.01399105,0.0115681,0.00960914,0.00801548,0.00671136
Gram_error_fro,2.0,1,10,3,0.0,0.03321242,0.02275267,0.01918935,0.01683072,0.0148628,0.01318409,0.0117396,0.01048123,0.00937246,0.00838743,0.00750782,0.00672004,0.00601348
Gram_error_fro,0.0,1,10,2,0.0,0.0,0.0,0.0,0.0,0.0,0.0,0.0,0.0,0.0,0.0,0.0,0.0,0.0
Gram_error_fro,2.0,1,10,2,0.0,0.03872933,0.03404004,0.02862003,0.02355606,0.01919935,0.01558942,0.01264404,0.01025419,0.00831805,0.00674943,0.00547789,0.00444648,0.00360939
Gram_error_fro,2.0,1,10,2,0.0,0.02351567,0.01061646,0.00454728,0.00253908,0.00380337,0.00519711,0.00614922,0.00671742,0.00699762,0.00706912,0.006992,0.00681088,0.00655883
Gram_error_fro,0.0,1,10,2,0.0,0.0,0.0,0.0,0.0,0.0,0.0,0.0,0.0,0.0,0.0,0.0,0.0,0.0
Gram_error_fro,2.0,1,10,2,0.0,0.03920275,0.03170864,0.02532777,0.02039646,0.01655718,0.01352723,0.01110401,0.00914592,0.0075516,0.00624607,0.00517242,0.00428659,0.00355395
Gram_error_fro,2.0,1,10,2,0.0,0.0601874,0.03987423,0.02994222,0.02348918,0.0187074,0.01502598,0.01214718,0.00987193,0.00805737,0.00659881,0.00541857,0.00445831,0.00367358
Gram_error_fro,2.0,1,10,2,0.0,0.04867341,0.03491569,0.02544458,0.01891971,0.01429293,0.01094898,0.00849035,0.00665452,0.00526451,0.00419861,0.00337175,0.00272362,0.00221088
Gram_error_fro,2.0,1,10,2,0.0,0.04705793,0.03495716,0.02732543,0.02183751,0.01760199,0.0142684,0.01162066,0.00950203,0.00779514,0.00641149,0.00528391,0.004361,0.00360297
Gram_error_fro,2.0,1,10,2,0.0,0.08987323,0.0893519,0.08266218,0.07460842,0.06655156,0.05901805,0.05217906,0.04605957,0.04062624,0.0358234,0.03158861,0.02785975,0.02457837
Gram_error_fro,2.0,1,10,2,0.0,0.10989881,0.06635807,0.0476242,0.03631085,0.02822602,0.02214384,0.01748094,0.01386987,0.01105296,0.00884218,0.00709774,0.00571462,0.00461321
Gram_error_fro,2.0,1,10,2,0.0,0.0449258,0.03432845,0.02664861,0.02091995,0.01650935,0.01308139,0.0104022,0.00829729,0.00663506,0.00531609,0.00426509,0.00342467,0.00275084
Gram_error_fro,0.0,1,10,2,0.0,0.0,0.0,0.0,0.0,0.0,0.0,0.0,0.0,0.0,0.0,0.0,0.0,0.0
Gram_error_fro,2.0,1,10,2,0.0,0.04571789,0.03831574,0.03255463,0.02762415,0.0232617,0.01947143,0.01624205,0.01352535,0.0112557,0.00936552,0.00779302,0.00648478,0.00539595
Gram_error_fro,2.0,1,10,2,0.0,0.04260681,0.02432728,0.01471563,0.00908959,0.00588839,0.00443248,0.00404764,0.00405739,0.00410085,0.00407003,0.00395553,0.0037753,0.00355104
Gram_error_fro,2.0,1,10,2,0.0,0.05735997,0.01647279,0.00692086,0.00490819,0.00398813,0.00324495,0.00260093,0.00205619,0.00160792,0.00124657,0.00095959,0.00073415,0.0005585
Gram_error_fro,2.0,1,10,2,0.0,0.04180368,0.0240267,0.0177567,0.01427234,0.01174816,0.00974247,0.00810235,0.00674857,0.00562676,0.00469492,0.00391943,0.00327305,0.00273363
Gram_error_fro,2.0,1,10,2,0.0,0.03446425,0.02171178,0.0165052,0.01300342,0.01024929,0.0080589,0.00633145,0.00497723,0.00391779,0.0030886,0.00243852,0.00192776,0.00152563
Gram_error_fro,2.0,1,10,2,0.0,0.02482476,0.01506444,0.01101115,0.00797848,0.00578386,0.00425869,0.00321454,0.00249961,0.0020055,0.00165781,0.00140626,0.00121732,0.00106915
Gram_error_fro,2.0,1,10,2,0.0,0.02570992,0.01931308,0.01355756,0.0093574,0.00656493,0.00477004,0.00362956,0.00289966,0.00241639,0.00207568,0.00181609,0.00160377,0.00142112
Gram_error_fro,4.0,1,10,2,0.0,0.05592871,0.03719958,0.02558844,0.01781082,0.01247609,0.00876813,0.0061656,0.00432773,0.0030278,0.00211238,0.00147609,0.00104543,0.00076732
Gram_error_fro,2.0,1,10,2,0.0,0.08860019,0.04020671,0.02985385,0.025359,0.02147987,0.01805386,0.01510716,0.01261032,0.01051084,0.00875259,0.00728325,0.00605681,0.00503387
Gram_error_fro,2.0,1,10,2,0.0,0.11452061,0.08038328,0.0614875,0.0490366,0.03965797,0.03230094,0.02644807,0.02175436,0.01796469,0.01488537,0.0123684,0.01030015,0.00859285
Gram_error_fro,0.0,1,10,2,0.0,0.0,0.0,0.0,0.0,0.0,0.0,0.0,0.0,0.0,0.0,0.0,0.0,0.0
Gram_error_fro,2.0,1,10,2,0.0,0.05195867,0.05338934,0.05242025,0.05048759,0.04798118,0.04516783,0.04222076,0.03925445,0.03634512,0.03354239,0.0308769,0.02836584,0.02601694
Gram_error_fro,2.0,1,10,2,0.0,0.02326665,0.02848813,0.03152365,0.03234899,0.03198411,0.03096528,0.02958517,0.02801189,0.02634853,0.0246613,0.02299355,0.02137356,0.01981929
Gram_error_fro,0.0,1,10,2,0.0,0.0,0.0,0.0,0.0,0.0,0.0,0.0,0.0,0.0,0.0,0.0,0.0,0.0
Gram_error_fro,0.0,1,10,2,0.0,0.0,0.0,0.0,0.0,0.0,0.0,0.0,0.0,0.0,0.0,0.0,0.0,0.0
Gram_error_fro,2.0,1,10,2,0.0,0.05799282,0.0587359,0.05876281,0.05718026,0.05458713,0.0514709,0.04812732,0.04473204,0.04139114,0.03816899,0.03510366,0.03221596,0.0295152
Gram_error_fro,2.0,1,10,2,0.0,0.05195867,0.05338934,0.05242025,0.05048759,0.04798118,0.04516783,0.04222076,0.03925445,0.03634512,0.03354239,0.0308769,0.02836584,0.02601694
Gram_error_fro,4.0,1,10,2,0.0,0.16648753,0.15415796,0.13581306,0.11943133,0.1051565,0.09276005,0.08200284,0.07266024,0.0645319,0.05744459,0.05125068,0.04582492,0.04106113
Gram_error_fro,4.0,1,10,2,0.0,0.0935011,0.09884527,0.09372586,0.08587538,0.0777143,0.07001524,0.06298584,0.05664402,0.05094833,0.04584153,0.04126498,0.03716333,0.03348596
Gram_error_fro,2.0,1,10,2,0.0,0.07644728,0.06532322,0.055032,0.04668474,0.03990152,0.03432576,0.02968866,0.02579289,0.02249262,0.01967803,0.01726449,0.01518543,0.01338754
Gram_error_fro,4.0,1,10,2,0.0,0.09929561,0.09210257,0.08506748,0.07804618,0.07123139,0.06481025,0.0588527,0.05337123,0.04835434,0.04377976,0.03961991,0.03584484,0.03242398
Gram_error_fro,0.0,1,10,4,0.0,0.0,0.0,0.0,0.0,0.0,0.0,0.0,0.0,0.0,0.0,0.0,0.0,0.0
Gram_error_fro,0.0,1,10,4,0.0,0.0,0.0,0.0,0.0,0.0,0.0,0.0,0.0,0.0,0.0,0.0,0.0,0.0
Gram_error_fro,2.0,1,10,4,0.0,0.05208021,0.04288329,0.03283234,0.0257746,0.02074861,0.01692614,0.01389335,0.01144327,0.00945075,0.00782522,0.00649542,0.00540423,0.00450591
Gram_error_fro,2.0,1,10,4,0.0,0.06438899,0.04981525,0.0402743,0.03315188,0.02735457,0.02252831,0.01850989,0.01518224,0.01244115,0.01019157,0.00834934,0.00684219,0.00560948
Gram_error_fro,2.0,1,10,4,0.0,0.09644505,0.07493258,0.05465626,0.04120803,0.03240967,0.02637409,0.02199271,0.0186515,0.01600335,0.01384279,0.01204186,0.01051687,0.00921066
Gram_error_fro,2.0,1,10,4,0.0,0.02654494,0.02012557,0.01566293,0.01261895,0.01047052,0.00882388,0.00748477,0.00636587,0.00542236,0.00462499,0.00395092,0.0033809,0.0028985
Gram_error_fro,4.0,1,10,4,0.0,0.0997989,0.06009904,0.03529281,0.02140476,0.01375313,0.00953124,0.00712923,0.00565341,0.00464388,0.00388277,0.00327103,0.00276253,0.00233349
Gram_error_fro,4.0,1,10,4,0.0,0.09253026,0.05490236,0.03236974,0.02014549,0.01371528,0.01053992,0.00897528,0.00807035,0.0073973,0.0068015,0.0062372,0.00569551,0.00517811
Gram_error_fro,2.0,1,10,4,0.0,0.07205444,0.04841418,0.03515125,0.02777811,0.02270156,0.01876944,0.01558844,0.01297241,0.01080499,0.0090023,0.00749983,0.00624629,0.00520007
Gram_error_fro,2.0,1,10,4,0.0,0.09052486,0.06652755,0.05069683,0.04010187,0.03223554,0.02605924,0.02111353,0.01713507,0.01393274,0.01135335,0.0092722,0.00758878,0.00622308
Gram_error_fro,2.0,1,10,4,0.0,0.05208021,0.04288329,0.03283234,0.0257746,0.02074861,0.01692614,0.01389335,0.01144327,0.00945075,0.00782522,0.00649542,0.00540423,0.00450591
Gram_error_fro,0.0,1,10,2,0.0,0.0,0.0,0.0,0.0,0.0,0.0,0.0,0.0,0.0,0.0,0.0,0.0,0.0
Gram_error_fro,2.0,1,10,2,0.0,0.00823551,0.00367028,0.00309442,0.00257364,0.0020192,0.00156114,0.0012101,0.00094322,0.00073847,0.00057985,0.00045609,0.00035912,0.00028294
Gram_error_fro,2.0,1,10,2,0.0,0.01060091,0.00504863,0.00195672,0.00063986,0.00047009,0.0006273,0.00069835,0.00069513,0.00064902,0.00058165,0.00050662,0.00043208,0.0003626
Gram_error_fro,2.0,1,10,2,0.0,0.03203382,0.01658197,0.01019832,0.00705836,0.00510777,0.00374281,0.00275362,0.00203018,0.00149926,0.00110862,0.00082055,0.00060769,0.00045018
Gram_error_fro,0.0,1,10,2,0.0,0.0,0.0,0.0,0.0,0.0,0.0,0.0,0.0,0.0,0.0,0.0,0.0,0.0
Gram_error_fro,2.0,1,10,2,0.0,0.0618058,0.04388659,0.03146295,0.02293455,0.01687418,0.01248929,0.00928227,0.0069196,0.00516989,0.00386923,0.00289968,0.00217545,0.00163362
Gram_error_fro,2.0,1,10,2,0.0,0.06004011,0.02172292,0.00875969,0.00390945,0.00176464,0.0008178,0.00067307,0.0008216,0.00093698,0.00098607,0.0009851,0.00095137,0.00089781
Gram_error_fro,0.0,1,10,2,0.0,0.0,0.0,0.0,0.0,0.0,0.0,0.0,0.0,0.0,0.0,0.0,0.0,0.0
Gram_error_fro,4.0,1,10,2,0.0,0.11173717,0.08909354,0.07516463,0.06432763,0.05500746,0.0469479,0.04003049,0.03412612,0.02910081,0.0248286,0.02119729,0.01810968,0.01548272
Gram_error_fro,2.0,1,10,2,0.0,0.00919423,0.00468938,0.00476518,0.00466573,0.00422627,0.00369564,0.00318805,0.00273527,0.00233916,0.00199413,0.00169409,0.00143387,0.00120909
Gram_error_fro,2.0,1,10,2,0.0,0.02840732,0.01812909,0.01468943,0.0118085,0.00934267,0.00732839,0.00572483,0.00446346,0.00347628,0.00270525,0.00210359,0.00163444,0.00126889
Gram_error_fro,0.0,1,10,3,0.0,0.0,0.0,0.0,0.0,0.0,0.0,0.0,0.0,0.0,0.0,0.0,0.0,0.0
Gram_error_fro,2.0,1,10,3,0.0,0.07160806,0.06293014,0.05124895,0.04113779,0.03307554,0.02674785,0.02177318,0.01783567,0.01469396,0.01216722,0.01012004,0.00845032,0.00708037
Gram_error_fro,2.0,1,10,3,0.0,0.08438216,0.06409027,0.0496433,0.03937921,0.03160217,0.02554989,0.02078541,0.01700703,0.01399105,0.0115681,0.00960914,0.00801548,0.00671136
Gram_error_fro,2.0,2,10,3,0.0,0.064508,0.04832904,0.03824689,0.03200691,0.02809253,0.02576148,0.02453,0.0240326,0.02399639,0.02423013,0.02460762,0.02504937,0.02550723
Gram_error_fro,2.0,1,10,3,0.0,0.07612862,0.0488982,0.03473003,0.02606823,0.0199994,0.01554648,0.01221621,0.00969286,0.00775863,0.00625979,0.00508652,0.00415949,0.00342078
Gram_error_fro,0.0,1,10,3,0.0,0.0,0.0,0.0,0.0,0.0,0.0,0.0,0.0,0.0,0.0,0.0,0.0,0.0
Gram_error_fro,2.0,1,10,3,0.0,0.03290043,0.01675447,0.01122426,0.00851974,0.00683798,0.0056942,0.00487407,0.00425753,0.00377223,0.00337366,0.00303439,0.0027375,0.00247256
Gram_error_fro,2.0,2,10,3,0.0,0.0411273,0.02639575,0.02335164,0.02277251,0.02285329,0.02319675,0.02365213,0.02414664,0.02464291,0.02512148,0.02557239,0.02599091,0.0263753
Gram_error_fro,0.0,1,10,3,0.0,0.08774278,0.05819494,0.04260934,0.03308798,0.02637855,0.02134937,0.01746655,0.01441272,0.01197648,0.01000972,0.00840583,0.00708661,0.00599367
Gram_error_fro,4.0,1,10,3,0.0,0.09426947,0.06099168,0.04727783,0.03898434,0.03266032,0.02750569,0.02323509,0.01968521,0.01673142,0.01426953,0.01221167,0.01048482,0.00902915
Gram_error_fro,0.0,1,10,3,0.0,0.0,0.0,0.0,0.0,0.0,0.0,0.0,0.0,0.0,0.0,0.0,0.0,0.0
Gram_error_fro,0.0,1,10,3,0.0,0.0,0.0,0.0,0.0,0.0,0.0,0.0,0.0,0.0,0.0,0.0,0.0,0.0
Gram_error_fro,0.0,1,10,3,0.0,0.0,0.0,0.0,0.0,0.0,0.0,0.0,0.0,0.0,0.0,0.0,0.0,0.0
Gram_error_fro,2.0,1,10,3,0.0,0.02711615,0.01852917,0.01406391,0.01111593,0.00911305,0.00765925,0.00652997,0.00561078,0.00484226,0.00419034,0.00363279,0.0031535,0.00273995
Gram_error_fro,2.0,1,10,3,0.0,0.06754448,0.05304398,0.04177222,0.03259592,0.02541592,0.01990604,0.01568877,0.01244367,0.00992605,0.00795599,0.0064023,0.00516882,0.00418424
Gram_error_fro,2.0,1,10,3,0.0,0.07851725,0.05639832,0.04018882,0.03000232,0.02318661,0.01836658,0.01482633,0.01215335,0.01009003,0.00846699,0.00716903,0.00611578,0.00524999
Gram_error_fro,2.0,1,10,3,0.0,0.06701641,0.0559835,0.04969735,0.04417562,0.03895431,0.03413794,0.0298185,0.02602071,0.02272135,0.01987221,0.01741629,0.01529722,0.01346392
Gram_error_fro,2.0,1,10,3,0.0,0.07371973,0.05805748,0.04359053,0.03296746,0.02523545,0.0195528,0.01532718,0.01214771,0.00972821,0.00786745,0.00642217,0.00528895,0.00439219
Gram_error_fro,4.0,1,10,3,0.0,0.07035997,0.05690282,0.04376,0.03379891,0.02633644,0.0207182,0.01645199,0.01317443,0.01062366,0.00861405,0.00701425,0.00573018,0.00469312
Gram_error_fro,2.0,1,10,3,0.0,0.07851725,0.05639832,0.04018882,0.03000232,0.02318661,0.01836658,0.01482633,0.01215335,0.01009003,0.00846699,0.00716903,0.00611578,0.00524999
Gram_error_fro,4.0,1,10,3,0.0,0.08269634,0.05870294,0.04821692,0.04234679,0.03812398,0.03459708,0.03145283,0.02858363,0.02594873,0.02352853,0.02130955,0.01927962,0.0174267
Gram_error_fro,0.0,1,10,3,0.0,0.0,0.0,0.0,0.0,0.0,0.0,0.0,0.0,0.0,0.0,0.0,0.0,0.0
Gram_error_fro,0.0,1,10,3,0.0,0.0,0.0,0.0,0.0,0.0,0.0,0.0,0.0,0.0,0.0,0.0,0.0,0.0
Gram_error_fro,2.0,1,10,3,0.0,0.06770006,0.05686678,0.04429575,0.03486703,0.02774228,0.02220717,0.01784808,0.01439202,0.01163799,0.00943277,0.00765903,0.00622675,0.00506657
Gram_error_fro,2.0,1,10,3,0.0,0.05096597,0.04139879,0.03216246,0.02489016,0.01944264,0.01536398,0.01227023,0.00989201,0.00804404,0.0065955,0.00545118,0.00454022,0.00380913
Gram_error_fro,2.0,1,10,3,0.0,0.06770006,0.05686678,0.04429575,0.03486703,0.02774228,0.02220717,0.01784808,0.01439202,0.01163799,0.00943277,0.00765903,0.00622675,0.00506657
Gram_error_fro,2.0,1,10,3,0.0,0.05926563,0.04021716,0.02979027,0.02461809,0.02169994,0.01960201,0.01780535,0.01615888,0.01462723,0.01320453,0.01188981,0.01068122,0.00957531
Gram_error_fro,2.0,1,10,3,0.0,0.07400644,0.04850816,0.03568425,0.02768682,0.0219249,0.01754347,0.01413246,0.01144063,0.00929593,0.00757455,0.00618492,0.00505801,0.00414093
Gram_error_fro,4.0,1,10,3,0.0,0.09334113,0.07145311,0.05231702,0.03947157,0.03069342,0.02433911,0.01952337,0.01576749,0.01278738,0.0103974,0.00846742,0.00690181,0.005628
Gram_error_fro,2.0,1,10,3,0.0,0.03259261,0.02687857,0.02263263,0.01921413,0.01644729,0.0141769,0.01227632,0.01065766,0.00926265,0.00805175,0.00699658,0.00607548,0.00527099
Gram_error_fro,4.0,1,10,3,0.0,0.05705797,0.04456954,0.03327509,0.02527918,0.02007125,0.01673054,0.01450911,0.01291869,0.01167577,0.01062768,0.00969665,0.00884488,0.00805487
Gram_error_fro,4.0,1,10,3,0.0,0.06143244,0.05347925,0.04391622,0.03569135,0.02898507,0.02355166,0.01914223,0.0155587,0.01264473,0.010275,0.00834813,0.00678168,0.00550855
Gram_error_fro,2.0,1,10,3,0.0,0.10509732,0.06091495,0.03214353,0.01742442,0.01034751,0.00697674,0.0052407,0.00418841,0.00344185,0.00285919,0.00238356,0.00198793,0.00165654
Gram_error_fro,0.0,1,10,3,0.0,0.0,0.0,0.0,0.0,0.0,0.0,0.0,0.0,0.0,0.0,0.0,0.0,0.0
Gram_error_fro,2.0,1,10,3,0.0,0.02974352,0.02501373,0.02169352,0.01931392,0.01746546,0.0159046,0.01451407,0.01324309,0.0120703,0.01098606,0.00998493,0.00906269,0.00821529
Gram_error_fro,2.0,1,10,3,0.0,0.00717896,0.00421909,0.00257491,0.00171769,0.00186862,0.0024023,0.00288742,0.00324089,0.00346627,0.00358369,0.00361473,0.00357883,0.00349252
Gram_error_fro,2.0,1,10,3,0.0,0.00717896,0.00421909,0.00257491,0.00171769,0.00186862,0.0024023,0.00288742,0.00324089,0.00346627,0.00358369,0.00361473,0.00357883,0.00349252
Gram_error_fro,2.0,1,10,3,0.0,0.06105103,0.04564634,0.0364542,0.03012743,0.02542981,0.02185794,0.0191162,0.0169943,0.01533265,0.01400904,0.01293113,0.01203049,0.01125754
Gram_error_fro,2.0,1,10,3,0.0,0.03649934,0.02748059,0.02356709,0.02113567,0.01921572,0.01755427,0.01606039,0.01469329,0.01343246,0.01226643,0.0111878,0.01019095,0.00927102
Gram_error_fro,2.0,1,10,3,0.0,0.06207583,0.0424409,0.03322622,0.02787361,0.02396546,0.02088629,0.01839495,0.01634066,0.01461412,0.01313555,0.01184774,0.01071017,0.00969424
Gram_error_fro,4.0,1,10,3,0.0,0.08553495,0.07025193,0.05848174,0.04954898,0.04233726,0.03639566,0.03145093,0.0273001,0.02378708,0.02079172,0.01822126,0.01600334,0.01408079
Gram_error_fro,4.0,1,10,3,0.0,0.09309864,0.07531006,0.06246777,0.05308397,0.04551911,0.0392037,0.03387217,0.02934826,0.02549478,0.02220028,0.01937356,0.01693987,0.01483787
Gram_error_fro,4.0,1,10,3,0.0,0.07937529,0.04878288,0.03416103,0.02612719,0.02094799,0.01738201,0.01484037,0.01296468,0.0115223,0.01036325,0.00939287,0.00855247,0.00780608
Gram_error_fro,2.0,1,10,3,0.0,0.09038018,0.06808775,0.05648199,0.0476651,0.04045481,0.03451101,0.02959483,0.02550715,0.0220859,0.01920241,0.01675565,0.01466635,0.01287204
Gram_error_fro,0.0,1,10,2,0.0,0.0,0.0,0.0,0.0,0.0,0.0,0.0,0.0,0.0,0.0,0.0,0.0,0.0
Gram_error_fro,2.0,1,10,2,0.0,0.01060091,0.00504863,0.00195672,0.00063986,0.00047009,0.0006273,0.00069835,0.00069513,0.00064902,0.00058165,0.00050662,0.00043208,0.0003626
Gram_error_fro,2.0,1,10,2,0.0,0.01060091,0.00504863,0.00195672,0.00063986,0.00047009,0.0006273,0.00069835,0.00069513,0.00064902,0.00058165,0.00050662,0.00043208,0.0003626
Gram_error_fro,2.0,1,10,2,0.0,0.01653698,0.00742305,0.00547375,0.00469994,0.00409796,0.00354294,0.0030341,0.00257921,0.00218044,0.00183548,0.00153974,0.0012878,0.00107422
Gram_error_fro,2.0,1,10,2,0.0,0.07374823,0.06023564,0.05043022,0.04234101,0.03547757,0.02970089,0.02487804,0.02086659,0.0175316,0.014755,0.01243786,0.01049902,0.00887253
Gram_error_fro,2.0,1,10,2,0.0,0.0368106,0.01894366,0.0118602,0.00818968,0.00593783,0.00446073,0.00346295,0.00277199,0.00227863,0.00191321,0.0016318,0.00140703,0.00122187
Gram_error_fro,4.0,1,10,2,0.0,0.08769819,0.07091342,0.05746933,0.04665134,0.0378692,0.03078568,0.02509051,0.02050849,0.01681128,0.01381643,0.01138053,0.00939154,0.00776181
Gram_error_fro,4.0,1,10,2,0.0,0.02857845,0.0201184,0.01393433,0.00991209,0.00741402,0.00574246,0.00453939,0.00362801,0.00291493,0.00234641,0.00188866,0.00151849,0.00121885
Gram_error_fro,2.0,1,10,2,0.0,0.05723679,0.01914415,0.00776922,0.00370962,0.00189607,0.00103564,0.0007228,0.00070179,0.00075342,0.00079437,0.00081057,0.00080471,0.00078207
Gram_error_fro,4.0,1,10,2,0.0,0.06031312,0.02712458,0.0163699,0.01110038,0.00781747,0.00561515,0.00408662,0.00300081,0.00221555,0.00163975,0.00121321,0.00089505,0.0006568
Gram_error_fro,2.0,1,10,2,0.0,0.04104433,0.02932507,0.02129202,0.01555947,0.01143299,0.00845363,0.00628616,0.00469561,0.00351945,0.00264441,0.00199041,0.0015,0.0011314
Gram_error_fro,0.0,1,10,2,0.0,0.0,0.0,0.0,0.0,0.0,0.0,0.0,0.0,0.0,0.0,0.0,0.0,0.0
Gram_error_fro,2.0,1,10,2,0.0,0.08028076,0.07461337,0.06844141,0.06228238,0.05630189,0.05066012,0.04543787,0.04066409,0.03633724,0.03243809,0.02893796,0.02580403,0.02300258
Gram_error_fro,2.0,1,10,2,0.0,0.07537117,0.05838968,0.04688214,0.03849038,0.03203038,0.0269587,0.02291089,0.01962361,0.01690985,0.01463787,0.01271396,0.01107014,0.00965588
Gram_error_fro,2.0,1,10,2,0.0,0.07227094,0.08087099,0.08077986,0.07771067,0.07336214,0.06845348,0.06336469,0.05831992,0.05345379,0.04884383,0.04453019,0.04052872,0.03683983
Gram_error_fro,2.0,1,10,2,0.0,0.05511597,0.03866423,0.02722655,0.01892513,0.0129195,0.00866041,0.00570223,0.00371237,0.00246601,0.00180991,0.00157532,0.0015477,0.00157039
Gram_error_fro,2.0,1,10,2,0.0,0.08999428,0.04486441,0.03004196,0.02372585,0.01954273,0.01623194,0.01349421,0.01121044,0.00930371,0.007713,0.00638734,0.00528382,0.00436626
Gram_error_fro,2.0,1,10,2,0.0,0.07974592,0.0541384,0.0387429,0.02846295,0.02115007,0.01587112,0.01203359,0.00922063,0.007138,0.00557933,0.00439997,0.00349806,0.00280129
Gram_error_fro,4.0,1,10,2,0.0,0.07030994,0.05679995,0.04460409,0.03482127,0.02723391,0.0214065,0.01692178,0.01344858,0.01073907,0.00861039,0.0069274,0.00558938,0.00452056
Gram_error_fro,2.0,1,10,2,0.0,0.09821011,0.05536323,0.03883814,0.02997808,0.02380235,0.01909383,0.01540547,0.01248633,0.01016111,0.00829841,0.0067981,0.00558354,0.00459582
Gram_error_fro,2.0,1,10,2,0.0,0.06331534,0.05091353,0.04193963,0.03444343,0.02816876,0.02301446,0.01882123,0.01541656,0.01264746,0.01038878,0.00854112,0.00702601,0.00578129
Gram_error_fro,0.0,1,10,2,0.0,0.05452921,0.04790875,0.0402957,0.0333665,0.02741956,0.02248056,0.01843577,0.01513574,0.01244143,0.01023678,0.00842848,0.00694226,0.00571886
Gram_error_fro,0.0,1,10,1,0.0,0.0,0.0,0.0,0.0,0.0,0.0,0.0,0.0,0.0,0.0,0.0,0.0,0.0
Gram_error_fro,2.0,1,10,1,0.0,0.085625,0.07457934,0.06425344,0.05506402,0.04702483,0.04013808,0.03430783,0.02939635,0.02526232,0.02177751,0.01883186,0.01633347,0.01420659
Gram_error_fro,0.0,1,10,1,0.0,0.0,0.0,0.0,0.0,0.0,0.0,0.0,0.0,0.0,0.0,0.0,0.0,0.0
Gram_error_fro,2.0,1,10,1,0.0,0.085625,0.07457934,0.06425344,0.05506402,0.04702483,0.04013808,0.03430783,0.02939635,0.02526232,0.02177751,0.01883186,0.01633347,0.01420659
Gram_error_fro,2.0,1,10,1,0.0,0.0133716,0.00582899,0.00562305,0.0060564,0.00633534,0.00640951,0.00632079,0.00611444,0.00582822,0.005492,0.00512863,0.004755,0.0043832
Gram_error_fro,2.0,1,10,1,0.0,0.06957483,0.06490892,0.05375021,0.04354009,0.03506413,0.02824235,0.02280803,0.01848586,0.01504077,0.01228443,0.01006946,0.00828146,0.00683164
Gram_error_fro,4.0,1,10,1,0.0,0.05508362,0.04007231,0.03351553,0.02904146,0.02537024,0.02220315,0.01943793,0.01701947,0.01490572,0.01305979,0.01144847,0.01004194,0.00881375
Gram_error_fro,2.0,1,10,1,0.0,0.04134338,0.03548882,0.03023355,0.0258288,0.02208888,0.01891026,0.01620279,0.01389254,0.01191956,0.01023409,0.00879395,0.00756302,0.00651037
Gram_error_fro,2.0,1,10,1,0.0,0.10801729,0.08793018,0.07294764,0.0607231,0.05052911,0.04212513,0.03524911,0.02963109,0.02502961,0.02124399,0.01811304,0.01550911,0.01333147
Gram_error_fro,2.0,1,10,1,0.0,0.01882086,0.00804115,0.00317234,0.00053988,0.00100925,0.00190803,0.00239371,0.00261479,0.00266761,0.00261539,0.00249985,0.00234855,0.0021796
Gram_error_fro,4.0,1,10,1,0.0,0.0386034,0.03471737,0.02989075,0.0256563,0.02202222,0.01892091,0.01627172,0.01400512,0.0120642,0.01040154,0.00897676,0.00775521,0.00670716
Gram_error_fro,0.0,1,10,2,0.0,0.0,0.0,0.0,0.0,0.0,0.0,0.0,0.0,0.0,0.0,0.0,0.0,0.0
Gram_error_fro,2.0,1,10,2,0.0,0.0086752,0.00462001,0.00465054,0.00533207,0.00577313,0.00588868,0.0057596,0.00547593,0.00510571,0.00469491,0.00427313,0.00385888,0.00346333
Gram_error_fro,0.0,1,10,2,0.0,0.0,0.0,0.0,0.0,0.0,0.0,0.0,0.0,0.0,0.0,0.0,0.0,0.0
Gram_error_fro,2.0,1,10,2,0.0,0.03150499,0.02786683,0.02378511,0.01991721,0.01652945,0.013654,0.0112487,0.00925236,0.00760257,0.00624238,0.00512239,0.00420091,0.00344321
Gram_error_fro,2.0,1,10,2,0.0,0.01076996,0.00512171,0.00404322,0.00397298,0.00394648,0.003796,0.00354499,0.00323936,0.00291395,0.00259084,0.00228296,0.00199729,0.0017371
Gram_error_fro,2.0,1,10,2,0.0,0.07009696,0.06299128,0.05521558,0.04788931,0.04126645,0.03546032,0.03045039,0.02615698,0.02248599,0.01934751,0.01666195,0.01436106,0.01238709
Gram_error_fro,4.0,1,10,2,0.0,0.01254646,0.00613806,0.00713567,0.00847952,0.00910042,0.00910969,0.00873661,0.00815658,0.00748204,0.00678065,0.0060917,0.00543719,0.00482856
Gram_error_fro,4.0,1,10,2,0.0,0.07964122,0.0512516,0.03883705,0.03112843,0.02537826,0.02081096,0.0171108,0.01409388,0.01162707,0.00960582,0.00794635,0.00658123,0.00545621
Gram_error_fro,2.0,1,10,2,0.0,0.06831411,0.05961041,0.05345511,0.04796286,0.0428792,0.03824751,0.03408149,0.0303579,0.02703814,0.02408071,0.02144625,0.01909916,0.01700773
Gram_error_fro,2.0,1,10,2,0.0,0.03492578,0.02083819,0.01386461,0.01030469,0.00857919,0.00771365,0.00716364,0.006696,0.00623401,0.00576287,0.00528819,0.00482008,0.0043678
Gram_error_fro,4.0,1,10,2,0.0,0.00368591,0.01292467,0.01697743,0.01888324,0.01936923,0.01893454,0.01795595,0.01669143,0.01530642,0.01390261,0.01254011,0.01125268,0.01005752
Gram_error_fro,0.0,1,10,3,0.0,0.0,0.0,0.0,0.0,0.0,0.0,0.0,0.0,0.0,0.0,0.0,0.0,0.0
Gram_error_fro,2.0,1,10,3,0.0,0.0400707,0.02629005,0.01642616,0.01082273,0.00772946,0.00587157,0.00461775,0.00369808,0.00299269,0.00243916,0.00199906,0.00164599,0.00136082
Gram_error_fro,2.0,1,10,3,0.0,0.05768604,0.03398438,0.02342515,0.01775666,0.01393903,0.01109427,0.00889776,0.00717768,0.00581987,0.00474127,0.00387952,0.00318727,0.00262831
Gram_error_fro,2.0,1,10,3,0.0,0.04917997,0.01997267,0.0091788,0.00543813,0.00412126,0.00354489,0.003157,0.0028168,0.00249733,0.00219761,0.00192084,0.00166948,0.00144447
Gram_error_fro,0.0,1,10,3,0.0,0.0,0.0,0.0,0.0,0.0,0.0,0.0,0.0,0.0,0.0,0.0,0.0,0.0
Gram_error_fro,2.0,1,10,3,0.0,0.03656714,0.01867923,0.01182555,0.00922762,0.00801288,0.00722355,0.00656781,0.00596086,0.00538202,0.00483032,0.00430987,0.00382499,0.0033786
Gram_error_fro,2.0,1,10,3,0.0,0.05508324,0.03986491,0.02840122,0.02090793,0.0158756,0.01233706,0.00975604,0.0078212,0.00633924,0.00518396,0.00427001,0.0035381,0.00294602
Gram_error_fro,2.0,1,10,3,0.0,0.06502871,0.04741593,0.03387603,0.02472132,0.01835187,0.01380788,0.01051401,0.0080981,0.00630744,0.00496632,0.00395113,0.00317424,0.00257317
Gram_error_fro,4.0,1,10,3,0.0,0.09095702,0.06235499,0.04419583,0.03273322,0.02498468,0.01949416,0.01547874,0.01246866,0.01016361,0.00836499,0.0069384,0.00579106,0.00485755
Gram_error_fro,2.0,1,10,3,0.0,0.03595787,0.02562078,0.02101019,0.01805548,0.01577398,0.01390523,0.01233607,0.0109904,0.00981523,0.00877544,0.00784803,0.00701735,0.00627194
Gram_error_fro,2.0,1,10,3,0.0,0.05768604,0.03398438,0.02342515,0.01775666,0.01393903,0.01109427,0.00889776,0.00717768,0.00581987,0.00474127,0.00387952,0.00318727,0.00262831
Gram_error_fro,0.0,1,10,3,0.0,0.0,0.0,0.0,0.0,0.0,0.0,0.0,0.0,0.0,0.0,0.0,0.0,0.0
Gram_error_fro,2.0,1,10,3,0.0,0.06195307,0.04480646,0.03260514,0.02410692,0.01794864,0.01341399,0.01004968,0.00754212,0.00566719,0.00426209,0.00320737,0.00241475,0.00181858
Gram_error_fro,2.0,1,10,3,0.0,0.00828324,0.00443123,0.00543509,0.00621202,0.00632948,0.00606615,0.00563557,0.00515116,0.00466482,0.00419812,0.00375949,0.00335213,0.00297715
Gram_error_fro,2.0,1,10,3,0.0,0.04596755,0.03381427,0.02379238,0.01673539,0.01189983,0.00853787,0.00615858,0.00445424,0.00322513,0.00233584,0.00169155,0.00122462,0.00088629
Gram_error_fro,2.0,1,10,3,0.0,0.06143339,0.03525344,0.02312834,0.0166219,0.01273934,0.01015772,0.00827529,0.006818,0.00565117,0.00469956,0.00391535,0.00326508,0.00272381
Gram_error_fro,0.0,1,10,3,0.0,0.0,0.0,0.0,0.0,0.0,0.0,0.0,0.0,0.0,0.0,0.0,0.0,0.0
Gram_error_fro,4.0,1,10,3,0.0,0.03018609,0.02302036,0.01897228,0.01527588,0.01235578,0.01010637,0.00834145,0.00692837,0.00578108,0.004841,0.00406564,0.00342283,0.00288759
Gram_error_fro,2.0,1,10,3,0.0,0.06143339,0.03525344,0.02312834,0.0166219,0.01273934,0.01015772,0.00827529,0.006818,0.00565117,0.00469956,0.00391535,0.00326508,0.00272381
Gram_error_fro,0.0,1,10,3,0.0,0.0,0.0,0.0,0.0,0.0,0.0,0.0,0.0,0.0,0.0,0.0,0.0,0.0
Gram_error_fro,4.0,1,10,3,0.0,0.064741,0.04784139,0.03702375,0.03030143,0.02558924,0.02192781,0.01892171,0.01638763,0.01422271,0.01235922,0.01074777,0.00935018,0.0081358
Gram_error_fro,2.0,1,10,3,0.0,0.00828324,0.00443123,0.00543509,0.00621202,0.00632948,0.00606615,0.00563557,0.00515116,0.00466482,0.00419812,0.00375949,0.00335213,0.00297715
Gram_error_fro,0.0,1,10,3,0.0,0.0,0.0,0.0,0.0,0.0,0.0,0.0,0.0,0.0,0.0,0.0,0.0,0.0
Gram_error_fro,2.0,1,10,3,0.0,0.0402306,0.02455887,0.01551008,0.01028147,0.00714267,0.00516905,0.00387647,0.002999,0.00238242,0.00193399,0.00159683,0.00133559,0.00112792
Gram_error_fro,0.0,1,10,3,0.0,0.0,0.0,0.0,0.0,0.0,0.0,0.0,0.0,0.0,0.0,0.0,0.0,0.0
Gram_error_fro,2.0,2,10,3,0.0,0.0617359,0.03429926,0.02490605,0.02276479,0.02269656,0.0231907,0.02382246,0.02446029,0.02505997,0.0256069,0.02609779,0.02653406,0.02691918
Gram_error_fro,2.0,1,10,3,0.0,0.0504374,0.03196339,0.02387725,0.01928517,0.01604863,0.0135298,0.01148397,0.00978876,0.00836882,0.00717142,0.0061569,0.00529422,0.00455853
Gram_error_fro,2.0,1,10,3,0.0,0.04525726,0.03010239,0.02162247,0.01627325,0.01255629,0.00981419,0.00773125,0.00612856,0.00488834,0.00392577,0.00317703,0.00259308,0.00213598
Gram_error_fro,2.0,1,10,3,0.0,0.05131838,0.0281652,0.01594329,0.00996843,0.00708498,0.00549717,0.00443632,0.00363606,0.00300253,0.00249235,0.00207813,0.0017397,0.00146154
Gram_error_fro,4.0,1,10,3,0.0,0.09213593,0.04420407,0.02463346,0.01557433,0.01039599,0.00709362,0.00490528,0.00345233,0.00250843,0.00191938,0.00156745,0.00135912,0.00122682
Gram_error_fro,2.0,1,10,3,0.0,0.05528776,0.03151852,0.02303962,0.01833906,0.01492029,0.0122437,0.01010772,0.00838919,0.00699739,0.00586272,0.00493157,0.00416257,0.00352378
Gram_error_fro,0.0,1,10,3,0.0,0.0,0.0,0.0,0.0,0.0,0.0,0.0,0.0,0.0,0.0,0.0,0.0,0.0
Gram_error_fro,2.0,1,10,3,0.0,0.0934991,0.08432197,0.07382651,0.06461292,0.05635095,0.04902005,0.04259465,0.0370065,0.03216698,0.02798391,0.02437014,0.02124701,0.01854538
Gram_error_fro,0.0,1,10,3,0.0,0.0,0.0,0.0,0.0,0.0,0.0,0.0,0.0,0.0,0.0,0.0,0.0,0.0
Gram_error_fro,2.0,1,10,3,0.0,0.02844444,0.01570217,0.01144088,0.00918418,0.00751834,0.00621604,0.00517875,0.00433713,0.0036439,0.00306735,0.00258532,0.00218132,0.00184238
Gram_error_fro,2.0,1,10,3,0.0,0.05361113,0.02309276,0.01411638,0.01076227,0.00865709,0.00707159,0.00583425,0.00485436,0.00406749,0.00342711,0.00289982,0.00246146,0.00209428
Gram_error_fro,2.0,1,10,3,0.0,0.05093498,0.04106556,0.033861,0.02914267,0.02552018,0.0224517,0.01977968,0.0174412,0.01539229,0.01359495,0.01201581,0.01062609,0.00940116
Gram_error_fro,2.0,1,10,3,0.0,0.0101497,0.01225349,0.01184812,0.01102999,0.0102593,0.00953669,0.00885222,0.00820146,0.00758132,0.00699005,0.0064273,0.0058936,0.00538981
Gram_error_fro,2.0,1,10,3,0.0,0.02852215,0.01958287,0.01322237,0.01014571,0.00888335,0.00818104,0.00753975,0.00685751,0.00615011,0.00545139,0.00478773,0.00417494,0.00362035
Gram_error_fro,4.0,1,10,3,0.0,0.06145569,0.02924045,0.01875669,0.01532942,0.01324288,0.01142175,0.00975989,0.00827345,0.00697288,0.00585329,0.00490019,0.0040949,0.00341791
Gram_error_fro,2.0,1,10,3,0.0,0.05239905,0.03925003,0.02963783,0.02337549,0.01885538,0.01535587,0.01256384,0.01030859,0.00847603,0.00698148,0.00575921,0.00475726,0.00393422
Gram_error_fro,2.0,1,10,3,0.0,0.01916667,0.01518193,0.0141727,0.01277657,0.0110386,0.00931242,0.0077618,0.00643254,0.00531966,0.00439954,0.00364385,0.00302519,0.00251924
Gram_error_fro,2.0,1,10,3,0.0,0.08673009,0.0551471,0.04070498,0.03207247,0.02581621,0.02095191,0.01708166,0.01397402,0.01146559,0.00943246,0.00777837,0.00642794,0.00532182
Gram_error_fro,4.0,1,10,3,0.0,0.06361187,0.02370411,0.00970132,0.00536013,0.00440282,0.00439825,0.00444333,0.00436038,0.00415992,0.00388175,0.00356117,0.00322414,0.00288844
Gram_error_fro,0.0,1,10,1,0.0,0.0,0.0,0.0,0.0,0.0,0.0,0.0,0.0,0.0,0.0,0.0,0.0,0.0
Gram_error_fro,2.0,1,10,1,0.0,0.03343663,0.02195142,0.01608337,0.01254748,0.01010636,0.00827737,0.00684115,0.00568459,0.00474023,0.00396271,0.00331903,0.00278407,0.00233815
Gram_error_fro,2.0,1,10,1,0.0,0.06424036,0.04354856,0.03346201,0.02684943,0.02186732,0.01794964,0.01481342,0.01227619,0.01020851,0.00851416,0.00711943,0.00596686,0.00501108
Gram_error_fro,2.0,1,10,1,0.0,0.03192319,0.0216339,0.01592652,0.0124222,0.00999541,0.00817952,0.00675595,0.00561098,0.00467683,0.00390815,0.00327206,0.0027436,0.00230326
Gram_error_fro,2.0,1,10,1,0.0,0.06424036,0.04354856,0.03599569,0.0305692,0.02591255,0.0218892,0.01845877,0.01556282,0.01313125,0.01109416,0.00938794,0.00795745,0.00675613
Gram_error_fro,0.0,1,10,1,0.0,0.0,0.0,0.0,0.0,0.0,0.0,0.0,0.0,0.0,0.0,0.0,0.0,0.0
Gram_error_fro,2.0,1,10,1,0.0,0.04626984,0.03616058,0.0306094,0.02610971,0.02222123,0.01886754,0.01599771,0.01355741,0.01149109,0.00974561,0.0082726,0.00702951,0.00597973
Gram_error_fro,2.0,1,10,1,0.0,0.00251953,0.00156093,0.00305891,0.00386604,0.00416396,0.00419006,0.00407601,0.00388911,0.00366526,0.00342482,0.00317993,0.00293806,0.00270383
Gram_error_fro,2.0,1,10,1,0.0,0.03343663,0.02195142,0.01608337,0.01254748,0.01010636,0.00827737,0.00684115,0.00568459,0.00474023,0.00396271,0.00331903,0.00278407,0.00233815
Gram_error_fro,4.0,1,10,1,0.0,0.12921627,0.1068985,0.09406888,0.08312318,0.07322462,0.06434564,0.05647096,0.04954203,0.04347488,0.03817663,0.03355536,0.02952522,0.02600875
Gram_error_fro,2.0,1,10,1,0.0,0.00251953,0.00156093,0.00305891,0.00386604,0.00416396,0.00419006,0.00407601,0.00388911,0.00366526,0.00342482,0.00317993,0.00293806,0.00270383
Gram_error_fro,0.0,1,10,5,0.0,0.0,0.0,0.0,0.0,0.0,0.0,0.0,0.0,0.0,0.0,0.0,0.0,0.0
Gram_error_fro,2.0,1,10,5,0.0,0.08216368,0.06853615,0.05479186,0.04333576,0.03401541,0.0265772,0.02074173,0.01622401,0.01275681,0.01010658,0.00807996,0.00652317,0.00531767
Gram_error_fro,2.0,1,10,5,0.0,0.05643259,0.04265763,0.03298954,0.02645475,0.02157589,0.01770703,0.01458001,0.01204622,0.00999421,0.0083308,0.00697808,0.00587253,0.00496358
Gram_error_fro,2.0,1,10,5,0.0,0.09002218,0.07541546,0.05941014,0.04647284,0.03624219,0.02823279,0.02202636,0.01725423,0.01359954,0.01080081,0.00865006,0.00698652,0.00568864
Gram_error_fro,2.0,1,10,5,0.0,0.08226775,0.07409997,0.0581462,0.04423901,0.03337533,0.0251455,0.01898373,0.01439308,0.01097797,0.00843512,0.00653632,0.00511171,0.00403587
Gram_error_fro,2.0,1,10,5,0.0,0.09238842,0.0691623,0.04566496,0.03043455,0.02111662,0.01527779,0.01144616,0.00881348,0.00693342,0.00554844,0.0045019,0.00369395,0.00305858
Gram_error_fro,2.0,1,10,5,0.0,0.09935351,0.06628039,0.04610619,0.03696346,0.03276468,0.03028368,0.02830721,0.02646599,0.02467548,0.02293453,0.02126021,0.01966842,0.01816944
Gram_error_fro,2.0,1,10,5,0.0,0.11167532,0.09020348,0.06733289,0.05053923,0.03850944,0.02969001,0.02309103,0.01809491,0.01428658,0.01136831,0.00911933,0.00737412,0.00600871
Gram_error_fro,4.0,2,10,5,0.0,0.07351127,0.06378467,0.05521855,0.04914783,0.04550959,0.04360061,0.04273213,0.04243116,0.04241817,0.04253975,0.0427152,0.0429035,0.04308477
Gram_error_fro,2.0,1,10,5,0.0,0.09558838,0.07014558,0.0531262,0.04106148,0.03189957,0.02482204,0.01936443,0.01518185,0.01199254,0.00956513,0.00771388,0.00629355,0.00519332
Gram_error_fro,2.0,1,10,5,0.0,0.11017301,0.08274609,0.05816717,0.04103192,0.02974015,0.02237449,0.01749261,0.01414189,0.01173341,0.0099168,0.00848704,0.00732342,0.00635315
Gram_error_fro,0.0,1,10,1,0.0,0.0,0.0,0.0,0.0,0.0,0.0,0.0,0.0,0.0,0.0,0.0,0.0,0.0
Gram_error_fro,2.0,1,10,1,0.0,0.0309486,0.02131654,0.01606543,0.01270888,0.01033428,0.00853374,0.00710505,0.00594236,0.00498351,0.0041871,0.00352283,0.00296722,0.00250153
Gram_error_fro,2.0,1,10,1,0.0,0.0309486,0.02131654,0.01606543,0.01270888,0.01033428,0.00853374,0.00710505,0.00594236,0.00498351,0.0041871,0.00352283,0.00296722,0.00250153
Gram_error_fro,2.0,1,10,1,0.0,0.0397945,0.02439166,0.01926897,0.01613875,0.01369527,0.01165439,0.00992071,0.00844366,0.00718595,0.00611612,0.00520682,0.00443425,0.00377787
Gram_error_fro,0.0,1,10,1,0.0,0.0,0.0,0.0,0.0,0.0,0.0,0.0,0.0,0.0,0.0,0.0,0.0,0.0
Gram_error_fro,0.0,1,10,1,0.0,0.0,0.0,0.0,0.0,0.0,0.0,0.0,0.0,0.0,0.0,0.0,0.0,0.0
Gram_error_fro,0.0,1,10,1,0.0,0.0,0.0,0.0,0.0,0.0,0.0,0.0,0.0,0.0,0.0,0.0,0.0,0.0
Gram_error_fro,2.0,1,10,1,0.0,0.0309486,0.02131654,0.01606543,0.01270888,0.01033428,0.00853374,0.00710505,0.00594236,0.00498351,0.0041871,0.00352283,0.00296722,0.00250153
Gram_error_fro,2.0,1,10,1,0.0,0.05173469,0.02845218,0.02208226,0.01888479,0.01657404,0.01464416,0.01295685,0.0114639,0.01013998,0.00896622,0.00792631,0.00700555,0.00619071
Gram_error_fro,0.0,1,10,1,0.0,0.0,0.0,0.0,0.0,0.0,0.0,0.0,0.0,0.0,0.0,0.0,0.0,0.0
Gram_error_fro,2.0,1,10,1,0.0,0.04239276,0.02508469,0.01923154,0.01585427,0.01340257,0.01145575,0.00984489,0.00848505,0.00732543,0.00633118,0.00547606,0.00473918,0.00410332
Gram_error_fro,0.0,1,10,3,0.0,0.0,0.0,0.0,0.0,0.0,0.0,0.0,0.0,0.0,0.0,0.0,0.0,0.0
Gram_error_fro,2.0,1,10,3,0.0,0.02758719,0.02325878,0.020429,0.01808832,0.01615737,0.01453955,0.01314122,0.01189848,0.01077439,0.00974869,0.00880982,0.0079503,0.00716442
Gram_error_fro,0.0,1,10,3,0.0,0.0,0.0,0.0,0.0,0.0,0.0,0.0,0.0,0.0,0.0,0.0,0.0,0.0
Gram_error_fro,0.0,1,10,3,0.0,0.0,0.0,0.0,0.0,0.0,0.0,0.0,0.0,0.0,0.0,0.0,0.0,0.0
Gram_error_fro,2.0,1,10,3,0.0,0.06762837,0.04170975,0.02750299,0.0194212,0.01433705,0.010917,0.00851585,0.00677691,0.00548412,0.00449988,0.00373423,0.00312719,0.002638
Gram_error_fro,0.0,1,10,3,0.0,0.0,0.0,0.0,0.0,0.0,0.0,0.0,0.0,0.0,0.0,0.0,0.0,0.0
Gram_error_fro,4.0,1,10,3,0.0,0.07439534,0.04345569,0.03226218,0.02534782,0.0200294,0.01583469,0.01254141,0.00996262,0.00794015,0.00634791,0.00508883,0.00408912,0.00329267
Gram_error_fro,2.0,2,10,3,0.0,0.063732,0.05289743,0.04045188,0.03123496,0.02553696,0.02266338,0.02169895,0.02181239,0.02243002,0.02322775,0.02404464,0.02480865,0.02549235
Gram_error_fro,0.0,1,10,3,0.0,0.08094353,0.03353004,0.01572357,0.00824039,0.00449554,0.0024899,0.00154811,0.00131566,0.00136757,0.00143857,0.00146219,0.00143831,0.00137969
Gram_error_fro,2.0,1,10,3,0.0,0.10077111,0.06992426,0.04908895,0.03585757,0.02687973,0.02052269,0.01590037,0.01247211,0.00988633,0.00790697,0.00637209,0.00516856,0.00421584
Gram_error_fro,2.0,1,10,3,0.0,0.02245768,0.01603377,0.01191928,0.00902048,0.0070256,0.00562517,0.00460143,0.00382343,0.00321442,0.00272746,0.00233189,0.00200638,0.00173547
Gram_error_fro,0.0,1,10,3,0.0,0.0,0.0,0.0,0.0,0.0,0.0,0.0,0.0,0.0,0.0,0.0,0.0,0.0
Gram_error_fro,2.0,1,10,3,0.0,0.0776152,0.06150123,0.05287122,0.04575192,0.03933166,0.03364184,0.02871828,0.02452705,0.02099107,0.01801765,0.01551548,0.01340292,0.01161085
Gram_error_fro,2.0,1,10,3,0.0,0.03405212,0.0141842,0.01161295,0.01084076,0.01016626,0.00941489,0.00861218,0.00780288,0.0070198,0.00628228,0.00559984,0.00497578,0.00440976
Gram_error_fro,2.0,1,10,3,0.0,0.06219016,0.04776653,0.0342384,0.02438055,0.01748588,0.01269023,0.00934136,0.00698529,0.00531333,0.00411623,0.00325099,0.00261861,0.00214975
Gram_error_fro,0.0,1,10,3,0.0,0.0,0.0,0.0,0.0,0.0,0.0,0.0,0.0,0.0,0.0,0.0,0.0,0.0
Gram_error_fro,2.0,1,10,3,0.0,0.03287298,0.01834005,0.01230523,0.0092629,0.00718874,0.00561676,0.00440393,0.00346586,0.00273804,0.00217059,0.00172573,0.00137518,0.00109772
Gram_error_fro,4.0,1,10,3,0.0,0.0488891,0.02290832,0.01608707,0.01261668,0.01029889,0.00856099,0.00716851,0.0060156,0.00504864,0.00423473,0.00354958,0.00297336,0.00248922
Gram_error_fro,4.0,1,10,3,0.0,0.09326242,0.06595689,0.0459426,0.03277994,0.02384687,0.01762705,0.01321006,0.01001736,0.00767151,0.00592234,0.00460136,0.00359309,0.0028168
Gram_error_fro,2.0,1,10,3,0.0,0.03462475,0.02553547,0.02052396,0.01712314,0.01459227,0.0125793,0.01091283,0.00950225,0.00829332,0.00724931,0.00634305,0.00555332,0.0048631
Gram_error_fro,2.0,1,10,3,0.0,0.06329893,0.05287658,0.04141276,0.03174431,0.02426627,0.01865652,0.01446807,0.01132058,0.00893052,0.00709557,0.00567262,0.00455968,0.00368297
Gram_error_fro,4.0,1,10,3,0.0,0.09394086,0.05975961,0.0415935,0.03031536,0.02258985,0.0170421,0.01295404,0.00989506,0.00758422,0.00582786,0.00448761,0.00346219,0.00267629
Gram_error_fro,0.0,1,10,2,0.0,0.0,0.0,0.0,0.0,0.0,0.0,0.0,0.0,0.0,0.0,0.0,0.0,0.0
Gram_error_fro,2.0,1,10,2,0.0,0.03942086,0.02338905,0.01620793,0.01201938,0.00915958,0.00707336,0.00550404,0.00430407,0.00337739,0.00265702,0.00209437,0.00165337,0.00130679
Gram_error_fro,2.0,2,10,2,0.0,0.03850002,0.02366764,0.02065071,0.01993491,0.01982812,0.01990517,0.0200487,0.02021868,0.02039677,0.0205728,0.02074084,0.02089752,0.0210412
Gram_error_fro,0.0,1,10,2,0.0,0.0,0.0,0.0,0.0,0.0,0.0,0.0,0.0,0.0,0.0,0.0,0.0,0.0
Gram_error_fro,0.0,1,10,2,0.0,0.0,0.0,0.0,0.0,0.0,0.0,0.0,0.0,0.0,0.0,0.0,0.0,0.0
Gram_error_fro,2.0,1,10,2,0.0,0.03629073,0.00608103,0.00183368,0.00077915,0.00012318,0.00036711,0.00065188,0.00082145,0.00090935,0.00094068,0.00093357,0.00090102,0.00085239
Gram_error_fro,2.0,1,10,2,0.0,0.03629073,0.00608103,0.00183368,0.00077915,0.00012318,0.00036711,0.00065188,0.00082145,0.00090935,0.00094068,0.00093357,0.00090102,0.00085239
Gram_error_fro,0.0,1,10,2,0.0,0.0,0.0,0.0,0.0,0.0,0.0,0.0,0.0,0.0,0.0,0.0,0.0,0.0
Gram_error_fro,2.0,1,10,2,0.0,0.04969871,0.02734617,0.01861539,0.0141627,0.01133478,0.009302,0.00774163,0.00650188,0.00549732,0.0046727,0.00398919,0.00341814,0.00293787
Gram_error_fro,0.0,1,10,2,0.0,0.0,0.0,0.0,0.0,0.0,0.0,0.0,0.0,0.0,0.0,0.0,0.0,0.0
Gram_error_fro,2.0,1,10,2,0.0,0.03942086,0.02338905,0.01620793,0.01201938,0.00915958,0.00707336,0.00550404,0.00430407,0.00337739,0.00265702,0.00209437,0.00165337,0.00130679
Gram_error_fro,0.0,1,10,3,0.0,0.0,0.0,0.0,0.0,0.0,0.0,0.0,0.0,0.0,0.0,0.0,0.0,0.0
Gram_error_fro,2.0,1,10,3,0.0,0.07775404,0.0637634,0.05558114,0.04814392,0.04117398,0.03500536,0.0297526,0.02536564,0.02172836,0.0187126,0.01620126,0.01409576,0.01231653
Gram_error_fro,2.0,1,10,3,0.0,0.08532302,0.0819287,0.07577618,0.06748993,0.0589119,0.05089846,0.04376374,0.03756759,0.03225597,0.02773075,0.02388386,0.02061281,0.01782678
Gram_error_fro,2.0,1,10,3,0.0,0.10131911,0.07417291,0.05911391,0.04938919,0.04190655,0.03576928,0.03064635,0.02635118,0.02274276,0.01970335,0.01713351,0.01495034,0.01308576
Gram_error_fro,2.0,1,10,3,0.0,0.0401594,0.02850705,0.0216982,0.01787417,0.01511574,0.0128627,0.0109756,0.0093981,0.00808422,0.00698988,0.00607502,0.00530547,0.00465333
Gram_error_fro,2.0,1,10,3,0.0,0.03056479,0.02272794,0.01710958,0.01346417,0.01090771,0.00895703,0.00741262,0.0061759,0.00518093,0.0043765,0.00372172,0.00318439,0.0027395
Gram_error_fro,2.0,1,10,3,0.0,0.03056479,0.02272794,0.01710958,0.01346417,0.01090771,0.00895703,0.00741262,0.0061759,0.00518093,0.0043765,0.00372172,0.00318439,0.0027395
Gram_error_fro,2.0,1,10,3,0.0,0.06652627,0.04329617,0.03252068,0.02662392,0.022311,0.01879939,0.0158822,0.01345953,0.01145134,0.00978629,0.00840222,0.00724682,0.0062772
Gram_error_fro,2.0,1,10,3,0.0,0.09503437,0.08476857,0.07448481,0.06366098,0.05378537,0.04535526,0.0383395,0.03254567,0.02776017,0.02379226,0.02048378,0.01770761,0.01536298
Gram_error_fro,2.0,1,10,3,0.0,0.02989063,0.01658117,0.0116322,0.00929538,0.00764738,0.00630801,0.00519831,0.0042849,0.00353917,0.00293355,0.00244278,0.0020449,0.00172154
Gram_error_fro,4.0,1,10,3,0.0,0.13858691,0.11235461,0.08847457,0.070987,0.05771344,0.04736347,0.03917672,0.03264152,0.02738502,0.02312611,0.01964994,0.01679143,0.01442334
Gram_error_fro,0.0,1,10,3,0.0,0.0,0.0,0.0,0.0,0.0,0.0,0.0,0.0,0.0,0.0,0.0,0.0,0.0
Gram_error_fro,2.0,1,10,3,0.0,0.07401676,0.04043751,0.02291823,0.01355692,0.00836492,0.00543547,0.00375979,0.00277572,0.00216564,0.00175556,0.00145521,0.00121979,0.00102714
Gram_error_fro,2.0,1,10,3,0.0,0.09410628,0.05039257,0.02830323,0.01758544,0.01177447,0.00831053,0.00609897,0.00461139,0.0035672,0.00280745,0.00223781,0.00180017,0.00145746
Gram_error_fro,2.0,1,10,3,0.0,0.05357479,0.02535971,0.01677277,0.01270132,0.00996238,0.00791043,0.00631513,0.00505643,0.0040573,0.003262,0.00262773,0.00212088,0.00171493
Gram_error_fro,2.0,1,10,3,0.0,0.08015024,0.08343818,0.07698552,0.06835744,0.05965821,0.05163036,0.04451328,0.0383303,0.03301345,0.02846255,0.02457286,0.02124712,0.01839974
Gram_error_fro,2.0,1,10,3,0.0,0.05328663,0.03810275,0.02658394,0.01841822,0.01293676,0.00929767,0.00684919,0.00516348,0.00397302,0.00311125,0.00247299,0.00199042,0.00161875
Gram_error_fro,2.0,1,10,3,0.0,0.07746503,0.04277769,0.02620931,0.01760199,0.01275832,0.00983333,0.00791915,0.00656027,0.00552715,0.00470161,0.00402011,0.0034462,0.0029573
Gram_error_fro,2.0,1,10,3,0.0,0.03869313,0.02863071,0.02325756,0.02000623,0.01750765,0.01532859,0.01337889,0.01164057,0.0101015,0.00874653,0.00755877,0.0065212,0.00561755
Gram_error_fro,4.0,1,10,3,0.0,0.06971384,0.04607987,0.03086709,0.02440329,0.02155295,0.01971515,0.0180786,0.01647281,0.01489831,0.01338652,0.01196436,0.01064821,0.00944527
Gram_error_fro,2.0,1,10,3,0.0,0.05134365,0.04245245,0.03355438,0.0265631,0.02162576,0.01814791,0.01556693,0.01352665,0.01183159,0.01037851,0.00911129,0.00799696,0.00701384
Gram_error_fro,2.0,1,10,3,0.0,0.06170303,0.04245858,0.02862973,0.01991513,0.01418858,0.01025374,0.00746932,0.00546464,0.00400743,0.00294275,0.00216281,0.00159071,0.0011708
Gram_error_fro,0.0,1,10,2,0.0,0.0,0.0,0.0,0.0,0.0,0.0,0.0,0.0,0.0,0.0,0.0,0.0,0.0
Gram_error_fro,2.0,1,10,2,0.0,0.07839869,0.07504184,0.0693772,0.06345456,0.05760129,0.05201036,0.04678395,0.04196784,0.03757311,0.03359003,0.02999705,0.02676672,0.02386923
Gram_error_fro,2.0,1,10,2,0.0,0.05486649,0.05322244,0.05048237,0.04683907,0.04276063,0.0386038,0.03458932,0.03083417,0.02738922,0.02426725,0.02146033,0.01895012,0.0167136
Gram_error_fro,2.0,1,10,2,0.0,0.03147787,0.02936297,0.02433091,0.01945932,0.01537764,0.01212691,0.00957781,0.00758251,0.00601642,0.00478269,0.00380749,0.00303449,0.00242045
Gram_error_fro,2.0,1,10,2,0.0,0.05853367,0.04335075,0.03376538,0.02671138,0.02118209,0.01681623,0.01337192,0.01065397,0.00850531,0.0068022,0.00544842,0.00436943,0.00350745
Gram_error_fro,2.0,1,10,2,0.0,0.05392537,0.04585997,0.03785869,0.03071273,0.02472649,0.01987785,0.01599818,0.0128993,0.01041863,0.00842647,0.00682173,0.00552582,0.00447734
Gram_error_fro,2.0,1,10,2,0.0,0.09671311,0.05322363,0.03665371,0.02768948,0.02157099,0.01705949,0.01363939,0.01100676,0.00895488,0.00733683,0.00604669,0.00500754,0.00416304
Gram_error_fro,2.0,1,10,2,0.0,0.02753989,0.01759966,0.01191623,0.0093102,0.00839524,0.0080457,0.00775362,0.00738389,0.00693196,0.00642518,0.00589249,0.00535692,0.00483491
Gram_error_fro,4.0,2,10,2,0.0,0.02424064,0.01632883,0.01214556,0.01131423,0.01238654,0.01394438,0.01541666,0.01666619,0.01769085,0.01852176,0.01919366,0.01973719,0.02017754
Gram_error_fro,2.0,1,10,2,0.0,0.10152475,0.0452298,0.02945995,0.02454324,0.02139045,0.01864863,0.01618653,0.01400019,0.01208087,0.01040863,0.00895822,0.0077035,0.00661971
Gram_error_fro,4.0,1,10,2,0.0,0.04116708,0.02688327,0.01958233,0.01849311,0.02019937,0.02205472,0.02328296,0.02383339,0.02383055,0.02341624,0.02271142,0.0218109,0.02078651
Gram_error_fro,0.0,1,10,2,0.0,0.0,0.0,0.0,0.0,0.0,0.0,0.0,0.0,0.0,0.0,0.0,0.0,0.0
Gram_error_fro,2.0,1,10,2,0.0,0.05755405,0.02198445,0.01401784,0.01062148,0.00836171,0.0066613,0.00534135,0.00430543,0.00348683,0.00283604,0.00231565,0.00189721,0.00155901
Gram_error_fro,2.0,1,10,2,0.0,0.06583358,0.05275552,0.04449654,0.03822794,0.03305216,0.02866804,0.02491748,0.02169262,0.01891046,0.01650373,0.01441681,0.01260336,0.01102461
Gram_error_fro,2.0,1,10,2,0.0,0.02825554,0.01353427,0.00877338,0.00640695,0.00489928,0.00382867,0.0030339,0.0024322,0.00197151,0.00161561,0.00133826,0.00112007,0.0009466
Gram_error_fro,2.0,1,10,2,0.0,0.05402466,0.03878521,0.03224755,0.02808525,0.02480026,0.02199949,0.0195455,0.01737419,0.01544585,0.01373057,0.01220363,0.01084382,0.00963261
Gram_error_fro,2.0,1,10,2,0.0,0.00984606,0.00337245,0.00127213,0.00203969,0.00261624,0.00279459,0.00273112,0.00253938,0.00228876,0.00201984,0.00175563,0.00150851,0.00128451
Gram_error_fro,2.0,1,10,2,0.0,0.04867341,0.03491569,0.02544458,0.01891971,0.01429293,0.01094898,0.00849035,0.00665452,0.00526451,0.00419861,0.00337175,0.00272362,0.00221088
Gram_error_fro,2.0,1,10,2,0.0,0.04809906,0.02790154,0.0198255,0.01536876,0.01231933,0.01001527,0.00819573,0.00672962,0.00553646,0.00456005,0.0037584,0.00309892,0.00255575
Gram_error_fro,2.0,1,10,2,0.0,0.09052649,0.06097237,0.04393645,0.03275282,0.02479836,0.01896498,0.01461531,0.01133329,0.0088334,0.00691431,0.0054314,0.00427917,0.00337971
Gram_error_fro,2.0,1,10,2,0.0,0.05081092,0.03528126,0.02676282,0.02114617,0.01716768,0.01421008,0.01192236,0.01009901,0.00861393,0.00738499,0.0063557,0.00548556,0.00474456
Gram_error_fro,2.0,1,10,2,0.0,0.05987103,0.0246757,0.01598918,0.01253783,0.01035729,0.00865848,0.00724407,0.006048,0.00503597,0.00418243,0.00346538,0.00286525,0.00236468
Gram_error_fro,0.0,1,10,5,0.0,0.0,0.0,0.0,0.0,0.0,0.0,0.0,0.0,0.0,0.0,0.0,0.0,0.0
Gram_error_fro,2.0,1,10,5,0.0,0.08267889,0.04739031,0.02590165,0.01526311,0.00977897,0.00666661,0.00472894,0.00344289,0.00255638,0.00193114,0.00148271,0.00115607,0.00091427
Gram_error_fro,2.0,1,10,5,0.0,0.06496192,0.06722922,0.05816453,0.04709767,0.03702389,0.02874368,0.02224314,0.01724875,0.01344587,0.01055523,0.0083518,0.00666251,0.0053574
Gram_error_fro,2.0,1,10,5,0.0,0.04589854,0.03833865,0.02843608,0.0203962,0.01453896,0.01040216,0.00750442,0.00547525,0.00404892,0.003039,0.00231615,0.0017915,0.00140445
Gram_error_fro,2.0,1,10,5,0.0,0.07185622,0.04978975,0.03282531,0.02310692,0.017397,0.01368431,0.01103921,0.00904088,0.00747881,0.00623244,0.00522425,0.00440032,0.00372131
Gram_error_fro,2.0,1,10,5,0.0,0.0776562,0.06550781,0.04977382,0.03744863,0.02822841,0.02140163,0.01637307,0.01266748,0.00991902,0.00785725,0.00628859,0.00507709,0.00412802
Gram_error_fro,2.0,1,10,5,0.0,0.08686659,0.06502087,0.045845,0.03270477,0.02379279,0.01764444,0.01332514,0.01023654,0.00798708,0.00631743,0.0050547,0.00408283,0.00332305
Gram_error_fro,4.0,1,10,5,0.0,0.08923917,0.05704799,0.03724273,0.0263952,0.020225,0.01645146,0.01391413,0.01203596,0.01053535,0.00927478,0.00818501,0.00722875,0.00638371
Gram_error_fro,2.0,1,10,5,0.0,0.10344922,0.0805551,0.0605237,0.04568439,0.03436418,0.02571837,0.0191923,0.01432326,0.01071981,0.00806479,0.00611117,0.0046718,0.00360753
Gram_error_fro,2.0,1,10,5,0.0,0.09307588,0.07577015,0.05839165,0.04447702,0.03357182,0.02518959,0.01885494,0.01412573,0.01062193,0.00803608,0.00612928,0.00472067,0.0036757
Gram_error_fro,2.0,1,10,5,0.0,0.08522453,0.07601305,0.06155192,0.04865419,0.03804996,0.02965114,0.02313894,0.01814175,0.01431834,0.01138703,0.00912779,0.00737379,0.00600046
Gram_error_fro,0.0,1,10,2,0.0,0.0,0.0,0.0,0.0,0.0,0.0,0.0,0.0,0.0,0.0,0.0,0.0,0.0
Gram_error_fro,2.0,1,10,2,0.0,0.0181034,0.01995418,0.0214407,0.02167584,0.02112038,0.02009974,0.01883169,0.01745344,0.01604996,0.01467331,0.01335462,0.0121115,0.01095287
Gram_error_fro,2.0,1,10,2,0.0,0.04821793,0.0390298,0.03214565,0.02697524,0.02288358,0.01958201,0.01688733,0.01466385,0.0128084,0.01124288,0.00990851,0.00876094,0.00776645
Gram_error_fro,2.0,1,10,2,0.0,0.04543514,0.03819645,0.03032212,0.02382618,0.01859998,0.01443195,0.01110828,0.00844838,0.00631082,0.00458727,0.00319477,0.00206918,0.00116042
Gram_error_fro,2.0,1,10,2,0.0,0.01258929,0.00707441,0.00357669,0.00144356,0.00090596,0.00165545,0.00226173,0.00262913,0.00281174,0.00286296,0.00282427,0.00272625,0.00259094
Gram_error_fro,2.0,1,10,2,0.0,0.04543514,0.03819645,0.03347298,0.03004513,0.02711791,0.02445536,0.022,0.01974161,0.01767709,0.01580072,0.01410333,0.01257346,0.01119854
Gram_error_fro,4.0,1,10,2,0.0,0.05943898,0.0480698,0.042305,0.03794269,0.03408189,0.03057404,0.02738438,0.02449089,0.02187266,0.01950932,0.01738114,0.01546905,0.01375473
Gram_error_fro,2.0,1,10,2,0.0,0.07591496,0.03922886,0.02950291,0.02546729,0.02270487,0.02044774,0.01848572,0.01673508,0.01515412,0.01371828,0.01241088,0.01121928,0.0101332
Gram_error_fro,4.0,1,10,2,0.0,0.04743523,0.03988718,0.03601595,0.03312704,0.03041346,0.02775704,0.02519086,0.02275995,0.02049297,0.01840246,0.01648994,0.01475035,0.01317499
Gram_error_fro,2.0,1,10,2,0.0,0.03750272,0.03310288,0.03126485,0.02971557,0.02801943,0.02619713,0.0243326,0.02249346,0.02072333,0.01904729,0.01747789,0.01601947,0.01467129
Gram_error_fro,2.0,1,10,2,0.0,0.03750272,0.03310288,0.03126485,0.02971557,0.02801943,0.02619713,0.0243326,0.02249346,0.02072333,0.01904729,0.01747789,0.01601947,0.01467129
Gram_error_fro,0.0,1,10,5,0.0,0.0,0.0,0.0,0.0,0.0,0.0,0.0,0.0,0.0,0.0,0.0,0.0,0.0
Gram_error_fro,0.0,1,10,5,0.0,0.0,0.0,0.0,0.0,0.0,0.0,0.0,0.0,0.0,0.0,0.0,0.0,0.0
Gram_error_fro,2.0,1,10,5,0.0,0.05259164,0.04226228,0.03431472,0.027326,0.02135201,0.01653897,0.01281057,0.00997777,0.00783642,0.00621096,0.0049653,0.00399938,0.00324136
Gram_error_fro,2.0,1,10,5,0.0,0.0802772,0.06852606,0.05264596,0.04095632,0.03261903,0.0264581,0.02174163,0.0180342,0.01506305,0.01264735,0.01066159,0.00901542,0.00764185
Gram_error_fro,2.0,1,10,5,0.0,0.06382464,0.05629046,0.04747039,0.03842335,0.03026173,0.02348306,0.01811767,0.01398853,0.01086076,0.00850939,0.00674387,0.00541284,0.00440067
Gram_error_fro,2.0,1,10,5,0.0,0.0819134,0.06133165,0.04342748,0.0311455,0.02265689,0.01673304,0.01257827,0.00964086,0.00753291,0.00598709,0.00482432,0.00392738,0.00322022
Gram_error_fro,4.0,1,10,5,0.0,0.11437148,0.08989575,0.06747505,0.05187594,0.04108726,0.03327741,0.02736852,0.02275607,0.01907883,0.01610225,0.01366398,0.01164698,0.00996461
Gram_error_fro,2.0,1,10,5,0.0,0.05375559,0.04378509,0.03588827,0.02986042,0.02490637,0.02074391,0.01726764,0.01439315,0.01203024,0.01009003,0.00849322,0.00717343,0.00607715
Gram_error_fro,2.0,1,10,5,0.0,0.07040954,0.06353989,0.05283091,0.04248599,0.03343548,0.02596252,0.02002141,0.01541214,0.01188949,0.0092192,0.00720081,0.00567304,0.00451096
Gram_error_fro,4.0,1,10,5,0.0,0.09898859,0.06363733,0.04308176,0.03138077,0.02358299,0.01792843,0.0137251,0.01058604,0.00823657,0.00646904,0.00512783,0.00409888,0.00330004
Gram_error_fro,2.0,1,10,5,0.0,0.07040954,0.06353989,0.05283091,0.04248599,0.03343548,0.02596252,0.02002141,0.01541214,0.01188949,0.0092192,0.00720081,0.00567304,0.00451096
Gram_error_fro,0.0,1,10,1,0.0,0.0,0.0,0.0,0.0,0.0,0.0,0.0,0.0,0.0,0.0,0.0,0.0,0.0
Gram_error_fro,2.0,1,10,1,0.0,0.00704586,0.00255214,0.00273485,0.00296325,0.00295841,0.00281753,0.00261666,0.0023946,0.00217032,0.00195343,0.00174896,0.00155941,0.0013858
Gram_error_fro,0.0,1,10,1,0.0,0.0,0.0,0.0,0.0,0.0,0.0,0.0,0.0,0.0,0.0,0.0,0.0,0.0
Gram_error_fro,0.0,1,10,1,0.0,0.0,0.0,0.0,0.0,0.0,0.0,0.0,0.0,0.0,0.0,0.0,0.0,0.0
Gram_error_fro,2.0,1,10,1,0.0,0.04012976,0.02425666,0.01884544,0.01560385,0.01317488,0.01120826,0.00956579,0.00817566,0.00699215,0.00598191,0.00511857,0.00438036,0.00374898
Gram_error_fro,0.0,1,10,1,0.0,0.0,0.0,0.0,0.0,0.0,0.0,0.0,0.0,0.0,0.0,0.0,0.0,0.0
Gram_error_fro,0.0,1,10,1,0.0,0.0,0.0,0.0,0.0,0.0,0.0,0.0,0.0,0.0,0.0,0.0,0.0,0.0
Gram_error_fro,2.0,1,10,1,0.0,0.00704586,0.00255214,0.00273485,0.00296325,0.00295841,0.00281753,0.00261666,0.0023946,0.00217032,0.00195343,0.00174896,0.00155941,0.0013858
Gram_error_fro,4.0,1,10,1,0.0,0.05508362,0.04007231,0.03351553,0.02904146,0.02537024,0.02220315,0.01943793,0.01701947,0.01490572,0.01305979,0.01144847,0.01004194,0.00881375
Gram_error_fro,0.0,1,10,1,0.0,0.0,0.0,0.0,0.0,0.0,0.0,0.0,0.0,0.0,0.0,0.0,0.0,0.0
Gram_error_fro,2.0,1,10,1,0.0,0.07068893,0.04685254,0.03913231,0.03483741,0.03146973,0.02849172,0.02578133,0.02330809,0.02105744,0.01901528,0.01716625,0.01549448,0.01398437
Gram_error_fro,0.0,1,10,5,0.0,0.0,0.0,0.0,0.0,0.0,0.0,0.0,0.0,0.0,0.0,0.0,0.0,0.0
Gram_error_fro,2.0,1,10,5,0.0,0.10731564,0.08642744,0.06151175,0.04367294,0.03161004,0.02332069,0.01746791,0.01324238,0.0101439,0.0078473,0.00613093,0.00483849,0.00385751
Gram_error_fro,2.0,1,10,5,0.0,0.09487585,0.08535389,0.06730432,0.05237537,0.0413039,0.03315255,0.02703648,0.02233862,0.01865164,0.01570458,0.01331266,0.01134638,0.0097128
Gram_error_fro,0.0,1,10,5,0.0,0.05686699,0.03264872,0.02028014,0.01309487,0.00871759,0.00599554,0.0042612,0.00312458,0.00235669,0.00182126,0.00143591,0.0011501,0.0009323
Gram_error_fro,0.0,1,10,5,0.0,0.0,0.0,0.0,0.0,0.0,0.0,0.0,0.0,0.0,0.0,0.0,0.0,0.0
Gram_error_fro,2.0,1,10,5,0.0,0.09633032,0.08179525,0.06031328,0.04372471,0.03196023,0.02363761,0.01766519,0.01331918,0.01012459,0.00775986,0.0059997,0.00468238,0.00369022
Gram_error_fro,2.0,1,10,5,0.0,0.11673226,0.09713487,0.07343559,0.0558638,0.04330856,0.03411416,0.02719276,0.02187367,0.01772521,0.01445362,0.01185013,0.00976207,0.00807565
Gram_error_fro,2.0,1,10,5,0.0,0.06279438,0.04860717,0.04040093,0.03430053,0.02905264,0.02446665,0.02051464,0.01716415,0.01436076,0.01203716,0.01012299,0.00855129,0.00726183
Gram_error_fro,2.0,1,10,5,0.0,0.08226775,0.07409997,0.0581462,0.04423901,0.03337533,0.0251455,0.01898373,0.01439308,0.01097797,0.00843512,0.00653632,0.00511171,0.00403587
Gram_error_fro,2.0,1,10,5,0.0,0.12264854,0.09273892,0.06557345,0.0469376,0.0342834,0.02547773,0.01919176,0.01461546,0.01123709,0.0087178,0.00682394,0.00538969,0.00429532
Gram_error_fro,4.0,2,10,5,0.0,0.08321722,0.06888379,0.05699399,0.04969715,0.04566705,0.04364072,0.04273974,0.0424311,0.04241701,0.04253887,0.0427147,0.04290325,0.04308465
Gram_error_fro,0.0,1,10,3,0.0,0.0,0.0,0.0,0.0,0.0,0.0,0.0,0.0,0.0,0.0,0.0,0.0,0.0
Gram_error_fro,0.0,1,10,3,0.0,0.0,0.0,0.0,0.0,0.0,0.0,0.0,0.0,0.0,0.0,0.0,0.0,0.0
Gram_error_fro,2.0,1,10,3,0.0,0.028759,0.02111969,0.0159496,0.01308313,0.01139382,0.01016197,0.00909866,0.00811804,0.00720367,0.00635736,0.00558293,0.00488204,0.00425374
Gram_error_fro,0.0,1,10,3,0.0,0.0,0.0,0.0,0.0,0.0,0.0,0.0,0.0,0.0,0.0,0.0,0.0,0.0
Gram_error_fro,2.0,1,10,3,0.0,0.04453577,0.01524746,0.00638715,0.00358636,0.002193,0.00136643,0.00098234,0.00092783,0.00099703,0.00106582,0.00110138,0.00110317,0.00107827
Gram_error_fro,2.0,1,10,3,0.0,0.07991893,0.08166792,0.07349418,0.06314075,0.0533212,0.04478274,0.03759989,0.03163844,0.02671466,0.02264957,0.01928608,0.01649258,0.01416146
Gram_error_fro,4.0,1,10,3,0.0,0.07896201,0.0597063,0.04736865,0.03843821,0.03157706,0.02618571,0.02188119,0.01839715,0.01554467,0.01318726,0.0112241,0.00957911,0.00819368
Gram_error_fro,2.0,1,10,3,0.0,0.05963585,0.04259882,0.03157187,0.0242255,0.01910356,0.01536742,0.01254122,0.01034381,0.00859932,0.00719207,0.00604285,0.00509546,0.00430873
Gram_error_fro,2.0,1,10,3,0.0,0.07133781,0.03743711,0.02146847,0.01413645,0.01018735,0.00770793,0.00599114,0.00473589,0.00378888,0.00305982,0.00249027,0.0020402,0.00168117
Gram_error_fro,2.0,1,10,3,0.0,0.07287103,0.04628291,0.0361844,0.03059823,0.02633846,0.0228408,0.01991453,0.01743448,0.01530917,0.01347208,0.0118742,0.01047823,0.00925483
Gram_error_fro,2.0,1,10,3,0.0,0.02198111,0.01200313,0.00900079,0.00862156,0.0085658,0.00827705,0.0077654,0.00712545,0.00643509,0.0057452,0.00508593,0.00447353,0.00391549
Gram_error_fro,0.0,1,10,2,0.0,0.0,0.0,0.0,0.0,0.0,0.0,0.0,0.0,0.0,0.0,0.0,0.0,0.0
Gram_error_fro,0.0,1,10,2,0.0,0.0,0.0,0.0,0.0,0.0,0.0,0.0,0.0,0.0,0.0,0.0,0.0,0.0
Gram_error_fro,2.0,1,10,2,0.0,0.04520316,0.03247444,0.02586344,0.02181663,0.01886782,0.01650601,0.01452709,0.0128329,0.01136564,0.01008557,0.00896287,0.00797412,0.00710044
Gram_error_fro,2.0,1,10,2,0.0,0.04520316,0.03247444,0.02586344,0.02181663,0.01886782,0.01650601,0.01452709,0.0128329,0.01136564,0.01008557,0.00896287,0.00797412,0.00710044
Gram_error_fro,2.0,1,10,2,0.0,0.02753876,0.02146963,0.01897747,0.01724496,0.01582772,0.01459315,0.01348356,0.01246912,0.01153284,0.0106643,0.00985666,0.00910499,0.00840543
Gram_error_fro,2.0,1,10,2,0.0,0.0619988,0.03075099,0.02426808,0.02186511,0.02010798,0.01846268,0.01686236,0.01532228,0.01386413,0.01250228,0.01124346,0.01008883,0.00903593
Gram_error_fro,4.0,1,10,2,0.0,0.07786465,0.04916143,0.0371427,0.03006849,0.0251002,0.02131389,0.01829856,0.01583181,0.01377595,0.01203843,0.01055401,0.00927512,0.00816619
Gram_error_fro,2.0,1,10,2,0.0,0.09189494,0.08374456,0.07095254,0.05922938,0.04926534,0.04102796,0.03427534,0.02874109,0.024192,0.02043749,0.01732518,0.01473389,0.01256717
Gram_error_fro,2.0,1,10,2,0.0,0.09182068,0.08360188,0.0707816,0.05904591,0.04907858,0.04084408,0.03409835,0.02857341,0.02403492,0.02029156,0.01719043,0.01461004,0.01245373
Gram_error_fro,2.0,1,10,2,0.0,0.0396767,0.03384407,0.02953522,0.02624689,0.02343015,0.02090584,0.01862311,0.01656405,0.01471504,0.01306088,0.01158504,0.01027076,0.00910184
Gram_error_fro,2.0,1,10,2,0.0,0.01704422,0.00871879,0.00327526,0.00136712,0.00340346,0.00494365,0.00587566,0.00635708,0.00652076,0.00646624,0.00626599,0.00597218,0.00562212
Gram_error_fro,0.0,1,10,2,0.0,0.0,0.0,0.0,0.0,0.0,0.0,0.0,0.0,0.0,0.0,0.0,0.0,0.0
Gram_error_fro,2.0,1,10,2,0.0,0.06180754,0.05961962,0.0558751,0.05158999,0.04721203,0.04299735,0.03905011,0.03540482,0.0320662,0.02902503,0.02626513,0.02376684,0.02150915
Gram_error_fro,2.0,1,10,2,0.0,0.06100066,0.05746336,0.05200029,0.04674546,0.04189702,0.0374782,0.03347644,0.02986754,0.026623,0.02371293,0.02110767,0.01877869,0.01669915
Gram_error_fro,0.0,1,10,2,0.0,0.0,0.0,0.0,0.0,0.0,0.0,0.0,0.0,0.0,0.0,0.0,0.0,0.0
Gram_error_fro,2.0,1,10,2,0.0,0.03552287,0.03282795,0.02930522,0.02591999,0.02289986,0.02025026,0.01792749,0.01588615,0.01408786,0.01250089,0.01109865,0.00985843,0.00876064
Gram_error_fro,0.0,1,10,2,0.0,0.06308438,0.05881646,0.05267591,0.04648523,0.04073604,0.03554852,0.03094026,0.02688965,0.02335508,0.02028554,0.01762758,0.01532957,0.01334389
Gram_error_fro,2.0,1,10,2,0.0,0.08313336,0.07861853,0.07031674,0.06190516,0.05423743,0.04749001,0.04161883,0.0365199,0.03208581,0.0282215,0.02484641,0.02189292,0.01930412
Gram_error_fro,2.0,1,10,2,0.0,0.02193938,0.01201193,0.00525233,0.00399869,0.00628479,0.00816818,0.00930756,0.00987344,0.01004061,0.00994105,0.00966814,0.00928659,0.00884086
Gram_error_fro,2.0,1,10,2,0.0,0.11110172,0.09067896,0.07703805,0.06613822,0.05703768,0.04939304,0.0429382,0.03745075,0.03275339,0.02870781,0.02520601,0.02216265,0.01950918
Gram_error_fro,2.0,1,10,2,0.0,0.10251985,0.0490905,0.02550825,0.01711119,0.01369425,0.01183998,0.01060335,0.00968478,0.0089522,0.00833195,0.0077802,0.00727138,0.00679146
Gram_error_fro,4.0,1,10,2,0.0,0.05804787,0.04500699,0.03732246,0.03230383,0.02852145,0.02545181,0.02284445,0.02056457,0.01853635,0.01671469,0.0150705,0.01358312,0.01223654
Gram_error_fro,0.0,1,10,2,0.0,0.0,0.0,0.0,0.0,0.0,0.0,0.0,0.0,0.0,0.0,0.0,0.0,0.0
Gram_error_fro,2.0,1,10,2,0.0,0.0774801,0.09263152,0.0951215,0.09190521,0.08653284,0.08048784,0.07438468,0.06849202,0.06292983,0.05774688,0.05295505,0.04854645,0.04450273
Gram_error_fro,2.0,1,10,2,0.0,0.08205177,0.08052467,0.06860707,0.05637518,0.04591841,0.03743396,0.03065227,0.02523796,0.02089675,0.01739393,0.01454824,0.01222091,0.01030555
Gram_error_fro,2.0,1,10,2,0.0,0.05049749,0.03851078,0.03190468,0.026893,0.02260033,0.01898833,0.01599824,0.01353166,0.01149018,0.00979074,0.00836726,0.00716809,0.00615284
Gram_error_fro,2.0,1,10,2,0.0,0.10105939,0.05060784,0.02658606,0.01698388,0.01244883,0.00972169,0.00782028,0.00640329,0.00531271,0.00445615,0.00377258,0.00321945,0.00276632
Gram_error_fro,2.0,1,10,2,0.0,0.07613326,0.06474114,0.0520577,0.04216181,0.0346181,0.02873268,0.02404459,0.02025208,0.01714647,0.01457757,0.01243463,0.01063439,0.00911325
Gram_error_fro,2.0,1,10,2,0.0,0.01238662,0.00734564,0.00401625,0.002181,0.00111916,0.00063826,0.00061296,0.00070069,0.00075179,0.00075944,0.00073844,0.00070132,0.00065622
Gram_error_fro,2.0,1,10,2,0.0,0.08652504,0.06059706,0.04932188,0.04147955,0.0348184,0.02918641,0.02449825,0.02061505,0.01739414,0.01471236,0.0124698,0.01058695,0.00900055
Gram_error_fro,4.0,1,10,2,0.0,0.08928643,0.07255506,0.06091548,0.05232113,0.04508237,0.03879468,0.03333032,0.02860029,0.02451995,0.02100838,0.01799092,0.01540061,0.01317846
Gram_error_fro,4.0,1,10,2,0.0,0.11904852,0.07477801,0.05249324,0.04108565,0.03335751,0.02742329,0.02268625,0.01884933,0.01571576,0.01314076,0.01101388,0.00924948,0.00778035
Gram_error_fro,0.0,1,10,2,0.0,0.09384698,0.08904759,0.07431743,0.060035,0.04810404,0.03857895,0.03108032,0.02518499,0.02053041,0.016831,0.01386893,0.01147977,0.00953946
Gram_error_fro,0.0,1,10,5,0.0,0.0,0.0,0.0,0.0,0.0,0.0,0.0,0.0,0.0,0.0,0.0,0.0,0.0
Gram_error_fro,2.0,1,10,5,0.0,0.05138701,0.0454911,0.03952915,0.03593049,0.03312719,0.03034177,0.0274615,0.02458829,0.02184042,0.01929828,0.01700159,0.01496001,0.0131643
Gram_error_fro,2.0,1,10,5,0.0,0.09001582,0.07906166,0.06441897,0.0513184,0.04074297,0.03260555,0.02644923,0.02178251,0.0181998,0.01540091,0.01317406,0.01137209,0.00989219
Gram_error_fro,2.0,1,10,5,0.0,0.06809657,0.0472187,0.03670955,0.03138314,0.02762983,0.02446948,0.02165332,0.01911956,0.01685212,0.01484087,0.01307154,0.01152504,0.01017913
Gram_error_fro,2.0,1,10,5,0.0,0.067329,0.05234554,0.04217604,0.03591752,0.03121947,0.02716526,0.02352343,0.02026516,0.01739372,0.01490065,0.01276185,0.01094309,0.0094058
Gram_error_fro,0.0,1,10,5,0.0,0.08803685,0.04441005,0.01967337,0.0085728,0.0037705,0.00172977,0.00089214,0.00056218,0.0004217,0.00034365,0.00028837,0.00024467,0.00020885
Gram_error_fro,4.0,1,10,5,0.0,0.10348551,0.09151883,0.07529828,0.06082253,0.04881873,0.03924711,0.03175347,0.02591447,0.02135005,0.01775541,0.0148982,0.01260493,0.01074664
Gram_error_fro,2.0,1,10,5,0.0,0.09400951,0.06580477,0.04925476,0.04094633,0.03573459,0.03161166,0.02797378,0.02467711,0.02170113,0.01904465,0.01669916,0.01464586,0.01285885
Gram_error_fro,2.0,1,10,5,0.0,0.09894525,0.0824519,0.06546357,0.05158703,0.04077096,0.03256765,0.02640033,0.02173808,0.01816291,0.01537108,0.01315007,0.01135275,0.00987653
Gram_error_fro,4.0,1,10,5,0.0,0.1108773,0.09662515,0.07849384,0.06446218,0.05374511,0.04531608,0.03851036,0.03291721,0.02826836,0.02437491,0.02109545,0.01831981,0.01596023
Gram_error_fro,2.0,1,10,5,0.0,0.10945073,0.08576119,0.0692703,0.05753992,0.04812031,0.04040399,0.03408986,0.02891775,0.02466269,0.02114187,0.01821128,0.0157582,0.01369393
Gram_error_fro,0.0,1,10,2,0.0,0.0,0.0,0.0,0.0,0.0,0.0,0.0,0.0,0.0,0.0,0.0,0.0,0.0
Gram_error_fro,2.0,1,10,2,0.0,0.0397487,0.02538599,0.0179691,0.01345859,0.01041066,0.00824144,0.00663833,0.00541774,0.00446661,0.00371207,0.00310502,0.0026111,0.00220549
Gram_error_fro,2.0,1,10,2,0.0,0.03303878,0.02048529,0.01341238,0.00911863,0.00633144,0.00446191,0.00317957,0.00228527,0.00165387,0.001204,0.00088124,0.00064839,0.00047961
Gram_error_fro,2.0,1,10,2,0.0,0.02415301,0.01170306,0.00763023,0.00590932,0.00498164,0.00434175,0.00382381,0.00337216,0.0029672,0.00260162,0.00227228,0.00197722,0.0017146
Gram_error_fro,2.0,1,10,2,0.0,0.06063621,0.04409049,0.03523017,0.02890204,0.02381532,0.01963424,0.01619251,0.0133626,0.01103666,0.00912395,0.00754939,0.00625152,0.00518036
Gram_error_fro,2.0,1,10,2,0.0,0.05762294,0.02343601,0.01394137,0.00964675,0.0070387,0.00525873,0.00397986,0.00303638,0.00232946,0.00179454,0.00138708,0.00107525,0.00083578
Gram_error_fro,2.0,1,10,2,0.0,0.05704378,0.01818731,0.00764728,0.00430495,0.00293339,0.00219263,0.0016976,0.00132586,0.00103251,0.00079744,0.00060915,0.00045957,0.00034225
Gram_error_fro,2.0,2,10,2,0.0,0.05721936,0.03579231,0.02804501,0.02485204,0.02342978,0.02276617,0.0224425,0.02227809,0.0221917,0.02214501,0.02211913,0.02210447,0.02209606
Gram_error_fro,4.0,1,10,2,0.0,0.13296029,0.11820976,0.10252325,0.08837238,0.07593041,0.06519323,0.05601063,0.04818334,0.04151399,0.03582551,0.0309654,0.02680476,0.0232355
Gram_error_fro,4.0,2,10,2,0.0,0.02764337,0.01486592,0.01028303,0.01117523,0.01343,0.01547878,0.01709413,0.01832357,0.01924998,0.01994638,0.02047,0.02086417,0.02116134
Gram_error_fro,2.0,1,10,2,0.0,0.0397487,0.02538599,0.0179691,0.01345859,0.01041066,0.00824144,0.00663833,0.00541774,0.00446661,0.00371207,0.00310502,0.0026111,0.00220549
Gram_error_fro,0.0,1,10,1,0.0,0.0,0.0,0.0,0.0,0.0,0.0,0.0,0.0,0.0,0.0,0.0,0.0,0.0
Gram_error_fro,2.0,1,10,1,0.0,0.01948224,0.00859174,0.00614093,0.00523766,0.00462788,0.00410561,0.0036451,0.00324413,0.00289845,0.00260093,0.00234371,0.00211958,0.00192249
Gram_error_fro,2.0,1,10,1,0.0,0.02421265,0.01092865,0.00799748,0.00687722,0.00614004,0.00551599,0.00494766,0.00442424,0.003945,0.00351,0.00311817,0.00276724,0.00245421
Gram_error_fro,2.0,1,10,1,0.0,0.01948224,0.00859174,0.00614093,0.00523766,0.00462788,0.00410561,0.0036451,0.00324413,0.00289845,0.00260093,0.00234371,0.00211958,0.00192249
Gram_error_fro,0.0,1,10,1,0.0,0.0,0.0,0.0,0.0,0.0,0.0,0.0,0.0,0.0,0.0,0.0,0.0,0.0
Gram_error_fro,2.0,1,10,1,0.0,0.09717624,0.08283052,0.07033758,0.05949525,0.05019057,0.04238972,0.03592727,0.03058782,0.02616543,0.02248483,0.01940399,0.01680991,0.01461317
Gram_error_fro,2.0,1,10,1,0.0,0.03528549,0.01407404,0.00799207,0.00503704,0.00302221,0.00147288,0.00025075,0.00070635,0.00144157,0.00199161,0.00238891,0.00266182,0.00283468
Gram_error_fro,2.0,1,10,1,0.0,0.07478395,0.06947968,0.06164338,0.05383618,0.04668629,0.04040267,0.03498598,0.03035307,0.02639814,0.02301836,0.02012282,0.01763427,0.01548828
Gram_error_fro,2.0,1,10,1,0.0,0.01386763,0.00622148,0.00312811,0.00158889,0.00073146,0.00022936,7.362e-05,0.00025821,0.0003687,0.00043103,0.00046138,0.00047032,0.00046499
Gram_error_fro,2.0,1,10,1,0.0,0.02421265,0.01092865,0.00799748,0.00687722,0.00614004,0.00551599,0.00494766,0.00442424,0.003945,0.00351,0.00311817,0.00276724,0.00245421
Gram_error_fro,0.0,1,10,1,0.0,0.0,0.0,0.0,0.0,0.0,0.0,0.0,0.0,0.0,0.0,0.0,0.0,0.0
Gram_error_fro,0.0,1,10,2,0.0,0.0,0.0,0.0,0.0,0.0,0.0,0.0,0.0,0.0,0.0,0.0,0.0,0.0
Gram_error_fro,2.0,1,10,2,0.0,0.01154004,0.00777749,0.00721762,0.00704297,0.00676153,0.00637919,0.00594731,0.00550118,0.00506059,0.00463611,0.00423326,0.00385477,0.00350171
Gram_error_fro,2.0,1,10,2,0.0,0.05961805,0.05542283,0.04827951,0.04121154,0.0348659,0.02939242,0.02475414,0.02085193,0.01757653,0.01482737,0.01251776,0.01057495,0.00893854
Gram_error_fro,2.0,1,10,2,0.0,0.0146753,0.00882901,0.00381831,0.00084004,0.00264235,0.00421345,0.00515904,0.00564902,0.00582449,0.00578862,0.00561453,0.00535337,0.00504073
Gram_error_fro,2.0,1,10,2,0.0,0.03861462,0.03463954,0.02711465,0.02024146,0.01468262,0.01040515,0.00722032,0.00494808,0.0034667,0.00269293,0.00246973,0.00253161,0.00266573
Gram_error_fro,2.0,1,10,2,0.0,0.05799282,0.0587359,0.05876281,0.05718026,0.05458713,0.0514709,0.04812732,0.04473204,0.04139114,0.03816899,0.03510366,0.03221596,0.0295152
Gram_error_fro,4.0,1,10,2,0.0,0.0567588,0.04475685,0.03516163,0.0281353,0.02280878,0.01867603,0.0154158,0.01280894,0.01070059,0.00897885,0.00756134,0.00638631,0.00540671
Gram_error_fro,4.0,1,10,2,0.0,0.13220575,0.08531202,0.06133834,0.04762334,0.0378768,0.03040714,0.02456968,0.0199733,0.01633145,0.01342656,0.0110933,0.0092063,0.00767029
Gram_error_fro,4.0,1,10,2,0.0,0.01726207,0.01814766,0.01735704,0.01584698,0.01414805,0.01246609,0.0108969,0.00947832,0.00821875,0.00711228,0.00614661,0.00530715,0.00457919
Gram_error_fro,4.0,1,10,2,0.0,0.07581436,0.06665955,0.05770148,0.04943987,0.04206448,0.03564618,0.0301469,0.02547507,0.0215231,0.0181861,0.01536973,0.01299229,0.01098442
Gram_error_fro,2.0,1,10,2,0.0,0.04513428,0.03684128,0.0306284,0.02557428,0.02137093,0.01787718,0.01497788,0.01257096,0.01056934,0.00890087,0.00750664,0.00633874,0.00535824
Gram_error_fro,0.0,1,10,4,0.0,0.0,0.0,0.0,0.0,0.0,0.0,0.0,0.0,0.0,0.0,0.0,0.0,0.0
Gram_error_fro,2.0,1,10,4,0.0,0.10361181,0.07908595,0.05759955,0.0427824,0.03239996,0.02493448,0.0194726,0.01542837,0.01240168,0.0101097,0.00835012,0.00697819,0.00589086
Gram_error_fro,2.0,1,10,4,0.0,0.10034315,0.06930286,0.04482794,0.03011022,0.0213465,0.01597636,0.01253028,0.01018618,0.00849121,0.00719696,0.00616534,0.00531704,0.00460441
Gram_error_fro,2.0,1,10,4,0.0,0.07160373,0.04288519,0.0268502,0.01853125,0.01377563,0.01078101,0.00872881,0.00722272,0.0060601,0.00513081,0.00437056,0.0037389,0.00320852
Gram_error_fro,0.0,1,10,4,0.0,0.0594095,0.04384798,0.02920524,0.01922655,0.01291767,0.00899032,0.00651585,0.00491085,0.00382774,0.00306402,0.00250224,0.0020735,0.00173642
Gram_error_fro,2.0,1,10,4,0.0,0.10923491,0.0819713,0.05789205,0.04196981,0.03124032,0.02371325,0.01828785,0.01431306,0.01136677,0.00915839,0.00748231,0.00619185,0.00518245
Gram_error_fro,2.0,1,10,4,0.0,0.08466643,0.05761171,0.03765674,0.02517524,0.01756678,0.01285454,0.00984363,0.00784825,0.00647259,0.00548297,0.0047385,0.00415321,0.00367434
Gram_error_fro,2.0,1,10,4,0.0,0.0677153,0.04578727,0.03183204,0.02345109,0.01795245,0.01409532,0.01127681,0.00915902,0.00753135,0.00625534,0.00523749,0.00441346,0.00373804
Gram_error_fro,2.0,1,10,4,0.0,0.07805471,0.07542936,0.06421278,0.05304155,0.04352902,0.0357633,0.02950055,0.02445557,0.02037602,0.01705717,0.01433879,0.01209728,0.01023754
Gram_error_fro,2.0,2,10,4,0.0,0.05705268,0.04801608,0.0413917,0.03706618,0.03432351,0.03272444,0.03194387,0.03171088,0.03181485,0.03210759,0.03249282,0.03291149,0.03332918
Gram_error_fro,4.0,2,10,4,0.0,0.10038921,0.07621161,0.05856454,0.04744267,0.04071359,0.03679003,0.03461059,0.03349718,0.03302573,0.03293327,0.03305731,0.03329781,0.03359365
Gram_error_fro,0.0,1,10,5,0.0,0.0,0.0,0.0,0.0,0.0,0.0,0.0,0.0,0.0,0.0,0.0,0.0,0.0
Gram_error_fro,2.0,1,10,5,0.0,0.08274957,0.06497371,0.04566392,0.03180817,0.0228684,0.01725088,0.01365324,0.01122809,0.0094818,0.00814352,0.00706731,0.00617287,0.00541374
Gram_error_fro,0.0,1,10,5,0.0,0.0,0.0,0.0,0.0,0.0,0.0,0.0,0.0,0.0,0.0,0.0,0.0,0.0
Gram_error_fro,2.0,2,10,5,0.0,0.06122996,0.04320371,0.03601836,0.03472335,0.03505853,0.0357682,0.03654678,0.03731392,0.03804287,0.03872211,0.03934626,0.03991358,0.04042479
Gram_error_fro,2.0,1,10,5,0.0,0.067329,0.05234554,0.04217604,0.03591752,0.03121947,0.02716526,0.02352343,0.02026516,0.01739372,0.01490065,0.01276185,0.01094309,0.0094058
Gram_error_fro,2.0,1,10,5,0.0,0.06161951,0.05550841,0.0480497,0.0407894,0.03405523,0.02813635,0.02311595,0.01894701,0.01552811,0.01274461,0.01048736,0.00865993,0.00718052
Gram_error_fro,2.0,1,10,5,0.0,0.12812639,0.10749347,0.08230611,0.06280177,0.0485376,0.03820783,0.03068762,0.02513553,0.02095533,0.01773593,0.01519766,0.01315103,0.0114672
Gram_error_fro,2.0,1,10,5,0.0,0.12926137,0.09157958,0.05875126,0.03793345,0.02529336,0.01767197,0.01304852,0.01017444,0.00829752,0.00698404,0.00599565,0.00520548,0.00454636
Gram_error_fro,2.0,1,10,5,0.0,0.10780237,0.07900863,0.05578292,0.04077005,0.03096227,0.02434335,0.01969835,0.01629527,0.01369579,0.01163786,0.00996272,0.0085712,0.00739871
Gram_error_fro,2.0,1,10,5,0.0,0.05333701,0.03533873,0.02450761,0.01750285,0.01302112,0.01010241,0.00811689,0.00669188,0.00561599,0.00476931,0.00408209,0.00351196,0.00303187
Gram_error_fro,4.0,1,10,5,0.0,0.10769186,0.08772924,0.07425965,0.06549703,0.05851262,0.05242817,0.04700553,0.04215735,0.0378278,0.03396728,0.03052854,0.02746687,0.02474082
Gram_error_fro,0.0,1,10,3,0.0,0.0,0.0,0.0,0.0,0.0,0.0,0.0,0.0,0.0,0.0,0.0,0.0,0.0
Gram_error_fro,0.0,1,10,3,0.0,0.0,0.0,0.0,0.0,0.0,0.0,0.0,0.0,0.0,0.0,0.0,0.0,0.0
Gram_error_fro,2.0,1,10,3,0.0,0.05177828,0.03886886,0.02916245,0.02290892,0.0184541,0.01502451,0.01229405,0.01009224,0.00830625,0.00685168,0.0056628,0.00468788,0.00388603
Gram_error_fro,2.0,1,10,3,0.0,0.05177828,0.03886886,0.02916245,0.02290892,0.0184541,0.01502451,0.01229405,0.01009224,0.00830625,0.00685168,0.0056628,0.00468788,0.00388603
Gram_error_fro,2.0,1,10,3,0.0,0.01082225,0.00478946,0.00297038,0.00238376,0.00214143,0.00199615,0.00187353,0.00175096,0.0016235,0.00149249,0.00136108,0.00123244,0.00110909
Gram_error_fro,0.0,1,10,3,0.0,0.0,0.0,0.0,0.0,0.0,0.0,0.0,0.0,0.0,0.0,0.0,0.0,0.0
Gram_error_fro,2.0,1,10,3,0.0,0.0272193,0.02030186,0.01491599,0.01122858,0.00868634,0.0068552,0.00548079,0.0044176,0.00357828,0.00290686,0.00236522,0.00192596,0.0015686
Gram_error_fro,2.0,1,10,3,0.0,0.06821093,0.04291755,0.03033076,0.02276138,0.01754573,0.01372761,0.01084469,0.008626,0.00689565,0.00553267,0.00445086,0.00358718,0.0028946
Gram_error_fro,2.0,1,10,3,0.0,0.08530204,0.06611465,0.05140266,0.04040051,0.03204914,0.02560811,0.02057463,0.01660024,0.01343762,0.01090662,0.00887261,0.00723286,0.00590765
Gram_error_fro,2.0,1,10,3,0.0,0.03656446,0.01466767,0.00781523,0.00573695,0.00497761,0.00448991,0.00406022,0.00366065,0.0032908,0.00295099,0.00264017,0.00235669,0.00209883
Gram_error_fro,4.0,1,10,3,0.0,0.06529386,0.04756188,0.04208256,0.03886584,0.03614042,0.03351143,0.03091507,0.02837524,0.02592912,0.02360654,0.0214265,0.01939865,0.01752568
Gram_error_fro,0.0,1,10,3,0.0,0.0,0.0,0.0,0.0,0.0,0.0,0.0,0.0,0.0,0.0,0.0,0.0,0.0
Gram_error_fro,2.0,1,10,3,0.0,0.05286406,0.05527805,0.05339432,0.05007535,0.04634674,0.04257748,0.03892775,0.03547747,0.03226524,0.02930494,0.02659529,0.02412616,0.02188264
Gram_error_fro,2.0,1,10,3,0.0,0.11842105,0.09567277,0.07444852,0.06029539,0.05043962,0.0430795,0.03729517,0.03259333,0.0286828,0.02537639,0.02254587,0.02009922,0.01796805
Gram_error_fro,0.0,1,10,3,0.0,0.0,0.0,0.0,0.0,0.0,0.0,0.0,0.0,0.0,0.0,0.0,0.0,0.0
Gram_error_fro,2.0,1,10,3,0.0,0.07869255,0.05679827,0.04638574,0.04028709,0.03594105,0.03249008,0.02957211,0.02701053,0.02471215,0.02262477,0.02071701,0.01896819,0.01736316
Gram_error_fro,2.0,1,10,3,0.0,0.06042037,0.06081471,0.05645924,0.05098649,0.0455959,0.04063497,0.03618286,0.0322316,0.02874299,0.0256693,0.02296184,0.02057487,0.01846706
Gram_error_fro,4.0,1,10,3,0.0,0.07749296,0.08334333,0.07870243,0.07159759,0.0642751,0.05737647,0.05109309,0.04546121,0.04045506,0.03602392,0.03210909,0.02865191,0.0255975
Gram_error_fro,4.0,1,10,3,0.0,0.10603285,0.09488658,0.0845222,0.07656087,0.06931222,0.06246451,0.05607795,0.05022327,0.04492416,0.04016705,0.03591728,0.0321308,0.02876112
Gram_error_fro,2.0,1,10,3,0.0,0.12361702,0.09656347,0.07155147,0.05582816,0.04581595,0.03884396,0.03355984,0.02931409,0.0257792,0.02277374,0.02018586,0.01793945,0.01597859
Gram_error_fro,4.0,1,10,3,0.0,0.11081658,0.0798736,0.06374094,0.054932,0.04879461,0.04381242,0.03948939,0.03564002,0.03218013,0.02906114,0.02624789,0.02371093,0.02142387
Gram_error_fro,2.0,1,10,3,0.0,0.02982368,0.02359266,0.02112265,0.01906246,0.0171541,0.01548317,0.01405803,0.01284385,0.01179801,0.01088346,0.01007154,0.00934116,0.00867712
Gram_error_fro,0.0,1,10,1,0.0,0.0,0.0,0.0,0.0,0.0,0.0,0.0,0.0,0.0,0.0,0.0,0.0,0.0
Gram_error_fro,2.0,1,10,1,0.0,0.01071885,0.00334928,0.00239609,0.00207629,0.00177021,0.00145623,0.00116183,0.00090144,0.00067865,0.00049201,0.00033811,0.00021294,0.00011251
Gram_error_fro,0.0,1,10,1,0.0,0.0,0.0,0.0,0.0,0.0,0.0,0.0,0.0,0.0,0.0,0.0,0.0,0.0
Gram_error_fro,2.0,1,10,1,0.0,0.00439831,0.00121601,3.465e-05,0.00037626,0.00051642,0.0005603,0.00056518,0.00055036,0.00052408,0.00049108,0.00045461,0.00041691,0.00037953
Gram_error_fro,2.0,1,10,1,0.0,0.0020383,0.00035633,0.000342,0.00074139,0.00097764,0.00111616,0.00119544,0.00123674,0.00125167,0.001247,0.00122718,0.0011955,0.00115465
Gram_error_fro,2.0,1,10,1,0.0,0.04012976,0.02425666,0.01884544,0.01560385,0.01317488,0.01120826,0.00956579,0.00817566,0.00699215,0.00598191,0.00511857,0.00438036,0.00374898
Gram_error_fro,2.0,1,10,1,0.0,0.04171202,0.03424332,0.02789248,0.02298506,0.0190349,0.01579364,0.01311714,0.01090504,0.0090775,0.00756779,0.00631984,0.00528694,0.00443056
Gram_error_fro,0.0,1,10,1,0.0,0.0,0.0,0.0,0.0,0.0,0.0,0.0,0.0,0.0,0.0,0.0,0.0,0.0
Gram_error_fro,2.0,1,10,1,0.0,0.04057225,0.02442535,0.0191149,0.01592419,0.01350498,0.01153094,0.00987441,0.00846735,0.00726558,0.00623657,0.00535448,0.00459792,0.00394884
Gram_error_fro,2.0,1,10,1,0.0,0.01374024,0.0045835,0.00328198,0.00321266,0.00328136,0.00329289,0.00323514,0.00312694,0.00298616,0.0028257,0.00265452,0.00247892,0.00230338
Gram_error_fro,2.0,1,10,1,0.0,0.00180004,0.00052297,0.00046868,0.00046662,0.00040258,0.00030312,0.00019899,0.0001067,3.213e-05,2.44e-05,6.497e-05,9.238e-05,0.00010945
Gram_error_fro,0.0,1,10,2,0.0,0.0,0.0,0.0,0.0,0.0,0.0,0.0,0.0,0.0,0.0,0.0,0.0,0.0
Gram_error_fro,2.0,1,10,2,0.0,0.06070186,0.06493217,0.06188342,0.05707876,0.05192832,0.04688297,0.04211771,0.03770781,0.03368026,0.0300346,0.02675462,0.02381573,0.02118963
Gram_error_fro,2.0,1,10,2,0.0,0.03954298,0.0362905,0.03370224,0.03134774,0.02916185,0.02713506,0.02524731,0.02347931,0.02181767,0.02025415,0.0187837,0.01740282,0.01610853
Gram_error_fro,2.0,1,10,2,0.0,0.07260373,0.06440758,0.05576974,0.04869866,0.04286933,0.03795299,0.03372191,0.03003014,0.02678208,0.02391029,0.02136333,0.01909955,0.01708407
Gram_error_fro,2.0,1,10,2,0.0,0.09789586,0.06185251,0.05270485,0.04843664,0.04466495,0.04093488,0.03728789,0.03379957,0.03052272,0.02748573,0.02469851,0.0221586,0.01985579
Gram_error_fro,2.0,1,10,2,0.0,0.08062362,0.07461568,0.06834451,0.06199988,0.05584584,0.05008529,0.04479781,0.03999793,0.03567005,0.03178481,0.02830702,0.02519986,0.02242727
Gram_error_fro,4.0,1,10,2,0.0,0.07444129,0.07428793,0.06827887,0.0615248,0.05503837,0.04908813,0.04371919,0.03890834,0.03461262,0.0307846,0.02737748,0.02434709,0.02165268
Gram_error_fro,2.0,1,10,2,0.0,0.11814589,0.10984842,0.09732218,0.08547768,0.07480443,0.065355,0.05705984,0.04981215,0.04349677,0.0380016,0.03322268,0.02906636,0.02544983
Gram_error_fro,2.0,1,10,2,0.0,0.06070186,0.06493217,0.060634,0.05453617,0.04839115,0.04267667,0.03751184,0.0329078,0.02883748,0.02525839,0.02212231,0.0193804,0.01698603
Gram_error_fro,4.0,1,10,2,0.0,0.06938629,0.07510132,0.0718993,0.06613276,0.05985697,0.05373349,0.0479984,0.04273866,0.03797575,0.03369794,0.02987642,0.02647448,0.02345285
Gram_error_fro,4.0,1,10,2,0.0,0.07969925,0.08171614,0.07549004,0.06776668,0.06025693,0.05339432,0.0472506,0.04179406,0.03696485,0.0326979,0.02893049,0.02560476,0.02266848
Gram_error_fro,0.0,1,10,6,0.0,0.0,0.0,0.0,0.0,0.0,0.0,0.0,0.0,0.0,0.0,0.0,0.0,0.0
Gram_error_fro,0.0,1,10,6,0.0,0.09838191,0.09163926,0.07396132,0.057382,0.04382118,0.03322653,0.02510627,0.01893529,0.01426407,0.01073514,0.00807239,0.00606512,0.00455331
Gram_error_fro,2.0,1,10,6,0.0,0.08021229,0.07247532,0.05807278,0.04494743,0.03432239,0.02606207,0.01974617,0.01495071,0.01131941,0.00857163,0.00649219,0.00491793,0.00372568
Gram_error_fro,2.0,1,10,6,0.0,0.09361978,0.08240473,0.06785199,0.05464904,0.04335911,0.03408232,0.02664501,0.02076505,0.01615187,0.01254795,0.00973944,0.00755424,0.00585593
Gram_error_fro,2.0,1,10,6,0.0,0.07290743,0.04567305,0.02627541,0.01553753,0.00959465,0.0061475,0.00404241,0.00270221,0.00182388,0.0012376,0.00084201,0.0005735,0.00039068
Gram_error_fro,0.0,1,10,6,0.0,0.06164018,0.03490247,0.01959306,0.01191768,0.00764035,0.00500758,0.00330705,0.00218929,0.00145061,0.00096174,0.00063808,0.00042375,0.00028176
Gram_error_fro,2.0,1,10,6,0.0,0.09487845,0.08593409,0.06941029,0.05483459,0.04309377,0.03379289,0.02644486,0.02064708,0.01608213,0.01249801,0.00969265,0.00750344,0.00579973
Gram_error_fro,2.0,1,10,6,0.0,0.11982798,0.10167981,0.07941264,0.06090804,0.0462996,0.03500469,0.02637538,0.0198297,0.01488615,0.0111628,0.00836354,0.00626172,0.00468515
Gram_error_fro,2.0,1,10,6,0.0,0.09706897,0.09048062,0.07404088,0.05820702,0.04489126,0.03425267,0.02596739,0.01960586,0.01476232,0.01109384,0.00832492,0.00623999,0.00467287
Gram_error_fro,2.0,1,10,6,0.0,0.11773947,0.09843728,0.0742525,0.05486747,0.04043195,0.02987067,0.02215414,0.01649406,0.01232084,0.0092285,0.00692722,0.00520858,0.00392146
Gram_error_fro,2.0,1,10,6,0.0,0.12022629,0.10644266,0.08325158,0.06336294,0.04777397,0.03587147,0.02688077,0.02012346,0.01505681,0.01126205,0.00842139,0.00629555,0.00470502
Gram_error_fro,0.0,1,10,2,0.0,0.0,0.0,0.0,0.0,0.0,0.0,0.0,0.0,0.0,0.0,0.0,0.0,0.0
Gram_error_fro,2.0,1,10,2,0.0,0.02624306,0.01203183,0.00863951,0.00935743,0.01042703,0.01098429,0.01105706,0.01078986,0.01030659,0.00969679,0.00902206,0.00832384,0.00762949
Gram_error_fro,2.0,1,10,2,0.0,0.05581772,0.02340824,0.01803408,0.01597729,0.01431356,0.01283005,0.01151133,0.01034466,0.00931336,0.0084004,0.00759019,0.00686906,0.00622526
Gram_error_fro,2.0,1,10,2,0.0,0.0412134,0.03023308,0.02510803,0.02167593,0.01890439,0.01651602,0.01442943,0.01260733,0.01102,0.00963929,0.00843887,0.00739487,0.00648621
Gram_error_fro,0.0,1,10,2,0.0,0.0,0.0,0.0,0.0,0.0,0.0,0.0,0.0,0.0,0.0,0.0,0.0,0.0
Gram_error_fro,0.0,1,10,2,0.0,0.0,0.0,0.0,0.0,0.0,0.0,0.0,0.0,0.0,0.0,0.0,0.0,0.0
Gram_error_fro,4.0,1,10,2,0.0,0.09724209,0.06290779,0.04948197,0.04166987,0.03585319,0.03108698,0.02704371,0.02356852,0.02056451,0.01795973,0.01569655,0.01372719,0.01201146
Gram_error_fro,4.0,1,10,2,0.0,0.08322355,0.05770726,0.04667969,0.03975652,0.03440545,0.02993838,0.02610996,0.02279945,0.0199268,0.01742944,0.01525534,0.01336038,0.01170695
Gram_error_fro,4.0,1,10,2,0.0,0.0309305,0.0163584,0.00707843,0.00440662,0.00644479,0.00831168,0.00936379,0.0097801,0.0097629,0.00946536,0.00899527,0.00842676,0.00781021
Gram_error_fro,4.0,1,10,2,0.0,0.07155138,0.04615489,0.03515918,0.02868858,0.02411474,0.02056766,0.01768651,0.01529049,0.01327122,0.01155458,0.01008588,0.00882294,0.0077324
Gram_error_fro,2.0,1,10,2,0.0,0.02989047,0.01635052,0.00726278,0.00186535,0.00303354,0.00527915,0.00663156,0.00731783,0.00755117,0.00748627,0.00723092,0.00685924,0.00642194
Gram_error_fro,0.0,1,10,2,0.0,0.0,0.0,0.0,0.0,0.0,0.0,0.0,0.0,0.0,0.0,0.0,0.0,0.0
Gram_error_fro,2.0,1,10,2,0.0,0.03159693,0.02603699,0.02238031,0.01931068,0.01670553,0.01450353,0.01264253,0.01106489,0.00972076,0.0085688,0.00757555,0.00671423,0.00596344
Gram_error_fro,2.0,1,10,2,0.0,0.07933305,0.07797345,0.07210306,0.06500926,0.05785532,0.05114105,0.0450432,0.03959614,0.0347738,0.03052579,0.02679392,0.02352006,0.02064963
Gram_error_fro,2.0,1,10,2,0.0,0.09664409,0.08710408,0.07737055,0.06814059,0.05964238,0.05204884,0.0453747,0.03955487,0.03449791,0.03010956,0.02630176,0.02299572,0.0201225
Gram_error_fro,2.0,1,10,2,0.0,0.07509157,0.07517993,0.06794066,0.05995397,0.05250626,0.04588674,0.0400979,0.03506238,0.03068775,0.02688594,0.02357842,0.02069694,0.01818278
Gram_error_fro,0.0,1,10,2,0.0,0.07497026,0.07501612,0.06794043,0.06004343,0.05256989,0.04583446,0.03988162,0.03467039,0.03013251,0.02619288,0.02277804,0.01981988,0.01725725
Gram_error_fro,0.0,1,10,2,0.0,0.0,0.0,0.0,0.0,0.0,0.0,0.0,0.0,0.0,0.0,0.0,0.0,0.0
Gram_error_fro,2.0,1,10,2,0.0,0.09353191,0.06558049,0.05511716,0.04801434,0.04204469,0.03683486,0.03226798,0.02826952,0.02477513,0.0217254,0.01906555,0.01674579,0.01472162
Gram_error_fro,4.0,1,10,2,0.0,0.12794114,0.10949843,0.09305198,0.07928769,0.06766865,0.05786823,0.04959827,0.04260684,0.0366818,0.03164714,0.02735745,0.02369268,0.02055358
Gram_error_fro,4.0,1,10,2,0.0,0.11027564,0.07583292,0.05921451,0.04749881,0.03834684,0.0310589,0.02522365,0.02053383,0.0167509,0.01368877,0.011202,0.00917651,0.00752248
Gram_error_fro,4.0,1,10,2,0.0,0.09345494,0.05193513,0.04205625,0.03765674,0.03394427,0.030504,0.02733347,0.02444117,0.02182285,0.01946563,0.01735175,0.01546108,0.01377291
Gram_error_fro,0.0,1,10,1,0.0,0.0,0.0,0.0,0.0,0.0,0.0,0.0,0.0,0.0,0.0,0.0,0.0,0.0
Gram_error_fro,0.0,1,10,1,0.0,0.0,0.0,0.0,0.0,0.0,0.0,0.0,0.0,0.0,0.0,0.0,0.0,0.0
Gram_error_fro,2.0,1,10,1,0.0,0.01144416,0.00376815,0.00314008,0.0030326,0.00282032,0.00253255,0.00223117,0.00194769,0.00169313,0.00146923,0.00127407,0.00110467,0.00095786
Gram_error_fro,2.0,1,10,1,0.0,0.0088459,0.00307511,0.00320353,0.00342987,0.00336099,0.00312065,0.00281565,0.00250131,0.00220244,0.00192902,0.00168399,0.00146703,0.00127635
Gram_error_fro,2.0,1,10,1,0.0,0.0309486,0.02131654,0.01606543,0.01270888,0.01033428,0.00853374,0.00710505,0.00594236,0.00498351,0.0041871,0.00352283,0.00296722,0.00250153
Gram_error_fro,2.0,1,10,1,0.0,0.02943515,0.02099902,0.01590858,0.01258361,0.01022333,0.00843588,0.00701986,0.00586875,0.0049201,0.00413254,0.00347586,0.00292676,0.00246664
Gram_error_fro,4.0,1,10,1,0.0,0.07297052,0.04772412,0.03886044,0.03323255,0.02866718,0.02475609,0.02137644,0.01845735,0.01594021,0.01377237,0.01190647,0.01030055,0.00891786
Gram_error_fro,2.0,1,10,1,0.0,0.00704586,0.00255214,0.00273485,0.00296325,0.00295841,0.00281753,0.00261666,0.0023946,0.00217032,0.00195343,0.00174896,0.00155941,0.0013858
Gram_error_fro,2.0,1,10,1,0.0,0.02943515,0.02099902,0.01590858,0.01258361,0.01022333,0.00843588,0.00701986,0.00586875,0.0049201,0.00413254,0.00347586,0.00292676,0.00246664
Gram_error_fro,2.0,1,10,1,0.0,0.00248803,0.00063488,1.794e-05,0.0001614,0.00022792,0.00025636,0.00026391,0.00025777,0.00024327,0.00022439,0.0002038,0.00018316,0.00016338
Gram_error_fro,2.0,1,10,1,0.0,0.00704586,0.00255214,0.00273485,0.00296325,0.00295841,0.00281753,0.00261666,0.0023946,0.00217032,0.00195343,0.00174896,0.00155941,0.0013858
Gram_error_fro,0.0,1,10,2,0.0,0.0,0.0,0.0,0.0,0.0,0.0,0.0,0.0,0.0,0.0,0.0,0.0,0.0
Gram_error_fro,2.0,1,10,2,0.0,0.0416146,0.02890225,0.02068885,0.01598162,0.01280075,0.01041254,0.00854398,0.00705313,0.00584869,0.00486701,0.00406177,0.00339814,0.00284923
Gram_error_fro,2.0,1,10,2,0.0,0.08419932,0.04543247,0.03131958,0.02367682,0.01840179,0.01451938,0.01159183,0.0093471,0.00760115,0.00622609,0.00513135,0.00425166,0.00353907
Gram_error_fro,2.0,1,10,2,0.0,0.08419932,0.04543247,0.03131958,0.02367682,0.01840179,0.01451938,0.01159183,0.0093471,0.00760115,0.00622609,0.00513135,0.00425166,0.00353907
Gram_error_fro,2.0,1,10,2,0.0,0.0231695,0.01448813,0.01454949,0.01403707,0.0130898,0.01195243,0.01076427,0.00960231,0.00850732,0.0074988,0.00658383,0.0057624,0.00503054
Gram_error_fro,2.0,1,10,2,0.0,0.08423049,0.05002533,0.03710099,0.03135508,0.02757865,0.02453578,0.02189568,0.01954944,0.01745004,0.01556926,0.01388524,0.0123788,0.01103242
Gram_error_fro,2.0,1,10,2,0.0,0.08159454,0.03724083,0.02185692,0.01511749,0.01107568,0.00829836,0.00629218,0.00481265,0.00370954,0.00288088,0.00225437,0.00177777,0.00141292
Gram_error_fro,0.0,1,10,2,0.0,0.0,0.0,0.0,0.0,0.0,0.0,0.0,0.0,0.0,0.0,0.0,0.0,0.0
Gram_error_fro,4.0,1,10,2,0.0,0.03211571,0.03079632,0.03165556,0.03036113,0.02827884,0.02600428,0.0237469,0.02159024,0.01957076,0.01770311,0.01599017,0.01442818,0.01300958
Gram_error_fro,0.0,1,10,2,0.0,0.07092636,0.05068827,0.03679529,0.02739191,0.02063203,0.01563701,0.01190686,0.00910778,0.00700001,0.0054072,0.00419881,0.0032781,0.00257336
Gram_error_fro,2.0,1,10,2,0.0,0.00345989,0.00144512,0.00098869,0.00210633,0.00284617,0.00321246,0.00331569,0.0032483,0.00307766,0.00285031,0.00259727,0.00233858,0.0020867
Gram_error_fro,0.0,1,10,2,0.0,0.0,0.0,0.0,0.0,0.0,0.0,0.0,0.0,0.0,0.0,0.0,0.0,0.0
Gram_error_fro,2.0,1,10,2,0.0,0.05929173,0.03354204,0.0226893,0.01670863,0.01276038,0.00996383,0.00792329,0.00641184,0.00528012,0.00442252,0.00376227,0.0032436,0.00282651
Gram_error_fro,2.0,1,10,2,0.0,0.06632776,0.02144159,0.00747499,0.00342902,0.00246835,0.00259628,0.00284695,0.00297591,0.00297558,0.00288107,0.00272705,0.00253998,0.00233828
Gram_error_fro,2.0,1,10,2,0.0,0.06632776,0.02144159,0.00747499,0.00342902,0.00246835,0.00259628,0.00284695,0.00297591,0.00297558,0.00288107,0.00272705,0.00253998,0.00233828
Gram_error_fro,2.0,1,10,2,0.0,0.03741439,0.02374561,0.01774154,0.01419569,0.01169132,0.00976663,0.00822445,0.00696249,0.00591756,0.00504566,0.00431394,0.003697,0.00317478
Gram_error_fro,2.0,1,10,2,0.0,0.03150192,0.02236284,0.01870622,0.01622012,0.01424384,0.01255913,0.01108171,0.00977359,0.00861279,0.00758311,0.00667079,0.00586354,0.00515013
Gram_error_fro,2.0,1,10,2,0.0,0.02110556,0.01638954,0.01585279,0.01519154,0.01427097,0.01319181,0.01204364,0.01088977,0.00977219,0.00871696,0.0077386,0.00684365,0.00603328
Gram_error_fro,2.0,1,10,2,0.0,0.06363419,0.02559405,0.01600458,0.01197735,0.00951297,0.0077852,0.0064892,0.00547672,0.00466425,0.00399976,0.00344843,0.00298578,0.00259399
Gram_error_fro,2.0,1,10,2,0.0,0.06804102,0.04540092,0.03200286,0.0233949,0.01744072,0.01325281,0.01030844,0.00823716,0.00676704,0.00570183,0.00490469,0.00428396,0.00378053
Gram_error_fro,2.0,1,10,2,0.0,0.03741439,0.02374561,0.01774154,0.01419569,0.01169132,0.00976663,0.00822445,0.00696249,0.00591756,0.00504566,0.00431394,0.003697,0.00317478
Gram_error_fro,2.0,1,10,2,0.0,0.06027206,0.04576131,0.03547146,0.02805623,0.02240822,0.01805444,0.01468667,0.01206789,0.01001506,0.00838986,0.00708926,0.00603694,0.00517633
Gram_error_fro,0.0,1,10,5,0.0,0.0,0.0,0.0,0.0,0.0,0.0,0.0,0.0,0.0,0.0,0.0,0.0,0.0
Gram_error_fro,2.0,1,10,5,0.0,0.06374972,0.04496211,0.03089263,0.02126479,0.01502337,0.01108068,0.0085735,0.00691547,0.00575021,0.00487723,0.00418785,0.00362287,0.0031486
Gram_error_fro,2.0,1,10,5,0.0,0.10304932,0.08549748,0.06106007,0.04291672,0.0304741,0.02196585,0.01608855,0.01198991,0.0091121,0.00708058,0.00563721,0.00460085,0.00384378
Gram_error_fro,2.0,1,10,5,0.0,0.0802772,0.06852606,0.05264596,0.04095632,0.03261903,0.0264581,0.02174163,0.0180342,0.01506305,0.01264735,0.01066159,0.00901542,0.00764185
Gram_error_fro,2.0,1,10,5,0.0,0.06508687,0.05941789,0.0508134,0.04217944,0.03447544,0.02802009,0.02279728,0.01864465,0.01536091,0.01275717,0.01067615,0.00899493,0.00762084
Gram_error_fro,2.0,1,10,5,0.0,0.08730244,0.0678751,0.04768934,0.03341761,0.02393528,0.0177614,0.01373524,0.01104202,0.00915408,0.00775309,0.00665652,0.00576183,0.00501082
Gram_error_fro,2.0,1,10,5,0.0,0.11773951,0.09794678,0.07327742,0.05484389,0.04170327,0.03223358,0.02529996,0.02015041,0.01627272,0.01330982,0.01101038,0.00919699,0.00774436
Gram_error_fro,0.0,1,10,5,0.0,0.0,0.0,0.0,0.0,0.0,0.0,0.0,0.0,0.0,0.0,0.0,0.0,0.0
Gram_error_fro,2.0,1,10,5,0.0,0.08825019,0.07541781,0.05816597,0.04402373,0.0334087,0.02563321,0.01998042,0.01587263,0.01286982,0.01064537,0.00896314,0.00765732,0.00661478
Gram_error_fro,2.0,1,10,5,0.0,0.11228293,0.08822819,0.06034965,0.04147172,0.02929245,0.02121716,0.01568849,0.0118209,0.00908191,0.00712725,0.00572158,0.00469904,0.00394189
Gram_error_fro,2.0,1,10,5,0.0,0.08129321,0.05315798,0.03197886,0.02000809,0.01352817,0.00990395,0.00771759,0.00627538,0.00524397,0.00445749,0.00382864,0.00330879,0.00286938
Gram_error_fro,0.0,1,10,4,0.0,0.0,0.0,0.0,0.0,0.0,0.0,0.0,0.0,0.0,0.0,0.0,0.0,0.0
Gram_error_fro,0.0,1,10,4,0.0,0.0564231,0.03221884,0.02196524,0.01648606,0.01323667,0.01106725,0.00945253,0.00816236,0.00709069,0.00618224,0.00540356,0.0047317,0.00414947
Gram_error_fro,2.0,1,10,4,0.0,0.04445481,0.03899364,0.03460509,0.0312792,0.02839579,0.0257502,0.02330664,0.02106231,0.01901257,0.01714741,0.01545383,0.01391801,0.01252648
Gram_error_fro,2.0,1,10,4,0.0,0.07478383,0.04897245,0.03310965,0.0235655,0.01817627,0.01514766,0.01327389,0.01193212,0.01085194,0.00992364,0.00910114,0.00836214,0.00769343
Gram_error_fro,2.0,1,10,4,0.0,0.09684608,0.08313408,0.06452031,0.05058643,0.04068818,0.03350216,0.02809554,0.02388467,0.02050859,0.01773942,0.01542829,0.01347401,0.01180503
Gram_error_fro,2.0,1,10,4,0.0,0.0790717,0.06419943,0.05166467,0.04261997,0.03598767,0.03097384,0.02704905,0.02386476,0.02119736,0.01890649,0.01690423,0.01513428,0.01355889
Gram_error_fro,4.0,1,10,4,0.0,0.08804152,0.0616954,0.04350257,0.03313849,0.02706854,0.0230686,0.02008936,0.01768132,0.01564813,0.01389402,0.01236394,0.01102085,0.00983689
Gram_error_fro,2.0,1,10,4,0.0,0.04325785,0.03736638,0.03243127,0.02858543,0.02526143,0.02227959,0.01960903,0.01723943,0.01515244,0.01332229,0.01172049,0.01031917,0.00909279
Gram_error_fro,4.0,1,10,4,0.0,0.08589922,0.07429248,0.06062478,0.04968856,0.04145112,0.03514072,0.03012789,0.02601896,0.02257899,0.01966099,0.01716525,0.01501875,0.01316507
Gram_error_fro,2.0,1,10,4,0.0,0.13524499,0.09579514,0.06010495,0.03941067,0.02885462,0.02355438,0.02055365,0.01847901,0.01679402,0.0153059,0.01394683,0.0126922,0.01153186
Gram_error_fro,2.0,1,10,4,0.0,0.08444371,0.06353068,0.04317951,0.03053053,0.02387493,0.02058258,0.01882439,0.01768645,0.01678901,0.01598636,0.01522433,0.01448377,0.01375901
Gram_error_fro,0.0,1,10,4,0.0,0.0,0.0,0.0,0.0,0.0,0.0,0.0,0.0,0.0,0.0,0.0,0.0,0.0
Gram_error_fro,2.0,1,10,4,0.0,0.04298587,0.0305464,0.02169218,0.01614352,0.01236362,0.00961656,0.00756852,0.00602773,0.0048602,0.00396636,0.00327258,0.00272548,0.00228709
Gram_error_fro,2.0,2,10,4,0.0,0.06771277,0.04870543,0.03507002,0.0289632,0.02746451,0.02784981,0.02879789,0.02983366,0.03080684,0.03167593,0.03243531,0.03309142,0.03365453
Gram_error_fro,2.0,1,10,4,0.0,0.05824592,0.04645799,0.0332805,0.02342993,0.01669642,0.01214133,0.009005,0.00679354,0.00520108,0.00403518,0.00317007,0.00252044,0.00202681
Gram_error_fro,2.0,1,10,4,0.0,0.07505208,0.04695997,0.0293435,0.01981699,0.01452628,0.01127068,0.00902836,0.00735534,0.00604937,0.00500533,0.00415955,0.00346868,0.00290097
Gram_error_fro,2.0,1,10,4,0.0,0.0645504,0.04677317,0.03235643,0.02296734,0.01675494,0.01251087,0.00952873,0.00738218,0.00580433,0.00462291,0.00372373,0.00302926,0.00248578
Gram_error_fro,2.0,1,10,4,0.0,0.0905517,0.06535477,0.04199882,0.02676003,0.01731003,0.01144446,0.00773565,0.00532973,0.00372908,0.0026434,0.00189938,0.00138923,0.00104223
Gram_error_fro,2.0,1,10,4,0.0,0.08758471,0.05869047,0.03888561,0.02693809,0.01981868,0.01545352,0.01261766,0.01062987,0.00912702,0.00791961,0.00690825,0.00603916,0.00528153
Gram_error_fro,2.0,2,10,4,0.0,0.07733089,0.05217528,0.03781182,0.03037873,0.02767067,0.02744847,0.02823561,0.02931663,0.03039965,0.03138077,0.03223285,0.03295855,0.03357094
Gram_error_fro,2.0,2,10,4,0.0,0.08656898,0.05154364,0.03352887,0.02786496,0.02738474,0.02832645,0.02947989,0.03054543,0.03146961,0.03225859,0.03293015,0.03350207,0.03398971
Gram_error_fro,2.0,1,10,4,0.0,0.09715953,0.06575013,0.04490809,0.03229771,0.02428181,0.01888026,0.01505505,0.01223865,0.01010133,0.00843961,0.0071214,0.00605754,0.00518609
Gram_error_fro,0.0,1,10,4,0.0,0.0,0.0,0.0,0.0,0.0,0.0,0.0,0.0,0.0,0.0,0.0,0.0,0.0
Gram_error_fro,2.0,1,10,4,0.0,0.06970966,0.07061184,0.06219364,0.05209686,0.04273073,0.03478509,0.02829992,0.02309257,0.0189318,0.01560307,0.01292773,0.01076411,0.00900237
Gram_error_fro,2.0,1,10,4,0.0,0.09351266,0.05796282,0.03334698,0.02003822,0.01258942,0.00811503,0.00528974,0.0034599,0.00226263,0.00147719,0.00096232,0.00062553,0.0004058
Gram_error_fro,2.0,1,10,4,0.0,0.05343508,0.05012858,0.04103466,0.03179248,0.02407853,0.01813641,0.01371357,0.01045517,0.00804683,0.00624865,0.00488901,0.00384816,0.00304275
Gram_error_fro,0.0,1,10,4,0.0,0.0,0.0,0.0,0.0,0.0,0.0,0.0,0.0,0.0,0.0,0.0,0.0,0.0
Gram_error_fro,2.0,1,10,4,0.0,0.05343508,0.05012858,0.04103466,0.03179248,0.02407853,0.01813641,0.01371357,0.01045517,0.00804683,0.00624865,0.00488901,0.00384816,0.00304275
Gram_error_fro,2.0,1,10,4,0.0,0.1220279,0.09553873,0.07208896,0.05532592,0.04299301,0.03370153,0.0266251,0.02120153,0.01701909,0.01377008,0.01122466,0.00921202,0.00760567
Gram_error_fro,4.0,1,10,4,0.0,0.09783474,0.08516106,0.06864599,0.0556827,0.04557778,0.03753314,0.03106323,0.02583408,0.02158919,0.01812543,0.01528244,0.01293461,0.010984
Gram_error_fro,2.0,1,10,4,0.0,0.10271173,0.08122915,0.06360981,0.0522039,0.04384305,0.03708784,0.03142908,0.02664971,0.02261262,0.01920611,0.01633282,0.01390814,0.01185967
Gram_error_fro,2.0,1,10,4,0.0,0.12876557,0.09989847,0.07411307,0.05658555,0.04421025,0.03508514,0.02817584,0.02285242,0.01869402,0.01540593,0.01277706,0.01065408,0.00892424
Gram_error_fro,4.0,1,10,4,0.0,0.09966883,0.06350551,0.03838303,0.02468544,0.01698243,0.01223016,0.00904607,0.00680198,0.00517809,0.00398602,0.0031021,0.00244033,0.00193959
Gram_error_fro,0.0,1,10,2,0.0,0.0,0.0,0.0,0.0,0.0,0.0,0.0,0.0,0.0,0.0,0.0,0.0,0.0
Gram_error_fro,0.0,1,10,2,0.0,0.0,0.0,0.0,0.0,0.0,0.0,0.0,0.0,0.0,0.0,0.0,0.0,0.0
Gram_error_fro,2.0,1,10,2,0.0,0.04029291,0.02331377,0.01520593,0.01062194,0.00771143,0.00573901,0.00434422,0.00332961,0.00257712,0.00201109,0.00158057,0.00125009,0.00099439
Gram_error_fro,2.0,2,10,2,0.0,0.05249799,0.03623453,0.02992571,0.02665352,0.02476853,0.0236398,0.02295286,0.02253329,0.02227909,0.02212849,0.02204309,0.02199859,0.02197945
Gram_error_fro,2.0,1,10,2,0.0,0.02804116,0.01781141,0.01289711,0.00997679,0.00799146,0.00653578,0.00542183,0.00454603,0.00384356,0.00327086,0.00279761,0.00240218,0.00206881
Gram_error_fro,2.0,1,10,2,0.0,0.02804116,0.01781141,0.01289711,0.00997679,0.00799146,0.00653578,0.00542183,0.00454603,0.00384356,0.00327086,0.00279761,0.00240218,0.00206881
Gram_error_fro,2.0,1,10,2,0.0,0.04739446,0.01247585,0.00444961,0.00241793,0.00180853,0.00154067,0.00134246,0.00115997,0.00098852,0.00083146,0.00069158,0.00056988,0.00046597
Gram_error_fro,2.0,1,10,2,0.0,0.03793727,0.0231849,0.01683842,0.01303884,0.01035882,0.00834931,0.00679486,0.00556863,0.00458816,0.00379647,0.00315239,0.0026253,0.00219189
Gram_error_fro,4.0,1,10,2,0.0,0.06808551,0.03591105,0.02397491,0.01690722,0.01203433,0.00858251,0.00612004,0.00435699,0.00309175,0.00218266,0.00152945,0.00106068,0.00072519
Gram_error_fro,2.0,1,10,2,0.0,0.04251437,0.02473391,0.01661628,0.01194046,0.00881908,0.0065982,0.00497097,0.00376164,0.00285603,0.00217461,0.00166009,0.00127045,0.00097462
Gram_error_fro,0.0,1,10,2,0.0,0.011264,0.00324186,0.00195342,0.00173587,0.00165703,0.00156017,0.00143853,0.00130604,0.00117339,0.00104655,0.00092844,0.00082025,0.00072223
Gram_error_fro,0.0,1,10,2,0.0,0.0,0.0,0.0,0.0,0.0,0.0,0.0,0.0,0.0,0.0,0.0,0.0,0.0
Gram_error_fro,2.0,1,10,2,0.0,0.0742875,0.0522673,0.03865612,0.02948807,0.02277069,0.01773317,0.01392211,0.01101637,0.00878197,0.00704878,0.00569303,0.00462421,0.00377553
Gram_error_fro,2.0,1,10,2,0.0,0.03756887,0.03258975,0.02926764,0.0265115,0.02406281,0.02184776,0.01983007,0.0179873,0.01630339,0.01476536,0.01336184,0.01208242,0.01091741
Gram_error_fro,2.0,1,10,2,0.0,0.01778083,0.01734141,0.01713496,0.01616857,0.01488514,0.01351197,0.01216203,0.01088558,0.00970308,0.00862106,0.00763915,0.00675349,0.00595837
Gram_error_fro,2.0,1,10,2,0.0,0.06490124,0.0482895,0.03572337,0.02687341,0.02044747,0.01572695,0.01222491,0.00959667,0.00760026,0.00606628,0.00487531,0.00394208,0.00320486
Gram_error_fro,2.0,1,10,2,0.0,0.03269283,0.02504776,0.02127402,0.01832046,0.01586892,0.01378804,0.01200217,0.01046002,0.00912301,0.00796054,0.00694773,0.00606396,0.00529198
Gram_error_fro,4.0,1,10,2,0.0,0.0804714,0.0357745,0.0211941,0.016285,0.01374841,0.01194846,0.01050709,0.00930198,0.00827224,0.0073788,0.00659434,0.00589935,0.00527967
Gram_error_fro,2.0,1,10,2,0.0,0.06490124,0.0482895,0.03572337,0.02687341,0.02044747,0.01572695,0.01222491,0.00959667,0.00760026,0.00606628,0.00487531,0.00394208,0.00320486
Gram_error_fro,2.0,1,10,2,0.0,0.03269283,0.02504776,0.02127402,0.01832046,0.01586892,0.01378804,0.01200217,0.01046002,0.00912301,0.00796054,0.00694773,0.00606396,0.00529198
Gram_error_fro,2.0,1,10,2,0.0,0.06490124,0.0482895,0.03572337,0.02687341,0.02044747,0.01572695,0.01222491,0.00959667,0.00760026,0.00606628,0.00487531,0.00394208,0.00320486
Gram_error_fro,2.0,1,10,2,0.0,0.03269283,0.02504776,0.02127402,0.01832046,0.01586892,0.01378804,0.01200217,0.01046002,0.00912301,0.00796054,0.00694773,0.00606396,0.00529198
Gram_error_fro,0.0,1,10,5,0.0,0.0,0.0,0.0,0.0,0.0,0.0,0.0,0.0,0.0,0.0,0.0,0.0,0.0
Gram_error_fro,2.0,1,10,5,0.0,0.08907902,0.07154164,0.05457614,0.04207148,0.03279017,0.0257897,0.02046438,0.01639255,0.01326257,0.01083924,0.00894522,0.00744807,0.0062499
Gram_error_fro,0.0,1,10,5,0.0,0.0,0.0,0.0,0.0,0.0,0.0,0.0,0.0,0.0,0.0,0.0,0.0,0.0
Gram_error_fro,2.0,1,10,5,0.0,0.11104604,0.09531166,0.07304379,0.05532753,0.04210619,0.03227613,0.02493889,0.01944327,0.01531343,0.01219625,0.00982813,0.00801283,0.00660538
Gram_error_fro,2.0,1,10,5,0.0,0.06215986,0.0518417,0.03929623,0.02962834,0.02265873,0.01767271,0.01405532,0.01136936,0.00932458,0.00773215,0.00646828,0.00544981,0.00461911
Gram_error_fro,2.0,1,10,5,0.0,0.07133458,0.04822748,0.03232441,0.02334746,0.01777794,0.01399075,0.01126554,0.0092239,0.0076425,0.00638386,0.00536153,0.00451941,0.00381942
Gram_error_fro,2.0,1,10,5,0.0,0.12165743,0.11074383,0.08804089,0.06808838,0.05256976,0.04085218,0.0320455,0.02540056,0.02034884,0.01647182,0.01346424,0.01110413,0.0092301
Gram_error_fro,4.0,1,10,5,0.0,0.12634781,0.10116369,0.07200955,0.05129251,0.03744055,0.02808968,0.02160273,0.01696576,0.01355828,0.01099315,0.00902153,0.00747845,0.00625146
Gram_error_fro,2.0,1,10,5,0.0,0.05480505,0.03028001,0.02013521,0.01508686,0.01180481,0.00943314,0.00765477,0.00629388,0.0052333,0.00439134,0.00371106,0.00315286,0.00268908
Gram_error_fro,2.0,1,10,5,0.0,0.08636448,0.06169501,0.04420429,0.03324006,0.0260413,0.02103085,0.01735858,0.01455235,0.01233782,0.01054765,0.00907449,0.00784598,0.00681108
Gram_error_fro,2.0,1,10,5,0.0,0.11598053,0.08607942,0.06208313,0.04537336,0.03348957,0.02491968,0.01871163,0.01420855,0.01093677,0.00855078,0.00679891,0.00549902,0.00452043
Gram_error_fro,0.0,1,10,2,0.0,0.0,0.0,0.0,0.0,0.0,0.0,0.0,0.0,0.0,0.0,0.0,0.0,0.0
Gram_error_fro,2.0,1,10,2,0.0,0.06279812,0.04530094,0.03572466,0.02970295,0.02490935,0.02095264,0.01769464,0.01500571,0.0127711,0.01089971,0.00932196,0.00798471,0.00684676
Gram_error_fro,2.0,1,10,2,0.0,0.02024361,0.01951516,0.01921316,0.01721107,0.01483442,0.01258013,0.01058652,0.00887364,0.00742237,0.00620173,0.00517916,0.00432437,0.00361059
Gram_error_fro,2.0,1,10,2,0.0,0.07746745,0.06215584,0.04756927,0.03623671,0.02763861,0.02115541,0.01627118,0.01258181,0.00978138,0.00764287,0.00599935,0.00472835,0.00373971
Gram_error_fro,0.0,1,10,2,0.0,0.0,0.0,0.0,0.0,0.0,0.0,0.0,0.0,0.0,0.0,0.0,0.0,0.0
Gram_error_fro,2.0,1,10,2,0.0,0.07275662,0.06262114,0.05159299,0.04128544,0.03265066,0.02581157,0.02049829,0.01638152,0.01317879,0.01067066,0.0086921,0.00711999,0.0058623
Gram_error_fro,2.0,1,10,2,0.0,0.12780734,0.11412568,0.09415584,0.07655854,0.06215987,0.0506239,0.04142741,0.03408361,0.02819168,0.0234362,0.01957338,0.01641576,0.01381906
Gram_error_fro,2.0,1,10,2,0.0,0.049496,0.04935905,0.04191814,0.03435873,0.02794739,0.02273889,0.0185489,0.01517624,0.01245074,0.01023782,0.00843306,0.00695558,0.00574232
Gram_error_fro,2.0,1,10,2,0.0,0.0787129,0.03961357,0.02545339,0.0190827,0.01507757,0.01214716,0.00988716,0.00810728,0.00668833,0.00554603,0.00461844,0.00385939,0.00323416
Gram_error_fro,2.0,1,10,2,0.0,0.00249787,0.00085478,0.00041423,0.00053301,0.00059375,0.0006117,0.00060242,0.0005748,0.00053616,0.00049197,0.00044589,0.00040024,0.00035646
Gram_error_fro,2.0,1,10,2,0.0,0.01426755,0.01079664,0.0077059,0.00576491,0.00458107,0.00380651,0.00325059,0.00281844,0.00246293,0.00215979,0.00189591,0.00166366,0.00145824
Gram_error_fro,0.0,1,10,4,0.0,0.0,0.0,0.0,0.0,0.0,0.0,0.0,0.0,0.0,0.0,0.0,0.0,0.0
Gram_error_fro,2.0,1,10,4,0.0,0.06751277,0.04456661,0.03069307,0.0224916,0.01735387,0.0139295,0.01149054,0.0096439,0.00817782,0.00697578,0.00597023,0.00511897,0.00439328
Gram_error_fro,2.0,1,10,4,0.0,0.08794044,0.06683392,0.05133767,0.04002308,0.03149184,0.02496436,0.0199362,0.01604964,0.0130358,0.01068716,0.0088432,0.00738102,0.00620789
Gram_error_fro,2.0,1,10,4,0.0,0.06298315,0.04007709,0.02518051,0.01621266,0.01073149,0.00732062,0.00515606,0.0037506,0.00281222,0.0021646,0.00170122,0.00135784,0.00109551
Gram_error_fro,2.0,1,10,4,0.0,0.07643571,0.05025871,0.03427631,0.02435316,0.0177631,0.0131911,0.00992413,0.00753763,0.0057643,0.00442935,0.00341473,0.00263831,0.00204138
Gram_error_fro,2.0,1,10,4,0.0,0.0555636,0.02935532,0.01888586,0.01427037,0.01141654,0.00934598,0.00776464,0.00652452,0.00553071,0.00471919,0.00404615,0.00348109,0.00300224
Gram_error_fro,4.0,1,10,4,0.0,0.07366804,0.04646868,0.03150007,0.02242772,0.01645554,0.01236045,0.00945231,0.00731979,0.00571509,0.00448506,0.00353084,0.0027852,0.00220017
Gram_error_fro,2.0,1,10,4,0.0,0.08794044,0.06683392,0.05133767,0.04002308,0.03149184,0.02496436,0.0199362,0.01604964,0.0130358,0.01068716,0.0088432,0.00738102,0.00620789
Gram_error_fro,2.0,1,10,4,0.0,0.07253234,0.05467253,0.03933269,0.02915176,0.0222408,0.01732873,0.01370701,0.01096401,0.00884502,0.00718375,0.00586679,0.00481382,0.00396618
Gram_error_fro,0.0,1,10,4,0.0,0.0,0.0,0.0,0.0,0.0,0.0,0.0,0.0,0.0,0.0,0.0,0.0,0.0
Gram_error_fro,2.0,1,10,4,0.0,0.06360794,0.0477321,0.03341045,0.0234434,0.01674537,0.01220288,0.00905525,0.00682181,0.00520153,0.0040032,0.00310264,0.00241713,0.00189012
Gram_error_fro,0.0,1,10,2,0.0,0.0,0.0,0.0,0.0,0.0,0.0,0.0,0.0,0.0,0.0,0.0,0.0,0.0
Gram_error_fro,2.0,1,10,2,0.0,0.05819587,0.01941624,0.00778967,0.00418077,0.0033561,0.00325597,0.00317258,0.00299599,0.00274822,0.00246449,0.002172,0.00188854,0.00162456
Gram_error_fro,2.0,1,10,2,0.0,0.00718338,0.00227047,0.00231073,0.00275548,0.00287742,0.00277982,0.00257035,0.00231439,0.00204855,0.00179267,0.00155689,0.00134562,0.00115992
Gram_error_fro,2.0,1,10,2,0.0,0.05755405,0.02198445,0.01401784,0.01062148,0.00836171,0.0066613,0.00534135,0.00430543,0.00348683,0.00283604,0.00231565,0.00189721,0.00155901
Gram_error_fro,2.0,1,10,2,0.0,0.05060622,0.03602966,0.0290117,0.02424223,0.02053776,0.01751805,0.01500393,0.01288802,0.01109524,0.0095686,0.00826326,0.00714332,0.00617974
Gram_error_fro,0.0,1,10,2,0.0,0.0,0.0,0.0,0.0,0.0,0.0,0.0,0.0,0.0,0.0,0.0,0.0,0.0
Gram_error_fro,2.0,1,10,2,0.0,0.10042261,0.06688782,0.05001086,0.03906032,0.03098028,0.0247632,0.01989896,0.01605848,0.01300697,0.01056974,0.00861429,0.00703901,0.00576535
Gram_error_fro,2.0,1,10,2,0.0,0.05940814,0.03470459,0.0249522,0.01931881,0.01535203,0.01234119,0.00998485,0.00811384,0.00661591,0.00541006,0.00443529,0.00364468,0.0030016
Gram_error_fro,2.0,1,10,2,0.0,0.0420624,0.02282984,0.01376961,0.00875764,0.00577125,0.00393666,0.00279131,0.00206789,0.00160172,0.00128906,0.00106642,0.00089713,0.00076121
Gram_error_fro,2.0,1,10,2,0.0,0.03346111,0.02634702,0.01913619,0.01370181,0.00985106,0.00715055,0.0052448,0.00388766,0.00291357,0.00220979,0.00169801,0.00132296,0.00104536
Gram_error_fro,4.0,1,10,2,0.0,0.08428073,0.04127705,0.0299993,0.02410239,0.01967365,0.01612453,0.01323823,0.01087928,0.00894745,0.0073638,0.00606458,0.00499791,0.00412146
Gram_error_fro,0.0,1,10,3,0.0,0.0,0.0,0.0,0.0,0.0,0.0,0.0,0.0,0.0,0.0,0.0,0.0,0.0
Gram_error_fro,2.0,1,10,3,0.0,0.02921381,0.02713615,0.02572327,0.02339734,0.02076974,0.01820111,0.015831,0.01370302,0.01182136,0.01017338,0.00873934,0.00749714,0.00642464
Gram_error_fro,2.0,1,10,3,0.0,0.09028764,0.0717262,0.06142203,0.05343322,0.04640657,0.0402098,0.0347965,0.03009907,0.02603817,0.02253401,0.01951213,0.01690578,0.01465654
Gram_error_fro,2.0,1,10,3,0.0,0.07166348,0.04893002,0.0383388,0.03203646,0.02711156,0.0229059,0.0192797,0.01617638,0.01354146,0.01131675,0.00944525,0.00787463,0.00655875
Gram_error_fro,2.0,1,10,3,0.0,0.07216613,0.05879077,0.04693161,0.03751742,0.03007446,0.02418065,0.01949403,0.01575101,0.01275004,0.01033612,0.00838906,0.00681495,0.00553998
Gram_error_fro,2.0,1,10,3,0.0,0.06468277,0.06249784,0.05516202,0.04742722,0.04035241,0.03416785,0.02886044,0.02434593,0.02052377,0.01729606,0.01457408,0.01228014,0.01034746
Gram_error_fro,4.0,1,10,3,0.0,0.10010725,0.06797876,0.04649487,0.03470323,0.02742162,0.02226363,0.0183039,0.01514732,0.01258664,0.01049025,0.00876406,0.00733663,0.0061522
Gram_error_fro,4.0,1,10,3,0.0,0.10302831,0.05711329,0.03193513,0.01984125,0.01355151,0.00980269,0.00729174,0.00549144,0.00415942,0.00316166,0.00241144,0.00184709,0.00142276
Gram_error_fro,4.0,1,10,3,0.0,0.07568102,0.0478851,0.0306523,0.02008049,0.01366973,0.00968075,0.00709857,0.00537446,0.00420101,0.00338989,0.00281677,0.00239759,0.00207678
Gram_error_fro,2.0,1,10,3,0.0,0.01376188,0.01704663,0.01851369,0.0182365,0.01712392,0.01562742,0.01399869,0.01238058,0.01085112,0.00944889,0.00818865,0.00707127,0.00608993
Gram_error_fro,4.0,1,10,3,0.0,0.11046163,0.07072008,0.0465562,0.03478088,0.02811836,0.02349434,0.01987191,0.01688454,0.01437186,0.01224225,0.01043163,0.00889005,0.00757667
Gram_error_fro,0.0,1,10,3,0.0,0.0,0.0,0.0,0.0,0.0,0.0,0.0,0.0,0.0,0.0,0.0,0.0,0.0
Gram_error_fro,0.0,1,10,3,0.0,0.0,0.0,0.0,0.0,0.0,0.0,0.0,0.0,0.0,0.0,0.0,0.0,0.0
Gram_error_fro,2.0,1,10,3,0.0,0.07623324,0.08056818,0.07534186,0.06814587,0.06069576,0.05359639,0.0470936,0.04126627,0.03610982,0.03158031,0.02761808,0.02415984,0.02114469
Gram_error_fro,2.0,1,10,3,0.0,0.05998136,0.02980167,0.01612657,0.00943973,0.0057289,0.00356933,0.00231177,0.00160055,0.00121377,0.00100186,0.00087115,0.00077333,0.00068829
Gram_error_fro,2.0,1,10,3,0.0,0.08015024,0.08343818,0.07698552,0.06835744,0.05965821,0.05163036,0.04451328,0.0383303,0.03301345,0.02846255,0.02457286,0.02124712,0.01839974
Gram_error_fro,2.0,1,10,3,0.0,0.07401676,0.04043751,0.02291823,0.01355692,0.00836492,0.00543547,0.00375979,0.00277572,0.00216564,0.00175556,0.00145521,0.00121979,0.00102714
Gram_error_fro,2.0,1,10,3,0.0,0.05357479,0.02535971,0.01677277,0.01270132,0.00996238,0.00791043,0.00631513,0.00505643,0.0040573,0.003262,0.00262773,0.00212088,0.00171493
Gram_error_fro,2.0,1,10,3,0.0,0.04168332,0.02814604,0.02119886,0.01740333,0.01498995,0.01316519,0.011612,0.01022397,0.00897058,0.00784292,0.00683565,0.00594223,0.00515452
Gram_error_fro,2.0,1,10,3,0.0,0.05116362,0.04134444,0.02936714,0.0199497,0.01319734,0.00851458,0.00532327,0.00318178,0.00177779,0.00090971,0.00049894,0.00048744,0.00058591
Gram_error_fro,2.0,1,10,3,0.0,0.06866241,0.04367886,0.029093,0.0201417,0.01431019,0.01033618,0.00754923,0.00556318,0.00413487,0.00310107,0.0023484,0.00179682,0.00138944
Gram_error_fro,2.0,1,10,3,0.0,0.02497728,0.01923346,0.01274522,0.00817853,0.00531016,0.00348298,0.00228934,0.0015141,0.00103391,0.00076256,0.00062421,0.00055297,0.00050622
Gram_error_fro,0.0,1,10,2,0.0,0.0,0.0,0.0,0.0,0.0,0.0,0.0,0.0,0.0,0.0,0.0,0.0,0.0
Gram_error_fro,2.0,1,10,2,0.0,0.02992567,0.01545574,0.01026467,0.00767011,0.00601215,0.00483149,0.00394772,0.00326616,0.00272871,0.002297,0.0019447,0.00165337,0.00140986
Gram_error_fro,2.0,1,10,2,0.0,0.05696921,0.03806804,0.02644809,0.01889302,0.01364515,0.0099221,0.00725526,0.00533083,0.00393279,0.00291106,0.00216051,0.00160681,0.00119694
Gram_error_fro,2.0,1,10,2,0.0,0.02881153,0.01436227,0.00915539,0.00651525,0.00481633,0.00362043,0.00274987,0.00210528,0.00162251,0.00125765,0.00097978,0.0007667,0.00060228
Gram_error_fro,2.0,1,10,2,0.0,0.02881153,0.01436227,0.00915539,0.00651525,0.00481633,0.00362043,0.00274987,0.00210528,0.00162251,0.00125765,0.00097978,0.0007667,0.00060228
Gram_error_fro,2.0,1,10,2,0.0,0.03715777,0.02830211,0.02250598,0.01826034,0.01492271,0.01223553,0.01005366,0.00827468,0.00681983,0.00562697,0.0046467,0.00383959,0.003174
Gram_error_fro,2.0,1,10,2,0.0,0.04669851,0.03278778,0.02460404,0.01914722,0.01513917,0.0120717,0.00967898,0.00779196,0.00629234,0.00509356,0.00413077,0.00335461,0.00272705
Gram_error_fro,2.0,1,10,2,0.0,0.01524844,0.00522492,0.00327849,0.00277482,0.00244706,0.00212844,0.00182073,0.00153852,0.00128975,0.00107615,0.00089584,0.00074523,0.00062022
Gram_error_fro,2.0,1,10,2,0.0,0.06510519,0.026156,0.01538515,0.01079318,0.00810254,0.0062735,0.00494036,0.00393349,0.00315737,0.00255103,0.00207263,0.00169216,0.00138755
Gram_error_fro,0.0,1,10,2,0.0,0.0,0.0,0.0,0.0,0.0,0.0,0.0,0.0,0.0,0.0,0.0,0.0,0.0
Gram_error_fro,2.0,1,10,2,0.0,0.04669851,0.03278778,0.02460404,0.01914722,0.01513917,0.0120717,0.00967898,0.00779196,0.00629234,0.00509356,0.00413077,0.00335461,0.00272705
Gram_error_fro,0.0,1,10,6,0.0,0.0,0.0,0.0,0.0,0.0,0.0,0.0,0.0,0.0,0.0,0.0,0.0,0.0
Gram_error_fro,2.0,1,10,6,0.0,0.07738246,0.06805064,0.05553522,0.04422082,0.03461811,0.02676622,0.02051838,0.01563976,0.0118775,0.00899934,0.00680873,0.00514675,0.00388836
Gram_error_fro,0.0,1,10,6,0.0,0.06400898,0.04637201,0.03245531,0.02244247,0.01529445,0.01027845,0.0068254,0.00448856,0.0029291,0.00189989,0.00122649,0.00078885,0.00050592
Gram_error_fro,2.0,1,10,6,0.0,0.10939274,0.09590933,0.07376766,0.05593697,0.04252723,0.03245131,0.02482831,0.01902863,0.01459949,0.01120882,0.00860916,0.00661413,0.00508225
Gram_error_fro,0.0,1,10,6,0.0,0.10854365,0.09709743,0.075404,0.05729171,0.0434488,0.03295872,0.0249904,0.01892732,0.01431384,0.01080719,0.00814621,0.00613079,0.00460726
Gram_error_fro,0.0,1,10,6,0.0,0.08625615,0.08198077,0.06961675,0.05643277,0.04449001,0.03444989,0.0263612,0.02001248,0.01511129,0.01136814,0.00852983,0.00638811,0.00477749
Gram_error_fro,0.0,1,10,6,0.0,0.10854365,0.09709743,0.075404,0.05729171,0.0434488,0.03295872,0.0249904,0.01892732,0.01431384,0.01080719,0.00814621,0.00613079,0.00460726
Gram_error_fro,2.0,1,10,6,0.0,0.10348052,0.09268438,0.0770433,0.06202293,0.04895736,0.03820134,0.02961496,0.02287621,0.01763678,0.01358389,0.01045755,0.00804949,0.00619606
Gram_error_fro,0.0,1,10,6,0.0,0.11420239,0.09887911,0.07736026,0.05936188,0.04526486,0.03438107,0.02603187,0.01965827,0.01481262,0.01114095,0.00836646,0.00627464,0.0047005
Gram_error_fro,2.0,1,10,6,0.0,0.13466019,0.11325219,0.08432101,0.06217902,0.04625372,0.03472831,0.02625445,0.01994123,0.01519379,0.01160148,0.00887192,0.00679209,0.00520425
Gram_error_fro,2.0,1,10,6,0.0,0.12216279,0.11303342,0.09211501,0.07252771,0.05617211,0.04305884,0.03277841,0.02483422,0.01875416,0.01413092,0.0106309,0.00798919,0.00599944
Gram_error_fro,0.0,1,10,2,0.0,0.0,0.0,0.0,0.0,0.0,0.0,0.0,0.0,0.0,0.0,0.0,0.0,0.0
Gram_error_fro,0.0,1,10,2,0.0,0.0,0.0,0.0,0.0,0.0,0.0,0.0,0.0,0.0,0.0,0.0,0.0,0.0
Gram_error_fro,2.0,1,10,2,0.0,0.00823508,0.00313664,0.00247102,0.00237748,0.00229812,0.00218475,0.00203657,0.00186462,0.00168208,0.00149976,0.00132506,0.00116242,0.00101408
Gram_error_fro,2.0,1,10,2,0.0,0.04204927,0.03131047,0.02400508,0.01847937,0.0142432,0.01101255,0.00854733,0.00665735,0.00520006,0.00407046,0.00319104,0.00250408,0.0019661
Gram_error_fro,2.0,1,10,2,0.0,0.01461284,0.005376,0.00220049,0.00133247,0.00148832,0.00174763,0.0018921,0.00192653,0.0018832,0.00179065,0.00166986,0.00153531,0.00139667
Gram_error_fro,2.0,1,10,2,0.0,0.00203275,0.00067966,0.00050913,0.00046408,0.00046989,0.00052959,0.00058969,0.00062353,0.00062876,0.00061138,0.00057859,0.00053658,0.00049
Gram_error_fro,2.0,1,10,2,0.0,0.04316852,0.03362882,0.02681247,0.02167966,0.01774917,0.01468622,0.01225215,0.01028446,0.00867246,0.00733855,0.00622637,0.00529365,0.0045079
Gram_error_fro,2.0,1,10,2,0.0,0.02610422,0.01232408,0.00790008,0.00614762,0.00529945,0.004748,0.00428775,0.00385848,0.00344845,0.00305992,0.00269749,0.00236463,0.00206302
Gram_error_fro,4.0,1,10,2,0.0,0.02967375,0.01393712,0.00961818,0.00811095,0.0074575,0.00701295,0.00657597,0.0061063,0.0056124,0.00511229,0.00462194,0.00415289,0.00371248
Gram_error_fro,2.0,1,10,2,0.0,0.0186746,0.01512661,0.01457638,0.01376654,0.01263661,0.01134819,0.01003272,0.00877121,0.00760703,0.00655909,0.00563151,0.00482006,0.00411616
Gram_error_fro,2.0,1,10,2,0.0,0.05488863,0.04059952,0.03066378,0.02363175,0.01841564,0.01446371,0.01142741,0.00906941,0.00722277,0.00576705,0.00461357,0.00369591,0.00296359
Gram_error_fro,0.0,1,10,3,0.0,0.0,0.0,0.0,0.0,0.0,0.0,0.0,0.0,0.0,0.0,0.0,0.0,0.0
Gram_error_fro,2.0,1,10,3,0.0,0.03893112,0.02498561,0.01573658,0.01111929,0.00898217,0.00782442,0.00698885,0.00626022,0.0055831,0.00494938,0.00436195,0.00382413,0.00333728
Gram_error_fro,0.0,1,10,3,0.0,0.0,0.0,0.0,0.0,0.0,0.0,0.0,0.0,0.0,0.0,0.0,0.0,0.0
Gram_error_fro,2.0,1,10,3,0.0,0.04318715,0.02727025,0.01595287,0.00917718,0.00531493,0.00312573,0.00188718,0.00119801,0.00082472,0.00062136,0.00049924,0.00041283,0.00034323
Gram_error_fro,2.0,1,10,3,0.0,0.01521553,0.01662874,0.01664115,0.01585639,0.01475471,0.01350424,0.01221541,0.01095595,0.00976343,0.00865686,0.00764421,0.00672685,0.00590228
Gram_error_fro,2.0,1,10,3,0.0,0.05251154,0.04639002,0.03755238,0.02992602,0.02370738,0.01871276,0.01474112,0.01160254,0.00913016,0.00718508,0.00565532,0.0044521,0.0035055
Gram_error_fro,4.0,1,10,3,0.0,0.08852988,0.04718624,0.02683801,0.01732893,0.01223636,0.00901637,0.00675195,0.00508184,0.00382981,0.00288957,0.00218787,0.00167063,0.0012962
Gram_error_fro,2.0,1,10,3,0.0,0.06435386,0.05157373,0.04076842,0.03199882,0.02496143,0.01939356,0.01502905,0.01162609,0.00898124,0.0069299,0.00534146,0.00411319,0.00316463
Gram_error_fro,2.0,1,10,3,0.0,0.05251154,0.04639002,0.03755238,0.02992602,0.02370738,0.01871276,0.01474112,0.01160254,0.00913016,0.00718508,0.00565532,0.0044521,0.0035055
Gram_error_fro,4.0,2,10,3,0.0,0.09712681,0.05882583,0.03990784,0.03329408,0.03097303,0.03001208,0.02954649,0.02930472,0.02918294,0.02913153,0.02912235,0.02913788,0.0291668
Gram_error_fro,2.0,1,10,3,0.0,0.0759675,0.04121444,0.02008785,0.00979504,0.00503969,0.00301153,0.00227252,0.00200845,0.00185911,0.00172095,0.00157604,0.00142689,0.0012789
Gram_error_fro,0.0,1,10,6,0.0,0.0,0.0,0.0,0.0,0.0,0.0,0.0,0.0,0.0,0.0,0.0,0.0,0.0
Gram_error_fro,2.0,1,10,6,0.0,0.0794677,0.07493212,0.0643272,0.05306808,0.04279234,0.03403777,0.02684338,0.02105034,0.01644273,0.01280702,0.00995384,0.00772364,0.00598557
Gram_error_fro,0.0,1,10,6,0.0,0.08625615,0.08198077,0.06961675,0.05643277,0.04449001,0.03444989,0.0263612,0.02001248,0.01511129,0.01136814,0.00852983,0.00638811,0.00477749
Gram_error_fro,2.0,1,10,6,0.0,0.07224939,0.05135796,0.03389307,0.02227341,0.01467116,0.00969054,0.00641588,0.00425556,0.00282657,0.00187948,0.00125092,0.00083332,0.00055565
Gram_error_fro,0.0,1,10,6,0.0,0.0,0.0,0.0,0.0,0.0,0.0,0.0,0.0,0.0,0.0,0.0,0.0,0.0
Gram_error_fro,0.0,1,10,6,0.0,0.09229332,0.07436063,0.05020363,0.03260672,0.02099667,0.01349395,0.00866314,0.00555515,0.00355746,0.00227518,0.00145342,0.00092759,0.0005916
Gram_error_fro,2.0,1,10,6,0.0,0.05759446,0.03993085,0.02723037,0.01837697,0.01233192,0.00825861,0.00552835,0.00370104,0.00247823,0.00165976,0.00111181,0.00074492,0.00049923
Gram_error_fro,2.0,1,10,6,0.0,0.13172039,0.12014018,0.09567796,0.0741548,0.05691343,0.04341588,0.03296899,0.02494933,0.01883141,0.01418627,0.01067172,0.00801949,0.00602183
Gram_error_fro,2.0,1,10,6,0.0,0.11940341,0.10436039,0.08215223,0.06374878,0.04940092,0.03825556,0.02958322,0.02283709,0.01759911,0.01354205,0.01040726,0.00799029,0.00613007
Gram_error_fro,2.0,1,10,6,0.0,0.11982798,0.10167981,0.07941264,0.06090804,0.0462996,0.03500469,0.02637538,0.0198297,0.01488615,0.0111628,0.00836354,0.00626172,0.00468515
Gram_error_fro,2.0,1,10,6,0.0,0.12356823,0.10933337,0.08724578,0.06805881,0.05257139,0.04039889,0.03096517,0.02370993,0.01815192,0.01390135,0.01065211,0.00816776,0.00626716
Gram_error_fro,0.0,1,10,3,0.0,0.0,0.0,0.0,0.0,0.0,0.0,0.0,0.0,0.0,0.0,0.0,0.0,0.0
Gram_error_fro,0.0,1,10,3,0.0,0.0,0.0,0.0,0.0,0.0,0.0,0.0,0.0,0.0,0.0,0.0,0.0,0.0
Gram_error_fro,0.0,1,10,3,0.0,0.0,0.0,0.0,0.0,0.0,0.0,0.0,0.0,0.0,0.0,0.0,0.0,0.0
Gram_error_fro,2.0,1,10,3,0.0,0.05209005,0.02493957,0.01670918,0.01322669,0.01107533,0.00940561,0.00800452,0.00681138,0.00579608,0.0049338,0.00420187,0.00358018,0.00305155
Gram_error_fro,0.0,1,10,3,0.0,0.0,0.0,0.0,0.0,0.0,0.0,0.0,0.0,0.0,0.0,0.0,0.0,0.0
Gram_error_fro,2.0,1,10,3,0.0,0.01303453,0.01537291,0.01419846,0.0119501,0.00976332,0.00787742,0.00632658,0.00507865,0.00408346,0.00329181,0.0026616,0.00215872,0.00175621
Gram_error_fro,2.0,1,10,3,0.0,0.07918014,0.06013533,0.04395975,0.03289441,0.02511009,0.01942074,0.01516646,0.01194251,0.00947646,0.00757506,0.00609775,0.00494106,0.00402839
Gram_error_fro,4.0,1,10,3,0.0,0.07146952,0.04501567,0.02791774,0.01934907,0.01465109,0.01163249,0.00944776,0.00775936,0.00641199,0.00532003,0.00442804,0.00369602,0.00309325
Gram_error_fro,4.0,1,10,3,0.0,0.03650342,0.02566702,0.0192248,0.01452204,0.01111407,0.00864911,0.00684083,0.00548716,0.00445288,0.00364822,0.00301273,0.00250469,0.00209451
Gram_error_fro,2.0,1,10,3,0.0,0.0567324,0.0346059,0.02310798,0.01624172,0.01174015,0.00861854,0.00637739,0.00473287,0.00350958,0.00259261,0.00190345,0.00138679,0.0010028
Gram_error_fro,4.0,1,10,3,0.0,0.07731857,0.05122352,0.03574784,0.02593697,0.01925567,0.01451231,0.0110678,0.00853152,0.00664405,0.00522563,0.00414913,0.00332382,0.00268452
Gram_error_fro,0.0,1,10,2,0.0,0.0,0.0,0.0,0.0,0.0,0.0,0.0,0.0,0.0,0.0,0.0,0.0,0.0
Gram_error_fro,2.0,1,10,2,0.0,0.07009696,0.06299128,0.05521558,0.04788931,0.04126645,0.03546032,0.03045039,0.02615698,0.02248599,0.01934751,0.01666195,0.01436106,0.01238709
Gram_error_fro,2.0,1,10,2,0.0,0.05015126,0.04236739,0.03428335,0.02792707,0.02301872,0.01920791,0.01620472,0.01379557,0.01183011,0.01020311,0.00883989,0.00768632,0.00670222
Gram_error_fro,2.0,1,10,2,0.0,0.07537117,0.05838968,0.04688214,0.03849038,0.03203038,0.0269587,0.02291089,0.01962361,0.01690985,0.01463787,0.01271396,0.01107014,0.00965588
Gram_error_fro,0.0,1,10,2,0.0,0.07414656,0.05553039,0.04228229,0.03299715,0.02605438,0.02074077,0.01662809,0.01341659,0.01088848,0.00888346,0.0072824,0.00599588,0.00495612
Gram_error_fro,2.0,1,10,2,0.0,0.0453044,0.03902266,0.0340753,0.02957324,0.02559921,0.02216533,0.01921667,0.01668389,0.01450324,0.01262083,0.01099197,0.00957963,0.00835294
Gram_error_fro,2.0,1,10,2,0.0,0.01154004,0.00777749,0.00721762,0.00704297,0.00676153,0.00637919,0.00594731,0.00550118,0.00506059,0.00463611,0.00423326,0.00385477,0.00350171
Gram_error_fro,0.0,1,10,2,0.0,0.0,0.0,0.0,0.0,0.0,0.0,0.0,0.0,0.0,0.0,0.0,0.0,0.0
Gram_error_fro,2.0,1,10,2,0.0,0.02767789,0.02803676,0.02754872,0.02579659,0.02358678,0.02128402,0.01905545,0.01697428,0.01506858,0.01334416,0.01179557,0.01041192,0.00917992
Gram_error_fro,2.0,1,10,2,0.0,0.03264894,0.0314581,0.03116099,0.0295246,0.02721077,0.02465687,0.02211175,0.01969946,0.01747394,0.01545256,0.01363417,0.01200859,0.01056162
Gram_error_fro,2.0,1,10,2,0.0,0.03863285,0.03346796,0.03027263,0.02684314,0.02348712,0.02041803,0.01770163,0.01533266,0.01328046,0.01150799,0.00997886,0.00865981,0.00752141
Gram_error_fro,0.0,1,10,2,0.0,0.0,0.0,0.0,0.0,0.0,0.0,0.0,0.0,0.0,0.0,0.0,0.0,0.0
Gram_error_fro,2.0,1,10,2,0.0,0.00718338,0.00227047,0.00231073,0.00275548,0.00287742,0.00277982,0.00257035,0.00231439,0.00204855,0.00179267,0.00155689,0.00134562,0.00115992
Gram_error_fro,2.0,1,10,2,0.0,0.00718338,0.00227047,0.00231073,0.00275548,0.00287742,0.00277982,0.00257035,0.00231439,0.00204855,0.00179267,0.00155689,0.00134562,0.00115992
Gram_error_fro,2.0,1,10,2,0.0,0.01825086,0.01497159,0.01367149,0.01252264,0.01147299,0.01048855,0.00955224,0.00866199,0.00782205,0.00703713,0.0063102,0.00564219,0.00503228
Gram_error_fro,0.0,1,10,2,0.0,0.0,0.0,0.0,0.0,0.0,0.0,0.0,0.0,0.0,0.0,0.0,0.0,0.0
Gram_error_fro,2.0,1,10,2,0.0,0.02118979,0.00800254,0.00398328,0.00258052,0.00210782,0.00192657,0.00180413,0.00167624,0.0015331,0.00137986,0.00122427,0.00107294,0.00093055
Gram_error_fro,2.0,1,10,2,0.0,0.00718338,0.00227047,0.00231073,0.00275548,0.00287742,0.00277982,0.00257035,0.00231439,0.00204855,0.00179267,0.00155689,0.00134562,0.00115992
Gram_error_fro,2.0,1,10,2,0.0,0.04000978,0.0249343,0.01764748,0.01322821,0.01017845,0.00796021,0.00629944,0.00503021,0.00404424,0.00326812,0.0026507,0.00215547,0.00175576
Gram_error_fro,2.0,1,10,2,0.0,0.02963845,0.01875748,0.01341739,0.01015139,0.00787369,0.00617703,0.00487347,0.00385745,0.0030597,0.00243061,0.00193309,0.00153878,0.00122579
Gram_error_fro,4.0,1,10,2,0.0,0.09462058,0.08330349,0.07237454,0.06226818,0.05341522,0.04585812,0.03946255,0.03405314,0.02946511,0.02555822,0.02221733,0.019349,0.01687745
Gram_error_fro,2.0,1,10,2,0.0,0.05060622,0.03602966,0.0290117,0.02424223,0.02053776,0.01751805,0.01500393,0.01288802,0.01109524,0.0095686,0.00826326,0.00714332,0.00617974
Gram_error_fro,0.0,1,10,2,0.0,0.0,0.0,0.0,0.0,0.0,0.0,0.0,0.0,0.0,0.0,0.0,0.0,0.0
Gram_error_fro,2.0,1,10,2,0.0,0.00239158,0.00076238,0.00073561,0.00092688,0.00098135,0.00098034,0.0009503,0.00089668,0.00082446,0.00074055,0.00065189,0.00056415,0.00048127
Gram_error_fro,2.0,1,10,2,0.0,0.04633363,0.03680332,0.02839067,0.02213727,0.01742026,0.01379404,0.01096892,0.00874808,0.00699127,0.00559518,0.00448207,0.00359249,0.00288044
Gram_error_fro,0.0,1,10,2,0.0,0.0,0.0,0.0,0.0,0.0,0.0,0.0,0.0,0.0,0.0,0.0,0.0,0.0
Gram_error_fro,2.0,1,10,2,0.0,0.05704378,0.01818731,0.00764728,0.00430495,0.00293339,0.00219263,0.0016976,0.00132586,0.00103251,0.00079744,0.00060915,0.00045957,0.00034225
Gram_error_fro,2.0,1,10,2,0.0,0.03344509,0.02351321,0.01659651,0.01222533,0.00927374,0.00716359,0.00559731,0.00440635,0.00348636,0.00276817,0.0022035,0.00175738,0.00140375
Gram_error_fro,2.0,1,10,2,0.0,0.03705302,0.03457519,0.03002049,0.02576635,0.02221188,0.01922427,0.01666529,0.01444768,0.01251611,0.01083154,0.00936331,0.00808549,0.00697533
Gram_error_fro,2.0,1,10,2,0.0,0.00239158,0.00076238,0.00073561,0.00092688,0.00098135,0.00098034,0.0009503,0.00089668,0.00082446,0.00074055,0.00065189,0.00056415,0.00048127
Gram_error_fro,2.0,1,10,2,0.0,0.03344509,0.02351321,0.01659651,0.01222533,0.00927374,0.00716359,0.00559731,0.00440635,0.00348636,0.00276817,0.0022035,0.00175738,0.00140375
Gram_error_fro,4.0,1,10,2,0.0,0.10122431,0.06741919,0.05301028,0.04404291,0.03729011,0.03183447,0.02729369,0.02346015,0.02019908,0.01741242,0.015024,0.01297248,0.01120744
Gram_error_fro,4.0,1,10,2,0.0,0.10199875,0.08137658,0.06513457,0.05259484,0.04265813,0.03474124,0.02841292,0.02333075,0.01922646,0.01589285,0.01317068,0.01093731,0.0090976
Gram_error_fro,0.0,1,10,3,0.0,0.0,0.0,0.0,0.0,0.0,0.0,0.0,0.0,0.0,0.0,0.0,0.0,0.0
Gram_error_fro,0.0,1,10,3,0.0,0.0,0.0,0.0,0.0,0.0,0.0,0.0,0.0,0.0,0.0,0.0,0.0,0.0
Gram_error_fro,2.0,1,10,3,0.0,0.05622533,0.05371791,0.04745489,0.04202345,0.03734382,0.0332221,0.02956356,0.02630936,0.02341264,0.0208331,0.01853549,0.01648877,0.01466546
Gram_error_fro,2.0,1,10,3,0.0,0.07315308,0.06330409,0.05368415,0.04659161,0.04087512,0.03601549,0.03181764,0.0281691,0.02498181,0.02218365,0.01971638,0.01753332,0.01559672
Gram_error_fro,2.0,1,10,3,0.0,0.08792037,0.07880442,0.06996035,0.06098357,0.05239135,0.04469087,0.03805108,0.03243152,0.02770872,0.02374294,0.02040553,0.01758704,0.01519737
Gram_error_fro,2.0,1,10,3,0.0,0.06754571,0.05527834,0.04732234,0.04162122,0.03720316,0.03357712,0.03047122,0.0277379,0.02529614,0.02309792,0.02111111,0.01931141,0.01767882
Gram_error_fro,2.0,1,10,3,0.0,0.10587211,0.08781063,0.07455291,0.06574421,0.05842866,0.0518023,0.04575863,0.04030157,0.03542257,0.03109168,0.02726626,0.02389869,0.02094094
Gram_error_fro,4.0,1,10,3,0.0,0.11183563,0.07061164,0.04437075,0.03314088,0.02807131,0.02491734,0.02238693,0.02015201,0.01812959,0.01629289,0.01462692,0.01311879,0.01175605
Gram_error_fro,4.0,1,10,3,0.0,0.14119034,0.08484612,0.05286605,0.03781059,0.02980234,0.02461173,0.02077575,0.01775886,0.01531344,0.01329415,0.01160315,0.01017054,0.00894501
Gram_error_fro,4.0,2,10,3,0.0,0.08547553,0.07365961,0.06070928,0.05039027,0.04166982,0.0341387,0.0277323,0.02248305,0.0184597,0.01573943,0.01432944,0.01406085,0.01460061
Gram_error_fro,2.0,1,10,3,0.0,0.10637085,0.0643018,0.03363262,0.01945185,0.01422242,0.01241356,0.01154781,0.01089368,0.01028062,0.00967622,0.00907912,0.00849396,0.00792573
Gram_error_fro,0.0,1,10,4,0.0,0.0,0.0,0.0,0.0,0.0,0.0,0.0,0.0,0.0,0.0,0.0,0.0,0.0
Gram_error_fro,2.0,1,10,4,0.0,0.07553137,0.06008793,0.0488676,0.03992854,0.03244872,0.02627345,0.02127817,0.01729583,0.01414376,0.01165032,0.00966868,0.00808066,0.00679495
Gram_error_fro,2.0,1,10,4,0.0,0.08094,0.07774489,0.06496478,0.05204204,0.04118054,0.03257293,0.02588661,0.02071586,0.01670628,0.01357729,0.01111524,0.00916024,0.00759343
Gram_error_fro,2.0,1,10,4,0.0,0.08094,0.07774489,0.06496478,0.05204204,0.04118054,0.03257293,0.02588661,0.02071586,0.01670628,0.01357729,0.01111524,0.00916024,0.00759343
Gram_error_fro,2.0,1,10,4,0.0,0.06033287,0.04888847,0.03679371,0.02843363,0.02261155,0.01829202,0.01494145,0.01228795,0.01016856,0.00846785,0.00709678,0.00598503,0.00507727
Gram_error_fro,2.0,1,10,4,0.0,0.08337918,0.06635038,0.05264302,0.04194064,0.03336789,0.02655967,0.02121607,0.01705202,0.01381283,0.01128545,0.00930002,0.00772563,0.00646367
Gram_error_fro,2.0,1,10,4,0.0,0.02762518,0.01952656,0.01400625,0.01036688,0.00787983,0.00609504,0.00477601,0.00378681,0.00303767,0.00246463,0.00202114,0.00167337,0.00139691
Gram_error_fro,2.0,1,10,4,0.0,0.05419473,0.02966361,0.01758173,0.01235647,0.00961618,0.00775984,0.00631512,0.00514169,0.00418338,0.00340411,0.00277359,0.00226507,0.00185539
Gram_error_fro,2.0,1,10,4,0.0,0.11893468,0.11178146,0.09310163,0.07494301,0.05968795,0.04748007,0.03789255,0.03041,0.02456928,0.01999191,0.01638163,0.01351171,0.0112108
Gram_error_fro,2.0,1,10,4,0.0,0.07960332,0.07284501,0.06163998,0.05000767,0.03976118,0.03140224,0.0248229,0.01972177,0.01578198,0.01273138,0.01035434,0.00848637,0.00700441
Gram_error_fro,2.0,1,10,4,0.0,0.10173817,0.0736964,0.05816811,0.04648506,0.03679712,0.02890222,0.02263698,0.01775517,0.01398982,0.01109742,0.00887467,0.00716006,0.00582895
Gram_error_fro,0.0,1,10,2,0.0,0.0,0.0,0.0,0.0,0.0,0.0,0.0,0.0,0.0,0.0,0.0,0.0,0.0
Gram_error_fro,2.0,1,10,2,0.0,0.00430417,0.00183737,0.00105911,0.00185124,0.00227662,0.00240605,0.002375,0.00226301,0.00211384,0.00195131,0.00178827,0.00163142,0.00148402
Gram_error_fro,2.0,1,10,2,0.0,0.06119791,0.04121867,0.0345292,0.03089984,0.02781651,0.02500925,0.02245516,0.02014344,0.01805871,0.01618287,0.01449719,0.01298354,0.01162494
Gram_error_fro,0.0,1,10,2,0.0,0.0,0.0,0.0,0.0,0.0,0.0,0.0,0.0,0.0,0.0,0.0,0.0,0.0
Gram_error_fro,2.0,1,10,2,0.0,0.01751733,0.00930661,0.00283088,0.003723,0.00653399,0.00831605,0.00926745,0.00963692,0.00961523,0.00933943,0.00890559,0.0083802,0.00780875
Gram_error_fro,0.0,1,10,2,0.0,0.0,0.0,0.0,0.0,0.0,0.0,0.0,0.0,0.0,0.0,0.0,0.0,0.0
Gram_error_fro,4.0,1,10,2,0.0,0.07936806,0.05361612,0.04289851,0.0370146,0.03239085,0.02843666,0.02501037,0.02203122,0.01943452,0.01716588,0.01517935,0.01343614,0.01190346
Gram_error_fro,2.0,1,10,2,0.0,0.081555,0.02856232,0.00819463,0.00324304,0.0042697,0.00583185,0.00707689,0.00799197,0.00862636,0.0090317,0.00925337,0.00932933,0.00929079
Gram_error_fro,4.0,1,10,2,0.0,0.0505139,0.03759831,0.03162,0.02777023,0.02458388,0.02182225,0.01940665,0.01728338,0.01540995,0.0137519,0.01228086,0.01097315,0.00980875
Gram_error_fro,2.0,1,10,2,0.0,0.06673551,0.06004914,0.04682209,0.03563354,0.0271669,0.02088605,0.01624406,0.01282161,0.01030623,0.0084625,0.00711051,0.00611214,0.00536256
Gram_error_fro,2.0,1,10,2,0.0,0.100339,0.0479604,0.03185997,0.02471948,0.0199399,0.01645893,0.01385626,0.01185208,0.01025858,0.00895404,0.00786052,0.00692744,0.00612109
Gram_error_fro,0.0,1,10,3,0.0,0.0,0.0,0.0,0.0,0.0,0.0,0.0,0.0,0.0,0.0,0.0,0.0,0.0
Gram_error_fro,2.0,1,10,3,0.0,0.03259261,0.02687857,0.02263263,0.01921413,0.01644729,0.0141769,0.01227632,0.01065766,0.00926265,0.00805175,0.00699658,0.00607548,0.00527099
Gram_error_fro,2.0,1,10,3,0.0,0.06027349,0.03650325,0.02452917,0.0178719,0.01390971,0.01123087,0.00920163,0.00757427,0.00624404,0.0051522,0.00425586,0.00352006,0.00291564
Gram_error_fro,2.0,1,10,3,0.0,0.05890453,0.04910247,0.03816359,0.02990358,0.02358253,0.01863857,0.01475393,0.01170427,0.0093101,0.00742678,0.00594036,0.00476271,0.00382619
Gram_error_fro,2.0,1,10,3,0.0,0.06441468,0.05012324,0.03731937,0.02781242,0.02089079,0.01584485,0.01215091,0.0094339,0.00742418,0.00592697,0.00480126,0.00394494,0.00328426
Gram_error_fro,2.0,1,10,3,0.0,0.0653679,0.04829155,0.03438341,0.02550995,0.01953909,0.01521603,0.01195693,0.00945531,0.00751705,0.00600471,0.00481702,0.00387851,0.00313266
Gram_error_fro,2.0,1,10,3,0.0,0.10035808,0.06269732,0.03438161,0.01930723,0.01193901,0.00831208,0.00633172,0.00507354,0.00417277,0.00348295,0.00293619,0.00249442,0.00213276
Gram_error_fro,2.0,1,10,3,0.0,0.0538729,0.03208172,0.01930863,0.01252266,0.00898686,0.00696563,0.00562186,0.00462498,0.0038472,0.00322861,0.0027321,0.00233035,0.00200212
Gram_error_fro,4.0,1,10,3,0.0,0.10216113,0.07190503,0.05609962,0.04674084,0.03990962,0.03437127,0.029713,0.02575413,0.02237817,0.01949161,0.01701555,0.01488373,0.0130412
Gram_error_fro,2.0,1,10,3,0.0,0.05926563,0.04021716,0.02979027,0.02461809,0.02169994,0.01960201,0.01780535,0.01615888,0.01462723,0.01320453,0.01188981,0.01068122,0.00957531
Gram_error_fro,4.0,1,10,3,0.0,0.1129664,0.0839385,0.06644649,0.05557034,0.047123,0.04003116,0.03404572,0.02903667,0.02486863,0.02140259,0.01851048,0.01608281,0.01403021
Gram_error_fro,0.0,1,10,2,0.0,0.0,0.0,0.0,0.0,0.0,0.0,0.0,0.0,0.0,0.0,0.0,0.0,0.0
Gram_error_fro,2.0,1,10,2,0.0,0.07523441,0.06521301,0.05446304,0.04471218,0.03646011,0.02973494,0.02432654,0.01998118,0.01647502,0.0136291,0.0113052,0.00939737,0.00782406
Gram_error_fro,2.0,1,10,2,0.0,0.07523441,0.06521301,0.05446304,0.04471218,0.03646011,0.02973494,0.02432654,0.01998118,0.01647502,0.0136291,0.0113052,0.00939737,0.00782406
Gram_error_fro,0.0,1,10,2,0.0,0.0,0.0,0.0,0.0,0.0,0.0,0.0,0.0,0.0,0.0,0.0,0.0,0.0
Gram_error_fro,2.0,1,10,2,0.0,0.02644344,0.01378506,0.00871914,0.00710413,0.00623412,0.0055261,0.00488253,0.00428426,0.00372999,0.00322271,0.00276493,0.00235732,0.00199868
Gram_error_fro,2.0,1,10,2,0.0,0.05886961,0.03914457,0.03108688,0.02626728,0.02254975,0.01944644,0.01679532,0.01451189,0.01253824,0.01082969,0.00934983,0.00806806,0.00695824
Gram_error_fro,2.0,1,10,2,0.0,0.02481848,0.01385984,0.00874534,0.00621094,0.00451739,0.00329054,0.00240376,0.00176507,0.00130351,0.00096765,0.00072141,0.00053963,0.00040467
Gram_error_fro,4.0,1,10,2,0.0,0.00497265,0.00398548,0.0054613,0.00522637,0.0044361,0.00367398,0.00307063,0.00260503,0.00223276,0.00192138,0.00165252,0.00141685,0.00120956
Gram_error_fro,2.0,1,10,2,0.0,0.05680047,0.05279031,0.04664979,0.04011503,0.03405567,0.0287963,0.02434647,0.02061011,0.01747397,0.01483576,0.01261006,0.01072732,0.00913111
Gram_error_fro,2.0,1,10,2,0.0,0.04488493,0.03183361,0.02426799,0.01882835,0.01468336,0.01148621,0.00900597,0.00707362,0.0055629,0.00437859,0.00344827,0.0027164,0.00214006
Gram_error_fro,2.0,1,10,2,0.0,0.07725828,0.03906069,0.02670004,0.02049463,0.01620308,0.01293494,0.01037583,0.008348,0.00672964,0.00543166,0.00438696,0.00354406,0.00286292
Gram_error_fro,0.0,1,10,2,0.0,0.0,0.0,0.0,0.0,0.0,0.0,0.0,0.0,0.0,0.0,0.0,0.0,0.0
Gram_error_fro,0.0,1,10,2,0.0,0.0,0.0,0.0,0.0,0.0,0.0,0.0,0.0,0.0,0.0,0.0,0.0,0.0
Gram_error_fro,0.0,1,10,2,0.0,0.0,0.0,0.0,0.0,0.0,0.0,0.0,0.0,0.0,0.0,0.0,0.0,0.0
Gram_error_fro,0.0,1,10,2,0.0,0.0,0.0,0.0,0.0,0.0,0.0,0.0,0.0,0.0,0.0,0.0,0.0,0.0
Gram_error_fro,2.0,1,10,2,0.0,0.04738167,0.03876608,0.0327146,0.02760049,0.02327263,0.01965537,0.01664166,0.01412621,0.01201938,0.01024835,0.00875453,0.00749068,0.00641854
Gram_error_fro,2.0,1,10,2,0.0,0.04738167,0.03876608,0.0327146,0.02760049,0.02327263,0.01965537,0.01664166,0.01412621,0.01201938,0.01024835,0.00875453,0.00749068,0.00641854
Gram_error_fro,4.0,1,10,2,0.0,0.05100444,0.05772889,0.05601141,0.05163922,0.04662691,0.04165991,0.03699573,0.03273281,0.02889759,0.02548046,0.02245411,0.01978361,0.01743203
Gram_error_fro,2.0,1,10,2,0.0,0.00999435,0.00606761,0.00402581,0.00323737,0.00296696,0.00286233,0.00278538,0.00269263,0.00257587,0.00243854,0.002287,0.00212752,0.00196536
Gram_error_fro,4.0,1,10,2,0.0,0.03576007,0.02778331,0.02272941,0.01884408,0.01575758,0.0132548,0.01119496,0.00948209,0.00804757,0.00684022,0.00582046,0.00495696,0.0042244
Gram_error_fro,2.0,1,10,2,0.0,0.03269283,0.02504776,0.02127402,0.01832046,0.01586892,0.01378804,0.01200217,0.01046002,0.00912301,0.00796054,0.00694773,0.00606396,0.00529198
Gram_error_fro,4.0,1,10,2,0.0,0.06696866,0.05066514,0.03629315,0.02548757,0.01735811,0.01128061,0.0067574,0.00339973,0.00092592,0.00095282,0.00228077,0.00324205,0.0039171
Gram_error_fro,0.0,1,10,1,0.0,0.0,0.0,0.0,0.0,0.0,0.0,0.0,0.0,0.0,0.0,0.0,0.0,0.0
Gram_error_fro,2.0,1,10,1,0.0,0.01194019,0.00406053,0.0028133,0.00274603,0.00287877,0.00298977,0.00303615,0.00302024,0.00295403,0.0028501,0.00271949,0.0025713,0.00241283
Gram_error_fro,2.0,1,10,1,0.0,0.03991197,0.03372035,0.0274238,0.02251844,0.01863232,0.01549053,0.01291815,0.01079833,0.00904537,0.00759219,0.00638481,0.00537932,0.00454001
Gram_error_fro,2.0,1,10,1,0.0,0.00259826,0.00069303,6.346e-05,0.00039727,0.00054067,0.0005881,0.00058448,0.00055362,0.00050931,0.0004598,0.00040991,0.00036236,0.00031848
Gram_error_fro,2.0,1,10,1,0.0,0.03828105,0.02407413,0.01911212,0.01601348,0.01358432,0.01155653,0.00983551,0.00837005,0.00712255,0.00606156,0.00515985,0.00439379,0.00374298
Gram_error_fro,2.0,1,10,1,0.0,0.0397945,0.02439166,0.01926897,0.01613875,0.01369527,0.01165439,0.00992071,0.00844366,0.00718595,0.00611612,0.00520682,0.00443425,0.00377787
Gram_error_fro,4.0,2,10,1,0.0,0.02451814,0.00851392,0.00613619,0.00636684,0.00718135,0.00807835,0.0089224,0.00968084,0.01035034,0.01093619,0.01144628,0.01188903,0.01227261
Gram_error_fro,4.0,1,10,1,0.0,0.0578825,0.04110833,0.03268366,0.02668211,0.02191057,0.01804382,0.01490105,0.01234354,0.01025797,0.00855205,0.00715153,0.0059972,0.00504202
Gram_error_fro,2.0,1,10,1,0.0,0.07210443,0.0475905,0.03584429,0.02827981,0.02269031,0.01837694,0.01498748,0.01229498,0.01013805,0.00839736,0.0069832,0.00582734,0.00487747
Gram_error_fro,2.0,1,10,1,0.0,0.03828105,0.02407413,0.01911212,0.01601348,0.01358432,0.01155653,0.00983551,0.00837005,0.00712255,0.00606156,0.00515985,0.00439379,0.00374298
Gram_error_fro,4.0,1,10,1,0.0,0.0578825,0.04110833,0.03268366,0.02668211,0.02191057,0.01804382,0.01490105,0.01234354,0.01025797,0.00855205,0.00715153,0.0059972,0.00504202
Gram_error_fro,0.0,1,10,4,0.0,0.0,0.0,0.0,0.0,0.0,0.0,0.0,0.0,0.0,0.0,0.0,0.0,0.0
Gram_error_fro,2.0,1,10,4,0.0,0.06616559,0.06245217,0.05228283,0.04268117,0.03478237,0.02847848,0.023461,0.01944538,0.01620687,0.0135746,0.01141936,0.00964292,0.00816991
Gram_error_fro,2.0,1,10,4,0.0,0.04878972,0.03208587,0.02455299,0.01993486,0.01652229,0.01380436,0.01157502,0.00972402,0.00817916,0.00688685,0.00580452,0.00489722,0.00413594
Gram_error_fro,2.0,1,10,4,0.0,0.06616559,0.06245217,0.05228283,0.04268117,0.03478237,0.02847848,0.023461,0.01944538,0.01620687,0.0135746,0.01141936,0.00964292,0.00816991
Gram_error_fro,2.0,1,10,4,0.0,0.07997836,0.06236925,0.04989526,0.04048755,0.03283307,0.0265794,0.0215349,0.01750999,0.01431531,0.01177868,0.009755,0.00812824,0.00680872
Gram_error_fro,0.0,1,10,4,0.0,0.0,0.0,0.0,0.0,0.0,0.0,0.0,0.0,0.0,0.0,0.0,0.0,0.0
Gram_error_fro,4.0,2,10,4,0.0,0.09203352,0.06692472,0.05261806,0.04584434,0.04243255,0.04052215,0.03935091,0.03858906,0.03807619,0.0377239,0.03747861,0.03730593,0.03718316
Gram_error_fro,2.0,1,10,4,0.0,0.07441871,0.05322465,0.04021926,0.03220341,0.02648127,0.02199739,0.01834642,0.01533843,0.01285443,0.01080304,0.00910835,0.00770645,0.00654398
Gram_error_fro,2.0,1,10,4,0.0,0.11141306,0.07468028,0.0485075,0.032557,0.02290399,0.016875,0.01292558,0.01020172,0.00823206,0.00675032,0.00560017,0.00468557,0.00394472
Gram_error_fro,2.0,1,10,4,0.0,0.08451184,0.05276416,0.03309339,0.02137027,0.0142538,0.00986199,0.00706454,0.00519965,0.0038962,0.00294965,0.0022445,0.00171137,0.00130532
Gram_error_fro,4.0,2,10,4,0.0,0.04673351,0.03302506,0.03152681,0.03261804,0.03384747,0.03478778,0.03544301,0.03588686,0.03618569,0.0363875,0.0365248,0.0366191,0.03668453
Gram_error_fro,0.0,1,10,5,0.0,0.0,0.0,0.0,0.0,0.0,0.0,0.0,0.0,0.0,0.0,0.0,0.0,0.0
Gram_error_fro,2.0,1,10,5,0.0,0.06161951,0.05550841,0.0480497,0.0407894,0.03405523,0.02813635,0.02311595,0.01894701,0.01552811,0.01274461,0.01048736,0.00865993,0.00718052
Gram_error_fro,2.0,1,10,5,0.0,0.09283001,0.07603482,0.05787029,0.04399838,0.03372113,0.02615587,0.02058225,0.01645004,0.01335311,0.01099792,0.00917529,0.00773787,0.00658265
Gram_error_fro,2.0,1,10,5,0.0,0.06374972,0.04496211,0.03089263,0.02126479,0.01502337,0.01108068,0.0085735,0.00691547,0.00575021,0.00487723,0.00418785,0.00362287,0.0031486
Gram_error_fro,2.0,1,10,5,0.0,0.09283001,0.07603482,0.05787029,0.04399838,0.03372113,0.02615587,0.02058225,0.01645004,0.01335311,0.01099792,0.00917529,0.00773787,0.00658265
Gram_error_fro,0.0,1,10,5,0.0,0.0,0.0,0.0,0.0,0.0,0.0,0.0,0.0,0.0,0.0,0.0,0.0,0.0
Gram_error_fro,2.0,1,10,5,0.0,0.12088442,0.09738812,0.07232478,0.0538036,0.04051697,0.03097304,0.02407079,0.01902847,0.01529583,0.01248778,0.01033628,0.00865558,0.0073173
Gram_error_fro,2.0,1,10,5,0.0,0.11352276,0.08926376,0.06309065,0.04344625,0.02994391,0.0210089,0.01520847,0.01146055,0.0090059,0.00734109,0.00615172,0.00525211,0.00453666
Gram_error_fro,2.0,1,10,5,0.0,0.12228056,0.09203656,0.0646568,0.04593351,0.03318357,0.02437327,0.01822008,0.0138885,0.01081425,0.0086083,0.00700054,0.00580412,0.00489128
Gram_error_fro,2.0,1,10,5,0.0,0.09132917,0.07354954,0.05356367,0.03896636,0.02920326,0.02277283,0.01843877,0.01537883,0.01309639,0.0113053,0.00984272,0.00861439,0.00756355
Gram_error_fro,2.0,1,10,5,0.0,0.10333397,0.06387658,0.04066798,0.02888111,0.02240972,0.01841427,0.0156436,0.0135299,0.01180705,0.01034586,0.00907998,0.007972,0.00699799
Gram_error_fro,0.0,1,10,5,0.0,0.0,0.0,0.0,0.0,0.0,0.0,0.0,0.0,0.0,0.0,0.0,0.0,0.0
Gram_error_fro,2.0,1,10,5,0.0,0.0693649,0.06635716,0.05682132,0.04627514,0.03680355,0.02900611,0.02284624,0.01807156,0.01439521,0.01156249,0.00936813,0.00765429,0.00630261
Gram_error_fro,2.0,1,10,5,0.0,0.1124761,0.09305919,0.07004799,0.05294741,0.0405512,0.03144286,0.02466377,0.01956698,0.01570029,0.01274023,0.01045251,0.00866635,0.00725674
Gram_error_fro,2.0,1,10,5,0.0,0.06968785,0.063206,0.0528248,0.04289128,0.03429798,0.027204,0.02150867,0.0170153,0.0135067,0.01078104,0.00866613,0.00702206,0.00573853
Gram_error_fro,0.0,1,10,5,0.0,0.0,0.0,0.0,0.0,0.0,0.0,0.0,0.0,0.0,0.0,0.0,0.0,0.0
Gram_error_fro,0.0,1,10,5,0.0,0.0,0.0,0.0,0.0,0.0,0.0,0.0,0.0,0.0,0.0,0.0,0.0,0.0
Gram_error_fro,4.0,1,10,5,0.0,0.12658907,0.09828051,0.07124176,0.05166541,0.03779522,0.02793639,0.02089107,0.01582811,0.01216536,0.00949258,0.0075205,0.0060456,0.00492525
Gram_error_fro,2.0,1,10,5,0.0,0.05161113,0.03825793,0.02818815,0.02113512,0.01606248,0.01237293,0.009657,0.0076254,0.00608008,0.00488753,0.0039567,0.00322374,0.0026425
Gram_error_fro,2.0,2,10,5,0.0,0.08458952,0.07558229,0.06435251,0.05622611,0.05067697,0.04711158,0.04499314,0.0438437,0.04329155,0.04308211,0.04305646,0.04312163,0.04322582
Gram_error_fro,2.0,1,10,5,0.0,0.11336962,0.08980046,0.06622796,0.04936855,0.03744031,0.0288362,0.0225157,0.01780001,0.01423135,0.01149392,0.00936673,0.00769338,0.00636202
Gram_error_fro,0.0,1,10,5,0.0,0.10959212,0.1016314,0.08286507,0.06543393,0.05119558,0.04003213,0.03142535,0.02483317,0.01978729,0.01591153,0.01291492,0.01057752,0.00873545
Gram_error_fro,0.0,1,10,2,0.0,0.0,0.0,0.0,0.0,0.0,0.0,0.0,0.0,0.0,0.0,0.0,0.0,0.0
Gram_error_fro,0.0,1,10,2,0.0,0.0,0.0,0.0,0.0,0.0,0.0,0.0,0.0,0.0,0.0,0.0,0.0,0.0
Gram_error_fro,2.0,1,10,2,0.0,0.06316303,0.0215619,0.00951494,0.00763997,0.00816454,0.00867449,0.00880617,0.00861218,0.00819721,0.00765066,0.00703794,0.00640393,0.00577812
Gram_error_fro,2.0,1,10,2,0.0,0.00729163,0.00324862,0.00523601,0.00730131,0.00850976,0.00899364,0.0089801,0.00865374,0.00814483,0.00754061,0.00689798,0.00625332,0.00562925
Gram_error_fro,0.0,1,10,2,0.0,0.0,0.0,0.0,0.0,0.0,0.0,0.0,0.0,0.0,0.0,0.0,0.0,0.0
Gram_error_fro,2.0,1,10,2,0.0,0.02780765,0.01849287,0.01221903,0.00818477,0.00610964,0.00546121,0.00543554,0.00550313,0.00547981,0.00533887,0.00510178,0.00479877,0.00445695
Gram_error_fro,2.0,1,10,2,0.0,0.04607576,0.03613812,0.0274554,0.02054997,0.01530864,0.01140116,0.00850436,0.00635738,0.00476348,0.00357819,0.00269621,0.00204072,0.00155531
Gram_error_fro,4.0,1,10,2,0.0,0.07084584,0.04503048,0.03429874,0.0278178,0.02315034,0.01950864,0.01655529,0.01411197,0.01206762,0.01034474,0.00888538,0.00764442,0.00658586
Gram_error_fro,2.0,1,10,2,0.0,0.06966328,0.05149265,0.03815248,0.02869312,0.02170675,0.01649641,0.01259747,0.00966693,0.00745153,0.00576626,0.00447646,0.00348386,0.00271624
Gram_error_fro,2.0,1,10,2,0.0,0.05973446,0.04423616,0.0327252,0.02414515,0.01763381,0.01275066,0.00914118,0.00650851,0.00461867,0.0032961,0.00241151,0.00186394,0.00156034
Gram_error_fro,2.0,1,10,2,0.0,0.04840404,0.03369773,0.02736751,0.02326013,0.02009764,0.01748336,0.0152513,0.01331768,0.01163199,0.0101586,0.00886954,0.00774151,0.00675454
Gram_error_fro,0.0,1,10,2,0.0,0.0,0.0,0.0,0.0,0.0,0.0,0.0,0.0,0.0,0.0,0.0,0.0,0.0
Gram_error_fro,2.0,1,10,2,0.0,0.05884864,0.05132017,0.04209172,0.03421631,0.02783695,0.02274769,0.0186847,0.01541815,0.01277012,0.01060734,0.00882991,0.007362,0.0061451
Gram_error_fro,2.0,1,10,2,0.0,0.05910438,0.02205506,0.0107274,0.00677276,0.00474626,0.00341747,0.00246646,0.00176734,0.00125001,0.00086786,0.00058744,0.00038402,0.00023927
Gram_error_fro,0.0,1,10,2,0.0,0.0,0.0,0.0,0.0,0.0,0.0,0.0,0.0,0.0,0.0,0.0,0.0,0.0
Gram_error_fro,2.0,1,10,2,0.0,0.03107146,0.01851366,0.01262766,0.00912064,0.00679429,0.00516358,0.00398206,0.00310738,0.00244946,0.00194803,0.00156142,0.0012602,0.00102328
Gram_error_fro,0.0,1,10,2,0.0,0.0,0.0,0.0,0.0,0.0,0.0,0.0,0.0,0.0,0.0,0.0,0.0,0.0
Gram_error_fro,2.0,1,10,2,0.0,0.04556261,0.02760298,0.02026584,0.01591595,0.01276387,0.01033376,0.00842137,0.00690186,0.00568633,0.00470812,0.00391634,0.00327186,0.00274442
Gram_error_fro,2.0,1,10,2,0.0,0.05884864,0.05132017,0.04209172,0.03421631,0.02783695,0.02274769,0.0186847,0.01541815,0.01277012,0.01060734,0.00882991,0.007362,0.0061451
Gram_error_fro,2.0,1,10,2,0.0,0.01720253,0.01195649,0.01400214,0.01526182,0.01551951,0.01514525,0.01441051,0.01348265,0.01246525,0.01142364,0.01039912,0.00941717,0.00849276
Gram_error_fro,2.0,1,10,2,0.0,0.0602141,0.03234259,0.02161802,0.01579222,0.01195043,0.00921241,0.00718843,0.0056604,0.00449032,0.00358478,0.00287796,0.00232227,0.00188262
Gram_error_fro,2.0,1,10,2,0.0,0.01162604,0.00467203,0.00345375,0.00301573,0.00262645,0.00222575,0.0018438,0.00150409,0.00121497,0.00097535,0.00077992,0.00062209,0.00049542
Gram_error_fro,0.0,1,10,3,0.0,0.0,0.0,0.0,0.0,0.0,0.0,0.0,0.0,0.0,0.0,0.0,0.0,0.0
Gram_error_fro,2.0,1,10,3,0.0,0.06344342,0.0517111,0.04055513,0.03245643,0.02613075,0.02100438,0.01685482,0.01352655,0.01087306,0.0087608,0.00707668,0.00572958,0.00464801
Gram_error_fro,2.0,1,10,3,0.0,0.0538729,0.03208172,0.01930863,0.01252266,0.00898686,0.00696563,0.00562186,0.00462498,0.0038472,0.00322861,0.0027321,0.00233035,0.00200212
Gram_error_fro,0.0,1,10,3,0.0,0.0,0.0,0.0,0.0,0.0,0.0,0.0,0.0,0.0,0.0,0.0,0.0,0.0
Gram_error_fro,2.0,1,10,3,0.0,0.01373533,0.00963299,0.00543892,0.00274467,0.00120845,0.00046528,0.00050019,0.00071238,0.0008358,0.00088035,0.00087191,0.00083082,0.00077134
Gram_error_fro,2.0,1,10,3,0.0,0.05001885,0.04533959,0.03693654,0.0296018,0.02387349,0.0194027,0.01584508,0.01297078,0.01062882,0.0087128,0.00714244,0.00585444,0.00479779
Gram_error_fro,2.0,1,10,3,0.0,0.06177117,0.07083704,0.07009054,0.06658854,0.0621975,0.05758265,0.05302706,0.04866074,0.04454398,0.04070213,0.03714164,0.03385821,0.03084124
Gram_error_fro,4.0,1,10,3,0.0,0.1052063,0.08062192,0.06215289,0.04963303,0.04011471,0.03247653,0.02629023,0.02129792,0.01728579,0.01406728,0.01148431,0.00940719,0.00773187
Gram_error_fro,4.0,1,10,3,0.0,0.08382282,0.08355793,0.0762214,0.0676799,0.05950355,0.0521681,0.04575272,0.04019043,0.03537316,0.03119276,0.02755396,0.02437649,0.02159363
Gram_error_fro,2.0,1,10,3,0.0,0.0538729,0.03208172,0.01930863,0.01252266,0.00898686,0.00696563,0.00562186,0.00462498,0.0038472,0.00322861,0.0027321,0.00233035,0.00200212
Gram_error_fro,2.0,1,10,3,0.0,0.06143244,0.05063877,0.04015719,0.03234596,0.02631685,0.02151709,0.01763566,0.01447167,0.01188099,0.00975423,0.0080058,0.00656743,0.00538401
Gram_error_fro,0.0,1,10,6,0.0,0.0,0.0,0.0,0.0,0.0,0.0,0.0,0.0,0.0,0.0,0.0,0.0,0.0
Gram_error_fro,2.0,1,10,6,0.0,0.07290743,0.04567305,0.02627541,0.01553753,0.00959465,0.0061475,0.00404241,0.00270221,0.00182388,0.0012376,0.00084201,0.0005735,0.00039068
Gram_error_fro,2.0,1,10,6,0.0,0.07738246,0.06805064,0.05553522,0.04422082,0.03461811,0.02676622,0.02051838,0.01563976,0.0118775,0.00899934,0.00680873,0.00514675,0.00388836
Gram_error_fro,0.0,1,10,6,0.0,0.08625615,0.08198077,0.06961675,0.05643277,0.04449001,0.03444989,0.0263612,0.02001248,0.01511129,0.01136814,0.00852983,0.00638811,0.00477749
Gram_error_fro,2.0,1,10,6,0.0,0.08129179,0.06651516,0.04747259,0.03272882,0.0222016,0.01490698,0.009939,0.00659432,0.00436032,0.00287639,0.00189449,0.00124651,0.00081968
Gram_error_fro,2.0,1,10,6,0.0,0.07738246,0.06805064,0.05553522,0.04422082,0.03461811,0.02676622,0.02051838,0.01563976,0.0118775,0.00899934,0.00680873,0.00514675,0.00388836
Gram_error_fro,2.0,1,10,6,0.0,0.13070405,0.11680449,0.09335922,0.07280002,0.05612523,0.04293597,0.03266049,0.02474196,0.01868786,0.01408532,0.0106003,0.00796895,0.00598618
Gram_error_fro,2.0,1,10,6,0.0,0.12302682,0.11030036,0.08820952,0.06903465,0.05352837,0.04124675,0.03164611,0.02421219,0.01849345,0.0141127,0.0107655,0.00821169,0.0062646
Gram_error_fro,2.0,1,10,6,0.0,0.1171474,0.09815899,0.07707365,0.05949046,0.04546666,0.03452275,0.02609863,0.01967123,0.01479541,0.01111075,0.00833359,0.00624442,0.00467511
Gram_error_fro,2.0,1,10,6,0.0,0.12520754,0.10734282,0.08306043,0.06299382,0.04745335,0.03563613,0.02671914,0.02001595,0.01498649,0.01121644,0.00839193,0.00627656,0.00469276
Gram_error_fro,2.0,1,10,6,0.0,0.08129179,0.06651516,0.04747259,0.03272882,0.0222016,0.01490698,0.009939,0.00659432,0.00436032,0.00287639,0.00189449,0.00124651,0.00081968
Gram_error_fro,0.0,1,10,2,0.0,0.0,0.0,0.0,0.0,0.0,0.0,0.0,0.0,0.0,0.0,0.0,0.0,0.0
Gram_error_fro,2.0,1,10,2,0.0,0.02963845,0.01875748,0.01341739,0.01015139,0.00787369,0.00617703,0.00487347,0.00385745,0.0030597,0.00243061,0.00193309,0.00153878,0.00122579
Gram_error_fro,2.0,1,10,2,0.0,0.04422494,0.02478526,0.01737465,0.01322098,0.01038593,0.00829194,0.00668744,0.0054329,0.00443923,0.00364478,0.00300496,0.00248656,0.00206438
Gram_error_fro,2.0,1,10,2,0.0,0.00638646,0.0017023,0.00152603,0.00185054,0.00198466,0.00197077,0.00187217,0.00172984,0.00156842,0.00140271,0.00124146,0.00108972,0.00095015
Gram_error_fro,2.0,1,10,2,0.0,0.03506092,0.02128497,0.01666386,0.01411994,0.01225591,0.01072842,0.00942563,0.00829777,0.00731471,0.00645441,0.00569939,0.0050353,0.00445016
Gram_error_fro,2.0,1,10,2,0.0,0.04862419,0.02599498,0.01663385,0.01158037,0.00838496,0.0062047,0.00466356,0.00355603,0.00275211,0.00216293,0.0017259,0.0013967,0.00114419
Gram_error_fro,4.0,1,10,2,0.0,0.07204103,0.04883259,0.03682455,0.02910547,0.02363674,0.01955197,0.01639322,0.01388908,0.01186509,0.010203,0.00881984,0.00765598,0.0066676
Gram_error_fro,4.0,1,10,2,0.0,0.06755636,0.04743664,0.03717459,0.03036327,0.02524865,0.02118423,0.01786765,0.015126,0.01284245,0.0109302,0.00932182,0.0079639,0.00681369
Gram_error_fro,4.0,1,10,2,0.0,0.0539318,0.03128078,0.0191262,0.01203981,0.0076363,0.00480195,0.00293967,0.00170664,0.0008928,0.0003625,2.518e-05,0.00018116,0.00029888
Gram_error_fro,4.0,1,10,2,0.0,0.09695758,0.065189,0.04843679,0.03751195,0.02952746,0.02344581,0.01872903,0.01503346,0.01211734,0.00980298,0.00795697,0.00647788,0.00528797
Gram_error_fro,4.0,1,10,2,0.0,0.0935299,0.06220049,0.04389861,0.0319686,0.02362693,0.01761995,0.01322573,0.00997828,0.00756,0.00574819,0.00438391,0.00335234,0.00256969
Gram_error_fro,0.0,1,10,4,0.0,0.0,0.0,0.0,0.0,0.0,0.0,0.0,0.0,0.0,0.0,0.0,0.0,0.0
Gram_error_fro,2.0,1,10,4,0.0,0.06297847,0.05376475,0.04583685,0.03847897,0.03193317,0.02641057,0.02189084,0.01823972,0.01529672,0.0129145,0.01097134,0.00937165,0.00804216
Gram_error_fro,2.0,1,10,4,0.0,0.06297847,0.05376475,0.04583685,0.03847897,0.03193317,0.02641057,0.02189084,0.01823972,0.01529672,0.0129145,0.01097134,0.00937165,0.00804216
Gram_error_fro,2.0,1,10,4,0.0,0.0372698,0.02418618,0.0164651,0.01237093,0.00974723,0.00783474,0.00637059,0.0052305,0.00433504,0.00362595,0.00305905,0.00260084,0.00222615
Gram_error_fro,2.0,1,10,4,0.0,0.02787542,0.02131578,0.01666801,0.01353417,0.01133507,0.00967196,0.00833936,0.0072361,0.00630677,0.00551602,0.00483843,0.00425452,0.00374887
Gram_error_fro,2.0,1,10,4,0.0,0.10710724,0.08157027,0.05654178,0.03984026,0.02920142,0.02229291,0.01762165,0.01431702,0.01187753,0.01000858,0.00853146,0.00733401,0.00634343
Gram_error_fro,0.0,1,10,4,0.0,0.09148741,0.07964816,0.06737112,0.05614779,0.04640376,0.03826309,0.03161542,0.02624666,0.02192217,0.01842771,0.01558458,0.01325108,0.01131808
Gram_error_fro,2.0,1,10,4,0.0,0.1044083,0.09142972,0.07307115,0.05754036,0.04547791,0.03628193,0.02925826,0.02384542,0.01962565,0.01629525,0.01363428,0.01148307,0.00972493
Gram_error_fro,2.0,1,10,4,0.0,0.06877028,0.05876239,0.04999287,0.04220648,0.0354004,0.029617,0.02480447,0.02084477,0.01759784,0.01492971,0.01272511,0.01089044,0.00935209
Gram_error_fro,2.0,1,10,4,0.0,0.05679477,0.03598873,0.02360817,0.01669021,0.01264102,0.01004158,0.00820275,0.00680945,0.00571285,0.00483316,0.00411998,0.00353721,0.0030573
Gram_error_fro,4.0,1,10,4,0.0,0.11213464,0.09483351,0.07561933,0.06067184,0.04925375,0.04036307,0.03331805,0.02766782,0.02309668,0.01937207,0.0163176,0.0137975,0.0117064
Gram_error_fro,0.0,1,10,3,0.0,0.0,0.0,0.0,0.0,0.0,0.0,0.0,0.0,0.0,0.0,0.0,0.0,0.0
Gram_error_fro,2.0,1,10,3,0.0,0.02245768,0.01603377,0.01191928,0.00902048,0.0070256,0.00562517,0.00460143,0.00382343,0.00321442,0.00272746,0.00233189,0.00200638,0.00173547
Gram_error_fro,2.0,2,10,3,0.0,0.06929498,0.04643041,0.03428788,0.02809335,0.02498553,0.02362366,0.02325507,0.02342308,0.02385636,0.02440054,0.02497107,0.02552351,0.02603595
Gram_error_fro,0.0,1,10,3,0.0,0.0,0.0,0.0,0.0,0.0,0.0,0.0,0.0,0.0,0.0,0.0,0.0,0.0
Gram_error_fro,2.0,1,10,3,0.0,0.07682584,0.06382662,0.04906684,0.03743034,0.02861291,0.02196824,0.01694755,0.0131337,0.01021924,0.00797912,0.00624822,0.00490461,0.0038575
Gram_error_fro,0.0,1,10,3,0.0,0.0,0.0,0.0,0.0,0.0,0.0,0.0,0.0,0.0,0.0,0.0,0.0,0.0
Gram_error_fro,2.0,1,10,3,0.0,0.02295574,0.016806,0.01308942,0.0104926,0.00862173,0.00719977,0.00607005,0.00514633,0.00437786,0.00373191,0.00318551,0.00272148,0.00232638
Gram_error_fro,2.0,1,10,3,0.0,0.07682584,0.06382662,0.04906684,0.03743034,0.02861291,0.02196824,0.01694755,0.0131337,0.01021924,0.00797912,0.00624822,0.00490461,0.0038575
Gram_error_fro,2.0,1,10,3,0.0,0.02758719,0.02325878,0.020429,0.01808832,0.01615737,0.01453955,0.01314122,0.01189848,0.01077439,0.00974869,0.00880982,0.0079503,0.00716442
Gram_error_fro,2.0,1,10,3,0.0,0.07682584,0.06382662,0.04906684,0.03743034,0.02861291,0.02196824,0.01694755,0.0131337,0.01021924,0.00797912,0.00624822,0.00490461,0.0038575
Gram_error_fro,2.0,1,10,3,0.0,0.07851725,0.05639832,0.04018882,0.03000232,0.02318661,0.01836658,0.01482633,0.01215335,0.01009003,0.00846699,0.00716903,0.00611578,0.00524999
Gram_error_fro,0.0,1,10,2,0.0,0.0,0.0,0.0,0.0,0.0,0.0,0.0,0.0,0.0,0.0,0.0,0.0,0.0
Gram_error_fro,2.0,1,10,2,0.0,0.05773736,0.03986463,0.03005858,0.02347599,0.01858639,0.01483725,0.01193186,0.00966606,0.00788817,0.00648387,0.00536686,0.00447193,0.00374967
Gram_error_fro,2.0,1,10,2,0.0,0.08054309,0.07364165,0.06456626,0.05643728,0.04935395,0.04321219,0.0378831,0.03325052,0.02921628,0.0256975,0.02262358,0.01993412,0.01757732
Gram_error_fro,2.0,1,10,2,0.0,0.07949884,0.03962678,0.02878537,0.02348659,0.01956133,0.01637236,0.01372886,0.01152304,0.00967628,0.00812678,0.00682469,0.00572939,0.00480751
Gram_error_fro,2.0,1,10,2,0.0,0.07478127,0.04550024,0.03283281,0.02530132,0.01996652,0.01597138,0.01291924,0.0105606,0.00871896,0.00726522,0.00610435,0.00516629,0.00439935
Gram_error_fro,2.0,1,10,2,0.0,0.05807559,0.04066408,0.02962007,0.02183785,0.0161386,0.01201397,0.00908822,0.00705691,0.00567464,0.00474426,0.00411118,0.0036617,0.00331949
Gram_error_fro,2.0,1,10,2,0.0,0.12118934,0.08257462,0.06096847,0.04665994,0.03614732,0.02819749,0.02212454,0.01745351,0.01383746,0.01102035,0.00881243,0.0070724,0.00569428
Gram_error_fro,2.0,1,10,2,0.0,0.06131762,0.05095375,0.04255632,0.03513661,0.02875335,0.02343306,0.01907521,0.01553201,0.0126572,0.01032375,0.00842706,0.00688287,0.00562375
Gram_error_fro,2.0,1,10,2,0.0,0.07327808,0.07269793,0.06676602,0.06040595,0.05437343,0.04881833,0.04375397,0.03916244,0.035017,0.03128682,0.02793891,0.0249397,0.02225634
Gram_error_fro,2.0,1,10,2,0.0,0.07288178,0.07156343,0.06510805,0.05827855,0.05187907,0.04607274,0.04086235,0.03621132,0.03207363,0.02840128,0.02514704,0.02226595,0.01971632
Gram_error_fro,2.0,1,10,2,0.0,0.01369874,0.00819488,0.0054285,0.00409865,0.00345607,0.00309839,0.00283492,0.00259611,0.00236398,0.00213777,0.00192088,0.00171663,0.00152722
Gram_error_fro,0.0,1,10,4,0.0,0.0,0.0,0.0,0.0,0.0,0.0,0.0,0.0,0.0,0.0,0.0,0.0,0.0
Gram_error_fro,2.0,1,10,4,0.0,0.06838748,0.06933673,0.06099592,0.0512653,0.04225883,0.03460497,0.02835259,0.02332953,0.01930967,0.01608203,0.01347238,0.01134452,0.00959453
Gram_error_fro,2.0,1,10,4,0.0,0.0827709,0.05381568,0.03157419,0.01857524,0.01124856,0.00709876,0.00469137,0.00323783,0.00231414,0.00169547,0.00126217,0.00094866,0.00071691
Gram_error_fro,0.0,1,10,4,0.0,0.0,0.0,0.0,0.0,0.0,0.0,0.0,0.0,0.0,0.0,0.0,0.0,0.0
Gram_error_fro,0.0,1,10,4,0.0,0.0,0.0,0.0,0.0,0.0,0.0,0.0,0.0,0.0,0.0,0.0,0.0,0.0
Gram_error_fro,0.0,1,10,4,0.0,0.0,0.0,0.0,0.0,0.0,0.0,0.0,0.0,0.0,0.0,0.0,0.0,0.0
Gram_error_fro,4.0,1,10,4,0.0,0.07894915,0.05060109,0.03329549,0.02419614,0.01894225,0.01545698,0.01289074,0.01088177,0.00925318,0.00790462,0.00677234,0.00581272,0.00499427
Gram_error_fro,2.0,1,10,4,0.0,0.10996415,0.08283088,0.06004308,0.04530744,0.03518085,0.02773436,0.0220692,0.01770159,0.01431361,0.01167063,0.00959343,0.00794543,0.00662396
Gram_error_fro,2.0,1,10,4,0.0,0.05764914,0.04866634,0.03895521,0.03161709,0.02576827,0.02097145,0.01704388,0.01385385,0.01127743,0.00920056,0.0075247,0.00616872,0.00506771
Gram_error_fro,2.0,1,10,4,0.0,0.06838748,0.06933673,0.06099592,0.0512653,0.04225883,0.03460497,0.02835259,0.02332953,0.01930967,0.01608203,0.01347238,0.01134452,0.00959453
Gram_error_fro,2.0,1,10,4,0.0,0.08739498,0.08038836,0.06734778,0.05524937,0.04538666,0.03758609,0.03140094,0.02643568,0.02239568,0.01906936,0.01630358,0.01398527,0.01202905
Gram_error_fro,0.0,1,10,4,0.0,0.0,0.0,0.0,0.0,0.0,0.0,0.0,0.0,0.0,0.0,0.0,0.0,0.0
Gram_error_fro,2.0,1,10,4,0.0,0.0593012,0.04502889,0.03591952,0.02920511,0.0238012,0.01943296,0.01592117,0.01310295,0.01083608,0.00900357,0.0075128,0.00629197,0.00528586
Gram_error_fro,2.0,1,10,4,0.0,0.09594763,0.05828563,0.03434377,0.02228323,0.01610688,0.01249664,0.0100567,0.00824978,0.00684899,0.00573653,0.00483874,0.00410462,0.0034974
Gram_error_fro,2.0,1,10,4,0.0,0.0593012,0.04502889,0.03591952,0.02920511,0.0238012,0.01943296,0.01592117,0.01310295,0.01083608,0.00900357,0.0075128,0.00629197,0.00528586
Gram_error_fro,2.0,1,10,4,0.0,0.03630495,0.02789426,0.02295584,0.01952275,0.01681445,0.01460023,0.01275882,0.01120183,0.00986589,0.00870702,0.00769434,0.00680523,0.00602223
Gram_error_fro,2.0,1,10,4,0.0,0.10981881,0.08103973,0.05461297,0.03800126,0.02807345,0.02185722,0.01763015,0.01452697,0.01212116,0.01019002,0.00860586,0.00728825,0.00618242
Gram_error_fro,2.0,1,10,4,0.0,0.10090486,0.06986588,0.05058696,0.03843771,0.03000996,0.023839,0.01918161,0.01559445,0.01278724,0.01056037,0.00877267,0.00732241,0.00613518
Gram_error_fro,2.0,1,10,4,0.0,0.10859536,0.08495528,0.06107057,0.0444733,0.03341193,0.02584808,0.02047107,0.01650699,0.01349351,0.01114433,0.00927535,0.00776407,0.00652638
Gram_error_fro,2.0,1,10,4,0.0,0.10827978,0.08436069,0.06091639,0.04464301,0.03353016,0.02574095,0.02011609,0.01594823,0.01279453,0.01036713,0.00847209,0.00697465,0.00577888
Gram_error_fro,2.0,1,10,4,0.0,0.10233919,0.07839777,0.05718143,0.04268034,0.03254838,0.02518496,0.01969555,0.01554035,0.01236077,0.00990463,0.00799,0.0064842,0.00528984
Gram_error_fro,2.0,1,10,4,0.0,0.04627665,0.02434649,0.01700622,0.0136758,0.01151782,0.00987844,0.00855205,0.00744625,0.00650838,0.00570407,0.00500896,0.00440485,0.00387765
Gram_error_fro,0.0,1,10,2,0.0,0.0,0.0,0.0,0.0,0.0,0.0,0.0,0.0,0.0,0.0,0.0,0.0,0.0
Gram_error_fro,2.0,1,10,2,0.0,0.02753876,0.01249706,0.00884959,0.00947313,0.01052021,0.01106553,0.01112067,0.01082992,0.0103206,0.00968546,0.00898826,0.00827156,0.00756309
Gram_error_fro,2.0,1,10,2,0.0,0.01704422,0.00871879,0.00327526,0.00136712,0.00340346,0.00494365,0.00587566,0.00635708,0.00652076,0.00646624,0.00626599,0.00597218,0.00562212
Gram_error_fro,2.0,1,10,2,0.0,0.04931362,0.03730676,0.02994576,0.02491602,0.02106915,0.01796401,0.01539274,0.01323639,0.0114149,0.00986857,0.00855058,0.00742326,0.006456
Gram_error_fro,2.0,1,10,2,0.0,0.05294654,0.03821156,0.03311999,0.02981199,0.02686569,0.02409053,0.02149786,0.01911268,0.0169454,0.0149935,0.01324657,0.01169011,0.01030791
Gram_error_fro,2.0,1,10,2,0.0,0.05581772,0.02340824,0.01803408,0.01597729,0.01431356,0.01283005,0.01151133,0.01034466,0.00931336,0.0084004,0.00759019,0.00686906,0.00622526
Gram_error_fro,0.0,1,10,2,0.0,0.0,0.0,0.0,0.0,0.0,0.0,0.0,0.0,0.0,0.0,0.0,0.0,0.0
Gram_error_fro,4.0,1,10,2,0.0,0.04008962,0.02968614,0.02339539,0.01882941,0.0152791,0.01246315,0.01023409,0.00849343,0.00716345,0.00617555,0.0054644,0.00496671,0.00462356
Gram_error_fro,2.0,1,10,2,0.0,0.02624306,0.01203183,0.00863951,0.00935743,0.01042703,0.01098429,0.01105706,0.01078986,0.01030659,0.00969679,0.00902206,0.00832384,0.00762949
Gram_error_fro,4.0,1,10,2,0.0,0.09724209,0.06290779,0.04948197,0.04166987,0.03585319,0.03108698,0.02704371,0.02356852,0.02056451,0.01795973,0.01569655,0.01372719,0.01201146
Gram_error_fro,2.0,1,10,2,0.0,0.0412134,0.03023308,0.02510803,0.02167593,0.01890439,0.01651602,0.01442943,0.01260733,0.01102,0.00963929,0.00843887,0.00739487,0.00648621
Gram_error_fro,0.0,1,10,2,0.0,0.0,0.0,0.0,0.0,0.0,0.0,0.0,0.0,0.0,0.0,0.0,0.0,0.0
Gram_error_fro,0.0,1,10,2,0.0,0.0,0.0,0.0,0.0,0.0,0.0,0.0,0.0,0.0,0.0,0.0,0.0,0.0
Gram_error_fro,2.0,1,10,2,0.0,0.03107574,0.02572394,0.0223822,0.01955058,0.01711391,0.01503248,0.01325641,0.01173507,0.01042401,0.0092867,0.00829383,0.00742213,0.00665301
Gram_error_fro,2.0,1,10,2,0.0,0.08209042,0.07350879,0.06286823,0.05317472,0.04485568,0.03787785,0.03206737,0.0272312,0.02319708,0.01982123,0.0169863,0.01459707,0.01257628
Gram_error_fro,2.0,1,10,2,0.0,0.0003432,0.00012502,6.242e-05,9.761e-05,0.00014124,0.00017391,0.00019712,0.00021303,0.00022325,0.00022897,0.00023109,0.00023033,0.00022728
Gram_error_fro,2.0,1,10,2,0.0,0.0794059,0.05232936,0.04432648,0.04017483,0.03669474,0.03339591,0.0302357,0.02724506,0.02445638,0.02188884,0.01954815,0.01742982,0.01552277
Gram_error_fro,2.0,1,10,2,0.0,0.03107574,0.02572394,0.0223822,0.01955058,0.01711391,0.01503248,0.01325641,0.01173507,0.01042401,0.0092867,0.00829383,0.00742213,0.00665301
Gram_error_fro,2.0,1,10,2,0.0,0.08288813,0.07056699,0.06832878,0.06585964,0.06289117,0.05959867,0.05613956,0.05263646,0.04917831,0.04582609,0.04261919,0.03958096,0.03672312
Gram_error_fro,2.0,1,10,2,0.0,0.0003432,0.00012502,6.242e-05,9.761e-05,0.00014124,0.00017391,0.00019712,0.00021303,0.00022325,0.00022897,0.00023109,0.00023033,0.00022728
Gram_error_fro,2.0,1,10,2,0.0,0.0003432,0.00012502,6.242e-05,9.761e-05,0.00014124,0.00017391,0.00019712,0.00021303,0.00022325,0.00022897,0.00023109,0.00023033,0.00022728
Gram_error_fro,4.0,1,10,2,0.0,0.07041248,0.06648453,0.06015786,0.05365086,0.04753905,0.04197947,0.03699839,0.03257483,0.02866797,0.02522896,0.02220724,0.01955416,0.01722484
Gram_error_fro,0.0,1,10,2,0.0,0.0,0.0,0.0,0.0,0.0,0.0,0.0,0.0,0.0,0.0,0.0,0.0,0.0
Gram_error_fro,2.0,1,10,2,0.0,0.03460517,0.02170299,0.01457913,0.01010597,0.0070859,0.00499488,0.00352889,0.00249336,0.00175852,0.00123574,0.00086356,0.00059882,0.00041097
Gram_error_fro,2.0,1,10,2,0.0,0.05488863,0.04059952,0.03066378,0.02363175,0.01841564,0.01446371,0.01142741,0.00906941,0.00722277,0.00576705,0.00461357,0.00369591,0.00296359
Gram_error_fro,2.0,1,10,2,0.0,0.02610422,0.01232408,0.00790008,0.00614762,0.00529945,0.004748,0.00428775,0.00385848,0.00344845,0.00305992,0.00269749,0.00236463,0.00206302
Gram_error_fro,0.0,1,10,2,0.0,0.04613999,0.02749415,0.01835384,0.01277188,0.00898556,0.00634159,0.00447845,0.00315974,0.0022236,0.00155775,0.00108377,0.00074659,0.00050724
Gram_error_fro,2.0,1,10,2,0.0,0.00972433,0.003384,0.00088002,0.00174388,0.00246277,0.0027538,0.00277439,0.00263914,0.00242215,0.00216981,0.00191028,0.00166004,0.00142807
Gram_error_fro,4.0,1,10,2,0.0,0.03235675,0.02606481,0.01990655,0.01505807,0.01141373,0.00869661,0.00665938,0.00511898,0.00394559,0.00304672,0.00235532,0.00182195,0.00140969
Gram_error_fro,2.0,1,10,2,0.0,0.07363267,0.0515488,0.03912508,0.03070868,0.02440117,0.01953495,0.01573509,0.01274076,0.01036168,0.00845758,0.00692407,0.00568262,0.00467333
Gram_error_fro,2.0,1,10,2,0.0,0.07603651,0.053178,0.03965162,0.03040296,0.02361523,0.01851204,0.0146221,0.0116244,0.00929223,0.00746256,0.00601656,0.00486651,0.00394687
Gram_error_fro,2.0,1,10,2,0.0,0.06090825,0.04409039,0.03505796,0.02873895,0.02380634,0.0198556,0.01666018,0.01405489,0.01191392,0.01014118,0.00866321,0.00742345,0.00637799
Gram_error_fro,2.0,1,10,2,0.0,0.06380979,0.02569544,0.01318814,0.00827852,0.00580658,0.0042948,0.00325367,0.00249189,0.0019188,0.00148241,0.00114834,0.00089195,0.00069482
Gram_error_fro,0.0,1,10,3,0.0,0.0,0.0,0.0,0.0,0.0,0.0,0.0,0.0,0.0,0.0,0.0,0.0,0.0
Gram_error_fro,2.0,1,10,3,0.0,0.05370428,0.03357838,0.02386902,0.01853506,0.01491985,0.01229268,0.01031685,0.00877413,0.00752483,0.00648407,0.00560069,0.00484255,0.00418799
Gram_error_fro,0.0,1,10,3,0.0,0.0,0.0,0.0,0.0,0.0,0.0,0.0,0.0,0.0,0.0,0.0,0.0,0.0
Gram_error_fro,2.0,1,10,3,0.0,0.05834607,0.04664956,0.03531147,0.02706763,0.02102116,0.0164891,0.0130459,0.01040418,0.00835931,0.00676275,0.00550579,0.00450832,0.0037109
Gram_error_fro,2.0,1,10,3,0.0,0.09161686,0.05357313,0.03143817,0.02119005,0.01580284,0.01233689,0.00980776,0.00785684,0.00631709,0.00508963,0.00410641,0.0033168,0.00268171
Gram_error_fro,2.0,1,10,3,0.0,0.0590528,0.03158444,0.02056276,0.01585047,0.01307403,0.01098287,0.00925141,0.00778352,0.00653612,0.00547869,0.004585,0.00383163,0.00319792
Gram_error_fro,2.0,1,10,3,0.0,0.08018429,0.04437808,0.0244564,0.01621708,0.01245679,0.01014161,0.00839662,0.00698417,0.00582038,0.00485937,0.00406703,0.00341492,0.00287872
Gram_error_fro,2.0,1,10,3,0.0,0.07932192,0.06338297,0.05026481,0.03994646,0.03189523,0.02565092,0.02079554,0.01699045,0.01397857,0.01156991,0.00962492,0.00804068,0.00674054
Gram_error_fro,2.0,1,10,3,0.0,0.03610964,0.02709425,0.02170435,0.01795266,0.01513737,0.01287812,0.01099555,0.00940131,0.00804272,0.00688207,0.00588937,0.00503981,0.0043125
Gram_error_fro,2.0,1,10,3,0.0,0.07890617,0.07714358,0.06968729,0.06039262,0.05135092,0.04338806,0.03665533,0.031049,0.02639805,0.02253355,0.01930959,0.01660644,0.01432791
Gram_error_fro,4.0,1,10,3,0.0,0.10238386,0.09214454,0.07958288,0.06791382,0.05786712,0.04940039,0.04228484,0.03629203,0.03122927,0.02693881,0.02329168,0.02018203,0.0175228
Gram_error_fro,0.0,1,10,3,0.0,0.0,0.0,0.0,0.0,0.0,0.0,0.0,0.0,0.0,0.0,0.0,0.0,0.0
Gram_error_fro,2.0,1,10,3,0.0,0.06762837,0.04170975,0.02750299,0.0194212,0.01433705,0.010917,0.00851585,0.00677691,0.00548412,0.00449988,0.00373423,0.00312719,0.002638
Gram_error_fro,2.0,1,10,3,0.0,0.03656446,0.01466767,0.00781523,0.00573695,0.00497761,0.00448991,0.00406022,0.00366065,0.0032908,0.00295099,0.00264017,0.00235669,0.00209883
Gram_error_fro,2.0,1,10,3,0.0,0.08884446,0.06993597,0.05432226,0.04273945,0.03392244,0.02709908,0.02176405,0.01755967,0.01422441,0.01156379,0.00943128,0.00771508,0.00632898
Gram_error_fro,0.0,1,10,3,0.0,0.0,0.0,0.0,0.0,0.0,0.0,0.0,0.0,0.0,0.0,0.0,0.0,0.0
Gram_error_fro,0.0,1,10,3,0.0,0.0,0.0,0.0,0.0,0.0,0.0,0.0,0.0,0.0,0.0,0.0,0.0,0.0
Gram_error_fro,2.0,1,10,3,0.0,0.07946641,0.0560874,0.04191761,0.0322503,0.0251854,0.01985581,0.01576934,0.01260449,0.01013502,0.00819575,0.00666378,0.00544659,0.00447405
Gram_error_fro,2.0,1,10,3,0.0,0.07682584,0.06382662,0.04906684,0.03743034,0.02861291,0.02196824,0.01694755,0.0131337,0.01021924,0.00797912,0.00624822,0.00490461,0.0038575
Gram_error_fro,2.0,1,10,3,0.0,0.02245768,0.01603377,0.01191928,0.00902048,0.0070256,0.00562517,0.00460143,0.00382343,0.00321442,0.00272746,0.00233189,0.00200638,0.00173547
Gram_error_fro,2.0,1,10,3,0.0,0.07682584,0.06382662,0.04906684,0.03743034,0.02861291,0.02196824,0.01694755,0.0131337,0.01021924,0.00797912,0.00624822,0.00490461,0.0038575
Gram_error_fro,2.0,1,10,3,0.0,0.08884446,0.06993597,0.05432226,0.04273945,0.03392244,0.02709908,0.02176405,0.01755967,0.01422441,0.01156379,0.00943128,0.00771508,0.00632898
Gram_error_fro,0.0,1,10,2,0.0,0.0,0.0,0.0,0.0,0.0,0.0,0.0,0.0,0.0,0.0,0.0,0.0,0.0
Gram_error_fro,2.0,1,10,2,0.0,0.03035634,0.02538441,0.02211138,0.01931161,0.01689785,0.01483562,0.01307628,0.01156983,0.01027229,0.00914741,0.00816607,0.00730508,0.00654594
Gram_error_fro,0.0,1,10,2,0.0,0.0,0.0,0.0,0.0,0.0,0.0,0.0,0.0,0.0,0.0,0.0,0.0,0.0
Gram_error_fro,2.0,1,10,2,0.0,0.06817662,0.06660101,0.06062716,0.05411671,0.04789478,0.04220833,0.0371173,0.03260985,0.0286443,0.02516753,0.0221242,0.01946136,0.01713064
Gram_error_fro,0.0,1,10,2,0.0,0.0,0.0,0.0,0.0,0.0,0.0,0.0,0.0,0.0,0.0,0.0,0.0,0.0
Gram_error_fro,0.0,1,10,2,0.0,0.07497026,0.07501612,0.06794043,0.06004343,0.05256989,0.04583446,0.03988162,0.03467039,0.03013251,0.02619288,0.02277804,0.01981988,0.01725725
Gram_error_fro,2.0,1,10,2,0.0,0.09189494,0.08374456,0.07095254,0.05922938,0.04926534,0.04102796,0.03427534,0.02874109,0.024192,0.02043749,0.01732518,0.01473389,0.01256717
Gram_error_fro,2.0,1,10,2,0.0,0.0625217,0.06767989,0.06396054,0.05814401,0.05203387,0.04620531,0.0408502,0.03602262,0.03171831,0.02790618,0.02454349,0.02158406,0.01898261
Gram_error_fro,2.0,1,10,2,0.0,0.13307805,0.11815166,0.10120808,0.08616444,0.07321186,0.06224817,0.05302456,0.04526895,0.03873636,0.03321979,0.02854812,0.02458073,0.02120218
Gram_error_fro,2.0,1,10,2,0.0,0.07509157,0.07517993,0.06794066,0.05995397,0.05250626,0.04588674,0.0400979,0.03506238,0.03068775,0.02688594,0.02357842,0.02069694,0.01818278
Gram_error_fro,2.0,1,10,2,0.0,0.07013387,0.06651283,0.05937101,0.0518583,0.04490786,0.03874444,0.03337141,0.02872644,0.02472955,0.02129932,0.01835915,0.01583988,0.01368056
Gram_error_fro,0.0,1,10,2,0.0,0.0,0.0,0.0,0.0,0.0,0.0,0.0,0.0,0.0,0.0,0.0,0.0,0.0
Gram_error_fro,2.0,1,10,2,0.0,0.00919423,0.00468938,0.00229527,0.00092715,0.00025761,0.00046045,0.00068931,0.00080609,0.00084825,0.00084464,0.00081376,0.00076724,0.0007124
Gram_error_fro,2.0,1,10,2,0.0,0.0620833,0.04222794,0.03252483,0.02650331,0.02186522,0.01813274,0.01511346,0.01265996,0.01065176,0.00899491,0.00761796,0.00646669,0.00549942
Gram_error_fro,2.0,1,10,2,0.0,0.0620833,0.04222794,0.03252483,0.02650331,0.02186522,0.01813274,0.01511346,0.01265996,0.01065176,0.00899491,0.00761796,0.00646669,0.00549942
Gram_error_fro,2.0,1,10,2,0.0,0.05985795,0.02301814,0.01174124,0.00741956,0.0051898,0.00381158,0.00287743,0.00221001,0.00171567,0.00133969,0.00104825,0.0008195,0.00063864
Gram_error_fro,2.0,1,10,2,0.0,0.01156716,0.00451059,0.00240936,0.00177516,0.00150226,0.00133657,0.00121347,0.00110163,0.00098759,0.00086985,0.00075208,0.00063895,0.00053415
Gram_error_fro,2.0,1,10,2,0.0,0.05481346,0.05126268,0.04470248,0.0381442,0.03223388,0.02712631,0.02279692,0.01915978,0.01611547,0.01356969,0.01143961,0.00965501,0.00815743
Gram_error_fro,2.0,1,10,2,0.0,0.03027348,0.01508766,0.0089118,0.00611224,0.00469326,0.00385296,0.00326302,0.00279168,0.00238848,0.00203493,0.00172406,0.00145237,0.00121704
Gram_error_fro,2.0,1,10,2,0.0,0.05018801,0.04618832,0.03719046,0.02924602,0.02293737,0.0180395,0.01424861,0.01130554,0.00900881,0.00720613,0.00578322,0.00465422,0.0037543
Gram_error_fro,2.0,1,10,2,0.0,0.05985795,0.02301814,0.01174124,0.00741956,0.0051898,0.00381158,0.00287743,0.00221001,0.00171567,0.00133969,0.00104825,0.0008195,0.00063864
Gram_error_fro,0.0,1,10,2,0.0,0.0612444,0.04408478,0.03331488,0.02600454,0.02061801,0.01648615,0.0132497,0.01068408,0.00863476,0.00698933,0.00566333,0.00459195,0.00372472
Gram_error_fro,0.0,1,10,4,0.0,0.0,0.0,0.0,0.0,0.0,0.0,0.0,0.0,0.0,0.0,0.0,0.0,0.0
Gram_error_fro,2.0,1,10,4,0.0,0.05922636,0.04914554,0.03617644,0.02648343,0.01981285,0.0151707,0.01184509,0.00939877,0.00755959,0.00615065,0.00505303,0.00418495,0.00348916
Gram_error_fro,2.0,1,10,4,0.0,0.07450739,0.04529407,0.02796311,0.01859796,0.01321525,0.00987529,0.00765274,0.00608622,0.00493123,0.00404973,0.00335901,0.00280684,0.00235865
Gram_error_fro,2.0,2,10,4,0.0,0.05364725,0.04598572,0.03604414,0.02952416,0.02646808,0.02570506,0.0261467,0.02710474,0.02821934,0.02932161,0.03033969,0.03124852,0.03204489
Gram_error_fro,0.0,1,10,4,0.0,0.0,0.0,0.0,0.0,0.0,0.0,0.0,0.0,0.0,0.0,0.0,0.0,0.0
Gram_error_fro,0.0,1,10,4,0.0,0.0,0.0,0.0,0.0,0.0,0.0,0.0,0.0,0.0,0.0,0.0,0.0,0.0
Gram_error_fro,4.0,2,10,4,0.0,0.08907277,0.0596015,0.04143825,0.03209734,0.02788014,0.02650674,0.0265973,0.02735544,0.02835887,0.02940014,0.0303849,0.03127545,0.03206169
Gram_error_fro,2.0,1,10,4,0.0,0.06204846,0.04877003,0.03562345,0.02670376,0.02073017,0.01653619,0.01345616,0.01111768,0.00929702,0.00785021,0.00668034,0.00572027,0.00492244
Gram_error_fro,4.0,1,10,4,0.0,0.09136267,0.072016,0.05782611,0.04688155,0.03787421,0.03045631,0.02445261,0.01966827,0.01589074,0.01291759,0.01057363,0.00871611,0.00723309
Gram_error_fro,0.0,1,10,4,0.0,0.07768183,0.06743243,0.05200154,0.03984585,0.03067899,0.02369318,0.01833375,0.01421538,0.01104863,0.00861001,0.00672734,0.00526925,0.00413613
Gram_error_fro,4.0,1,10,4,0.0,0.08595434,0.05711835,0.04231759,0.03451397,0.02970043,0.02619775,0.02333176,0.02084049,0.01862073,0.01662705,0.01483412,0.0132234,0.01177874
Gram_error_fro,0.0,1,10,2,0.0,0.0,0.0,0.0,0.0,0.0,0.0,0.0,0.0,0.0,0.0,0.0,0.0,0.0
Gram_error_fro,2.0,1,10,2,0.0,0.05621947,0.03442308,0.0224994,0.01562639,0.01118942,0.00812768,0.00594607,0.00436678,0.00321379,0.00236799,0.00174584,0.00128749,0.00094955
Gram_error_fro,2.0,1,10,2,0.0,0.07884237,0.04559681,0.03313842,0.02723753,0.02329761,0.02016506,0.01751908,0.01524325,0.01327533,0.01157037,0.01009146,0.00880722,0.00769081
Gram_error_fro,2.0,1,10,2,0.0,0.02883255,0.01333901,0.00780307,0.00525053,0.00377338,0.0027923,0.00209346,0.0015786,0.00119309,0.00090224,0.00068208,0.00051528,0.00038893
Gram_error_fro,2.0,1,10,2,0.0,0.04360987,0.04271313,0.03585737,0.02904988,0.02336137,0.01880789,0.01520116,0.01234113,0.01006016,0.00822797,0.00674602,0.00554026,0.00455463
Gram_error_fro,2.0,1,10,2,0.0,0.00921202,0.01193564,0.01047023,0.00808564,0.00616098,0.0047092,0.00360955,0.00276951,0.00212488,0.0016294,0.00124856,0.00095602,0.00073151
Gram_error_fro,2.0,1,10,2,0.0,0.01626282,0.0140806,0.0124438,0.01015849,0.00822411,0.00664799,0.00535829,0.00430434,0.00344724,0.00275383,0.00219525,0.00174683,0.00138779
Gram_error_fro,0.0,1,10,2,0.0,0.0,0.0,0.0,0.0,0.0,0.0,0.0,0.0,0.0,0.0,0.0,0.0,0.0
Gram_error_fro,2.0,1,10,2,0.0,0.01161455,0.00594149,0.00447425,0.00335082,0.00245176,0.00180539,0.00134806,0.00101649,0.00076972,0.00058313,0.00044109,0.00033287,0.00025056
Gram_error_fro,2.0,1,10,2,0.0,0.08579424,0.04890661,0.03377265,0.02577785,0.02047782,0.01659175,0.01361395,0.01127567,0.0094077,0.00789485,0.00665562,0.00563091,0.00477705
Gram_error_fro,2.0,1,10,2,0.0,0.04229012,0.03173031,0.02522829,0.02002395,0.01577341,0.01239236,0.00973441,0.00765029,0.00601519,0.00473087,0.00372108,0.00292666,0.00230147
Gram_error_fro,0.0,1,10,2,0.0,0.0,0.0,0.0,0.0,0.0,0.0,0.0,0.0,0.0,0.0,0.0,0.0,0.0
Gram_error_fro,2.0,1,10,2,0.0,0.0625217,0.06767989,0.06396054,0.05814401,0.05203387,0.04620531,0.0408502,0.03602262,0.03171831,0.02790618,0.02454349,0.02158406,0.01898261
Gram_error_fro,0.0,1,10,2,0.0,0.07497026,0.07501612,0.06794043,0.06004343,0.05256989,0.04583446,0.03988162,0.03467039,0.03013251,0.02619288,0.02277804,0.01981988,0.01725725
Gram_error_fro,0.0,1,10,2,0.0,0.0,0.0,0.0,0.0,0.0,0.0,0.0,0.0,0.0,0.0,0.0,0.0,0.0
Gram_error_fro,2.0,1,10,2,0.0,0.09353191,0.06558049,0.05511716,0.04801434,0.04204469,0.03683486,0.03226798,0.02826952,0.02477513,0.0217254,0.01906555,0.01674579,0.01472162
Gram_error_fro,0.0,1,10,2,0.0,0.0,0.0,0.0,0.0,0.0,0.0,0.0,0.0,0.0,0.0,0.0,0.0,0.0
Gram_error_fro,2.0,1,10,2,0.0,0.03035634,0.02538441,0.02211138,0.01931161,0.01689785,0.01483562,0.01307628,0.01156983,0.01027229,0.00914741,0.00816607,0.00730508,0.00654594
Gram_error_fro,0.0,1,10,2,0.0,0.0,0.0,0.0,0.0,0.0,0.0,0.0,0.0,0.0,0.0,0.0,0.0,0.0
Gram_error_fro,2.0,1,10,2,0.0,0.02622336,0.02277327,0.01920315,0.01608405,0.01350789,0.01141022,0.00969685,0.00828644,0.00711581,0.00613672,0.00531214,0.00461337,0.00401791
Gram_error_fro,0.0,1,10,2,0.0,0.0,0.0,0.0,0.0,0.0,0.0,0.0,0.0,0.0,0.0,0.0,0.0,0.0
Gram_error_fro,4.0,1,10,2,0.0,0.09456892,0.07784215,0.06480495,0.05411359,0.04526667,0.03796075,0.03193671,0.02696742,0.02285981,0.01945388,0.01661905,0.01424972,0.01226078
Gram_error_fro,0.0,1,10,5,0.0,0.0,0.0,0.0,0.0,0.0,0.0,0.0,0.0,0.0,0.0,0.0,0.0,0.0
Gram_error_fro,2.0,1,10,5,0.0,0.07936899,0.07144679,0.06000175,0.04925462,0.04017991,0.0328638,0.02706469,0.02247611,0.01882238,0.01588255,0.01348849,0.01151536,0.00987135
Gram_error_fro,0.0,1,10,5,0.0,0.0,0.0,0.0,0.0,0.0,0.0,0.0,0.0,0.0,0.0,0.0,0.0,0.0
Gram_error_fro,2.0,1,10,5,0.0,0.07824603,0.05482423,0.0361361,0.02421413,0.01686408,0.01235563,0.00953461,0.00768344,0.00638595,0.00541406,0.00464598,0.00401591,0.00348662
Gram_error_fro,2.0,1,10,5,0.0,0.07764966,0.06937672,0.0567954,0.04582199,0.03704638,0.03019145,0.02484187,0.02062955,0.01727036,0.01455584,0.01233539,0.01049984,0.00896913
Gram_error_fro,2.0,1,10,5,0.0,0.06358869,0.03861656,0.02439523,0.01677895,0.012429,0.00974454,0.00795673,0.00667907,0.00571042,0.00494266,0.00431496,0.00379077,0.00334653
Gram_error_fro,2.0,1,10,5,0.0,0.09589071,0.0743981,0.0583362,0.04635667,0.0372471,0.03026248,0.02486617,0.02065877,0.01734055,0.01468764,0.01253491,0.01076208,0.00928228
Gram_error_fro,2.0,1,10,5,0.0,0.10695371,0.07251794,0.05049173,0.03882739,0.03195727,0.02721305,0.02353389,0.02050401,0.01794396,0.01575942,0.0138882,0.01228211,0.01090082
Gram_error_fro,0.0,1,10,5,0.0,0.11019419,0.08333202,0.05913229,0.04207001,0.03067941,0.02323582,0.01833795,0.01500117,0.01260193,0.01077368,0.00930969,0.00809428,0.00706111
Gram_error_fro,2.0,1,10,5,0.0,0.1109352,0.07361107,0.04631055,0.02964204,0.01973449,0.01387762,0.0103713,0.00818644,0.00673149,0.00568592,0.00488254,0.0042343,0.00369416
Gram_error_fro,2.0,1,10,5,0.0,0.08730244,0.0678751,0.04768934,0.03341761,0.02393528,0.0177614,0.01373524,0.01104202,0.00915408,0.00775309,0.00665652,0.00576183,0.00501082
Gram_error_fro,0.0,1,10,3,0.0,0.0,0.0,0.0,0.0,0.0,0.0,0.0,0.0,0.0,0.0,0.0,0.0,0.0
Gram_error_fro,2.0,1,10,3,0.0,0.05519924,0.04293149,0.03056757,0.02151151,0.01531205,0.01105204,0.00806052,0.00591871,0.00436517,0.00322924,0.00239449,0.00177898,0.00132398
Gram_error_fro,2.0,1,10,3,0.0,0.0790484,0.08094896,0.07264295,0.0627323,0.05339124,0.04517717,0.0381632,0.03225766,0.02731662,0.02318974,0.01973929,0.0168467,0.01441331
Gram_error_fro,2.0,1,10,3,0.0,0.0721703,0.03367164,0.01663357,0.01067866,0.00862906,0.00767548,0.00696952,0.00631903,0.00569895,0.00511527,0.00457429,0.00407841,0.00362721
Gram_error_fro,2.0,1,10,3,0.0,0.04426505,0.03309897,0.02236462,0.01495773,0.01015707,0.00704027,0.00497418,0.00357181,0.0026007,0.00191826,0.00143367,0.00108686,0.00083674
Gram_error_fro,2.0,1,10,3,0.0,0.05839487,0.02365873,0.00791908,0.00306496,0.00419111,0.00521942,0.00557572,0.00552203,0.00524837,0.00486738,0.00444348,0.00401296,0.00359594
Gram_error_fro,2.0,1,10,3,0.0,0.08149835,0.05227275,0.03550656,0.02593798,0.01990853,0.01581322,0.01286019,0.01062903,0.00888453,0.00748693,0.00634741,0.0054061,0.00462064
Gram_error_fro,4.0,1,10,3,0.0,0.07048584,0.03459576,0.01785575,0.01031808,0.00685225,0.00525667,0.00444192,0.00391128,0.00348138,0.00309661,0.00274348,0.00241997,0.00212606
Gram_error_fro,2.0,1,10,3,0.0,0.04773177,0.040161,0.03051575,0.02262482,0.01663095,0.0122067,0.00897114,0.00660702,0.00487623,0.00360585,0.00267114,0.00198194,0.0014728
Gram_error_fro,2.0,1,10,3,0.0,0.0331065,0.02029685,0.01268034,0.00841176,0.00576426,0.00403163,0.00286817,0.00206944,0.00150908,0.00110843,0.00081776,0.00060473,0.0004476
Gram_error_fro,2.0,1,10,3,0.0,0.06566621,0.0507172,0.03753203,0.02800066,0.02130279,0.01651998,0.01300379,0.01034573,0.00829258,0.00668226,0.00540577,0.00438623,0.00356734
Gram_error_fro,0.0,1,10,3,0.0,0.0,0.0,0.0,0.0,0.0,0.0,0.0,0.0,0.0,0.0,0.0,0.0,0.0
Gram_error_fro,2.0,1,10,3,0.0,0.08061174,0.03093366,0.01257014,0.00661815,0.00452258,0.00357988,0.00299648,0.00254562,0.00216273,0.00182898,0.00153792,0.00128597,0.00106984
Gram_error_fro,2.0,1,10,3,0.0,0.06033319,0.05410451,0.04413374,0.0355552,0.02870419,0.02332244,0.01909859,0.01576426,0.013108,0.01096944,0.00922902,0.00779818,0.00661121
Gram_error_fro,2.0,1,10,3,0.0,0.0503284,0.03325666,0.02272456,0.01611711,0.01168869,0.00861521,0.00643208,0.00485401,0.00369713,0.00283885,0.00219544,0.00170858,0.00133709
Gram_error_fro,2.0,1,10,3,0.0,0.07700855,0.04593959,0.02627572,0.01523343,0.00919298,0.00592283,0.0041241,0.00307522,0.00240323,0.00192932,0.0015706,0.00128728,0.00105834
Gram_error_fro,0.0,1,10,3,0.0,0.0,0.0,0.0,0.0,0.0,0.0,0.0,0.0,0.0,0.0,0.0,0.0,0.0
Gram_error_fro,4.0,1,10,3,0.0,0.0740459,0.06126423,0.05160337,0.04445329,0.03848583,0.03335617,0.02893954,0.02513997,0.02186919,0.01904873,0.01661125,0.01449996,0.0126673
Gram_error_fro,2.0,1,10,3,0.0,0.03683634,0.02912153,0.02408009,0.01992798,0.01650515,0.01368408,0.01134127,0.00938418,0.0077459,0.00637569,0.00523269,0.00428253,0.00349567
Gram_error_fro,2.0,1,10,3,0.0,0.05684234,0.04576309,0.03814204,0.03223571,0.02734452,0.02318135,0.01962106,0.01658541,0.01400745,0.01182498,0.00998096,0.00842458,0.00711158
Gram_error_fro,4.0,1,10,3,0.0,0.04269154,0.04673354,0.04813423,0.047407,0.04551196,0.04297108,0.04010131,0.03710882,0.03412632,0.03123644,0.02848822,0.02590846,0.02350939
Gram_error_fro,2.0,1,10,3,0.0,0.09581968,0.05603467,0.03663745,0.02653928,0.02006724,0.01544765,0.01201126,0.00940865,0.00741574,0.0058762,0.00467752,0.00373757,0.00299585
Gram_error_fro,0.0,1,10,2,0.0,0.0,0.0,0.0,0.0,0.0,0.0,0.0,0.0,0.0,0.0,0.0,0.0,0.0
Gram_error_fro,2.0,1,10,2,0.0,0.02490219,0.01216988,0.00796518,0.00625053,0.00547005,0.00505358,0.00477017,0.00452501,0.00428157,0.00402898,0.00376729,0.00350057,0.00323386
Gram_error_fro,0.0,1,10,2,0.0,0.0,0.0,0.0,0.0,0.0,0.0,0.0,0.0,0.0,0.0,0.0,0.0,0.0
Gram_error_fro,2.0,1,10,2,0.0,0.04192708,0.02319466,0.01435563,0.00962126,0.00689743,0.00524205,0.00416878,0.00342031,0.00286,0.00241557,0.00204872,0.00173869,0.00147357
Gram_error_fro,2.0,1,10,2,0.0,0.03943666,0.02211132,0.01396417,0.00958126,0.00704555,0.00547571,0.00442336,0.00366043,0.00307012,0.00259162,0.00219233,0.00185382,0.00156482
Gram_error_fro,2.0,1,10,2,0.0,0.03346111,0.02906727,0.02566454,0.02267814,0.02002841,0.01767787,0.0155912,0.01373863,0.01209515,0.0106389,0.00935021,0.00821122,0.00720565
Gram_error_fro,4.0,1,10,2,0.0,0.07221227,0.03420951,0.02641436,0.02191111,0.01824021,0.01521049,0.01271078,0.01064334,0.00892823,0.00750129,0.006311,0.00531579,0.00448196
Gram_error_fro,2.0,1,10,2,0.0,0.06324775,0.0509525,0.03903317,0.02957941,0.02245294,0.01715131,0.01319391,0.01021458,0.00795111,0.00621733,0.00487991,0.00384208,0.00303272
Gram_error_fro,2.0,1,10,2,0.0,0.0111916,0.00425659,0.00230909,0.00150037,0.00104477,0.00076182,0.00057697,0.00045053,0.00035988,0.00029196,0.00023916,0.00019698,0.00016266
Gram_error_fro,2.0,1,10,2,0.0,0.02963845,0.01875748,0.01341739,0.01015139,0.00787369,0.00617703,0.00487347,0.00385745,0.0030597,0.00243061,0.00193309,0.00153878,0.00122579
Gram_error_fro,2.0,1,10,2,0.0,0.04435589,0.02979798,0.02316954,0.01908063,0.01614061,0.0138685,0.01203097,0.01049902,0.00919605,0.00807324,0.00709728,0.00624406,0.00549526
Gram_error_fro,0.0,1,10,3,0.0,0.0,0.0,0.0,0.0,0.0,0.0,0.0,0.0,0.0,0.0,0.0,0.0,0.0
Gram_error_fro,2.0,1,10,3,0.0,0.06379197,0.04831878,0.035558,0.02598492,0.01914059,0.01431661,0.01089035,0.00842079,0.00661372,0.00527261,0.00426346,0.00349315,0.00289611
Gram_error_fro,2.0,1,10,3,0.0,0.05584408,0.02332577,0.01387239,0.01057943,0.00858877,0.00707682,0.00586555,0.00488008,0.00407306,0.00340962,0.00286243,0.00240963,0.00203361
Gram_error_fro,2.0,1,10,3,0.0,0.05152998,0.03140637,0.02299097,0.01905851,0.01630601,0.01405981,0.01215402,0.01051492,0.009096,0.00786385,0.00679271,0.00586165,0.00505302
Gram_error_fro,2.0,1,10,3,0.0,0.07450988,0.07192679,0.06792774,0.06129449,0.05400949,0.04703991,0.04075062,0.03523419,0.03046381,0.02636527,0.02285145,0.01983792,0.01724922
Gram_error_fro,0.0,1,10,3,0.0,0.04202204,0.02919114,0.02147925,0.01598102,0.01181327,0.00870103,0.00640736,0.00472481,0.00349049,0.00258321,0.00191471,0.001421,0.00105564
Gram_error_fro,2.0,1,10,3,0.0,0.08339976,0.07575661,0.07012747,0.06274536,0.0550009,0.0477288,0.04123582,0.03557985,0.03071231,0.02654517,0.02298235,0.01993353,0.01731925
Gram_error_fro,2.0,1,10,3,0.0,0.01154421,0.00555851,0.00429726,0.00454141,0.00479965,0.00486623,0.00476578,0.00454571,0.00424899,0.00390979,0.00355347,0.00319788,0.00285489
Gram_error_fro,4.0,1,10,3,0.0,0.0552646,0.02786287,0.01829589,0.01360734,0.01042746,0.00805353,0.00625649,0.00490565,0.00389968,0.00315352,0.00259691,0.00217462,0.00184577
Gram_error_fro,4.0,1,10,3,0.0,0.07992939,0.04008559,0.02344602,0.01562819,0.01108907,0.00811135,0.00602764,0.0045157,0.00339583,0.00255706,0.00192538,0.00144865,0.00108878
Gram_error_fro,4.0,1,10,3,0.0,0.07473987,0.04974247,0.03656937,0.02984017,0.0257954,0.02290513,0.02055036,0.01848473,0.01661455,0.01490532,0.01334328,0.01192067,0.01063057
Gram_error_fro,0.0,1,10,6,0.0,0.0,0.0,0.0,0.0,0.0,0.0,0.0,0.0,0.0,0.0,0.0,0.0,0.0
Gram_error_fro,0.0,1,10,6,0.0,0.0,0.0,0.0,0.0,0.0,0.0,0.0,0.0,0.0,0.0,0.0,0.0,0.0
Gram_error_fro,2.0,1,10,6,0.0,0.09706897,0.09048062,0.07404088,0.05820702,0.04489126,0.03425267,0.02596739,0.01960586,0.01476232,0.01109384,0.00832492,0.00623999,0.00467287
Gram_error_fro,2.0,1,10,6,0.0,0.07738246,0.06805064,0.05553522,0.04422082,0.03461811,0.02676622,0.02051838,0.01563976,0.0118775,0.00899934,0.00680873,0.00514675,0.00388836
Gram_error_fro,2.0,1,10,6,0.0,0.07290743,0.04567305,0.02627541,0.01553753,0.00959465,0.0061475,0.00404241,0.00270221,0.00182388,0.0012376,0.00084201,0.0005735,0.00039068
Gram_error_fro,0.0,1,10,6,0.0,0.08035308,0.0788564,0.06799356,0.05556251,0.04400856,0.03418006,0.02621014,0.01992863,0.01506529,0.01134324,0.00851654,0.00638112,0.00477388
Gram_error_fro,0.0,1,10,6,0.0,0.08625615,0.08198077,0.06961675,0.05643277,0.04449001,0.03444989,0.0263612,0.02001248,0.01511129,0.01136814,0.00852983,0.00638811,0.00477749
Gram_error_fro,2.0,1,10,6,0.0,0.12057628,0.103505,0.0821456,0.06434524,0.05009912,0.03883212,0.0299934,0.02310484,0.01776347,0.01363764,0.0104597,0.00801687,0.00614183
Gram_error_fro,2.0,1,10,6,0.0,0.07224939,0.05135796,0.03389307,0.02227341,0.01467116,0.00969054,0.00641588,0.00425556,0.00282657,0.00187948,0.00125092,0.00083332,0.00055565
Gram_error_fro,2.0,1,10,6,0.0,0.10635987,0.10036264,0.08486693,0.06876346,0.05429402,0.04215549,0.03236889,0.02466978,0.01870727,0.01413696,0.01065778,0.00802154,0.00603041
Gram_error_fro,0.0,1,10,6,0.0,0.0,0.0,0.0,0.0,0.0,0.0,0.0,0.0,0.0,0.0,0.0,0.0,0.0
Gram_error_fro,0.0,1,10,4,0.0,0.0,0.0,0.0,0.0,0.0,0.0,0.0,0.0,0.0,0.0,0.0,0.0,0.0
Gram_error_fro,2.0,1,10,4,0.0,0.12392169,0.09135487,0.06050929,0.04056014,0.02839473,0.02093136,0.016171,0.01294926,0.01062373,0.00884866,0.00743664,0.00628223,0.00532221
Gram_error_fro,2.0,1,10,4,0.0,0.10826829,0.08242804,0.05833078,0.04213466,0.03136717,0.02399439,0.01876432,0.01493351,0.01205412,0.0098459,0.00812496,0.00676527,0.00567754
Gram_error_fro,2.0,1,10,4,0.0,0.03614437,0.02974681,0.02419989,0.01984569,0.01635712,0.01351954,0.01119914,0.00929553,0.00772796,0.00643178,0.0053559,0.00446021,0.00371302
Gram_error_fro,0.0,1,10,4,0.0,0.05941829,0.04455916,0.03181061,0.02322316,0.01737998,0.01326304,0.01027049,0.0080414,0.00634938,0.00504607,0.00403059,0.00323221,0.00260005
Gram_error_fro,2.0,1,10,4,0.0,0.08884406,0.07540158,0.06189514,0.05029055,0.04062412,0.03278537,0.02652058,0.02154103,0.01758249,0.01442464,0.01189188,0.00984763,0.00818683
Gram_error_fro,4.0,1,10,4,0.0,0.11459909,0.08045398,0.05504738,0.03948443,0.02973256,0.02329328,0.01877781,0.01543053,0.0128374,0.01076393,0.00907008,0.00766671,0.00649333
Gram_error_fro,4.0,1,10,4,0.0,0.10311581,0.08447392,0.06455587,0.04966912,0.03881593,0.0308087,0.02480231,0.0202234,0.01667945,0.01389694,0.01168218,0.00989616,0.00843804
Gram_error_fro,2.0,1,10,4,0.0,0.09556738,0.07595218,0.05866532,0.0465476,0.03781469,0.03123919,0.02611126,0.02200926,0.01866674,0.01590518,0.01359936,0.01165832,0.01001408
Gram_error_fro,2.0,1,10,4,0.0,0.08919209,0.06824031,0.05220052,0.04303893,0.03786202,0.03450567,0.03186611,0.02950156,0.02727,0.02514076,0.02311678,0.02120692,0.01941756
Gram_error_fro,4.0,1,10,4,0.0,0.09611372,0.06486245,0.04139234,0.02703105,0.01804693,0.01228565,0.00853214,0.00605428,0.00439836,0.0032807,0.00252158,0.00200389,0.00164838
Gram_error_fro,0.0,1,10,3,0.0,0.0,0.0,0.0,0.0,0.0,0.0,0.0,0.0,0.0,0.0,0.0,0.0,0.0
Gram_error_fro,2.0,1,10,3,0.0,0.0393575,0.02592324,0.01948354,0.01568664,0.01297047,0.01085795,0.0091554,0.00775664,0.00659309,0.00561686,0.00479288,0.00409453,0.00350095
Gram_error_fro,2.0,1,10,3,0.0,0.05285048,0.02554262,0.01647366,0.01199546,0.00908333,0.00702232,0.0055095,0.00437074,0.00349601,0.00281309,0.00227319,0.00184235,0.0014962
Gram_error_fro,2.0,1,10,3,0.0,0.05649634,0.03985257,0.02641405,0.01697694,0.01070977,0.00667804,0.0041488,0.0026147,0.00173729,0.0012776,0.00104978,0.00092327,0.0008302
Gram_error_fro,2.0,1,10,3,0.0,0.02252399,0.01246676,0.00450859,0.00195733,0.00415278,0.00546328,0.00595644,0.00594688,0.00565139,0.00520776,0.00470115,0.00418287,0.0036827
Gram_error_fro,2.0,1,10,3,0.0,0.0365976,0.02614258,0.01918656,0.01404577,0.01021256,0.00739409,0.00535252,0.00388857,0.00284373,0.00209814,0.00156433,0.00117989,0.00090085
Gram_error_fro,2.0,1,10,3,0.0,0.02487508,0.01937688,0.01867756,0.0173611,0.01539629,0.0133847,0.01155856,0.00995928,0.00857131,0.00736916,0.00632901,0.00543022,0.00465487
Gram_error_fro,2.0,1,10,3,0.0,0.08299359,0.0487022,0.0308558,0.02135789,0.0158105,0.01229801,0.0099166,0.00820163,0.00689945,0.00586671,0.00502038,0.00431096,0.00370766
Gram_error_fro,4.0,1,10,3,0.0,0.06204842,0.04349701,0.02937967,0.0199208,0.01364591,0.00942348,0.00654339,0.00456575,0.00320683,0.00227609,0.00164187,0.0012116,0.00091952
Gram_error_fro,4.0,1,10,3,0.0,0.08119381,0.0478546,0.03203095,0.02269043,0.01622045,0.01159742,0.00827893,0.0058941,0.00418033,0.00295061,0.00207096,0.00144482,0.00100229
Gram_error_fro,2.0,1,10,3,0.0,0.09502442,0.04818799,0.02701683,0.01755264,0.01231731,0.00890538,0.006502,0.00475494,0.0034695,0.00251997,0.00181853,0.0013015,0.00092181
Gram_error_fro,0.0,1,10,3,0.0,0.0,0.0,0.0,0.0,0.0,0.0,0.0,0.0,0.0,0.0,0.0,0.0,0.0
Gram_error_fro,2.0,1,10,3,0.0,0.09410628,0.05039257,0.02830323,0.01758544,0.01177447,0.00831053,0.00609897,0.00461139,0.0035672,0.00280745,0.00223781,0.00180017,0.00145746
Gram_error_fro,2.0,1,10,3,0.0,0.06439789,0.03999198,0.02794012,0.02049935,0.01533069,0.01156732,0.00876932,0.00667138,0.00509403,0.00390727,0.00301392,0.00234049,0.00183145
Gram_error_fro,2.0,1,10,3,0.0,0.05649634,0.03985257,0.02641405,0.01697694,0.01070977,0.00667804,0.0041488,0.0026147,0.00173729,0.0012776,0.00104978,0.00092327,0.0008302
Gram_error_fro,2.0,1,10,3,0.0,0.02252399,0.01246676,0.00450859,0.00195733,0.00415278,0.00546328,0.00595644,0.00594688,0.00565139,0.00520776,0.00470115,0.00418287,0.0036827
Gram_error_fro,0.0,1,10,3,0.0,0.0,0.0,0.0,0.0,0.0,0.0,0.0,0.0,0.0,0.0,0.0,0.0,0.0
Gram_error_fro,2.0,1,10,3,0.0,0.07401676,0.04043751,0.02291823,0.01355692,0.00836492,0.00543547,0.00375979,0.00277572,0.00216564,0.00175556,0.00145521,0.00121979,0.00102714
Gram_error_fro,4.0,1,10,3,0.0,0.08704359,0.04774609,0.02974296,0.02099455,0.01589467,0.01254455,0.01017798,0.0084187,0.00705783,0.00597147,0.00508302,0.00434342,0.00372003
Gram_error_fro,4.0,1,10,3,0.0,0.03701538,0.02451632,0.0194238,0.01662899,0.01469471,0.0130895,0.01161681,0.01023276,0.00894381,0.00776372,0.00670071,0.0057559,0.00492504
Gram_error_fro,4.0,1,10,3,0.0,0.05779867,0.04070896,0.03254677,0.0263757,0.02141844,0.0174913,0.01436383,0.01184053,0.00978117,0.0080875,0.00668838,0.00553002,0.0045702
Gram_error_fro,2.0,1,10,3,0.0,0.08015024,0.08343818,0.07698552,0.06835744,0.05965821,0.05163036,0.04451328,0.0383303,0.03301345,0.02846255,0.02457286,0.02124712,0.01839974
Gram_error_fro,0.0,1,10,3,0.0,0.0,0.0,0.0,0.0,0.0,0.0,0.0,0.0,0.0,0.0,0.0,0.0,0.0
Gram_error_fro,2.0,1,10,3,0.0,0.10724724,0.07643622,0.05888395,0.04878639,0.04161457,0.03586661,0.03104087,0.02692805,0.02340661,0.02038552,0.01778882,0.01555164,0.01361877
Gram_error_fro,2.0,1,10,3,0.0,0.04748196,0.02420715,0.01456069,0.01003211,0.00754907,0.0059828,0.00487908,0.0040397,0.00337004,0.00282038,0.00236201,0.00197668,0.00165167
Gram_error_fro,0.0,1,10,3,0.0,0.0,0.0,0.0,0.0,0.0,0.0,0.0,0.0,0.0,0.0,0.0,0.0,0.0
Gram_error_fro,2.0,1,10,3,0.0,0.07576491,0.04831561,0.03360852,0.02513672,0.01952121,0.01547294,0.01242316,0.01006554,0.0082099,0.00672883,0.00553355,0.00456061,0.00376357
Gram_error_fro,0.0,1,10,3,0.0,0.0,0.0,0.0,0.0,0.0,0.0,0.0,0.0,0.0,0.0,0.0,0.0,0.0
Gram_error_fro,2.0,1,10,3,0.0,0.06344342,0.0517111,0.04055513,0.03245643,0.02613075,0.02100438,0.01685482,0.01352655,0.01087306,0.0087608,0.00707668,0.00572958,0.00464801
Gram_error_fro,2.0,1,10,3,0.0,0.09928346,0.07169433,0.05478846,0.04435278,0.03687592,0.03107521,0.02640938,0.02258613,0.0194158,0.01676248,0.0145241,0.01262231,0.01099624
Gram_error_fro,4.0,2,10,3,0.0,0.10096763,0.07917877,0.06004463,0.04698986,0.03833203,0.03282878,0.0295734,0.02783934,0.02706025,0.02683503,0.02690596,0.02711935,0.02738844
Gram_error_fro,0.0,1,10,3,0.0,0.12350814,0.09157391,0.06638333,0.04881488,0.03632461,0.02729963,0.02069734,0.01581572,0.01217115,0.00942564,0.0073403,0.00574449,0.00451506
Gram_error_fro,4.0,1,10,3,0.0,0.09661184,0.07171611,0.05538552,0.04495553,0.03734138,0.03136518,0.02652718,0.02255568,0.01926924,0.01653237,0.01423923,0.01230603,0.01066633
Gram_error_fro,0.0,1,10,2,0.0,0.0,0.0,0.0,0.0,0.0,0.0,0.0,0.0,0.0,0.0,0.0,0.0,0.0
Gram_error_fro,2.0,1,10,2,0.0,0.04556261,0.02760298,0.02026584,0.01591595,0.01276387,0.01033376,0.00842137,0.00690186,0.00568633,0.00470812,0.00391634,0.00327186,0.00274442
Gram_error_fro,2.0,1,10,2,0.0,0.02804116,0.01781141,0.01289711,0.00997679,0.00799146,0.00653578,0.00542183,0.00454603,0.00384356,0.00327086,0.00279761,0.00240218,0.00206881
Gram_error_fro,2.0,1,10,2,0.0,0.04093039,0.02592813,0.01916232,0.01510337,0.01221,0.01000167,0.00826182,0.00686682,0.00573565,0.00481082,0.00404971,0.00341989,0.0028962
Gram_error_fro,2.0,1,10,2,0.0,0.03130636,0.01329848,0.00780095,0.0062233,0.00591411,0.00582495,0.00567743,0.00543542,0.00511952,0.00475806,0.00437532,0.00398947,0.00361316
Gram_error_fro,2.0,1,10,2,0.0,0.03892612,0.03106277,0.0239032,0.01838414,0.01425918,0.01117791,0.00884661,0.00705471,0.00565789,0.00455678,0.00368144,0.00298126,0.00241871
Gram_error_fro,4.0,1,10,2,0.0,0.08095181,0.06493395,0.05109233,0.04014305,0.03159292,0.02496341,0.01981486,0.01579469,0.01263615,0.01014038,0.00815868,0.00657885,0.00531528
Gram_error_fro,0.0,1,10,2,0.0,0.0,0.0,0.0,0.0,0.0,0.0,0.0,0.0,0.0,0.0,0.0,0.0,0.0
Gram_error_fro,2.0,2,10,2,0.0,0.04583989,0.03280005,0.02780337,0.02538987,0.02403548,0.02321855,0.02270835,0.02238526,0.0221807,0.02205279,0.02197509,0.02193047,0.02190773
Gram_error_fro,4.0,1,10,2,0.0,0.05669636,0.0120859,0.00850178,0.00897125,0.00888011,0.00846078,0.00787497,0.00721118,0.0065238,0.00584724,0.00520267,0.00460224,0.00405196
Gram_error_fro,4.0,1,10,2,0.0,0.06325578,0.02321122,0.01167436,0.00762091,0.00549627,0.00407686,0.00303299,0.00223845,0.00162678,0.00115508,0.00079263,0.0005163,0.0003085
Gram_error_fro,0.0,1,10,2,0.0,0.0,0.0,0.0,0.0,0.0,0.0,0.0,0.0,0.0,0.0,0.0,0.0,0.0
Gram_error_fro,2.0,1,10,2,0.0,0.06824651,0.06586613,0.05605072,0.04630072,0.03795408,0.03111313,0.02557668,0.02109974,0.01746615,0.01450177,0.01207059,0.01006709,0.00840923
Gram_error_fro,2.0,1,10,2,0.0,0.04399849,0.03162669,0.02353174,0.01844167,0.01473981,0.0118643,0.00960607,0.00783419,0.00644196,0.00534167,0.00446406,0.00375629,0.00317883
Gram_error_fro,0.0,1,10,2,0.0,0.0,0.0,0.0,0.0,0.0,0.0,0.0,0.0,0.0,0.0,0.0,0.0,0.0
Gram_error_fro,2.0,1,10,2,0.0,0.0101096,0.00429289,0.00313039,0.00289154,0.0028115,0.0027319,0.00262072,0.00248048,0.00232127,0.00215274,0.00198224,0.00181485,0.00165384
Gram_error_fro,2.0,1,10,2,0.0,0.06465511,0.06003665,0.05034814,0.04167499,0.03452967,0.02869464,0.02391624,0.01998492,0.01673529,0.0140375,0.01178938,0.00991004,0.008335
Gram_error_fro,2.0,1,10,2,0.0,0.07673564,0.07272633,0.06255912,0.05231741,0.04329391,0.03571458,0.02946686,0.02434788,0.0201548,0.01671278,0.01387913,0.01153968,0.00960342
Gram_error_fro,2.0,1,10,2,0.0,0.10019586,0.06620707,0.04921268,0.03994761,0.03374317,0.0290931,0.02541242,0.02240397,0.01988639,0.01773923,0.01587968,0.01424958,0.01280736
Gram_error_fro,2.0,1,10,2,0.0,0.0101096,0.00429289,0.00313039,0.00289154,0.0028115,0.0027319,0.00262072,0.00248048,0.00232127,0.00215274,0.00198224,0.00181485,0.00165384
Gram_error_fro,2.0,1,10,2,0.0,0.06409184,0.08446423,0.08973595,0.08945571,0.08664302,0.08252016,0.07773085,0.07266348,0.06756211,0.06257908,0.05780604,0.05329431,0.04906852
Gram_error_fro,2.0,1,10,2,0.0,0.09143569,0.07277499,0.05521747,0.04200096,0.03218522,0.02485231,0.01933408,0.01514907,0.0119492,0.00948235,0.00756535,0.00606442,0.00488115
Gram_error_fro,0.0,1,10,4,0.0,0.0,0.0,0.0,0.0,0.0,0.0,0.0,0.0,0.0,0.0,0.0,0.0,0.0
Gram_error_fro,2.0,1,10,4,0.0,0.04331244,0.03805667,0.02850148,0.02073431,0.01525418,0.01152034,0.00897451,0.00721215,0.00596416,0.00505465,0.00436868,0.00383126,0.003394
Gram_error_fro,2.0,1,10,4,0.0,0.05905877,0.04969485,0.04102528,0.03390165,0.02841054,0.02422163,0.0209413,0.01827236,0.01602642,0.01409172,0.01240183,0.01091496,0.00960239
Gram_error_fro,2.0,1,10,4,0.0,0.06460709,0.04800894,0.03237502,0.02106898,0.01358452,0.00890995,0.00613607,0.00456556,0.00369279,0.00318201,0.00284165,0.00257808,0.00235043
Gram_error_fro,2.0,1,10,4,0.0,0.09417957,0.07916191,0.06155373,0.04775203,0.03734636,0.02950818,0.02356573,0.01902137,0.01551193,0.01277269,0.01061043,0.00888383,0.0074893
Gram_error_fro,2.0,1,10,4,0.0,0.08285182,0.06175599,0.04192005,0.02846701,0.01983431,0.01431529,0.01071867,0.00828894,0.00657059,0.00529826,0.00431932,0.00354461,0.00291988
Gram_error_fro,4.0,1,10,4,0.0,0.11869622,0.08896322,0.06037885,0.04129898,0.02907524,0.02113068,0.01579943,0.0120882,0.00941382,0.00742929,0.00592182,0.00475581,0.00384128
Gram_error_fro,2.0,1,10,4,0.0,0.12625985,0.09332066,0.06306477,0.04348589,0.031357,0.02365805,0.01851303,0.01487109,0.01215878,0.01005804,0.00838463,0.00702544,0.00590671
Gram_error_fro,2.0,1,10,4,0.0,0.11199511,0.0779377,0.05394744,0.03958806,0.03081205,0.02508124,0.02100852,0.01789435,0.01539246,0.01332225,0.01157914,0.01009523,0.00882218
Gram_error_fro,2.0,1,10,4,0.0,0.07127468,0.06196587,0.05031003,0.04034852,0.03256017,0.02656712,0.02189624,0.01818368,0.0151819,0.01272439,0.01069517,0.00900968,0.0076037
Gram_error_fro,4.0,1,10,4,0.0,0.06978944,0.04802911,0.03476988,0.02707686,0.02243768,0.0193902,0.01715128,0.0153331,0.01375629,0.01234196,0.01105623,0.00988384,0.00881651
Gram_error_fro,0.0,1,10,3,0.0,0.0,0.0,0.0,0.0,0.0,0.0,0.0,0.0,0.0,0.0,0.0,0.0,0.0
Gram_error_fro,2.0,1,10,3,0.0,0.06082975,0.04874769,0.03847266,0.03062882,0.02456687,0.01983387,0.01610434,0.01313891,0.01076111,0.0088405,0.00727974,0.00600527,0.00496067
Gram_error_fro,0.0,1,10,3,0.0,0.0,0.0,0.0,0.0,0.0,0.0,0.0,0.0,0.0,0.0,0.0,0.0,0.0
Gram_error_fro,2.0,1,10,3,0.0,0.04708312,0.02835148,0.02160143,0.01867831,0.01653539,0.01467829,0.01304062,0.01159483,0.01031454,0.00917646,0.00816168,0.00725516,0.00644471
Gram_error_fro,2.0,1,10,3,0.0,0.05329463,0.04620875,0.03610211,0.02762827,0.02110498,0.01618416,0.01247979,0.00967794,0.00754342,0.00590483,0.00463795,0.00365241,0.00288185
Gram_error_fro,0.0,1,10,3,0.0,0.0,0.0,0.0,0.0,0.0,0.0,0.0,0.0,0.0,0.0,0.0,0.0,0.0
Gram_error_fro,0.0,1,10,3,0.0,0.0,0.0,0.0,0.0,0.0,0.0,0.0,0.0,0.0,0.0,0.0,0.0,0.0
Gram_error_fro,2.0,1,10,3,0.0,0.11573738,0.07765616,0.05391114,0.03984046,0.03046111,0.02374228,0.01874709,0.01494989,0.01201634,0.00971997,0.0079023,0.00645009,0.00528094
Gram_error_fro,2.0,1,10,3,0.0,0.0651679,0.04715278,0.03348013,0.02435379,0.01820511,0.01394618,0.01091834,0.00871568,0.00707956,0.00584037,0.00488419,0.00413299,0.00353248
Gram_error_fro,4.0,1,10,3,0.0,0.07030032,0.04647717,0.03146858,0.02123055,0.01449988,0.01026471,0.00775789,0.00637327,0.00562836,0.00518995,0.00487224,0.00459017,0.00431184
Gram_error_fro,2.0,1,10,3,0.0,0.06362927,0.04811801,0.03705215,0.0292707,0.02352731,0.01912904,0.01567184,0.01290361,0.01065832,0.00882127,0.00730966,0.0060613,0.00502804
Gram_error_fro,0.0,1,10,5,0.0,0.0,0.0,0.0,0.0,0.0,0.0,0.0,0.0,0.0,0.0,0.0,0.0,0.0
Gram_error_fro,0.0,1,10,5,0.0,0.0,0.0,0.0,0.0,0.0,0.0,0.0,0.0,0.0,0.0,0.0,0.0,0.0
Gram_error_fro,2.0,1,10,5,0.0,0.09635785,0.07749312,0.05613779,0.04035575,0.02929104,0.02150556,0.01596259,0.01197651,0.00908868,0.00698404,0.00544125,0.00430246,0.00345418
Gram_error_fro,2.0,1,10,5,0.0,0.1124761,0.09305919,0.07004799,0.05294741,0.0405512,0.03144286,0.02466377,0.01956698,0.01570029,0.01274023,0.01045251,0.00866635,0.00725674
Gram_error_fro,2.0,1,10,5,0.0,0.07893508,0.05248879,0.03062083,0.01794365,0.01101744,0.0071753,0.00494354,0.00357317,0.00268652,0.00208598,0.00166204,0.0013509,0.00111421
Gram_error_fro,0.0,1,10,5,0.0,0.0,0.0,0.0,0.0,0.0,0.0,0.0,0.0,0.0,0.0,0.0,0.0,0.0
Gram_error_fro,2.0,1,10,5,0.0,0.11111063,0.09331586,0.07386494,0.05782112,0.04493012,0.03484464,0.02713175,0.02132244,0.0169798,0.01373416,0.01129166,0.00942892,0.00798204
Gram_error_fro,0.0,1,10,5,0.0,0.06367507,0.05465405,0.04127251,0.03130542,0.02423577,0.01903542,0.01507018,0.01198236,0.00955316,0.00763336,0.00611291,0.00490714,0.00394972
Gram_error_fro,2.0,1,10,5,0.0,0.11836912,0.09778871,0.07325301,0.05441702,0.04070166,0.03077075,0.02354369,0.01824,0.01430888,0.01136273,0.00912811,0.00741147,0.00607535
Gram_error_fro,4.0,1,10,5,0.0,0.09413081,0.05592278,0.03218313,0.01975021,0.01340892,0.00998585,0.00787523,0.00638822,0.00525086,0.0043468,0.00361627,0.00302139,0.00253457
Gram_error_fro,2.0,1,10,5,0.0,0.05608992,0.05497682,0.04817163,0.04005826,0.03250406,0.02617544,0.02114749,0.01725494,0.0142665,0.01196207,0.01016073,0.0087254,0.00755733
Gram_error_fro,0.0,1,10,3,0.0,0.0,0.0,0.0,0.0,0.0,0.0,0.0,0.0,0.0,0.0,0.0,0.0,0.0
Gram_error_fro,2.0,1,10,3,0.0,0.06101986,0.03114275,0.01807628,0.01229458,0.00912537,0.00700665,0.00544453,0.00425477,0.00333974,0.00263247,0.00208304,0.00165391,0.00131699
Gram_error_fro,2.0,1,10,3,0.0,0.02963299,0.01577325,0.01090235,0.00889019,0.00765556,0.00666949,0.00578406,0.00496838,0.00422508,0.00356092,0.00297863,0.00247617,0.00204811
Gram_error_fro,2.0,1,10,3,0.0,0.05134365,0.04245245,0.03355438,0.0265631,0.02162576,0.01814791,0.01556693,0.01352665,0.01183159,0.01037851,0.00911129,0.00799696,0.00701384
Gram_error_fro,0.0,1,10,3,0.0,0.0,0.0,0.0,0.0,0.0,0.0,0.0,0.0,0.0,0.0,0.0,0.0,0.0
Gram_error_fro,2.0,1,10,3,0.0,0.05328663,0.03810275,0.02658394,0.01841822,0.01293676,0.00929767,0.00684919,0.00516348,0.00397302,0.00311125,0.00247299,0.00199042,0.00161875
Gram_error_fro,4.0,2,10,3,0.0,0.05528822,0.04038233,0.02953215,0.02403873,0.02273714,0.02337142,0.02450941,0.02560413,0.02651096,0.0272217,0.02776589,0.02817833,0.02848968
Gram_error_fro,2.0,1,10,3,0.0,0.06439789,0.03999198,0.02794012,0.02049935,0.01533069,0.01156732,0.00876932,0.00667138,0.00509403,0.00390727,0.00301392,0.00234049,0.00183145
Gram_error_fro,2.0,1,10,3,0.0,0.06792978,0.04975698,0.04081526,0.03487054,0.03014653,0.02616919,0.0227614,0.01982324,0.01728161,0.0150778,0.01316333,0.01149777,0.01004715
Gram_error_fro,2.0,1,10,3,0.0,0.08155003,0.07238008,0.05753942,0.04459488,0.03435946,0.02649695,0.02050841,0.0159492,0.01246675,0.00979319,0.00772863,0.00612478,0.00487164
Gram_error_fro,2.0,1,10,3,0.0,0.02963299,0.01577325,0.01090235,0.00889019,0.00765556,0.00666949,0.00578406,0.00496838,0.00422508,0.00356092,0.00297863,0.00247617,0.00204811
Gram_error_fro,0.0,1,10,2,0.0,0.0,0.0,0.0,0.0,0.0,0.0,0.0,0.0,0.0,0.0,0.0,0.0,0.0
Gram_error_fro,0.0,1,10,2,0.0,0.0,0.0,0.0,0.0,0.0,0.0,0.0,0.0,0.0,0.0,0.0,0.0,0.0
Gram_error_fro,2.0,1,10,2,0.0,0.07613326,0.06936914,0.05917249,0.05019689,0.04261611,0.03626177,0.03092757,0.02643027,0.02262093,0.01938127,0.01661724,0.01425327,0.01222785
Gram_error_fro,2.0,1,10,2,0.0,0.07316721,0.09133832,0.09438881,0.09153411,0.08652595,0.08083569,0.07505254,0.06942942,0.06408089,0.0590576,0.05437726,0.05003937,0.04603311
Gram_error_fro,2.0,1,10,2,0.0,0.106636,0.0512909,0.02687129,0.01755005,0.0132099,0.01057486,0.00869902,0.00726264,0.00612277,0.00519876,0.00443844,0.00380558,0.00327395
Gram_error_fro,2.0,1,10,2,0.0,0.10472878,0.05209319,0.02763677,0.01815817,0.01418223,0.01231133,0.01133665,0.01074595,0.01029897,0.00988545,0.00946048,0.00901097,0.00853828
Gram_error_fro,2.0,1,10,2,0.0,0.06433107,0.06261502,0.05445963,0.046,0.03846679,0.03207055,0.02672959,0.02229413,0.01861484,0.01556114,0.01302363,0.01091207,0.00915241
Gram_error_fro,2.0,1,10,2,0.0,0.01449545,0.01084561,0.00721102,0.00462389,0.00322884,0.00278265,0.00277617,0.00284482,0.00286553,0.00282145,0.00272472,0.00259171,0.00243646
Gram_error_fro,2.0,1,10,2,0.0,0.05479521,0.05113145,0.04175059,0.03345991,0.02682064,0.0215709,0.01742759,0.01415377,0.01155715,0.00948589,0.00782275,0.00647833,0.00538459
Gram_error_fro,2.0,1,10,2,0.0,0.06673551,0.06004914,0.04682209,0.03563354,0.0271669,0.02088605,0.01624406,0.01282161,0.01030623,0.0084625,0.00711051,0.00611214,0.00536256
Gram_error_fro,2.0,1,10,2,0.0,0.1251294,0.08588983,0.06818291,0.06038419,0.05513068,0.05068293,0.04664852,0.04291665,0.03944576,0.03621577,0.03321404,0.03043018,0.02785409
Gram_error_fro,0.0,1,10,1,0.0,0.0,0.0,0.0,0.0,0.0,0.0,0.0,0.0,0.0,0.0,0.0,0.0,0.0
Gram_error_fro,2.0,1,10,1,0.0,0.05447468,0.02922363,0.02242506,0.01905729,0.01664071,0.01463351,0.01288792,0.01135132,0.00999533,0.00879878,0.0077435,0.00681336,0.00599392
Gram_error_fro,2.0,1,10,1,0.0,0.0021353,0.00038797,4.516e-05,6.828e-05,0.0001178,0.00014302,0.00015592,0.0001613,0.00016167,0.00015861,0.00015322,0.00014627,0.00013834
Gram_error_fro,2.0,1,10,1,0.0,0.0021353,0.00038797,4.516e-05,6.828e-05,0.0001178,0.00014302,0.00015592,0.0001613,0.00016167,0.00015861,0.00015322,0.00014627,0.00013834
Gram_error_fro,2.0,1,10,1,0.0,0.0309486,0.02131654,0.01606543,0.01270888,0.01033428,0.00853374,0.00710505,0.00594236,0.00498351,0.0041871,0.00352283,0.00296722,0.00250153
Gram_error_fro,2.0,1,10,1,0.0,0.00257779,0.00055666,0.00031462,0.00025206,0.0002123,0.00017967,0.0001527,0.00013039,0.00011176,9.604e-05,8.269e-05,7.129e-05,6.151e-05
Gram_error_fro,2.0,1,10,1,0.0,0.05173469,0.02845218,0.02208226,0.01888479,0.01657404,0.01464416,0.01295685,0.0114639,0.01013998,0.00896622,0.00792631,0.00700555,0.00619071
Gram_error_fro,4.0,1,10,1,0.0,0.07970648,0.05811201,0.04669277,0.03865719,0.03232759,0.02714491,0.02283885,0.019242,0.01623132,0.01370832,0.01159163,0.00981357,0.00831788
Gram_error_fro,2.0,1,10,1,0.0,0.0309486,0.02131654,0.01606543,0.01270888,0.01033428,0.00853374,0.00710505,0.00594236,0.00498351,0.0041871,0.00352283,0.00296722,0.00250153
Gram_error_fro,2.0,1,10,1,0.0,0.0021353,0.00038797,4.516e-05,6.828e-05,0.0001178,0.00014302,0.00015592,0.0001613,0.00016167,0.00015861,0.00015322,0.00014627,0.00013834
Gram_error_fro,2.0,1,10,1,0.0,0.0021353,0.00038797,4.516e-05,6.828e-05,0.0001178,0.00014302,0.00015592,0.0001613,0.00016167,0.00015861,0.00015322,0.00014627,0.00013834
Gram_error_fro,0.0,1,10,2,0.0,0.0,0.0,0.0,0.0,0.0,0.0,0.0,0.0,0.0,0.0,0.0,0.0,0.0
Gram_error_fro,2.0,1,10,2,0.0,0.07571806,0.06602537,0.05175742,0.03999931,0.03100943,0.02422343,0.01909038,0.0151781,0.01216671,0.00982425,0.00798333,0.00652274,0.00535394
Gram_error_fro,2.0,1,10,2,0.0,0.0447156,0.03060123,0.02273407,0.01782214,0.01422507,0.01140951,0.00916295,0.00736355,0.00592336,0.00477293,0.00385598,0.00312666,0.00254765
Gram_error_fro,0.0,1,10,2,0.0,0.0,0.0,0.0,0.0,0.0,0.0,0.0,0.0,0.0,0.0,0.0,0.0,0.0
Gram_error_fro,2.0,1,10,2,0.0,0.0668221,0.05944486,0.04737098,0.03663812,0.02817413,0.02174091,0.01689967,0.01325146,0.01048363,0.0083641,0.00672433,0.00544265,0.0044311
Gram_error_fro,2.0,1,10,2,0.0,0.00977891,0.00402744,0.00449651,0.00548826,0.00609316,0.00636779,0.00640951,0.00629128,0.00606534,0.00576935,0.0054307,0.00506932,0.00469967
Gram_error_fro,4.0,1,10,2,0.0,0.07950464,0.03622382,0.0232159,0.01776327,0.01434017,0.0118058,0.00981378,0.00820965,0.00690315,0.00583186,0.00494875,0.00421702,0.00360748
Gram_error_fro,4.0,1,10,2,0.0,0.0715813,0.04837465,0.03727926,0.03006428,0.02438572,0.01984098,0.01621734,0.01332618,0.01100983,0.00914356,0.00763077,0.00639702,0.0053849
Gram_error_fro,4.0,1,10,2,0.0,0.01962855,0.02672776,0.02507532,0.02111233,0.01737728,0.01427419,0.01176717,0.00974997,0.00812127,0.00679813,0.00571575,0.00482424,0.00408525
Gram_error_fro,2.0,1,10,2,0.0,0.09412915,0.0626352,0.04721983,0.03723229,0.02982826,0.02407523,0.01951918,0.01587758,0.01295073,0.0105888,0.00867632,0.00712312,0.00585827
Gram_error_fro,2.0,1,10,2,0.0,0.05689326,0.04216998,0.03270599,0.02585951,0.02062389,0.01654531,0.01334305,0.01081518,0.00880871,0.00720649,0.00591903,0.00487807,0.00403152
Gram_error_fro,0.0,1,10,3,0.0,0.0,0.0,0.0,0.0,0.0,0.0,0.0,0.0,0.0,0.0,0.0,0.0,0.0
Gram_error_fro,0.0,1,10,3,0.0,0.0,0.0,0.0,0.0,0.0,0.0,0.0,0.0,0.0,0.0,0.0,0.0,0.0
Gram_error_fro,2.0,2,10,3,0.0,0.07682274,0.05427629,0.04188475,0.03626575,0.03344722,0.03183568,0.03083785,0.03019923,0.02978829,0.02952711,0.02936582,0.02927131,0.0292212
Gram_error_fro,2.0,1,10,3,0.0,0.00962063,0.01234578,0.01328721,0.01278466,0.01177123,0.01058662,0.00938235,0.00823435,0.00717934,0.0062315,0.00539218,0.00465594,0.00401411
Gram_error_fro,2.0,1,10,3,0.0,0.0717275,0.04082542,0.02467115,0.01664587,0.01223318,0.0094558,0.00751383,0.00606648,0.00494798,0.00406481,0.00335761,0.00278563,0.00231948
Gram_error_fro,2.0,1,10,3,0.0,0.05691601,0.02383142,0.00941509,0.00401677,0.00204762,0.001313,0.00101399,0.00089186,0.00084855,0.0008332,0.00082013,0.00079909,0.00076784
Gram_error_fro,4.0,1,10,3,0.0,0.07114353,0.04275996,0.02921744,0.02095579,0.01533917,0.01137117,0.00850464,0.00640326,0.00484825,0.00369041,0.00282433,0.00217391,0.00168355
Gram_error_fro,2.0,1,10,3,0.0,0.01462375,0.01291341,0.01094169,0.00850595,0.00635207,0.00465635,0.00338037,0.00244347,0.00177011,0.00129852,0.00097921,0.00077121,0.00063937
Gram_error_fro,2.0,1,10,3,0.0,0.06194167,0.03616818,0.02281593,0.01641292,0.01273306,0.0102031,0.00828674,0.00677397,0.00555932,0.00457646,0.00377765,0.00312634,0.00259378
Gram_error_fro,0.0,1,10,3,0.0,0.0,0.0,0.0,0.0,0.0,0.0,0.0,0.0,0.0,0.0,0.0,0.0,0.0
Gram_error_fro,4.0,1,10,3,0.0,0.08306437,0.04776002,0.02747107,0.0173483,0.01215584,0.00919712,0.00726331,0.00586143,0.00478609,0.00393809,0.00325935,0.00271071,0.00226373
Gram_error_fro,0.0,1,10,3,0.0,0.0,0.0,0.0,0.0,0.0,0.0,0.0,0.0,0.0,0.0,0.0,0.0,0.0
Gram_error_fro,2.0,1,10,3,0.0,0.073851,0.04523189,0.03027633,0.02243556,0.01766837,0.01429857,0.01170527,0.00963329,0.00795028,0.0065717,0.00543688,0.00449968,0.00372406
Gram_error_fro,0.0,1,10,3,0.0,0.0,0.0,0.0,0.0,0.0,0.0,0.0,0.0,0.0,0.0,0.0,0.0,0.0
Gram_error_fro,2.0,1,10,3,0.0,0.0678028,0.04298395,0.03015469,0.02241232,0.01703886,0.01311918,0.01020061,0.00799662,0.00631158,0.00500912,0.0039929,0.00319381,0.00256151
Gram_error_fro,0.0,1,10,3,0.0,0.0,0.0,0.0,0.0,0.0,0.0,0.0,0.0,0.0,0.0,0.0,0.0,0.0
Gram_error_fro,2.0,1,10,3,0.0,0.06654206,0.05413757,0.04246914,0.03312689,0.02584001,0.02025903,0.01600838,0.01276092,0.01026087,0.00831785,0.00679274,0.00558421,0.00461802
Gram_error_fro,4.0,1,10,3,0.0,0.08742364,0.06145126,0.04473732,0.03434909,0.02695183,0.02136086,0.01704889,0.01368617,0.01103757,0.00893215,0.00724543,0.00588604,0.00478578
Gram_error_fro,4.0,1,10,3,0.0,0.11961082,0.06988161,0.04180976,0.02979427,0.02395465,0.02019159,0.01727789,0.01485772,0.0128018,0.01104215,0.0095313,0.00823159,0.00711183
Gram_error_fro,2.0,1,10,3,0.0,0.10651802,0.08711335,0.06906258,0.05520064,0.04409601,0.03517959,0.02808346,0.0224664,0.01802347,0.01450169,0.01170036,0.00946354,0.00767085
Gram_error_fro,2.0,1,10,3,0.0,0.10731205,0.07912512,0.05943767,0.046302,0.03654407,0.02901005,0.02314145,0.01855092,0.01494167,0.01208682,0.0098149,0.00799668,0.0065344
Gram_error_fro,2.0,1,10,3,0.0,0.06969368,0.05644203,0.04395258,0.03465563,0.0274526,0.02179536,0.01735631,0.01387482,0.01113688,0.00897311,0.00725332,0.00587874,0.00477458
Gram_error_fro,0.0,1,10,1,0.0,0.0,0.0,0.0,0.0,0.0,0.0,0.0,0.0,0.0,0.0,0.0,0.0,0.0
Gram_error_fro,2.0,1,10,1,0.0,0.01034502,0.00470718,0.005105,0.00569535,0.00594242,0.00591556,0.00571626,0.00541592,0.00506109,0.00468218,0.00429906,0.00392452,0.00356649
Gram_error_fro,2.0,1,10,1,0.0,0.03334987,0.01481321,0.00926903,0.00682656,0.00535934,0.00433497,0.00357148,0.00298592,0.00252976,0.0021699,0.00188233,0.00164926,0.00145751
Gram_error_fro,2.0,1,10,1,0.0,0.08865158,0.07570116,0.06509079,0.0559756,0.0480607,0.04125817,0.03545743,0.03053146,0.02635403,0.02280932,0.01979584,0.01722706,0.01503041
Gram_error_fro,0.0,1,10,1,0.0,0.0,0.0,0.0,0.0,0.0,0.0,0.0,0.0,0.0,0.0,0.0,0.0,0.0
Gram_error_fro,2.0,1,10,1,0.0,0.08865158,0.07570116,0.06509079,0.0559756,0.0480607,0.04125817,0.03545743,0.03053146,0.02635403,0.02280932,0.01979584,0.01722706,0.01503041
Gram_error_fro,0.0,1,10,1,0.0,0.0,0.0,0.0,0.0,0.0,0.0,0.0,0.0,0.0,0.0,0.0,0.0,0.0
Gram_error_fro,4.0,1,10,1,0.0,0.00302658,0.00112182,0.00268439,0.00490742,0.00598042,0.00635646,0.00633144,0.00608372,0.00571887,0.00529957,0.00486315,0.00443172,0.00401805
Gram_error_fro,4.0,1,10,1,0.0,0.07260141,0.06603074,0.05426826,0.04390114,0.03545705,0.0287363,0.02341257,0.01918438,0.01580789,0.01309425,0.01089904,0.00911194,0.00764834
Gram_error_fro,2.0,1,10,1,0.0,0.08865158,0.07570116,0.06477149,0.05542507,0.04741775,0.04063203,0.03491237,0.03009487,0.02602945,0.02258733,0.01966143,0.01716395,0.01502329
Gram_error_fro,2.0,1,10,1,0.0,0.0076255,0.0026808,0.00015486,0.00153168,0.00266416,0.00336226,0.00373336,0.00387072,0.0038485,0.00372233,0.00353234,0.00330664,0.00306447
Gram_error_fro,0.0,1,10,3,0.0,0.0,0.0,0.0,0.0,0.0,0.0,0.0,0.0,0.0,0.0,0.0,0.0,0.0
Gram_error_fro,2.0,1,10,3,0.0,0.07635645,0.07852177,0.07041708,0.06019224,0.05037903,0.04186117,0.03479105,0.02902917,0.02435518,0.02055421,0.01744454,0.01488122,0.01275149
Gram_error_fro,2.0,1,10,3,0.0,0.07515125,0.05187253,0.0364089,0.02748663,0.02165253,0.01742462,0.01419813,0.01167385,0.00966962,0.0080604,0.00675576,0.00568886,0.0048096
Gram_error_fro,2.0,1,10,3,0.0,0.0678028,0.04298395,0.03015469,0.02241232,0.01703886,0.01311918,0.01020061,0.00799662,0.00631158,0.00500912,0.0039929,0.00319381,0.00256151
Gram_error_fro,2.0,1,10,3,0.0,0.03258573,0.02119982,0.01359216,0.00944256,0.00713413,0.00568629,0.00465198,0.00384845,0.00319838,0.00266339,0.00221992,0.00185113,0.00154389
Gram_error_fro,2.0,1,10,3,0.0,0.06044076,0.05117047,0.03956049,0.03093913,0.02454041,0.01963636,0.0158078,0.01278636,0.01038197,0.00845475,0.00690039,0.00564034,0.00461482
Gram_error_fro,4.0,1,10,3,0.0,0.08389542,0.08106728,0.07204212,0.06178083,0.05225298,0.04408895,0.0372976,0.03168962,0.02704913,0.02318742,0.01995254,0.01722525,0.0149123
Gram_error_fro,2.0,1,10,3,0.0,0.06654206,0.05413757,0.04246914,0.03312689,0.02584001,0.02025903,0.01600838,0.01276092,0.01026087,0.00831785,0.00679274,0.00558421,0.00461802
Gram_error_fro,4.0,1,10,3,0.0,0.08262978,0.08114519,0.07205377,0.06139919,0.05128904,0.04251556,0.03521693,0.02925848,0.02442476,0.02050137,0.01730321,0.01467997,0.01251303
Gram_error_fro,2.0,1,10,3,0.0,0.08126322,0.07340718,0.06660255,0.05921401,0.05190099,0.0452158,0.03933453,0.03424298,0.02985937,0.02608795,0.02283846,0.02003186,0.0176009
Gram_error_fro,4.0,1,10,3,0.0,0.09966162,0.08746871,0.0762729,0.06556063,0.05554421,0.0467648,0.03937947,0.03328716,0.02829217,0.02419059,0.02080356,0.01798521,0.01562056
Gram_error_fro,0.0,1,10,2,0.0,0.0,0.0,0.0,0.0,0.0,0.0,0.0,0.0,0.0,0.0,0.0,0.0,0.0
Gram_error_fro,2.0,1,10,2,0.0,0.01888889,0.0126629,0.00760007,0.0042895,0.00250463,0.00220361,0.00260682,0.00300538,0.00324472,0.00333509,0.00331312,0.00321318,0.00306229
Gram_error_fro,2.0,1,10,2,0.0,0.0839234,0.04295675,0.02696883,0.01936184,0.01454957,0.01111558,0.00857039,0.0066591,0.00521466,0.00411775,0.00328071,0.00263853,0.0021428
Gram_error_fro,2.0,1,10,2,0.0,0.0403714,0.02498506,0.01929673,0.01588821,0.01299778,0.01054135,0.00851682,0.00687809,0.00556271,0.00451015,0.00366818,0.00299391,0.00245293
Gram_error_fro,2.0,1,10,2,0.0,0.07149137,0.06456633,0.05393739,0.04440921,0.03647575,0.03001223,0.0247802,0.02054288,0.01709733,0.01427994,0.01196245,0.01004532,0.00845138
Gram_error_fro,2.0,1,10,2,0.0,0.07701761,0.09479031,0.09633517,0.09306983,0.08814172,0.0825925,0.07686532,0.07119533,0.06572015,0.06051977,0.05563662,0.05108819,0.04687567
Gram_error_fro,2.0,1,10,2,0.0,0.07774201,0.06688181,0.05753091,0.04899541,0.04132929,0.0346739,0.02901625,0.0242593,0.02028041,0.01695926,0.0141884,0.01187588,0.00994462
Gram_error_fro,2.0,1,10,2,0.0,0.09872142,0.05559318,0.0376467,0.02809595,0.02184222,0.01733584,0.01394655,0.01133689,0.00929476,0.00767599,0.00637849,0.00532821,0.00447058
Gram_error_fro,2.0,1,10,2,0.0,0.0839234,0.04295675,0.02696883,0.01936184,0.01454957,0.01111558,0.00857039,0.0066591,0.00521466,0.00411775,0.00328071,0.00263853,0.0021428
Gram_error_fro,2.0,1,10,2,0.0,0.0613889,0.05542638,0.04395873,0.0339672,0.02603994,0.01988889,0.01515722,0.01153565,0.00877506,0.00668054,0.00510168,0.00392307,0.00305576
Gram_error_fro,2.0,1,10,2,0.0,0.0,0.0,0.00159337,0.00244526,0.00278817,0.00286267,0.00279012,0.00263654,0.00244161,0.00222986,0.0020163,0.00180977,0.00161518
Gram_error_fro,0.0,1,10,2,0.0,0.0,0.0,0.0,0.0,0.0,0.0,0.0,0.0,0.0,0.0,0.0,0.0,0.0
Gram_error_fro,2.0,1,10,2,0.0,0.0406699,0.02740296,0.02022388,0.01597204,0.013033,0.01077234,0.00894844,0.00744829,0.00620425,0.00516868,0.00430504,0.00358422,0.00298245
Gram_error_fro,2.0,1,10,2,0.0,0.00977891,0.00402744,0.00443325,0.00538608,0.00592748,0.0060866,0.00597245,0.005683,0.00529174,0.00484994,0.00439192,0.00393998,0.00350805
Gram_error_fro,2.0,1,10,2,0.0,0.00977891,0.00402744,0.00443325,0.00538608,0.00592748,0.0060866,0.00597245,0.005683,0.00529174,0.00484994,0.00439192,0.00393998,0.00350805
Gram_error_fro,2.0,1,10,2,0.0,0.06181918,0.05549467,0.04713266,0.03930693,0.03256654,0.02693401,0.02228206,0.01845412,0.01530392,0.01270683,0.01056067,0.00878303,0.00730767
Gram_error_fro,0.0,1,10,2,0.0,0.0,0.0,0.0,0.0,0.0,0.0,0.0,0.0,0.0,0.0,0.0,0.0,0.0
Gram_error_fro,4.0,1,10,2,0.0,0.05622605,0.03702054,0.02524073,0.01767264,0.01253329,0.00896431,0.00645577,0.00467605,0.00340308,0.00248612,0.00182168,0.00133789,0.00098428
Gram_error_fro,4.0,1,10,2,0.0,0.09667934,0.08218887,0.0676816,0.0561388,0.04692711,0.0394813,0.03339353,0.02836567,0.02417718,0.02066279,0.0176967,0.01518154,0.01304074
Gram_error_fro,2.0,1,10,2,0.0,0.05623649,0.04355017,0.03340672,0.02574581,0.01994635,0.01554672,0.01219648,0.00963152,0.00765511,0.00612167,0.00492363,0.00398125,0.00323509
Gram_error_fro,4.0,1,10,2,0.0,0.0863359,0.05306424,0.03618194,0.02595942,0.0189877,0.01404174,0.0104776,0.00788489,0.00598457,0.00458223,0.00354062,0.00276184,0.00217546
Gram_error_fro,2.0,1,10,2,0.0,0.08252094,0.0386253,0.02479113,0.01855274,0.01471186,0.0120334,0.01004976,0.00851479,0.00728346,0.00626755,0.00541219,0.00468208,0.00405345
Gram_error_fro,0.0,1,10,2,0.0,0.0,0.0,0.0,0.0,0.0,0.0,0.0,0.0,0.0,0.0,0.0,0.0,0.0
Gram_error_fro,2.0,1,10,2,0.0,0.03349932,0.02288622,0.01737193,0.01346951,0.01066553,0.00861833,0.00708579,0.00590694,0.00497723,0.00422837,0.0036149,0.00310563,0.0026785
Gram_error_fro,2.0,1,10,2,0.0,0.03349932,0.02288622,0.01737193,0.01346951,0.01066553,0.00861833,0.00708579,0.00590694,0.00497723,0.00422837,0.0036149,0.00310563,0.0026785
Gram_error_fro,2.0,1,10,2,0.0,0.05643693,0.04245921,0.03247094,0.025376,0.02008265,0.0160673,0.01299317,0.01061738,0.00876181,0.0072962,0.00612544,0.00517991,0.0044083
Gram_error_fro,0.0,1,10,2,0.0,0.0,0.0,0.0,0.0,0.0,0.0,0.0,0.0,0.0,0.0,0.0,0.0,0.0
Gram_error_fro,0.0,1,10,2,0.0,0.0,0.0,0.0,0.0,0.0,0.0,0.0,0.0,0.0,0.0,0.0,0.0,0.0
Gram_error_fro,4.0,1,10,2,0.0,0.06316162,0.05189767,0.04307347,0.03594535,0.03006068,0.02518386,0.02113912,0.01778006,0.01498419,0.01265059,0.01069712,0.00905727,0.00767718
Gram_error_fro,0.0,1,10,2,0.0,0.06895536,0.04978242,0.03642572,0.02725491,0.02060262,0.0156839,0.01201484,0.00925763,0.00717023,0.00557851,0.00435668,0.00341326,0.00268113
Gram_error_fro,2.0,2,10,2,0.0,0.04202208,0.02372579,0.01786579,0.01596211,0.01568137,0.01607818,0.01672266,0.01742042,0.01808666,0.01868778,0.01921423,0.01966742,0.02005352
Gram_error_fro,2.0,1,10,2,0.0,0.05629752,0.04228532,0.03245715,0.02545183,0.02013418,0.01600492,0.01276879,0.01021911,0.00820184,0.00659967,0.00532256,0.00430109,0.00348156
Gram_error_fro,2.0,1,10,2,0.0,0.07248976,0.04596832,0.03370144,0.02617409,0.0209487,0.01708078,0.01410123,0.01174581,0.00985031,0.00830475,0.00703153,0.00597388,0.00508929
Gram_error_fro,0.0,1,10,2,0.0,0.0,0.0,0.0,0.0,0.0,0.0,0.0,0.0,0.0,0.0,0.0,0.0,0.0
Gram_error_fro,2.0,1,10,2,0.0,0.04484787,0.03686959,0.03030443,0.02494955,0.02047583,0.01675207,0.01367706,0.01115319,0.0090893,0.00740481,0.00603127,0.00491187,0.00400003
Gram_error_fro,2.0,1,10,2,0.0,0.0277979,0.02138242,0.01683283,0.013139,0.01020011,0.00789361,0.0060954,0.00470109,0.00362782,0.002811,0.00220021,0.00175511,0.00144161
Gram_error_fro,2.0,1,10,2,0.0,0.0616046,0.04752287,0.03954109,0.03307849,0.02750371,0.02277661,0.01883431,0.0155733,0.01288321,0.01066419,0.00883186,0.00731687,0.00606276
Gram_error_fro,2.0,1,10,2,0.0,0.05542759,0.04841173,0.04010689,0.03254299,0.02612014,0.02086712,0.01664344,0.01326935,0.01057861,0.0084325,0.00671968,0.00535206,0.00426015
Gram_error_fro,2.0,1,10,2,0.0,0.04464512,0.03784664,0.03169992,0.02658183,0.0223705,0.01889416,0.01600443,0.01358639,0.01155262,0.00983559,0.00838187,0.00714838,0.00609994
Gram_error_fro,2.0,1,10,2,0.0,0.10221232,0.06984147,0.05416456,0.04326271,0.03476473,0.02801937,0.02265121,0.01836928,0.01494177,0.01218675,0.00996287,0.00816062,0.00669498
Gram_error_fro,2.0,1,10,2,0.0,0.05542759,0.04841173,0.04106981,0.03430263,0.02841259,0.02345203,0.01933834,0.01594836,0.01316004,0.01086625,0.0089774,0.00742008,0.0061346
Gram_error_fro,4.0,1,10,2,0.0,0.03753534,0.0253429,0.0200176,0.01689374,0.01462182,0.01277383,0.01119297,0.00981532,0.00860808,0.00754895,0.00661976,0.00580466,0.00508963
Gram_error_fro,2.0,1,10,2,0.0,0.01369874,0.00819488,0.0054285,0.00409865,0.00345607,0.00309839,0.00283492,0.00259611,0.00236398,0.00213777,0.00192088,0.00171663,0.00152722
Gram_error_fro,2.0,1,10,2,0.0,0.0875256,0.05362795,0.03949727,0.03058099,0.02400179,0.018955,0.01504062,0.01198673,0.00959163,0.00770328,0.00620682,0.0050152,0.00406221
Gram_error_fro,0.0,1,10,2,0.0,0.0,0.0,0.0,0.0,0.0,0.0,0.0,0.0,0.0,0.0,0.0,0.0,0.0
Gram_error_fro,2.0,1,10,2,0.0,0.06027206,0.04576131,0.03418665,0.0254617,0.01882046,0.01380868,0.01005868,0.00726783,0.00519873,0.00367165,0.00255356,0.00174797,0.00118739
Gram_error_fro,2.0,1,10,2,0.0,0.01369874,0.00819488,0.0054285,0.00409865,0.00345607,0.00309839,0.00283492,0.00259611,0.00236398,0.00213777,0.00192088,0.00171663,0.00152722
Gram_error_fro,0.0,1,10,2,0.0,0.0,0.0,0.0,0.0,0.0,0.0,0.0,0.0,0.0,0.0,0.0,0.0,0.0
Gram_error_fro,2.0,1,10,2,0.0,0.0453044,0.03902266,0.0340753,0.02957324,0.02559921,0.02216533,0.01921667,0.01668389,0.01450324,0.01262083,0.01099197,0.00957963,0.00835294
Gram_error_fro,2.0,1,10,2,0.0,0.0787129,0.03961357,0.02545339,0.0190827,0.01507757,0.01214716,0.00988716,0.00810728,0.00668833,0.00554603,0.00461844,0.00385939,0.00323416
Gram_error_fro,4.0,1,10,2,0.0,0.059662,0.05107997,0.04303617,0.03595332,0.02984681,0.02472046,0.02047971,0.01698896,0.01411566,0.011746,0.00978687,0.00816331,0.00681509
Gram_error_fro,4.0,1,10,2,0.0,0.08194125,0.03902232,0.02405524,0.01863784,0.01583374,0.01394255,0.0124847,0.01127572,0.01022624,0.00928845,0.0084359,0.00765373,0.00693333
Gram_error_fro,4.0,1,10,2,0.0,0.03909692,0.03367051,0.03119151,0.02950031,0.02794613,0.02635438,0.02470084,0.02301126,0.02132197,0.01966553,0.01806683,0.01654312,0.01510528
Gram_error_fro,2.0,1,10,2,0.0,0.106709,0.07945736,0.06172146,0.04922528,0.03976986,0.03246033,0.02674145,0.02221523,0.01859136,0.01565776,0.01325873,0.01127888,0.00963175
Gram_error_fro,2.0,1,10,2,0.0,0.08785644,0.04781815,0.03120746,0.0229822,0.01774491,0.01401285,0.01123481,0.00912183,0.0074892,0.00620933,0.00519179,0.0043719,0.00370306
Gram_error_fro,0.0,1,10,4,0.0,0.0,0.0,0.0,0.0,0.0,0.0,0.0,0.0,0.0,0.0,0.0,0.0,0.0
Gram_error_fro,2.0,1,10,4,0.0,0.06901143,0.05202404,0.03647616,0.02566858,0.01840751,0.01345817,0.00999977,0.00752432,0.00571591,0.00437302,0.00336314,0.00259642,0.00201015
Gram_error_fro,2.0,1,10,4,0.0,0.05435024,0.03998049,0.02660791,0.01779464,0.01217936,0.00851954,0.00606639,0.0043822,0.00320243,0.00236179,0.00175421,0.00131,0.00098228
Gram_error_fro,2.0,1,10,4,0.0,0.05667129,0.03171231,0.02017683,0.01461195,0.0114536,0.0093943,0.00790942,0.00675881,0.00582205,0.0050352,0.00436221,0.00378101,0.00327675
Gram_error_fro,2.0,1,10,4,0.0,0.06635184,0.04102982,0.02660795,0.01778731,0.01207047,0.00830261,0.00578678,0.00408057,0.00290473,0.0020828,0.00150164,0.00108713,0.00078957
Gram_error_fro,2.0,1,10,4,0.0,0.04292263,0.03100796,0.01999329,0.01261097,0.00811846,0.00543359,0.00378972,0.00273484,0.00202187,0.0015183,0.0011512,0.00087797,0.00067198
Gram_error_fro,2.0,1,10,4,0.0,0.05863941,0.03957864,0.02939028,0.02354899,0.01926219,0.01587088,0.01316998,0.01101641,0.00928836,0.00788777,0.0067397,0.0057882,0.00499174
Gram_error_fro,0.0,1,10,4,0.0,0.01195347,0.0125073,0.01176505,0.00914934,0.00664077,0.00472864,0.00337346,0.00243096,0.00177295,0.0013076,0.0009735,0.00073022,0.00055094
Gram_error_fro,2.0,1,10,4,0.0,0.06474969,0.04354442,0.02936163,0.02041178,0.01444881,0.01034689,0.00747286,0.00543321,0.00397144,0.00291568,0.00214848,0.00158818,0.0011773
Gram_error_fro,4.0,1,10,4,0.0,0.08013007,0.05919532,0.03977566,0.02661186,0.01821621,0.01284143,0.00929797,0.00687459,0.00516014,0.00391401,0.00299008,0.00229535,0.00176784
Gram_error_fro,4.0,1,10,4,0.0,0.0923908,0.07652342,0.06251573,0.05089791,0.04130926,0.03356175,0.02738525,0.02248533,0.01859418,0.01548873,0.01299169,0.0109659,0.0093069
Gram_error_fro,0.0,1,10,4,0.0,0.0,0.0,0.0,0.0,0.0,0.0,0.0,0.0,0.0,0.0,0.0,0.0,0.0
Gram_error_fro,2.0,1,10,4,0.0,0.06000723,0.05014518,0.04272892,0.03613024,0.03026145,0.02525,0.02107829,0.01764644,0.01483289,0.01252292,0.01061863,0.00904027,0.00772442
Gram_error_fro,2.0,1,10,4,0.0,0.05953581,0.02974776,0.01699716,0.01245879,0.010212,0.00861393,0.0073165,0.00623287,0.00532466,0.00456384,0.00392643,0.00339169,0.00294194
Gram_error_fro,2.0,1,10,4,0.0,0.09496349,0.08235902,0.06568177,0.05203507,0.04153044,0.03351991,0.02737527,0.02260462,0.01884654,0.01584179,0.01340564,0.01140595,0.00974714
Gram_error_fro,2.0,1,10,4,0.0,0.05137409,0.04917669,0.04566893,0.0414969,0.03701846,0.03262414,0.02853856,0.0248557,0.02159436,0.01873559,0.01624417,0.01407989,0.01220306
Gram_error_fro,2.0,1,10,4,0.0,0.06968788,0.04437117,0.03021331,0.02349818,0.01945301,0.01639517,0.01388511,0.0117982,0.01006875,0.00863898,0.00745493,0.00646907,0.00564194
Gram_error_fro,2.0,1,10,4,0.0,0.10614973,0.08177793,0.05850826,0.04244584,0.03172985,0.02449299,0.01945944,0.01583052,0.01311846,0.01102418,0.0093609,0.00800906,0.00689005
Gram_error_fro,2.0,1,10,4,0.0,0.03312481,0.02810603,0.02383187,0.02043722,0.01759135,0.01511938,0.01296123,0.01108995,0.00948058,0.00810483,0.00693301,0.00593648,0.00508922
Gram_error_fro,0.0,1,10,4,0.0,0.0,0.0,0.0,0.0,0.0,0.0,0.0,0.0,0.0,0.0,0.0,0.0,0.0
Gram_error_fro,0.0,1,10,4,0.0,0.05960695,0.06115354,0.05362356,0.04486409,0.03707064,0.03061884,0.02538488,0.02114982,0.01771004,0.01489963,0.01258871,0.01067664,0.00908533
Gram_error_fro,4.0,1,10,4,0.0,0.11163661,0.06588848,0.0405615,0.02970644,0.02455131,0.02121815,0.01854319,0.01624079,0.01423601,0.01249204,0.01097625,0.00965724,0.00850647
Gram_error_fro,0.0,1,10,5,0.0,0.0,0.0,0.0,0.0,0.0,0.0,0.0,0.0,0.0,0.0,0.0,0.0,0.0
Gram_error_fro,2.0,1,10,5,0.0,0.09083464,0.06875661,0.04758454,0.03282873,0.02269121,0.01573591,0.01099328,0.00777828,0.00560218,0.00412158,0.00310084,0.00238234,0.00186327
Gram_error_fro,2.0,1,10,5,0.0,0.09307588,0.07577015,0.05839165,0.04447702,0.03357182,0.02518959,0.01885494,0.01412573,0.01062193,0.00803608,0.00612928,0.00472067,0.0036757
Gram_error_fro,2.0,1,10,5,0.0,0.09307588,0.07577015,0.05839165,0.04447702,0.03357182,0.02518959,0.01885494,0.01412573,0.01062193,0.00803608,0.00612928,0.00472067,0.0036757
Gram_error_fro,0.0,1,10,5,0.0,0.0,0.0,0.0,0.0,0.0,0.0,0.0,0.0,0.0,0.0,0.0,0.0,0.0
Gram_error_fro,2.0,1,10,5,0.0,0.06835577,0.04537014,0.03473578,0.03182612,0.03009012,0.02800255,0.02557092,0.02301946,0.02052584,0.01819552,0.01607894,0.01419104,0.01252602
Gram_error_fro,2.0,1,10,5,0.0,0.09210628,0.06404945,0.04362128,0.03086164,0.02237817,0.01648022,0.01228899,0.0092687,0.00706441,0.00543494,0.00421521,0.00329156,0.00258489
Gram_error_fro,2.0,1,10,5,0.0,0.09701103,0.07831099,0.0598707,0.04526529,0.0339976,0.0254347,0.01900729,0.01422713,0.01069308,0.0080879,0.00616798,0.00475007,0.00369827
Gram_error_fro,4.0,1,10,5,0.0,0.10313272,0.08761259,0.07038345,0.05612422,0.04468905,0.03576931,0.02891144,0.02364187,0.01955609,0.01634329,0.0137772,0.01169674,0.00998753
Gram_error_fro,2.0,1,10,5,0.0,0.07493883,0.04442949,0.03010318,0.02411614,0.02086953,0.01855756,0.01664706,0.01495949,0.01342933,0.01203237,0.01075902,0.00960353,0.00856003
Gram_error_fro,4.0,1,10,5,0.0,0.09360165,0.07230436,0.05467445,0.04131879,0.03113822,0.023434,0.01766942,0.01339461,0.01024027,0.00791528,0.00619741,0.00492066,0.00396295
Gram_error_fro,0.0,1,10,4,0.0,0.0,0.0,0.0,0.0,0.0,0.0,0.0,0.0,0.0,0.0,0.0,0.0,0.0
Gram_error_fro,2.0,1,10,4,0.0,0.05540637,0.05152061,0.04242782,0.0334656,0.02616358,0.02053599,0.01625897,0.01300474,0.0105106,0.00857969,0.00706801,0.00587095,0.0049125
Gram_error_fro,2.0,1,10,4,0.0,0.06307426,0.04774071,0.03702459,0.02930902,0.02345059,0.01890473,0.01534711,0.01254378,0.01031683,0.00853157,0.00708716,0.00590858,0.00493984
Gram_error_fro,2.0,1,10,4,0.0,0.04895221,0.03616363,0.02758433,0.02182322,0.01757294,0.01427499,0.01167901,0.0096285,0.00800307,0.00670657,0.00566371,0.00481676,0.00412211
Gram_error_fro,2.0,1,10,4,0.0,0.05655159,0.03677626,0.02713502,0.02161455,0.0178162,0.01491784,0.01259438,0.01068805,0.00910434,0.0077778,0.00665959,0.00571202,0.0049055
Gram_error_fro,2.0,1,10,4,0.0,0.05655159,0.03677626,0.02713502,0.02161455,0.0178162,0.01491784,0.01259438,0.01068805,0.00910434,0.0077778,0.00665959,0.00571202,0.0049055
Gram_error_fro,4.0,1,10,4,0.0,0.11668116,0.09474774,0.07367331,0.05768788,0.04560019,0.03635017,0.0292027,0.02363137,0.01925041,0.01577528,0.01299547,0.01075449,0.00893514
Gram_error_fro,2.0,1,10,4,0.0,0.08220097,0.04493576,0.03097841,0.02457897,0.02037768,0.01721234,0.01471115,0.01268077,0.01099897,0.00958399,0.00837936,0.0073447,0.00645013
Gram_error_fro,2.0,1,10,4,0.0,0.05540637,0.05152061,0.04242782,0.0334656,0.02616358,0.02053599,0.01625897,0.01300474,0.0105106,0.00857969,0.00706801,0.00587095,0.0049125
Gram_error_fro,2.0,1,10,4,0.0,0.06103228,0.0534398,0.04457955,0.0370537,0.03074807,0.02548496,0.02111548,0.01750241,0.01452087,0.0120616,0.01003195,0.00835488,0.00696704
Gram_error_fro,2.0,1,10,4,0.0,0.05540637,0.05152061,0.04242782,0.0334656,0.02616358,0.02053599,0.01625897,0.01300474,0.0105106,0.00857969,0.00706801,0.00587095,0.0049125
Gram_error_fro,0.0,1,10,2,0.0,0.0,0.0,0.0,0.0,0.0,0.0,0.0,0.0,0.0,0.0,0.0,0.0,0.0
Gram_error_fro,0.0,1,10,2,0.0,0.0,0.0,0.0,0.0,0.0,0.0,0.0,0.0,0.0,0.0,0.0,0.0,0.0
Gram_error_fro,2.0,1,10,2,0.0,0.0666329,0.05776802,0.04975879,0.04239218,0.03596851,0.03056193,0.0260712,0.02234536,0.01924087,0.0166378,0.01444049,0.01257372,0.01097843
Gram_error_fro,2.0,1,10,2,0.0,0.09909732,0.06396902,0.04598279,0.03571713,0.02858259,0.02320919,0.0190452,0.01577121,0.0131671,0.01107308,0.00937162,0.00797564,0.00682016
Gram_error_fro,2.0,1,10,2,0.0,0.04271719,0.03785554,0.03096787,0.02468732,0.01950302,0.0154152,0.01224946,0.00980615,0.00791333,0.00643672,0.00527536,0.00435423,0.00361764
Gram_error_fro,0.0,1,10,2,0.0,0.0,0.0,0.0,0.0,0.0,0.0,0.0,0.0,0.0,0.0,0.0,0.0,0.0
Gram_error_fro,2.0,1,10,2,0.0,0.04659728,0.03861942,0.03421928,0.03067844,0.0275338,0.02470773,0.02216414,0.01987288,0.01780776,0.01594629,0.01426891,0.01275831,0.01139892
Gram_error_fro,2.0,1,10,2,0.0,0.06013362,0.06137652,0.05790435,0.05375269,0.04970634,0.04585935,0.04221191,0.0387684,0.03553809,0.03252773,0.02973857,0.02716636,0.02480269
Gram_error_fro,2.0,1,10,2,0.0,0.05934,0.05534064,0.04910482,0.04262731,0.03664634,0.03141599,0.02694115,0.023139,0.01991044,0.01716412,0.01482221,0.01281999,0.01110398
Gram_error_fro,2.0,1,10,2,0.0,0.07737717,0.06554724,0.05513942,0.04657833,0.03958775,0.03384812,0.02909211,0.02511608,0.02176708,0.01892856,0.0165099,0.01443942,0.01265962
Gram_error_fro,2.0,1,10,2,0.0,0.01798457,0.0109238,0.01020979,0.01033351,0.01039412,0.01026573,0.00997141,0.0095573,0.00906492,0.00852667,0.0079666,0.00740215,0.00684571
Gram_error_fro,0.0,1,10,4,0.0,0.0,0.0,0.0,0.0,0.0,0.0,0.0,0.0,0.0,0.0,0.0,0.0,0.0
Gram_error_fro,2.0,2,10,4,0.0,0.0558696,0.0434354,0.03327082,0.02784001,0.02610213,0.02639287,0.02748826,0.02877251,0.02999671,0.03107895,0.03200499,0.03278561,0.03343927
Gram_error_fro,2.0,1,10,4,0.0,0.07505208,0.04695997,0.0293435,0.01981699,0.01452628,0.01127068,0.00902836,0.00735534,0.00604937,0.00500533,0.00415955,0.00346868,0.00290097
Gram_error_fro,2.0,1,10,4,0.0,0.0661086,0.05531707,0.04595305,0.03805909,0.03154082,0.02627564,0.02205585,0.01866183,0.01590393,0.01363364,0.01174014,0.0101425,0.00878175
Gram_error_fro,2.0,1,10,4,0.0,0.07093856,0.05780879,0.04774078,0.03965555,0.0330434,0.02768436,0.02337101,0.01989559,0.01707304,0.01475298,0.01282003,0.01118857,0.00979594
Gram_error_fro,2.0,1,10,4,0.0,0.04538365,0.02859501,0.01986499,0.01455735,0.01100737,0.00854769,0.00680568,0.00553661,0.00457962,0.00383282,0.00323314,0.00274131,0.00233208
Gram_error_fro,2.0,1,10,4,0.0,0.07916084,0.05079875,0.03519258,0.0257545,0.01956863,0.01528206,0.01218815,0.00988174,0.00811489,0.00672952,0.00562194,0.00472242,0.00398284
Gram_error_fro,2.0,1,10,4,0.0,0.07201718,0.05460678,0.04112653,0.03218185,0.02585303,0.02104626,0.01724518,0.01418605,0.01170703,0.00969201,0.00805072,0.00671085,0.00561414
Gram_error_fro,4.0,1,10,4,0.0,0.10630479,0.07720971,0.05767732,0.04489207,0.03582048,0.02899462,0.02368451,0.01947734,0.01610703,0.01338586,0.01117459,0.00936726,0.00788209
Gram_error_fro,2.0,1,10,4,0.0,0.11320306,0.09402525,0.07314112,0.05631317,0.04341598,0.03365755,0.0262898,0.02071171,0.01646422,0.01320468,0.01068038,0.0087061,0.00714635
Gram_error_fro,2.0,1,10,4,0.0,0.04878972,0.03208587,0.02455299,0.01993486,0.01652229,0.01380436,0.01157502,0.00972402,0.00817916,0.00688685,0.00580452,0.00489722,0.00413594
Gram_error_fro,0.0,1,10,6,0.0,0.0,0.0,0.0,0.0,0.0,0.0,0.0,0.0,0.0,0.0,0.0,0.0,0.0
Gram_error_fro,2.0,1,10,6,0.0,0.06996923,0.06837213,0.06104877,0.05176014,0.04246933,0.0341255,0.02704842,0.02124204,0.0165754,0.01287489,0.00996718,0.00769704,0.00593288
Gram_error_fro,0.0,1,10,6,0.0,0.10854365,0.09709743,0.075404,0.05729171,0.0434488,0.03295872,0.0249904,0.01892732,0.01431384,0.01080719,0.00814621,0.00613079,0.00460726
Gram_error_fro,0.0,1,10,6,0.0,0.0,0.0,0.0,0.0,0.0,0.0,0.0,0.0,0.0,0.0,0.0,0.0,0.0
Gram_error_fro,2.0,1,10,6,0.0,0.0794677,0.07493212,0.0643272,0.05306808,0.04279234,0.03403777,0.02684338,0.02105034,0.01644273,0.01280702,0.00995384,0.00772364,0.00598557
Gram_error_fro,2.0,1,10,6,0.0,0.07290743,0.04567305,0.02627541,0.01553753,0.00959465,0.0061475,0.00404241,0.00270221,0.00182388,0.0012376,0.00084201,0.0005735,0.00039068
Gram_error_fro,0.0,1,10,6,0.0,0.1019696,0.06880109,0.04233347,0.02598848,0.01616026,0.01016986,0.00645061,0.00410931,0.00262316,0.00167578,0.00107078,0.00068425,0.00043733
Gram_error_fro,2.0,1,10,6,0.0,0.10236733,0.09014727,0.07537463,0.06134327,0.04888638,0.0383929,0.02986195,0.02308234,0.01777116,0.01364768,0.01046445,0.0080159,0.00613673
Gram_error_fro,2.0,1,10,6,0.0,0.12216279,0.11303342,0.09211501,0.07252771,0.05617211,0.04305884,0.03277841,0.02483422,0.01875416,0.01413092,0.0106309,0.00798919,0.00599944
Gram_error_fro,2.0,1,10,6,0.0,0.09736899,0.08835675,0.0721026,0.0569227,0.04412298,0.03381333,0.02572244,0.01947171,0.01468997,0.01105542,0.00830488,0.00622977,0.00466781
Gram_error_fro,2.0,1,10,6,0.0,0.07224939,0.05135796,0.03389307,0.02227341,0.01467116,0.00969054,0.00641588,0.00425556,0.00282657,0.00187948,0.00125092,0.00083332,0.00055565
Gram_error_fro,0.0,1,10,3,0.0,0.0,0.0,0.0,0.0,0.0,0.0,0.0,0.0,0.0,0.0,0.0,0.0,0.0
Gram_error_fro,0.0,1,10,3,0.0,0.06610491,0.03394144,0.01871939,0.01110773,0.0069406,0.00449453,0.00299409,0.00204964,0.00144376,0.00104655,0.00077842,0.0005909,0.00045496
Gram_error_fro,2.0,1,10,3,0.0,0.07861572,0.05163156,0.03437998,0.02397244,0.01739265,0.01295674,0.00980371,0.00748226,0.00573677,0.00440873,0.00339187,0.00261073,0.00200974
Gram_error_fro,2.0,1,10,3,0.0,0.068764,0.04596621,0.0354693,0.03025025,0.0266727,0.0236741,0.02098564,0.0185462,0.01634096,0.01436075,0.01259365,0.01102474,0.00963743
Gram_error_fro,2.0,1,10,3,0.0,0.06435386,0.05157373,0.04076842,0.03199882,0.02496143,0.01939356,0.01502905,0.01162609,0.00898124,0.0069299,0.00534146,0.00411319,0.00316463
Gram_error_fro,2.0,1,10,3,0.0,0.01729118,0.01634623,0.01309499,0.00976767,0.0072287,0.00537777,0.0040279,0.00303448,0.00229629,0.00174328,0.00132643,0.00101082,0.00077115
Gram_error_fro,0.0,1,10,3,0.0,0.06610491,0.03394144,0.01871939,0.01110773,0.0069406,0.00449453,0.00299409,0.00204964,0.00144376,0.00104655,0.00077842,0.0005909,0.00045496
Gram_error_fro,2.0,1,10,3,0.0,0.03024559,0.01680262,0.00920513,0.00569501,0.0040581,0.0032464,0.00282852,0.00259754,0.00244182,0.00230553,0.00216578,0.00201661,0.00185959
Gram_error_fro,2.0,1,10,3,0.0,0.01308291,0.00639973,0.00462783,0.00417887,0.00358322,0.00294033,0.00236696,0.0018919,0.00150792,0.00119961,0.0009524,0.00075436,0.00059599
Gram_error_fro,4.0,1,10,3,0.0,0.08475374,0.08577158,0.07720808,0.06694314,0.05722259,0.04871753,0.04151281,0.03548442,0.03045292,0.02624291,0.02270269,0.01970787,0.01715895
Gram_error_fro,2.0,1,10,3,0.0,0.10846786,0.07053364,0.0504036,0.03910299,0.03135423,0.02547344,0.02085657,0.01718226,0.0142303,0.01183828,0.00988461,0.00827777,0.0069483
Gram_error_fro,0.0,1,10,4,0.0,0.0,0.0,0.0,0.0,0.0,0.0,0.0,0.0,0.0,0.0,0.0,0.0,0.0
Gram_error_fro,0.0,1,10,4,0.0,0.0,0.0,0.0,0.0,0.0,0.0,0.0,0.0,0.0,0.0,0.0,0.0,0.0
Gram_error_fro,2.0,1,10,4,0.0,0.10299682,0.07687659,0.05495575,0.04070471,0.03097287,0.02395477,0.01874089,0.01481168,0.01182606,0.00954087,0.00777697,0.00640152,0.00531646
Gram_error_fro,2.0,1,10,4,0.0,0.07885339,0.06832233,0.05464618,0.04316085,0.03406228,0.02698282,0.02151861,0.0173109,0.01406218,0.01153628,0.00955187,0.00797328,0.00670083
Gram_error_fro,2.0,1,10,4,0.0,0.07167621,0.07115096,0.06189661,0.05095557,0.0409038,0.03254095,0.02588636,0.02068976,0.01665285,0.01350944,0.01104559,0.00909732,0.00754174
Gram_error_fro,2.0,1,10,4,0.0,0.10167438,0.07462405,0.05334462,0.03938554,0.02978355,0.02292146,0.01790964,0.01419367,0.01140025,0.00926976,0.00761977,0.00632184,0.00528535
Gram_error_fro,4.0,1,10,4,0.0,0.09091449,0.0826183,0.0678245,0.05423147,0.04295427,0.03396556,0.02693744,0.02148734,0.01726658,0.01398702,0.01142212,0.00939889,0.00778738
Gram_error_fro,4.0,1,10,4,0.0,0.09798219,0.08054553,0.0647593,0.05210018,0.04160356,0.03308696,0.02634898,0.02109767,0.01702618,0.01386285,0.01138801,0.00943277,0.00787081
Gram_error_fro,2.0,1,10,4,0.0,0.05419473,0.02966361,0.01758173,0.01235647,0.00961618,0.00775984,0.00631512,0.00514169,0.00418338,0.00340411,0.00277359,0.00226507,0.00185539
Gram_error_fro,2.0,1,10,4,0.0,0.03938548,0.0258239,0.0165442,0.01162582,0.00876166,0.00683292,0.00542014,0.00434945,0.00352577,0.00288515,0.00238128,0.00198024,0.00165725
Gram_error_fro,2.0,1,10,4,0.0,0.1054982,0.09262988,0.0739704,0.05812749,0.04561008,0.03589342,0.02839114,0.0226024,0.01812563,0.01464752,0.01192761,0.0097837,0.00807885
Gram_error_fro,0.0,1,10,2,0.0,0.0,0.0,0.0,0.0,0.0,0.0,0.0,0.0,0.0,0.0,0.0,0.0,0.0
Gram_error_fro,2.0,1,10,2,0.0,0.04868106,0.03628773,0.02920927,0.02407778,0.01976523,0.01612004,0.01309538,0.0106205,0.00861083,0.00698442,0.00566952,0.00460623,0.00374572
Gram_error_fro,2.0,1,10,2,0.0,0.04965009,0.04817993,0.03936281,0.03097386,0.02425871,0.0190827,0.01511279,0.01205695,0.00969188,0.00785123,0.00641087,0.00527743,0.00438006
Gram_error_fro,2.0,1,10,2,0.0,0.0784156,0.07782966,0.06741935,0.05630249,0.04673313,0.03894565,0.03267551,0.02760434,0.02346444,0.02004986,0.01720595,0.01481672,0.01279454
Gram_error_fro,2.0,1,10,2,0.0,0.09623197,0.04835325,0.02634875,0.01701119,0.01279014,0.01051806,0.00902381,0.00789572,0.00697719,0.00619811,0.00552139,0.00492481,0.00439394
Gram_error_fro,0.0,1,10,2,0.0,0.0,0.0,0.0,0.0,0.0,0.0,0.0,0.0,0.0,0.0,0.0,0.0,0.0
Gram_error_fro,4.0,1,10,2,0.0,0.11846811,0.07392678,0.05245543,0.04122679,0.03380853,0.02824228,0.02382841,0.02023315,0.01725764,0.01476801,0.01266808,0.01088596,0.00936645
Gram_error_fro,4.0,2,10,2,0.0,0.05845934,0.0512379,0.03706456,0.02548319,0.01696475,0.01106221,0.00787109,0.00760059,0.00909407,0.01101421,0.01283707,0.01442942,0.01577804
Gram_error_fro,2.0,1,10,2,0.0,0.01888889,0.01317619,0.00990011,0.00834458,0.00733119,0.00646296,0.00565869,0.00491329,0.00423363,0.00362441,0.00308626,0.00261647,0.0022102
Gram_error_fro,2.0,1,10,2,0.0,0.06693689,0.05966614,0.05051713,0.04191379,0.0344777,0.0282667,0.02314952,0.01895497,0.01552165,0.01271129,0.01040969,0.00852374,0.00697781
Gram_error_fro,2.0,1,10,2,0.0,0.01674469,0.01862462,0.02039812,0.01996076,0.01867616,0.01710434,0.01546589,0.01386462,0.01235302,0.01095609,0.00968301,0.00853386,0.00750363
Gram_error_fro,0.0,1,10,4,0.0,0.0,0.0,0.0,0.0,0.0,0.0,0.0,0.0,0.0,0.0,0.0,0.0,0.0
Gram_error_fro,2.0,1,10,4,0.0,0.06171756,0.04689054,0.03373083,0.02402553,0.01735887,0.01286698,0.00980511,0.00765529,0.0060894,0.00490829,0.00399208,0.00326701,0.00268563
Gram_error_fro,2.0,1,10,4,0.0,0.06204795,0.04780557,0.03618196,0.0280553,0.02201754,0.01737893,0.01377605,0.01096809,0.00877571,0.00706051,0.00571494,0.00465552,0.00381761
Gram_error_fro,2.0,2,10,4,0.0,0.05549285,0.0422471,0.03494668,0.03229213,0.03179891,0.03211136,0.03266828,0.03325519,0.03379501,0.03426532,0.03466534,0.03500207,0.03528453
Gram_error_fro,2.0,1,10,4,0.0,0.05824592,0.04645799,0.0332805,0.02342993,0.01669642,0.01214133,0.009005,0.00679354,0.00520108,0.00403518,0.00317007,0.00252044,0.00202681
Gram_error_fro,2.0,1,10,4,0.0,0.06671293,0.04705741,0.03508582,0.0263328,0.01968784,0.01474798,0.01113612,0.00851086,0.00659771,0.00519092,0.00414226,0.00334754,0.00273458
Gram_error_fro,2.0,1,10,4,0.0,0.11473285,0.0979218,0.07855722,0.06178653,0.04826474,0.03771983,0.02961265,0.02340521,0.01864501,0.01497648,0.01212899,0.00989987,0.00813856
Gram_error_fro,2.0,1,10,4,0.0,0.10794057,0.06746558,0.04559928,0.03303658,0.02485876,0.01911038,0.01489205,0.01171746,0.00928959,0.00741181,0.00594707,0.00479655,0.00388742
Gram_error_fro,4.0,1,10,4,0.0,0.11429632,0.08806266,0.06632416,0.0507227,0.03923856,0.03066497,0.02421899,0.01933793,0.01560712,0.01272258,0.01046376,0.00867177,0.00723236
Gram_error_fro,2.0,1,10,4,0.0,0.09969883,0.06299683,0.04052026,0.0282426,0.02113395,0.0166142,0.01346938,0.01112635,0.00929931,0.00783245,0.00663202,0.00563662,0.00480339
Gram_error_fro,2.0,1,10,4,0.0,0.10138582,0.05681385,0.03272168,0.0226334,0.01787424,0.01484596,0.01247702,0.01048315,0.00877991,0.00732842,0.00609913,0.00506452,0.00419846
Gram_error_fro,0.0,1,10,6,0.0,0.0,0.0,0.0,0.0,0.0,0.0,0.0,0.0,0.0,0.0,0.0,0.0,0.0
Gram_error_fro,2.0,1,10,6,0.0,0.08518047,0.07940579,0.06696733,0.05440643,0.04330673,0.03408361,0.02665835,0.02077835,0.01616233,0.01255549,0.00974468,0.00755782,0.00585835
Gram_error_fro,2.0,1,10,6,0.0,0.0794677,0.07493212,0.0643272,0.05306808,0.04279234,0.03403777,0.02684338,0.02105034,0.01644273,0.01280702,0.00995384,0.00772364,0.00598557
Gram_error_fro,0.0,1,10,6,0.0,0.07651136,0.0410678,0.01924822,0.00885691,0.00409966,0.00194673,0.00098347,0.00055607,0.0003595,0.00025658,0.00019245,0.00014728,0.00011354
Gram_error_fro,2.0,1,10,6,0.0,0.08745557,0.07808946,0.06534594,0.05336553,0.04286109,0.0340397,0.02682994,0.02103659,0.01643212,0.01279957,0.00994884,0.00772034,0.00598341
Gram_error_fro,2.0,1,10,6,0.0,0.0805967,0.07376946,0.06293357,0.05199265,0.04194294,0.03329796,0.02616419,0.02042529,0.01587985,0.01231409,0.0095335,0.00737328,0.00569893
Gram_error_fro,2.0,1,10,6,0.0,0.08518047,0.07940579,0.06696733,0.05440643,0.04330673,0.03408361,0.02665835,0.02077835,0.01616233,0.01255549,0.00974468,0.00755782,0.00585835
Gram_error_fro,4.0,1,10,6,0.0,0.13297841,0.11066107,0.08680999,0.0676593,0.05235029,0.04023896,0.03078399,0.02348097,0.01788116,0.01360712,0.01035378,0.00788088,0.00600218
Gram_error_fro,0.0,1,10,6,0.0,0.07651136,0.0410678,0.01924822,0.00885691,0.00409966,0.00194673,0.00098347,0.00055607,0.0003595,0.00025658,0.00019245,0.00014728,0.00011354
Gram_error_fro,2.0,1,10,6,0.0,0.12293195,0.10931259,0.08841774,0.06939162,0.05361753,0.04110641,0.03140908,0.02397764,0.01831066,0.01399565,0.01070926,0.00820368,0.00629087
Gram_error_fro,0.0,1,10,6,0.0,0.07651136,0.0410678,0.01924822,0.00885691,0.00409966,0.00194673,0.00098347,0.00055607,0.0003595,0.00025658,0.00019245,0.00014728,0.00011354
Gram_error_fro,0.0,1,10,2,0.0,0.0,0.0,0.0,0.0,0.0,0.0,0.0,0.0,0.0,0.0,0.0,0.0,0.0
Gram_error_fro,2.0,1,10,2,0.0,0.07523441,0.06521301,0.05446304,0.04471218,0.03646011,0.02973494,0.02432654,0.01998118,0.01647502,0.0136291,0.0113052,0.00939737,0.00782406
Gram_error_fro,2.0,1,10,2,0.0,0.04488493,0.03183361,0.02426799,0.01882835,0.01468336,0.01148621,0.00900597,0.00707362,0.0055629,0.00437859,0.00344827,0.0027164,0.00214006
Gram_error_fro,2.0,1,10,2,0.0,0.04351545,0.02773887,0.01756954,0.01170221,0.00803918,0.00560965,0.00394866,0.00279499,0.00198608,0.00141532,0.00101079,0.00072316,0.00051816
Gram_error_fro,2.0,1,10,2,0.0,0.01335319,0.01243438,0.01283985,0.01244598,0.01164933,0.0106138,0.00948132,0.00834888,0.00727364,0.00628541,0.00539677,0.00460995,0.00392122
Gram_error_fro,2.0,1,10,2,0.0,0.04298103,0.03497481,0.02603164,0.01914791,0.01405469,0.0103202,0.00758593,0.00558205,0.00411124,0.00303019,0.0022347,0.00164881,0.001217
Gram_error_fro,2.0,1,10,2,0.0,0.05881992,0.02076883,0.00875693,0.00495089,0.00339982,0.00251977,0.00192012,0.0014818,0.00115263,0.00090232,0.00071049,0.00056254,0.00044774
Gram_error_fro,4.0,1,10,2,0.0,0.08261614,0.04613358,0.03370856,0.02684723,0.02173393,0.01768509,0.01444609,0.0118409,0.00973357,0.0080197,0.00661937,0.00547103,0.00452675
Gram_error_fro,4.0,1,10,2,0.0,0.08261614,0.04613358,0.03370856,0.02684723,0.02173393,0.01768509,0.01444609,0.0118409,0.00973357,0.0080197,0.00661937,0.00547103,0.00452675
Gram_error_fro,2.0,1,10,2,0.0,0.07996534,0.03591392,0.02073275,0.01387385,0.00983166,0.0071286,0.00522361,0.00384926,0.00284606,0.00210897,0.00156521,0.00116299,0.00086489
Gram_error_fro,2.0,1,10,2,0.0,0.00935374,0.01189473,0.01106076,0.00939381,0.00780852,0.00640005,0.00519415,0.00418764,0.00336092,0.00268861,0.00214536,0.0017083,0.0013578
Gram_error_fro,0.0,1,10,2,0.0,0.0,0.0,0.0,0.0,0.0,0.0,0.0,0.0,0.0,0.0,0.0,0.0,0.0
Gram_error_fro,2.0,1,10,2,0.0,0.0308877,0.02363305,0.01715945,0.01206832,0.00867037,0.00680868,0.00603783,0.00581501,0.00575821,0.00569305,0.00556543,0.00537134,0.0051235
Gram_error_fro,2.0,1,10,2,0.0,0.06653903,0.03348526,0.02574527,0.02244829,0.02015369,0.0181971,0.01642553,0.01480148,0.01331371,0.01195564,0.01072056,0.00960091,0.00858858
Gram_error_fro,0.0,1,10,2,0.0,0.0,0.0,0.0,0.0,0.0,0.0,0.0,0.0,0.0,0.0,0.0,0.0,0.0
Gram_error_fro,0.0,1,10,2,0.0,0.0,0.0,0.0,0.0,0.0,0.0,0.0,0.0,0.0,0.0,0.0,0.0,0.0
Gram_error_fro,2.0,1,10,2,0.0,0.03524513,0.02613716,0.02157615,0.01815481,0.01538306,0.01308155,0.01115252,0.00952879,0.00815813,0.0069981,0.00601388,0.00517679,0.00446321
Gram_error_fro,4.0,1,10,2,0.0,0.0754225,0.05134673,0.0401148,0.03323293,0.02809756,0.02394864,0.0204994,0.01760004,0.01514935,0.01306979,0.0112992,0.00978698,0.00849167
Gram_error_fro,2.0,1,10,2,0.0,0.05402466,0.03878521,0.03224755,0.02808525,0.02480026,0.02199949,0.0195455,0.01737419,0.01544585,0.01373057,0.01220363,0.01084382,0.00963261
Gram_error_fro,2.0,1,10,2,0.0,0.01704422,0.00871879,0.00327526,0.00136712,0.00340346,0.00494365,0.00587566,0.00635708,0.00652076,0.00646624,0.00626599,0.00597218,0.00562212
Gram_error_fro,2.0,1,10,2,0.0,0.06653903,0.03348526,0.02574527,0.02244829,0.02015369,0.0181971,0.01642553,0.01480148,0.01331371,0.01195564,0.01072056,0.00960091,0.00858858
Gram_error_fro,2.0,1,10,2,0.0,0.0308877,0.02363305,0.01715945,0.01206832,0.00867037,0.00680868,0.00603783,0.00581501,0.00575821,0.00569305,0.00556543,0.00537134,0.0051235
Gram_error_fro,0.0,1,10,4,0.0,0.0,0.0,0.0,0.0,0.0,0.0,0.0,0.0,0.0,0.0,0.0,0.0,0.0
Gram_error_fro,2.0,1,10,4,0.0,0.07337998,0.06775591,0.05886696,0.04989451,0.04194435,0.03528025,0.02979876,0.02529668,0.02157725,0.01847937,0.01587843,0.01367938,0.01180932
Gram_error_fro,2.0,1,10,4,0.0,0.05788235,0.0429367,0.03255174,0.02651498,0.02265737,0.01981233,0.0174604,0.01539697,0.01354763,0.01188469,0.01039448,0.00906616,0.00788845
Gram_error_fro,2.0,1,10,4,0.0,0.0887388,0.07118167,0.05483948,0.04269492,0.03353786,0.02652148,0.02110963,0.01692508,0.01368027,0.01115078,0.00916292,0.00758478,0.0063179
Gram_error_fro,2.0,1,10,4,0.0,0.0368417,0.03418957,0.02667326,0.01996932,0.01524025,0.01215151,0.01009987,0.00863047,0.00748444,0.00653297,0.00571453,0.0049985,0.00436785
Gram_error_fro,2.0,1,10,4,0.0,0.0817499,0.05646743,0.03381058,0.02021219,0.01287786,0.00914574,0.00724889,0.00616698,0.00541486,0.00480036,0.00425666,0.00376283,0.00331297
Gram_error_fro,4.0,1,10,4,0.0,0.05657533,0.04360381,0.03331284,0.02560852,0.0195909,0.01493198,0.01138299,0.0087044,0.0066872,0.0051645,0.00400956,0.00312839,0.00245192
Gram_error_fro,4.0,1,10,4,0.0,0.08816881,0.06159712,0.04163329,0.02924895,0.02138931,0.01610624,0.01236057,0.00960203,0.00752005,0.00592381,0.00468703,0.00372149,0.00296331
Gram_error_fro,4.0,1,10,4,0.0,0.07340922,0.04958932,0.03491165,0.02608719,0.02037715,0.01640722,0.01349472,0.01126687,0.00950435,0.00807275,0.00688715,0.00589192,0.00504897
Gram_error_fro,4.0,1,10,4,0.0,0.07980164,0.05978416,0.04223576,0.03128417,0.02409145,0.01887776,0.01489374,0.01179552,0.00937539,0.00748115,0.00599424,0.00482212,0.00389344
Gram_error_fro,2.0,1,10,4,0.0,0.11299226,0.0806514,0.05732055,0.04346054,0.03416478,0.02727446,0.02194364,0.01776301,0.01446973,0.0118658,0.00979548,0.008137,0.00679673
Gram_error_fro,0.0,1,10,2,0.0,0.0,0.0,0.0,0.0,0.0,0.0,0.0,0.0,0.0,0.0,0.0,0.0,0.0
Gram_error_fro,2.0,1,10,2,0.0,0.01518449,0.01231877,0.0142719,0.01604638,0.01677158,0.01667734,0.01605533,0.01512693,0.0140428,0.01290038,0.01176053,0.01065985,0.00961923
Gram_error_fro,2.0,1,10,2,0.0,0.02564968,0.02483684,0.02445505,0.02288498,0.02086451,0.01875923,0.01673762,0.01486818,0.01317237,0.01165018,0.01029212,0.00908487,0.00801403
Gram_error_fro,2.0,1,10,2,0.0,0.02564968,0.02483684,0.02445505,0.02288498,0.02086451,0.01875923,0.01673762,0.01486818,0.01317237,0.01165018,0.01029212,0.00908487,0.00801403
Gram_error_fro,2.0,1,10,2,0.0,0.0483844,0.03837659,0.0285702,0.02103769,0.01546992,0.01142202,0.00849584,0.0063841,0.00486306,0.0037717,0.00299275,0.00243884,0.00204377
Gram_error_fro,2.0,1,10,2,0.0,0.0541221,0.04957581,0.04531573,0.04105577,0.03690334,0.03298882,0.02938065,0.0261017,0.02314862,0.02050439,0.01814561,0.0160467,0.01418216
Gram_error_fro,4.0,1,10,2,0.0,0.10847784,0.05108959,0.03213107,0.02562056,0.02195584,0.01907532,0.0165961,0.01443104,0.01254106,0.01089454,0.00946214,0.00821688,0.00713457
Gram_error_fro,2.0,1,10,2,0.0,0.03090638,0.02070573,0.0154474,0.01199133,0.00945897,0.00753064,0.00603317,0.0048563,0.00392365,0.00317982,0.00258345,0.00210322,0.00171507
Gram_error_fro,4.0,1,10,2,0.0,0.01726207,0.01814766,0.02084034,0.02242736,0.02299761,0.02282115,0.02214232,0.02114442,0.01995776,0.01867306,0.0173527,0.01603903,0.01476028
Gram_error_fro,4.0,1,10,2,0.0,0.08160026,0.06390672,0.04986943,0.03916316,0.03095643,0.02464871,0.0197629,0.01594187,0.01292548,0.01052436,0.00859929,0.00704651,0.00578767
Gram_error_fro,2.0,1,10,2,0.0,0.01646514,0.01921292,0.021015,0.02153614,0.02129507,0.02058442,0.01959405,0.01844727,0.01722518,0.01598163,0.0147524,0.01356096,0.0124223
Gram_error_fro,0.0,1,10,3,0.0,0.0,0.0,0.0,0.0,0.0,0.0,0.0,0.0,0.0,0.0,0.0,0.0,0.0
Gram_error_fro,2.0,1,10,3,0.0,0.10323477,0.0580305,0.03172486,0.01832007,0.01144236,0.0077586,0.00561278,0.00422603,0.0032486,0.00252108,0.00196383,0.00153122,0.00119349
Gram_error_fro,2.0,1,10,3,0.0,0.06435386,0.05157373,0.04076842,0.03199882,0.02496143,0.01939356,0.01502905,0.01162609,0.00898124,0.0069299,0.00534146,0.00411319,0.00316463
Gram_error_fro,2.0,1,10,3,0.0,0.03965142,0.0339495,0.02685685,0.02085017,0.01616654,0.01254579,0.00973535,0.00754636,0.00583954,0.00450967,0.0034754,0.00267295,0.00205194
Gram_error_fro,2.0,1,10,3,0.0,0.05562034,0.05817321,0.05573467,0.0512252,0.04608494,0.04097618,0.03618223,0.03181122,0.02788941,0.02440451,0.02132671,0.01861931,0.01624416
Gram_error_fro,2.0,1,10,3,0.0,0.08874528,0.04990612,0.02891262,0.01847506,0.01267663,0.00906036,0.00662461,0.00490947,0.00367058,0.00276173,0.00208815,0.00158525,0.00120764
Gram_error_fro,2.0,1,10,3,0.0,0.01427406,0.02011717,0.0220977,0.02164289,0.02010597,0.01814013,0.01608044,0.01409374,0.01225751,0.01060185,0.00913198,0.00784049,0.00671396
Gram_error_fro,0.0,1,10,3,0.0,0.08346985,0.05581372,0.03752662,0.02623424,0.01892262,0.01394507,0.01041599,0.00784106,0.00592781,0.00449101,0.00340572,0.00258352,0.0019598
Gram_error_fro,2.0,1,10,3,0.0,0.06361584,0.04882996,0.03566082,0.02632767,0.01964365,0.01474282,0.01110106,0.00837563,0.00632754,0.00478442,0.00361974,0.00273965,0.00207409
Gram_error_fro,2.0,1,10,3,0.0,0.09329052,0.0526219,0.02782928,0.01510562,0.00871102,0.00549164,0.00380644,0.00283299,0.00219423,0.00173037,0.00137353,0.00109167,0.00086676
Gram_error_fro,2.0,1,10,3,0.0,0.0206266,0.01516082,0.01569684,0.01557662,0.01473779,0.01357027,0.01228912,0.01100419,0.00977358,0.00862734,0.00757905,0.00663244,0.00578552
Gram_error_fro,0.0,1,10,3,0.0,0.0,0.0,0.0,0.0,0.0,0.0,0.0,0.0,0.0,0.0,0.0,0.0,0.0
Gram_error_fro,2.0,1,10,3,0.0,0.06447507,0.05514714,0.04182205,0.03075544,0.02250755,0.01652374,0.01218781,0.00902699,0.00670715,0.00499498,0.00372602,0.00278274,0.00208009
Gram_error_fro,2.0,1,10,3,0.0,0.03671564,0.02173898,0.01227641,0.00762527,0.005244,0.00387433,0.00299959,0.00240856,0.0019997,0.00170993,0.00149474,0.00132398,0.00117927
Gram_error_fro,2.0,1,10,3,0.0,0.0162389,0.01551908,0.01510602,0.01299552,0.01056426,0.00840223,0.00662518,0.00520273,0.00407533,0.00318609,0.00248695,0.00193871,0.00150976
Gram_error_fro,0.0,1,10,3,0.0,0.0,0.0,0.0,0.0,0.0,0.0,0.0,0.0,0.0,0.0,0.0,0.0,0.0
Gram_error_fro,2.0,1,10,3,0.0,0.08516183,0.04490959,0.02685447,0.01816442,0.0129034,0.00932719,0.0067946,0.0049734,0.003654,0.00269359,0.00199186,0.00147743,0.00109912
Gram_error_fro,2.0,1,10,3,0.0,0.07120466,0.03210855,0.0151635,0.00877372,0.00589346,0.00425144,0.00316913,0.00240336,0.00184153,0.00142053,0.00110072,0.00085546,0.0006661
Gram_error_fro,2.0,1,10,3,0.0,0.0586962,0.04677312,0.03557722,0.02752308,0.02143639,0.01668352,0.01295193,0.01003291,0.00775986,0.00599584,0.00462992,0.00357375,0.00275782
Gram_error_fro,2.0,1,10,3,0.0,0.0790484,0.08094896,0.07264295,0.0627323,0.05339124,0.04517717,0.0381632,0.03225766,0.02731662,0.02318974,0.01973929,0.0168467,0.01441331
Gram_error_fro,2.0,1,10,3,0.0,0.08524813,0.0458242,0.02821185,0.01908343,0.01365683,0.0101469,0.00773886,0.0060129,0.00473635,0.00377132,0.00303042,0.00245489,0.00200344
Gram_error_fro,2.0,1,10,3,0.0,0.0586962,0.04677312,0.03557722,0.02752308,0.02143639,0.01668352,0.01295193,0.01003291,0.00775986,0.00599584,0.00462992,0.00357375,0.00275782
Gram_error_fro,0.0,1,10,3,0.0,0.0,0.0,0.0,0.0,0.0,0.0,0.0,0.0,0.0,0.0,0.0,0.0,0.0
Gram_error_fro,2.0,1,10,3,0.0,0.03803124,0.02207353,0.01573643,0.01237566,0.00992423,0.00802148,0.00653473,0.0053618,0.00442418,0.00366534,0.00304511,0.00253448,0.00211192
Gram_error_fro,2.0,1,10,3,0.0,0.07001943,0.05539247,0.04050515,0.02962324,0.02205241,0.01675249,0.01295665,0.01016707,0.00806863,0.00645927,0.00520566,0.00421702,0.00342968
Gram_error_fro,2.0,1,10,3,0.0,0.05649035,0.04433285,0.03403827,0.02712738,0.02205984,0.01810173,0.01493538,0.01237748,0.01029761,0.00859657,0.00719779,0.00604183,0.00508232
Gram_error_fro,2.0,1,10,3,0.0,0.0829995,0.05232547,0.03811546,0.03210699,0.02853116,0.0257614,0.02336041,0.02119548,0.01922004,0.01741355,0.0157632,0.01425814,0.01288799
Gram_error_fro,2.0,1,10,3,0.0,0.05551015,0.02663757,0.01631686,0.01203252,0.00954304,0.00777283,0.00640279,0.00530354,0.00440593,0.00366606,0.00305313,0.00254411,0.00212096
Gram_error_fro,2.0,1,10,3,0.0,0.04343696,0.03292758,0.02271214,0.01596058,0.01194128,0.00944218,0.00770835,0.00638627,0.00532241,0.00444467,0.00371277,0.00309998,0.00258627
Gram_error_fro,2.0,1,10,3,0.0,0.01916667,0.01772068,0.01797357,0.01633885,0.01398329,0.01163223,0.00954572,0.00778169,0.00632354,0.00513163,0.00416285,0.00337763,0.00274192
Gram_error_fro,2.0,1,10,3,0.0,0.05649035,0.04433285,0.03403827,0.02712738,0.02205984,0.01810173,0.01493538,0.01237748,0.01029761,0.00859657,0.00719779,0.00604183,0.00508232
Gram_error_fro,2.0,1,10,3,0.0,0.10054221,0.0622799,0.04170423,0.02982648,0.02200216,0.01651242,0.01254534,0.00962848,0.00745606,0.00582016,0.00457577,0.00362022,0.00288002
Gram_error_fro,2.0,1,10,3,0.0,0.08302766,0.0582769,0.04287199,0.03231952,0.0246943,0.01907551,0.01488423,0.01172553,0.00932193,0.00747535,0.00604307,0.00492153,0.00403518
Gram_error_fro,0.0,1,10,4,0.0,0.0,0.0,0.0,0.0,0.0,0.0,0.0,0.0,0.0,0.0,0.0,0.0,0.0
Gram_error_fro,2.0,2,10,4,0.0,0.06073374,0.04277032,0.03175533,0.02715199,0.02617584,0.02670451,0.02770796,0.02879077,0.02981693,0.03074478,0.03156649,0.0322865,0.03291352
Gram_error_fro,2.0,1,10,4,0.0,0.08735903,0.05689144,0.03380858,0.0196726,0.01156847,0.00710204,0.00469992,0.00340025,0.00265122,0.00216789,0.00181849,0.00154523,0.00132196
Gram_error_fro,2.0,1,10,4,0.0,0.0599421,0.03888681,0.02615597,0.01771161,0.01235022,0.00898505,0.00679884,0.00529102,0.00418995,0.00335314,0.00270217,0.00218934,0.00178243
Gram_error_fro,0.0,1,10,4,0.0,0.03866199,0.02938441,0.0238622,0.02014731,0.01734835,0.01504952,0.01308426,0.01138065,0.00989797,0.00860619,0.00748029,0.00649869,0.00564278
Gram_error_fro,2.0,1,10,4,0.0,0.07309304,0.04654544,0.02999965,0.02084178,0.01514726,0.0112984,0.0085853,0.00662599,0.00518527,0.0041089,0.00329274,0.00266516,0.00217622
Gram_error_fro,2.0,1,10,4,0.0,0.07736795,0.06679261,0.0544781,0.04412524,0.03570018,0.0289336,0.02356844,0.0193503,0.01603937,0.01342732,0.01134547,0.00966405,0.00828656
Gram_error_fro,4.0,2,10,4,0.0,0.11516188,0.08154043,0.05977452,0.04939688,0.04464004,0.04228873,0.04094885,0.04006874,0.03942926,0.03893649,0.03854473,0.03822822,0.0379704
Gram_error_fro,2.0,1,10,4,0.0,0.04178164,0.02719024,0.01843709,0.01268959,0.00882782,0.00624137,0.00454056,0.00345031,0.00276586,0.00233456,0.00204971,0.00184421,0.00168026
Gram_error_fro,2.0,1,10,4,0.0,0.08514906,0.06112616,0.0374763,0.02262228,0.0143736,0.0099896,0.00760753,0.00618247,0.00521152,0.00447562,0.00388038,0.00338184,0.00295647
Gram_error_fro,2.0,1,10,4,0.0,0.0372511,0.03425068,0.03072996,0.02784306,0.02533524,0.02304486,0.02091644,0.01893719,0.01710585,0.01542154,0.01388094,0.01247817,0.01120552
Gram_error_fro,0.0,1,10,2,0.0,0.0,0.0,0.0,0.0,0.0,0.0,0.0,0.0,0.0,0.0,0.0,0.0,0.0
Gram_error_fro,2.0,1,10,2,0.0,0.03410935,0.02220936,0.01680823,0.01289269,0.00991061,0.00765171,0.00593415,0.0046189,0.00360501,0.0028193,0.00220797,0.00173092,0.00135783
Gram_error_fro,2.0,1,10,2,0.0,0.03203382,0.01658197,0.01019832,0.00705836,0.00510777,0.00374281,0.00275362,0.00203018,0.00149926,0.00110862,0.00082055,0.00060769,0.00045018
Gram_error_fro,2.0,1,10,2,0.0,0.05163745,0.03103117,0.0205495,0.01425624,0.01002711,0.00707662,0.00499496,0.00352081,0.00247545,0.001734,0.00120846,0.00083659,0.00057417
Gram_error_fro,2.0,1,10,2,0.0,0.03726188,0.01927439,0.01185895,0.00808321,0.00576038,0.00418649,0.00307687,0.00228013,0.00170129,0.0012767,0.0009626,0.00072849,0.0005529
Gram_error_fro,2.0,1,10,2,0.0,0.04904985,0.03384545,0.02421328,0.01770949,0.01305919,0.00966797,0.00717711,0.00534011,0.00398086,0.00297216,0.00222172,0.00166226,0.0012445
Gram_error_fro,2.0,1,10,2,0.0,0.04965714,0.01708276,0.00834558,0.00463817,0.0026779,0.00188391,0.00180884,0.00191623,0.00197717,0.00195811,0.00187555,0.00175208,0.00160643
Gram_error_fro,2.0,1,10,2,0.0,0.07965568,0.05037189,0.03582928,0.02694155,0.02052013,0.01568108,0.01200678,0.00920977,0.00707551,0.00544302,0.00419166,0.0032307,0.0024917
Gram_error_fro,2.0,1,10,2,0.0,0.06254326,0.03190831,0.02127995,0.01614136,0.01285508,0.01048699,0.00868927,0.00728301,0.00615897,0.00524505,0.0044916,0.00386343,0.00333491
Gram_error_fro,2.0,1,10,2,0.0,0.03203382,0.01658197,0.01019832,0.00705836,0.00510777,0.00374281,0.00275362,0.00203018,0.00149926,0.00110862,0.00082055,0.00060769,0.00045018
Gram_error_fro,2.0,1,10,2,0.0,0.03726188,0.01927439,0.01185895,0.00808321,0.00576038,0.00418649,0.00307687,0.00228013,0.00170129,0.0012767,0.0009626,0.00072849,0.0005529
Gram_error_fro,0.0,1,10,2,0.0,0.0,0.0,0.0,0.0,0.0,0.0,0.0,0.0,0.0,0.0,0.0,0.0,0.0
Gram_error_fro,2.0,1,10,2,0.0,0.05488863,0.04059952,0.03066378,0.02363175,0.01841564,0.01446371,0.01142741,0.00906941,0.00722277,0.00576705,0.00461357,0.00369591,0.00296359
Gram_error_fro,2.0,1,10,2,0.0,0.03460517,0.02170299,0.01457913,0.01010597,0.0070859,0.00499488,0.00352889,0.00249336,0.00175852,0.00123574,0.00086356,0.00059882,0.00041097
Gram_error_fro,2.0,1,10,2,0.0,0.04316852,0.03362882,0.02681247,0.02167966,0.01774917,0.01468622,0.01225215,0.01028446,0.00867246,0.00733855,0.00622637,0.00529365,0.0045079
Gram_error_fro,2.0,1,10,2,0.0,0.05038014,0.03203892,0.02303785,0.01729863,0.01326205,0.01037018,0.00827975,0.00674613,0.00559696,0.00471414,0.00401825,0.00345634,0.00299303
Gram_error_fro,2.0,1,10,2,0.0,0.0502927,0.0360223,0.02810943,0.02246746,0.01820691,0.01492881,0.01236375,0.01032239,0.0086727,0.00732214,0.00620481,0.00527273,0.00449012
Gram_error_fro,4.0,1,10,2,0.0,0.03235675,0.01980748,0.01309764,0.00896076,0.00622845,0.00436697,0.00307452,0.00216646,0.00152389,0.00106742,0.00074263,0.00051162,0.00034766
Gram_error_fro,2.0,1,10,2,0.0,0.00786708,0.00287024,0.00185701,0.001711,0.00172112,0.00176127,0.00177483,0.00174441,0.00167448,0.00157637,0.00146135,0.00133845,0.0012142
Gram_error_fro,2.0,1,10,2,0.0,0.04613999,0.02749415,0.01973713,0.01531033,0.01226394,0.0100081,0.00828218,0.00693509,0.00586654,0.00500624,0.0043039,0.00372309,0.00323719
Gram_error_fro,4.0,2,10,2,0.0,0.021997,0.01797277,0.0186282,0.01963226,0.02044213,0.02100199,0.02136921,0.02160634,0.02175961,0.02185964,0.02192588,0.02197058,0.02200142
Gram_error_fro,4.0,1,10,2,0.0,0.0217611,0.01556423,0.0112226,0.00830827,0.00630416,0.00487824,0.00383328,0.00305062,0.00245457,0.00199425,0.00163428,0.0013495,0.00112179
Gram_error_fro,0.0,1,10,3,0.0,0.0,0.0,0.0,0.0,0.0,0.0,0.0,0.0,0.0,0.0,0.0,0.0,0.0
Gram_error_fro,2.0,1,10,3,0.0,0.06672745,0.05720302,0.04504214,0.03499595,0.02709462,0.02096632,0.0162329,0.0125776,0.00975099,0.00756123,0.00586192,0.00454149,0.00351472
Gram_error_fro,2.0,1,10,3,0.0,0.04959182,0.02377103,0.01458118,0.01042943,0.00800379,0.00636823,0.00518056,0.0042801,0.00357708,0.0030159,0.00256,0.00218434,0.00187128
Gram_error_fro,2.0,1,10,3,0.0,0.0609271,0.03165196,0.0165716,0.009491,0.00653355,0.00552222,0.00515956,0.00491044,0.00463348,0.00431414,0.00396783,0.00361252,0.00326237
Gram_error_fro,2.0,1,10,3,0.0,0.0457061,0.03497326,0.03041314,0.02730884,0.02455485,0.02200166,0.01963986,0.01747479,0.01550757,0.01373334,0.01214271,0.0107234,0.00946161
Gram_error_fro,0.0,1,10,3,0.0,0.0,0.0,0.0,0.0,0.0,0.0,0.0,0.0,0.0,0.0,0.0,0.0,0.0
Gram_error_fro,2.0,1,10,3,0.0,0.08356292,0.05124107,0.03527114,0.02721777,0.02223694,0.01856785,0.01563036,0.0132087,0.01119284,0.0095076,0.0080943,0.00690541,0.00590225
Gram_error_fro,2.0,1,10,3,0.0,0.09879217,0.06119578,0.04094218,0.0304546,0.02411619,0.01962563,0.01614685,0.01335088,0.01107294,0.00920672,0.00767284,0.00640868,0.00536404
Gram_error_fro,2.0,1,10,3,0.0,0.05641648,0.04025309,0.03088379,0.0246303,0.02004353,0.01651859,0.01373436,0.01149577,0.00967319,0.00817515,0.00693445,0.00590042,0.00503404
Gram_error_fro,4.0,1,10,3,0.0,0.08041072,0.03103428,0.01366097,0.00808606,0.00604221,0.00502547,0.00435602,0.00383897,0.00340687,0.00303121,0.00269806,0.00239983,0.00213194
Gram_error_fro,2.0,1,10,3,0.0,0.05360195,0.01896151,0.01062613,0.00792668,0.0064964,0.00548964,0.00469603,0.00404278,0.0034949,0.00303074,0.00263486,0.00229551,0.00200341
Gram_error_fro,0.0,1,10,2,0.0,0.0,0.0,0.0,0.0,0.0,0.0,0.0,0.0,0.0,0.0,0.0,0.0,0.0
Gram_error_fro,2.0,1,10,2,0.0,0.08508311,0.04839435,0.03208537,0.02336948,0.01773748,0.01378849,0.01093855,0.00886293,0.0073453,0.00622871,0.00539617,0.00476112,0.00426127
Gram_error_fro,2.0,1,10,2,0.0,0.06123253,0.06618435,0.06236777,0.05675169,0.05105711,0.04573118,0.04087744,0.03650327,0.03258541,0.02908935,0.02597667,0.02320869,0.02074839
Gram_error_fro,2.0,2,10,2,0.0,0.04929166,0.04063476,0.03128917,0.02346785,0.01713413,0.01219047,0.00863018,0.00665066,0.0063904,0.00732175,0.00870554,0.01015193,0.0115181
Gram_error_fro,0.0,1,10,2,0.0,0.0,0.0,0.0,0.0,0.0,0.0,0.0,0.0,0.0,0.0,0.0,0.0,0.0
Gram_error_fro,2.0,1,10,2,0.0,0.03552287,0.03282795,0.02930522,0.02591999,0.02289986,0.02025026,0.01792749,0.01588615,0.01408786,0.01250089,0.01109865,0.00985843,0.00876064
Gram_error_fro,4.0,1,10,2,0.0,0.07524372,0.08440901,0.08214698,0.07671964,0.07054314,0.0643737,0.05847933,0.05296857,0.04788394,0.04323373,0.03900665,0.03518026,0.03172633
Gram_error_fro,4.0,1,10,2,0.0,0.06012023,0.05074125,0.04368692,0.03789835,0.03288739,0.02856112,0.02484793,0.0216617,0.0189192,0.01654907,0.01449296,0.01270366,0.01114273
Gram_error_fro,2.0,1,10,2,0.0,0.07946433,0.04088432,0.02997935,0.02534259,0.02208558,0.01939578,0.0170815,0.01506478,0.01329789,0.01174534,0.01037858,0.00917389,0.00811109
Gram_error_fro,2.0,1,10,2,0.0,0.07201664,0.0492351,0.03583958,0.02702501,0.0207266,0.01614209,0.01277923,0.01028595,0.0084097,0.00697254,0.00585074,0.00495865,0.00423686
Gram_error_fro,2.0,1,10,2,0.0,0.00839358,0.00399488,0.00441532,0.00538923,0.00618443,0.00667428,0.00689112,0.00689886,0.00675641,0.00651049,0.00619634,0.00584014,0.00546118
Gram_error_fro,0.0,1,10,2,0.0,0.0,0.0,0.0,0.0,0.0,0.0,0.0,0.0,0.0,0.0,0.0,0.0,0.0
Gram_error_fro,2.0,1,10,2,0.0,0.08821264,0.05510307,0.03922043,0.02942276,0.02255023,0.01749745,0.01369468,0.01078896,0.00854373,0.00679367,0.00542006,0.00433588,0.00347624
Gram_error_fro,2.0,1,10,2,0.0,0.01446594,0.019056,0.02055101,0.0200898,0.01871325,0.01697007,0.01515095,0.0133979,0.01177384,0.01030166,0.00898441,0.00781559,0.0067844
Gram_error_fro,2.0,1,10,2,0.0,0.02303066,0.0103706,0.00524116,0.00352205,0.00375435,0.00428873,0.00459211,0.00464906,0.00452868,0.00429576,0.00399834,0.00366964,0.00333185
Gram_error_fro,0.0,1,10,2,0.0,0.0,0.0,0.0,0.0,0.0,0.0,0.0,0.0,0.0,0.0,0.0,0.0,0.0
Gram_error_fro,2.0,1,10,2,0.0,0.0531356,0.04095791,0.03319876,0.02738054,0.02269797,0.01886761,0.01572385,0.0131404,0.01101356,0.00925778,0.00780322,0.00659352,0.00558344
Gram_error_fro,2.0,1,10,2,0.0,0.08191915,0.06193616,0.050816,0.04284615,0.03645473,0.03117333,0.0267649,0.02305927,0.0199238,0.0172545,0.0149698,0.01300537,0.01131006
Gram_error_fro,2.0,1,10,2,0.0,0.05853367,0.04335075,0.03376538,0.02671138,0.02118209,0.01681623,0.01337192,0.01065397,0.00850531,0.0068022,0.00544842,0.00436943,0.00350745
Gram_error_fro,4.0,1,10,2,0.0,0.03669484,0.03011264,0.02204485,0.01572228,0.01135355,0.0085363,0.00679991,0.00574315,0.00507015,0.00459281,0.00420778,0.00386509,0.00354364
Gram_error_fro,2.0,1,10,2,0.0,0.01446594,0.019056,0.02055101,0.0200898,0.01871325,0.01697007,0.01515095,0.0133979,0.01177384,0.01030166,0.00898441,0.00781559,0.0067844
Gram_error_fro,2.0,1,10,2,0.0,0.01220086,0.00832014,0.00712894,0.00672647,0.00635571,0.00589791,0.00537948,0.00484158,0.00431408,0.00381481,0.0033531,0.00293287,0.00255479
Gram_error_fro,0.0,1,10,6,0.0,0.0,0.0,0.0,0.0,0.0,0.0,0.0,0.0,0.0,0.0,0.0,0.0,0.0
Gram_error_fro,0.0,1,10,6,0.0,0.09229332,0.07436063,0.05020363,0.03260672,0.02099667,0.01349395,0.00866314,0.00555515,0.00355746,0.00227518,0.00145342,0.00092759,0.0005916
Gram_error_fro,0.0,1,10,6,0.0,0.0,0.0,0.0,0.0,0.0,0.0,0.0,0.0,0.0,0.0,0.0,0.0,0.0
Gram_error_fro,0.0,1,10,6,0.0,0.08625615,0.08198077,0.06961675,0.05643277,0.04449001,0.03444989,0.0263612,0.02001248,0.01511129,0.01136814,0.00852983,0.00638811,0.00477749
Gram_error_fro,2.0,1,10,6,0.0,0.07224939,0.05135796,0.03389307,0.02227341,0.01467116,0.00969054,0.00641588,0.00425556,0.00282657,0.00187948,0.00125092,0.00083332,0.00055565
Gram_error_fro,2.0,1,10,6,0.0,0.08740123,0.07619486,0.0581353,0.04377633,0.03312998,0.02519838,0.01921551,0.01466437,0.01118781,0.00852835,0.00649427,0.00493997,0.0037538
Gram_error_fro,0.0,1,10,6,0.0,0.10483116,0.08957645,0.07290536,0.05791951,0.04518316,0.03478143,0.02652313,0.0200929,0.01515174,0.01138868,0.00854033,0.00639349,0.00478025
Gram_error_fro,0.0,1,10,6,0.0,0.09229332,0.07436063,0.05020363,0.03260672,0.02099667,0.01349395,0.00866314,0.00555515,0.00355746,0.00227518,0.00145342,0.00092759,0.0005916
Gram_error_fro,0.0,1,10,6,0.0,0.11896821,0.10075611,0.07727469,0.05877521,0.04473313,0.03401509,0.02580684,0.01952798,0.01473995,0.01110149,0.00834549,0.00626372,0.00469493
Gram_error_fro,0.0,1,10,6,0.0,0.10968611,0.09553679,0.07587962,0.05885217,0.04514133,0.03438621,0.0260685,0.01969447,0.01484046,0.01116036,0.00837935,0.00628297,0.0047058
Gram_error_fro,2.0,1,10,6,0.0,0.10263755,0.08905342,0.07219771,0.05746905,0.04503463,0.03481813,0.02663773,0.02022134,0.01526447,0.01147639,0.00860356,0.00643655,0.00480815
Gram_error_fro,0.0,1,10,5,0.0,0.0,0.0,0.0,0.0,0.0,0.0,0.0,0.0,0.0,0.0,0.0,0.0,0.0
Gram_error_fro,0.0,1,10,5,0.0,0.0,0.0,0.0,0.0,0.0,0.0,0.0,0.0,0.0,0.0,0.0,0.0,0.0
Gram_error_fro,2.0,1,10,5,0.0,0.06218726,0.0499546,0.03801824,0.0299462,0.02443973,0.0204517,0.01739398,0.01494861,0.01293663,0.01124986,0.0098178,0.00859125,0.00753402
Gram_error_fro,2.0,1,10,5,0.0,0.09936471,0.07992553,0.05913256,0.04344212,0.03200769,0.02369669,0.01765324,0.01325642,0.010054,0.00771576,0.00600087,0.00473426,0.00378925
Gram_error_fro,2.0,1,10,5,0.0,0.05166368,0.04162062,0.02973788,0.02120212,0.0155847,0.01180658,0.00913338,0.0071573,0.0056544,0.00449243,0.00358559,0.00287381,0.00231284
Gram_error_fro,2.0,1,10,5,0.0,0.07000014,0.04787037,0.03204712,0.02211604,0.01573946,0.01151535,0.0086306,0.00660198,0.00513565,0.004049,0.00322609,0.00259151,0.00209495
Gram_error_fro,4.0,1,10,5,0.0,0.07339885,0.04752195,0.03097225,0.02093191,0.0147469,0.01080071,0.00814632,0.00626431,0.00487539,0.00382357,0.00301477,0.00238725,0.00189764
Gram_error_fro,2.0,1,10,5,0.0,0.1061112,0.09163979,0.07248131,0.05651665,0.04424624,0.03493667,0.02783447,0.02236213,0.01810166,0.01475186,0.01209383,0.00996676,0.00825132
Gram_error_fro,4.0,1,10,5,0.0,0.1057626,0.08609622,0.07098805,0.058586,0.04806857,0.0392986,0.03212267,0.02632735,0.0216808,0.01796423,0.01498721,0.01259203,0.0106523
Gram_error_fro,2.0,1,10,5,0.0,0.08078796,0.07120751,0.05825377,0.04723132,0.03834522,0.03127177,0.02567066,0.02123842,0.01771712,0.01489712,0.01261456,0.01074513,0.00919627
Gram_error_fro,2.0,1,10,5,0.0,0.05166368,0.04162062,0.02973788,0.02120212,0.0155847,0.01180658,0.00913338,0.0071573,0.0056544,0.00449243,0.00358559,0.00287381,0.00231284
Gram_error_fro,0.0,1,10,1,0.0,0.0,0.0,0.0,0.0,0.0,0.0,0.0,0.0,0.0,0.0,0.0,0.0,0.0
Gram_error_fro,2.0,1,10,1,0.0,0.02421265,0.01092865,0.00823311,0.00728424,0.00667388,0.00614491,0.00564264,0.00515771,0.0046924,0.00425115,0.00383768,0.00345419,0.0031015
Gram_error_fro,2.0,1,10,1,0.0,0.01386763,0.00622148,0.00312811,0.00158889,0.00073146,0.00022936,7.362e-05,0.00025821,0.0003687,0.00043103,0.00046138,0.00047032,0.00046499
Gram_error_fro,2.0,1,10,1,0.0,0.01948224,0.00859174,0.00614093,0.00523766,0.00462788,0.00410561,0.0036451,0.00324413,0.00289845,0.00260093,0.00234371,0.00211958,0.00192249
Gram_error_fro,0.0,1,10,1,0.0,0.0,0.0,0.0,0.0,0.0,0.0,0.0,0.0,0.0,0.0,0.0,0.0,0.0
Gram_error_fro,0.0,1,10,1,0.0,0.0,0.0,0.0,0.0,0.0,0.0,0.0,0.0,0.0,0.0,0.0,0.0,0.0
Gram_error_fro,0.0,1,10,1,0.0,0.0,0.0,0.0,0.0,0.0,0.0,0.0,0.0,0.0,0.0,0.0,0.0,0.0
Gram_error_fro,2.0,1,10,1,0.0,0.01948224,0.00859174,0.00614093,0.00523766,0.00462788,0.00410561,0.0036451,0.00324413,0.00289845,0.00260093,0.00234371,0.00211958,0.00192249
Gram_error_fro,4.0,1,10,1,0.0,0.1311034,0.15718196,0.15175192,0.14090003,0.12938191,0.11833771,0.10807704,0.09866317,0.09007462,0.08225951,0.07515645,0.06870305,0.06283957
Gram_error_fro,2.0,1,10,1,0.0,0.01948224,0.00859174,0.00614093,0.00523766,0.00462788,0.00410561,0.0036451,0.00324413,0.00289845,0.00260093,0.00234371,0.00211958,0.00192249
Gram_error_fro,2.0,1,10,1,0.0,0.01084105,0.00509966,0.0058125,0.00649631,0.00671189,0.00658582,0.00625782,0.00582551,0.00535017,0.00486854,0.00440177,0.0039614,0.00355307
Gram_error_fro,0.0,1,10,4,0.0,0.0,0.0,0.0,0.0,0.0,0.0,0.0,0.0,0.0,0.0,0.0,0.0,0.0
Gram_error_fro,2.0,2,10,4,0.0,0.08760985,0.05727845,0.03568039,0.02761601,0.02603522,0.02640832,0.0272307,0.02812088,0.02898485,0.02979679,0.03054854,0.03123788,0.03186531
Gram_error_fro,2.0,1,10,4,0.0,0.08793197,0.05694961,0.03512718,0.02587079,0.02244667,0.02075309,0.01942397,0.01814228,0.01686742,0.01561568,0.01440774,0.01325837,0.01217612
Gram_error_fro,2.0,1,10,4,0.0,0.05834578,0.04301105,0.03119565,0.02324659,0.01783473,0.01399346,0.01116659,0.00903048,0.0073836,0.00609282,0.00506676,0.00424105,0.0035694
Gram_error_fro,2.0,1,10,4,0.0,0.04245872,0.02911839,0.02285422,0.01942015,0.01697224,0.01496794,0.01323221,0.01169827,0.01033467,0.00912189,0.00804462,0.00708919,0.00624298
Gram_error_fro,2.0,1,10,4,0.0,0.06153225,0.04928759,0.03669218,0.02777063,0.0215115,0.0169573,0.0135538,0.01096749,0.00897648,0.00742453,0.00619943,0.00522005,0.00442753
Gram_error_fro,2.0,1,10,4,0.0,0.09444401,0.06772923,0.04999254,0.038815,0.03104571,0.02522158,0.02069536,0.01712021,0.01426808,0.01197277,0.01010934,0.00858333,0.00732316
Gram_error_fro,4.0,1,10,4,0.0,0.10203025,0.07570543,0.06014495,0.05003407,0.04229792,0.03592438,0.03056309,0.02603652,0.02221356,0.01898327,0.01625042,0.01393432,0.01196735
Gram_error_fro,2.0,1,10,4,0.0,0.07493787,0.06220807,0.05136688,0.04349095,0.03713902,0.03177859,0.0272237,0.02335884,0.02008112,0.01729725,0.01492644,0.0129011,0.0111656
Gram_error_fro,2.0,1,10,4,0.0,0.07499416,0.05801898,0.04708997,0.03929313,0.03308511,0.02798825,0.02377612,0.0202802,0.01736169,0.01490888,0.01283414,0.01106932,0.00956124
Gram_error_fro,2.0,1,10,4,0.0,0.09693798,0.07169235,0.05544586,0.04418301,0.0354831,0.02863152,0.02325666,0.01904821,0.01573909,0.01311379,0.01100721,0.00929659,0.0078918
Gram_error_fro,0.0,1,10,4,0.0,0.0,0.0,0.0,0.0,0.0,0.0,0.0,0.0,0.0,0.0,0.0,0.0,0.0
Gram_error_fro,0.0,1,10,4,0.0,0.0,0.0,0.0,0.0,0.0,0.0,0.0,0.0,0.0,0.0,0.0,0.0,0.0
Gram_error_fro,0.0,1,10,4,0.0,0.0,0.0,0.0,0.0,0.0,0.0,0.0,0.0,0.0,0.0,0.0,0.0,0.0
Gram_error_fro,2.0,1,10,4,0.0,0.06438899,0.04981525,0.0402743,0.03315188,0.02735457,0.02252831,0.01850989,0.01518224,0.01244115,0.01019157,0.00834934,0.00684219,0.00560948
Gram_error_fro,2.0,1,10,4,0.0,0.09007706,0.07497462,0.05875946,0.04655821,0.03726178,0.02999166,0.02423729,0.01966391,0.01602266,0.01311757,0.01079243,0.00892338,0.00741311
Gram_error_fro,2.0,1,10,4,0.0,0.07760873,0.04684527,0.02917098,0.01983952,0.01467959,0.01157114,0.00948805,0.00795046,0.00673733,0.00574311,0.0049121,0.00421049,0.0036148
Gram_error_fro,2.0,1,10,4,0.0,0.05208021,0.04288329,0.03283234,0.0257746,0.02074861,0.01692614,0.01389335,0.01144327,0.00945075,0.00782522,0.00649542,0.00540423,0.00450591
Gram_error_fro,4.0,1,10,4,0.0,0.10908168,0.07029504,0.04208822,0.02618407,0.0175477,0.01273182,0.0098115,0.00783704,0.00637802,0.00524037,0.00432847,0.00358758,0.00298136
Gram_error_fro,2.0,1,10,4,0.0,0.08162462,0.0595838,0.03611595,0.02089244,0.01213926,0.00736358,0.00483867,0.0035033,0.00274788,0.00226147,0.00190508,0.00162086,0.00138424
Gram_error_fro,2.0,1,10,4,0.0,0.07649354,0.04867229,0.03171024,0.02250937,0.01696119,0.01321651,0.01049373,0.00842614,0.00681604,0.00554299,0.00452649,0.00370929,0.00304898
Gram_error_fro,2.0,1,10,4,0.0,0.0632933,0.06019976,0.05243262,0.04488563,0.03820387,0.03239483,0.02739988,0.02314864,0.01955925,0.01654407,0.0140173,0.0119005,0.01012513
Gram_error_fro,0.0,1,10,4,0.0,0.0,0.0,0.0,0.0,0.0,0.0,0.0,0.0,0.0,0.0,0.0,0.0,0.0
Gram_error_fro,2.0,1,10,4,0.0,0.09859105,0.08571465,0.06968086,0.05677883,0.04668297,0.03872136,0.03236811,0.02724166,0.02306411,0.0196296,0.01678321,0.01440687,0.01240967
Gram_error_fro,2.0,1,10,4,0.0,0.08285314,0.07898249,0.06672543,0.05504065,0.04529885,0.03740965,0.03104479,0.02589239,0.02169878,0.01826513,0.01543683,0.01309362,0.01114163
Gram_error_fro,2.0,1,10,4,0.0,0.05691006,0.04139227,0.02923677,0.0214796,0.01650158,0.01318247,0.01086548,0.00916468,0.00785366,0.00680026,0.00592673,0.0051861,0.00454876
Gram_error_fro,2.0,1,10,4,0.0,0.02814945,0.02542272,0.02158493,0.01798301,0.0149094,0.01232024,0.01015483,0.00835761,0.0068745,0.0056544,0.00465174,0.00382765,0.00314988
Gram_error_fro,0.0,1,10,4,0.0,0.05607313,0.03066584,0.01855328,0.01195878,0.0079206,0.00531963,0.00360255,0.00245281,0.00167616,0.00114859,0.00078892,0.00054313,0.00037489
Gram_error_fro,4.0,1,10,4,0.0,0.07314206,0.0635118,0.04795508,0.03517853,0.02582925,0.01911454,0.01425488,0.01069391,0.00805696,0.00608937,0.00461338,0.00350193,0.00266254
Gram_error_fro,2.0,1,10,4,0.0,0.06676901,0.05155923,0.0390797,0.03058927,0.02457098,0.02003217,0.01647704,0.01363863,0.01134765,0.0094836,0.0079563,0.00669698,0.00565275
Gram_error_fro,2.0,1,10,4,0.0,0.07097792,0.0593488,0.04966773,0.04093404,0.03324011,0.02680328,0.02160704,0.01749489,0.01426727,0.01173314,0.00973089,0.0081328,0.00684196
Gram_error_fro,2.0,1,10,4,0.0,0.05286997,0.0304873,0.01633953,0.00894164,0.00545226,0.00380885,0.00286832,0.00219449,0.00166564,0.00124817,0.00092464,0.00067891,0.00049534
Gram_error_fro,4.0,1,10,4,0.0,0.09438633,0.08605149,0.07020447,0.0562597,0.04510424,0.03632236,0.0294063,0.02393659,0.01958819,0.01611199,0.01331701,0.01105655,0.00921766
Gram_error_fro,0.0,1,10,3,0.0,0.0,0.0,0.0,0.0,0.0,0.0,0.0,0.0,0.0,0.0,0.0,0.0,0.0
Gram_error_fro,0.0,1,10,3,0.0,0.0,0.0,0.0,0.0,0.0,0.0,0.0,0.0,0.0,0.0,0.0,0.0,0.0
Gram_error_fro,2.0,1,10,3,0.0,0.04135389,0.03540978,0.03097286,0.02689785,0.02320563,0.01993193,0.01706755,0.01458163,0.01243618,0.01059231,0.00901278,0.00766313,0.00651217
Gram_error_fro,0.0,1,10,3,0.0,0.01673136,0.01630324,0.01329362,0.00993384,0.00719374,0.00511022,0.00356435,0.00243363,0.00161689,0.0010348,0.00062625,0.00034466,0.00015495
Gram_error_fro,2.0,1,10,3,0.0,0.01185826,0.00579087,0.00263037,0.00375473,0.00487139,0.00535779,0.00541407,0.00521087,0.00486127,0.00443855,0.00398983,0.00354475,0.00312122
Gram_error_fro,2.0,1,10,3,0.0,0.06252673,0.05318461,0.04344508,0.03564853,0.02935132,0.02421186,0.01999682,0.01653022,0.0136735,0.01131596,0.00936839,0.0077584,0.00642693
Gram_error_fro,2.0,1,10,3,0.0,0.07119271,0.0352596,0.01946923,0.01239297,0.00855546,0.00613435,0.00448876,0.00334195,0.00254093,0.00198397,0.00159669,0.00132352,0.00112428
Gram_error_fro,0.0,1,10,3,0.0,0.0,0.0,0.0,0.0,0.0,0.0,0.0,0.0,0.0,0.0,0.0,0.0,0.0
Gram_error_fro,4.0,2,10,3,0.0,0.05824743,0.02913195,0.0192864,0.01939022,0.0213735,0.02318348,0.02459353,0.02566303,0.02647349,0.02709124,0.02756584,0.02793368,0.02822135
Gram_error_fro,2.0,1,10,3,0.0,0.08292523,0.04653784,0.02890793,0.01899351,0.01295125,0.00906112,0.00643729,0.00460335,0.00329065,0.00233815,0.00164309,0.00113642,0.00077007
Gram_error_fro,4.0,1,10,3,0.0,0.07743799,0.05466333,0.04408629,0.03676441,0.03074039,0.02568641,0.02147619,0.0179863,0.01509497,0.01269433,0.01069463,0.00902335,0.00762236
Gram_error_fro,0.0,1,10,5,0.0,0.0,0.0,0.0,0.0,0.0,0.0,0.0,0.0,0.0,0.0,0.0,0.0,0.0
Gram_error_fro,2.0,1,10,5,0.0,0.06508687,0.05941789,0.0508134,0.04217944,0.03447544,0.02802009,0.02279728,0.01864465,0.01536091,0.01275717,0.01067615,0.00899493,0.00762084
Gram_error_fro,2.0,1,10,5,0.0,0.06501078,0.04015344,0.02464635,0.0158789,0.01075231,0.00764906,0.00569255,0.00439178,0.00347427,0.00279197,0.00226451,0.00184659,0.00151081
Gram_error_fro,2.0,1,10,5,0.0,0.11594027,0.09529538,0.07120058,0.05367673,0.04124698,0.03223049,0.02553652,0.02047643,0.01659775,0.01359006,0.01123335,0.00936826,0.00787768
Gram_error_fro,2.0,1,10,5,0.0,0.05540074,0.03890926,0.02694305,0.01967312,0.01526828,0.01242614,0.01042978,0.00891777,0.00770962,0.00671106,0.00586867,0.00514901,0.00452914
Gram_error_fro,2.0,1,10,5,0.0,0.04962485,0.0383574,0.0285172,0.02191621,0.01759041,0.01465464,0.01251282,0.01082983,0.00943602,0.00824743,0.00721969,0.00632588,0.00554689
Gram_error_fro,2.0,1,10,5,0.0,0.11066522,0.09302503,0.07280226,0.05646196,0.04363139,0.03367146,0.02601443,0.02017273,0.01573843,0.0123795,0.00983226,0.00789191,0.00640242
Gram_error_fro,2.0,1,10,5,0.0,0.05540074,0.03890926,0.02694305,0.01967312,0.01526828,0.01242614,0.01042978,0.00891777,0.00770962,0.00671106,0.00586867,0.00514901,0.00452914
Gram_error_fro,2.0,1,10,5,0.0,0.08825708,0.08432406,0.07142053,0.05785824,0.04586232,0.03599328,0.02816733,0.0220819,0.01739618,0.0138007,0.01103862,0.00890677,0.00724911
Gram_error_fro,2.0,1,10,5,0.0,0.04962485,0.0383574,0.0285172,0.02191621,0.01759041,0.01465464,0.01251282,0.01082983,0.00943602,0.00824743,0.00721969,0.00632588,0.00554689
Gram_error_fro,2.0,1,10,5,0.0,0.06641558,0.06333024,0.05354536,0.04343699,0.03463891,0.02751184,0.02193685,0.01764239,0.01434417,0.01179725,0.00980857,0.00823341,0.00696638
Gram_error_fro,0.0,1,10,5,0.0,0.0,0.0,0.0,0.0,0.0,0.0,0.0,0.0,0.0,0.0,0.0,0.0,0.0
Gram_error_fro,2.0,2,10,5,0.0,0.0628409,0.04855495,0.03795039,0.0333631,0.03232632,0.03286274,0.03395104,0.03515676,0.03631308,0.03736292,0.03829288,0.03910651,0.0398136
Gram_error_fro,2.0,1,10,5,0.0,0.06508687,0.05941789,0.0508134,0.04217944,0.03447544,0.02802009,0.02279728,0.01864465,0.01536091,0.01275717,0.01067615,0.00899493,0.00762084
Gram_error_fro,0.0,1,10,5,0.0,0.10012548,0.08447709,0.06197136,0.04519407,0.03354487,0.02536752,0.01949425,0.01519094,0.0119883,0.00957388,0.00773215,0.00631075,0.00520043
Gram_error_fro,2.0,1,10,5,0.0,0.0802772,0.06852606,0.05264596,0.04095632,0.03261903,0.0264581,0.02174163,0.0180342,0.01506305,0.01264735,0.01066159,0.00901542,0.00764185
Gram_error_fro,2.0,1,10,5,0.0,0.08730244,0.0678751,0.04768934,0.03341761,0.02393528,0.0177614,0.01373524,0.01104202,0.00915408,0.00775309,0.00665652,0.00576183,0.00501082
Gram_error_fro,2.0,1,10,5,0.0,0.11103854,0.09174007,0.06970484,0.05278909,0.04043351,0.03138805,0.02470366,0.01971364,0.01594542,0.01306139,0.01082049,0.00905134,0.00763242
Gram_error_fro,2.0,1,10,5,0.0,0.09022869,0.07698564,0.06264461,0.05046211,0.04069303,0.03307279,0.02718438,0.02261692,0.01902998,0.01616564,0.01383771,0.01191474,0.01030423
Gram_error_fro,2.0,1,10,5,0.0,0.1233365,0.09570163,0.06746925,0.04812785,0.03527148,0.02653399,0.0204243,0.01603931,0.01281894,0.0104045,0.00855968,0.00712514,0.00599137
Gram_error_fro,2.0,1,10,5,0.0,0.0962546,0.06110536,0.03749172,0.02406331,0.01655945,0.01220986,0.00951401,0.00770921,0.00641091,0.00542023,0.00463001,0.0039797,0.00343323
Gram_error_fro,0.0,1,10,5,0.0,0.08785794,0.06251018,0.04498629,0.03377979,0.02649683,0.02154495,0.01798165,0.01526743,0.01309859,0.01130444,0.00978661,0.00848528,0.00736119
Gram_error_fro,0.0,1,10,2,0.0,0.0,0.0,0.0,0.0,0.0,0.0,0.0,0.0,0.0,0.0,0.0,0.0,0.0
Gram_error_fro,0.0,1,10,2,0.0,0.0,0.0,0.0,0.0,0.0,0.0,0.0,0.0,0.0,0.0,0.0,0.0,0.0
Gram_error_fro,2.0,1,10,2,0.0,0.07114297,0.0520653,0.04438948,0.03927609,0.03486259,0.03085317,0.02721646,0.02394647,0.02102809,0.01843775,0.01614764,0.01412887,0.01235321
Gram_error_fro,2.0,1,10,2,0.0,0.02393744,0.01870189,0.01734034,0.01604739,0.01468064,0.01329243,0.01193646,0.01064786,0.00944698,0.00834396,0.00734201,0.00643974,0.00563288
Gram_error_fro,2.0,1,10,2,0.0,0.02393744,0.01870189,0.01734034,0.01604739,0.01468064,0.01329243,0.01193646,0.01064786,0.00944698,0.00834396,0.00734201,0.00643974,0.00563288
Gram_error_fro,2.0,1,10,2,0.0,0.01175379,0.00470248,0.00291082,0.00208337,0.0015234,0.00113224,0.00085413,0.0006515,0.00050061,0.0003864,0.00029902,0.0002317,0.00017962
Gram_error_fro,2.0,1,10,2,0.0,0.07370767,0.03326251,0.01952203,0.01321673,0.00945727,0.00691484,0.00510132,0.00377786,0.00280218,0.00207962,0.00154347,0.00114538,0.00084979
Gram_error_fro,2.0,1,10,2,0.0,0.02393744,0.01870189,0.01734034,0.01604739,0.01468064,0.01329243,0.01193646,0.01064786,0.00944698,0.00834396,0.00734201,0.00643974,0.00563288
Gram_error_fro,4.0,1,10,2,0.0,0.10969939,0.07231778,0.05352483,0.04106289,0.03191937,0.025015,0.01973691,0.01566575,0.01249962,0.01001812,0.00805931,0.00650329,0.00526052
Gram_error_fro,2.0,1,10,2,0.0,0.04265752,0.02348476,0.01511145,0.01044225,0.00750316,0.00553464,0.00416034,0.00317276,0.00244828,0.00190846,0.00150116,0.00119055,0.00095141
Gram_error_fro,2.0,1,10,2,0.0,0.07468396,0.03308158,0.01992147,0.01409841,0.01049246,0.00792705,0.0060181,0.00457676,0.00348299,0.00265141,0.00201868,0.00153709,0.00117048
Gram_error_fro,0.0,1,10,2,0.0,0.0,0.0,0.0,0.0,0.0,0.0,0.0,0.0,0.0,0.0,0.0,0.0,0.0
Gram_error_fro,0.0,1,10,2,0.0,0.0,0.0,0.0,0.0,0.0,0.0,0.0,0.0,0.0,0.0,0.0,0.0,0.0
Gram_error_fro,2.0,1,10,2,0.0,0.03942086,0.02338905,0.01620793,0.01201938,0.00915958,0.00707336,0.00550404,0.00430407,0.00337739,0.00265702,0.00209437,0.00165337,0.00130679
Gram_error_fro,2.0,1,10,2,0.0,0.03629073,0.00608103,0.00183368,0.00077915,0.00012318,0.00036711,0.00065188,0.00082145,0.00090935,0.00094068,0.00093357,0.00090102,0.00085239
Gram_error_fro,0.0,1,10,2,0.0,0.03388357,0.01647147,0.01186805,0.00968361,0.00818031,0.00697898,0.00597311,0.00511943,0.00439167,0.00376999,0.0032382,0.00278283,0.00239254
Gram_error_fro,0.0,1,10,2,0.0,0.0,0.0,0.0,0.0,0.0,0.0,0.0,0.0,0.0,0.0,0.0,0.0,0.0
Gram_error_fro,2.0,1,10,2,0.0,0.02814188,0.01246692,0.00769243,0.00561744,0.00442609,0.00361802,0.00302375,0.00256657,0.00220298,0.00190576,0.0016573,0.00144602,0.00126409
Gram_error_fro,4.0,1,10,2,0.0,0.05276758,0.03737718,0.03114855,0.02707463,0.02378544,0.02094283,0.0184467,0.01625031,0.01431878,0.01262123,0.0111296,0.00981868,0.0086661
Gram_error_fro,2.0,1,10,2,0.0,0.02270097,0.01139328,0.00724312,0.00510755,0.00379664,0.00292732,0.00233142,0.00191353,0.00161208,0.00138619,0.00120921,0.00106442,0.00094161
Gram_error_fro,2.0,1,10,2,0.0,0.03629073,0.00608103,0.00183368,0.00077915,0.00012318,0.00036711,0.00065188,0.00082145,0.00090935,0.00094068,0.00093357,0.00090102,0.00085239
Gram_error_fro,2.0,1,10,2,0.0,0.05659733,0.03255837,0.02477871,0.02062208,0.01762555,0.01519482,0.01314464,0.01139315,0.00988917,0.008594,0.00747627,0.00650994,0.00567318
Gram_error_fro,0.0,1,10,2,0.0,0.0,0.0,0.0,0.0,0.0,0.0,0.0,0.0,0.0,0.0,0.0,0.0,0.0
Gram_error_fro,2.0,1,10,2,0.0,0.07079276,0.05961023,0.04904414,0.04047512,0.033508,0.02786407,0.02328635,0.01955166,0.01648178,0.01393985,0.01182155,0.01004682,0.00855346
Gram_error_fro,2.0,2,10,2,0.0,0.05411036,0.03954594,0.03351155,0.02990005,0.02749487,0.02584484,0.02469808,0.02389524,0.02333098,0.02293393,0.02265492,0.02245963,0.02232384
Gram_error_fro,0.0,1,10,2,0.0,0.0,0.0,0.0,0.0,0.0,0.0,0.0,0.0,0.0,0.0,0.0,0.0,0.0
Gram_error_fro,2.0,1,10,2,0.0,0.06331854,0.02714861,0.01690592,0.01247739,0.00968572,0.00765847,0.0061195,0.00492998,0.00400001,0.00326593,0.00268136,0.00221206,0.00183252
Gram_error_fro,2.0,1,10,2,0.0,0.03110238,0.0273413,0.02310989,0.0191846,0.0158679,0.01317102,0.01099817,0.00924081,0.00780767,0.00662845,0.00565016,0.00483276,0.00414563
Gram_error_fro,2.0,1,10,2,0.0,0.00771785,0.00308371,0.00231155,0.00211477,0.00192556,0.00170585,0.00147989,0.00126658,0.00107492,0.00090754,0.00076381,0.00064166,0.00053853
Gram_error_fro,4.0,1,10,2,0.0,0.05850053,0.05223344,0.0425749,0.03388916,0.02679403,0.02118463,0.01678841,0.01334081,0.01062704,0.00848179,0.00677941,0.00542418,0.00434264
Gram_error_fro,2.0,1,10,2,0.0,0.05386884,0.03037584,0.0205248,0.01491894,0.01115124,0.00845854,0.00648171,0.00500807,0.0038975,0.00305312,0.00240622,0.00190726,0.00152003
Gram_error_fro,2.0,1,10,2,0.0,0.00771785,0.00308371,0.00231155,0.00211477,0.00192556,0.00170585,0.00147989,0.00126658,0.00107492,0.00090754,0.00076381,0.00064166,0.00053853
Gram_error_fro,4.0,1,10,2,0.0,0.01012449,0.01287535,0.01524365,0.01659602,0.0171932,0.01724485,0.0169289,0.01637532,0.01567441,0.01488832,0.01405989,0.01321863,0.01238478
Gram_error_fro,0.0,1,10,2,0.0,0.0,0.0,0.0,0.0,0.0,0.0,0.0,0.0,0.0,0.0,0.0,0.0,0.0
Gram_error_fro,0.0,1,10,2,0.0,0.04394865,0.03597394,0.02897456,0.02352342,0.01921679,0.01576617,0.01297697,0.01070981,0.00885958,0.0073446,0.0061004,0.00507574,0.00422966
Gram_error_fro,0.0,1,10,2,0.0,0.0,0.0,0.0,0.0,0.0,0.0,0.0,0.0,0.0,0.0,0.0,0.0,0.0
Gram_error_fro,2.0,1,10,2,0.0,0.02371699,0.01773361,0.01778691,0.01654942,0.01487269,0.01311762,0.01142819,0.00987037,0.00847151,0.00723749,0.00616233,0.00523401,0.00443786
Gram_error_fro,2.0,1,10,2,0.0,0.03886946,0.02675589,0.02188192,0.01861677,0.01591677,0.01360608,0.01162598,0.00993168,0.00848295,0.00724428,0.00618498,0.00527887,0.00450371
Gram_error_fro,2.0,1,10,2,0.0,0.00823551,0.00386203,0.00587348,0.00724305,0.00771983,0.00766241,0.0073032,0.00678331,0.00618922,0.00557418,0.00497069,0.00439797,0.00386662
Gram_error_fro,2.0,1,10,2,0.0,0.00823551,0.00386203,0.00587348,0.00724305,0.00771983,0.00766241,0.0073032,0.00678331,0.00618922,0.00557418,0.00497069,0.00439797,0.00386662
Gram_error_fro,4.0,1,10,2,0.0,0.06522049,0.04252422,0.03382355,0.0292112,0.02569242,0.02273856,0.0201933,0.01797207,0.01601794,0.01428938,0.01275453,0.01138807,0.01016928
Gram_error_fro,2.0,1,10,2,0.0,0.04968362,0.03024449,0.01743011,0.01077604,0.00742723,0.00582898,0.00509552,0.00470214,0.00439916,0.0040977,0.00377854,0.00344659,0.00311252
Gram_error_fro,2.0,1,10,2,0.0,0.02534603,0.01199252,0.00623509,0.00361285,0.00238565,0.00187266,0.00169552,0.0016266,0.0015684,0.00149384,0.00140181,0.00129816,0.00118928
Gram_error_fro,2.0,1,10,2,0.0,0.02840732,0.01390244,0.00735345,0.00529311,0.00542861,0.00586021,0.00603307,0.00593168,0.00563772,0.00522944,0.00476503,0.00428408,0.00381204
Gram_error_fro,0.0,1,10,2,0.0,0.0,0.0,0.0,0.0,0.0,0.0,0.0,0.0,0.0,0.0,0.0,0.0,0.0
Gram_error_fro,2.0,1,10,2,0.0,0.04268661,0.02463021,0.01786926,0.01396775,0.01120455,0.00910382,0.00745622,0.00614142,0.00508041,0.00421744,0.00351137,0.00293096,0.00245201
Gram_error_fro,2.0,1,10,2,0.0,0.03942086,0.02338905,0.01620793,0.01201938,0.00915958,0.00707336,0.00550404,0.00430407,0.00337739,0.00265702,0.00209437,0.00165337,0.00130679
Gram_error_fro,2.0,1,10,2,0.0,0.05629752,0.04228532,0.03245715,0.02545183,0.02013418,0.01600492,0.01276879,0.01021911,0.00820184,0.00659967,0.00532256,0.00430109,0.00348156
Gram_error_fro,0.0,1,10,2,0.0,0.0,0.0,0.0,0.0,0.0,0.0,0.0,0.0,0.0,0.0,0.0,0.0,0.0
Gram_error_fro,0.0,1,10,2,0.0,0.0,0.0,0.0,0.0,0.0,0.0,0.0,0.0,0.0,0.0,0.0,0.0,0.0
Gram_error_fro,2.0,1,10,2,0.0,0.1018218,0.07509372,0.05768083,0.04485517,0.03506917,0.02756743,0.02180187,0.01734952,0.01388864,0.01117837,0.0090398,0.00734011,0.00598029
Gram_error_fro,2.0,1,10,2,0.0,0.05466567,0.02227916,0.01308324,0.00915942,0.00675371,0.00507788,0.00386225,0.00296589,0.0022983,0.00179681,0.00141682,0.00112629,0.00090213
Gram_error_fro,2.0,1,10,2,0.0,0.05225898,0.02130475,0.01373982,0.01027789,0.00802974,0.00637697,0.0051063,0.0041103,0.00332141,0.00269242,0.00218855,0.00178347,0.00145686
Gram_error_fro,2.0,1,10,2,0.0,0.03523613,0.01501529,0.00861472,0.00576099,0.00421013,0.00326242,0.00263351,0.00218568,0.00184572,0.00157373,0.00134791,0.0011562,0.00099158
Gram_error_fro,0.0,1,10,2,0.0,0.0,0.0,0.0,0.0,0.0,0.0,0.0,0.0,0.0,0.0,0.0,0.0,0.0
Gram_error_fro,0.0,1,10,2,0.0,0.0,0.0,0.0,0.0,0.0,0.0,0.0,0.0,0.0,0.0,0.0,0.0,0.0
Gram_error_fro,2.0,1,10,2,0.0,0.10125897,0.0884707,0.0814335,0.07514593,0.06920941,0.06363153,0.05843751,0.05363656,0.0492227,0.0451798,0.04148592,0.03811622,0.03504486
Gram_error_fro,0.0,1,10,2,0.0,0.0,0.0,0.0,0.0,0.0,0.0,0.0,0.0,0.0,0.0,0.0,0.0,0.0
Gram_error_fro,2.0,1,10,2,0.0,0.03138358,0.02583864,0.0223843,0.01947141,0.01697972,0.01486133,0.01306038,0.0115226,0.01020131,0.00905846,0.00806371,0.007193,0.00642713
Gram_error_fro,2.0,1,10,2,0.0,0.04078795,0.03696001,0.03398493,0.031366,0.02899209,0.02682538,0.02483336,0.02299029,0.02127774,0.01968299,0.01819697,0.01681274,0.01552448
Gram_error_fro,2.0,1,10,2,0.0,0.03107574,0.02572394,0.0223822,0.01955058,0.01711391,0.01503248,0.01325641,0.01173507,0.01042401,0.0092867,0.00829383,0.00742213,0.00665301
Gram_error_fro,2.0,1,10,2,0.0,0.11230937,0.05461711,0.03817547,0.03387201,0.03122337,0.02872098,0.02628096,0.02395236,0.02177016,0.01974967,0.01789338,0.01619653,0.01465045
Gram_error_fro,2.0,1,10,2,0.0,0.08028076,0.07461337,0.06844141,0.06228238,0.05630189,0.05066012,0.04543787,0.04066409,0.03633724,0.03243809,0.02893796,0.02580403,0.02300258
Gram_error_fro,2.0,1,10,2,0.0,0.09722828,0.06160861,0.05258791,0.04855437,0.04505195,0.04154329,0.03805103,0.03465846,0.03143172,0.02841144,0.02561723,0.02305394,0.02071678
Gram_error_fro,2.0,1,10,2,0.0,0.11543705,0.09094793,0.07334799,0.06009519,0.0497094,0.04147339,0.03488045,0.02955012,0.02519811,0.02161217,0.01863267,0.0161383,0.01403576
Gram_error_fro,2.0,1,10,2,0.0,0.11219882,0.10642189,0.09547367,0.08468754,0.07476221,0.065847,0.0579277,0.05093505,0.04478204,0.03937857,0.03463811,0.03048086,0.02683491
Gram_error_fro,0.0,1,10,2,0.0,0.0,0.0,0.0,0.0,0.0,0.0,0.0,0.0,0.0,0.0,0.0,0.0,0.0
Gram_error_fro,2.0,1,10,2,0.0,0.02490219,0.01216988,0.00796518,0.00625053,0.00547005,0.00505358,0.00477017,0.00452501,0.00428157,0.00402898,0.00376729,0.00350057,0.00323386
Gram_error_fro,2.0,1,10,2,0.0,0.04007821,0.02274796,0.01792927,0.01557473,0.01383172,0.01232438,0.01097111,0.00975074,0.00865284,0.00766817,0.00678749,0.00600164,0.00530181
Gram_error_fro,2.0,1,10,2,0.0,0.0263742,0.01978168,0.01499372,0.0115383,0.00904957,0.00720231,0.00579408,0.00470363,0.0038529,0.00318703,0.00266493,0.00225462,0.00193078
Gram_error_fro,2.0,1,10,2,0.0,0.02984158,0.01996904,0.01582359,0.01336793,0.01153314,0.0100241,0.00874067,0.0076361,0.00668054,0.00585135,0.00513017,0.00450172,0.00395316
Gram_error_fro,2.0,1,10,2,0.0,0.03130636,0.01329848,0.00780095,0.0062233,0.00591411,0.00582495,0.00567743,0.00543542,0.00511952,0.00475806,0.00437532,0.00398947,0.00361316
Gram_error_fro,4.0,1,10,2,0.0,0.03420201,0.02116945,0.01721097,0.0150086,0.01328735,0.01179645,0.01047095,0.00928616,0.00822724,0.00728218,0.00644016,0.00569115,0.00502583
Gram_error_fro,4.0,1,10,2,0.0,0.05698557,0.03748261,0.02498007,0.01667684,0.01101259,0.00709099,0.00435357,0.00243895,0.00110528,0.00019128,0.00044487,0.0008546,0.00111253
Gram_error_fro,4.0,2,10,2,0.0,0.03562754,0.02120534,0.0170284,0.01544184,0.01487555,0.01483192,0.01508836,0.01551437,0.01602544,0.01656712,0.01710563,0.01762114,0.01810287
Gram_error_fro,4.0,1,10,2,0.0,0.05698557,0.03748261,0.02498007,0.01667684,0.01101259,0.00709099,0.00435357,0.00243895,0.00110528,0.00019128,0.00044487,0.0008546,0.00111253
Gram_error_fro,2.0,1,10,2,0.0,0.0341473,0.02054759,0.01573774,0.01304633,0.01110352,0.00954394,0.00824063,0.00713435,0.00618857,0.00537661,0.00467741,0.00407386,0.0035518
Gram_error_fro,0.0,1,10,5,0.0,0.0,0.0,0.0,0.0,0.0,0.0,0.0,0.0,0.0,0.0,0.0,0.0,0.0
Gram_error_fro,2.0,1,10,5,0.0,0.08116144,0.07206822,0.06067854,0.05035419,0.04145881,0.0340211,0.0279179,0.02296542,0.01897029,0.01575417,0.01316313,0.01106932,0.00936912
Gram_error_fro,2.0,1,10,5,0.0,0.07773911,0.0714861,0.06185003,0.05259263,0.04418917,0.03683614,0.03058101,0.02536508,0.02107194,0.01756459,0.01470807,0.01238091,0.01047956
Gram_error_fro,2.0,1,10,5,0.0,0.06257242,0.03314543,0.019073,0.01231951,0.00873877,0.00664365,0.00526638,0.00426469,0.00348991,0.00287323,0.00237714,0.00197675,0.00165318
Gram_error_fro,2.0,1,10,5,0.0,0.06242678,0.05031048,0.04284126,0.03783162,0.03337108,0.02910692,0.0251184,0.02151362,0.01834553,0.01561585,0.01329444,0.01133576,0.00968976
Gram_error_fro,2.0,1,10,5,0.0,0.05067047,0.04630086,0.04198637,0.03709024,0.03201907,0.02720575,0.02289024,0.01915881,0.01600556,0.01337829,0.01120687,0.00941898,0.00794786
Gram_error_fro,2.0,1,10,5,0.0,0.05996972,0.04903389,0.04231097,0.03704789,0.03226718,0.02784745,0.02384117,0.0202943,0.01721499,0.0145804,0.0123494,0.01047297,0.00890098
Gram_error_fro,4.0,1,10,5,0.0,0.10065689,0.09527297,0.08133677,0.06755214,0.05550275,0.04542752,0.03718698,0.03052418,0.02516424,0.0208555,0.01738393,0.0145748,0.01228888
Gram_error_fro,4.0,2,10,5,0.0,0.07958629,0.06747478,0.05911745,0.05457445,0.05148499,0.04908395,0.04720751,0.04580306,0.04480717,0.04413952,0.04371869,0.04347384,0.04334916
Gram_error_fro,4.0,1,10,5,0.0,0.10132542,0.08749649,0.07287832,0.06040029,0.04975693,0.04082392,0.0334662,0.02749036,0.02267632,0.01880998,0.0157017,0.0131928,0.01115533
Gram_error_fro,2.0,1,10,5,0.0,0.08376772,0.07236298,0.06106722,0.05086929,0.04196246,0.03445225,0.02826515,0.02323729,0.0191807,0.01591656,0.01328872,0.01116689,0.00944538
Gram_error_fro,0.0,1,10,2,0.0,0.0,0.0,0.0,0.0,0.0,0.0,0.0,0.0,0.0,0.0,0.0,0.0,0.0
Gram_error_fro,2.0,1,10,2,0.0,0.04422494,0.02478526,0.01737465,0.01322098,0.01038593,0.00829194,0.00668744,0.0054329,0.00443923,0.00364478,0.00300496,0.00248656,0.00206438
Gram_error_fro,0.0,1,10,2,0.0,0.0,0.0,0.0,0.0,0.0,0.0,0.0,0.0,0.0,0.0,0.0,0.0,0.0
Gram_error_fro,0.0,1,10,2,0.0,0.0,0.0,0.0,0.0,0.0,0.0,0.0,0.0,0.0,0.0,0.0,0.0,0.0
Gram_error_fro,2.0,1,10,2,0.0,0.00587826,0.00102954,0.00171844,0.00209824,0.00213494,0.00202988,0.00186641,0.00168127,0.00149303,0.00131182,0.0011431,0.00098954,0.00085202
Gram_error_fro,2.0,1,10,2,0.0,0.04061625,0.03061876,0.02639798,0.02347794,0.02101381,0.01881095,0.01681985,0.01502204,0.01340385,0.01195136,0.01065033,0.00948669,0.00844702
Gram_error_fro,0.0,1,10,2,0.0,0.0,0.0,0.0,0.0,0.0,0.0,0.0,0.0,0.0,0.0,0.0,0.0,0.0
Gram_error_fro,4.0,1,10,2,0.0,0.0935299,0.06220049,0.04389861,0.0319686,0.02362693,0.01761995,0.01322573,0.00997828,0.00756,0.00574819,0.00438391,0.00335234,0.00256969
Gram_error_fro,2.0,1,10,2,0.0,0.02963845,0.01875748,0.01341739,0.01015139,0.00787369,0.00617703,0.00487347,0.00385745,0.0030597,0.00243061,0.00193309,0.00153878,0.00122579
Gram_error_fro,2.0,1,10,2,0.0,0.03907304,0.02192245,0.01352396,0.00868774,0.00565021,0.00368267,0.00240733,0.00160114,0.00111948,0.00085546,0.00071968,0.00064418,0.00058995
Gram_error_fro,4.0,1,10,2,0.0,0.06074595,0.0279658,0.01854874,0.0138646,0.01061767,0.00818814,0.00633516,0.00491165,0.00381393,0.00296546,0.00230856,0.00179932,0.00140415
Gram_error_fro,0.0,1,10,3,0.0,0.0,0.0,0.0,0.0,0.0,0.0,0.0,0.0,0.0,0.0,0.0,0.0,0.0
Gram_error_fro,2.0,1,10,3,0.0,0.04584581,0.03180753,0.02575394,0.02234477,0.01976692,0.01756231,0.01561274,0.01387754,0.01233272,0.01095807,0.0097351,0.00864698,0.00767864
Gram_error_fro,2.0,1,10,3,0.0,0.08171626,0.05061825,0.0326288,0.0241796,0.02004553,0.01782988,0.01650745,0.01561367,0.01492388,0.01432581,0.01376368,0.0132112,0.01265761
Gram_error_fro,2.0,1,10,3,0.0,0.09233554,0.05084717,0.03139519,0.02246719,0.01759537,0.01447251,0.01224712,0.01055336,0.00920642,0.0081009,0.00717174,0.00637659,0.00568681
Gram_error_fro,2.0,1,10,3,0.0,0.07239767,0.05891314,0.04364087,0.03206433,0.02388004,0.0180786,0.01388933,0.01080643,0.00850077,0.00675287,0.00541232,0.00437357,0.00356111
Gram_error_fro,0.0,1,10,3,0.0,0.0,0.0,0.0,0.0,0.0,0.0,0.0,0.0,0.0,0.0,0.0,0.0,0.0
Gram_error_fro,2.0,1,10,3,0.0,0.07203431,0.06130123,0.05492551,0.04858306,0.04232841,0.03655488,0.03144031,0.02701188,0.02322355,0.02000078,0.01726336,0.01493598,0.01295242
Gram_error_fro,2.0,1,10,3,0.0,0.08811909,0.07863744,0.06233967,0.0482203,0.0371236,0.02865648,0.02225952,0.01743676,0.01379584,0.01103859,0.00894145,0.00733728,0.00610095
Gram_error_fro,4.0,1,10,3,0.0,0.08748964,0.06294928,0.04988191,0.04131718,0.0347595,0.02944399,0.0250535,0.0213986,0.01834004,0.01576812,0.0135951,0.01175068,0.01017847
Gram_error_fro,4.0,1,10,3,0.0,0.06916121,0.0604768,0.05461089,0.04841293,0.04218816,0.03640274,0.03126801,0.02682603,0.02303526,0.01982061,0.01709925,0.01479298,0.01283303
Gram_error_fro,4.0,1,10,3,0.0,0.06033076,0.03650384,0.02076342,0.01208521,0.00779954,0.0060617,0.00558633,0.00554323,0.00555525,0.00550201,0.00536341,0.00515169,0.00488672
Gram_error_fro,0.0,1,10,2,0.0,0.0,0.0,0.0,0.0,0.0,0.0,0.0,0.0,0.0,0.0,0.0,0.0,0.0
Gram_error_fro,2.0,1,10,2,0.0,0.02989047,0.01635052,0.00726278,0.00186535,0.00303354,0.00527915,0.00663156,0.00731783,0.00755117,0.00748627,0.00723092,0.00685924,0.00642194
Gram_error_fro,2.0,1,10,2,0.0,0.04931362,0.03730676,0.02994576,0.02491602,0.02106915,0.01796401,0.01539274,0.01323639,0.0114149,0.00986857,0.00855058,0.00742326,0.006456
Gram_error_fro,2.0,1,10,2,0.0,0.09179101,0.08354708,0.07073838,0.05903076,0.04909707,0.04089611,0.03418091,0.02868213,0.02416501,0.02043829,0.01734945,0.01477748,0.01262627
Gram_error_fro,2.0,1,10,2,0.0,0.0308877,0.02363305,0.01850271,0.01437095,0.01117412,0.00877691,0.00701395,0.005734,0.00481097,0.00414371,0.00365366,0.00328242,0.00298879
Gram_error_fro,2.0,1,10,2,0.0,0.0412134,0.03023308,0.02510803,0.02167593,0.01890439,0.01651602,0.01442943,0.01260733,0.01102,0.00963929,0.00843887,0.00739487,0.00648621
Gram_error_fro,2.0,1,10,2,0.0,0.04520316,0.03247444,0.02586344,0.02181663,0.01886782,0.01650601,0.01452709,0.0128329,0.01136564,0.01008557,0.00896287,0.00797412,0.00710044
Gram_error_fro,2.0,1,10,2,0.0,0.05402466,0.03878521,0.03224755,0.02808525,0.02480026,0.02199949,0.0195455,0.01737419,0.01544585,0.01373057,0.01220363,0.01084382,0.00963261
Gram_error_fro,4.0,1,10,2,0.0,0.05545176,0.03961028,0.03338507,0.02980522,0.02694635,0.02434654,0.02191723,0.01965443,0.01756575,0.01565467,0.01391891,0.01235179,0.01094368
Gram_error_fro,4.0,1,10,2,0.0,0.04717866,0.03339863,0.02406164,0.017685,0.01344035,0.01068838,0.00890097,0.00769262,0.00681561,0.00612609,0.00554636,0.00503627,0.00457561
Gram_error_fro,4.0,1,10,2,0.0,0.07839865,0.04881595,0.03857086,0.03322365,0.02934083,0.02607251,0.02318224,0.02059213,0.01826667,0.01618198,0.0143176,0.01265438,0.01117404
Gram_error_fro,0.0,1,10,4,0.0,0.0,0.0,0.0,0.0,0.0,0.0,0.0,0.0,0.0,0.0,0.0,0.0,0.0
Gram_error_fro,0.0,1,10,4,0.0,0.0,0.0,0.0,0.0,0.0,0.0,0.0,0.0,0.0,0.0,0.0,0.0,0.0
Gram_error_fro,2.0,1,10,4,0.0,0.07850615,0.06177176,0.04499173,0.03431592,0.02739261,0.02251722,0.01884822,0.01596604,0.01363815,0.01172128,0.01012012,0.00876801,0.00761651
Gram_error_fro,0.0,1,10,4,0.0,0.07768183,0.06743243,0.05200154,0.03984585,0.03067899,0.02369318,0.01833375,0.01421538,0.01104863,0.00861001,0.00672734,0.00526925,0.00413613
Gram_error_fro,2.0,2,10,4,0.0,0.08832711,0.0597687,0.03682459,0.02734964,0.0254956,0.02618721,0.02740996,0.02862607,0.02972004,0.03067895,0.03151299,0.03223642,0.03286313
Gram_error_fro,0.0,1,10,4,0.0,0.0,0.0,0.0,0.0,0.0,0.0,0.0,0.0,0.0,0.0,0.0,0.0,0.0
Gram_error_fro,2.0,1,10,4,0.0,0.08855455,0.05845939,0.03300876,0.01925971,0.01278789,0.00978104,0.00813159,0.0069821,0.00605272,0.00525855,0.0045702,0.00397255,0.00345412
Gram_error_fro,0.0,1,10,4,0.0,0.07768183,0.06743243,0.05200154,0.03984585,0.03067899,0.02369318,0.01833375,0.01421538,0.01104863,0.00861001,0.00672734,0.00526925,0.00413613
Gram_error_fro,0.0,1,10,4,0.0,0.0,0.0,0.0,0.0,0.0,0.0,0.0,0.0,0.0,0.0,0.0,0.0,0.0
Gram_error_fro,0.0,1,10,4,0.0,0.07768183,0.06743243,0.05200154,0.03984585,0.03067899,0.02369318,0.01833375,0.01421538,0.01104863,0.00861001,0.00672734,0.00526925,0.00413613
Gram_error_fro,4.0,1,10,4,0.0,0.08165625,0.05821042,0.04233948,0.03206824,0.02491242,0.01963982,0.01563575,0.012543,0.01012638,0.00822058,0.00670578,0.0054935,0.00451756
Gram_error_fro,0.0,1,10,2,0.0,0.0,0.0,0.0,0.0,0.0,0.0,0.0,0.0,0.0,0.0,0.0,0.0,0.0
Gram_error_fro,0.0,1,10,2,0.0,0.0,0.0,0.0,0.0,0.0,0.0,0.0,0.0,0.0,0.0,0.0,0.0,0.0
Gram_error_fro,2.0,1,10,2,0.0,0.06817662,0.06660101,0.06062716,0.05411671,0.04789478,0.04220833,0.0371173,0.03260985,0.0286443,0.02516753,0.0221242,0.01946136,0.01713064
Gram_error_fro,2.0,1,10,2,0.0,0.06743809,0.04529452,0.03375838,0.02810092,0.02556426,0.02446764,0.02387391,0.02335411,0.02274944,0.02202243,0.02118375,0.02025981,0.01927921
Gram_error_fro,2.0,1,10,2,0.0,0.04149696,0.03601287,0.03349205,0.03113289,0.02872986,0.02635114,0.02406629,0.02191422,0.019911,0.01805992,0.01635759,0.01479742,0.01337122
Gram_error_fro,0.0,1,10,2,0.0,0.0,0.0,0.0,0.0,0.0,0.0,0.0,0.0,0.0,0.0,0.0,0.0,0.0
Gram_error_fro,2.0,1,10,2,0.0,0.06120561,0.04397996,0.03398592,0.02707891,0.02186347,0.01781136,0.01462106,0.01208646,0.01005811,0.00842462,0.00710142,0.00602342,0.00514002
Gram_error_fro,2.0,1,10,2,0.0,0.00634665,0.00319195,0.00422273,0.0053125,0.00597977,0.00628236,0.00633639,0.00623048,0.00602287,0.00575131,0.00544099,0.0051093,0.00476856
Gram_error_fro,2.0,1,10,2,0.0,0.07452983,0.02916897,0.01686159,0.01437747,0.0134949,0.01267766,0.01175853,0.01077785,0.00978972,0.00883261,0.00792931,0.00709145,0.00632342
Gram_error_fro,2.0,1,10,2,0.0,0.087884,0.05603946,0.04260624,0.03409111,0.02767945,0.02261067,0.01853589,0.01523307,0.0125419,0.01034084,0.00853548,0.00705139,0.00582924
Gram_error_fro,2.0,1,10,2,0.0,0.02918753,0.02349202,0.0202097,0.01721432,0.0145453,0.01225887,0.01033162,0.00871251,0.00735093,0.00620394,0.0052364,0.00441952,0.0037295
Gram_error_fro,0.0,1,10,3,0.0,0.0,0.0,0.0,0.0,0.0,0.0,0.0,0.0,0.0,0.0,0.0,0.0,0.0
Gram_error_fro,2.0,1,10,3,0.0,0.10700756,0.07627394,0.0585426,0.04831873,0.04108104,0.03531079,0.03049712,0.02642112,0.02295167,0.01998981,0.01745384,0.01527504,0.01339594
Gram_error_fro,2.0,1,10,3,0.0,0.00777597,0.00387354,0.00340099,0.00304483,0.0025427,0.00203351,0.00159717,0.00125275,0.00099205,0.00079825,0.00065402,0.00054476,0.0004595
Gram_error_fro,2.0,1,10,3,0.0,0.09765117,0.0712482,0.05450932,0.04417493,0.03671694,0.03087022,0.02614135,0.02226836,0.01907219,0.01641619,0.01419295,0.01231794,0.01072492
Gram_error_fro,2.0,1,10,3,0.0,0.07326592,0.04803858,0.03372886,0.02555861,0.02016375,0.0162156,0.01316986,0.01075783,0.00881978,0.00724822,0.0059657,0.00491428,0.00404949
Gram_error_fro,2.0,1,10,3,0.0,0.01954883,0.01334339,0.01356394,0.01370147,0.01332728,0.01264226,0.01180068,0.01089472,0.00997834,0.00908329,0.00822815,0.00742338,0.00667428
Gram_error_fro,2.0,1,10,3,0.0,0.10381723,0.07367553,0.05473736,0.04159888,0.03186974,0.0245522,0.01900346,0.01476587,0.01150924,0.00899323,0.00704102,0.00552111,0.00433475
Gram_error_fro,4.0,1,10,3,0.0,0.07816487,0.06117129,0.05614414,0.05338078,0.05063313,0.04760758,0.04438894,0.04110662,0.03786573,0.03473869,0.03177054,0.02898612,0.02639628
Gram_error_fro,0.0,1,10,3,0.0,0.12125637,0.09046066,0.0654537,0.04797771,0.03567818,0.02689574,0.02052586,0.01583323,0.01232509,0.00966745,0.00763054,0.00605372,0.00482273
Gram_error_fro,2.0,1,10,3,0.0,0.07917685,0.0540676,0.04037562,0.0328192,0.02801324,0.02455776,0.02184302,0.01957801,0.0176134,0.01586863,0.01429825,0.01287512,0.01158172
Gram_error_fro,2.0,1,10,3,0.0,0.03555338,0.0316988,0.02747201,0.02383312,0.02070696,0.01799238,0.01562715,0.01356763,0.01177705,0.01022213,0.00887254,0.00770113,0.00668399
Gram_error_fro,0.0,1,10,3,0.0,0.0,0.0,0.0,0.0,0.0,0.0,0.0,0.0,0.0,0.0,0.0,0.0,0.0
Gram_error_fro,2.0,1,10,3,0.0,0.06701641,0.0559835,0.04969735,0.04417562,0.03895431,0.03413794,0.0298185,0.02602071,0.02272135,0.01987221,0.01741629,0.01529722,0.01346392
Gram_error_fro,2.0,1,10,3,0.0,0.07357692,0.06116739,0.04724221,0.03570568,0.02694554,0.02053902,0.01589985,0.0125263,0.01004519,0.00819255,0.00678477,0.00569469,0.00483415
Gram_error_fro,2.0,1,10,3,0.0,0.07851725,0.05639832,0.04018882,0.03000232,0.02318661,0.01836658,0.01482633,0.01215335,0.01009003,0.00846699,0.00716903,0.00611578,0.00524999
Gram_error_fro,2.0,1,10,3,0.0,0.06701641,0.0559835,0.04969735,0.04417562,0.03895431,0.03413794,0.0298185,0.02602071,0.02272135,0.01987221,0.01741629,0.01529722,0.01346392
Gram_error_fro,2.0,1,10,3,0.0,0.07855132,0.04343927,0.02783372,0.01985262,0.01489308,0.01149012,0.0090429,0.00723378,0.0058683,0.00481897,0.0039993,0.00334931,0.0028267
Gram_error_fro,2.0,1,10,3,0.0,0.03554786,0.02228244,0.01737527,0.01449394,0.01236583,0.01065161,0.0092205,0.00800524,0.00696351,0.00606528,0.00528767,0.0046125,0.00402499
Gram_error_fro,2.0,1,10,3,0.0,0.07357692,0.06116739,0.04724221,0.03570568,0.02694554,0.02053902,0.01589985,0.0125263,0.01004519,0.00819255,0.00678477,0.00569469,0.00483415
Gram_error_fro,2.0,1,10,3,0.0,0.02711615,0.01852917,0.01406391,0.01111593,0.00911305,0.00765925,0.00652997,0.00561078,0.00484226,0.00419034,0.00363279,0.0031535,0.00273995
Gram_error_fro,2.0,2,10,3,0.0,0.06929498,0.04643041,0.03428788,0.02809335,0.02498553,0.02362366,0.02325507,0.02342308,0.02385636,0.02440054,0.02497107,0.02552351,0.02603595
Gram_error_fro,2.0,1,10,3,0.0,0.02711615,0.01852917,0.01406391,0.01111593,0.00911305,0.00765925,0.00652997,0.00561078,0.00484226,0.00419034,0.00363279,0.0031535,0.00273995
Gram_error_fro,0.0,1,10,5,0.0,0.0,0.0,0.0,0.0,0.0,0.0,0.0,0.0,0.0,0.0,0.0,0.0,0.0
Gram_error_fro,2.0,1,10,5,0.0,0.05161113,0.03825793,0.02818815,0.02113512,0.01606248,0.01237293,0.009657,0.0076254,0.00608008,0.00488753,0.0039567,0.00322374,0.0026425
Gram_error_fro,2.0,1,10,5,0.0,0.0582433,0.04192623,0.02801348,0.01910083,0.01360359,0.01012456,0.00780091,0.00615737,0.00494048,0.00401087,0.0032861,0.00271313,0.00225536
Gram_error_fro,0.0,1,10,5,0.0,0.07736803,0.07337751,0.06294808,0.05143285,0.04087576,0.03202907,0.02497145,0.01949788,0.01531957,0.01215344,0.00975591,0.00793112,0.00652822
Gram_error_fro,2.0,1,10,5,0.0,0.05166368,0.04162062,0.02973788,0.02120212,0.0155847,0.01180658,0.00913338,0.0071573,0.0056544,0.00449243,0.00358559,0.00287381,0.00231284
Gram_error_fro,0.0,1,10,5,0.0,0.10012548,0.08447709,0.06197136,0.04519407,0.03354487,0.02536752,0.01949425,0.01519094,0.0119883,0.00957388,0.00773215,0.00631075,0.00520043
Gram_error_fro,2.0,1,10,5,0.0,0.07039807,0.07045974,0.06047981,0.04965826,0.04025815,0.03260789,0.02651007,0.02167072,0.01782041,0.01473976,0.01225765,0.01024276,0.00859497
Gram_error_fro,2.0,1,10,5,0.0,0.12955947,0.11501889,0.0889895,0.06758261,0.05165093,0.04000855,0.03148861,0.02519891,0.02049386,0.01691547,0.01414253,0.01195149,0.01018735
Gram_error_fro,2.0,1,10,5,0.0,0.09464025,0.05291358,0.02942543,0.01736618,0.01110348,0.00770442,0.00569379,0.00437631,0.00343882,0.00273661,0.00219573,0.00177284,0.00143933
Gram_error_fro,4.0,1,10,5,0.0,0.12908007,0.10111653,0.07429797,0.05569496,0.04252117,0.03282414,0.02552837,0.01998174,0.01574164,0.01248755,0.00998063,0.008041,0.00653273
Gram_error_fro,2.0,1,10,5,0.0,0.07039807,0.07045974,0.06047981,0.04965826,0.04025815,0.03260789,0.02651007,0.02167072,0.01782041,0.01473976,0.01225765,0.01024276,0.00859497
Gram_error_fro,0.0,1,10,3,0.0,0.0,0.0,0.0,0.0,0.0,0.0,0.0,0.0,0.0,0.0,0.0,0.0,0.0
Gram_error_fro,2.0,1,10,3,0.0,0.04617117,0.04045602,0.03327769,0.0273439,0.02243109,0.01836217,0.01501677,0.01228284,0.01005493,0.00824,0.00676003,0.00555132,0.00456257
Gram_error_fro,2.0,1,10,3,0.0,0.11433491,0.07202978,0.04675109,0.03304239,0.02466549,0.01897288,0.01483988,0.01172303,0.00931976,0.00744123,0.00595975,0.00478424,0.00384742
Gram_error_fro,2.0,1,10,3,0.0,0.04770747,0.0426359,0.03894685,0.03570004,0.03256166,0.02950878,0.02658247,0.02382606,0.02126944,0.01892715,0.01680119,0.01488494,0.01316648
Gram_error_fro,2.0,1,10,3,0.0,0.04617117,0.04045602,0.03327769,0.0273439,0.02243109,0.01836217,0.01501677,0.01228284,0.01005493,0.00824,0.00676003,0.00555132,0.00456257
Gram_error_fro,2.0,1,10,3,0.0,0.09753887,0.06917067,0.0532607,0.04369438,0.03673272,0.03116117,0.0265519,0.02270025,0.01947017,0.01675371,0.01446092,0.012517,0.01086062
Gram_error_fro,2.0,1,10,3,0.0,0.09567612,0.07441629,0.05540483,0.04214595,0.03267956,0.02569132,0.02041161,0.01635622,0.01320067,0.01071892,0.00874946,0.00717454,0.00590687
Gram_error_fro,2.0,1,10,3,0.0,0.11501846,0.07532198,0.05098315,0.03689155,0.02775907,0.02136906,0.01670052,0.01319751,0.01051939,0.00844243,0.00681325,0.0055235,0.00449475
Gram_error_fro,2.0,1,10,3,0.0,0.07979563,0.04707159,0.02937461,0.02000123,0.01443779,0.01080424,0.00827312,0.00643307,0.00505552,0.00400241,0.00318507,0.00254377,0.00203664
Gram_error_fro,2.0,1,10,3,0.0,0.13603455,0.08208526,0.05162638,0.03682762,0.02874998,0.02368544,0.02016678,0.01753106,0.01543726,0.01369753,0.012205,0.01089723,0.00973642
Gram_error_fro,2.0,1,10,3,0.0,0.04669739,0.02207222,0.01159796,0.0072063,0.00527163,0.00424826,0.0035541,0.00300372,0.00254139,0.00214772,0.00181255,0.00152804,0.00128718
Gram_error_fro,0.0,1,10,3,0.0,0.0,0.0,0.0,0.0,0.0,0.0,0.0,0.0,0.0,0.0,0.0,0.0,0.0
Gram_error_fro,2.0,1,10,3,0.0,0.03872173,0.02443075,0.01611579,0.01122916,0.00819154,0.00621503,0.00486514,0.00389793,0.00317509,0.00261638,0.00217343,0.0018157,0.00152296
Gram_error_fro,2.0,1,10,3,0.0,0.04674625,0.03990592,0.03336208,0.02811342,0.02390456,0.02049467,0.01769178,0.01535513,0.01338386,0.01170491,0.01026403,0.00901989,0.00794031
Gram_error_fro,2.0,1,10,3,0.0,0.0404966,0.02126892,0.01367958,0.00990637,0.00753911,0.00587668,0.00465116,0.00373,0.00303225,0.00250117,0.00209416,0.00177862,0.0015298
Gram_error_fro,2.0,1,10,3,0.0,0.04384576,0.01998108,0.0144592,0.01208385,0.01041164,0.0090357,0.00784655,0.00680359,0.00588717,0.00508409,0.00438298,0.00377312,0.00324427
Gram_error_fro,2.0,1,10,3,0.0,0.07304884,0.04072745,0.02207589,0.01262393,0.00794329,0.00578194,0.00484248,0.00437365,0.0040367,0.00371842,0.00339413,0.00306682,0.00274549
Gram_error_fro,2.0,1,10,3,0.0,0.04248541,0.01807738,0.01000007,0.00666615,0.00498343,0.00393932,0.00318903,0.0026074,0.00214127,0.00176254,0.00145308,0.00119957,0.00099158
Gram_error_fro,2.0,1,10,3,0.0,0.07712207,0.03954312,0.02545116,0.02008756,0.01687856,0.01434264,0.01219815,0.01036753,0.00880604,0.0074765,0.00634606,0.0053859,0.00457091
Gram_error_fro,2.0,1,10,3,0.0,0.03556773,0.01662083,0.00980569,0.0068565,0.00549285,0.00488776,0.00457273,0.00431981,0.0040493,0.00374766,0.00342422,0.00309317,0.00276718
Gram_error_fro,4.0,1,10,3,0.0,0.06904694,0.03436147,0.02050855,0.01379823,0.00990695,0.00743208,0.0057605,0.00457555,0.00370071,0.00303283,0.00250924,0.00209031,0.00174995
Gram_error_fro,4.0,1,10,3,0.0,0.11017189,0.07256847,0.05221655,0.040175,0.03197364,0.02595806,0.02137296,0.01779374,0.01495004,0.012658,0.01078776,0.00924524,0.00796099
Gram_error_fro,0.0,1,10,4,0.0,0.0,0.0,0.0,0.0,0.0,0.0,0.0,0.0,0.0,0.0,0.0,0.0,0.0
Gram_error_fro,2.0,1,10,4,0.0,0.07449698,0.07114998,0.06074353,0.04949513,0.03935128,0.03094997,0.02429691,0.01914525,0.01519151,0.01215815,0.00981887,0.00799936,0.00656935
Gram_error_fro,0.0,1,10,4,0.0,0.0,0.0,0.0,0.0,0.0,0.0,0.0,0.0,0.0,0.0,0.0,0.0,0.0
Gram_error_fro,0.0,1,10,4,0.0,0.07783765,0.0459448,0.02589224,0.01641026,0.0120213,0.00969974,0.00817762,0.00700482,0.00602812,0.00519076,0.0044667,0.00384,0.00329837
Gram_error_fro,2.0,1,10,4,0.0,0.05253394,0.05794145,0.05203054,0.04314793,0.03464329,0.02752565,0.02188058,0.01749548,0.0141046,0.0114718,0.00940993,0.00777785,0.0064714
Gram_error_fro,2.0,1,10,4,0.0,0.06516311,0.06405057,0.05607017,0.04616426,0.03677511,0.02886721,0.02257904,0.01771576,0.0139973,0.01115906,0.00898314,0.0073011,0.00598701
Gram_error_fro,4.0,2,10,4,0.0,0.07447514,0.0535021,0.0413023,0.0356798,0.03334269,0.03252024,0.03238851,0.0325711,0.03289093,0.03326149,0.03363935,0.03400263,0.0343407
Gram_error_fro,2.0,1,10,4,0.0,0.0486894,0.03012944,0.02098818,0.01670197,0.01381972,0.01149893,0.00959086,0.00803579,0.00677235,0.0057408,0.00489074,0.004183,0.00358822
Gram_error_fro,2.0,1,10,4,0.0,0.10451922,0.05906011,0.03130557,0.01841026,0.01277313,0.01006513,0.00842274,0.00720231,0.00619998,0.00534633,0.00461151,0.00397781,0.00343172
Gram_error_fro,2.0,2,10,4,0.0,0.11354675,0.06784384,0.0423556,0.03339325,0.03113223,0.03092036,0.03128115,0.03179652,0.03233831,0.0328607,0.03334546,0.0337857,0.03418
Gram_error_fro,2.0,1,10,4,0.0,0.09407822,0.07727865,0.06277056,0.0506843,0.04044655,0.0320481,0.02536507,0.02014387,0.01609709,0.0129624,0.0105236,0.00861193,0.00709954
Gram_error_fro,0.0,1,10,2,0.0,0.0,0.0,0.0,0.0,0.0,0.0,0.0,0.0,0.0,0.0,0.0,0.0,0.0
Gram_error_fro,2.0,1,10,2,0.0,0.02493625,0.01685849,0.01141168,0.00783186,0.00543912,0.00380761,0.00267544,0.00188032,0.00131791,0.00091868,0.000635,0.00043368,0.00029128
Gram_error_fro,0.0,1,10,2,0.0,0.0,0.0,0.0,0.0,0.0,0.0,0.0,0.0,0.0,0.0,0.0,0.0,0.0
Gram_error_fro,2.0,1,10,2,0.0,0.00786708,0.00287024,0.00185701,0.001711,0.00172112,0.00176127,0.00177483,0.00174441,0.00167448,0.00157637,0.00146135,0.00133845,0.0012142
Gram_error_fro,2.0,1,10,2,0.0,0.0,0.0,0.00161465,0.0027615,0.00347101,0.00383455,0.00394989,0.00390014,0.00374687,0.00353278,0.00328667,0.00302762,0.00276808
Gram_error_fro,2.0,1,10,2,0.0,0.04204927,0.03131047,0.02556231,0.02114951,0.01748867,0.01443426,0.01189608,0.0097949,0.0080597,0.00662867,0.00544933,0.00447781,0.00367772
Gram_error_fro,2.0,1,10,2,0.0,0.0612526,0.04401854,0.03510617,0.0288675,0.02390451,0.01983425,0.01647162,0.01368776,0.01138095,0.00946805,0.00788061,0.00656225,0.00546655
Gram_error_fro,2.0,1,10,2,0.0,0.08792693,0.0455913,0.02906929,0.02025382,0.01453479,0.0105501,0.00769792,0.00563147,0.00412475,0.00302222,0.00221391,0.0016208,0.00118559
Gram_error_fro,2.0,1,10,2,0.0,0.09011314,0.06774939,0.05530324,0.04671739,0.04007812,0.03470825,0.0302514,0.02648479,0.02325947,0.02047141,0.01804499,0.01592316,0.01406141
Gram_error_fro,0.0,1,10,2,0.0,0.10872684,0.07885314,0.06177358,0.04925973,0.03952661,0.03188488,0.02585894,0.0210801,0.01726449,0.01419645,0.01171296,0.00969052,0.008035
Gram_error_fro,2.0,1,10,2,0.0,0.09010211,0.04885133,0.03455862,0.02685215,0.02166211,0.01785851,0.01495286,0.01267018,0.01083617,0.0093345,0.00808528,0.00703248,0.00613594
Gram_error_fro,0.0,1,10,4,0.0,0.0,0.0,0.0,0.0,0.0,0.0,0.0,0.0,0.0,0.0,0.0,0.0,0.0
Gram_error_fro,2.0,1,10,4,0.0,0.03763283,0.0323545,0.02547984,0.01947321,0.0147859,0.01132004,0.00882712,0.0070508,0.00577708,0.00484536,0.00414312,0.00359527,0.00315314
Gram_error_fro,2.0,1,10,4,0.0,0.01273082,0.01300765,0.01325458,0.01239846,0.01101325,0.00951728,0.00811146,0.006867,0.00579448,0.0048811,0.00410742,0.00345376,0.00290232
Gram_error_fro,2.0,1,10,4,0.0,0.01273082,0.01300765,0.01325458,0.01239846,0.01101325,0.00951728,0.00811146,0.006867,0.00579448,0.0048811,0.00410742,0.00345376,0.00290232
Gram_error_fro,0.0,1,10,4,0.0,0.12423677,0.0868626,0.05381374,0.03415411,0.02295394,0.01635154,0.0122096,0.00943179,0.0074571,0.00598807,0.00485816,0.00396826,0.00325575
Gram_error_fro,2.0,1,10,4,0.0,0.05091576,0.03055588,0.02012295,0.01429559,0.01059954,0.0080951,0.00634438,0.00509726,0.00419062,0.00351321,0.00299006,0.00257222,0.00222855
Gram_error_fro,4.0,1,10,4,0.0,0.10448632,0.08176105,0.06464841,0.05312694,0.04459709,0.03786803,0.03240898,0.02791592,0.02417703,0.02103426,0.01836816,0.01608815,0.01412503
Gram_error_fro,2.0,1,10,4,0.0,0.08948907,0.07208433,0.05473238,0.04277044,0.03450634,0.02849486,0.02390071,0.02025924,0.01729955,0.01485196,0.01280273,0.01107126,0.00959798
Gram_error_fro,4.0,1,10,4,0.0,0.08961244,0.06699752,0.05137138,0.04028404,0.03178442,0.0251644,0.02000611,0.01598214,0.01283038,0.01034725,0.00837816,0.00680686,0.00554585
Gram_error_fro,0.0,1,10,4,0.0,0.0,0.0,0.0,0.0,0.0,0.0,0.0,0.0,0.0,0.0,0.0,0.0,0.0
Gram_error_fro,2.0,1,10,4,0.0,0.07961177,0.06215614,0.04388287,0.03128523,0.02293156,0.01722757,0.0131921,0.01025642,0.00807529,0.00642662,0.0051615,0.00417746,0.00340269
Gram_error_fro,0.0,1,10,5,0.0,0.0,0.0,0.0,0.0,0.0,0.0,0.0,0.0,0.0,0.0,0.0,0.0,0.0
Gram_error_fro,2.0,1,10,5,0.0,0.06449515,0.05022662,0.03617617,0.02591459,0.01882465,0.01394374,0.01052703,0.00807501,0.0062703,0.00491351,0.00387709,0.00307643,0.00245297
Gram_error_fro,2.0,1,10,5,0.0,0.0808315,0.07349161,0.05820634,0.04439732,0.03346269,0.02515322,0.01893831,0.0143205,0.01089703,0.00835795,0.00647002,0.00505991,0.00399982
Gram_error_fro,0.0,1,10,5,0.0,0.0,0.0,0.0,0.0,0.0,0.0,0.0,0.0,0.0,0.0,0.0,0.0,0.0
Gram_error_fro,2.0,1,10,5,0.0,0.09110463,0.06787104,0.04483174,0.02904627,0.01886488,0.01242541,0.00837475,0.00581087,0.00415804,0.00306111,0.00230708,0.00177026,0.00137632
Gram_error_fro,0.0,1,10,5,0.0,0.0,0.0,0.0,0.0,0.0,0.0,0.0,0.0,0.0,0.0,0.0,0.0,0.0
Gram_error_fro,0.0,1,10,5,0.0,0.11272428,0.09576872,0.07216749,0.05392375,0.04059718,0.03080217,0.02351349,0.01804511,0.01392593,0.0108178,0.00846981,0.00669248,0.00534199
Gram_error_fro,2.0,1,10,5,0.0,0.07153987,0.04542214,0.02639943,0.01586023,0.00989423,0.00634811,0.00416968,0.00280565,0.00194007,0.00138296,0.00101738,0.00077096,0.00059926
Gram_error_fro,2.0,1,10,5,0.0,0.04769061,0.03297831,0.02271465,0.01568067,0.01082185,0.00749178,0.00523793,0.00372729,0.00271798,0.00203941,0.0015752,0.00124867,0.00101095
Gram_error_fro,2.0,1,10,5,0.0,0.04769061,0.03297831,0.02271465,0.01568067,0.01082185,0.00749178,0.00523793,0.00372729,0.00271798,0.00203941,0.0015752,0.00124867,0.00101095
Gram_error_fro,2.0,1,10,5,0.0,0.11123805,0.09852776,0.07730697,0.05877442,0.04429054,0.03342077,0.02538679,0.01946457,0.01508058,0.01180907,0.00934287,0.00746288,0.0060132
Gram_error_fro,0.0,1,10,3,0.0,0.0,0.0,0.0,0.0,0.0,0.0,0.0,0.0,0.0,0.0,0.0,0.0,0.0
Gram_error_fro,0.0,1,10,3,0.0,0.0,0.0,0.0,0.0,0.0,0.0,0.0,0.0,0.0,0.0,0.0,0.0,0.0
Gram_error_fro,2.0,1,10,3,0.0,0.0521834,0.03333648,0.02394879,0.01839871,0.01463204,0.01188461,0.00979911,0.00817597,0.00688916,0.005853,0.00500686,0.00430698,0.00372139
Gram_error_fro,0.0,1,10,3,0.0,0.0,0.0,0.0,0.0,0.0,0.0,0.0,0.0,0.0,0.0,0.0,0.0,0.0
Gram_error_fro,0.0,1,10,3,0.0,0.0,0.0,0.0,0.0,0.0,0.0,0.0,0.0,0.0,0.0,0.0,0.0,0.0
Gram_error_fro,2.0,1,10,3,0.0,0.0504374,0.03196339,0.02387725,0.01928517,0.01604863,0.0135298,0.01148397,0.00978876,0.00836882,0.00717142,0.0061569,0.00529422,0.00455853
Gram_error_fro,2.0,1,10,3,0.0,0.07371973,0.05805748,0.04359053,0.03296746,0.02523545,0.0195528,0.01532718,0.01214771,0.00972821,0.00786745,0.00642217,0.00528895,0.00439219
Gram_error_fro,2.0,1,10,3,0.0,0.07835737,0.04599624,0.03355368,0.02651727,0.02159253,0.01784934,0.01489282,0.01250669,0.01055403,0.00894038,0.00759699,0.00647207,0.00552561
Gram_error_fro,2.0,1,10,3,0.0,0.08389997,0.04144088,0.02751613,0.02086509,0.01649543,0.01328078,0.01081666,0.00889074,0.00736707,0.00615019,0.00517002,0.004374,0.00372226
Gram_error_fro,2.0,1,10,3,0.0,0.08299466,0.0430948,0.0268954,0.01879467,0.01398319,0.01089018,0.00879774,0.00731107,0.00619933,0.00532673,0.00461396,0.00401461,0.00350101
Gram_error_fro,2.0,1,10,3,0.0,0.0521834,0.03333648,0.02394879,0.01839871,0.01463204,0.01188461,0.00979911,0.00817597,0.00688916,0.005853,0.00500686,0.00430698,0.00372139
Gram_error_fro,0.0,1,10,4,0.0,0.0,0.0,0.0,0.0,0.0,0.0,0.0,0.0,0.0,0.0,0.0,0.0,0.0
Gram_error_fro,0.0,1,10,4,0.0,0.0,0.0,0.0,0.0,0.0,0.0,0.0,0.0,0.0,0.0,0.0,0.0,0.0
Gram_error_fro,2.0,1,10,4,0.0,0.05990676,0.03518511,0.01879082,0.01011049,0.0059054,0.00413069,0.00348718,0.00322158,0.00303394,0.00284265,0.00263588,0.00241921,0.00220064
Gram_error_fro,2.0,1,10,4,0.0,0.01422663,0.01204771,0.01309966,0.01317182,0.0124364,0.01133723,0.01014219,0.00898153,0.00790983,0.0069445,0.00608601,0.00532773,0.00466053
Gram_error_fro,2.0,1,10,4,0.0,0.05885781,0.05303169,0.04325091,0.03480162,0.0281645,0.02297821,0.01888175,0.0156108,0.01297549,0.01083588,0.00908659,0.00764717,0.00645573
Gram_error_fro,2.0,1,10,4,0.0,0.07641058,0.04463091,0.02659052,0.0170983,0.01178782,0.008597,0.00654719,0.00515135,0.00415404,0.00341326,0.00284533,0.00239828,0.00203848
Gram_error_fro,2.0,1,10,4,0.0,0.09506295,0.06518549,0.04569073,0.03450732,0.02702836,0.02146103,0.01715598,0.0137908,0.01114848,0.00906464,0.00741223,0.00609358,0.00503413
Gram_error_fro,4.0,1,10,4,0.0,0.09527594,0.06780959,0.04787699,0.03515428,0.02659212,0.02049109,0.01598681,0.01259498,0.01001054,0.00802467,0.00648751,0.00528885,0.00434678
Gram_error_fro,4.0,1,10,4,0.0,0.09295194,0.0638489,0.04416823,0.0323012,0.02460155,0.01921264,0.01524889,0.01224436,0.00992214,0.00810177,0.00665862,0.00550351,0.00457111
Gram_error_fro,2.0,1,10,4,0.0,0.05365045,0.03359845,0.02409035,0.01821166,0.01395713,0.01076341,0.00836209,0.00656262,0.0052143,0.00419864,0.00342525,0.0028274,0.00235715
Gram_error_fro,2.0,1,10,4,0.0,0.07258975,0.0574599,0.04512362,0.03579885,0.02853667,0.02280871,0.01827285,0.01467429,0.01181442,0.00953715,0.00771988,0.00626635,0.00510101
Gram_error_fro,0.0,1,10,3,0.0,0.0,0.0,0.0,0.0,0.0,0.0,0.0,0.0,0.0,0.0,0.0,0.0,0.0
Gram_error_fro,2.0,1,10,3,0.0,0.05963585,0.04259882,0.03157187,0.0242255,0.01910356,0.01536742,0.01254122,0.01034381,0.00859932,0.00719207,0.00604285,0.00509546,0.00430873
Gram_error_fro,0.0,1,10,3,0.0,0.0,0.0,0.0,0.0,0.0,0.0,0.0,0.0,0.0,0.0,0.0,0.0,0.0
Gram_error_fro,0.0,1,10,3,0.0,0.04100641,0.02203868,0.01664647,0.01387514,0.01175611,0.01000687,0.00854113,0.00730451,0.00625587,0.00536314,0.00460098,0.00394897,0.0033904
Gram_error_fro,2.0,1,10,3,0.0,0.07612862,0.0488982,0.03473003,0.02606823,0.0199994,0.01554648,0.01221621,0.00969286,0.00775863,0.00625979,0.00508652,0.00415949,0.00342078
Gram_error_fro,2.0,1,10,3,0.0,0.04917997,0.01997267,0.0091788,0.00543813,0.00412126,0.00354489,0.003157,0.0028168,0.00249733,0.00219761,0.00192084,0.00166948,0.00144447
Gram_error_fro,2.0,1,10,3,0.0,0.03595787,0.02562078,0.02101019,0.01805548,0.01577398,0.01390523,0.01233607,0.0109904,0.00981523,0.00877544,0.00784803,0.00701735,0.00627194
Gram_error_fro,4.0,1,10,3,0.0,0.08776343,0.05413303,0.03709221,0.0280887,0.02237353,0.01828436,0.01517045,0.01271736,0.01074361,0.00913168,0.00780005,0.00668975,0.00575688
Gram_error_fro,2.0,2,10,3,0.0,0.08297838,0.05806107,0.04366756,0.03564736,0.03098898,0.02834227,0.02695431,0.02633801,0.02617373,0.02625968,0.02647376,0.02674452,0.0270314
Gram_error_fro,2.0,2,10,3,0.0,0.05809559,0.03735461,0.02901922,0.02599388,0.02492465,0.02465638,0.02476022,0.02504598,0.02541556,0.02581427,0.02621111,0.02658887,0.02693866
Gram_error_fro,0.0,1,10,3,0.0,0.0,0.0,0.0,0.0,0.0,0.0,0.0,0.0,0.0,0.0,0.0,0.0,0.0
Gram_error_fro,0.0,1,10,4,0.0,0.0,0.0,0.0,0.0,0.0,0.0,0.0,0.0,0.0,0.0,0.0,0.0,0.0
Gram_error_fro,2.0,1,10,4,0.0,0.07751801,0.05741074,0.04387464,0.03514596,0.0287959,0.02384546,0.01986443,0.01661501,0.01393997,0.01172487,0.00988241,0.00834437,0.0070566
Gram_error_fro,2.0,1,10,4,0.0,0.06940487,0.04931543,0.03682576,0.02923365,0.02401799,0.02009473,0.01698169,0.01443434,0.01231127,0.01052163,0.00900231,0.0077068,0.00659922
Gram_error_fro,2.0,1,10,4,0.0,0.05211874,0.04791936,0.04232096,0.03800547,0.03445903,0.03137959,0.02863839,0.02616534,0.02391576,0.02185966,0.01997592,0.01824854,0.01666442
Gram_error_fro,2.0,1,10,4,0.0,0.07361387,0.05837405,0.04678766,0.03983457,0.03505391,0.03132471,0.02819784,0.02547639,0.02306202,0.02089848,0.01894921,0.01718769,0.01559303
Gram_error_fro,2.0,2,10,4,0.0,0.06056842,0.04719504,0.03865503,0.03410312,0.03169277,0.03055191,0.03019763,0.03031674,0.03070123,0.03121725,0.03178209,0.03234687,0.03288422
Gram_error_fro,4.0,1,10,4,0.0,0.08095298,0.06566794,0.04934629,0.03798927,0.03009897,0.02434252,0.01996487,0.0165382,0.0138007,0.01158023,0.00975777,0.0082481,0.00698856
Gram_error_fro,4.0,1,10,4,0.0,0.08726733,0.0573086,0.03847108,0.02835922,0.02313775,0.02017288,0.0181374,0.01648768,0.01502561,0.01368377,0.01244033,0.01128816,0.01022403
Gram_error_fro,2.0,1,10,4,0.0,0.05211874,0.04791936,0.04232096,0.03800547,0.03445903,0.03137959,0.02863839,0.02616534,0.02391576,0.02185966,0.01997592,0.01824854,0.01666442
Gram_error_fro,2.0,1,10,4,0.0,0.09279183,0.05677393,0.03910512,0.02958441,0.02339855,0.0189376,0.01555895,0.01292996,0.01084452,0.00916345,0.00778915,0.00665182,0.00570082
Gram_error_fro,2.0,1,10,4,0.0,0.06191409,0.03516674,0.02418323,0.01840918,0.01462089,0.01185303,0.00972679,0.00804833,0.00670001,0.00560333,0.00470297,0.00395849,0.00333949
Gram_error_fro,0.0,1,10,1,0.0,0.0,0.0,0.0,0.0,0.0,0.0,0.0,0.0,0.0,0.0,0.0,0.0,0.0
Gram_error_fro,0.0,1,10,1,0.0,0.0,0.0,0.0,0.0,0.0,0.0,0.0,0.0,0.0,0.0,0.0,0.0,0.0
Gram_error_fro,2.0,1,10,1,0.0,0.0021353,0.00038797,4.516e-05,6.828e-05,0.0001178,0.00014302,0.00015592,0.0001613,0.00016167,0.00015861,0.00015322,0.00014627,0.00013834
Gram_error_fro,2.0,1,10,1,0.0,0.04239276,0.02508469,0.01923154,0.01585427,0.01340257,0.01145575,0.00984489,0.00848505,0.00732543,0.00633118,0.00547606,0.00473918,0.00410332
Gram_error_fro,2.0,1,10,1,0.0,0.0309486,0.02131654,0.01606543,0.01270888,0.01033428,0.00853374,0.00710505,0.00594236,0.00498351,0.0041871,0.00352283,0.00296722,0.00250153
Gram_error_fro,2.0,1,10,1,0.0,0.00151345,0.00031752,0.00017951,0.00016606,0.00016345,0.00015723,0.00014812,0.0001378,0.00012727,0.000117,0.00010721,9.8e-05,8.941e-05
Gram_error_fro,2.0,1,10,1,0.0,0.05447468,0.02922363,0.02242506,0.01905729,0.01664071,0.01463351,0.01288792,0.01135132,0.00999533,0.00879878,0.0077435,0.00681336,0.00599392
Gram_error_fro,2.0,1,10,1,0.0,0.00151345,0.00031752,0.00015685,0.00012528,0.00011095,9.785e-05,8.519e-05,7.361e-05,6.34e-05,5.456e-05,4.697e-05,4.046e-05,3.489e-05
Gram_error_fro,2.0,1,10,1,0.0,0.04983544,0.0278733,0.02204166,0.01908327,0.01686901,0.01496703,0.01327552,0.01176321,0.01041292,0.00921007,0.00814075,0.00719172,0.00635052
Gram_error_fro,2.0,1,10,1,0.0,0.05447468,0.02922363,0.02242506,0.01905729,0.01664071,0.01463351,0.01288792,0.01135132,0.00999533,0.00879878,0.0077435,0.00681336,0.00599392
Gram_error_fro,4.0,1,10,1,0.0,0.097677,0.06549998,0.05195263,0.04282086,0.03560584,0.02969821,0.02482175,0.0207872,0.01744392,0.01466817,0.01235835,0.01043145,0.0088199
Gram_error_fro,0.0,1,10,5,0.0,0.0,0.0,0.0,0.0,0.0,0.0,0.0,0.0,0.0,0.0,0.0,0.0,0.0
Gram_error_fro,2.0,1,10,5,0.0,0.06218726,0.0499546,0.03801824,0.0299462,0.02443973,0.0204517,0.01739398,0.01494861,0.01293663,0.01124986,0.0098178,0.00859125,0.00753402
Gram_error_fro,2.0,1,10,5,0.0,0.08216368,0.06853615,0.05479186,0.04333576,0.03401541,0.0265772,0.02074173,0.01622401,0.01275681,0.01010658,0.00807996,0.00652317,0.00531767
Gram_error_fro,2.0,1,10,5,0.0,0.06541957,0.03628123,0.02074414,0.01315692,0.0091188,0.00672809,0.00516854,0.00406875,0.00324832,0.00261368,0.00211231,0.00171175,0.00138999
Gram_error_fro,2.0,1,10,5,0.0,0.04828591,0.03052882,0.01848957,0.01144647,0.00749924,0.00527682,0.003961,0.0031138,0.00251849,0.00207136,0.0017212,0.00144035,0.00121191
Gram_error_fro,2.0,1,10,5,0.0,0.11756143,0.09775889,0.07279181,0.05401857,0.04059908,0.0309636,0.02395023,0.01877184,0.01489732,0.01196331,0.00971676,0.00797832,0.00661898
Gram_error_fro,2.0,1,10,5,0.0,0.13114979,0.10683858,0.08152287,0.06171802,0.04678569,0.03562369,0.02729418,0.02107384,0.01641857,0.01292188,0.01028103,0.0082714,0.00672717
Gram_error_fro,2.0,1,10,5,0.0,0.06218726,0.0499546,0.03801824,0.0299462,0.02443973,0.0204517,0.01739398,0.01494861,0.01293663,0.01124986,0.0098178,0.00859125,0.00753402
Gram_error_fro,4.0,1,10,5,0.0,0.1155348,0.09196964,0.07094308,0.05456213,0.04198433,0.03237194,0.02504948,0.01948953,0.01527808,0.01208951,0.00966955,0.00782226,0.00639913
Gram_error_fro,4.0,1,10,5,0.0,0.0790171,0.054687,0.03492224,0.02281372,0.01576882,0.01151282,0.00874114,0.00680323,0.00537938,0.00430107,0.00346939,0.0028202,0.00230886
Gram_error_fro,2.0,1,10,5,0.0,0.11273603,0.08866396,0.06948436,0.05418825,0.04197559,0.03239179,0.02499243,0.01934971,0.01508198,0.01186784,0.00944739,0.00761687,0.00622051
Gram_error_fro,0.0,1,10,6,0.0,0.0,0.0,0.0,0.0,0.0,0.0,0.0,0.0,0.0,0.0,0.0,0.0,0.0
Gram_error_fro,0.0,1,10,6,0.0,0.08035308,0.0788564,0.06799356,0.05556251,0.04400856,0.03418006,0.02621014,0.01992863,0.01506529,0.01134324,0.00851654,0.00638112,0.00477388
Gram_error_fro,2.0,1,10,6,0.0,0.0794677,0.07493212,0.0643272,0.05306808,0.04279234,0.03403777,0.02684338,0.02105034,0.01644273,0.01280702,0.00995384,0.00772364,0.00598557
Gram_error_fro,2.0,1,10,6,0.0,0.09736899,0.08835675,0.0721026,0.0569227,0.04412298,0.03381333,0.02572244,0.01947171,0.01468997,0.01105542,0.00830488,0.00622977,0.00466781
Gram_error_fro,2.0,1,10,6,0.0,0.0794677,0.07493212,0.0643272,0.05306808,0.04279234,0.03403777,0.02684338,0.02105034,0.01644273,0.01280702,0.00995384,0.00772364,0.00598557
Gram_error_fro,2.0,1,10,6,0.0,0.08745557,0.07808946,0.06534594,0.05336553,0.04286109,0.0340397,0.02682994,0.02103659,0.01643212,0.01279957,0.00994884,0.00772034,0.00598341
Gram_error_fro,2.0,1,10,6,0.0,0.09428184,0.06069463,0.03702526,0.02280973,0.0142869,0.00907125,0.00581099,0.00374069,0.00241314,0.0015575,0.00100488,0.00064787,0.00041741
Gram_error_fro,2.0,1,10,6,0.0,0.12584964,0.10449959,0.07960334,0.05995874,0.04509823,0.03392494,0.02552522,0.01920518,0.01444624,0.01086137,0.00816092,0.0061274,0.00459702
Gram_error_fro,2.0,1,10,6,0.0,0.13491627,0.12086322,0.09477982,0.07254762,0.05522754,0.04195282,0.0318164,0.02409135,0.01821518,0.01375401,0.01037336,0.00781583,0.00588388
Gram_error_fro,0.0,1,10,6,0.0,0.08035308,0.0788564,0.06799356,0.05556251,0.04400856,0.03418006,0.02621014,0.01992863,0.01506529,0.01134324,0.00851654,0.00638112,0.00477388
Gram_error_fro,0.0,1,10,6,0.0,0.06400898,0.04637201,0.03245531,0.02244247,0.01529445,0.01027845,0.0068254,0.00448856,0.0029291,0.00189989,0.00122649,0.00078885,0.00050592
Gram_error_fro,0.0,1,10,2,0.0,0.0,0.0,0.0,0.0,0.0,0.0,0.0,0.0,0.0,0.0,0.0,0.0,0.0
Gram_error_fro,2.0,1,10,2,0.0,0.06767754,0.06465827,0.06236041,0.05951699,0.05621824,0.05267869,0.04905906,0.04546945,0.04198377,0.03864971,0.03549592,0.03253736,0.02977934
Gram_error_fro,2.0,1,10,2,0.0,0.05622653,0.04243004,0.03216128,0.0241119,0.01786194,0.01315904,0.00970922,0.00723484,0.00550567,0.0043371,0.00357686,0.00309565,0.00278811
Gram_error_fro,2.0,1,10,2,0.0,0.09660819,0.04273673,0.02152241,0.01457422,0.01152906,0.00951407,0.00791355,0.00658369,0.00547251,0.00454675,0.00377816,0.00314158,0.00261492
Gram_error_fro,2.0,1,10,2,0.0,0.06767754,0.06465827,0.06236041,0.05951699,0.05621824,0.05267869,0.04905906,0.04546945,0.04198377,0.03864971,0.03549592,0.03253736,0.02977934
Gram_error_fro,0.0,1,10,2,0.0,0.08320029,0.05682053,0.0425234,0.03302882,0.02597228,0.02057707,0.01641493,0.01318188,0.01065163,0.00865573,0.00706909,0.00579859,0.00477446
Gram_error_fro,2.0,1,10,2,0.0,0.05663307,0.05135306,0.04541471,0.03945983,0.03393713,0.02903817,0.02478833,0.0211401,0.01802253,0.01536287,0.01309468,0.01116003,0.00950935
Gram_error_fro,0.0,1,10,2,0.0,0.05816559,0.04746662,0.04003935,0.03377778,0.02830941,0.02361759,0.01965986,0.01635464,0.01360811,0.01133045,0.00944235,0.00787637,0.00657632
Gram_error_fro,2.0,1,10,2,0.0,0.01007034,0.00592708,0.00362326,0.00242828,0.00179992,0.0014305,0.00117443,0.00097482,0.00081101,0.00067452,0.00056062,0.00046574,0.0003869
Gram_error_fro,4.0,1,10,2,0.0,0.03462748,0.02880245,0.02338811,0.01891326,0.01523843,0.01226427,0.00987091,0.00794569,0.0063946,0.00514246,0.00412986,0.00330988,0.00264538
Gram_error_fro,4.0,1,10,2,0.0,0.14311071,0.08373561,0.06221609,0.05550676,0.05138317,0.04761727,0.04396448,0.04044368,0.03709121,0.03393213,0.03097967,0.02823788,0.02570429
Gram_error_fro,0.0,1,10,2,0.0,0.0,0.0,0.0,0.0,0.0,0.0,0.0,0.0,0.0,0.0,0.0,0.0,0.0
Gram_error_fro,2.0,1,10,2,0.0,0.03313697,0.02367016,0.01561445,0.01002043,0.00622,0.0036647,0.00196642,0.00085754,0.00021593,0.0003959,0.0006575,0.00081216,0.00088865
Gram_error_fro,0.0,1,10,2,0.0,0.0,0.0,0.0,0.0,0.0,0.0,0.0,0.0,0.0,0.0,0.0,0.0,0.0
Gram_error_fro,0.0,1,10,2,0.0,0.0,0.0,0.0,0.0,0.0,0.0,0.0,0.0,0.0,0.0,0.0,0.0,0.0
Gram_error_fro,2.0,1,10,2,0.0,0.02672855,0.01843885,0.01465762,0.01257858,0.01085635,0.00932256,0.00798434,0.00683627,0.00585768,0.00502394,0.00431208,0.00370254,0.00317924
Gram_error_fro,2.0,1,10,2,0.0,0.02672855,0.01843885,0.01465762,0.01257858,0.01085635,0.00932256,0.00798434,0.00683627,0.00585768,0.00502394,0.00431208,0.00370254,0.00317924
Gram_error_fro,4.0,1,10,2,0.0,0.03325425,0.02370094,0.01590512,0.01049322,0.00675463,0.00417058,0.00239437,0.00119098,0.00043109,0.00034343,0.00062601,0.00082672,0.00094211
Gram_error_fro,2.0,1,10,2,0.0,0.01417474,0.01084428,0.00772958,0.00562278,0.00417455,0.00313576,0.00236842,0.00179143,0.00135294,0.00101777,0.00076132,0.00056608,0.00041957
Gram_error_fro,0.0,1,10,2,0.0,0.0,0.0,0.0,0.0,0.0,0.0,0.0,0.0,0.0,0.0,0.0,0.0,0.0
Gram_error_fro,0.0,1,10,2,0.0,0.0,0.0,0.0,0.0,0.0,0.0,0.0,0.0,0.0,0.0,0.0,0.0,0.0
Gram_error_fro,4.0,1,10,2,0.0,0.08749268,0.07627573,0.06316325,0.05119335,0.0411581,0.03307864,0.02667001,0.02159785,0.01756913,0.01435057,0.01176298,0.00967015,0.00796847
Gram_error_fro,0.0,1,10,5,0.0,0.0,0.0,0.0,0.0,0.0,0.0,0.0,0.0,0.0,0.0,0.0,0.0,0.0
Gram_error_fro,2.0,1,10,5,0.0,0.06002462,0.04181543,0.02722464,0.01784812,0.0119646,0.00826078,0.00588522,0.00431427,0.00323732,0.00247325,0.00191563,0.00149994,0.0011852
Gram_error_fro,2.0,1,10,5,0.0,0.07114484,0.06453996,0.0540536,0.04352549,0.03415394,0.02640303,0.02027128,0.0155465,0.01195953,0.00925591,0.00722164,0.00568734,0.00452354
Gram_error_fro,2.0,1,10,5,0.0,0.04828591,0.03052882,0.01848957,0.01144647,0.00749924,0.00527682,0.003961,0.0031138,0.00251849,0.00207136,0.0017212,0.00144035,0.00121191
Gram_error_fro,2.0,1,10,5,0.0,0.09973477,0.07897415,0.05789767,0.04197679,0.0304053,0.02210407,0.01616611,0.01190998,0.00884744,0.00663422,0.00502768,0.00385594,0.00299638
Gram_error_fro,2.0,1,10,5,0.0,0.08009977,0.066528,0.0521614,0.04093974,0.03220515,0.02538809,0.02007709,0.01595112,0.01275139,0.01026962,0.00834034,0.006834,0.00565046
Gram_error_fro,2.0,1,10,5,0.0,0.10969348,0.08818879,0.0715358,0.05896614,0.04853992,0.03981851,0.03262767,0.02678035,0.02206713,0.01828242,0.01524232,0.01279185,0.01080535
Gram_error_fro,2.0,1,10,5,0.0,0.1142389,0.09509563,0.07165313,0.05325858,0.03960887,0.02960389,0.02228573,0.01692167,0.01297225,0.01004629,0.00786192,0.00621654,0.00496467
Gram_error_fro,2.0,1,10,5,0.0,0.10683733,0.10106035,0.08233305,0.06450138,0.04996357,0.03866565,0.03003677,0.0234823,0.01850289,0.01470757,0.01179887,0.00955351,0.0078052
Gram_error_fro,0.0,1,10,5,0.0,0.0931224,0.08416646,0.06823946,0.0536376,0.04152742,0.03189979,0.02442469,0.01870676,0.01437571,0.0111152,0.00866755,0.00682913,0.00544269
Gram_error_fro,4.0,1,10,5,0.0,0.10777354,0.08732485,0.06691406,0.05182879,0.0408494,0.03270419,0.0265456,0.02181947,0.01814548,0.01525168,0.01294,0.01106598,0.00952461
Gram_error_fro,0.0,1,10,2,0.0,0.0,0.0,0.0,0.0,0.0,0.0,0.0,0.0,0.0,0.0,0.0,0.0,0.0
Gram_error_fro,2.0,1,10,2,0.0,0.05881992,0.02076883,0.00875693,0.00495089,0.00339982,0.00251977,0.00192012,0.0014818,0.00115263,0.00090232,0.00071049,0.00056254,0.00044774
Gram_error_fro,2.0,1,10,2,0.0,0.01767746,0.00770346,0.00404583,0.00261376,0.00182074,0.00131379,0.00097532,0.00073999,0.00056974,0.00044265,0.00034571,0.0002707,0.00021216
Gram_error_fro,0.0,1,10,2,0.0,0.0,0.0,0.0,0.0,0.0,0.0,0.0,0.0,0.0,0.0,0.0,0.0,0.0
Gram_error_fro,2.0,1,10,2,0.0,0.07702365,0.04404346,0.03239775,0.02730554,0.02391429,0.02110645,0.01862923,0.01641654,0.01444128,0.01268354,0.0111244,0.00974529,0.00852833
Gram_error_fro,0.0,1,10,2,0.0,0.0,0.0,0.0,0.0,0.0,0.0,0.0,0.0,0.0,0.0,0.0,0.0,0.0
Gram_error_fro,4.0,1,10,2,0.0,0.05083489,0.03445069,0.02631295,0.02088677,0.01683665,0.01367723,0.01115822,0.00912661,0.00747767,0.00613417,0.00503669,0.00413847,0.00340226
Gram_error_fro,0.0,1,10,2,0.0,0.0,0.0,0.0,0.0,0.0,0.0,0.0,0.0,0.0,0.0,0.0,0.0,0.0
Gram_error_fro,2.0,1,10,2,0.0,0.01335319,0.01243438,0.01001218,0.00760505,0.00575565,0.00436252,0.00331284,0.00252012,0.00191976,0.00146386,0.0011169,0.00085244,0.00065064
Gram_error_fro,4.0,1,10,2,0.0,0.06061043,0.02138553,0.00860732,0.00442097,0.00250901,0.00135297,0.00065221,0.0004387,0.00057724,0.00072265,0.00080662,0.00083732,0.00082997
Gram_error_fro,2.0,1,10,2,0.0,0.01335319,0.01243438,0.01001218,0.00760505,0.00575565,0.00436252,0.00331284,0.00252012,0.00191976,0.00146386,0.0011169,0.00085244,0.00065064
Gram_error_fro,0.0,1,10,4,0.0,0.0,0.0,0.0,0.0,0.0,0.0,0.0,0.0,0.0,0.0,0.0,0.0,0.0
Gram_error_fro,2.0,1,10,4,0.0,0.08464675,0.06605383,0.05157932,0.04129223,0.03345418,0.02733808,0.0225452,0.01877852,0.01579899,0.01341776,0.0114904,0.00990912,0.00859458
Gram_error_fro,2.0,1,10,4,0.0,0.06316611,0.04812023,0.03504507,0.02608237,0.019989,0.01568711,0.0125222,0.01011669,0.00824492,0.00676368,0.0055768,0.00461669,0.00383426
Gram_error_fro,2.0,1,10,4,0.0,0.07915007,0.06943781,0.05785452,0.047503,0.03852634,0.03099357,0.02485487,0.01995234,0.0160814,0.0130381,0.01064308,0.00874925,0.00724097
Gram_error_fro,2.0,1,10,4,0.0,0.0550224,0.04827677,0.0389205,0.03216202,0.02717839,0.02325856,0.02006618,0.01742063,0.01520096,0.01331784,0.01170415,0.01030955,0.00909607
Gram_error_fro,2.0,1,10,4,0.0,0.0975119,0.06356471,0.03837535,0.02491708,0.01806081,0.01423723,0.01175354,0.00992916,0.00849181,0.00731729,0.00633733,0.0055083,0.00479979
Gram_error_fro,2.0,1,10,4,0.0,0.07850615,0.06177176,0.04499173,0.03431592,0.02739261,0.02251722,0.01884822,0.01596604,0.01363815,0.01172128,0.01012012,0.00876801,0.00761651
Gram_error_fro,2.0,1,10,4,0.0,0.04245872,0.02911839,0.02285422,0.01942015,0.01697224,0.01496794,0.01323221,0.01169827,0.01033467,0.00912189,0.00804462,0.00708919,0.00624298
Gram_error_fro,4.0,1,10,4,0.0,0.09947813,0.06733189,0.04964862,0.03935443,0.03215356,0.02655657,0.02203733,0.01834871,0.01532767,0.01284699,0.01080352,0.00911395,0.00771143
Gram_error_fro,2.0,1,10,4,0.0,0.07850615,0.06177176,0.04499173,0.03431592,0.02739261,0.02251722,0.01884822,0.01596604,0.01363815,0.01172128,0.01012012,0.00876801,0.00761651
Gram_error_fro,4.0,2,10,4,0.0,0.11164806,0.07543805,0.0527447,0.043059,0.03950473,0.03818691,0.03762763,0.03734088,0.03716681,0.03704862,0.03696337,0.03690021,0.0368531
Gram_error_fro,0.0,1,10,5,0.0,0.0,0.0,0.0,0.0,0.0,0.0,0.0,0.0,0.0,0.0,0.0,0.0,0.0
Gram_error_fro,2.0,1,10,5,0.0,0.08365571,0.07109741,0.0573054,0.04494396,0.03466715,0.02653304,0.02028183,0.01555576,0.01201023,0.00935501,0.00736136,0.00585554,0.00470842
Gram_error_fro,2.0,1,10,5,0.0,0.0767107,0.05923127,0.04659991,0.04032181,0.03600718,0.03215442,0.02853136,0.02517749,0.0221412,0.01943848,0.01705909,0.01497811,0.01316437
Gram_error_fro,2.0,1,10,5,0.0,0.09214107,0.07464659,0.05650234,0.04283964,0.03262197,0.02495031,0.01918711,0.01485611,0.01159521,0.00913025,0.00725564,0.00581866,0.0047068
Gram_error_fro,2.0,1,10,5,0.0,0.06062708,0.04574212,0.0349119,0.02793373,0.02313826,0.01954673,0.01667739,0.01429626,0.01228064,0.01055767,0.0090781,0.00780508,0.00670907
Gram_error_fro,2.0,1,10,5,0.0,0.09409301,0.07937859,0.06213939,0.04720916,0.03533914,0.02633949,0.01968131,0.01480906,0.01125391,0.00865387,0.00674106,0.00532139,0.00425587
Gram_error_fro,2.0,1,10,5,0.0,0.10303489,0.07787785,0.0556275,0.04129621,0.03156016,0.02450258,0.01921323,0.01519236,0.01211345,0.0097414,0.007901,0.00646101,0.00532347
Gram_error_fro,4.0,1,10,5,0.0,0.13468887,0.1089887,0.08245461,0.06308883,0.04908827,0.03874705,0.03094907,0.02497055,0.02032594,0.01667816,0.01378654,0.01147528,0.00961369
Gram_error_fro,2.0,1,10,5,0.0,0.12222901,0.09266374,0.06322742,0.04350751,0.03099154,0.02304408,0.01788912,0.01440868,0.01192643,0.01005056,0.0085614,0.00733673,0.00630676
Gram_error_fro,4.0,1,10,5,0.0,0.10873469,0.08660779,0.06497234,0.04843555,0.03622651,0.02732738,0.02086772,0.01616779,0.0127217,0.01016477,0.00823934,0.00676543,0.00561784
Gram_error_fro,2.0,1,10,5,0.0,0.10430521,0.08141579,0.06132354,0.04617878,0.0347437,0.02620158,0.01989164,0.01525801,0.01185496,0.009342,0.0074679,0.00605164,0.00496471
Gram_error_fro,0.0,1,10,2,0.0,0.0,0.0,0.0,0.0,0.0,0.0,0.0,0.0,0.0,0.0,0.0,0.0,0.0
Gram_error_fro,2.0,1,10,2,0.0,0.07807567,0.0415034,0.02654959,0.01865845,0.01359743,0.01006423,0.00750897,0.00562922,0.00423234,0.00318704,0.00240091,0.00180762,0.00135888
Gram_error_fro,0.0,1,10,2,0.0,0.01665161,0.01758426,0.01707549,0.01526776,0.01313061,0.01108058,0.00926411,0.00770951,0.00640032,0.00530635,0.00439575,0.00363929,0.00301158
Gram_error_fro,2.0,1,10,2,0.0,0.04601532,0.03370895,0.02718609,0.02243793,0.01859757,0.01541948,0.01278269,0.01059708,0.0087866,0.00728673,0.00604351,0.00501239,0.00415671
Gram_error_fro,2.0,1,10,2,0.0,0.09664409,0.08710408,0.07737055,0.06814059,0.05964238,0.05204884,0.0453747,0.03955487,0.03449791,0.03010956,0.02630176,0.02299572,0.0201225
Gram_error_fro,2.0,1,10,2,0.0,0.03469542,0.01755724,0.01185675,0.00925891,0.0076271,0.00639175,0.00538456,0.00454263,0.00383326,0.00323433,0.00272858,0.00230175,0.00194176
Gram_error_fro,2.0,1,10,2,0.0,0.09158615,0.04931094,0.03610704,0.02882751,0.02334048,0.01896412,0.01545069,0.01262535,0.01034703,0.00850284,0.00700389,0.00578069,0.00477893
Gram_error_fro,0.0,1,10,2,0.0,0.0,0.0,0.0,0.0,0.0,0.0,0.0,0.0,0.0,0.0,0.0,0.0,0.0
Gram_error_fro,4.0,1,10,2,0.0,0.14957037,0.14165645,0.13311097,0.1233164,0.11327672,0.10353329,0.09433855,0.08580052,0.07795171,0.07078347,0.06426476,0.05835307,0.05300099
Gram_error_fro,2.0,1,10,2,0.0,0.08972042,0.08899093,0.08235223,0.07442279,0.06650406,0.05910269,0.05238042,0.0463578,0.04100039,0.03625359,0.03205718,0.02835172,0.02508144
Gram_error_fro,2.0,1,10,2,0.0,0.01665161,0.01758426,0.01861817,0.01818281,0.01696988,0.01543259,0.01381864,0.01225189,0.01079037,0.00945795,0.00826066,0.00719521,0.00625359
Gram_error_fro,0.0,1,10,4,0.0,0.0,0.0,0.0,0.0,0.0,0.0,0.0,0.0,0.0,0.0,0.0,0.0,0.0
Gram_error_fro,2.0,1,10,4,0.0,0.08146558,0.06040614,0.04310438,0.03156213,0.02372528,0.01819632,0.014159,0.0111321,0.00881864,0.00702587,0.00562277,0.00451676,0.00364033
Gram_error_fro,2.0,1,10,4,0.0,0.01345902,0.013994,0.01532785,0.0146123,0.01324479,0.01178459,0.0103991,0.00913717,0.00800962,0.00701263,0.00613627,0.00536842,0.00469673
Gram_error_fro,0.0,1,10,4,0.0,0.0,0.0,0.0,0.0,0.0,0.0,0.0,0.0,0.0,0.0,0.0,0.0,0.0
Gram_error_fro,2.0,1,10,4,0.0,0.07679384,0.06616484,0.05016852,0.03721014,0.02772662,0.02094842,0.01610802,0.01262585,0.01009156,0.00821908,0.00680979,0.00572629,0.00487399
Gram_error_fro,2.0,1,10,4,0.0,0.0594408,0.03503104,0.02376472,0.0179404,0.01410237,0.01132016,0.00922712,0.00760994,0.00632966,0.00529509,0.00444603,0.00374175,0.00315353
Gram_error_fro,2.0,1,10,4,0.0,0.10714293,0.09821006,0.07874359,0.06088275,0.04689667,0.03642564,0.02865685,0.0228663,0.01850416,0.0151728,0.01258952,0.01055435,0.00892586
Gram_error_fro,4.0,1,10,4,0.0,0.05337172,0.03889445,0.03298466,0.02852894,0.02465829,0.02131336,0.018443,0.01598182,0.01386751,0.01204648,0.01047405,0.00911319,0.00793317
Gram_error_fro,2.0,1,10,4,0.0,0.0674079,0.05701514,0.04563657,0.03661668,0.0297434,0.02445552,0.02031212,0.0170102,0.01434146,0.0121585,0.01035412,0.00884892,0.00758329
Gram_error_fro,2.0,1,10,4,0.0,0.05270736,0.03348369,0.02341241,0.01739742,0.01340622,0.0106215,0.00860399,0.00709081,0.00591927,0.00498684,0.00422787,0.0035994,0.00307252
Gram_error_fro,4.0,1,10,4,0.0,0.0743077,0.05819419,0.04600753,0.03773976,0.03166696,0.02692799,0.02309282,0.01991751,0.01724737,0.01497678,0.01303019,0.01135152,0.00989783
Gram_error_fro,0.0,1,10,2,0.0,0.0,0.0,0.0,0.0,0.0,0.0,0.0,0.0,0.0,0.0,0.0,0.0,0.0
Gram_error_fro,2.0,1,10,2,0.0,0.06279812,0.04530094,0.03572466,0.02970295,0.02490935,0.02095264,0.01769464,0.01500571,0.0127711,0.01089971,0.00932196,0.00798471,0.00684676
Gram_error_fro,0.0,1,10,2,0.0,0.0,0.0,0.0,0.0,0.0,0.0,0.0,0.0,0.0,0.0,0.0,0.0,0.0
Gram_error_fro,2.0,1,10,2,0.0,0.04002513,0.02760588,0.01938632,0.01493729,0.01201115,0.00974565,0.00791565,0.00643784,0.00525043,0.00429791,0.00353234,0.00291454,0.00241342
Gram_error_fro,2.0,1,10,2,0.0,0.05087731,0.03825642,0.03178604,0.02752993,0.02386373,0.02062681,0.01780992,0.01537928,0.01328711,0.01148588,0.00993343,0.00859374,0.00743639
Gram_error_fro,2.0,1,10,2,0.0,0.04002513,0.02760588,0.01938632,0.01493729,0.01201115,0.00974565,0.00791565,0.00643784,0.00525043,0.00429791,0.00353234,0.00291454,0.00241342
Gram_error_fro,2.0,1,10,2,0.0,0.03452895,0.02259376,0.01773611,0.01400462,0.010946,0.00853386,0.00666677,0.00522815,0.00411806,0.00325834,0.00258971,0.00206751,0.00165803
Gram_error_fro,4.0,1,10,2,0.0,0.09882424,0.06158698,0.04421185,0.03506812,0.02921829,0.02503351,0.02181218,0.01919459,0.01698444,0.01507115,0.01338978,0.01189969,0.01057326
Gram_error_fro,2.0,1,10,2,0.0,0.01650742,0.01117867,0.00807021,0.00649961,0.00570359,0.00522535,0.00485304,0.00450693,0.00416431,0.00382351,0.0034891,0.00316644,0.00285983
Gram_error_fro,2.0,1,10,2,0.0,0.07940952,0.03826469,0.02447498,0.01830441,0.01439479,0.0115392,0.00934995,0.00763635,0.0062775,0.00518853,0.00430767,0.00358929,0.00299926
Gram_error_fro,0.0,1,10,2,0.0,0.0,0.0,0.0,0.0,0.0,0.0,0.0,0.0,0.0,0.0,0.0,0.0,0.0
Gram_error_fro,0.0,1,10,2,0.0,0.0,0.0,0.0,0.0,0.0,0.0,0.0,0.0,0.0,0.0,0.0,0.0,0.0
Gram_error_fro,2.0,1,10,2,0.0,0.01476561,0.01092511,0.00742876,0.00475855,0.0029096,0.0017241,0.00102948,0.00069243,0.00058318,0.00056445,0.00055812,0.000542,0.00051471
Gram_error_fro,2.0,1,10,2,0.0,0.0,0.0,0.00159337,0.00244526,0.00278817,0.00286267,0.00279012,0.00263654,0.00244161,0.00222986,0.0020163,0.00180977,0.00161518
Gram_error_fro,2.0,1,10,2,0.0,0.07149137,0.06456633,0.05302646,0.04318769,0.03527741,0.02897752,0.02394941,0.01990753,0.01662892,0.01394509,0.01172995,0.00988885,0.00834996
Gram_error_fro,2.0,1,10,2,0.0,0.01476561,0.01092511,0.00742876,0.00475855,0.0029096,0.0017241,0.00102948,0.00069243,0.00058318,0.00056445,0.00055812,0.000542,0.00051471
Gram_error_fro,2.0,1,10,2,0.0,0.07149137,0.06456633,0.05393739,0.04440921,0.03647575,0.03001223,0.0247802,0.02054288,0.01709733,0.01427994,0.01196245,0.01004532,0.00845138
Gram_error_fro,4.0,1,10,2,0.0,0.09345494,0.05193513,0.04205625,0.03765674,0.03394427,0.030504,0.02733347,0.02444117,0.02182285,0.01946563,0.01735175,0.01546108,0.01377291
Gram_error_fro,4.0,1,10,2,0.0,0.09787652,0.06135264,0.05085573,0.04592036,0.04192041,0.03822084,0.03474545,0.0314964,0.02848271,0.02570781,0.02316819,0.02085485,0.01875514
Gram_error_fro,4.0,1,10,2,0.0,0.06001899,0.05884249,0.05222932,0.04505902,0.03836683,0.03244333,0.02733325,0.02298448,0.01931029,0.01621753,0.01361869,0.01143634,0.00960398
Gram_error_fro,2.0,1,10,2,0.0,0.07067924,0.06202422,0.05151413,0.04159685,0.03328721,0.02664171,0.02139784,0.01726325,0.0139913,0.01138869,0.00930719,0.00763359,0.00628126
Gram_error_fro,2.0,1,10,2,0.0,0.10819695,0.07475689,0.05485844,0.04317327,0.03561706,0.03060678,0.02724216,0.02490438,0.02317395,0.02178561,0.02058327,0.01948106,0.01843503
Gram_error_fro,0.0,1,10,6,0.0,0.0,0.0,0.0,0.0,0.0,0.0,0.0,0.0,0.0,0.0,0.0,0.0,0.0
Gram_error_fro,2.0,1,10,6,0.0,0.0794677,0.07493212,0.0643272,0.05306808,0.04279234,0.03403777,0.02684338,0.02105034,0.01644273,0.01280702,0.00995384,0.00772364,0.00598557
Gram_error_fro,2.0,1,10,6,0.0,0.08745557,0.07808946,0.06534594,0.05336553,0.04286109,0.0340397,0.02682994,0.02103659,0.01643212,0.01279957,0.00994884,0.00772034,0.00598341
Gram_error_fro,2.0,1,10,6,0.0,0.09009387,0.08049356,0.0657681,0.05271492,0.04180414,0.03290621,0.0257684,0.02010609,0.01564778,0.01215533,0.00942929,0.00730698,0.00565787
Gram_error_fro,2.0,1,10,6,0.0,0.09009387,0.08049356,0.0657681,0.05271492,0.04180414,0.03290621,0.0257684,0.02010609,0.01564778,0.01215533,0.00942929,0.00730698,0.00565787
Gram_error_fro,2.0,1,10,6,0.0,0.08745557,0.07808946,0.06534594,0.05336553,0.04286109,0.0340397,0.02682994,0.02103659,0.01643212,0.01279957,0.00994884,0.00772034,0.00598341
Gram_error_fro,2.0,1,10,6,0.0,0.13817933,0.11902034,0.09373804,0.07237439,0.05531786,0.04207413,0.03195172,0.02427334,0.01846384,0.01406771,0.01073624,0.00820663,0.00628194
Gram_error_fro,4.0,1,10,6,0.0,0.12605778,0.11211158,0.09260609,0.07455269,0.05888895,0.04591763,0.03551051,0.02732569,0.02096688,0.01606289,0.01229714,0.00941243,0.00720535
Gram_error_fro,2.0,1,10,6,0.0,0.09361978,0.08240473,0.06785199,0.05464904,0.04335911,0.03408232,0.02664501,0.02076505,0.01615187,0.01254795,0.00973944,0.00755424,0.00585593
Gram_error_fro,4.0,1,10,6,0.0,0.13330579,0.11688264,0.09233558,0.07150483,0.0548914,0.04192019,0.03191774,0.02426425,0.01843523,0.01400715,0.01064739,0.00809908,0.00616582
Gram_error_fro,2.0,1,10,6,0.0,0.11246645,0.08517657,0.06621817,0.05290312,0.04219492,0.03336812,0.0261843,0.02043175,0.01588259,0.01231574,0.00953474,0.00737427,0.00569973
