reward_label,GED,nb_components,nb_edges,nb_neighbors_attackers,error_0,error_1,error_2,error_3,error_4,error_5,error_6,error_7,error_8,error_9,error_10,error_11,error_12,error_13,error_14,error_15,error_16,error_17
Gram_error_fro,0.0,1,14,5,0.0,0.0,0.0,0.0,0.0,0.0,0.0,0.0,0.0,0.0,0.0,0.0,0.0,0.0,0.0,0.0,0.0,0.0
Gram_error_fro,2.0,1,14,5,0.0,0.01867941,0.01772807,0.0161556,0.01468225,0.01338524,0.01217781,0.01102438,0.00992878,0.00890493,0.0079634,0.00710831,0.0063384,0.00564901,0.00503371,0.00448548,0.00399736,0.00356283
Gram_error_fro,0.0,1,14,5,0.0,0.0,0.0,0.0,0.0,0.0,0.0,0.0,0.0,0.0,0.0,0.0,0.0,0.0,0.0,0.0,0.0,0.0
Gram_error_fro,2.0,1,14,5,0.0,0.06077104,0.05145904,0.04343986,0.03639547,0.03022721,0.02501688,0.02074006,0.01728774,0.01452031,0.01230123,0.01051199,0.00905619,0.00785839,0.00686096,0.00602044,0.00530428,0.0046881
Gram_error_fro,2.0,1,14,5,0.0,0.04660978,0.04126527,0.03339741,0.02688735,0.02177698,0.01778739,0.01465342,0.01216663,0.01017223,0.00855667,0.00723621,0.0061484,0.005246,0.00449282,0.00386078,0.00332785,0.00287653
Gram_error_fro,0.0,1,14,5,0.0,0.0,0.0,0.0,0.0,0.0,0.0,0.0,0.0,0.0,0.0,0.0,0.0,0.0,0.0,0.0,0.0,0.0
Gram_error_fro,2.0,1,14,5,0.0,0.04245586,0.03834407,0.03056105,0.02414297,0.01939878,0.01586628,0.01314849,0.01099503,0.0092535,0.00782621,0.00664589,0.00566341,0.00484139,0.00415065,0.00356803,0.00307494,0.00265633
Gram_error_fro,2.0,1,14,5,0.0,0.03123707,0.0227925,0.01628758,0.01247514,0.01002935,0.00827238,0.00693084,0.00587856,0.00504086,0.00436565,0.00381425,0.00335768,0.00297429,0.002648,0.0023669,0.00212215,0.00190714
Gram_error_fro,4.0,1,14,5,0.0,0.07520989,0.06009914,0.04316005,0.03045879,0.0215329,0.01535443,0.01114708,0.00838383,0.00668233,0.00572141,0.00521727,0.00495018,0.00478179,0.00463996,0.00449307,0.00433053,0.00415149
Gram_error_fro,2.0,1,14,5,0.0,0.03020207,0.02372109,0.01864014,0.01560814,0.0134878,0.01178911,0.0103502,0.00911041,0.0080369,0.00710516,0.00629454,0.00558728,0.00496825,0.00442469,0.0039459,0.00352294,0.00314832
Gram_error_fro,4.0,1,14,5,0.0,0.05997269,0.04804824,0.03632173,0.02774294,0.02173325,0.01746134,0.01432667,0.0119515,0.01010179,0.00862821,0.00743187,0.00644509,0.00562028,0.00492322,0.0043287,0.00381776,0.00337585
Gram_error_fro,4.0,1,14,5,0.0,0.01838658,0.01537614,0.01352022,0.01194448,0.01053719,0.0092985,0.00821902,0.00728096,0.00646499,0.00575316,0.00512984,0.00458178,0.00409792,0.00366916,0.00328799,0.00294819,0.0026446
Gram_error_fro,6.0,2,14,5,0.0,0.08894694,0.06282103,0.04343537,0.03240334,0.02642974,0.02307913,0.02107479,0.01982237,0.01903473,0.01855374,0.01828021,0.01814702,0.01810743,0.01812879,0.01818842,0.01827071,0.01836507
Gram_error_fro,4.0,2,14,5,0.0,0.04794245,0.04150656,0.03258344,0.025949,0.02153025,0.01877272,0.01718541,0.01638227,0.01607541,0.01606403,0.01621709,0.01645342,0.0167247,0.01700306,0.01727307,0.01752669,0.01776019
Gram_error_fro,6.0,1,14,5,0.0,0.06677626,0.05611214,0.0452234,0.03652977,0.02956328,0.02396549,0.01949188,0.01593564,0.01311345,0.01086897,0.00907492,0.00763107,0.00646006,0.00550275,0.00471397,0.00405914,0.00351164
Gram_error_fro,4.0,1,14,5,0.0,0.07178357,0.06517886,0.05526188,0.04615925,0.03813986,0.03129254,0.02560605,0.02097691,0.01725411,0.01427729,0.01189848,0.00999136,0.00845305,0.0072022,0.00617581,0.00532557,0.00461469
Gram_error_fro,0.0,1,14,2,0.0,0.0,0.0,0.0,0.0,0.0,0.0,0.0,0.0,0.0,0.0,0.0,0.0,0.0,0.0,0.0,0.0,0.0
Gram_error_fro,2.0,1,14,2,0.0,0.01363997,0.00564823,0.00390986,0.00317577,0.00268325,0.00228884,0.00195827,0.00167818,0.00144003,0.0012371,0.00106389,0.00091583,0.0007891,0.00068051,0.0005874,0.00050748,0.00043887
Gram_error_fro,2.0,1,14,2,0.0,0.02561808,0.01306543,0.00840892,0.00599933,0.00446971,0.00339629,0.00260864,0.00202073,0.00157995,0.00124982,0.00100326,0.00081947,0.0006822,0.00057879,0.00049954,0.00043724,0.00038674
Gram_error_fro,2.0,1,14,2,0.0,0.02552655,0.0134384,0.00937171,0.00728342,0.00587753,0.00481244,0.00396746,0.0032843,0.00272675,0.00226909,0.00189183,0.0015798,0.00132099,0.00110582,0.00092656,0.00077696,0.00065193
Gram_error_fro,2.0,1,14,2,0.0,0.02576258,0.01318964,0.00840438,0.00585102,0.00420534,0.00305386,0.0022194,0.00160621,0.00115434,0.00082329,0.00058471,0.00041853,0.00031014,0.00024707,0.00021578,0.00020228,0.00019592
Gram_error_fro,2.0,1,14,2,0.0,0.01231417,0.00529216,0.00366283,0.00299099,0.00257559,0.00227085,0.00203524,0.00184863,0.00169715,0.00157053,0.00146135,0.0013644,0.00127619,0.00119444,0.00111771,0.00104512,0.00097616
Gram_error_fro,4.0,1,14,2,0.0,0.0307721,0.01481859,0.00959966,0.0071427,0.00563543,0.00456408,0.00374844,0.00310795,0.0025966,0.00218359,0.00184675,0.00156959,0.00133967,0.00114756,0.00098598,0.00084931,0.00073313
Gram_error_fro,2.0,1,14,2,0.0,0.02224935,0.00923417,0.00554769,0.0039859,0.00312051,0.00256463,0.00218127,0.00190341,0.00169082,0.00151849,0.00137144,0.00124114,0.00112291,0.00101433,0.00091415,0.0008217,0.0007366
Gram_error_fro,4.0,1,14,2,0.0,0.0271151,0.01414981,0.01051396,0.00863373,0.00729188,0.00620841,0.0053007,0.00453357,0.00388437,0.00333498,0.00287,0.00247626,0.0021425,0.00185917,0.00161821,0.00141282,0.0012373
Gram_error_fro,2.0,1,14,2,0.0,0.03219162,0.01553249,0.0102174,0.00767034,0.00604615,0.00485464,0.00392979,0.00319652,0.0026099,0.00213824,0.00175762,0.00144948,0.00119927,0.00099553,0.00082916,0.00069293,0.00058106
Gram_error_fro,4.0,1,14,2,0.0,0.037693,0.02032706,0.0146279,0.01168625,0.00969801,0.00816381,0.0069113,0.00586653,0.00498788,0.00424626,0.00361897,0.00308751,0.00263658,0.00225344,0.00192748,0.00164984,0.00141308
Gram_error_fro,4.0,1,14,2,0.0,0.04328312,0.02528761,0.01913099,0.0158752,0.01363452,0.01187776,0.01042158,0.00918537,0.00812295,0.00720263,0.00640066,0.00569844,0.00508108,0.00453646,0.00405463,0.00362729,0.00324747
Gram_error_fro,4.0,1,14,2,0.0,0.0492383,0.02425786,0.01615234,0.01215492,0.00956373,0.00767308,0.00622597,0.00509416,0.00419782,0.00348133,0.00290399,0.00243535,0.00205229,0.00173711,0.00147616,0.00125884,0.00107686
Gram_error_fro,6.0,1,14,2,0.0,0.04927571,0.02691376,0.01890041,0.01465654,0.01183411,0.00973302,0.00808479,0.00675984,0.00568084,0.00479464,0.00406196,0.0034528,0.00294379,0.00251657,0.00215654,0.00185205,0.0015937
Gram_error_fro,4.0,1,14,2,0.0,0.03162929,0.00884705,0.00533085,0.00392706,0.0029599,0.00226545,0.00176705,0.00141135,0.00115916,0.00098046,0.00085204,0.00075656,0.00068188,0.00062006,0.00056625,0.0005177,0.00047289
Gram_error_fro,2.0,1,14,2,0.0,0.01363997,0.00564823,0.00390986,0.00317577,0.00268325,0.00228884,0.00195827,0.00167818,0.00144003,0.0012371,0.00106389,0.00091583,0.0007891,0.00068051,0.0005874,0.00050748,0.00043887
Gram_error_fro,0.0,1,14,3,0.0,0.0,0.0,0.0,0.0,0.0,0.0,0.0,0.0,0.0,0.0,0.0,0.0,0.0,0.0,0.0,0.0,0.0
Gram_error_fro,2.0,2,14,3,0.0,0.02527369,0.01686224,0.01137429,0.00863294,0.00744198,0.00703043,0.00700154,0.00716133,0.00741411,0.00771147,0.00802811,0.00835023,0.00866993,0.00898241,0.00928462,0.00957458,0.00985096
Gram_error_fro,2.0,1,14,3,0.0,0.05227845,0.04550541,0.03701269,0.03038103,0.02548572,0.02175974,0.01879683,0.01636068,0.01431477,0.01257414,0.01108078,0.00979189,0.00867424,0.0077012,0.00685101,0.00610573,0.00545041
Gram_error_fro,2.0,1,14,3,0.0,0.06812378,0.07452037,0.07027784,0.06310951,0.0556218,0.04867993,0.04252237,0.0371588,0.03252033,0.02851751,0.02506214,0.02207476,0.0194864,0.01723822,0.0152804,0.01357092,0.01207433
Gram_error_fro,2.0,1,14,3,0.0,0.03545987,0.03226179,0.02737286,0.0229934,0.01930345,0.01626066,0.01377005,0.01172952,0.01004862,0.00865369,0.00748698,0.00650383,0.00566964,0.0049575,0.00434624,0.00381907,0.0033625
Gram_error_fro,2.0,1,14,3,0.0,0.07081311,0.07773309,0.07309388,0.06508549,0.05674158,0.04912731,0.04251943,0.03689826,0.03214719,0.02813097,0.02472427,0.02182002,0.01933006,0.01718291,0.01532096,0.01369781,0.01227593
Gram_error_fro,4.0,1,14,3,0.0,0.02552323,0.01557323,0.00960286,0.00866959,0.00994979,0.01125684,0.01211684,0.0125494,0.01265251,0.01251781,0.01221728,0.01180474,0.01131972,0.01079103,0.01023953,0.00968028,0.00912402
Gram_error_fro,2.0,1,14,3,0.0,0.02909365,0.01866415,0.01248593,0.00914851,0.00721345,0.00594522,0.00501966,0.00429411,0.00370049,0.00320257,0.00277888,0.00241532,0.00210184,0.00183078,0.00159597,0.00139234,0.0012156
Gram_error_fro,2.0,1,14,3,0.0,0.05273272,0.03744268,0.0277866,0.02169706,0.01725549,0.01384874,0.01120965,0.00915985,0.00756164,0.00630755,0.00531489,0.00452094,0.0038786,0.00335266,0.00291691,0.00255179,0.00224265
Gram_error_fro,4.0,2,14,3,0.0,0.05249046,0.0445947,0.03519039,0.02801538,0.02248601,0.01801457,0.01429529,0.01117755,0.00858822,0.0065099,0.00498922,0.00413422,0.00399529,0.00439732,0.0050651,0.00581375,0.00655517
Gram_error_fro,4.0,1,14,3,0.0,0.06127911,0.04904224,0.03747874,0.02964239,0.02419831,0.02014326,0.01696734,0.01440795,0.01231128,0.01057502,0.0091253,0.00790634,0.00687499,0.0059974,0.00524675,0.00460161,0.00404474
Gram_error_fro,4.0,1,14,3,0.0,0.09763003,0.06095235,0.04049238,0.0307834,0.02509747,0.02102516,0.01782836,0.01523761,0.01311212,0.01135496,0.00989171,0.00866382,0.00762522,0.00673978,0.00597921,0.00532131,0.00474856
Gram_error_fro,6.0,1,14,3,0.0,0.07588052,0.05099653,0.03247872,0.02241141,0.01668762,0.0129588,0.01026624,0.00822071,0.00663186,0.00538392,0.00439624,0.00360925,0.00297803,0.00246844,0.00205445,0.00171609,0.00143799
Gram_error_fro,4.0,1,14,3,0.0,0.03576875,0.03685812,0.03320461,0.02839175,0.02375287,0.01970859,0.01631956,0.01352381,0.01123021,0.0093507,0.00780922,0.00654273,0.00549982,0.00463879,0.00392594,0.00333401,0.00284096
Gram_error_fro,4.0,1,14,3,0.0,0.07604811,0.05367252,0.03811808,0.02944413,0.02393702,0.01986284,0.01659669,0.01390121,0.01165777,0.00978665,0.00822524,0.0069218,0.00583316,0.00492332,0.00416233,0.0035253,0.0029916
Gram_error_fro,2.0,1,14,3,0.0,0.02909365,0.01866415,0.01248593,0.00914851,0.00721345,0.00594522,0.00501966,0.00429411,0.00370049,0.00320257,0.00277888,0.00241532,0.00210184,0.00183078,0.00159597,0.00139234,0.0012156
Gram_error_fro,0.0,1,14,3,0.0,0.0,0.0,0.0,0.0,0.0,0.0,0.0,0.0,0.0,0.0,0.0,0.0,0.0,0.0,0.0,0.0,0.0
Gram_error_fro,2.0,2,14,3,0.0,0.00483651,0.00300174,0.00244899,0.00240398,0.00271595,0.00319465,0.00372138,0.00424654,0.00475337,0.00523813,0.00570156,0.00614552,0.00657161,0.00698089,0.0073739,0.00775078,0.00811148
Gram_error_fro,2.0,1,14,3,0.0,0.02140039,0.01066955,0.00635586,0.00401814,0.00262194,0.00192646,0.00174273,0.00180212,0.00191071,0.00199377,0.00203451,0.00203547,0.00200426,0.00194884,0.00187621,0.00179204,0.00170077
Gram_error_fro,2.0,1,14,3,0.0,0.06405873,0.04554448,0.03424265,0.02729,0.02239534,0.01869833,0.01581206,0.01351759,0.01167004,0.01016543,0.00892646,0.00789481,0.00702622,0.00628697,0.00565127,0.00509935,0.00461593
Gram_error_fro,2.0,1,14,3,0.0,0.04162746,0.02223084,0.01464044,0.01071743,0.00830715,0.00682505,0.00598076,0.00554169,0.00532149,0.00519547,0.00509398,0.00498401,0.00485307,0.00469901,0.00452437,0.00433344,0.00413087
Gram_error_fro,2.0,1,14,3,0.0,0.02879963,0.02155134,0.01811154,0.0160251,0.01436347,0.01297011,0.01178733,0.01076864,0.00987699,0.00908513,0.00837364,0.00772869,0.00714025,0.00660085,0.00610474,0.00564739,0.00522506
Gram_error_fro,2.0,1,14,3,0.0,0.02513822,0.01925151,0.01574434,0.01356591,0.01189809,0.01051672,0.00934594,0.00834421,0.00748147,0.00673392,0.00608227,0.00551083,0.00500677,0.00455965,0.00416092,0.00380358,0.0034819
Gram_error_fro,2.0,1,14,3,0.0,0.066325,0.06028789,0.05020951,0.04128851,0.03397808,0.02809256,0.02337051,0.01957388,0.01650634,0.01401221,0.0119701,0.01028595,0.00888699,0.00771673,0.00673114,0.00589573,0.00518331
Gram_error_fro,2.0,1,14,3,0.0,0.02119015,0.01704594,0.01423074,0.0122715,0.01085729,0.0097663,0.00887039,0.00810135,0.00742272,0.00681396,0.00626245,0.00575974,0.00529967,0.00487741,0.00448906,0.00413135,0.00380145
Gram_error_fro,2.0,1,14,3,0.0,0.05482464,0.03537908,0.02683814,0.02195153,0.01837784,0.01551845,0.01316105,0.01119493,0.00954541,0.00815598,0.00698215,0.00598847,0.0051465,0.00443331,0.00383026,0.00332199,0.00289569
Gram_error_fro,4.0,1,14,3,0.0,0.09765826,0.07248743,0.05770723,0.04773486,0.04018486,0.03422163,0.02940879,0.02546169,0.0221801,0.01941938,0.01707337,0.01506286,0.01332772,0.01182146,0.01050752,0.00935663,0.00834503
Gram_error_fro,6.0,1,14,3,0.0,0.07630339,0.05760704,0.04542625,0.0375282,0.03184868,0.0274929,0.0240208,0.02118017,0.01880975,0.01679942,0.01507104,0.0135678,0.01224763,0.0110789,0.01003745,0.00910448,0.00826519
Gram_error_fro,4.0,1,14,3,0.0,0.13466728,0.07929105,0.04719079,0.03184286,0.02402992,0.01931518,0.01597566,0.0133824,0.01128241,0.00954981,0.00810681,0.00689818,0.00588189,0.00502482,0.0043004,0.00368707,0.00316713
Gram_error_fro,4.0,1,14,3,0.0,0.06755538,0.0446795,0.0385489,0.03521226,0.03228105,0.02948387,0.02683245,0.02435792,0.02207553,0.01998623,0.01808246,0.0163525,0.01478306,0.01336071,0.01207254,0.01090645,0.00985128
Gram_error_fro,6.0,1,14,3,0.0,0.075775,0.065153,0.05361608,0.04407539,0.03632886,0.03015141,0.02526616,0.02139782,0.01831196,0.01582397,0.01379369,0.01211625,0.01071345,0.00952682,0.00851235,0.00763661,0.00687405
Gram_error_fro,4.0,1,14,3,0.0,0.09676622,0.06373019,0.04789891,0.03905509,0.03286543,0.02802078,0.02405331,0.02074493,0.01796298,0.01561132,0.01361444,0.01191133,0.01045236,0.00919707,0.00811251,0.00717172,0.00635266
Gram_error_fro,0.0,1,14,2,0.0,0.0,0.0,0.0,0.0,0.0,0.0,0.0,0.0,0.0,0.0,0.0,0.0,0.0,0.0,0.0,0.0,0.0
Gram_error_fro,2.0,1,14,2,0.0,0.02178969,0.01297958,0.00931394,0.0072591,0.00584734,0.0047904,0.0039684,0.00331717,0.00279555,0.00237428,0.00203162,0.00175099,0.00151962,0.00132757,0.00116706,0.00103197,0.00091744
Gram_error_fro,2.0,1,14,2,0.0,0.02488668,0.01894521,0.01550907,0.01317787,0.01135934,0.00985601,0.00858669,0.00750547,0.00657921,0.00578173,0.0050919,0.00449263,0.00397006,0.00351287,0.00311176,0.00275903,0.0024482
Gram_error_fro,2.0,1,14,2,0.0,0.03024123,0.01731199,0.01191432,0.00909094,0.00727096,0.00595801,0.00495303,0.00415893,0.00351983,0.00299926,0.00257139,0.00221705,0.00192159,0.00167364,0.00146425,0.00128635,0.00113432
Gram_error_fro,2.0,1,14,2,0.0,0.04777654,0.0158299,0.00706064,0.00427877,0.00293868,0.00207559,0.00145278,0.00098669,0.00063535,0.00037458,0.00019831,0.00014166,0.00019441,0.0002614,0.00031508,0.00035342,0.00037843
Gram_error_fro,2.0,1,14,2,0.0,0.04536489,0.01493552,0.00682393,0.00467445,0.0041682,0.00408608,0.00406084,0.00399688,0.00388037,0.00372001,0.0035288,0.00331871,0.00309935,0.002878,0.00265993,0.00244883,0.00224715
Gram_error_fro,4.0,1,14,2,0.0,0.05195961,0.02473895,0.01669588,0.01328591,0.01126746,0.00980719,0.00863503,0.00764601,0.00679146,0.00604429,0.0053868,0.00480595,0.00429146,0.00383483,0.00342893,0.00306766,0.00274577
Gram_error_fro,4.0,1,14,2,0.0,0.07291074,0.04955058,0.0370714,0.02908715,0.02335602,0.01904276,0.01571078,0.01308974,0.0109986,0.00931043,0.00793348,0.00679996,0.00585897,0.00507179,0.00440863,0.00384636,0.00336681
Gram_error_fro,4.0,1,14,2,0.0,0.02673947,0.02004875,0.01553734,0.01202908,0.00933276,0.00729604,0.00576895,0.00462554,0.00376875,0.00312574,0.00264164,0.00227475,0.00199325,0.0017731,0.00159651,0.00145067,0.00132662
Gram_error_fro,2.0,1,14,2,0.0,0.0368763,0.01972152,0.01358602,0.01066076,0.00884252,0.00751743,0.0064659,0.00559654,0.00486356,0.00423917,0.00370389,0.00324296,0.0028447,0.00249962,0.00219993,0.00193911,0.0017117
Gram_error_fro,4.0,2,14,2,0.0,0.00565143,0.00213468,0.00211443,0.00268441,0.00328902,0.00384687,0.00435783,0.00482972,0.00526734,0.00567301,0.00604813,0.00639387,0.00671157,0.00700271,0.00726887,0.00751172,0.00773293
Gram_error_fro,4.0,1,14,2,0.0,0.01820876,0.01154034,0.00810484,0.00615424,0.00498249,0.00425623,0.0037804,0.0034406,0.00317312,0.00294436,0.00273745,0.00254434,0.0023615,0.00218756,0.00202215,0.0018653,0.00171713
Gram_error_fro,4.0,1,14,2,0.0,0.0224384,0.01329343,0.01014004,0.00852472,0.00742857,0.00658056,0.00588514,0.00529686,0.00478832,0.00434107,0.00394237,0.0035833,0.00325762,0.00296084,0.00268967,0.00244157,0.00221451
Gram_error_fro,6.0,1,14,2,0.0,0.04332941,0.03424837,0.02543904,0.01849113,0.01323654,0.00935398,0.00652448,0.00448828,0.00305614,0.00210256,0.00154798,0.00131282,0.0012736,0.00130827,0.00134884,0.00137045,0.00136807
Gram_error_fro,4.0,1,14,2,0.0,0.03454819,0.02225892,0.01710452,0.01392146,0.01160637,0.00985448,0.00850525,0.00744641,0.00659709,0.00590025,0.00531624,0.00481758,0.00438502,0.0040049,0.00366733,0.00336499,0.00309236
Gram_error_fro,4.0,1,14,2,0.0,0.02600787,0.0143698,0.00945593,0.00691274,0.00537562,0.0043719,0.00368113,0.00318467,0.00281285,0.00252246,0.00228607,0.00208627,0.00191207,0.00175659,0.00161554,0.00148621,0.00136687
Gram_error_fro,0.0,1,14,5,0.0,0.0,0.0,0.0,0.0,0.0,0.0,0.0,0.0,0.0,0.0,0.0,0.0,0.0,0.0,0.0,0.0,0.0
Gram_error_fro,2.0,1,14,5,0.0,0.02546483,0.01982844,0.01482426,0.01138591,0.00905966,0.00737189,0.00606176,0.00500574,0.00414051,0.0034269,0.00283657,0.00234742,0.00194169,0.00160498,0.00132554,0.00109373,0.00090156
Gram_error_fro,2.0,1,14,5,0.0,0.0541498,0.05487928,0.05084216,0.04481475,0.03859009,0.03292951,0.02805201,0.02394503,0.02051393,0.01764742,0.01524303,0.01321471,0.01149306,0.01002301,0.00876105,0.0076726,0.00673004
Gram_error_fro,2.0,1,14,5,0.0,0.05081164,0.03326335,0.02344386,0.01737192,0.01312787,0.01003736,0.00775218,0.00604752,0.00476628,0.0037955,0.00305313,0.00247941,0.00203087,0.00167594,0.0013917,0.00116152,0.00097325
Gram_error_fro,2.0,1,14,5,0.0,0.03976042,0.02973924,0.02484406,0.02162693,0.01889207,0.01642214,0.01421146,0.01226944,0.01058736,0.00914218,0.00790473,0.00684535,0.00593693,0.00515594,0.00448261,0.00390049,0.003396
Gram_error_fro,2.0,1,14,5,0.0,0.04160393,0.03056677,0.02232402,0.01692628,0.01321734,0.01053342,0.00851181,0.00694442,0.00570371,0.00470663,0.00389644,0.0032328,0.00268615,0.00223412,0.00185939,0.00154827,0.00128973
Gram_error_fro,2.0,1,14,5,0.0,0.0841233,0.07097602,0.05511925,0.04296223,0.03396982,0.02725315,0.02215581,0.01822829,0.01516045,0.01273349,0.01078987,0.00921441,0.00792214,0.00684991,0.00595066,0.00518907,0.00453852
Gram_error_fro,4.0,1,14,5,0.0,0.07154292,0.0515716,0.03767261,0.02899582,0.02291557,0.01831196,0.01471794,0.0118864,0.00964945,0.00787825,0.00647097,0.00534741,0.00444511,0.00371579,0.00312228,0.00263602,0.00223499
Gram_error_fro,4.0,1,14,5,0.0,0.07781432,0.06889071,0.05892678,0.04960701,0.04149855,0.03468323,0.02904949,0.024424,0.02062906,0.01750621,0.01492338,0.0127743,0.01097498,0.00945949,0.00817602,0.00708371,0.00615005
Gram_error_fro,2.0,1,14,5,0.0,0.04704727,0.05301062,0.04979604,0.04395679,0.03779181,0.03213906,0.02724684,0.02312104,0.01967754,0.01680953,0.0144152,0.01240716,0.01071392,0.00927821,0.00805452,0.00700666,0.00610569
Gram_error_fro,4.0,1,14,5,0.0,0.06825532,0.0454848,0.0293248,0.01964248,0.0137093,0.009892,0.00731972,0.00552453,0.00424128,0.00330849,0.00262117,0.00210785,0.00171873,0.00141881,0.00118353,0.00099571,0.0008433
Gram_error_fro,4.0,1,14,5,0.0,0.07734979,0.05162189,0.03562795,0.02592326,0.01953002,0.01511461,0.01197155,0.00967567,0.00795625,0.00663739,0.00560341,0.00477711,0.00410593,0.00355318,0.00309262,0.00270498,0.00237582
Gram_error_fro,4.0,2,14,5,0.0,0.06131382,0.04905504,0.0360012,0.0279919,0.023673,0.02147983,0.02040491,0.01989242,0.01965739,0.01955805,0.01952431,0.01952147,0.01953227,0.01954821,0.0195652,0.01958133,0.01959584
Gram_error_fro,4.0,1,14,5,0.0,0.06395702,0.05346415,0.04098857,0.03102519,0.02359846,0.01811322,0.01403173,0.01095954,0.0086199,0.00681904,0.00541994,0.00432431,0.00346065,0.00277612,0.0022312,0.0017959,0.00144719
Gram_error_fro,4.0,1,14,5,0.0,0.08730629,0.0603469,0.04074902,0.02924454,0.02241988,0.01810514,0.01513229,0.01291081,0.01114703,0.00969038,0.00845814,0.00740057,0.00648486,0.00568761,0.00499105,0.00438108,0.00384615
Gram_error_fro,2.0,1,14,5,0.0,0.03322256,0.0282447,0.02242885,0.01864401,0.01594944,0.01370958,0.01174793,0.01003851,0.00857205,0.007328,0.0062776,0.00539048,0.00463889,0.00399932,0.0034526,0.00298337,0.00257931
Gram_error_fro,0.0,1,14,2,0.0,0.0,0.0,0.0,0.0,0.0,0.0,0.0,0.0,0.0,0.0,0.0,0.0,0.0,0.0,0.0,0.0,0.0
Gram_error_fro,2.0,1,14,2,0.0,0.03601314,0.02873665,0.02178322,0.0164837,0.01259869,0.00976533,0.00768603,0.00614132,0.00497516,0.00407858,0.00337619,0.00281605,0.00236221,0.00198958,0.00168038,0.00142172,0.00120405
Gram_error_fro,2.0,1,14,2,0.0,0.05401083,0.04901074,0.04136187,0.03444832,0.02861262,0.02377581,0.01979539,0.01652817,0.01384584,0.01163906,0.00981743,0.00830755,0.0070505,0.00599927,0.00511638,0.00437193,0.00374197
Gram_error_fro,0.0,1,14,2,0.0,0.0,0.0,0.0,0.0,0.0,0.0,0.0,0.0,0.0,0.0,0.0,0.0,0.0,0.0,0.0,0.0,0.0
Gram_error_fro,2.0,1,14,2,0.0,0.00646613,0.00221903,0.00196512,0.00219494,0.00221454,0.00212258,0.00197232,0.00179431,0.00160818,0.00142597,0.0012545,0.00109713,0.00095515,0.00082855,0.00071664,0.00061834,0.00053244
Gram_error_fro,2.0,1,14,2,0.0,0.05362378,0.02019068,0.00977932,0.00596328,0.00444171,0.00391936,0.00375227,0.00364958,0.00351883,0.00334536,0.00313814,0.00291058,0.00267459,0.00243923,0.00221088,0.00199369,0.00179018
Gram_error_fro,2.0,1,14,2,0.0,0.03988711,0.02437354,0.01666546,0.01188829,0.00848356,0.0060229,0.00425654,0.00299494,0.00209669,0.0014599,0.00101259,0.00070441,0.00050005,0.00037345,0.00030239,0.00026574,0.00024607
Gram_error_fro,4.0,1,14,2,0.0,0.05732223,0.05243184,0.0468173,0.04134867,0.03632105,0.03185488,0.02794634,0.02454436,0.02158686,0.01901392,0.01677194,0.01481438,0.01310142,0.01159922,0.01027907,0.00911665,0.0080913
Gram_error_fro,2.0,1,14,2,0.0,0.02691996,0.02538389,0.02372549,0.02072602,0.01765007,0.01487188,0.01247217,0.01044116,0.00873927,0.0073196,0.00613705,0.00515176,0.00432984,0.00364312,0.00306836,0.00258649,0.00218187
Gram_error_fro,4.0,1,14,2,0.0,0.0595265,0.05072406,0.04085583,0.03309804,0.02715297,0.02251252,0.01881513,0.01582173,0.0133693,0.0113417,0.0096531,0.00823836,0.00704701,0.00603941,0.00518403,0.00445554,0.00383344
Gram_error_fro,4.0,1,14,2,0.0,0.02409957,0.01266552,0.00807895,0.00587551,0.00444846,0.00342107,0.00266299,0.00209661,0.00166789,0.00133892,0.00108318,0.00088204,0.00072223,0.00059418,0.00049086,0.00040698,0.00033855
Gram_error_fro,2.0,1,14,2,0.0,0.02763224,0.01562194,0.0086086,0.00478195,0.00305885,0.00248099,0.00230505,0.00219702,0.0020731,0.00192621,0.00176503,0.00159886,0.00143477,0.00127754,0.0011301,0.00099411,0.00087027
Gram_error_fro,2.0,1,14,2,0.0,0.07286508,0.06423234,0.05460605,0.04627465,0.03925926,0.03340128,0.02851526,0.02443001,0.02100033,0.01810745,0.01565567,0.01356822,0.01178339,0.01025145,0.00893205,0.00779226,0.00680503
Gram_error_fro,4.0,1,14,2,0.0,0.05763952,0.05175453,0.04379804,0.03633094,0.02999474,0.02480448,0.02059833,0.01719281,0.01442621,0.0121665,0.01030911,0.00877226,0.00749227,0.00641959,0.00551551,0.00474962,0.00409788
Gram_error_fro,4.0,1,14,2,0.0,0.03648668,0.02209258,0.01542618,0.01163018,0.00897979,0.00697938,0.00543638,0.00424036,0.0033129,0.00259415,0.00203756,0.0016068,0.00127351,0.00101557,0.00081573,0.00066054,0.00053957
Gram_error_fro,4.0,1,14,2,0.0,0.00900708,0.00292084,0.00262567,0.00394637,0.00483131,0.00527046,0.00539403,0.00530921,0.0050933,0.00480004,0.00446601,0.00411569,0.00376516,0.00342468,0.0031006,0.00279652,0.00251425
Gram_error_fro,0.0,1,14,2,0.0,0.0,0.0,0.0,0.0,0.0,0.0,0.0,0.0,0.0,0.0,0.0,0.0,0.0,0.0,0.0,0.0,0.0
Gram_error_fro,2.0,1,14,2,0.0,0.03265425,0.01894096,0.01155005,0.00748075,0.00502251,0.00346021,0.0024402,0.00176131,0.00130163,0.00098507,0.00076324,0.00060488,0.00048954,0.00040368,0.00033831,0.00028738,0.00024682
Gram_error_fro,2.0,1,14,2,0.0,0.03060371,0.025189,0.02103888,0.01754448,0.01457135,0.01206999,0.00998653,0.00826122,0.00683594,0.00565891,0.00468617,0.00388137,0.00321479,0.00266224,0.00220394,0.00182374,0.00150833
Gram_error_fro,2.0,1,14,2,0.0,0.03422536,0.02784626,0.02179272,0.01707401,0.01348968,0.01073799,0.00860105,0.00692551,0.00560072,0.00454544,0.00369939,0.00301738,0.00246516,0.00201644,0.00165083,0.00135233,0.00110825
Gram_error_fro,2.0,1,14,2,0.0,0.00199028,0.00065732,0.00049673,0.00082064,0.00103711,0.00115554,0.00120542,0.00120826,0.00117927,0.00112932,0.0010662,0.00099552,0.00092129,0.00084641,0.00077288,0.00070208,0.00063492
Gram_error_fro,2.0,1,14,2,0.0,0.01088021,0.00390123,0.00299176,0.00287228,0.00270071,0.00243604,0.00212763,0.00181614,0.00152502,0.00126511,0.00103966,0.00084785,0.00068689,0.00055322,0.00044315,0.00035317,0.0002801
Gram_error_fro,4.0,1,14,2,0.0,0.02789736,0.01343052,0.00855509,0.00641866,0.00524093,0.00446139,0.00386229,0.00335801,0.00291591,0.00252348,0.00217516,0.00186746,0.00159732,0.00136162,0.00115712,0.00098063,0.00082899
Gram_error_fro,4.0,1,14,2,0.0,0.05098742,0.03733952,0.02794874,0.02143778,0.01662893,0.01298104,0.01018545,0.00803003,0.00635865,0.00505481,0.00403158,0.00322411,0.00258379,0.00207396,0.0016667,0.00134059,0.00107898
Gram_error_fro,4.0,1,14,2,0.0,0.04608628,0.01421152,0.00510986,0.00206346,0.00078061,0.00039814,0.00053477,0.00065157,0.00069114,0.00067866,0.00063624,0.00057866,0.00051525,0.0004517,0.00039131,0.00033584,0.00028608
Gram_error_fro,2.0,1,14,2,0.0,0.03422536,0.02784626,0.02179272,0.01707401,0.01348968,0.01073799,0.00860105,0.00692551,0.00560072,0.00454544,0.00369939,0.00301738,0.00246516,0.00201644,0.00165083,0.00135233,0.00110825
Gram_error_fro,4.0,1,14,2,0.0,0.04333881,0.02416562,0.01556436,0.01084758,0.0078237,0.00575702,0.00429897,0.00324831,0.00247856,0.00190684,0.0014773,0.0011514,0.00090208,0.00070995,0.00056095,0.00044475,0.00035369
Gram_error_fro,6.0,1,14,2,0.0,0.019919,0.01968334,0.01714453,0.01444003,0.01202062,0.00995118,0.00821438,0.00677129,0.00557852,0.00459505,0.00378482,0.00311731,0.0025672,0.00211367,0.00173967,0.00143123,0.00117688
Gram_error_fro,4.0,1,14,2,0.0,0.05304105,0.03973243,0.03149919,0.02563259,0.0210295,0.017328,0.01433736,0.01191539,0.00994684,0.00833883,0.00701788,0.00592647,0.00501977,0.00426274,0.00362788,0.00309342,0.00264198
Gram_error_fro,6.0,1,14,2,0.0,0.05629775,0.03943236,0.02928616,0.02273017,0.0180688,0.01458519,0.01190372,0.00979828,0.00812087,0.00676927,0.00567022,0.00476977,0.00402734,0.00341187,0.00289923,0.00247044,0.00211043
Gram_error_fro,2.0,1,14,2,0.0,0.04197332,0.03420774,0.02782346,0.02259118,0.01829502,0.01481559,0.01202018,0.00977855,0.00797756,0.0065252,0.005349,0.00439254,0.00361197,0.00297303,0.00244879,0.00201789,0.00166323
Gram_error_fro,4.0,1,14,2,0.0,0.02965089,0.01989201,0.01353258,0.00957028,0.00701684,0.00533212,0.00418811,0.00338287,0.00279332,0.00234486,0.00199206,0.00170678,0.00147112,0.00127331,0.00110531,0.00096143,0.00083745
Gram_error_fro,0.0,1,14,2,0.0,0.0,0.0,0.0,0.0,0.0,0.0,0.0,0.0,0.0,0.0,0.0,0.0,0.0,0.0,0.0,0.0,0.0
Gram_error_fro,2.0,1,14,2,0.0,0.00920664,0.01041842,0.01180727,0.01235124,0.01228237,0.01181066,0.011105,0.01028291,0.0094203,0.0085639,0.00774126,0.00696759,0.00625041,0.00559233,0.00499303,0.00445033,0.00396108
Gram_error_fro,2.0,1,14,2,0.0,0.00204439,0.00123465,0.00158593,0.00170963,0.00171345,0.00166124,0.00157997,0.00148362,0.00138014,0.00127439,0.00116955,0.00106776,0.0009705,0.0008787,0.0007929,0.00071337,0.00064014
Gram_error_fro,2.0,1,14,2,0.0,0.02355265,0.01247067,0.00866932,0.00674619,0.0054705,0.00451739,0.00376987,0.00317041,0.00268332,0.00228354,0.00195251,0.00167624,0.00144403,0.00124764,0.00108061,0.00093791,0.00081548
Gram_error_fro,2.0,1,14,2,0.0,0.03625632,0.02831256,0.02393612,0.02050729,0.01756406,0.01503104,0.01286901,0.0110325,0.00947393,0.00814931,0.00702065,0.00605622,0.00522986,0.00452009,0.0039092,0.00338253,0.00292785
Gram_error_fro,2.0,1,14,2,0.0,0.00511339,0.00225732,0.00164391,0.00139019,0.00117132,0.0009766,0.00081227,0.00067687,0.00056573,0.00047417,0.0003983,0.00033513,0.00028234,0.00023811,0.00020098,0.00016977,0.00014351
Gram_error_fro,4.0,1,14,2,0.0,0.02789926,0.01916237,0.01383037,0.0102731,0.00774339,0.00590067,0.0045413,0.00352942,0.00277049,0.00219736,0.00176164,0.00142812,0.00117091,0.00097088,0.00081378,0.00068901,0.00058868
Gram_error_fro,4.0,1,14,2,0.0,0.00715846,0.00237921,0.00084618,0.0006905,0.00094773,0.00110558,0.00116522,0.00116405,0.00112776,0.0010717,0.00100501,0.00093333,0.00086021,0.000788,0.0007182,0.00065179,0.00058936
Gram_error_fro,4.0,1,14,2,0.0,0.03774826,0.02392123,0.01725731,0.0132142,0.01034434,0.00818908,0.00653571,0.00525312,0.00424945,0.00345759,0.00282791,0.00232354,0.00191688,0.0015871,0.00131832,0.00109834,0.00091762
Gram_error_fro,4.0,1,14,2,0.0,0.02775523,0.01320337,0.00794273,0.00522663,0.00354205,0.00241691,0.0016381,0.00108915,0.00070042,0.00042916,0.00025258,0.00016825,0.00016703,0.000197,0.00022466,0.00024263,0.00025118
Gram_error_fro,2.0,1,14,2,0.0,0.01967157,0.01973,0.01754161,0.01532107,0.0133582,0.01167803,0.01024991,0.00903279,0.00798901,0.00708755,0.00630373,0.00561815,0.00501543,0.00448332,0.0040119,0.00359305,0.00322006
Gram_error_fro,6.0,1,14,2,0.0,0.15615413,0.14427579,0.12977068,0.11580849,0.10291485,0.09129117,0.08094102,0.07178106,0.06369785,0.05657303,0.05029399,0.04475799,0.03987332,0.03555908,0.03174438,0.02836735,0.02537409
Gram_error_fro,4.0,1,14,2,0.0,0.06780841,0.03783035,0.02540769,0.01809428,0.01316587,0.0097083,0.00723582,0.00544259,0.0041257,0.00314757,0.00241354,0.00185764,0.00143331,0.00110732,0.0008556,0.00066054,0.00050909
Gram_error_fro,4.0,2,14,2,0.0,0.05018738,0.04376401,0.04136342,0.0390409,0.0364663,0.03376995,0.03111725,0.02861699,0.0263242,0.0242583,0.02241806,0.02079136,0.019361,0.01810796,0.01701324,0.01605878,0.01522792
Gram_error_fro,2.0,1,14,2,0.0,0.02629595,0.02297319,0.01980479,0.01714513,0.01490983,0.01302762,0.01143598,0.01008127,0.00891968,0.00791641,0.0070441,0.00628121,0.00561066,0.00501877,0.00449446,0.00402866,0.00361383
Gram_error_fro,4.0,1,14,2,0.0,0.05277265,0.01614489,0.00508079,0.00297488,0.00265299,0.00236648,0.00203724,0.00171319,0.00142019,0.00116726,0.00095521,0.00078121,0.000641,0.00052986,0.00044308,0.00037614,0.00032484
Gram_error_fro,0.0,1,14,2,0.0,0.0,0.0,0.0,0.0,0.0,0.0,0.0,0.0,0.0,0.0,0.0,0.0,0.0,0.0,0.0,0.0,0.0
Gram_error_fro,2.0,1,14,2,0.0,0.00526999,0.00260827,0.00141883,0.00088294,0.00062302,0.00049682,0.00043651,0.00040581,0.00038612,0.00036891,0.00035084,0.00033102,0.00030961,0.00028716,0.00026429,0.00024156,0.00021944
Gram_error_fro,2.0,2,14,2,0.0,0.03897531,0.02705737,0.02209602,0.01892239,0.01662024,0.01489252,0.01358075,0.01258056,0.01181766,0.01123722,0.01079783,0.01046767,0.01022207,0.01004173,0.00991156,0.0098197,0.00975692
Gram_error_fro,2.0,1,14,2,0.0,0.01731076,0.00810641,0.00542399,0.00542246,0.00596378,0.00633487,0.00645769,0.00638463,0.00617716,0.0058842,0.0055413,0.00517343,0.00479778,0.00442598,0.00406573,0.0037219,0.00339739
Gram_error_fro,2.0,1,14,2,0.0,0.02519159,0.01932615,0.01491633,0.01171162,0.00926895,0.00736705,0.00587237,0.00469248,0.00375886,0.00301907,0.00243242,0.00196709,0.00159808,0.00130562,0.00107404,0.00089082,0.00074588
Gram_error_fro,0.0,1,14,2,0.0,0.0,0.0,0.0,0.0,0.0,0.0,0.0,0.0,0.0,0.0,0.0,0.0,0.0,0.0,0.0,0.0,0.0
Gram_error_fro,4.0,1,14,2,0.0,0.08124563,0.07387051,0.06458939,0.05601791,0.04855053,0.04218541,0.03679139,0.03221163,0.02830396,0.02495057,0.02205667,0.01954642,0.01735888,0.01544477,0.01376382,0.01228291,0.01097457
Gram_error_fro,4.0,1,14,2,0.0,0.02925884,0.02173663,0.01726278,0.013723,0.01085607,0.00857088,0.00677549,0.00537628,0.00428904,0.0034438,0.00278491,0.00226913,0.00186322,0.00154176,0.00128534,0.00107916,0.00091193
Gram_error_fro,4.0,1,14,2,0.0,0.02440909,0.01160725,0.0070002,0.0046918,0.00323952,0.0022577,0.0015903,0.00114569,0.00085941,0.00068178,0.0005732,0.00050398,0.00045486,0.0004152,0.00037993,0.00034699,0.00031572
Gram_error_fro,4.0,1,14,2,0.0,0.05854836,0.02686513,0.01772902,0.01365807,0.01100701,0.00901552,0.00744705,0.00618833,0.0051677,0.00433378,0.00364792,0.00308045,0.00260839,0.00221379,0.00188252,0.00160338,0.00136743
Gram_error_fro,4.0,1,14,2,0.0,0.06107226,0.03210987,0.02122541,0.01565525,0.01211614,0.00961882,0.00775912,0.00633082,0.00521125,0.00432009,0.00360183,0.00301682,0.00253612,0.00213822,0.00180686,0.00152956,0.00129657
Gram_error_fro,4.0,2,14,2,0.0,0.09081114,0.05617182,0.04064681,0.03172207,0.02564725,0.02127068,0.01806543,0.01570986,0.01398139,0.01271837,0.0118009,0.01113919,0.01066592,0.01033074,0.01009623,0.00993474,0.00982597
Gram_error_fro,6.0,2,14,2,0.0,0.06930542,0.05986138,0.0498237,0.04157373,0.03498741,0.02980693,0.02575234,0.02257457,0.02007291,0.01809255,0.016516,0.01525434,0.01423999,0.01342124,0.01275821,0.01221985,0.01178178
Gram_error_fro,4.0,1,14,2,0.0,0.05197786,0.02561725,0.01782523,0.01429872,0.01204244,0.01035982,0.00902808,0.00794708,0.00705621,0.00631228,0.00568257,0.00514205,0.00467169,0.00425713,0.00388763,0.00355519,0.00325386
Gram_error_fro,6.0,1,14,2,0.0,0.12174026,0.11621484,0.10392366,0.09164784,0.08042346,0.07049991,0.061847,0.05433925,0.04783173,0.04218693,0.03728263,0.03301301,0.0292875,0.02602904,0.02317222,0.02066154,0.01844993
Gram_error_fro,4.0,1,14,2,0.0,0.06415358,0.03012274,0.01658807,0.00998226,0.00603666,0.00349846,0.00184127,0.00077592,0.00022462,0.00044071,0.000674,0.00080378,0.00085839,0.00086278,0.00083496,0.00078754,0.00072923
Gram_error_fro,0.0,1,14,5,0.0,0.0,0.0,0.0,0.0,0.0,0.0,0.0,0.0,0.0,0.0,0.0,0.0,0.0,0.0,0.0,0.0,0.0
Gram_error_fro,2.0,1,14,5,0.0,0.0188834,0.01040532,0.00687691,0.00537005,0.00447184,0.00380437,0.00326241,0.00280791,0.00242209,0.00209298,0.00181169,0.00157103,0.00136499,0.0011884,0.00103687,0.00090661,0.00079441
Gram_error_fro,2.0,1,14,5,0.0,0.04373724,0.03912086,0.03112967,0.02457191,0.01982582,0.01637907,0.01376625,0.01169939,0.01001451,0.00861517,0.00743973,0.00644509,0.00559898,0.00487617,0.00425641,0.00372324,0.00326314
Gram_error_fro,0.0,1,14,5,0.0,0.04173523,0.04214481,0.03888839,0.03412394,0.02917219,0.02466509,0.02081047,0.01761018,0.01498454,0.01283362,0.01106363,0.00959578,0.00836728,0.00732941,0.00644473,0.00568455,0.00502672
Gram_error_fro,0.0,1,14,5,0.0,0.0,0.0,0.0,0.0,0.0,0.0,0.0,0.0,0.0,0.0,0.0,0.0,0.0,0.0,0.0,0.0,0.0
Gram_error_fro,0.0,1,14,5,0.0,0.0,0.0,0.0,0.0,0.0,0.0,0.0,0.0,0.0,0.0,0.0,0.0,0.0,0.0,0.0,0.0,0.0
Gram_error_fro,2.0,1,14,5,0.0,0.05002875,0.04420062,0.03426947,0.02672429,0.02155576,0.01789885,0.01514571,0.01296637,0.01118643,0.00970606,0.00846102,0.00740565,0.00650535,0.00573299,0.00506694,0.00448979,0.00398744
Gram_error_fro,2.0,1,14,5,0.0,0.05868327,0.05653699,0.04967428,0.0427535,0.0365577,0.03119145,0.02662099,0.02276727,0.01953428,0.01682528,0.014552,0.01263839,0.01102098,0.00964779,0.00847653,0.00747288,0.00660896
Gram_error_fro,4.0,1,14,5,0.0,0.10216943,0.0805528,0.05907786,0.04492907,0.03565004,0.02916559,0.02433215,0.0205569,0.01751853,0.01502661,0.01295694,0.01122206,0.00975701,0.00851199,0.00744797,0.006534,0.00574531
Gram_error_fro,2.0,1,14,5,0.0,0.01333491,0.01104562,0.00917417,0.00769053,0.00659549,0.00578415,0.00515612,0.00464394,0.00420818,0.00382678,0.00348717,0.00318165,0.00290513,0.00265387,0.00242502,0.00221622,0.00202552
Gram_error_fro,4.0,1,14,5,0.0,0.06317091,0.05327968,0.04506807,0.0385011,0.03310446,0.02862958,0.02491105,0.02181104,0.01921133,0.0170142,0.0151416,0.01353246,0.0121393,0.01092505,0.00986047,0.00892223,0.00809145
Gram_error_fro,2.0,1,14,5,0.0,0.06015652,0.04459293,0.03339098,0.02592866,0.02083637,0.01720857,0.01447982,0.01232355,0.01055885,0.00908382,0.00783672,0.00677609,0.00587119,0.00509763,0.00443526,0.00386715,0.00337901
Gram_error_fro,2.0,1,14,5,0.0,0.07309239,0.05454592,0.04053671,0.03098001,0.02449905,0.01992776,0.01652516,0.01387336,0.01174057,0.00999146,0.0085399,0.0073261,0.00630557,0.00544377,0.00471319,0.00409157,0.0035608
Gram_error_fro,4.0,1,14,5,0.0,0.08190541,0.07086569,0.05684043,0.04563035,0.037001,0.0303384,0.02515562,0.02108881,0.0178646,0.01527787,0.01317585,0.01144547,0.01000323,0.00878728,0.00775154,0.00686134,0.00609025
Gram_error_fro,4.0,1,14,5,0.0,0.08431899,0.07677857,0.06397685,0.05291389,0.04419066,0.03735288,0.03190361,0.02747238,0.02380451,0.02072554,0.018113,0.01587788,0.01395332,0.01228761,0.01083985,0.00957707,0.00847234
Gram_error_fro,6.0,1,14,5,0.0,0.08767327,0.06561233,0.04552601,0.03361036,0.02709425,0.02339574,0.02104711,0.01935823,0.0180249,0.01690849,0.01593901,0.0150762,0.0142942,0.01357521,0.01290655,0.01227905,0.0116861
Gram_error_fro,0.0,1,14,4,0.0,0.0,0.0,0.0,0.0,0.0,0.0,0.0,0.0,0.0,0.0,0.0,0.0,0.0,0.0,0.0,0.0,0.0
Gram_error_fro,2.0,1,14,4,0.0,0.04249926,0.03466161,0.02660007,0.02086037,0.01673746,0.01365075,0.01126361,0.00937303,0.00784808,0.00660039,0.00556828,0.0047075,0.0039853,0.00337679,0.00286257,0.00242715,0.00205798
Gram_error_fro,2.0,1,14,4,0.0,0.01921951,0.01649906,0.01353354,0.01143923,0.00984107,0.00851829,0.00739809,0.00644623,0.00563409,0.00493611,0.00433137,0.00380379,0.00334121,0.00293435,0.00257585,0.00225973,0.00198095
Gram_error_fro,2.0,1,14,4,0.0,0.05018497,0.03311454,0.02115832,0.0137166,0.00930817,0.00696964,0.00592118,0.00551036,0.00532553,0.00518019,0.0050109,0.00480491,0.00456705,0.00430676,0.00403353,0.0037554,0.00347874
Gram_error_fro,2.0,1,14,4,0.0,0.07824884,0.0541903,0.03547003,0.02382665,0.0167279,0.01234234,0.00953032,0.00762303,0.00624664,0.00519781,0.00436542,0.00368642,0.00312274,0.00264968,0.00225004,0.00191108,0.00162293
Gram_error_fro,2.0,1,14,4,0.0,0.06297611,0.05429807,0.04688057,0.04157172,0.03732365,0.03372467,0.03059031,0.02780855,0.0253057,0.02303368,0.02096081,0.01906514,0.01733019,0.0157426,0.01429073,0.01296411,0.01175306
Gram_error_fro,2.0,1,14,4,0.0,0.01944459,0.01903925,0.01544927,0.01201324,0.00937726,0.00745224,0.00604172,0.00499074,0.00419607,0.00358917,0.00312164,0.00275716,0.00246771,0.00223189,0.00203395,0.00186268,0.00171048
Gram_error_fro,2.0,1,14,4,0.0,0.11285992,0.07646571,0.04518979,0.02674995,0.01650078,0.01077372,0.00746194,0.00545149,0.00417293,0.00333257,0.00276907,0.00238442,0.00211408,0.00191457,0.00175746,0.00162508,0.00150714
Gram_error_fro,4.0,1,14,4,0.0,0.07996408,0.06777798,0.05465975,0.04516824,0.03813786,0.03263281,0.02815486,0.02443434,0.02130537,0.01865217,0.01638732,0.01444229,0.01276248,0.01130411,0.01003189,0.00891723,0.00793686
Gram_error_fro,4.0,1,14,4,0.0,0.05377249,0.04904851,0.04083364,0.03398134,0.02855646,0.0241429,0.02046838,0.01738208,0.01478679,0.01260639,0.01077531,0.0092363,0.00794007,0.00684504,0.00591661,0.00512636,0.00445106
Gram_error_fro,4.0,1,14,4,0.0,0.09654746,0.09192537,0.08032719,0.06854554,0.05786034,0.04859492,0.04074272,0.03416914,0.02870008,0.02416159,0.02039625,0.01726841,0.01466428,0.01248991,0.01066845,0.00913732,0.00784573
Gram_error_fro,4.0,1,14,4,0.0,0.10943878,0.07412199,0.04602811,0.03057146,0.02243431,0.0177877,0.01471406,0.01240362,0.01053382,0.00896854,0.00764009,0.00650686,0.00553857,0.004711,0.00400392,0.00340014,0.00288496
Gram_error_fro,2.0,1,14,4,0.0,0.04249926,0.03466161,0.02660007,0.02086037,0.01673746,0.01365075,0.01126361,0.00937303,0.00784808,0.00660039,0.00556828,0.0047075,0.0039853,0.00337679,0.00286257,0.00242715,0.00205798
Gram_error_fro,6.0,1,14,4,0.0,0.06075001,0.04560164,0.03228732,0.02380638,0.01845417,0.0148297,0.01217617,0.01011897,0.00846708,0.00711377,0.00599225,0.00505644,0.00427212,0.00361277,0.00305724,0.00258839,0.0021922
Gram_error_fro,2.0,1,14,4,0.0,0.12928476,0.09144642,0.057788,0.03870328,0.02880443,0.02338528,0.0199134,0.01731189,0.01517279,0.01334063,0.01174708,0.01035347,0.00913203,0.00806007,0.00711817,0.00628954,0.00555966
Gram_error_fro,6.0,1,14,4,0.0,0.0785736,0.06663457,0.05056618,0.038295,0.02976296,0.02373274,0.01925906,0.01578857,0.01301433,0.01075814,0.00890641,0.00737952,0.00611749,0.00507307,0.00420814,0.00349154,0.00289763
Gram_error_fro,0.0,1,14,3,0.0,0.0,0.0,0.0,0.0,0.0,0.0,0.0,0.0,0.0,0.0,0.0,0.0,0.0,0.0,0.0,0.0,0.0
Gram_error_fro,2.0,1,14,3,0.0,0.0339115,0.02010508,0.01436456,0.01110153,0.00893107,0.00736414,0.00617241,0.00523231,0.00447085,0.00384215,0.00331577,0.00287058,0.0024912,0.00216611,0.00188632,0.00164472,0.00143555
Gram_error_fro,2.0,1,14,3,0.0,0.01123113,0.00737864,0.00633452,0.00537298,0.00448076,0.00371746,0.00308609,0.00256999,0.0021494,0.00180634,0.00152577,0.00129542,0.00110545,0.00094799,0.0008168,0.00070689,0.0006143
Gram_error_fro,2.0,1,14,3,0.0,0.06578561,0.04905068,0.03486798,0.02498443,0.01815838,0.01339667,0.01003677,0.00763993,0.00591207,0.00465339,0.00372626,0.00303474,0.00251133,0.00210837,0.00179219,0.00153913,0.00133258
Gram_error_fro,2.0,1,14,3,0.0,0.03871561,0.01497878,0.00763616,0.00490869,0.00359008,0.00281563,0.00230414,0.00194003,0.00166611,0.00145088,0.00127587,0.00112972,0.00100519,0.00089748,0.00080325,0.00072012,0.00064631
Gram_error_fro,2.0,1,14,3,0.0,0.01612344,0.01099121,0.00839791,0.00712344,0.0063461,0.00570475,0.00511033,0.00455224,0.00403465,0.00356154,0.00313431,0.00275215,0.00241276,0.00211298,0.00184922,0.00161783,0.00141522
Gram_error_fro,4.0,1,14,3,0.0,0.04127721,0.02100623,0.01104314,0.0063114,0.00373702,0.00223098,0.00138918,0.00101821,0.00092949,0.00093518,0.00094224,0.00092731,0.00089112,0.00083994,0.00077998,0.00071614,0.00065189
Gram_error_fro,4.0,1,14,3,0.0,0.05215398,0.02327418,0.01418821,0.01052173,0.00835254,0.00679943,0.00559969,0.00464176,0.00386416,0.00322719,0.00270252,0.0022688,0.00190929,0.00161062,0.00136197,0.00115453,0.00098109
Gram_error_fro,4.0,1,14,3,0.0,0.04790133,0.02411964,0.01521209,0.01147204,0.00943278,0.00804991,0.00698641,0.00611659,0.00538356,0.00475579,0.00421279,0.00373983,0.00332569,0.00296152,0.00264019,0.00235586,0.00210368
Gram_error_fro,4.0,1,14,3,0.0,0.07199405,0.04905166,0.03357961,0.0232249,0.01623642,0.01145773,0.00814587,0.00582328,0.00417944,0.00300973,0.00217734,0.00158936,0.00118133,0.00090674,0.00072944,0.00061921,0.00055086
Gram_error_fro,4.0,1,14,3,0.0,0.04327114,0.02173283,0.01313947,0.00880803,0.0063329,0.00483637,0.00388907,0.003253,0.00279365,0.00243711,0.00214406,0.00189393,0.00167581,0.00148357,0.00131341,0.00116265,0.00102912
Gram_error_fro,4.0,1,14,3,0.0,0.06133209,0.04253237,0.03004787,0.0223408,0.01730443,0.01379762,0.01122809,0.00927279,0.00774291,0.00652062,0.00552832,0.00471249,0.00403494,0.00346756,0.00298918,0.00258352,0.00223788
Gram_error_fro,4.0,1,14,3,0.0,0.0806195,0.03890853,0.02374237,0.01699932,0.01291582,0.01003258,0.00788771,0.00626375,0.00502318,0.00406807,0.00332637,0.00274488,0.0022843,0.00191562,0.0016174,0.00137374,0.00117278
Gram_error_fro,2.0,2,14,3,0.0,0.01369492,0.01051234,0.0108494,0.0111946,0.0113847,0.01149768,0.01158345,0.01166416,0.01174787,0.01183622,0.01192814,0.01202158,0.01211442,0.01220479,0.01229127,0.01237282,0.01244884
Gram_error_fro,4.0,1,14,3,0.0,0.12697116,0.12050933,0.10546077,0.09099037,0.07824633,0.06728286,0.05793628,0.04999743,0.04326049,0.03753928,0.03267189,0.02852053,0.02496937,0.02192177,0.01929741,0.01702972,0.01506348
Gram_error_fro,4.0,1,14,3,0.0,0.07087875,0.04813938,0.03500687,0.0267027,0.02094346,0.01672649,0.01353254,0.01105727,0.00910635,0.00754835,0.00629075,0.00526654,0.0044261,0.00373203,0.00315573,0.002675,0.0022724
Gram_error_fro,0.0,1,14,2,0.0,0.0,0.0,0.0,0.0,0.0,0.0,0.0,0.0,0.0,0.0,0.0,0.0,0.0,0.0,0.0,0.0,0.0
Gram_error_fro,2.0,1,14,2,0.0,0.02300765,0.01780644,0.01393641,0.01100507,0.0087887,0.00711443,0.00583346,0.00483571,0.004045,0.003409,0.00289105,0.00246483,0.00211097,0.00181495,0.00156567,0.00135455,0.00117485
Gram_error_fro,2.0,1,14,2,0.0,0.05904865,0.03757416,0.02872626,0.02255856,0.01775803,0.01397584,0.01100013,0.00866344,0.00682928,0.00538795,0.00425284,0.0033564,0.00264636,0.00208245,0.00163365,0.00127604,0.00099111
Gram_error_fro,2.0,1,14,2,0.0,0.04351214,0.03501372,0.02958205,0.02518094,0.02144113,0.01827295,0.01560416,0.01336115,0.01147475,0.00988424,0.00853846,0.00739525,0.00642022,0.00558545,0.00486823,0.00425002,0.00371564
Gram_error_fro,2.0,1,14,2,0.0,0.02155942,0.01455838,0.01126401,0.00911803,0.00755998,0.00636774,0.00541862,0.00464003,0.00398769,0.00343342,0.0029583,0.00254891,0.00219517,0.00188913,0.00162434,0.00139534,0.00119752
Gram_error_fro,2.0,1,14,2,0.0,0.05425917,0.03932386,0.03167568,0.02639238,0.02224306,0.01887428,0.01610808,0.01381947,0.01191237,0.01031183,0.00895918,0.00780852,0.00682378,0.00597648,0.00524396,0.0046081,0.00405422
Gram_error_fro,2.0,1,14,2,0.0,0.09411636,0.09244222,0.08488391,0.07656243,0.06849685,0.06105958,0.05435411,0.04837221,0.0430639,0.03836579,0.03421264,0.03054219,0.02729716,0.02442594,0.02188273,0.01962713,0.01762381
Gram_error_fro,2.0,1,14,2,0.0,0.00057709,0.00019348,0.00034391,0.00047773,0.00051116,0.00047343,0.00039557,0.0003018,0.00020933,0.00013222,9.08e-05,0.00010146,0.00013519,0.00016786,0.00019345,0.00021126,0.00022196
Gram_error_fro,0.0,1,14,2,0.0,0.0,0.0,0.0,0.0,0.0,0.0,0.0,0.0,0.0,0.0,0.0,0.0,0.0,0.0,0.0,0.0,0.0
Gram_error_fro,4.0,1,14,2,0.0,0.0549221,0.03900378,0.03102178,0.02576821,0.02201535,0.01924829,0.01716365,0.01555703,0.01428489,0.01324603,0.01236996,0.01160835,0.01092856,0.01030884,0.00973487,0.00919727,0.00868992
Gram_error_fro,4.0,1,14,2,0.0,0.03547223,0.02982484,0.02498991,0.02129518,0.018339,0.0158935,0.01383072,0.01207236,0.01056423,0.00926495,0.00814124,0.00716581,0.00631617,0.00557373,0.00492313,0.0043516,0.00384848
Gram_error_fro,6.0,2,14,2,0.0,0.0613299,0.04736879,0.03743769,0.02998766,0.02415163,0.01953247,0.01588588,0.01303828,0.01086141,0.00925758,0.00814518,0.00744484,0.00707185,0.00693952,0.0069692,0.00709821,0.00728169
Gram_error_fro,4.0,1,14,2,0.0,0.04077105,0.02847762,0.02134319,0.01656409,0.01301452,0.01030618,0.00822278,0.00660839,0.00534707,0.00435342,0.00356479,0.00293489,0.00242914,0.00202136,0.00169145,0.00142378,0.00120605
Gram_error_fro,4.0,1,14,2,0.0,0.03231582,0.02841957,0.02424571,0.02072419,0.01775799,0.01524819,0.01311904,0.01131052,0.00977254,0.00846238,0.00734368,0.00638579,0.00556313,0.0048545,0.00424234,0.00371212,0.00325178
Gram_error_fro,6.0,1,14,2,0.0,0.05400251,0.02606422,0.01824978,0.01478827,0.01252876,0.01078577,0.00935006,0.00813533,0.00709531,0.00619956,0.00542532,0.00475439,0.00417173,0.00366477,0.00322289,0.00283709,0.00249975
Gram_error_fro,4.0,1,14,2,0.0,0.07459661,0.0462662,0.03363073,0.02506014,0.01866708,0.01385688,0.0102452,0.0075367,0.00550438,0.003977,0.00282709,0.00196038,0.00130733,0.00081673,0.00045159,0.00019108,0.00010142
Gram_error_fro,0.0,1,14,2,0.0,0.0,0.0,0.0,0.0,0.0,0.0,0.0,0.0,0.0,0.0,0.0,0.0,0.0,0.0,0.0,0.0,0.0
Gram_error_fro,2.0,1,14,2,0.0,0.00668159,0.00483027,0.00333501,0.00231116,0.00159277,0.0011262,0.00091101,0.00090753,0.00100761,0.0011268,0.00123003,0.00130732,0.00135813,0.00138513,0.00139188,0.00138195,0.00135858
Gram_error_fro,2.0,1,14,2,0.0,0.02184865,0.01536882,0.01193449,0.00966816,0.00793294,0.0065354,0.00539532,0.00446423,0.00370452,0.00308475,0.00257855,0.00216422,0.00182405,0.00154382,0.00131209,0.0011197,0.00095933
Gram_error_fro,2.0,1,14,2,0.0,0.0219348,0.0170877,0.0145883,0.01256147,0.01087005,0.00945385,0.00826085,0.00724826,0.00638228,0.00563656,0.0049905,0.00442783,0.00393558,0.00350324,0.00312225,0.00278554,0.00248721
Gram_error_fro,2.0,1,14,2,0.0,0.0539304,0.04872242,0.04100623,0.03447973,0.0290991,0.02465974,0.02098373,0.01792488,0.01536603,0.01321431,0.01139605,0.00985261,0.00853697,0.00741129,0.00644484,0.00561259,0.00489397
Gram_error_fro,2.0,1,14,2,0.0,0.02119627,0.01681196,0.01439307,0.01239426,0.01071582,0.00930956,0.00812709,0.00712607,0.00627224,0.00553867,0.00490432,0.00435266,0.00387054,0.00344741,0.00307469,0.00274534,0.00245353
Gram_error_fro,4.0,1,14,2,0.0,0.07271193,0.06143429,0.05400355,0.04791917,0.0426279,0.03797454,0.03386914,0.03024066,0.02702931,0.02418386,0.02165997,0.01941895,0.01742695,0.01565428,0.01407493,0.01266609,0.0114078
Gram_error_fro,2.0,1,14,2,0.0,0.02869607,0.02316767,0.02000239,0.01757621,0.01553483,0.01376921,0.01222773,0.01087601,0.00968698,0.00863825,0.007711,0.00688933,0.00615981,0.00551099,0.00493306,0.00441761,0.00395734
Gram_error_fro,4.0,1,14,2,0.0,0.09588811,0.0697307,0.05331522,0.04236028,0.03425982,0.02804987,0.02321345,0.01939922,0.01635353,0.01389168,0.01187872,0.01021532,0.00882766,0.00766023,0.00667075,0.0058266,0.00510234
Gram_error_fro,0.0,1,14,2,0.0,0.0,0.0,0.0,0.0,0.0,0.0,0.0,0.0,0.0,0.0,0.0,0.0,0.0,0.0,0.0,0.0,0.0
Gram_error_fro,0.0,1,14,2,0.0,0.02485876,0.01837587,0.01570832,0.0136847,0.01200853,0.01058731,0.00936926,0.00831753,0.0074036,0.00660487,0.00590329,0.00528436,0.00473625,0.00424929,0.00381544,0.00342799,0.0030813
Gram_error_fro,4.0,1,14,2,0.0,0.09142925,0.05342881,0.03872181,0.03134809,0.02607292,0.02182442,0.01832613,0.0154356,0.01304245,0.01105541,0.00939982,0.0080153,0.00685321,0.00587436,0.0050471,0.00434573,0.00374934
Gram_error_fro,6.0,1,14,2,0.0,0.09180662,0.05527662,0.04127929,0.03418371,0.02913157,0.0250378,0.0215943,0.01866211,0.01615134,0.01399394,0.0121354,0.01053106,0.0091439,0.00794295,0.0069021,0.00599928,0.00521566
Gram_error_fro,4.0,1,14,2,0.0,0.09867433,0.04581203,0.02898201,0.02259426,0.0184912,0.01538333,0.01296865,0.01106838,0.00954821,0.00830972,0.00728274,0.00641761,0.00567897,0.00504129,0.00448583,0.00399851,0.0035686
Gram_error_fro,6.0,1,14,2,0.0,0.08590677,0.04034195,0.02520418,0.01960407,0.01615791,0.01345121,0.01120149,0.00931794,0.00774606,0.0064403,0.0053597,0.00446769,0.00373245,0.00312677,0.00262782,0.0022166,0.00187742
Gram_error_fro,4.0,1,14,2,0.0,0.08082488,0.05956147,0.04472791,0.03446946,0.0269178,0.02121505,0.0168603,0.01350791,0.01090643,0.00887091,0.00726491,0.00598741,0.00496322,0.00413601,0.00346324,0.00291253,0.00245903
Gram_error_fro,0.0,1,14,3,0.0,0.0,0.0,0.0,0.0,0.0,0.0,0.0,0.0,0.0,0.0,0.0,0.0,0.0,0.0,0.0,0.0,0.0
Gram_error_fro,2.0,1,14,3,0.0,0.01961557,0.01227689,0.00965868,0.00806006,0.00689247,0.00598732,0.00525723,0.00465051,0.00413525,0.00369071,0.00330276,0.0029613,0.00265888,0.00238978,0.0021495,0.0019344,0.00174147
Gram_error_fro,2.0,1,14,3,0.0,0.03440449,0.01968731,0.01507534,0.01315544,0.01174079,0.01049139,0.00936491,0.00835422,0.00745259,0.0066511,0.00593987,0.00530903,0.00474934,0.00425238,0.00381068,0.00341762,0.00306741
Gram_error_fro,2.0,1,14,3,0.0,0.02544073,0.00712425,0.002747,0.00204462,0.00197211,0.0019454,0.00191358,0.0018774,0.00183781,0.00179405,0.0017452,0.00169084,0.0016312,0.00156694,0.00149899,0.00142837,0.00135611
Gram_error_fro,2.0,1,14,3,0.0,0.03904497,0.02448948,0.01972838,0.01692484,0.01478488,0.01300639,0.01148539,0.01016942,0.00902363,0.00802158,0.00714214,0.00636797,0.00568469,0.00508025,0.00454447,0.00406869,0.00364551
Gram_error_fro,2.0,1,14,3,0.0,0.01394422,0.00856071,0.00724312,0.00650048,0.00589121,0.00535756,0.00488236,0.00445571,0.00407037,0.00372076,0.00340251,0.00311211,0.00284666,0.00260375,0.0023813,0.00217748,0.00199068
Gram_error_fro,4.0,1,14,3,0.0,0.04716779,0.0256656,0.01986672,0.01795366,0.01661628,0.01534861,0.01410789,0.01291283,0.01178238,0.01072792,0.00975415,0.00886114,0.00804609,0.00730454,0.00663125,0.00602069,0.00546741
Gram_error_fro,4.0,1,14,3,0.0,0.10686088,0.10407218,0.09295785,0.08089,0.06976473,0.05999181,0.05156944,0.04437402,0.03825107,0.03304773,0.02862471,0.02486002,0.02164909,0.01890351,0.01654908,0.01452389,0.01277637
Gram_error_fro,4.0,1,14,3,0.0,0.0618049,0.04047081,0.02850468,0.02138524,0.0166653,0.01331897,0.01084896,0.0089767,0.00752914,0.00639145,0.00548413,0.00475059,0.00414978,0.00365151,0.00323333,0.00287838,0.00257393
Gram_error_fro,4.0,1,14,3,0.0,0.02962831,0.02116415,0.01584718,0.01254569,0.01034557,0.0087639,0.00755924,0.00660443,0.00582605,0.00517792,0.00462903,0.00415764,0.00374802,0.00338855,0.00307047,0.00278707,0.00253313
Gram_error_fro,4.0,1,14,3,0.0,0.07307595,0.06424768,0.05155011,0.04090509,0.0324985,0.02591047,0.02073913,0.01666294,0.01343363,0.01086168,0.00880289,0.00714734,0.00581085,0.00472857,0.00385013,0.00313613,0.00255554
Gram_error_fro,4.0,1,14,3,0.0,0.05751251,0.03032158,0.01790466,0.01237743,0.00933982,0.00736135,0.00597007,0.00495605,0.00419829,0.00361894,0.00316604,0.00280433,0.00250943,0.00226418,0.00205632,0.00187701,0.00171979
Gram_error_fro,4.0,1,14,3,0.0,0.04219057,0.02280289,0.01731606,0.01486867,0.01318191,0.01180167,0.01061124,0.00957156,0.00866289,0.00786997,0.00717864,0.00657549,0.00604811,0.00558534,0.00517737,0.00481573,0.00449323
Gram_error_fro,4.0,2,14,3,0.0,0.04924382,0.02724657,0.01813103,0.0138515,0.0114939,0.01017701,0.0095047,0.00923708,0.00921568,0.00933708,0.00953596,0.00977225,0.01002192,0.01027086,0.01051104,0.01073813,0.01095006
Gram_error_fro,4.0,1,14,3,0.0,0.06086667,0.03744864,0.02811478,0.02287288,0.01920846,0.0163938,0.01413401,0.01227375,0.01071689,0.00939822,0.0082709,0.00730007,0.00645898,0.00572669,0.00508646,0.00452476,0.00403046
Gram_error_fro,4.0,2,14,3,0.0,0.0247211,0.0150635,0.01212733,0.01090373,0.01034622,0.0101017,0.01002071,0.01003335,0.01010303,0.01020844,0.01033612,0.01047708,0.01062512,0.01077586,0.01092614,0.01107373,0.01121701
Gram_error_fro,0.0,1,14,2,0.0,0.0,0.0,0.0,0.0,0.0,0.0,0.0,0.0,0.0,0.0,0.0,0.0,0.0,0.0,0.0,0.0,0.0
Gram_error_fro,2.0,1,14,2,0.0,0.02431375,0.01579929,0.01187198,0.00950361,0.00784185,0.00657111,0.00555705,0.00472982,0.00404626,0.00347642,0.00299815,0.00259447,0.00225205,0.00196032,0.00171078,0.00149653,0.00131197
Gram_error_fro,2.0,1,14,2,0.0,0.01767364,0.00610564,0.00293143,0.00237731,0.00237014,0.00234204,0.00223408,0.00207067,0.00187949,0.00168048,0.00148634,0.00130447,0.00113874,0.00099068,0.00086035,0.00074693,0.00064909
Gram_error_fro,2.0,1,14,2,0.0,0.00530817,0.00208067,0.00103387,0.00067255,0.00050528,0.00040075,0.00032265,0.0002601,0.00020914,0.00016771,0.00013432,0.0001078,8.72e-05,7.17e-05,6.054e-05,5.296e-05,4.813e-05
Gram_error_fro,2.0,1,14,2,0.0,0.02329717,0.01531825,0.01158704,0.00937863,0.00779096,0.00654921,0.00554044,0.00470514,0.00400603,0.00341694,0.00291821,0.00249449,0.00213354,0.00182542,0.00156198,0.00133648,0.00114331
Gram_error_fro,2.0,1,14,2,0.0,0.04343711,0.03066351,0.02356226,0.01887922,0.0153872,0.01266226,0.01049495,0.00875174,0.00733765,0.0061821,0.00523152,0.00444472,0.00378977,0.00324171,0.00278086,0.00239166,0.00206163
Gram_error_fro,4.0,1,14,2,0.0,0.04598976,0.0320877,0.02500199,0.02034329,0.0168211,0.01402696,0.01176737,0.00992072,0.00839999,0.00713954,0.00608878,0.00520822,0.00446674,0.00383968,0.00330731,0.00285376,0.00246616
Gram_error_fro,2.0,1,14,2,0.0,0.05979016,0.03867661,0.02651604,0.018942,0.0137603,0.01008571,0.00744401,0.00552959,0.00413261,0.00310649,0.0023481,0.00178444,0.00136342,0.00104759,0.00080977,0.00063011,0.00049396
Gram_error_fro,4.0,1,14,2,0.0,0.04144927,0.02400343,0.01719913,0.01330736,0.01062054,0.00861026,0.00704775,0.00580799,0.00481171,0.00400388,0.00334427,0.00280255,0.0023554,0.00198468,0.00167609,0.00141832,0.00120231
Gram_error_fro,4.0,1,14,2,0.0,0.02096108,0.01032511,0.00841276,0.00730088,0.00643025,0.00571731,0.00511786,0.00460519,0.00416171,0.00377463,0.00343407,0.00313215,0.00286257,0.00262028,0.00240124,0.00220222,0.00202062
Gram_error_fro,4.0,1,14,2,0.0,0.02396149,0.01057084,0.00589802,0.00363354,0.00259414,0.00230409,0.00230895,0.00234614,0.00233548,0.00226956,0.0021605,0.00202292,0.00186931,0.00170916,0.0015493,0.00139442,0.00124755
Gram_error_fro,2.0,1,14,2,0.0,0.01487597,0.00911329,0.00766128,0.00663592,0.00581367,0.0051264,0.00453733,0.00402529,0.00357656,0.00318132,0.00283195,0.00252238,0.00224754,0.0020032,0.00178571,0.00159197,0.00141926
Gram_error_fro,4.0,1,14,2,0.0,0.05530031,0.02593279,0.01785713,0.01399749,0.01140834,0.0094288,0.00784039,0.00654111,0.00546897,0.00457999,0.00384056,0.00322414,0.00270937,0.00227893,0.00191866,0.00161691,0.00136406
Gram_error_fro,6.0,1,14,2,0.0,0.03788079,0.01863052,0.01248837,0.00924881,0.00706394,0.00546884,0.00426793,0.00334974,0.00264132,0.00209154,0.00166314,0.00132831,0.00106598,0.00086002,0.00069797,0.00057018,0.00046913
Gram_error_fro,4.0,1,14,2,0.0,0.06269056,0.0307009,0.02232275,0.01808115,0.01511538,0.0127948,0.01089851,0.00931925,0.00799111,0.00686734,0.00591235,0.005098,0.00440161,0.0038047,0.00329204,0.00285098,0.00247098
Gram_error_fro,4.0,1,14,2,0.0,0.00391184,0.00113484,0.00089169,0.00087355,0.00083444,0.00076931,0.00069407,0.00061932,0.0005499,0.00048746,0.00043212,0.00038344,0.00034074,0.00030333,0.00027053,0.00024175,0.00021645
Gram_error_fro,0.0,1,14,4,0.0,0.0,0.0,0.0,0.0,0.0,0.0,0.0,0.0,0.0,0.0,0.0,0.0,0.0,0.0,0.0,0.0,0.0
Gram_error_fro,2.0,1,14,4,0.0,0.02617003,0.01758751,0.01180856,0.00882866,0.00737944,0.00660385,0.00610022,0.00570514,0.00535375,0.00502045,0.00469608,0.00437866,0.00406917,0.00376958,0.00348192,0.00320781,0.00294842
Gram_error_fro,2.0,1,14,4,0.0,0.0369075,0.03411255,0.02997917,0.02605677,0.02251584,0.01937109,0.01660904,0.01420536,0.01212871,0.01034424,0.00881665,0.00751234,0.00640055,0.00545384,0.00464813,0.00396255,0.00337916
Gram_error_fro,2.0,1,14,4,0.0,0.03610778,0.0154871,0.00820113,0.00603748,0.00527919,0.0048699,0.00454022,0.00422135,0.00390032,0.00358021,0.00326739,0.00296757,0.00268474,0.00242122,0.00217806,0.00195531,0.00175242
Gram_error_fro,2.0,1,14,4,0.0,0.07562384,0.04234385,0.02640465,0.01888703,0.01459297,0.01171056,0.00958111,0.00792387,0.00659615,0.00551397,0.00462229,0.00388232,0.00326524,0.00274893,0.00231592,0.00195218,0.00164626
Gram_error_fro,2.0,1,14,4,0.0,0.03918138,0.02650943,0.017987,0.01296195,0.00980989,0.00766981,0.00612026,0.00494827,0.0040369,0.00331536,0.00273709,0.00226951,0.00188882,0.00157717,0.00132085,0.00110921,0.00093382
Gram_error_fro,4.0,1,14,4,0.0,0.06028893,0.04317501,0.03400702,0.02885649,0.02515521,0.02211607,0.01949601,0.01720364,0.01519047,0.01342106,0.01186527,0.01049647,0.00929119,0.0082289,0.00729172,0.00646414,0.00573271
Gram_error_fro,4.0,1,14,4,0.0,0.06546218,0.05158627,0.03709837,0.02662764,0.01943573,0.01446774,0.01097129,0.00846496,0.00664023,0.00529331,0.00428541,0.00352007,0.00292943,0.00246556,0.00209463,0.00179277,0.00154314
Gram_error_fro,4.0,1,14,4,0.0,0.08330704,0.04702609,0.02674808,0.0168886,0.01206282,0.00967592,0.00844972,0.00774629,0.00726229,0.00686234,0.00649,0.00612436,0.00575992,0.00539746,0.00503997,0.00469078,0.00435288
Gram_error_fro,4.0,1,14,4,0.0,0.03454095,0.02516006,0.01766431,0.01273571,0.00967734,0.00773715,0.00642924,0.00548395,0.00475612,0.00416631,0.00366984,0.00324087,0.00286404,0.00252981,0.00223199,0.00196617,0.00172903
Gram_error_fro,4.0,1,14,4,0.0,0.07207968,0.04710871,0.02936275,0.01849493,0.01199248,0.00816358,0.00591529,0.0045656,0.00371127,0.00312827,0.00269806,0.00235901,0.00207872,0.00183951,0.00163125,0.00144776,0.001285
Gram_error_fro,4.0,1,14,4,0.0,0.08614378,0.06381761,0.04452371,0.03201219,0.02401852,0.01870092,0.01498003,0.01225368,0.01017794,0.00854782,0.00723584,0.00615969,0.00526422,0.00451117,0.00387299,0.00332918,0.00286397
Gram_error_fro,4.0,1,14,4,0.0,0.08698542,0.06451093,0.04778425,0.03853762,0.03310498,0.02935978,0.02637621,0.02379578,0.02148516,0.01939225,0.01749224,0.01576877,0.01420789,0.01279643,0.01152164,0.01037139,0.00933422
Gram_error_fro,4.0,1,14,4,0.0,0.07655764,0.06128084,0.04588291,0.03546336,0.02870291,0.02414561,0.02087591,0.01838194,0.01638055,0.01471061,0.01327688,0.01202077,0.01090483,0.00990407,0.009001,0.00818281,0.00743961
Gram_error_fro,6.0,1,14,4,0.0,0.07023804,0.05532753,0.04344101,0.03536297,0.029318,0.02447204,0.02047574,0.0171526,0.01438504,0.01207998,0.0101594,0.00855756,0.00721952,0.00609977,0.00516082,0.00437189,0.00370772
Gram_error_fro,6.0,1,14,4,0.0,0.08362246,0.04929834,0.0309392,0.02168115,0.01655766,0.01333333,0.01105574,0.00931623,0.00792482,0.00678126,0.00582545,0.0050176,0.00432948,0.00374013,0.00323339,0.00279645,0.00241899
Gram_error_fro,0.0,1,14,2,0.0,0.0,0.0,0.0,0.0,0.0,0.0,0.0,0.0,0.0,0.0,0.0,0.0,0.0,0.0,0.0,0.0,0.0
Gram_error_fro,2.0,1,14,2,0.0,0.03386864,0.02745669,0.02451267,0.02248143,0.02074588,0.01913619,0.01762146,0.01620267,0.01488274,0.01366124,0.01253488,0.01149871,0.01054699,0.00967368,0.00887282,0.0081386,0.00746558
Gram_error_fro,2.0,1,14,2,0.0,0.01526704,0.01278235,0.01117446,0.00990182,0.0088434,0.00794776,0.00717924,0.00651151,0.00592505,0.00540527,0.00494119,0.00452441,0.00414839,0.00380788,0.00349863,0.00321709,0.00296026
Gram_error_fro,2.0,1,14,2,0.0,0.01509081,0.01089362,0.00948231,0.00853069,0.00772372,0.00700211,0.00635253,0.00576876,0.00524491,0.00477485,0.00435258,0.00397259,0.00362993,0.00332027,0.00303982,0.00278532,0.00255396
Gram_error_fro,2.0,1,14,2,0.0,0.00320117,0.00129597,0.00113464,0.00119635,0.00129308,0.00138082,0.00144998,0.00149976,0.00153165,0.0015477,0.00155006,0.00154079,0.00152181,0.00149482,0.00146136,0.00142275,0.00138013
Gram_error_fro,2.0,1,14,2,0.0,0.00320117,0.00129597,0.00113464,0.00119635,0.00129308,0.00138082,0.00144998,0.00149976,0.00153165,0.0015477,0.00155006,0.00154079,0.00152181,0.00149482,0.00146136,0.00142275,0.00138013
Gram_error_fro,2.0,1,14,2,0.0,0.04653703,0.04106332,0.03789784,0.03520877,0.03253979,0.02988376,0.02730557,0.02485861,0.02257379,0.02046423,0.01853145,0.01676997,0.01517046,0.01372166,0.01241155,0.01122816,0.01015991
Gram_error_fro,4.0,1,14,2,0.0,0.03049295,0.01729898,0.00800813,0.00332844,0.00508727,0.00768825,0.00947714,0.01054133,0.01106608,0.01120716,0.01108234,0.01077788,0.01035611,0.00986174,0.00932667,0.00877352,0.00821814
Gram_error_fro,4.0,1,14,2,0.0,0.03360807,0.02267985,0.0180308,0.01506956,0.01301845,0.01150095,0.01030067,0.00929836,0.00843005,0.00766119,0.00697237,0.00635171,0.00579114,0.0052844,0.00482625,0.00441198,0.00403729
Gram_error_fro,2.0,1,14,2,0.0,0.01553838,0.01103937,0.00956343,0.00857968,0.00775145,0.00701398,0.00635207,0.00575859,0.00522702,0.0047508,0.00432364,0.00393978,0.00359411,0.00328214,0.003,0.00274434,0.00251225
Gram_error_fro,2.0,1,14,2,0.0,0.02263832,0.01639533,0.01409689,0.01268897,0.01163401,0.01076298,0.01000638,0.00933044,0.00871622,0.00815199,0.00762993,0.00714454,0.00669176,0.00626849,0.00587223,0.00550089,0.0051527
Gram_error_fro,6.0,2,14,2,0.0,0.04211667,0.03275186,0.03071163,0.02918828,0.0273524,0.02522696,0.02295366,0.02065553,0.01841719,0.01629166,0.01431039,0.01249136,0.01084489,0.00937774,0.00809608,0.0070074,0.00612119
Gram_error_fro,4.0,1,14,2,0.0,0.0515549,0.0405572,0.03506922,0.0307625,0.02703748,0.02375094,0.02085186,0.01830526,0.01607643,0.01413015,0.01243236,0.01095149,0.00965911,0.00853013,0.00754265,0.0066777,0.00591892
Gram_error_fro,4.0,1,14,2,0.0,0.04498981,0.03610137,0.03282074,0.03070157,0.02894344,0.02736146,0.02589667,0.0245219,0.02322143,0.02198552,0.02080808,0.01968524,0.01861442,0.01759375,0.01662168,0.01569679,0.01481767
Gram_error_fro,4.0,1,14,2,0.0,0.04213966,0.02859868,0.01864342,0.01163398,0.00725412,0.00557355,0.00581997,0.0065798,0.00720655,0.00757781,0.00771802,0.00767931,0.00751103,0.00725327,0.00693681,0.00658464,0.00621364
Gram_error_fro,4.0,1,14,2,0.0,0.03558081,0.03458265,0.03266082,0.03058691,0.02848126,0.0263913,0.02436125,0.02242394,0.02059861,0.01889403,0.01731203,0.01585017,0.0145035,0.0132657,0.01212978,0.01108855,0.01013489
Gram_error_fro,0.0,1,14,2,0.0,0.0,0.0,0.0,0.0,0.0,0.0,0.0,0.0,0.0,0.0,0.0,0.0,0.0,0.0,0.0,0.0,0.0
Gram_error_fro,2.0,1,14,2,0.0,0.04464846,0.03415856,0.02539669,0.01933398,0.01497431,0.01172831,0.00926261,0.00736486,0.00588918,0.00473167,0.00381686,0.00308914,0.00250702,0.00203919,0.00166175,0.00135629,0.00110843
Gram_error_fro,2.0,1,14,2,0.0,0.04046603,0.04367305,0.03881111,0.03302557,0.02782509,0.02342836,0.01976965,0.01673245,0.01420555,0.01209485,0.01032378,0.00883084,0.00756691,0.00649267,0.00557655,0.00479308,0.0041215
Gram_error_fro,2.0,1,14,2,0.0,0.01614306,0.0120856,0.01139412,0.00990123,0.00822995,0.00671147,0.00542095,0.00435284,0.00348024,0.00277267,0.00220168,0.0017425,0.00137429,0.00107984,0.00084501,0.00065827,0.00051026
Gram_error_fro,2.0,1,14,2,0.0,0.07027718,0.03017831,0.01436934,0.0083633,0.00560257,0.0040317,0.00300692,0.00228999,0.00177005,0.00138495,0.00109549,0.00087529,0.00070592,0.00057425,0.00047078,0.0003886,0.00032266
Gram_error_fro,2.0,1,14,2,0.0,0.03403357,0.02603591,0.01915044,0.01440527,0.01100927,0.00847228,0.00654555,0.0050756,0.00395154,0.00308938,0.00242548,0.00191195,0.00151287,0.00120132,0.00095707,0.0007648,0.0006129
Gram_error_fro,2.0,1,14,2,0.0,0.01316453,0.00548231,0.00282933,0.00179502,0.00126613,0.00093501,0.00072107,0.0005894,0.00051225,0.00046606,0.00043433,0.00040775,0.00038207,0.00035581,0.00032882,0.00030148,0.00027433
Gram_error_fro,2.0,1,14,2,0.0,0.06999391,0.03088079,0.01496423,0.00873348,0.00617208,0.00511644,0.0046368,0.00433075,0.00405329,0.00376576,0.00346615,0.0031624,0.00286323,0.00257557,0.00230417,0.00205184,0.00181997
Gram_error_fro,2.0,1,14,2,0.0,0.05605074,0.04198328,0.03556895,0.03130038,0.02762376,0.02436701,0.02150545,0.01900453,0.01682133,0.01491341,0.01324252,0.01177551,0.01048417,0.00934463,0.00833675,0.00744352,0.00665049
Gram_error_fro,4.0,2,14,2,0.0,0.01053477,0.00551957,0.00684251,0.00845686,0.00958317,0.01026862,0.01064419,0.01081975,0.01087217,0.01085196,0.01079131,0.01071039,0.01062162,0.01053244,0.01044716,0.01036811,0.01029636
Gram_error_fro,2.0,1,14,2,0.0,0.03021005,0.02052882,0.01430507,0.01000927,0.00690233,0.00468055,0.00311613,0.00202932,0.00128893,0.00080826,0.00053856,0.0004423,0.00044614,0.00047588,0.00049925,0.00050896,0.00050583
Gram_error_fro,4.0,1,14,2,0.0,0.05435521,0.05473882,0.04752315,0.04012338,0.0337154,0.02836008,0.02392033,0.02023876,0.01717593,0.01461676,0.01246856,0.01065734,0.00912402,0.00782132,0.00671113,0.00576257,0.00495042
Gram_error_fro,6.0,1,14,2,0.0,0.07229672,0.05288471,0.03917278,0.02975778,0.02313665,0.01844622,0.01509774,0.01266751,0.01085453,0.00945252,0.00832555,0.00738693,0.00658249,0.00587859,0.00525413,0.00469549,0.00419346
Gram_error_fro,4.0,1,14,2,0.0,0.05580425,0.04468702,0.03416968,0.02594295,0.0196144,0.01478651,0.01112322,0.00835154,0.0062568,0.004674,0.00347803,0.00257472,0.00189344,0.00138134,0.00099887,0.00071665,0.00051306
Gram_error_fro,6.0,1,14,2,0.0,0.03393185,0.0371004,0.03484679,0.0306262,0.02639125,0.02270072,0.01960967,0.01703601,0.01487943,0.01305368,0.01149154,0.01014221,0.00896744,0.00793824,0.00703225,0.00623192,0.00552317
Gram_error_fro,4.0,1,14,2,0.0,0.07615435,0.05300496,0.03640815,0.02581174,0.01878928,0.01402305,0.01076922,0.0085452,0.00701333,0.00593439,0.00514374,0.00453366,0.00403736,0.00361529,0.00324475,0.00291293,0.00261259
Gram_error_fro,0.0,1,14,3,0.0,0.0,0.0,0.0,0.0,0.0,0.0,0.0,0.0,0.0,0.0,0.0,0.0,0.0,0.0,0.0,0.0,0.0
Gram_error_fro,2.0,1,14,3,0.0,0.05059652,0.02602977,0.01613605,0.0112612,0.00833654,0.00640424,0.00506278,0.00409982,0.00338798,0.00284641,0.00242266,0.00208239,0.00180289,0.00156902,0.00137045,0.00119999,0.00105247
Gram_error_fro,0.0,1,14,3,0.0,0.0,0.0,0.0,0.0,0.0,0.0,0.0,0.0,0.0,0.0,0.0,0.0,0.0,0.0,0.0,0.0,0.0
Gram_error_fro,2.0,1,14,3,0.0,0.05793284,0.04364749,0.03253784,0.02457656,0.0188195,0.01462147,0.01152941,0.00922259,0.00747586,0.00613221,0.00508223,0.0042493,0.00357928,0.00303351,0.00258397,0.00221012,0.00189664
Gram_error_fro,2.0,1,14,3,0.0,0.04575225,0.03522085,0.02669543,0.01997437,0.01497113,0.0113591,0.00875945,0.0068677,0.00546753,0.00441152,0.00360018,0.00296603,0.00246274,0.002058,0.00172884,0.0014586,0.00123501
Gram_error_fro,2.0,1,14,3,0.0,0.04739608,0.02992925,0.02076593,0.01526888,0.01159697,0.00900422,0.00711173,0.00569731,0.00461954,0.00378419,0.00312673,0.00260217,0.0021786,0.00183302,0.00154859,0.00131276,0.00111601
Gram_error_fro,4.0,1,14,3,0.0,0.05499741,0.04384179,0.03459003,0.02741554,0.02183888,0.01750389,0.01412692,0.01148273,0.00939733,0.00773922,0.00641,0.00533607,0.00446209,0.00374615,0.0031562,0.00266747,0.00226067
Gram_error_fro,4.0,1,14,3,0.0,0.04240522,0.01848666,0.0091139,0.00506051,0.00305059,0.00200186,0.00148454,0.00126681,0.00119126,0.00116468,0.00114504,0.00111762,0.00107917,0.0010307,0.00097458,0.00091333,0.00084924
Gram_error_fro,2.0,1,14,3,0.0,0.02647926,0.0132689,0.00942241,0.00746966,0.00606055,0.00497344,0.00412324,0.00345128,0.00291353,0.00247747,0.00211941,0.00182209,0.00157284,0.00136221,0.00118301,0.00102973,0.00089801
Gram_error_fro,4.0,1,14,3,0.0,0.07018434,0.0493837,0.03647154,0.02798044,0.02201085,0.01762905,0.01431807,0.01176194,0.00975416,0.00815401,0.00686275,0.00580952,0.00494247,0.00422296,0.00362174,0.00311633,0.00268919
Gram_error_fro,4.0,1,14,3,0.0,0.06039293,0.04541148,0.03464352,0.02695041,0.02123924,0.01693438,0.01365444,0.01112542,0.00914956,0.0075851,0.00633062,0.00531319,0.00447981,0.00379145,0.00321885,0.00273976,0.00233697
Gram_error_fro,4.0,1,14,3,0.0,0.05185458,0.03581835,0.02624549,0.02082073,0.01729932,0.01468988,0.01259586,0.01084813,0.00936283,0.00809004,0.00699501,0.00605097,0.00523613,0.00453221,0.00392374,0.00339749,0.00294216
Gram_error_fro,4.0,1,14,3,0.0,0.04377737,0.02006403,0.01319271,0.00953634,0.00702443,0.00523803,0.0039586,0.00303462,0.00235993,0.00186089,0.00148664,0.00120197,0.0009824,0.0008108,0.00067507,0.00056655,0.00047897
Gram_error_fro,4.0,1,14,3,0.0,0.06946214,0.04063644,0.02948837,0.02225437,0.01687325,0.01286451,0.00990775,0.00773973,0.00615166,0.00498413,0.00411827,0.00346698,0.00296749,0.00257533,0.00225956,0.00199895,0.00177905
Gram_error_fro,6.0,1,14,3,0.0,0.06353003,0.042325,0.02912861,0.02076509,0.01520238,0.01138356,0.00870171,0.00678121,0.00538039,0.00434028,0.00355462,0.00295135,0.00248089,0.00210862,0.00180999,0.00156736,0.00136786
Gram_error_fro,2.0,1,14,3,0.0,0.03319667,0.02199964,0.01571832,0.01190453,0.00940023,0.00763542,0.0063151,0.00528033,0.00444191,0.00374762,0.00316515,0.00267308,0.00225612,0.00190253,0.00160289,0.0013493,0.00113508
Gram_error_fro,0.0,1,14,4,0.0,0.0,0.0,0.0,0.0,0.0,0.0,0.0,0.0,0.0,0.0,0.0,0.0,0.0,0.0,0.0,0.0,0.0
Gram_error_fro,2.0,1,14,4,0.0,0.02994061,0.0209796,0.01521306,0.01148803,0.00889077,0.00700432,0.00560656,0.00455737,0.00376016,0.00314609,0.00266568,0.00228351,0.00197434,0.00172021,0.00150828,0.0013293,0.00117648
Gram_error_fro,2.0,1,14,4,0.0,0.03891238,0.02285852,0.01579159,0.01295848,0.0113466,0.01010651,0.00904353,0.00810692,0.00727571,0.00653601,0.0058765,0.00528751,0.00476068,0.00428873,0.00386532,0.00348494,0.00314277
Gram_error_fro,2.0,1,14,4,0.0,0.0771226,0.06694626,0.05481446,0.0445834,0.03617629,0.0293469,0.02384899,0.01944902,0.01593723,0.01313393,0.01089044,0.00908681,0.00762807,0.00643998,0.00546501,0.00465881,0.00398723
Gram_error_fro,0.0,1,14,4,0.0,0.0,0.0,0.0,0.0,0.0,0.0,0.0,0.0,0.0,0.0,0.0,0.0,0.0,0.0,0.0,0.0,0.0
Gram_error_fro,2.0,1,14,4,0.0,0.02776367,0.00874366,0.00310604,0.00144629,0.00132826,0.00159834,0.00181838,0.00194387,0.00199236,0.00198521,0.00193961,0.00186833,0.00178064,0.00168315,0.00158057,0.00147628,0.00137265
Gram_error_fro,4.0,1,14,4,0.0,0.07217854,0.0569729,0.04414854,0.03421054,0.02659775,0.02082531,0.01644685,0.01310207,0.0105209,0.00850704,0.0069191,0.0056549,0.00463994,0.00381923,0.0031516,0.00260581,0.00215781
Gram_error_fro,4.0,1,14,4,0.0,0.07354516,0.05741605,0.04324598,0.03276533,0.02506717,0.01935681,0.01507293,0.0118255,0.00934076,0.00742362,0.00593307,0.00476598,0.00384616,0.00311677,0.00253514,0.00206892,0.00169343
Gram_error_fro,4.0,1,14,4,0.0,0.08036554,0.05729377,0.04071869,0.02991764,0.02259468,0.01746377,0.01376759,0.01103511,0.00896527,0.00736228,0.00609675,0.00508155,0.00425664,0.0035796,0.00301966,0.00255386,0.00216465
Gram_error_fro,4.0,2,14,4,0.0,0.05332829,0.03242549,0.02357906,0.01977616,0.01795166,0.01702286,0.01654079,0.01629111,0.01616505,0.016106,0.01608398,0.01608276,0.01609328,0.01611031,0.01613073,0.01615261,0.01617474
Gram_error_fro,4.0,1,14,4,0.0,0.05051312,0.04106264,0.03165027,0.02429461,0.01864401,0.0143174,0.01101367,0.00849425,0.00657154,0.0051006,0.00397124,0.00310058,0.00242659,0.00190288,0.00149464,0.00117564,0.00092598
Gram_error_fro,4.0,1,14,4,0.0,0.04222193,0.0244797,0.01926926,0.01754375,0.016505,0.01551523,0.01447101,0.01339173,0.01231552,0.01127354,0.01028592,0.00936346,0.00851038,0.00772664,0.00700972,0.00635576,0.0057603
Gram_error_fro,6.0,1,14,4,0.0,0.09807567,0.0565756,0.03222781,0.02049669,0.01470997,0.01150634,0.00945816,0.00798675,0.00684538,0.00591713,0.00513992,0.00447738,0.0039063,0.00341079,0.00297919,0.00260247,0.00227333
Gram_error_fro,2.0,1,14,4,0.0,0.00540128,0.00544042,0.00604451,0.0060254,0.00564254,0.00508674,0.00448646,0.00390967,0.00338529,0.00292151,0.00251688,0.00216617,0.00186312,0.00160165,0.00137623,0.00118199,0.00101471
Gram_error_fro,4.0,1,14,4,0.0,0.05349569,0.0387091,0.03007479,0.02396895,0.01911336,0.01526965,0.01227931,0.00996902,0.00817867,0.00677823,0.00566925,0.00477969,0.00405743,0.00346462,0.00297349,0.00256329,0.00221825
Gram_error_fro,4.0,1,14,4,0.0,0.08775666,0.06555302,0.04936945,0.03837935,0.03032042,0.02418386,0.01943622,0.01572793,0.01280693,0.01048678,0.0086289,0.00712994,0.00591241,0.00491766,0.00410082,0.00342719,0.00286964
Gram_error_fro,0.0,1,14,2,0.0,0.0,0.0,0.0,0.0,0.0,0.0,0.0,0.0,0.0,0.0,0.0,0.0,0.0,0.0,0.0,0.0,0.0
Gram_error_fro,2.0,1,14,2,0.0,0.01060185,0.00455158,0.00337125,0.0029293,0.00258367,0.00226267,0.00196723,0.00170149,0.00146637,0.00126063,0.00108197,0.00092763,0.00079478,0.00068073,0.00058298,0.0004993,0.00042771
Gram_error_fro,2.0,1,14,2,0.0,0.01831738,0.01335007,0.00887979,0.00628728,0.00477179,0.00382516,0.00319864,0.00275685,0.00242237,0.00215211,0.0019229,0.00172247,0.00154424,0.00138444,0.00124067,0.00111123,0.00099473
Gram_error_fro,0.0,1,14,2,0.0,0.0,0.0,0.0,0.0,0.0,0.0,0.0,0.0,0.0,0.0,0.0,0.0,0.0,0.0,0.0,0.0,0.0
Gram_error_fro,2.0,1,14,2,0.0,0.05693219,0.0405481,0.03077896,0.024042,0.01895776,0.01503177,0.01198593,0.00961826,0.00777266,0.00632825,0.00519211,0.0042932,0.00357741,0.00300351,0.00254007,0.00216307,0.00185407
Gram_error_fro,2.0,1,14,2,0.0,0.0,0.0,0.00082151,0.00136931,0.00168036,0.00182834,0.00186356,0.00182411,0.00173809,0.00162522,0.00149883,0.00136782,0.00123801,0.00111313,0.00099543,0.0008862,0.00078598
Gram_error_fro,4.0,1,14,2,0.0,0.04900843,0.03591649,0.02884034,0.02383327,0.0198452,0.01660936,0.01397351,0.01181725,0.01004326,0.00857445,0.00735043,0.00632409,0.00545856,0.00472485,0.00409994,0.00356547,0.00310662
Gram_error_fro,2.0,1,14,2,0.0,0.01910985,0.00816297,0.00417919,0.00273702,0.0023519,0.00231527,0.0023206,0.00228525,0.00220224,0.00208306,0.00194117,0.00178775,0.00163114,0.00147717,0.0013297,0.00119112,0.00106271
Gram_error_fro,4.0,1,14,2,0.0,0.06146569,0.04149619,0.0286332,0.02038283,0.01482441,0.0109645,0.00823312,0.00627542,0.00485842,0.00382352,0.00306018,0.00249027,0.00205826,0.00172478,0.00146213,0.00125098,0.00107789
Gram_error_fro,4.0,1,14,2,0.0,0.05369359,0.02107431,0.00954575,0.00537544,0.00389729,0.0034397,0.0032771,0.0031519,0.00300079,0.00282057,0.00262205,0.00241667,0.00221321,0.00201758,0.00183333,0.00166233,0.00150527
Gram_error_fro,4.0,1,14,2,0.0,0.04185179,0.02236932,0.01162012,0.00596123,0.00277243,0.00089318,0.00056931,0.00121956,0.00163964,0.00186617,0.00195966,0.00196447,0.00191175,0.00182316,0.00171371,0.0015937,0.00147012
Gram_error_fro,4.0,1,14,2,0.0,0.07612748,0.05227814,0.04054519,0.03387706,0.02892572,0.0248309,0.02134036,0.01834194,0.01576233,0.01354342,0.01163581,0.00999667,0.00858873,0.00737966,0.00634148,0.00545003,0.00468454
Gram_error_fro,4.0,1,14,2,0.0,0.04052292,0.03156666,0.02414762,0.01817211,0.01353278,0.01002364,0.00740032,0.00544803,0.00399724,0.00291985,0.00212074,0.00152977,0.00109532,0.00077943,0.00055428,0.00039946,0.00029944
Gram_error_fro,4.0,1,14,2,0.0,0.0316881,0.02342381,0.01725661,0.01306073,0.01013192,0.00801954,0.00645579,0.00527462,0.00436708,0.00365844,0.00309607,0.00264253,0.00227104,0.00196239,0.00170277,0.0014821,0.00129298
Gram_error_fro,4.0,1,14,2,0.0,0.00249787,0.00809055,0.00868515,0.00914384,0.00944225,0.00944249,0.00919756,0.00878864,0.00828208,0.0077256,0.00715192,0.00658275,0.00603208,0.00550844,0.00501666,0.004559,0.00413601
Gram_error_fro,4.0,1,14,2,0.0,0.07827125,0.0594414,0.04882801,0.04082463,0.03407762,0.02838717,0.0236316,0.01967905,0.01640123,0.01368368,0.01142889,0.00955563,0.00799703,0.0066983,0.00561459,0.00470916,0.00395184
Gram_error_fro,0.0,1,14,6,0.0,0.0,0.0,0.0,0.0,0.0,0.0,0.0,0.0,0.0,0.0,0.0,0.0,0.0,0.0,0.0,0.0,0.0
Gram_error_fro,2.0,1,14,6,0.0,0.05156051,0.03840496,0.02681794,0.01897128,0.01372571,0.01016515,0.00769133,0.00592533,0.00463101,0.00366126,0.00292253,0.00235303,0.00191015,0.00156331,0.00128993,0.00107301,0.00089962
Gram_error_fro,2.0,1,14,6,0.0,0.06487126,0.05844372,0.04912525,0.04078881,0.03370579,0.02780405,0.02295953,0.0190261,0.01585273,0.0132976,0.01123627,0.00956469,0.00819882,0.00707246,0.00613438,0.00534539,0.00467563
Gram_error_fro,2.0,1,14,6,0.0,0.07581811,0.07638546,0.06713759,0.0563141,0.04618727,0.03744523,0.03019033,0.02429956,0.0195767,0.01581766,0.01283677,0.01047538,0.00860263,0.0071129,0.0059223,0.00496494,0.00418958
Gram_error_fro,2.0,1,14,6,0.0,0.05547616,0.04655608,0.03580364,0.02743077,0.02137343,0.0170053,0.01378687,0.01134853,0.00945271,0.00794726,0.00673217,0.00573908,0.00491939,0.00423728,0.00366565,0.00318355,0.00277461
Gram_error_fro,2.0,1,14,6,0.0,0.03721957,0.01647416,0.0077085,0.00420767,0.0025889,0.00172123,0.00120624,0.00087914,0.00066146,0.00051173,0.00040601,0.0003295,0.00027262,0.0002291,0.00019481,0.00016707,0.00014412
Gram_error_fro,4.0,1,14,6,0.0,0.08671433,0.07835172,0.06606385,0.05493612,0.04530294,0.03712199,0.03029525,0.02468475,0.02012786,0.01645685,0.01351373,0.01115848,0.0092721,0.00775648,0.00653251,0.00553747,0.00472228
Gram_error_fro,4.0,1,14,6,0.0,0.07784019,0.07582344,0.06393084,0.05168466,0.04124338,0.03283596,0.0261928,0.02096892,0.01685867,0.01361605,0.01104905,0.00900908,0.0073813,0.00607682,0.00502669,0.00417732,0.00348698
Gram_error_fro,4.0,2,14,6,0.0,0.07457597,0.07037597,0.05937897,0.04946431,0.04163494,0.0357226,0.03139545,0.02832617,0.02621816,0.02481526,0.02390908,0.02334059,0.02299516,0.02279382,0.02268389,0.02263101,0.02261309
Gram_error_fro,4.0,1,14,6,0.0,0.07646933,0.06634619,0.05354349,0.04305699,0.03473773,0.02808937,0.02275857,0.01849409,0.01509694,0.01240025,0.01026293,0.00856729,0.00721702,0.00613485,0.00525992,0.00454507,0.00395427
Gram_error_fro,2.0,1,14,6,0.0,0.06533985,0.04556995,0.0303568,0.02064135,0.01436332,0.01022231,0.00744436,0.00555019,0.00423402,0.00329847,0.00261623,0.00210548,0.00171369,0.00140685,0.00116248,0.00096537,0.00080483
Gram_error_fro,4.0,1,14,6,0.0,0.08735045,0.06664154,0.05278371,0.04292561,0.0351019,0.02865919,0.02335361,0.01902792,0.01553621,0.01273784,0.01050365,0.00872089,0.0072949,0.00614855,0.00522041,0.00446242,0.00383745
Gram_error_fro,6.0,2,14,6,0.0,0.09668581,0.08445003,0.06938972,0.05711597,0.04768144,0.04053821,0.03520659,0.03130453,0.02851361,0.02656341,0.02522952,0.02433389,0.02374212,0.02335696,0.0231104,0.02295592,0.0228622
Gram_error_fro,4.0,1,14,6,0.0,0.0695594,0.06182591,0.05267704,0.04428109,0.03683983,0.03039321,0.02493054,0.02038688,0.01665928,0.01362907,0.01117887,0.00920211,0.00760709,0.00631756,0.00527154,0.00441939,0.00372177
Gram_error_fro,4.0,1,14,6,0.0,0.08144192,0.07061871,0.05795183,0.04680375,0.03757119,0.03015332,0.02427685,0.01964803,0.01600671,0.01313844,0.01087182,0.00907193,0.00763348,0.00647487,0.00553326,0.00476052,0.00411993
Gram_error_fro,4.0,1,14,6,0.0,0.07764923,0.0620722,0.04923505,0.03980628,0.03247283,0.02660269,0.02186485,0.01803798,0.01494907,0.01245559,0.01043964,0.00880475,0.00747305,0.00638236,0.00548342,0.00473745,0.00411402
Gram_error_fro,0.0,1,14,2,0.0,0.0,0.0,0.0,0.0,0.0,0.0,0.0,0.0,0.0,0.0,0.0,0.0,0.0,0.0,0.0,0.0,0.0
Gram_error_fro,2.0,1,14,2,0.0,0.01405351,0.00889243,0.00737005,0.00637122,0.00561462,0.00499471,0.00446398,0.00399896,0.00358654,0.00321839,0.00288856,0.00259246,0.00232635,0.00208703,0.00187175,0.00167807,0.00150386
Gram_error_fro,2.0,1,14,2,0.0,0.01521417,0.00857946,0.00614483,0.00470781,0.00372979,0.00300651,0.00244758,0.0020059,0.00165256,0.00136772,0.0011368,0.0009487,0.00079482,0.00066841,0.00056413,0.00047774,0.00040587
Gram_error_fro,2.0,1,14,2,0.0,0.01824271,0.00669693,0.00412424,0.00325344,0.00278617,0.00245101,0.00217568,0.0019355,0.00172039,0.00152574,0.00134922,0.00118943,0.00104532,0.00091593,0.00080031,0.00069745,0.00060635
Gram_error_fro,0.0,1,14,2,0.0,0.0,0.0,0.0,0.0,0.0,0.0,0.0,0.0,0.0,0.0,0.0,0.0,0.0,0.0,0.0,0.0,0.0
Gram_error_fro,2.0,1,14,2,0.0,0.00927221,0.00449603,0.00304936,0.00233004,0.00181831,0.00143761,0.00115481,0.00094512,0.00078906,0.00067161,0.00058141,0.00051017,0.00045206,0.00040316,0.00036085,0.00032349,0.00029004
Gram_error_fro,4.0,1,14,2,0.0,0.01417487,0.00530239,0.00314602,0.00240785,0.00205112,0.00182507,0.00164812,0.00149127,0.0013449,0.00120659,0.00107642,0.00095504,0.00084304,0.00074074,0.00064814,0.00056499,0.00049083
Gram_error_fro,4.0,1,14,2,0.0,0.0294502,0.01461764,0.00927534,0.00649089,0.00466331,0.00336428,0.00241674,0.00171899,0.00120344,0.00082252,0.00054184,0.0003362,0.000187,8.087e-05,1.907e-05,5.257e-05,8.551e-05
Gram_error_fro,4.0,1,14,2,0.0,0.02713279,0.01320793,0.00894188,0.00686526,0.00548521,0.00447332,0.00370126,0.00309669,0.0026134,0.00222028,0.00189583,0.00162478,0.00139615,0.00120182,0.00103568,0.00089305,0.00077024
Gram_error_fro,4.0,1,14,2,0.0,0.01504779,0.00518428,0.00285946,0.00192799,0.00141342,0.00111985,0.00095638,0.00086012,0.00079242,0.00073414,0.00067776,0.00062128,0.00056495,0.00050973,0.00045661,0.0004064,0.00035964
Gram_error_fro,2.0,1,14,2,0.0,0.03281501,0.01880883,0.01344143,0.01042927,0.00836639,0.00681698,0.00560104,0.00462546,0.00383325,0.0031853,0.00265275,0.00221347,0.00185006,0.00154866,0.00129815,0.00108953,0.00091549
Gram_error_fro,4.0,1,14,2,0.0,0.03073712,0.01095504,0.0080135,0.00647233,0.00534047,0.00445247,0.00373313,0.00314035,0.00264733,0.00223509,0.0018892,0.0015983,0.00135318,0.00114635,0.00097162,0.00082386,0.0006988
Gram_error_fro,4.0,1,14,2,0.0,0.03610498,0.01526447,0.00896372,0.00620183,0.00465309,0.003682,0.00302682,0.0025529,0.00218722,0.00189016,0.00164012,0.00142506,0.00123791,0.00107418,0.00093072,0.0008051,0.00069527
Gram_error_fro,2.0,1,14,2,0.0,0.00434067,0.00118793,0.00034725,0.00011582,0.00015713,0.00020337,0.00022472,0.00023054,0.00022727,0.00021865,0.00020694,0.00019355,0.00017942,0.00016515,0.00015115,0.00013768,0.0001249
Gram_error_fro,4.0,1,14,2,0.0,0.04262205,0.01517957,0.0088303,0.00619451,0.00462216,0.00353805,0.00274932,0.00216107,0.00171554,0.00137421,0.00111029,0.00090461,0.0007432,0.00061573,0.00051444,0.00043345,0.00036828
Gram_error_fro,4.0,1,14,2,0.0,0.03659979,0.01796858,0.01176398,0.0087023,0.0066953,0.00523027,0.00412134,0.00326887,0.00260717,0.0020894,0.00168131,0.00135753,0.00109914,0.00089188,0.00072491,0.00058994,0.00048051
Gram_error_fro,0.0,1,14,2,0.0,0.0,0.0,0.0,0.0,0.0,0.0,0.0,0.0,0.0,0.0,0.0,0.0,0.0,0.0,0.0,0.0,0.0
Gram_error_fro,2.0,1,14,2,0.0,0.00726949,0.00369041,0.00109466,0.00158422,0.00261228,0.00317321,0.00338238,0.00336337,0.00320746,0.00297693,0.00271236,0.00243918,0.00217271,0.00192162,0.00169035,0.00148067,0.0012927
Gram_error_fro,2.0,1,14,2,0.0,0.07329152,0.07074714,0.05961046,0.0487948,0.03970997,0.03235551,0.02646106,0.02174006,0.01794731,0.0148861,0.01240223,0.01037573,0.00871337,0.00734253,0.00620643,0.00526047,0.00446943
Gram_error_fro,0.0,1,14,2,0.0,0.0,0.0,0.0,0.0,0.0,0.0,0.0,0.0,0.0,0.0,0.0,0.0,0.0,0.0,0.0,0.0,0.0
Gram_error_fro,0.0,1,14,2,0.0,0.0,0.0,0.0,0.0,0.0,0.0,0.0,0.0,0.0,0.0,0.0,0.0,0.0,0.0,0.0,0.0,0.0
Gram_error_fro,2.0,1,14,2,0.0,0.07223263,0.04837619,0.03680379,0.02982939,0.02473411,0.02072866,0.01748947,0.01483293,0.01263408,0.0108008,0.00926282,0.00796559,0.00686622,0.00593068,0.00513171,0.00444725,0.00385933
Gram_error_fro,4.0,1,14,2,0.0,0.05575604,0.04248701,0.03524186,0.03015284,0.02594591,0.022332,0.01921488,0.01653315,0.01423214,0.01226094,0.01057316,0.00912772,0.00788889,0.00682605,0.0059131,0.0051279,0.0044517
Gram_error_fro,4.0,1,14,2,0.0,0.06809577,0.03640736,0.02408032,0.01850409,0.0150973,0.01265442,0.01077471,0.00927936,0.00806819,0.00707594,0.00625597,0.0055731,0.00499997,0.00451495,0.0041008,0.00374378,0.00343294
Gram_error_fro,2.0,1,14,2,0.0,0.05936622,0.04280075,0.03360214,0.02751147,0.02283868,0.01907581,0.01599835,0.01346467,0.01136934,0.00962958,0.00817942,0.00696602,0.00594702,0.00508833,0.00436242,0.00374695,0.00322373
Gram_error_fro,2.0,1,14,2,0.0,0.02641361,0.01541237,0.01241827,0.01047134,0.00884468,0.00749005,0.00636985,0.00544191,0.00466879,0.00402018,0.00347238,0.00300695,0.00260949,0.00226861,0.0019752,0.00172189,0.00150264
Gram_error_fro,2.0,2,14,2,0.0,0.05927638,0.02546443,0.01416671,0.00990905,0.0076602,0.00632504,0.00559752,0.00530753,0.00530893,0.00548171,0.00574249,0.00604042,0.00634687,0.00664654,0.00693162,0.00719852,0.0074459
Gram_error_fro,4.0,1,14,2,0.0,0.08283306,0.04094982,0.02590223,0.01888405,0.01447318,0.01135872,0.0090869,0.00742308,0.00621038,0.00533001,0.00468834,0.00421235,0.00384744,0.00355491,0.00330875,0.00309232,0.00289542
Gram_error_fro,4.0,1,14,2,0.0,0.0856448,0.04938946,0.03660493,0.02962399,0.02452952,0.02051039,0.01726519,0.01461476,0.01243172,0.01062043,0.00910751,0.00783611,0.00676176,0.00584941,0.00507122,0.00440488,0.00383237
Gram_error_fro,4.0,2,14,2,0.0,0.04263603,0.04381029,0.03958191,0.03450618,0.02991482,0.02606039,0.02290899,0.0203588,0.01830313,0.01664802,0.01531548,0.01424223,0.01337735,0.01267996,0.01211727,0.01166299,0.01129601
Gram_error_fro,4.0,1,14,2,0.0,0.02947566,0.01713908,0.01400374,0.01233106,0.01089405,0.00960645,0.00846316,0.0074542,0.00656603,0.00578493,0.0050982,0.00449447,0.00396368,0.00349694,0.00308642,0.00272526,0.0024074
Gram_error_fro,4.0,2,14,2,0.0,0.07875259,0.03939958,0.02416205,0.01709626,0.01281133,0.0098702,0.00779622,0.00638551,0.00552393,0.00511242,0.00503673,0.00517903,0.00544323,0.00576452,0.0061041,0.00644027,0.00676154
Gram_error_fro,0.0,1,14,4,0.0,0.0,0.0,0.0,0.0,0.0,0.0,0.0,0.0,0.0,0.0,0.0,0.0,0.0,0.0,0.0,0.0,0.0
Gram_error_fro,0.0,1,14,4,0.0,0.0,0.0,0.0,0.0,0.0,0.0,0.0,0.0,0.0,0.0,0.0,0.0,0.0,0.0,0.0,0.0,0.0
Gram_error_fro,2.0,1,14,4,0.0,0.03805947,0.01854362,0.01099674,0.00783095,0.00612443,0.00500508,0.00417781,0.00352535,0.00299302,0.00255092,0.00218019,0.00186754,0.00160288,0.00137823,0.00118708,0.00102407,0.00088476
Gram_error_fro,2.0,1,14,4,0.0,0.03911969,0.02514458,0.01629288,0.01168708,0.00901663,0.00722059,0.00588815,0.00485112,0.00402658,0.00336405,0.00282796,0.00239139,0.00203344,0.00173778,0.00149172,0.0012854,0.00111116
Gram_error_fro,2.0,1,14,4,0.0,0.01442288,0.006808,0.00400703,0.0046619,0.00501064,0.00477261,0.00424889,0.00364694,0.00307104,0.00256362,0.00213527,0.00178186,0.00149361,0.00125946,0.00106907,0.00091356,0.00078565
Gram_error_fro,2.0,1,14,4,0.0,0.07131137,0.0581053,0.04607409,0.03695805,0.02995641,0.0244918,0.02017545,0.0167341,0.01396922,0.01173284,0.00991259,0.00842197,0.00719379,0.00617558,0.00532618,0.00461322,0.00401117
Gram_error_fro,0.0,1,14,4,0.0,0.0,0.0,0.0,0.0,0.0,0.0,0.0,0.0,0.0,0.0,0.0,0.0,0.0,0.0,0.0,0.0,0.0
Gram_error_fro,2.0,1,14,4,0.0,0.01459432,0.01145132,0.01067737,0.00971192,0.00852528,0.00734747,0.00628336,0.00536054,0.00457449,0.00390989,0.00334921,0.002876,0.00247586,0.00213662,0.00184812,0.00160198,0.00139129
Gram_error_fro,2.0,1,14,4,0.0,0.05049608,0.03050264,0.01874565,0.01262185,0.0092665,0.0071777,0.00570296,0.00458247,0.00370507,0.00301152,0.00246202,0.00202607,0.00167938,0.0014025,0.00118008,0.00100009,0.00085323
Gram_error_fro,2.0,1,14,4,0.0,0.05079847,0.03699657,0.02597769,0.01887682,0.01423182,0.01105185,0.00877529,0.00708523,0.00579483,0.00478773,0.00398778,0.00334321,0.00281768,0.00238504,0.00202601,0.00172611,0.00147424
Gram_error_fro,4.0,1,14,4,0.0,0.07134894,0.06995902,0.06281959,0.05429265,0.0460803,0.03880428,0.03260705,0.02742905,0.02313858,0.01959084,0.01665253,0.01421001,0.01217,0.01045748,0.00901256,0.00778755,0.00674437
Gram_error_fro,4.0,1,14,4,0.0,0.06700595,0.0410269,0.02589457,0.01715079,0.01194507,0.00866996,0.0064782,0.00493965,0.00382653,0.00300631,0.00239417,0.00193221,0.00157946,0.00130658,0.00109247,0.00092196,0.00078418
Gram_error_fro,6.0,1,14,4,0.0,0.07514299,0.05212136,0.03641686,0.02633044,0.01973872,0.015205,0.01192056,0.0094501,0.00754777,0.00606202,0.00489126,0.003963,0.00322353,0.00263205,0.00215718,0.00177455,0.00146514
Gram_error_fro,4.0,1,14,4,0.0,0.05290462,0.03759289,0.02697342,0.01987175,0.0150156,0.01158682,0.00909,0.00722597,0.00580805,0.00471404,0.00386019,0.00318704,0.00265137,0.00222125,0.00187283,0.00158819,0.00135374
Gram_error_fro,4.0,1,14,4,0.0,0.07955804,0.04646729,0.02888089,0.018807,0.01268399,0.00883962,0.00634763,0.00467584,0.00351632,0.00268834,0.00208291,0.00163194,0.00129116,0.00103072,0.00082981,0.00067355,0.00055108
Gram_error_fro,4.0,1,14,4,0.0,0.03942437,0.03052699,0.02181484,0.01538318,0.01103689,0.00813559,0.00616341,0.00478742,0.00380213,0.00307895,0.00253521,0.00211658,0.00178689,0.00152179,0.00130472,0.00112427,0.00097243
Gram_error_fro,0.0,1,14,2,0.0,0.0,0.0,0.0,0.0,0.0,0.0,0.0,0.0,0.0,0.0,0.0,0.0,0.0,0.0,0.0,0.0,0.0
Gram_error_fro,2.0,1,14,2,0.0,0.02749939,0.00652247,0.0036933,0.00279699,0.00225585,0.00185492,0.00153889,0.0012836,0.00107487,0.00090304,0.00076099,0.00064319,0.00054526,0.00046367,0.00039553,0.00033848,0.00029059
Gram_error_fro,2.0,1,14,2,0.0,0.02870074,0.00672128,0.00392207,0.00308936,0.00258495,0.00219324,0.00186982,0.00159844,0.00136929,0.00117508,0.00101005,0.00086948,0.00074951,0.00064693,0.00055907,0.0004837,0.00041896
Gram_error_fro,2.0,1,14,2,0.0,0.02456397,0.00284178,0.00055414,0.00061109,0.00051727,0.00041107,0.00032558,0.00026364,0.00022199,0.00019565,0.0001794,0.00016884,0.00016095,0.00015397,0.00014703,0.0001398,0.00013221
Gram_error_fro,2.0,1,14,2,0.0,0.01879314,0.00895405,0.00617065,0.00483054,0.00391879,0.00321059,0.00263866,0.00217192,0.00178974,0.00147622,0.00121866,0.00100678,0.00083226,0.00068836,0.00056959,0.00047148,0.00039038
Gram_error_fro,2.0,1,14,2,0.0,0.02044843,0.00876179,0.00573317,0.004434,0.0036172,0.00300585,0.00252226,0.00213315,0.00181734,0.00155901,0.00134589,0.00116851,0.00101953,0.00089332,0.00078555,0.00069285,0.00061261
Gram_error_fro,4.0,1,14,2,0.0,0.04271904,0.02140124,0.01387339,0.01005453,0.00766784,0.00602327,0.00483189,0.00394143,0.00326002,0.00272806,0.00230536,0.0019641,0.00168464,0.00145293,0.0012587,0.0010944,0.00095434
Gram_error_fro,2.0,1,14,2,0.0,0.0190527,0.00874149,0.00552145,0.00398267,0.00303663,0.00238114,0.00190001,0.00153562,0.00125406,0.00103323,0.00085791,0.00071724,0.00060328,0.00051016,0.00043345,0.0003698,0.00031665
Gram_error_fro,2.0,1,14,2,0.0,0.02495149,0.00344905,0.00084196,0.00053497,0.0004813,0.00046547,0.00045006,0.00042877,0.00040206,0.00037169,0.00033947,0.00030689,0.00027506,0.00024474,0.00021644,0.00019042,0.00016679
Gram_error_fro,2.0,1,14,2,0.0,0.02870074,0.00672128,0.00392207,0.00308936,0.00258495,0.00219324,0.00186982,0.00159844,0.00136929,0.00117508,0.00101005,0.00086948,0.00074951,0.00064693,0.00055907,0.0004837,0.00041896
Gram_error_fro,2.0,1,14,2,0.0,0.01837433,0.01201916,0.01068347,0.00994584,0.00927955,0.0086244,0.00798613,0.00737426,0.00679461,0.00624991,0.00574096,0.0052674,0.00482817,0.00442182,0.00404668,0.00370094,0.00338279
Gram_error_fro,4.0,1,14,2,0.0,0.02909186,0.01269171,0.00733268,0.00480179,0.00331758,0.00233721,0.00165216,0.00116365,0.00081471,0.00056809,0.00039784,0.00028529,0.00021598,0.00017703,0.00015638,0.00014457,0.00013593
Gram_error_fro,2.0,1,14,2,0.0,0.01879314,0.00895405,0.00617065,0.00483054,0.00391879,0.00321059,0.00263866,0.00217192,0.00178974,0.00147622,0.00121866,0.00100678,0.00083226,0.00068836,0.00056959,0.00047148,0.00039038
Gram_error_fro,4.0,1,14,2,0.0,0.04222546,0.01436821,0.00891389,0.00689399,0.00568861,0.00481537,0.00413004,0.00357268,0.00311034,0.00272148,0.00239076,0.00210688,0.00186135,0.00164769,0.00146083,0.00129677,0.00115226
Gram_error_fro,4.0,1,14,2,0.0,0.03942825,0.0205891,0.01428999,0.01105834,0.0088954,0.00726512,0.00597733,0.00494085,0.00409929,0.0034123,0.00284919,0.00238594,0.00200358,0.00168699,0.00142408,0.00120513,0.00102229
Gram_error_fro,6.0,1,14,2,0.0,0.05664229,0.02640348,0.01593303,0.01090299,0.00792125,0.0059452,0.00455901,0.0035581,0.00282323,0.00227686,0.00186558,0.00155165,0.00130814,0.00111589,0.00096127,0.00083466,0.00072927
Gram_error_fro,0.0,1,14,3,0.0,0.0,0.0,0.0,0.0,0.0,0.0,0.0,0.0,0.0,0.0,0.0,0.0,0.0,0.0,0.0,0.0,0.0
Gram_error_fro,2.0,1,14,3,0.0,0.07834765,0.04543826,0.0235146,0.01254706,0.00780703,0.00621679,0.005855,0.00582373,0.00584229,0.00584409,0.00581894,0.0057691,0.00569843,0.00561012,0.00550663,0.0053899,0.00526161
Gram_error_fro,2.0,1,14,3,0.0,0.04685894,0.03455769,0.02571345,0.0201589,0.01644081,0.01375406,0.01170469,0.01008405,0.0087676,0.0076748,0.0067514,0.00595997,0.00527415,0.00467487,0.004148,0.00368272,0.00327056
Gram_error_fro,2.0,1,14,3,0.0,0.03720091,0.03308728,0.02704932,0.02208169,0.01816583,0.01505664,0.01257106,0.0105708,0.00894789,0.00761891,0.00652032,0.00560407,0.00483374,0.00418155,0.00362606,0.00315051,0.00274167
Gram_error_fro,2.0,1,14,3,0.0,0.01616097,0.01029026,0.00658754,0.00542655,0.0051772,0.00509283,0.00499463,0.00484917,0.00465613,0.00442468,0.00416645,0.00389258,0.00361246,0.00333344,0.00306099,0.002799,0.00255006
Gram_error_fro,2.0,1,14,3,0.0,0.04457467,0.03287654,0.02453921,0.01900437,0.01505932,0.01210651,0.0098394,0.00807424,0.00668588,0.00558349,0.00469956,0.00398363,0.00339792,0.00291405,0.00251068,0.00217161,0.00188448
Gram_error_fro,4.0,2,14,3,0.0,0.06146613,0.04056886,0.02635319,0.01858318,0.01507375,0.01373299,0.01326117,0.01308376,0.01299506,0.01293111,0.01287568,0.01282685,0.01278589,0.01275396,0.01273136,0.01271767,0.012712
Gram_error_fro,4.0,2,14,3,0.0,0.02538932,0.02621282,0.0232482,0.0197859,0.01646823,0.0135397,0.01112502,0.00929271,0.00807285,0.00743993,0.0072933,0.00748224,0.00786196,0.00832734,0.00881407,0.00928688,0.00972827
Gram_error_fro,4.0,1,14,3,0.0,0.07490438,0.05419906,0.04008266,0.03148104,0.02549064,0.0209044,0.01725849,0.01432515,0.011954,0.01002985,0.00846113,0.00717508,0.00611429,0.00523378,0.00449833,0.00388034,0.00335812
Gram_error_fro,2.0,1,14,3,0.0,0.04190163,0.03643264,0.0316088,0.02746958,0.02380577,0.0205928,0.01780574,0.01540304,0.01333703,0.01156128,0.0100338,0.00871803,0.00758265,0.00660116,0.00575121,0.00501397,0.00437358
Gram_error_fro,2.0,1,14,3,0.0,0.04570227,0.02609858,0.01616874,0.0110469,0.00811786,0.00620946,0.00485072,0.00384196,0.00308085,0.00250356,0.0020651,0.00173173,0.00147743,0.00128196,0.00112971,0.00100879,0.00091042
Gram_error_fro,4.0,1,14,3,0.0,0.09254072,0.05773993,0.04254058,0.03442853,0.02857627,0.02389824,0.02005663,0.01687312,0.01422348,0.01201237,0.01016368,0.00861549,0.00731687,0.00622584,0.00530763,0.00453347,0.00387954
Gram_error_fro,4.0,1,14,3,0.0,0.06501649,0.04572336,0.03397032,0.02726663,0.02264962,0.01905422,0.01612746,0.01371067,0.01170156,0.01002228,0.00861115,0.00741911,0.0064071,0.00554402,0.00480497,0.0041699,0.00362254
Gram_error_fro,4.0,1,14,3,0.0,0.06819135,0.04374766,0.02926003,0.02106064,0.01620165,0.01320271,0.011253,0.00988497,0.00883523,0.00796363,0.00719967,0.00650946,0.00587719,0.00529542,0.00476034,0.00426952,0.0038209
Gram_error_fro,4.0,1,14,3,0.0,0.05480664,0.03377448,0.02264938,0.0164065,0.0124816,0.00982403,0.00793229,0.0065379,0.00548403,0.00467152,0.00403352,0.0035231,0.00310663,0.00275997,0.00246579,0.00221176,0.00198912
Gram_error_fro,2.0,1,14,3,0.0,0.0413068,0.02213727,0.01444063,0.01088007,0.00880123,0.00734718,0.00622462,0.00531848,0.00457251,0.00395207,0.00343233,0.00299417,0.00262246,0.00230512,0.00203251,0.00179691,0.00159215
Gram_error_fro,0.0,1,14,3,0.0,0.0,0.0,0.0,0.0,0.0,0.0,0.0,0.0,0.0,0.0,0.0,0.0,0.0,0.0,0.0,0.0,0.0
Gram_error_fro,0.0,1,14,3,0.0,0.0,0.0,0.0,0.0,0.0,0.0,0.0,0.0,0.0,0.0,0.0,0.0,0.0,0.0,0.0,0.0,0.0
Gram_error_fro,2.0,1,14,3,0.0,0.04876132,0.03088497,0.02156146,0.0167306,0.01371105,0.01156126,0.00992854,0.00863923,0.00758823,0.00670762,0.00595322,0.00529628,0.00471776,0.00420461,0.00374744,0.00333916,0.00297409
Gram_error_fro,2.0,1,14,3,0.0,0.01616587,0.01603568,0.01444968,0.01157061,0.00896245,0.00692667,0.00539918,0.00425802,0.00339804,0.00274128,0.00223245,0.00183262,0.00151435,0.00125803,0.00104951,0.00087842,0.00073706
Gram_error_fro,2.0,1,14,3,0.0,0.00695716,0.00246149,0.00148282,0.00128666,0.0012337,0.00119766,0.00114851,0.00108601,0.00101652,0.00094516,0.00087468,0.00080628,0.00074044,0.00067741,0.0006174,0.0005606,0.00050721
Gram_error_fro,2.0,1,14,3,0.0,0.06156547,0.0367823,0.02340899,0.01582337,0.01112582,0.00805643,0.00597835,0.00453234,0.00350192,0.00275131,0.00219313,0.00177004,0.00144369,0.00118806,0.00098509,0.00082208,0.00068985
Gram_error_fro,4.0,1,14,3,0.0,0.04053235,0.01794859,0.01022169,0.00689143,0.00501815,0.00380856,0.00296995,0.00236146,0.00190511,0.00155427,0.0012795,0.00106125,0.00088599,0.00074397,0.00062798,0.00053257,0.00045358
Gram_error_fro,4.0,1,14,3,0.0,0.04057507,0.03468712,0.02839599,0.022536,0.01767118,0.01385092,0.01090757,0.00864283,0.00688901,0.00551864,0.00443827,0.00357992,0.0028937,0.00234247,0.00189815,0.00153914,0.00124858
Gram_error_fro,4.0,1,14,3,0.0,0.07693217,0.06183099,0.04727041,0.03629889,0.02821626,0.02222211,0.01771764,0.01428406,0.01163047,0.00955315,0.00790778,0.00659076,0.00552665,0.00465967,0.00394803,0.00335993,0.00287094
Gram_error_fro,4.0,1,14,3,0.0,0.07009023,0.05738648,0.04229513,0.03099135,0.02294877,0.01720422,0.01304484,0.00998891,0.00771308,0.00599799,0.00469243,0.00369027,0.00291574,0.0023138,0.00184387,0.00147563,0.00118617
Gram_error_fro,2.0,1,14,3,0.0,0.05052597,0.04049384,0.03020166,0.02225458,0.01647566,0.01231099,0.00929189,0.00708014,0.00544113,0.00421308,0.00328367,0.00257402,0.00202795,0.00160492,0.00127526,0.00101706,0.0008139
Gram_error_fro,4.0,2,14,3,0.0,0.05286438,0.03327384,0.02354107,0.01900127,0.01648767,0.01496916,0.01405159,0.0135119,0.01320424,0.01303533,0.01294814,0.01290866,0.01289683,0.01290075,0.01291331,0.01293024,0.01294893
Gram_error_fro,4.0,1,14,3,0.0,0.05653207,0.04436119,0.03199254,0.02281401,0.01629378,0.01168455,0.00841415,0.00607894,0.00440021,0.00318625,0.00230467,0.00166322,0.00119695,0.00085975,0.00061856,0.00044945,0.00033472
Gram_error_fro,6.0,2,14,3,0.0,0.08123684,0.0583151,0.04334952,0.03313312,0.02588901,0.02082631,0.01741596,0.01522818,0.01390322,0.01315274,0.01276307,0.01258843,0.01253579,0.01254859,0.01259363,0.01265195,0.0127131
Gram_error_fro,4.0,1,14,3,0.0,0.08294221,0.0557831,0.03813577,0.02706743,0.01969037,0.01457774,0.0109419,0.0083052,0.00636207,0.00491051,0.00381366,0.00297685,0.00233329,0.00183509,0.00144729,0.00114408,0.00090613
Gram_error_fro,4.0,1,14,3,0.0,0.07179712,0.07334927,0.07107098,0.06590974,0.05965672,0.05326161,0.0471782,0.04160628,0.03661255,0.03219422,0.02831412,0.02492041,0.02195733,0.01937096,0.01711183,0.01513599,0.01340511
Gram_error_fro,0.0,1,14,2,0.0,0.0,0.0,0.0,0.0,0.0,0.0,0.0,0.0,0.0,0.0,0.0,0.0,0.0,0.0,0.0,0.0,0.0
Gram_error_fro,2.0,1,14,2,0.0,0.03711542,0.03784246,0.03495027,0.03149264,0.02812391,0.02502134,0.0222219,0.01971879,0.0174915,0.01551535,0.0137651,0.0122164,0.01084659,0.00963503,0.00856313,0.00761438,0.00677414
Gram_error_fro,2.0,1,14,2,0.0,0.03089776,0.03058778,0.0284346,0.02582903,0.0231783,0.02064638,0.01830538,0.01618219,0.01427945,0.01258714,0.01108927,0.00976757,0.00860355,0.00757955,0.00667927,0.0058879,0.00519225
Gram_error_fro,2.0,1,14,2,0.0,0.00255091,0.00116199,0.00086326,0.00098997,0.00119149,0.00136387,0.00149059,0.00157466,0.00162292,0.00164229,0.00163885,0.00161769,0.00158298,0.00153808,0.00148573,0.0014281,0.00136695
Gram_error_fro,2.0,1,14,2,0.0,0.05525136,0.04844508,0.04402199,0.04016209,0.0364928,0.03302389,0.02979481,0.02682546,0.02411785,0.02166285,0.01944531,0.01744726,0.01564992,0.0140348,0.01258436,0.0112823,0.0101137
Gram_error_fro,0.0,1,14,2,0.0,0.0,0.0,0.0,0.0,0.0,0.0,0.0,0.0,0.0,0.0,0.0,0.0,0.0,0.0,0.0,0.0,0.0
Gram_error_fro,2.0,1,14,2,0.0,0.009068,0.00482134,0.00450732,0.00457439,0.00459933,0.00453745,0.00440604,0.00422746,0.00401959,0.00379552,0.00356456,0.00333325,0.00310612,0.00288622,0.00267552,0.00247523,0.00228601
Gram_error_fro,4.0,1,14,2,0.0,0.04564227,0.03594768,0.03121592,0.02761496,0.02451103,0.02176893,0.01934297,0.01720117,0.01531262,0.01364733,0.01217749,0.01087821,0.00972769,0.00870706,0.00780005,0.00699265,0.00627282
Gram_error_fro,4.0,1,14,2,0.0,0.08225089,0.05388717,0.04696685,0.04401192,0.04121134,0.03814788,0.03494584,0.0317619,0.02870515,0.02583824,0.02319086,0.02077177,0.01857717,0.01659621,0.01481445,0.01321596,0.01178456
Gram_error_fro,4.0,1,14,2,0.0,0.08210524,0.05098366,0.04179374,0.03700457,0.0331773,0.02973843,0.02659347,0.02373018,0.02114282,0.01881951,0.01674283,0.01489233,0.01324662,0.01178473,0.01048691,0.00933496,0.00831241
Gram_error_fro,2.0,1,14,2,0.0,0.05324669,0.03795811,0.02911463,0.02358812,0.01973176,0.01689734,0.01475155,0.01308635,0.01176066,0.01067661,0.00976636,0.00898319,0.00829513,0.00768032,0.0071237,0.00661483,0.00614631
Gram_error_fro,4.0,1,14,2,0.0,0.05487634,0.03537384,0.02396717,0.01639022,0.0112392,0.00792159,0.00601024,0.00509219,0.0047418,0.00462716,0.00456767,0.00449049,0.00437531,0.0042229,0.00404097,0.00383845,0.00362342
Gram_error_fro,4.0,1,14,2,0.0,0.02429159,0.01356182,0.00975631,0.01045243,0.01174205,0.01250775,0.01270795,0.01249128,0.01200418,0.01135752,0.01062826,0.00986756,0.0091084,0.0083713,0.00766852,0.00700677,0.00638915
Gram_error_fro,4.0,1,14,2,0.0,0.05179701,0.04021629,0.03524428,0.03191382,0.02895612,0.02616842,0.02355179,0.02112983,0.01891535,0.01690875,0.01510189,0.01348176,0.01203309,0.01073999,0.00958692,0.00855924,0.00764345
Gram_error_fro,4.0,1,14,2,0.0,0.05817474,0.04947455,0.04087337,0.03374186,0.02787579,0.02304847,0.01906775,0.01577952,0.0130596,0.01080689,0.0089386,0.00738698,0.00609659,0.0050221,0.00412645,0.00337928,0.00275569
Gram_error_fro,6.0,1,14,2,0.0,0.04246392,0.02710159,0.01770056,0.01212857,0.00956575,0.00893079,0.00902616,0.00919465,0.00922677,0.00909595,0.00882999,0.00846629,0.00803839,0.00757295,0.00709003,0.00660424,0.00612596
Gram_error_fro,0.0,1,14,2,0.0,0.0,0.0,0.0,0.0,0.0,0.0,0.0,0.0,0.0,0.0,0.0,0.0,0.0,0.0,0.0,0.0,0.0
Gram_error_fro,2.0,1,14,2,0.0,0.01795754,0.01202092,0.00948618,0.0078133,0.00655466,0.0055558,0.00473927,0.00405981,0.00348814,0.00300375,0.0025913,0.00223887,0.00193691,0.00167762,0.00145457,0.0012624,0.00109662
Gram_error_fro,2.0,1,14,2,0.0,0.01609773,0.01096576,0.00809842,0.00632826,0.00512509,0.00423901,0.00354929,0.00299445,0.00253951,0.00216202,0.00184619,0.0015803,0.00135534,0.00116421,0.00100128,0.000862,0.00074264
Gram_error_fro,2.0,1,14,2,0.0,0.0311849,0.01578257,0.0116384,0.00971602,0.00836416,0.007245,0.00627837,0.0054378,0.00470746,0.00407392,0.003525,0.00304972,0.00263837,0.00228246,0.00197456,0.00170825,0.00147795
Gram_error_fro,2.0,1,14,2,0.0,0.02854037,0.01957567,0.01386326,0.01001288,0.00725249,0.00524314,0.00377478,0.00270004,0.00191283,0.00133637,0.00091491,0.00060787,0.00038559,0.0002265,0.0001156,4.782e-05,4.505e-05
Gram_error_fro,2.0,1,14,2,0.0,0.02213065,0.01284598,0.00940904,0.00760085,0.00634848,0.00536038,0.00454275,0.00385603,0.0032766,0.00278668,0.00237184,0.00202007,0.00172137,0.00146745,0.00125136,0.00106731,0.00091046
Gram_error_fro,2.0,1,14,2,0.0,0.02043063,0.00853425,0.00507454,0.00390288,0.00343813,0.00316137,0.00292402,0.00269195,0.00246148,0.00223588,0.00201912,0.00181428,0.00162333,0.0014473,0.00128646,0.00114056,0.00100901
Gram_error_fro,4.0,1,14,2,0.0,0.00477774,0.00616917,0.00567951,0.00485537,0.0041431,0.00357676,0.00312059,0.00274206,0.00242028,0.00214235,0.00189993,0.00168714,0.00149961,0.00133387,0.0011871,0.00105692,0.00094132
Gram_error_fro,4.0,1,14,2,0.0,0.009036,0.003079,0.00093951,0.00027839,0.00072411,0.00098724,0.00108953,0.00109287,0.00103911,0.00095497,0.00085717,0.00075596,0.00065746,0.00056518,0.00048094,0.00040549,0.00033892
Gram_error_fro,4.0,1,14,2,0.0,0.04793554,0.03258854,0.0248919,0.0199735,0.01629389,0.01338183,0.01102903,0.00911215,0.00754447,0.0062595,0.00520439,0.00433655,0.0036215,0.00303133,0.0025434,0.00213932,0.00180416
Gram_error_fro,2.0,1,14,2,0.0,0.01571919,0.00746088,0.00498263,0.00412526,0.00378386,0.00356455,0.0033494,0.00311559,0.00286717,0.00261355,0.00236329,0.00212274,0.0018961,0.0016858,0.001493,0.00131789,0.00116009
Gram_error_fro,2.0,1,14,2,0.0,0.02213065,0.01284598,0.00940904,0.00760085,0.00634848,0.00536038,0.00454275,0.00385603,0.0032766,0.00278668,0.00237184,0.00202007,0.00172137,0.00146745,0.00125136,0.00106731,0.00091046
Gram_error_fro,4.0,1,14,2,0.0,0.04205388,0.01298535,0.00901952,0.00752186,0.00632734,0.00537989,0.00463386,0.00403498,0.0035412,0.00312407,0.00276496,0.00245167,0.00217589,0.00193179,0.00171499,0.0015221,0.00135036
Gram_error_fro,4.0,1,14,2,0.0,0.10907032,0.08549803,0.0683152,0.05579975,0.04618126,0.03863819,0.03264703,0.02783098,0.02391317,0.02068949,0.01800865,0.01575758,0.01385087,0.01222326,0.0108243,0.00961452,0.00856268
Gram_error_fro,2.0,1,14,2,0.0,0.04205135,0.022134,0.01583538,0.0126695,0.01052946,0.00887975,0.00753955,0.00642758,0.00549586,0.00471058,0.00404591,0.00348137,0.00300045,0.00258972,0.00223813,0.00193658,0.00167749
Gram_error_fro,6.0,1,14,2,0.0,0.05220375,0.03314565,0.02295683,0.01647865,0.01209579,0.0090561,0.00690634,0.00535811,0.00422387,0.00337924,0.00274018,0.00224905,0.00186586,0.00156253,0.00131915,0.00112146,0.00095913
Gram_error_fro,0.0,1,14,3,0.0,0.0,0.0,0.0,0.0,0.0,0.0,0.0,0.0,0.0,0.0,0.0,0.0,0.0,0.0,0.0,0.0,0.0
Gram_error_fro,2.0,1,14,3,0.0,0.02528569,0.01686192,0.01117106,0.00802529,0.00611232,0.0048002,0.00383499,0.00309834,0.00252386,0.00206939,0.00170611,0.00141338,0.00117599,0.00098243,0.00082388,0.00069344,0.0005857
Gram_error_fro,2.0,1,14,3,0.0,0.01769779,0.00952509,0.0052897,0.00342367,0.00275922,0.00260383,0.0025958,0.00259885,0.00257453,0.00251751,0.00243245,0.00232625,0.0022056,0.00207616,0.00194249,0.00180808,0.00167557
Gram_error_fro,2.0,1,14,3,0.0,0.0068249,0.00391231,0.00401086,0.0043706,0.00429833,0.00397537,0.00355372,0.003114,0.00269518,0.00231434,0.00197715,0.00168346,0.00143034,0.00121365,0.00102898,0.00087205,0.00073892
Gram_error_fro,2.0,1,14,3,0.0,0.02661406,0.01522969,0.01186869,0.01025689,0.00897153,0.00783629,0.00682712,0.00593444,0.00514862,0.00445952,0.00385706,0.00333168,0.00287452,0.00247747,0.0021332,0.00183515,0.00157746
Gram_error_fro,2.0,1,14,3,0.0,0.05535573,0.02523545,0.01370641,0.00904876,0.0067199,0.00532957,0.00439125,0.00369975,0.00315781,0.00271571,0.00234602,0.00203221,0.00176339,0.00153179,0.00133151,0.00115791,0.00100717
Gram_error_fro,4.0,1,14,3,0.0,0.01013487,0.0052961,0.00365597,0.00336628,0.00324751,0.00307935,0.00286384,0.00262396,0.00237776,0.00213699,0.00190865,0.00169644,0.00150195,0.00132547,0.00116654,0.00102424,0.00089744
Gram_error_fro,4.0,1,14,3,0.0,0.05167942,0.03852193,0.0289692,0.02309137,0.01894817,0.01574364,0.01316776,0.01106325,0.00932878,0.00789065,0.0066924,0.00568979,0.00484767,0.00413793,0.0035379,0.00302919,0.00259683
Gram_error_fro,4.0,1,14,3,0.0,0.0911482,0.07402521,0.05716436,0.04478504,0.03561537,0.02859853,0.02311132,0.01876885,0.01530767,0.0125342,0.01030136,0.00849575,0.00702939,0.00583369,0.00485494,0.0040509,0.00338816
Gram_error_fro,4.0,1,14,3,0.0,0.06444989,0.05213184,0.0387171,0.02845443,0.02096492,0.0155109,0.01151621,0.00857176,0.0063893,0.00476417,0.00354962,0.00263947,0.00195625,0.00144302,0.00105764,0.00076875,0.00055289
Gram_error_fro,2.0,1,14,3,0.0,0.04789066,0.03328197,0.02500261,0.01983295,0.01613699,0.01331063,0.0110748,0.00927079,0.00779611,0.0065793,0.0055681,0.00472297,0.0040134,0.00341541,0.00290993,0.00248158,0.00211787
Gram_error_fro,4.0,1,14,3,0.0,0.03430249,0.02527898,0.02127251,0.01910835,0.01751534,0.01613734,0.01486706,0.01367477,0.01255433,0.01150543,0.01052808,0.00962126,0.00878284,0.0080099,0.00729897,0.00664632,0.0060481
Gram_error_fro,4.0,1,14,3,0.0,0.04911692,0.03343922,0.02355801,0.01792482,0.01439494,0.01192972,0.01005921,0.00856175,0.00732405,0.00628216,0.00539609,0.00463828,0.00398819,0.00342966,0.00294943,0.00253642,0.00218121
Gram_error_fro,4.0,1,14,3,0.0,0.05717255,0.03019553,0.02088314,0.01710475,0.01486453,0.0132083,0.01186277,0.01072368,0.00973691,0.00886799,0.00809307,0.00739516,0.00676203,0.00618469,0.00565643,0.00517201,0.00472726
Gram_error_fro,6.0,1,14,3,0.0,0.06592955,0.05328317,0.04235658,0.03437853,0.02845045,0.02388844,0.02026465,0.01731741,0.01488029,0.01284115,0.01112011,0.00965778,0.00840854,0.00733649,0.00641295,0.00561468,0.00492265
Gram_error_fro,2.0,1,14,3,0.0,0.05260211,0.02452844,0.0168124,0.01432038,0.01281642,0.01158917,0.01049863,0.00950907,0.00860795,0.00778808,0.00704328,0.00636756,0.00575504,0.00520009,0.00469743,0.00424222,0.00383
Gram_error_fro,0.0,1,14,6,0.0,0.0,0.0,0.0,0.0,0.0,0.0,0.0,0.0,0.0,0.0,0.0,0.0,0.0,0.0,0.0,0.0,0.0
Gram_error_fro,2.0,1,14,6,0.0,0.04358245,0.04158422,0.03779745,0.03305046,0.02807124,0.02342091,0.0193608,0.01595436,0.01316367,0.01090851,0.00909812,0.00764654,0.00647914,0.00553427,0.00476272,0.00412614,0.00359511
Gram_error_fro,2.0,1,14,6,0.0,0.07572977,0.06340026,0.04488151,0.03173272,0.02354601,0.01847496,0.01514176,0.01276253,0.01093825,0.00946961,0.00825159,0.00722314,0.00634476,0.00558856,0.00493361,0.00436363,0.00386561
Gram_error_fro,2.0,1,14,6,0.0,0.0373612,0.03908789,0.03654446,0.03217264,0.02732771,0.02273107,0.01870179,0.01533017,0.01258967,0.01040232,0.00867431,0.00731408,0.00624069,0.00538686,0.00469909,0.00413631,0.00366784
Gram_error_fro,2.0,1,14,6,0.0,0.06103698,0.05319238,0.0439361,0.0363002,0.02987124,0.02445641,0.01996364,0.01629659,0.01334271,0.01098455,0.0091109,0.0076233,0.00643859,0.005489,0.0047208,0.00409233,0.0035718
Gram_error_fro,2.0,1,14,6,0.0,0.05411338,0.03907052,0.0269358,0.01898272,0.01369871,0.01008824,0.00756802,0.00578186,0.00450075,0.00357126,0.00288778,0.00237677,0.00198703,0.00168318,0.00144097,0.00124382,0.00108041
Gram_error_fro,4.0,1,14,6,0.0,0.05640713,0.04842964,0.04183692,0.0361022,0.03086716,0.02637702,0.02273547,0.01987418,0.01764316,0.01588046,0.01444824,0.0132438,0.01219707,0.01126296,0.01041349,0.00963163,0.00890698
Gram_error_fro,4.0,1,14,6,0.0,0.06858444,0.05362784,0.03922834,0.0288167,0.02152662,0.01637569,0.01267354,0.00996625,0.00795385,0.00643427,0.00526885,0.00436119,0.00364363,0.00306825,0.00260085,0.00221676,0.00189798
Gram_error_fro,4.0,1,14,6,0.0,0.06122033,0.0440987,0.03252263,0.02499488,0.01988235,0.01632068,0.01374764,0.01179909,0.01025402,0.00898323,0.0079108,0.00699022,0.00619111,0.00549222,0.0048778,0.00433563,0.00385589
Gram_error_fro,4.0,1,14,6,0.0,0.0910112,0.07621662,0.05817736,0.04480116,0.03521268,0.02814026,0.0227719,0.01862572,0.01539354,0.01285792,0.01085541,0.00926018,0.00797538,0.00692725,0.00606034,0.0053334,0.00471591
Gram_error_fro,2.0,1,14,6,0.0,0.04881467,0.04293031,0.03477061,0.02847991,0.02394288,0.02057525,0.01794599,0.01580451,0.01400946,0.01247608,0.01114893,0.00998908,0.00896781,0.00806325,0.00725832,0.0065394,0.00589546
Gram_error_fro,4.0,1,14,6,0.0,0.08488856,0.07084499,0.05602497,0.04510232,0.03682511,0.0302593,0.02493518,0.02059449,0.01706015,0.01418948,0.01186092,0.00997084,0.00843255,0.00717497,0.0061409,0.0052849,0.00457122
Gram_error_fro,4.0,1,14,6,0.0,0.06977991,0.05924543,0.04901002,0.0404191,0.0331267,0.02698366,0.02189673,0.01775587,0.01443147,0.01178863,0.00969979,0.00805207,0.00675007,0.00571588,0.0048876,0.00421709,0.00366758
Gram_error_fro,4.0,1,14,6,0.0,0.04704772,0.04000844,0.03139936,0.02409774,0.01861696,0.01469563,0.01191022,0.0098966,0.00839548,0.00723692,0.00631315,0.00555595,0.00492142,0.0043805,0.00391327,0.00350559,0.00314711
Gram_error_fro,4.0,1,14,6,0.0,0.10685014,0.0964316,0.07612791,0.05933185,0.0467506,0.0373535,0.03021632,0.02469906,0.02037167,0.01693795,0.01418681,0.01196332,0.01015156,0.00866363,0.00743232,0.00640595,0.00554452
Gram_error_fro,4.0,1,14,6,0.0,0.06724606,0.05683612,0.04738859,0.03928952,0.03228572,0.02635382,0.02143433,0.01742044,0.01418419,0.01159589,0.00953524,0.00789681,0.00659182,0.00554777,0.00470677,0.0040235,0.00346297
Gram_error_fro,0.0,1,14,6,0.0,0.0,0.0,0.0,0.0,0.0,0.0,0.0,0.0,0.0,0.0,0.0,0.0,0.0,0.0,0.0,0.0,0.0
Gram_error_fro,2.0,1,14,6,0.0,0.07722987,0.0707571,0.05998113,0.04949438,0.0405009,0.03326218,0.02759803,0.02319436,0.0197464,0.01700729,0.01479309,0.01297209,0.01145119,0.01016429,0.00906365,0.00811401,0.00728865
Gram_error_fro,2.0,1,14,6,0.0,0.04554192,0.03935239,0.03349635,0.02921129,0.02592347,0.02313342,0.02062128,0.01832398,0.01623365,0.01435217,0.01267672,0.01119779,0.00990095,0.00876904,0.007784,0.00692807,0.00618453
Gram_error_fro,2.0,1,14,6,0.0,0.03854635,0.03690635,0.03241346,0.02903112,0.02657805,0.02450707,0.02254842,0.02063516,0.01878114,0.01701779,0.01537109,0.01385615,0.01247819,0.01123513,0.01012014,0.00912367,0.0082349
Gram_error_fro,2.0,1,14,6,0.0,0.06897545,0.06686994,0.05825793,0.04911487,0.04101158,0.03432233,0.02895225,0.02466413,0.02121702,0.01841191,0.01609765,0.01416324,0.01252766,0.01113125,0.0099293,0.00888758,0.00797936
Gram_error_fro,2.0,1,14,6,0.0,0.05076439,0.03691462,0.02910855,0.02524315,0.02285088,0.02095249,0.0192234,0.01757835,0.01601051,0.01453287,0.01315855,0.01189534,0.01074528,0.00970582,0.0087712,0.00793376,0.00718487
Gram_error_fro,4.0,1,14,6,0.0,0.08023631,0.07549972,0.06599287,0.05636272,0.04779828,0.04057803,0.03460415,0.02967397,0.02558739,0.02217747,0.0193124,0.01688952,0.01482858,0.01306627,0.01155204,0.01024517,0.00911254
Gram_error_fro,4.0,1,14,6,0.0,0.09161819,0.08227873,0.06952749,0.0579641,0.04820839,0.04026067,0.03387844,0.02876131,0.02463411,0.02127258,0.01850363,0.01619695,0.01425508,0.01260492,0.01119112,0.00997118,0.00891201
Gram_error_fro,2.0,1,14,6,0.0,0.04689212,0.04179763,0.03566996,0.03136917,0.028089,0.02525275,0.02265169,0.0202384,0.01801454,0.01598873,0.01416402,0.01253598,0.01109426,0.00982466,0.00871105,0.00773671,0.00688534
Gram_error_fro,4.0,1,14,6,0.0,0.06579318,0.05823051,0.05129151,0.04597499,0.0412745,0.03685347,0.03270592,0.02889304,0.02545661,0.02240605,0.01972618,0.01738749,0.01535412,0.01358893,0.01205645,0.01072438,0.00956413
Gram_error_fro,2.0,1,14,6,0.0,0.05132656,0.04028142,0.03298796,0.0289249,0.02609089,0.02371676,0.02155738,0.01954636,0.01767376,0.01594359,0.01435962,0.01292154,0.01162479,0.01046154,0.00942188,0.00849486,0.00766926
Gram_error_fro,4.0,1,14,6,0.0,0.09768132,0.08204825,0.06616549,0.05454481,0.04585958,0.03908601,0.03361659,0.02908938,0.02528066,0.02204425,0.01927788,0.0169049,0.01486457,0.01310689,0.01158985,0.01027777,0.00914025
Gram_error_fro,4.0,1,14,6,0.0,0.11526592,0.10022822,0.08260522,0.06843441,0.0570133,0.04775705,0.04024729,0.03414262,0.02915936,0.02506699,0.02168228,0.01886165,0.01649331,0.01449026,0.01278456,0.01132285,0.01006288
Gram_error_fro,4.0,1,14,6,0.0,0.09190281,0.08054665,0.06784492,0.05697247,0.04773937,0.04003203,0.03368303,0.02848382,0.02422695,0.02072953,0.01784023,0.01543788,0.01342699,0.01173271,0.01029629,0.00907142,0.00802133
Gram_error_fro,6.0,1,14,6,0.0,0.07640837,0.06379481,0.0538395,0.04659669,0.04067369,0.03556224,0.03109183,0.02718488,0.0237843,0.02083604,0.01828699,0.01608632,0.01418698,0.01254658,0.01112767,0.00989771,0.00882867
Gram_error_fro,6.0,1,14,6,0.0,0.08008873,0.05911596,0.0467143,0.04114813,0.0373799,0.03395167,0.03065783,0.02754008,0.02465299,0.02202616,0.01966617,0.01756422,0.01570262,0.01405945,0.01261147,0.01133594,0.01021164
Gram_error_fro,0.0,1,14,2,0.0,0.0,0.0,0.0,0.0,0.0,0.0,0.0,0.0,0.0,0.0,0.0,0.0,0.0,0.0,0.0,0.0,0.0
Gram_error_fro,2.0,1,14,2,0.0,0.03371777,0.02128978,0.01575332,0.01249738,0.01028025,0.00864071,0.00736494,0.00633764,0.00549015,0.00477871,0.00417395,0.00365522,0.00320735,0.0028188,0.00248053,0.00218523,0.00192689
Gram_error_fro,2.0,1,14,2,0.0,0.00778694,0.00321945,0.00220545,0.00190117,0.00173327,0.00159141,0.00145894,0.0013358,0.00122278,0.00111952,0.00102501,0.00093811,0.00085784,0.00078343,0.00071432,0.00065013,0.00059056
Gram_error_fro,2.0,1,14,2,0.0,0.03320192,0.02754448,0.02251399,0.01871505,0.01571352,0.01326559,0.01124162,0.00955843,0.00815358,0.00697695,0.00598772,0.00515267,0.00444489,0.00384265,0.00332834,0.00288769,0.00250906
Gram_error_fro,2.0,1,14,2,0.0,0.01892737,0.0193862,0.01595585,0.01272563,0.01013559,0.00810197,0.00650285,0.00523821,0.00423173,0.00342579,0.00277686,0.00225191,0.00182566,0.0014786,0.00119553,0.00096444,0.00077579
Gram_error_fro,2.0,1,14,2,0.0,0.01861898,0.01936471,0.01601565,0.01277373,0.01016319,0.0081263,0.00654,0.00529755,0.00431691,0.00353675,0.00291133,0.00240646,0.00199633,0.00166132,0.00138635,0.00115971,0.00097225
Gram_error_fro,4.0,1,14,2,0.0,0.02149958,0.01291222,0.01028896,0.00850399,0.00706929,0.00590802,0.00496631,0.00419849,0.0035676,0.00304478,0.00260792,0.00224016,0.00192861,0.00166329,0.00143642,0.00124181,0.00107447
Gram_error_fro,4.0,1,14,2,0.0,0.07642689,0.07085923,0.05925714,0.04870071,0.0399347,0.03282419,0.02709504,0.02247886,0.01874707,0.01571494,0.01323675,0.0111987,0.00951231,0.00810867,0.00693396,0.0059459,0.00511107
Gram_error_fro,4.0,1,14,2,0.0,0.04928596,0.02316777,0.01486159,0.01060743,0.00783315,0.00588619,0.00447559,0.00343281,0.00265015,0.00205546,0.00159898,0.00124566,0.00097034,0.00075473,0.0005853,0.00045195,0.00034702
Gram_error_fro,2.0,1,14,2,0.0,0.04816692,0.02223001,0.01421315,0.010668,0.00851563,0.00698409,0.00581351,0.00488646,0.00413663,0.00352133,0.003011,0.0025842,0.00222491,0.00192084,0.00166235,0.00144177,0.00125294
Gram_error_fro,4.0,1,14,2,0.0,0.04072929,0.02791949,0.02080785,0.01620459,0.01288465,0.01037104,0.0084208,0.00688511,0.00566278,0.00468134,0.00388745,0.00324113,0.00271201,0.00227671,0.00191705,0.00161874,0.00137044
Gram_error_fro,2.0,1,14,2,0.0,0.05156531,0.02666605,0.01823443,0.01396538,0.01114028,0.00904591,0.00742044,0.00613141,0.00509584,0.004256,0.00356971,0.00300528,0.00253852,0.0021507,0.00182712,0.00155612,0.0013284
Gram_error_fro,6.0,1,14,2,0.0,0.02389286,0.02339414,0.01997269,0.01649055,0.01349969,0.01106646,0.00912503,0.00758289,0.00635434,0.0053691,0.00457226,0.00392183,0.00338596,0.00294046,0.0025669,0.00225114,0.00198224
Gram_error_fro,4.0,1,14,2,0.0,0.0133529,0.00558645,0.00278329,0.00143814,0.00064352,0.00023268,0.00036869,0.00057308,0.0007102,0.00079042,0.00082886,0.00083754,0.0008254,0.00079901,0.00076317,0.00072142,0.00067635
Gram_error_fro,2.0,1,14,2,0.0,0.01541742,0.00869812,0.00591915,0.00453908,0.00370283,0.00310871,0.0026462,0.00226878,0.00195311,0.00168546,0.00145673,0.00126035,0.00109128,0.00094546,0.00081957,0.0007108,0.00061679
Gram_error_fro,4.0,1,14,2,0.0,0.07618348,0.05296392,0.03888357,0.02985306,0.02342371,0.01865374,0.01503902,0.01225408,0.0100759,0.00834855,0.00696163,0.00583589,0.00491362,0.00415207,0.00351907,0.00299001,0.00254579
Gram_error_fro,0.0,1,14,4,0.0,0.0,0.0,0.0,0.0,0.0,0.0,0.0,0.0,0.0,0.0,0.0,0.0,0.0,0.0,0.0,0.0,0.0
Gram_error_fro,2.0,1,14,4,0.0,0.0407813,0.0384275,0.03307905,0.02843136,0.02467927,0.02157788,0.01893649,0.01664491,0.01463881,0.01287567,0.01132345,0.00995595,0.00875083,0.00768871,0.00675269,0.00592792,0.00520139
Gram_error_fro,2.0,1,14,4,0.0,0.03952031,0.03972368,0.03459013,0.02946748,0.02509195,0.0214286,0.01835264,0.0157555,0.01355196,0.01167488,0.01007061,0.00869569,0.00751459,0.00649801,0.00562161,0.00486504,0.0042112
Gram_error_fro,2.0,1,14,4,0.0,0.04205313,0.03160307,0.02327467,0.01823253,0.01492438,0.01248971,0.01056366,0.00898638,0.00767456,0.00657512,0.00564915,0.00486613,0.00420147,0.00363523,0.00315116,0.002736,0.0023789
Gram_error_fro,2.0,1,14,4,0.0,0.06287052,0.06774186,0.06277318,0.05680002,0.05148155,0.04692357,0.04297417,0.03949078,0.03637301,0.03355311,0.0309842,0.02863246,0.02647226,0.02448339,0.02264926,0.02095588,0.01939113
Gram_error_fro,2.0,1,14,4,0.0,0.04969043,0.04586979,0.0367728,0.02882843,0.02291682,0.018622,0.01543106,0.01297684,0.01102782,0.0094407,0.00812429,0.00701788,0.00607905,0.0052768,0.00458767,0.00399334,0.00347921
Gram_error_fro,4.0,1,14,4,0.0,0.06823161,0.06200159,0.05450457,0.04686817,0.03980243,0.03362838,0.02839239,0.02401575,0.0203786,0.01735856,0.01484594,0.01274808,0.01098889,0.00950676,0.00825211,0.00718506,0.00627348
Gram_error_fro,4.0,1,14,4,0.0,0.06027793,0.05296753,0.04244534,0.03428566,0.0281928,0.02349943,0.01978596,0.01679656,0.01435801,0.01234469,0.01066352,0.00924531,0.0080384,0.00700387,0.00611198,0.0053396,0.0046684
Gram_error_fro,4.0,1,14,4,0.0,0.08631392,0.0872632,0.07542723,0.06326572,0.05300297,0.04464051,0.03783327,0.03226014,0.02766681,0.02385526,0.0206708,0.0179922,0.01572423,0.01379188,0.01213587,0.01070905,0.00947368
Gram_error_fro,4.0,1,14,4,0.0,0.06466272,0.05882923,0.05248059,0.04593808,0.03957418,0.03374335,0.02861513,0.02421532,0.02049254,0.01736447,0.01474306,0.01254637,0.01070289,0.00915224,0.00784435,0.00673798,0.00579936
Gram_error_fro,4.0,1,14,4,0.0,0.03647499,0.03226191,0.02835112,0.02562158,0.02367819,0.02211946,0.02073077,0.01942182,0.01816179,0.01694445,0.01577221,0.01464958,0.01358059,0.01256804,0.01161334,0.01071674,0.00987752
Gram_error_fro,4.0,1,14,4,0.0,0.07613418,0.06651654,0.05308682,0.04352342,0.03670604,0.03142236,0.02707111,0.02337965,0.02020918,0.01747347,0.0151091,0.01306477,0.01129711,0.00976883,0.00844768,0.0073057,0.00631862
Gram_error_fro,4.0,1,14,4,0.0,0.09508913,0.09324857,0.0808807,0.06893726,0.05868313,0.0500227,0.04273189,0.03660206,0.03144869,0.02711096,0.02345129,0.02035406,0.01772338,0.01548031,0.01356018,0.01191006,0.01048658
Gram_error_fro,4.0,1,14,4,0.0,0.12086682,0.08360555,0.05618849,0.04226725,0.03594578,0.03288646,0.03101689,0.02954121,0.02818443,0.02685933,0.02554403,0.02423878,0.02295058,0.02168758,0.0204572,0.01926545,0.01811689
Gram_error_fro,4.0,1,14,4,0.0,0.06162438,0.05280335,0.04165594,0.03328435,0.02726871,0.02275074,0.01919604,0.01631408,0.01393615,0.01195217,0.01028354,0.00887116,0.00766939,0.00664231,0.0057613,0.00500326,0.00434933
Gram_error_fro,6.0,1,14,4,0.0,0.11471997,0.08715278,0.06596076,0.05245751,0.04312141,0.03602416,0.03032615,0.02563696,0.02173582,0.01847232,0.01573226,0.01342475,0.01147613,0.0098263,0.00842605,0.0072349,0.00621952
Gram_error_fro,0.0,1,14,4,0.0,0.0,0.0,0.0,0.0,0.0,0.0,0.0,0.0,0.0,0.0,0.0,0.0,0.0,0.0,0.0,0.0,0.0
Gram_error_fro,2.0,1,14,4,0.0,0.04296968,0.03522735,0.02535185,0.01789961,0.01279333,0.00933617,0.00695396,0.00526845,0.00404459,0.00313633,0.00245057,0.00192586,0.00152026,0.00120423,0.00095647,0.00076129,0.00060694
Gram_error_fro,2.0,1,14,4,0.0,0.08422808,0.05360407,0.03213253,0.01997638,0.01316027,0.00919981,0.00676418,0.00516825,0.00405907,0.00324955,0.00263584,0.00215716,0.00177598,0.00146789,0.00121626,0.00100925,0.00083813
Gram_error_fro,2.0,1,14,4,0.0,0.04190133,0.03719321,0.02994732,0.02422446,0.02014457,0.01714472,0.01480194,0.01288129,0.01125861,0.00986452,0.00865591,0.00760289,0.00668281,0.00587746,0.00517171,0.00455269,0.00400936
Gram_error_fro,2.0,1,14,4,0.0,0.0574702,0.03814932,0.02388935,0.01526396,0.0100206,0.00676072,0.00468255,0.00332139,0.00240465,0.00177041,0.00132092,0.0009958,0.00075672,0.00057858,0.00044448,0.00034272,0.00026503
Gram_error_fro,2.0,1,14,4,0.0,0.01201898,0.01094106,0.00924472,0.00788632,0.00705536,0.00639774,0.00574331,0.00507659,0.0044256,0.00381661,0.00326476,0.00277569,0.00234893,0.00198059,0.00166518,0.0013967,0.0011692
Gram_error_fro,4.0,1,14,4,0.0,0.07351267,0.04684828,0.02875744,0.01811358,0.01175328,0.00786564,0.00544425,0.00391489,0.00293897,0.00230878,0.00189243,0.00160565,0.00139603,0.00123243,0.00109719,0.00098064,0.00087754
Gram_error_fro,4.0,1,14,4,0.0,0.0497761,0.03867561,0.02700002,0.01896839,0.01372957,0.01022284,0.00776951,0.00598688,0.00465741,0.00364918,0.00287606,0.00227842,0.00181342,0.00144953,0.00116328,0.000937,0.0007573
Gram_error_fro,4.0,1,14,4,0.0,0.07772042,0.0543347,0.03736086,0.02652086,0.01950819,0.01486963,0.01169946,0.00944794,0.00778813,0.00652401,0.0055345,0.00474186,0.00409441,0.00355674,0.00310403,0.00271853,0.00238726
Gram_error_fro,4.0,1,14,4,0.0,0.07232729,0.04684156,0.03113397,0.0225616,0.01762741,0.0144675,0.01220406,0.0104452,0.00901169,0.00781318,0.00679734,0.00592939,0.00518385,0.00454088,0.00398451,0.00350167,0.00308154
Gram_error_fro,4.0,1,14,4,0.0,0.06141676,0.04397004,0.03025333,0.02157466,0.01625212,0.01291675,0.01069706,0.00910257,0.00787533,0.00688139,0.00604883,0.00533638,0.00471846,0.0041779,0.00370239,0.0032826,0.00291114
Gram_error_fro,4.0,1,14,4,0.0,0.08051817,0.05378388,0.03661725,0.02690467,0.02099473,0.01696762,0.01396574,0.01160929,0.00971068,0.00816042,0.00688456,0.00582848,0.00495007,0.00421616,0.00360043,0.00308181,0.00264341
Gram_error_fro,4.0,1,14,4,0.0,0.08555866,0.05991655,0.04512169,0.03672917,0.03102049,0.02656404,0.02283421,0.01962777,0.01685151,0.01444841,0.01237348,0.0105868,0.00905196,0.00773588,0.00660893,0.00564488,0.00482077
Gram_error_fro,6.0,1,14,4,0.0,0.06340426,0.04176607,0.0288649,0.02197957,0.0178428,0.01499805,0.01284035,0.01110462,0.00966116,0.00843759,0.00738832,0.00648174,0.00569444,0.0050082,0.00440844,0.00388318,0.00342244
Gram_error_fro,4.0,1,14,4,0.0,0.06362171,0.04761695,0.03712737,0.03110649,0.02716724,0.02416479,0.02164674,0.01944029,0.01747419,0.01571268,0.01413242,0.01271477,0.01144334,0.01030324,0.00928088,0.0083639,0.00754112
Gram_error_fro,6.0,1,14,4,0.0,0.07418108,0.06928475,0.06127514,0.05313441,0.04540908,0.03845057,0.03241139,0.02729073,0.02300513,0.01943999,0.01647844,0.01401467,0.01195844,0.01023528,0.0087848,0.00755845,0.00651725
Gram_error_fro,0.0,1,14,5,0.0,0.0,0.0,0.0,0.0,0.0,0.0,0.0,0.0,0.0,0.0,0.0,0.0,0.0,0.0,0.0,0.0,0.0
Gram_error_fro,2.0,1,14,5,0.0,0.05332246,0.0411415,0.03232447,0.0266438,0.02270758,0.01970987,0.01726443,0.01519028,0.01339605,0.01182901,0.01045394,0.00924436,0.00817885,0.00723938,0.00641044,0.00567858,0.00503206
Gram_error_fro,2.0,1,14,5,0.0,0.06692894,0.05017118,0.03599903,0.02634471,0.01986994,0.01547224,0.01240863,0.01020386,0.00856125,0.00729666,0.00629459,0.00548089,0.00480662,0.00423846,0.0037531,0.00333381,0.0029683
Gram_error_fro,2.0,1,14,5,0.0,0.05593256,0.04357237,0.03206692,0.02430806,0.01917596,0.01565233,0.01310267,0.01115976,0.0096141,0.00834438,0.00727775,0.00636805,0.00558426,0.0049043,0.00431159,0.00379321,0.00333876
Gram_error_fro,2.0,1,14,5,0.0,0.05791892,0.04034276,0.02570907,0.01721475,0.01256693,0.009968,0.0083963,0.00734049,0.00656052,0.00594314,0.0054312,0.00499276,0.00460819,0.00426459,0.00395318,0.00366787,0.00340443
Gram_error_fro,0.0,1,14,5,0.0,0.05446905,0.0509543,0.04074739,0.0320358,0.02554906,0.02073565,0.01705034,0.0141362,0.01177888,0.00984642,0.00825107,0.00692933,0.00583216,0.00492018,0.00416114,0.00352841,0.00300003
Gram_error_fro,2.0,1,14,5,0.0,0.05192261,0.04891416,0.03914146,0.03041152,0.02382848,0.01900984,0.01542082,0.01266428,0.01048727,0.00873345,0.00730282,0.00612713,0.00515657,0.00435287,0.00368562,0.00313026,0.00266679
Gram_error_fro,4.0,1,14,5,0.0,0.04877934,0.03844296,0.03109852,0.02519119,0.02047237,0.01679736,0.01395604,0.01173954,0.00997982,0.00855507,0.00738076,0.00639869,0.00556811,0.00485966,0.00425147,0.00372672,0.00327218
Gram_error_fro,2.0,1,14,5,0.0,0.04993489,0.04369444,0.03561527,0.02944741,0.02483698,0.02119398,0.01817937,0.01562671,0.01344802,0.01158624,0.00999656,0.00864027,0.00748319,0.00649531,0.00565061,0.00492683,0.00430516
Gram_error_fro,2.0,1,14,5,0.0,0.0659985,0.06026621,0.04886058,0.03895764,0.03131252,0.02549409,0.02099949,0.01745523,0.01460937,0.01229278,0.01038831,0.0088114,0.00749856,0.00640068,0.00547897,0.00470236,0.00404574
Gram_error_fro,4.0,2,14,5,0.0,0.04361568,0.03668333,0.02913328,0.02338861,0.01971319,0.01764358,0.01664293,0.01628024,0.0162657,0.01642588,0.01666432,0.01692966,0.01719548,0.0174488,0.01768379,0.01789836,0.01809244
Gram_error_fro,2.0,1,14,5,0.0,0.04255615,0.03791945,0.0320346,0.02666009,0.02204639,0.01823801,0.01515122,0.01266,0.01064299,0.0089993,0.00764977,0.00653355,0.00560396,0.00482494,0.00416841,0.00361224,0.00313887
Gram_error_fro,4.0,1,14,5,0.0,0.06191809,0.04391172,0.03217136,0.02541236,0.02142222,0.01878238,0.01677128,0.01507354,0.01356428,0.01219626,0.01095067,0.00981783,0.00879035,0.00786116,0.00702305,0.00626876,0.00559118
Gram_error_fro,6.0,1,14,5,0.0,0.08669778,0.08389123,0.07251089,0.06118926,0.05167194,0.0439897,0.03778605,0.03270182,0.02846202,0.02487273,0.02179908,0.01914533,0.01684094,0.0148319,0.0130753,0.01153614,0.01018527
Gram_error_fro,4.0,1,14,5,0.0,0.0597654,0.05034978,0.03818149,0.02933164,0.02349233,0.01956805,0.01674216,0.01454728,0.01274232,0.01120554,0.00987272,0.00870644,0.00768182,0.00678022,0.00598638,0.00528728,0.00467152
Gram_error_fro,6.0,1,14,5,0.0,0.06403533,0.04827212,0.03595752,0.02729866,0.02100558,0.01632064,0.012799,0.01014543,0.00814529,0.00663589,0.0054925,0.00461983,0.00394581,0.00341675,0.00299325,0.00264692,0.00235755
Gram_error_fro,0.0,1,14,2,0.0,0.0,0.0,0.0,0.0,0.0,0.0,0.0,0.0,0.0,0.0,0.0,0.0,0.0,0.0,0.0,0.0,0.0
Gram_error_fro,2.0,1,14,2,0.0,0.04907889,0.03525951,0.02851005,0.02379498,0.01995454,0.01672947,0.0140155,0.01173622,0.00982458,0.00822169,0.00687714,0.00574849,0.0048004,0.00400353,0.00333355,0.00277023,0.00229673
Gram_error_fro,2.0,1,14,2,0.0,0.03835146,0.02819203,0.02212649,0.01757491,0.01402258,0.01124171,0.00906265,0.00734847,0.00599161,0.00490963,0.00404023,0.00333643,0.00276276,0.00229229,0.00190438,0.00158313,0.00131613
Gram_error_fro,2.0,1,14,2,0.0,0.04807428,0.0355745,0.02757784,0.02188705,0.01752262,0.01414087,0.0115172,0.00947025,0.00785832,0.00657517,0.00554254,0.00470288,0.00401362,0.0034429,0.00296663,0.0025664,0.00222793
Gram_error_fro,2.0,1,14,2,0.0,0.01781776,0.00955368,0.00537623,0.00306701,0.00188138,0.00152691,0.00156019,0.00163584,0.00165686,0.00162131,0.0015459,0.00144671,0.00133572,0.00122108,0.00110803,0.00099976,0.0008981
Gram_error_fro,2.0,1,14,2,0.0,0.06895728,0.03986067,0.02820011,0.02131897,0.01646627,0.01286768,0.01015226,0.00808329,0.00649413,0.00526382,0.00430351,0.00354762,0.00294748,0.00246685,0.00207864,0.00176242,0.00150276
Gram_error_fro,2.0,1,14,2,0.0,0.03272371,0.02641468,0.02132133,0.0173761,0.01430584,0.01189787,0.00998967,0.00845923,0.00721625,0.00619435,0.00534462,0.00463081,0.00402583,0.00350917,0.00306512,0.00268146,0.00234856
Gram_error_fro,4.0,1,14,2,0.0,0.02156092,0.0234826,0.02114845,0.01815195,0.01528959,0.01273134,0.01050431,0.00859231,0.00696431,0.00558577,0.0044238,0.00344927,0.00263776,0.00197026,0.00143459,0.00102893,0.00076648
Gram_error_fro,4.0,1,14,2,0.0,0.06803934,0.03301573,0.02296218,0.01855557,0.01561455,0.01329007,0.011352,0.00971097,0.00831587,0.00712863,0.00611769,0.00525618,0.00452117,0.00389322,0.00335593,0.00289548,0.00250025
Gram_error_fro,2.0,1,14,2,0.0,0.07031566,0.04135121,0.03248544,0.02745962,0.02361021,0.02043361,0.01776008,0.01549181,0.01355711,0.01189945,0.01047318,0.00924105,0.00817251,0.00724239,0.00642986,0.00571768,0.00509151
Gram_error_fro,4.0,1,14,2,0.0,0.03593997,0.03663101,0.03531265,0.03344797,0.03144242,0.0294316,0.02748408,0.02563403,0.02389532,0.02227035,0.02075552,0.01934449,0.01802997,0.01680469,0.01566179,0.01459504,0.0135988
Gram_error_fro,4.0,1,14,2,0.0,0.02142001,0.02018406,0.01786576,0.01552543,0.01340709,0.01149314,0.00977098,0.00823696,0.00688532,0.00570563,0.00468428,0.0038065,0.00305793,0.00242568,0.00189914,0.00147078,0.00113711
Gram_error_fro,4.0,1,14,2,0.0,0.0656022,0.03131569,0.02157097,0.01758695,0.01496929,0.01286408,0.01107017,0.00952249,0.00818702,0.00703731,0.00604956,0.00520204,0.00447521,0.00385185,0.00331698,0.00285773,0.00246308
Gram_error_fro,6.0,1,14,2,0.0,0.03196776,0.02675837,0.02199989,0.01801762,0.01473072,0.01206572,0.00992073,0.00819459,0.00680113,0.0056713,0.00475089,0.00399752,0.00337802,0.00286628,0.00244164,0.00208771,0.00179139
Gram_error_fro,4.0,1,14,2,0.0,0.00448414,0.0119908,0.01666254,0.01956321,0.02117853,0.02187692,0.02194593,0.02159065,0.02095437,0.02013751,0.01921085,0.01822442,0.01721352,0.01620289,0.01520965,0.01424543,0.01331787
Gram_error_fro,6.0,2,14,2,0.0,0.0372157,0.02751213,0.0225711,0.01876323,0.01572273,0.01330901,0.01142149,0.00998095,0.00892133,0.00818329,0.00770993,0.00744579,0.00733897,0.00734416,0.0074246,0.00755225,0.00770676
Gram_error_fro,0.0,1,14,2,0.0,0.0,0.0,0.0,0.0,0.0,0.0,0.0,0.0,0.0,0.0,0.0,0.0,0.0,0.0,0.0,0.0,0.0
Gram_error_fro,2.0,1,14,2,0.0,0.01844943,0.00775245,0.00429056,0.00301241,0.00253071,0.00230212,0.00213766,0.00198336,0.00182768,0.00167123,0.0015174,0.00136948,0.0012299,0.00110014,0.00098095,0.00087249,0.00077451
Gram_error_fro,0.0,1,14,2,0.0,0.0,0.0,0.0,0.0,0.0,0.0,0.0,0.0,0.0,0.0,0.0,0.0,0.0,0.0,0.0,0.0,0.0
Gram_error_fro,2.0,1,14,2,0.0,0.01968425,0.00835587,0.00501445,0.0038168,0.00329701,0.00297857,0.0027196,0.00248203,0.00225693,0.00204345,0.00184265,0.00165571,0.00148333,0.00132572,0.0011826,0.0010534,0.00093729
Gram_error_fro,0.0,1,14,2,0.0,0.0,0.0,0.0,0.0,0.0,0.0,0.0,0.0,0.0,0.0,0.0,0.0,0.0,0.0,0.0,0.0,0.0
Gram_error_fro,2.0,1,14,2,0.0,0.04722631,0.02837522,0.01899354,0.01360463,0.01008041,0.00764621,0.00591621,0.00466171,0.00373651,0.00304353,0.00251672,0.00211033,0.00179227,0.00153969,0.0013362,0.00116994,0.00103221
Gram_error_fro,4.0,1,14,2,0.0,0.02138225,0.00909851,0.00605178,0.00500205,0.00446109,0.00406022,0.00370753,0.00338076,0.00307498,0.00278948,0.00252442,0.00227983,0.00205543,0.00185058,0.00166437,0.00149569,0.00134334
Gram_error_fro,4.0,1,14,2,0.0,0.0511801,0.02785338,0.01884196,0.01390628,0.01071324,0.00847615,0.00683176,0.00558473,0.00461823,0.00385667,0.00324846,0.00275708,0.00235603,0.00202572,0.00175142,0.00152191,0.00132854
Gram_error_fro,4.0,1,14,2,0.0,0.0336433,0.02180102,0.0151397,0.01096284,0.00822547,0.00638641,0.00512252,0.00423295,0.00358858,0.00310506,0.00272763,0.00242131,0.00216412,0.0019424,0.00174758,0.00157423,0.00141878
Gram_error_fro,4.0,1,14,2,0.0,0.02056693,0.01266873,0.00931684,0.00749677,0.00638668,0.00565166,0.00512914,0.00473291,0.00441375,0.00414244,0.00390144,0.00368031,0.00347299,0.00327609,0.0030878,0.00290721,0.00273394
Gram_error_fro,2.0,1,14,2,0.0,0.04781282,0.03249402,0.02355925,0.01780404,0.01375492,0.01079526,0.00857716,0.00688029,0.00555976,0.00451778,0.00368648,0.00301753,0.00247565,0.00203448,0.00167403,0.00137881,0.00113671
Gram_error_fro,4.0,1,14,2,0.0,0.03680873,0.0098186,0.00454565,0.00321463,0.00276823,0.00254268,0.00235384,0.00216153,0.00196501,0.00177114,0.00158605,0.00141369,0.0012561,0.00111393,0.00098691,0.00087423,0.00077479
Gram_error_fro,6.0,1,14,2,0.0,0.04126406,0.01616704,0.01135565,0.00970459,0.00860141,0.007647,0.00677925,0.00599237,0.00528591,0.00465695,0.00410029,0.00360959,0.00317818,0.0027995,0.00246744,0.00217639,0.00192129
Gram_error_fro,6.0,1,14,2,0.0,0.04615447,0.02379529,0.01605108,0.01219519,0.00975064,0.00801675,0.00671285,0.00569569,0.00488101,0.00421511,0.00366198,0.00319658,0.00280096,0.00246188,0.00216934,0.00191563,0.00169464
Gram_error_fro,4.0,1,14,2,0.0,0.10897019,0.08204086,0.06295922,0.04938638,0.03910898,0.03117166,0.02499111,0.0201459,0.01632107,0.01328061,0.0108475,0.00888842,0.0073023,0.00601194,0.00495783,0.00409371,0.00338331
Gram_error_fro,4.0,1,14,2,0.0,0.04962905,0.02725199,0.0181003,0.01293022,0.00956877,0.00726422,0.00564046,0.00447693,0.00363284,0.00301308,0.00255112,0.00219978,0.00192575,0.00170584,0.00152419,0.00137014,0.0012366
Gram_error_fro,0.0,1,14,2,0.0,0.0,0.0,0.0,0.0,0.0,0.0,0.0,0.0,0.0,0.0,0.0,0.0,0.0,0.0,0.0,0.0,0.0
Gram_error_fro,2.0,1,14,2,0.0,0.01229237,0.00802578,0.00625518,0.0052795,0.0045997,0.0040541,0.00358364,0.00316624,0.00279327,0.00246055,0.00216498,0.00190359,0.00167325,0.00147084,0.00129328,0.00113771,0.00100145
Gram_error_fro,2.0,1,14,2,0.0,0.0026421,0.0012328,0.00046577,0.00046837,0.0007579,0.00092223,0.00098686,0.00099416,0.00097134,0.00093321,0.00088732,0.00083753,0.00078596,0.00073391,0.00068229,0.00063178,0.0005829
Gram_error_fro,2.0,1,14,2,0.0,0.02675393,0.02195803,0.01782515,0.01430461,0.0113786,0.00899316,0.00706668,0.00551716,0.00427294,0.00327482,0.00247503,0.00183557,0.00132654,0.00092497,0.00061478,0.00038934,0.00025974
Gram_error_fro,2.0,1,14,2,0.0,0.06083386,0.06529405,0.06280261,0.05870109,0.05427338,0.04989649,0.04570402,0.04175517,0.03807769,0.03468111,0.03156292,0.02871279,0.02611565,0.02375391,0.02160901,0.01966243,0.01789633
Gram_error_fro,2.0,1,14,2,0.0,0.0026421,0.0012328,0.00043158,0.00060948,0.00104134,0.00131561,0.00145815,0.00151152,0.00150782,0.00146851,0.00140752,0.00133391,0.00125359,0.0011705,0.00108725,0.00100562,0.00092677
Gram_error_fro,4.0,1,14,2,0.0,0.0662118,0.06253167,0.05474951,0.04701377,0.0400999,0.03415265,0.02911454,0.02486705,0.02128592,0.01826,0.01569552,0.01351518,0.01165575,0.01006552,0.0087021,0.00753057,0.006522
Gram_error_fro,2.0,1,14,2,0.0,0.07989842,0.04104017,0.02590135,0.01906249,0.01485671,0.01183609,0.00953856,0.00775158,0.00634581,0.00523085,0.00433996,0.00362292,0.00304165,0.00256712,0.00217709,0.00185446,0.00158594
Gram_error_fro,4.0,1,14,2,0.0,0.01640313,0.01037401,0.00799003,0.00640075,0.00521449,0.00432033,0.00363942,0.0031116,0.0026941,0.00235759,0.00208198,0.00185319,0.00166102,0.00149785,0.00135788,0.00123659,0.00113045
Gram_error_fro,4.0,1,14,2,0.0,0.09822434,0.06191287,0.04639507,0.03900786,0.03401912,0.02994473,0.02639836,0.02326069,0.02047866,0.01801546,0.0158386,0.01391769,0.01222445,0.01073299,0.00941996,0.00826446,0.00724797
Gram_error_fro,4.0,1,14,2,0.0,0.08621283,0.06352543,0.04920736,0.03899026,0.03114431,0.02502552,0.02023601,0.01647436,0.01350641,0.01115172,0.00927222,0.00776247,0.00654187,0.00554859,0.00473497,0.00406416,0.00350745
Gram_error_fro,4.0,1,14,2,0.0,0.01507146,0.00767736,0.00505975,0.00412004,0.00386017,0.00379829,0.00374169,0.00363936,0.00349073,0.00330827,0.00310522,0.00289235,0.00267757,0.00246642,0.00226261,0.00206849,0.00188546
Gram_error_fro,4.0,1,14,2,0.0,0.06135594,0.06662734,0.06468204,0.06106058,0.05702845,0.05295295,0.04897193,0.04515572,0.04154532,0.03816309,0.03501792,0.03210913,0.02942957,0.0269681,0.02471128,0.02264465,0.02075358
Gram_error_fro,4.0,1,14,2,0.0,0.11490878,0.07907691,0.06027794,0.04911198,0.04071018,0.03388537,0.0282636,0.02362606,0.01979842,0.01663487,0.01401453,0.01183838,0.01002581,0.00851146,0.00724239,0.00617565,0.00527636
Gram_error_fro,6.0,1,14,2,0.0,0.01007028,0.00705968,0.00626316,0.00641667,0.00647263,0.00631515,0.0060057,0.00560991,0.0051748,0.00473081,0.00429657,0.00388293,0.00349571,0.00313754,0.00280908,0.00250976,0.00223833
Gram_error_fro,4.0,1,14,2,0.0,0.05736296,0.04917847,0.04179949,0.03554832,0.03019746,0.02564146,0.02178168,0.01852035,0.01576693,0.01344142,0.01147506,0.00980976,0.00839686,0.00719588,0.00617315,0.0053007,0.00455525
Gram_error_fro,0.0,1,14,3,0.0,0.0,0.0,0.0,0.0,0.0,0.0,0.0,0.0,0.0,0.0,0.0,0.0,0.0,0.0,0.0,0.0,0.0
Gram_error_fro,0.0,1,14,3,0.0,0.0,0.0,0.0,0.0,0.0,0.0,0.0,0.0,0.0,0.0,0.0,0.0,0.0,0.0,0.0,0.0,0.0
Gram_error_fro,2.0,1,14,3,0.0,0.02797834,0.01786411,0.01344855,0.01081926,0.00890735,0.00741333,0.00621331,0.00523664,0.00443514,0.00377312,0.00322314,0.00276375,0.00237806,0.00205267,0.00177689,0.00154216,0.00134159
Gram_error_fro,2.0,1,14,3,0.0,0.03185436,0.02034434,0.01439862,0.01083162,0.00843483,0.006722,0.00544879,0.00447493,0.00371364,0.00310823,0.00262013,0.00222213,0.00189448,0.00162254,0.00139521,0.00120397,0.00104219
Gram_error_fro,2.0,1,14,3,0.0,0.03104622,0.01718408,0.01191619,0.00900465,0.00706631,0.00568061,0.00464751,0.00385297,0.00322693,0.00272422,0.00231447,0.00197652,0.0016951,0.0014589,0.00125935,0.00108984,0.00094515
Gram_error_fro,2.0,1,14,3,0.0,0.04293186,0.02088096,0.01260903,0.00878569,0.00656953,0.00509264,0.00403106,0.00323564,0.00262449,0.00214677,0.0017685,0.00146583,0.00122154,0.00102288,0.00086027,0.00072641,0.00061564
Gram_error_fro,2.0,1,14,3,0.0,0.03127317,0.02006398,0.01472245,0.0112139,0.00869229,0.00683001,0.00543452,0.00437647,0.00356507,0.00293543,0.00244081,0.0020474,0.00173063,0.00147256,0.00126001,0.00108323,0.00093489
Gram_error_fro,4.0,1,14,3,0.0,0.06149835,0.04543185,0.03553524,0.02889369,0.02395814,0.02008626,0.01696555,0.01441232,0.01230259,0.01054589,0.00907355,0.00783235,0.00678054,0.005885,0.00511928,0.00446205,0.003896
Gram_error_fro,4.0,1,14,3,0.0,0.05541132,0.02844093,0.01762416,0.01210136,0.00870174,0.00638947,0.0047395,0.00353475,0.00264462,0.00198256,0.00148816,0.00111813,0.00084089,0.00063323,0.0004779,0.00036206,0.0002761
Gram_error_fro,4.0,1,14,3,0.0,0.05344619,0.02704708,0.0169324,0.01185682,0.00870091,0.00654119,0.0049936,0.00385499,0.00300252,0.00235605,0.00186094,0.0014787,0.00118165,0.00094946,0.00076705,0.00062306,0.00050889
Gram_error_fro,4.0,1,14,3,0.0,0.03846275,0.02163627,0.01537913,0.01207236,0.00980477,0.00806391,0.00666633,0.0055244,0.00458492,0.00380993,0.00316994,0.00264112,0.0022039,0.00184217,0.00154263,0.00129432,0.00108822
Gram_error_fro,4.0,1,14,3,0.0,0.0415059,0.02605953,0.01784542,0.013095,0.0099538,0.00771004,0.00604182,0.00477335,0.00379542,0.00303459,0.00243897,0.00197063,0.00160118,0.00130898,0.00107736,0.00089328,0.00074655
Gram_error_fro,6.0,2,14,3,0.0,0.06837791,0.03806414,0.02771082,0.02288578,0.01999619,0.01806191,0.01669745,0.01571086,0.01498996,0.01446143,0.01407394,0.01379034,0.0135833,0.01343265,0.01332349,0.01324485,0.01318863
Gram_error_fro,4.0,1,14,3,0.0,0.03803541,0.01718091,0.01043701,0.00730151,0.00542162,0.0041431,0.00321972,0.00253178,0.00200971,0.00160851,0.00129726,0.00105386,0.00086217,0.00071018,0.00058888,0.00049141,0.00041256
Gram_error_fro,4.0,1,14,3,0.0,0.11844729,0.09754503,0.07649156,0.06000384,0.04733299,0.03756733,0.02999674,0.02408944,0.01944895,0.0157794,0.0128592,0.01052151,0.00863989,0.00711784,0.00588114,0.00487224,0.00404623
Gram_error_fro,4.0,1,14,3,0.0,0.05967007,0.04557577,0.03659694,0.03070507,0.02627423,0.02268328,0.01967748,0.01712548,0.01494303,0.01306809,0.01145174,0.01005412,0.00884228,0.00778881,0.00687077,0.00606893,0.00536706
Gram_error_fro,0.0,1,14,2,0.0,0.0,0.0,0.0,0.0,0.0,0.0,0.0,0.0,0.0,0.0,0.0,0.0,0.0,0.0,0.0,0.0,0.0
Gram_error_fro,2.0,1,14,2,0.0,0.03004061,0.02053043,0.01618585,0.01329815,0.01108019,0.00930297,0.00785472,0.00666251,0.0056731,0.00484616,0.00415067,0.00356259,0.00306308,0.00263721,0.00227302,0.00196081,0.00169266
Gram_error_fro,2.0,1,14,2,0.0,0.00624604,0.00221185,0.00147487,0.00112893,0.00086062,0.00064808,0.00048465,0.00036169,0.00027017,0.00020228,0.00015188,0.00011437,8.637e-05,6.542e-05,4.971e-05,3.792e-05,2.906e-05
Gram_error_fro,2.0,1,14,2,0.0,0.02709516,0.01854293,0.01351002,0.01021123,0.00787825,0.00615858,0.00485792,0.00385752,0.00307887,0.0024673,0.00198345,0.0015984,0.00129053,0.00104343,0.00084452,0.00068405,0.00055434
Gram_error_fro,2.0,1,14,2,0.0,0.00782336,0.00255012,0.00117767,0.00075753,0.00058873,0.00050327,0.00044444,0.00039381,0.00034671,0.00030275,0.0002624,0.00022603,0.00019376,0.00016547,0.00014088,0.00011966,0.00010145
Gram_error_fro,2.0,1,14,2,0.0,0.03767773,0.02400197,0.0176289,0.01366903,0.01082458,0.00867176,0.0070037,0.00569296,0.00465243,0.00381954,0.00314823,0.00260393,0.00216039,0.00179739,0.00149919,0.00125342,0.0010503
Gram_error_fro,2.0,1,14,2,0.0,0.00834006,0.00805244,0.00833556,0.00826704,0.00791189,0.00738649,0.00678351,0.00616075,0.00555141,0.00497357,0.00443636,0.00394361,0.00349595,0.00309217,0.00272999,0.00240654,0.00211871
Gram_error_fro,4.0,1,14,2,0.0,0.0120043,0.00418333,0.00260298,0.00201533,0.00163625,0.00134916,0.00112474,0.000948,0.00080784,0.00069563,0.00060474,0.0005302,0.00046829,0.00041621,0.00037187,0.00033369,0.00030045
Gram_error_fro,2.0,1,14,2,0.0,0.02698939,0.01767416,0.01311684,0.01015905,0.00805926,0.00651014,0.00533505,0.00442288,0.00370106,0.00312066,0.00264774,0.00225809,0.00193404,0.00166242,0.00143324,0.00123878,0.00107299
Gram_error_fro,2.0,1,14,2,0.0,0.00212582,0.00062085,0.0004669,0.00040628,0.00031808,0.00026235,0.00024114,0.00023499,0.00023035,0.0002226,0.00021135,0.00019751,0.00018218,0.00016627,0.00015045,0.00013519,0.00012079
Gram_error_fro,4.0,1,14,2,0.0,0.04667481,0.03239888,0.02332864,0.01726663,0.01299024,0.00990931,0.00765471,0.00598036,0.00471995,0.0037596,0.00302,0.00244494,0.00199391,0.00163729,0.00135315,0.00112509,0.00094072
Gram_error_fro,4.0,1,14,2,0.0,0.04731394,0.03768031,0.03150319,0.02653092,0.02236869,0.0188725,0.01593677,0.01347006,0.01139468,0.00964589,0.00817015,0.00692317,0.00586832,0.00497515,0.00421833,0.00357669,0.00303247
Gram_error_fro,4.0,1,14,2,0.0,0.06535479,0.0438138,0.03439533,0.02848432,0.02411466,0.02065831,0.01783216,0.01547732,0.01349134,0.01180186,0.01035475,0.00910815,0.00802902,0.0070909,0.00627237,0.00555591,0.00492706
Gram_error_fro,6.0,1,14,2,0.0,0.07375188,0.04399279,0.03119258,0.02372357,0.01851459,0.01462475,0.0116337,0.00929902,0.00746006,0.00600233,0.00484101,0.00391205,0.00316639,0.00256613,0.00208177,0.00169016,0.00137304
Gram_error_fro,4.0,1,14,2,0.0,0.02822853,0.01758713,0.01276229,0.00979981,0.00772374,0.00618236,0.00500039,0.00407601,0.00334387,0.00275883,0.00228815,0.00190731,0.00159757,0.00134442,0.00113654,0.00096501,0.00082277
Gram_error_fro,4.0,2,14,2,0.0,0.04107012,0.03021166,0.02616508,0.02351975,0.0214005,0.01959152,0.01803336,0.01669885,0.01556462,0.01460685,0.01380202,0.01312817,0.01256549,0.01209663,0.01170658,0.01138254,0.01111366
Gram_error_fro,0.0,1,14,5,0.0,0.0,0.0,0.0,0.0,0.0,0.0,0.0,0.0,0.0,0.0,0.0,0.0,0.0,0.0,0.0,0.0,0.0
Gram_error_fro,2.0,1,14,5,0.0,0.04213063,0.03654564,0.02667661,0.01890138,0.01354988,0.00994164,0.00747297,0.00574572,0.00451291,0.00361976,0.00296561,0.00248207,0.00212084,0.00184692,0.00163473,0.00146579,0.00132697
Gram_error_fro,2.0,1,14,5,0.0,0.00929553,0.00856389,0.00657079,0.00502588,0.00418712,0.00379201,0.00355328,0.00333247,0.00309369,0.00283992,0.00258262,0.00233174,0.00209376,0.00187221,0.00166853,0.00148291,0.00131481
Gram_error_fro,2.0,1,14,5,0.0,0.04765668,0.03497974,0.02503825,0.01810802,0.01324184,0.00980263,0.00735708,0.00560283,0.00432906,0.00339027,0.00268698,0.00215142,0.00173726,0.00141252,0.00115482,0.00094824,0.00078123
Gram_error_fro,2.0,1,14,5,0.0,0.04449611,0.0395554,0.0297714,0.02182401,0.01616318,0.01219117,0.00935413,0.00727845,0.00572652,0.00454548,0.00363383,0.0029219,0.00236059,0.00191446,0.0015575,0.00127029,0.00103813
Gram_error_fro,2.0,1,14,5,0.0,0.0237529,0.01409299,0.00885265,0.00620521,0.00490944,0.00436793,0.00416805,0.00406666,0.00396071,0.00382049,0.00364544,0.00344405,0.00322619,0.0030005,0.00277382,0.00255122,0.0023363
Gram_error_fro,2.0,1,14,5,0.0,0.057593,0.05383966,0.04714908,0.04029324,0.03387056,0.02819687,0.02337592,0.01937673,0.01610359,0.01344075,0.01127619,0.00951181,0.0080663,0.00687441,0.00588472,0.00505709,0.00436031
Gram_error_fro,4.0,1,14,5,0.0,0.08191477,0.07574786,0.06135729,0.04898362,0.03929079,0.03169765,0.02568744,0.02089553,0.01705777,0.01397357,0.0114866,0.00947395,0.00783892,0.0065054,0.00541353,0.00451617,0.00377605
Gram_error_fro,4.0,1,14,5,0.0,0.08041219,0.06965267,0.05354439,0.04112432,0.03207055,0.02530479,0.02011133,0.01606104,0.01287632,0.01036028,0.00836518,0.00677747,0.00550923,0.00449228,0.00367368,0.00301228,0.002476
Gram_error_fro,2.0,1,14,5,0.0,0.05332866,0.04294197,0.03119745,0.02314776,0.0179238,0.01440291,0.01187449,0.00995145,0.0084272,0.00718599,0.00615753,0.0052954,0.00456676,0.00394716,0.00341778,0.00296376,0.00257317
Gram_error_fro,2.0,1,14,5,0.0,0.0538047,0.0462057,0.03535288,0.02717256,0.02124432,0.01679876,0.01336889,0.01068453,0.00856993,0.00689779,0.00557101,0.00451435,0.00366944,0.00299108,0.00244424,0.00200178,0.00164254
Gram_error_fro,4.0,1,14,5,0.0,0.09982069,0.07055361,0.04648515,0.03216841,0.02363897,0.01822435,0.01452189,0.01182564,0.00977107,0.00815668,0.00686128,0.00580602,0.00493643,0.00421329,0.00360744,0.00309675,0.0026641
Gram_error_fro,2.0,1,14,5,0.0,0.03498701,0.04231135,0.04132313,0.03698868,0.03178962,0.02681502,0.02246043,0.01880327,0.01579005,0.01332469,0.01130737,0.00964955,0.00827811,0.00713479,0.00617408,0.00536069,0.00466726
Gram_error_fro,4.0,1,14,5,0.0,0.05600859,0.04657028,0.0342004,0.02488813,0.01846617,0.01402491,0.010862,0.00853876,0.00678956,0.00544773,0.00440317,0.0035801,0.00292486,0.00239867,0.00197305,0.00162676,0.00134372
Gram_error_fro,4.0,1,14,5,0.0,0.05535819,0.05349457,0.04418054,0.0350742,0.02766852,0.02188848,0.01740858,0.01393225,0.01122613,0.00911088,0.0074491,0.00613575,0.00509078,0.00425328,0.00357696,0.00302656,0.00257517
Gram_error_fro,4.0,1,14,5,0.0,0.06537403,0.0587652,0.05005646,0.04205581,0.03500977,0.02898008,0.02393861,0.01979148,0.01641261,0.01367081,0.01144555,0.00963376,0.00815096,0.00692976,0.00591716,0.00507184,0.00436158
Gram_error_fro,0.0,1,14,3,0.0,0.0,0.0,0.0,0.0,0.0,0.0,0.0,0.0,0.0,0.0,0.0,0.0,0.0,0.0,0.0,0.0,0.0
Gram_error_fro,2.0,1,14,3,0.0,0.05073965,0.04365642,0.03612172,0.02905014,0.0231046,0.018358,0.01462973,0.01170489,0.00940085,0.0075761,0.00612371,0.00496293,0.00403222,0.00328411,0.00268161,0.00219563,0.00180308
Gram_error_fro,2.0,1,14,3,0.0,0.03655837,0.02123078,0.01507205,0.01235565,0.01056919,0.00914529,0.0079423,0.00690696,0.00600972,0.00522991,0.00455134,0.00396057,0.00344617,0.00299825,0.00260825,0.00226871,0.00197312
Gram_error_fro,2.0,1,14,3,0.0,0.01320102,0.00904699,0.00588353,0.00472928,0.00497302,0.00553863,0.00597533,0.00620362,0.00624706,0.00614843,0.0059479,0.00567824,0.0053648,0.00502668,0.00467801,0.00432907,0.0039872
Gram_error_fro,2.0,1,14,3,0.0,0.0561334,0.0351865,0.02372417,0.01694338,0.0125439,0.00954276,0.00742145,0.0058751,0.00471619,0.00382641,0.00312927,0.00257408,0.00212623,0.00176141,0.00146205,0.00121508,0.00101057
Gram_error_fro,2.0,1,14,3,0.0,0.00884422,0.00518179,0.00263391,0.00170617,0.00145734,0.00133885,0.00121784,0.00108335,0.00094499,0.00081209,0.00069041,0.00058253,0.0004889,0.0004088,0.00034092,0.00028375,0.00023581
Gram_error_fro,4.0,1,14,3,0.0,0.02038582,0.0118911,0.00612713,0.00447932,0.00534453,0.00642909,0.00715039,0.0075027,0.00757011,0.00743576,0.00716608,0.00681061,0.00640516,0.00597514,0.00553831,0.00510687,0.00468901
Gram_error_fro,4.0,1,14,3,0.0,0.01073772,0.01086366,0.00992865,0.00840948,0.00709176,0.00612292,0.00542283,0.00488881,0.00445008,0.00406702,0.0037197,0.0033987,0.0030998,0.0028211,0.00256171,0.00232103,0.00209852
Gram_error_fro,4.0,1,14,3,0.0,0.05964808,0.04789963,0.03479656,0.02522435,0.01869392,0.01419352,0.0109958,0.00865078,0.0068844,0.00552534,0.00446248,0.0036209,0.00294824,0.00240677,0.00196857,0.00161249,0.00132227
Gram_error_fro,2.0,1,14,3,0.0,0.05881788,0.05153413,0.04223027,0.03535114,0.03011321,0.0258749,0.02233558,0.01933888,0.0167835,0.01459395,0.01271059,0.0110852,0.00967836,0.00845756,0.00739584,0.00647073,0.00566338
Gram_error_fro,4.0,1,14,3,0.0,0.02243849,0.01423797,0.01083357,0.00870647,0.00701904,0.00566141,0.00458283,0.00372983,0.00305378,0.00251494,0.00208235,0.00173235,0.00144697,0.00121258,0.00101879,0.00085766,0.00072303
Gram_error_fro,4.0,1,14,3,0.0,0.10660567,0.06441169,0.04100058,0.02832993,0.02062917,0.01553457,0.01197376,0.00938663,0.00745102,0.00596953,0.00481543,0.00390406,0.00317686,0.00259206,0.00211902,0.00173471,0.00142149
Gram_error_fro,4.0,1,14,3,0.0,0.04752064,0.02195459,0.01297112,0.00959032,0.00793553,0.00702534,0.00647196,0.0060672,0.00570881,0.00535593,0.00499769,0.00463565,0.00427534,0.00392271,0.00358275,0.00325914,0.00295435
Gram_error_fro,4.0,1,14,3,0.0,0.04853346,0.03002325,0.01846613,0.01167085,0.0075146,0.00501074,0.00360833,0.00289924,0.00255346,0.0023547,0.00219917,0.0020496,0.00189729,0.00174332,0.00159112,0.00144398,0.00130428
Gram_error_fro,4.0,1,14,3,0.0,0.09194373,0.06946966,0.05096999,0.03782985,0.02847486,0.02176439,0.01690585,0.01334634,0.01070176,0.00870615,0.00717539,0.00598158,0.00503534,0.0042737,0.00365192,0.00313779,0.00270791
Gram_error_fro,4.0,1,14,3,0.0,0.08358614,0.04530705,0.02573414,0.0165174,0.01160573,0.008616,0.00661152,0.00517989,0.00411424,0.00329867,0.00266243,0.00215936,0.00175771,0.00143477,0.00117376,0.000962,0.00078971
Gram_error_fro,0.0,1,14,2,0.0,0.0,0.0,0.0,0.0,0.0,0.0,0.0,0.0,0.0,0.0,0.0,0.0,0.0,0.0,0.0,0.0,0.0
Gram_error_fro,2.0,1,14,2,0.0,0.04283326,0.02067791,0.01310539,0.00876095,0.00591019,0.00406647,0.00294328,0.00231017,0.00196906,0.0017717,0.0016318,0.00151007,0.0013925,0.00127596,0.00116126,0.00105018,0.00094437
Gram_error_fro,2.0,1,14,2,0.0,0.04221527,0.02512794,0.01742764,0.01313104,0.01024653,0.00814573,0.00656302,0.0053519,0.00441754,0.00369288,0.00312812,0.00268523,0.00233485,0.00205432,0.00182626,0.00163757,0.00147849
Gram_error_fro,2.0,1,14,2,0.0,0.04292232,0.02062986,0.01279455,0.00818825,0.00517704,0.00334486,0.00244389,0.00215774,0.00212128,0.00211925,0.00208324,0.00200588,0.00189678,0.00176778,0.00162881,0.00148727,0.00134827
Gram_error_fro,0.0,1,14,2,0.0,0.0,0.0,0.0,0.0,0.0,0.0,0.0,0.0,0.0,0.0,0.0,0.0,0.0,0.0,0.0,0.0,0.0
Gram_error_fro,2.0,1,14,2,0.0,0.00990479,0.00445459,0.00336914,0.00370676,0.00413261,0.00435725,0.00437878,0.00425161,0.00402985,0.00375495,0.00345572,0.00315111,0.0028531,0.00256896,0.0023028,0.00205663,0.00183113
Gram_error_fro,2.0,1,14,2,0.0,0.02004245,0.00796299,0.00515606,0.00424626,0.00371375,0.00327609,0.00288651,0.00253909,0.0022342,0.00197178,0.00175001,0.00156536,0.00141309,0.00128785,0.00118428,0.00109742,0.00102304
Gram_error_fro,4.0,1,14,2,0.0,0.05697946,0.04610233,0.0361987,0.02854785,0.02253034,0.01779495,0.0140829,0.01117823,0.00890339,0.007117,0.00570891,0.00459429,0.00370811,0.00300055,0.00243335,0.00197698,0.0016086
Gram_error_fro,2.0,1,14,2,0.0,0.00652504,0.00325979,0.00179858,0.00112444,0.00075706,0.00053092,0.00037909,0.0002709,0.00019098,0.00013085,8.533e-05,5.101e-05,2.565e-05,9.7e-06,1.271e-05,2.147e-05,2.814e-05
Gram_error_fro,4.0,1,14,2,0.0,0.01957324,0.01110862,0.0083771,0.00686684,0.00578141,0.00492106,0.00421357,0.00362205,0.00312277,0.00269859,0.00233643,0.00202599,0.001759,0.00152879,0.00132983,0.00115757,0.00100819
Gram_error_fro,2.0,1,14,2,0.0,0.00483133,0.00192087,0.00034677,0.0017956,0.0027479,0.00328341,0.0035109,0.00352697,0.00340772,0.00320833,0.00296662,0.00270757,0.00244714,0.00219516,0.0019574,0.00173694,0.00153511
Gram_error_fro,4.0,1,14,2,0.0,0.01607886,0.0098671,0.00769436,0.00620463,0.00500395,0.00405964,0.0033531,0.00284367,0.00248043,0.00221563,0.00201216,0.00184493,0.00169876,0.0015653,0.00144035,0.0013221,0.00120992
Gram_error_fro,6.0,2,14,2,0.0,0.0439519,0.02845177,0.02347698,0.0205033,0.01830677,0.01656215,0.0151518,0.01401155,0.01309351,0.0123578,0.01177078,0.01130437,0.01093536,0.01064475,0.01041707,0.01023976,0.01010267
Gram_error_fro,4.0,1,14,2,0.0,0.04379407,0.03769955,0.03138247,0.02610942,0.02169945,0.01803261,0.01500477,0.01251492,0.01046986,0.00878831,0.00740212,0.00625547,0.00530326,0.00450927,0.00384451,0.00328576,0.00281435
Gram_error_fro,2.0,1,14,2,0.0,0.01160723,0.00550962,0.00307469,0.00190668,0.00120708,0.00077152,0.000548,0.0004908,0.00050895,0.00053406,0.00054325,0.00053413,0.00051028,0.00047623,0.00043599,0.00039276,0.00034892
Gram_error_fro,2.0,1,14,2,0.0,0.05352054,0.02519646,0.01738901,0.0139163,0.01169017,0.00998578,0.00858437,0.00739981,0.00638739,0.00551795,0.0047695,0.00412426,0.00356741,0.00308644,0.00267072,0.0023112,0.00200014
Gram_error_fro,0.0,1,14,3,0.0,0.0,0.0,0.0,0.0,0.0,0.0,0.0,0.0,0.0,0.0,0.0,0.0,0.0,0.0,0.0,0.0,0.0
Gram_error_fro,2.0,1,14,3,0.0,0.05084079,0.04650601,0.04475031,0.04226316,0.03916258,0.03580968,0.03245077,0.02923185,0.02623181,0.02348639,0.02100434,0.01877828,0.01679188,0.01502454,0.0134543,0.01205956,0.01082013
Gram_error_fro,2.0,1,14,3,0.0,0.02974495,0.01281259,0.00752299,0.00616512,0.00581473,0.00560219,0.00537515,0.00512421,0.00485709,0.00458065,0.00430027,0.00402042,0.0037449,0.0034768,0.00321851,0.00297177,0.00273773
Gram_error_fro,2.0,1,14,3,0.0,0.06710636,0.05817643,0.047405,0.03766778,0.02974978,0.02355833,0.01877268,0.01507203,0.01219377,0.00993697,0.00815172,0.00672695,0.0055803,0.00465034,0.00389087,0.0032668,0.00275121
Gram_error_fro,2.0,1,14,3,0.0,0.05268319,0.05081447,0.04301282,0.035467,0.02920708,0.02417133,0.02012725,0.01686063,0.01420212,0.01202209,0.01022166,0.00872506,0.0074738,0.00642228,0.00553463,0.00478233,0.00414251
Gram_error_fro,2.0,1,14,3,0.0,0.0585877,0.05701832,0.04889389,0.04077205,0.03369512,0.02778487,0.02293188,0.01897103,0.01574053,0.01310055,0.01093633,0.00915579,0.00768567,0.00646772,0.00545553,0.00461193,0.00390701
Gram_error_fro,4.0,1,14,3,0.0,0.07255506,0.0639765,0.05211134,0.04138543,0.03264358,0.02585999,0.02069785,0.01678512,0.01380711,0.01152069,0.00974456,0.00834558,0.00722664,0.00631723,0.00556618,0.00493637,0.0044008
Gram_error_fro,4.0,1,14,3,0.0,0.06599805,0.05429614,0.04479688,0.03640275,0.02932407,0.02355906,0.01893863,0.01525555,0.0123203,0.00997604,0.00809811,0.00658899,0.00537272,0.00439008,0.00359468,0.00295002,0.00242714
Gram_error_fro,4.0,1,14,3,0.0,0.02621409,0.01762342,0.01406559,0.01206973,0.01057147,0.009335,0.00828925,0.00739475,0.00662217,0.00594876,0.005357,0.00483336,0.00436737,0.00395078,0.00357699,0.00324063,0.00293725
Gram_error_fro,2.0,1,14,3,0.0,0.06009526,0.05712623,0.04916744,0.04128149,0.03439972,0.02863582,0.02388479,0.01999072,0.0168015,0.01418532,0.01203324,0.01025706,0.00878585,0.00756271,0.00654184,0.00568634,0.00496631
Gram_error_fro,2.0,1,14,3,0.0,0.02435325,0.01593389,0.01242096,0.01046528,0.00903087,0.00786344,0.00688163,0.00604537,0.00532789,0.00470889,0.00417227,0.00370504,0.00329661,0.00293829,0.00262289,0.00234448,0.00209805
Gram_error_fro,4.0,1,14,3,0.0,0.09288355,0.06684626,0.05096198,0.04160431,0.03523421,0.03041612,0.02654449,0.02332333,0.02058626,0.01822895,0.01618036,0.01438886,0.01281504,0.01142768,0.0102013,0.00911476,0.00815025
Gram_error_fro,2.0,1,14,3,0.0,0.07103388,0.06408063,0.05206968,0.04182502,0.03367348,0.02727359,0.0222506,0.01828925,0.01514298,0.01262422,0.01059155,0.00893835,0.00758384,0.0064664,0.00553863,0.00476376,0.00411302
Gram_error_fro,4.0,1,14,3,0.0,0.10816876,0.08684908,0.06909015,0.05563145,0.04518041,0.03694651,0.03040554,0.02517415,0.0209623,0.01754878,0.0147643,0.01247884,0.01059201,0.00902579,0.00771916,0.00662401,0.00570215
Gram_error_fro,4.0,1,14,3,0.0,0.13261433,0.10629705,0.08205384,0.06401057,0.05050033,0.04023367,0.03233926,0.02620911,0.0214063,0.0176114,0.01458834,0.01216125,0.01019812,0.00859914,0.00728819,0.00620678,0.0053096
Gram_error_fro,4.0,2,14,3,0.0,0.10201452,0.0776308,0.05729284,0.04324121,0.03320795,0.02590163,0.0206003,0.01684771,0.01431572,0.01273219,0.0118486,0.0114421,0.01133247,0.01139058,0.01153286,0.01170919,0.01189135
Gram_error_fro,0.0,1,14,1,0.0,0.0,0.0,0.0,0.0,0.0,0.0,0.0,0.0,0.0,0.0,0.0,0.0,0.0,0.0,0.0,0.0,0.0
Gram_error_fro,2.0,1,14,1,0.0,0.00828273,0.00238479,0.00066209,6.654e-05,0.0001254,0.00015751,0.00012796,7.773e-05,2.407e-05,2.579e-05,6.904e-05,0.00010488,0.00013345,0.00015532,0.00017126,0.00018207,0.00018856
Gram_error_fro,2.0,1,14,1,0.0,0.0195897,0.0179512,0.01506435,0.01266421,0.01067973,0.00901407,0.00760607,0.00641477,0.00540832,0.00455959,0.00384493,0.00324368,0.00273801,0.00231265,0.00195469,0.00165323,0.00139913
Gram_error_fro,0.0,1,14,1,0.0,0.0,0.0,0.0,0.0,0.0,0.0,0.0,0.0,0.0,0.0,0.0,0.0,0.0,0.0,0.0,0.0,0.0
Gram_error_fro,2.0,1,14,1,0.0,0.02062772,0.01369723,0.0109373,0.00921086,0.00787112,0.00674656,0.0057789,0.00494222,0.00421972,0.00359747,0.00306287,0.00260448,0.00221206,0.0018765,0.00158984,0.00134513,0.00113639
Gram_error_fro,2.0,1,14,1,0.0,0.00229563,0.00045484,0.0001594,0.00047765,0.00068705,0.00083987,0.00095324,0.00103458,0.0010888,0.00112014,0.00113244,0.00112917,0.00111341,0.00108782,0.00105468,0.00101592,0.00097316
Gram_error_fro,2.0,1,14,1,0.0,0.0195897,0.0179512,0.01506435,0.01266421,0.01067973,0.00901407,0.00760607,0.00641477,0.00540832,0.00455959,0.00384493,0.00324368,0.00273801,0.00231265,0.00195469,0.00165323,0.00139913
Gram_error_fro,2.0,1,14,1,0.0,0.04812712,0.02807642,0.0210684,0.01734581,0.01476655,0.0127486,0.01108243,0.00967391,0.00847022,0.00743558,0.00654274,0.00576975,0.00509851,0.00451393,0.00400339,0.00355631,0.00316378
Gram_error_fro,2.0,1,14,1,0.0,0.05465276,0.03072994,0.02330348,0.01939003,0.01656909,0.0142845,0.01235903,0.01071417,0.00930247,0.00808863,0.0070437,0.00614315,0.00536599,0.0046943,0.00411278,0.00360845,0.00317026
Gram_error_fro,4.0,1,14,1,0.0,0.11204246,0.07426705,0.0576992,0.04718381,0.03918381,0.03275786,0.02750849,0.02319141,0.01962647,0.01667182,0.01421373,0.01216059,0.01043865,0.00898851,0.00776231,0.00672137,0.00583437
Gram_error_fro,2.0,1,14,1,0.0,0.02207903,0.01429018,0.0121146,0.01069342,0.00944774,0.00831599,0.00729593,0.00638642,0.00558207,0.00487467,0.00425484,0.00371302,0.00324012,0.00282774,0.00246829,0.00215505,0.00188205
Gram_error_fro,2.0,1,14,1,0.0,0.00828273,0.00238479,0.00047514,0.00015794,0.00031537,0.00029166,0.00020624,0.00010704,1.279e-05,6.961e-05,0.00013819,0.00019314,0.00023552,0.00026681,0.00028853,0.0003022,0.0003092
Gram_error_fro,4.0,1,14,1,0.0,0.02663556,0.02050334,0.01590081,0.01265379,0.01017651,0.00821463,0.00663881,0.00536777,0.00434167,0.00351314,0.00284385,0.00230272,0.00186471,0.00150966,0.00122145,0.00098718,0.00079653
Gram_error_fro,2.0,1,14,1,0.0,0.01727187,0.01305577,0.01085818,0.00935757,0.00815814,0.00713528,0.0062412,0.00545462,0.0047628,0.00415564,0.00362398,0.0031593,0.00275372,0.00240006,0.00209187,0.00182339,0.00158956
Gram_error_fro,4.0,1,14,1,0.0,0.000692,9.726e-05,4.08e-06,0.00013691,0.00033314,0.00054248,0.00073517,0.00089702,0.00102382,0.00111661,0.00117883,0.00121477,0.00122884,0.00122512,0.00120724,0.00117836,0.00114115
Gram_error_fro,2.0,1,14,1,0.0,0.0,0.0,0.00019063,0.00040974,0.00057412,0.00067183,0.0007165,0.00072431,0.00070803,0.00067672,0.00063663,0.00059205,0.00054585,0.00049995,0.00045559,0.00041353,0.00037418
Gram_error_fro,0.0,1,14,2,0.0,0.0,0.0,0.0,0.0,0.0,0.0,0.0,0.0,0.0,0.0,0.0,0.0,0.0,0.0,0.0,0.0,0.0
Gram_error_fro,2.0,1,14,2,0.0,0.0206601,0.01253337,0.00982408,0.00829499,0.00715278,0.00621356,0.00541536,0.00472849,0.00413408,0.00361798,0.00316884,0.00277724,0.00243526,0.00213622,0.00187444,0.00164508,0.00144397
Gram_error_fro,2.0,1,14,2,0.0,0.03011191,0.00577617,0.00313884,0.00269819,0.00231087,0.00195431,0.00164524,0.00138355,0.00116372,0.00097942,0.00082484,0.00069501,0.00058578,0.00049374,0.00041606,0.00035043,0.00029491
Gram_error_fro,2.0,1,14,2,0.0,0.01915126,0.01099632,0.00892127,0.00791756,0.00718296,0.00654193,0.00595667,0.00541882,0.00492536,0.00447377,0.0040614,0.00368544,0.00334313,0.00303174,0.0027487,0.00249158,0.00225811
Gram_error_fro,2.0,1,14,2,0.0,0.01847458,0.01084304,0.00820335,0.00675666,0.00571967,0.00489437,0.00421242,0.00364,0.0031554,0.00274272,0.00238967,0.00208643,0.00182507,0.00159912,0.00140324,0.00123301,0.00108475
Gram_error_fro,2.0,1,14,2,0.0,0.01421594,0.00925421,0.00672322,0.00500069,0.00382226,0.00301875,0.00246886,0.00208743,0.00181554,0.0016134,0.00145509,0.00132433,0.0012113,0.00111023,0.00101783,0.00093228,0.00085259
Gram_error_fro,2.0,1,14,2,0.0,0.04205435,0.02241342,0.01648027,0.01343079,0.01129098,0.00959583,0.00819394,0.00701611,0.00601976,0.0051737,0.00445327,0.00383843,0.00331264,0.00286217,0.00247557,0.00214329,0.00185727
Gram_error_fro,2.0,1,14,2,0.0,0.01247087,0.00500288,0.00331517,0.00283571,0.00264095,0.00250988,0.00238774,0.00226022,0.002125,0.0019839,0.00184004,0.00169652,0.00155599,0.00142052,0.00129156,0.00117011,0.00105671
Gram_error_fro,0.0,1,14,2,0.0,0.0,0.0,0.0,0.0,0.0,0.0,0.0,0.0,0.0,0.0,0.0,0.0,0.0,0.0,0.0,0.0,0.0
Gram_error_fro,4.0,1,14,2,0.0,0.03618923,0.01754679,0.01116087,0.00782314,0.00571052,0.00424824,0.00319015,0.00240658,0.0018184,0.00137287,0.00103312,0.00077271,0.00057237,0.00041795,0.00029899,0.00020785,0.00013915
Gram_error_fro,4.0,1,14,2,0.0,0.0459286,0.01571405,0.01053422,0.0087187,0.00745151,0.00645627,0.00565033,0.00498364,0.00442223,0.00394238,0.0035272,0.00316439,0.00284481,0.00256152,0.00230915,0.00208344,0.00188097
Gram_error_fro,6.0,1,14,2,0.0,0.05393037,0.03861947,0.03022142,0.02421996,0.01951281,0.01572456,0.01266289,0.0101919,0.00820155,0.00660035,0.00531287,0.00427759,0.00344488,0.00277486,0.00223563,0.00180165,0.00145251
Gram_error_fro,4.0,2,14,2,0.0,0.03583882,0.01869248,0.01403832,0.01193256,0.01065932,0.00980553,0.00922942,0.00885671,0.00863472,0.00852211,0.00848649,0.00850315,0.0085538,0.00862522,0.00870811,0.00879604,0.00888467
Gram_error_fro,4.0,2,14,2,0.0,0.05634726,0.03534606,0.02560672,0.02013995,0.01665888,0.0143176,0.01270447,0.01158095,0.01079546,0.01024715,0.00986724,0.00960807,0.00943611,0.00932744,0.00926469,0.00923514,0.00922934
Gram_error_fro,2.0,1,14,2,0.0,0.04207371,0.02604547,0.01858466,0.01428737,0.01133808,0.00914826,0.0074601,0.0061311,0.00507055,0.00421583,0.0035216,0.00295405,0.00248746,0.00210194,0.00178199,0.00151538,0.00129237
Gram_error_fro,2.0,1,14,2,0.0,0.03409996,0.02241326,0.01692192,0.01363969,0.01127849,0.00943935,0.00795717,0.0067425,0.00573697,0.00489846,0.0041951,0.00360212,0.00309996,0.00267307,0.00230892,0.00199733,0.00173002
Gram_error_fro,0.0,1,14,6,0.0,0.0,0.0,0.0,0.0,0.0,0.0,0.0,0.0,0.0,0.0,0.0,0.0,0.0,0.0,0.0,0.0,0.0
Gram_error_fro,2.0,1,14,6,0.0,0.06368041,0.05817415,0.04944832,0.04098566,0.03353058,0.02729071,0.02222429,0.01818243,0.01498625,0.01246419,0.01046769,0.00887546,0.00759227,0.00654536,0.00568012,0.00495599,0.00434296
Gram_error_fro,2.0,1,14,6,0.0,0.0952173,0.07838454,0.05737515,0.04270773,0.03294307,0.02619916,0.02131573,0.01764061,0.01479557,0.0125461,0.01073701,0.00926049,0.00803928,0.00701694,0.00615166,0.0054122,0.00477496
Gram_error_fro,2.0,1,14,6,0.0,0.02670775,0.02464548,0.02167046,0.01915563,0.01706396,0.01525643,0.01364563,0.0121893,0.01086863,0.00967409,0.00859856,0.00763472,0.00677441,0.00600887,0.00532911,0.00472635,0.00419226
Gram_error_fro,2.0,1,14,6,0.0,0.05244945,0.05295182,0.04772767,0.04076855,0.03380873,0.0275951,0.02235236,0.01806217,0.01461044,0.01185805,0.00967192,0.0079365,0.00655623,0.00545428,0.0045699,0.00385553,0.00327425
Gram_error_fro,2.0,1,14,6,0.0,0.036158,0.03005163,0.02521503,0.02101393,0.01732996,0.01421179,0.01164829,0.00957377,0.00790312,0.00655459,0.00545932,0.00456299,0.00382409,0.00321113,0.00270011,0.00227249,0.00191371
Gram_error_fro,2.0,1,14,6,0.0,0.05215871,0.05177314,0.0463316,0.03980973,0.033478,0.02782616,0.02300234,0.0189921,0.01570925,0.01304374,0.01088604,0.0091381,0.00771709,0.00655555,0.00559971,0.00480732,0.00414549
Gram_error_fro,4.0,1,14,6,0.0,0.09478509,0.0810748,0.06214035,0.04847943,0.03910568,0.03244764,0.02750426,0.02369384,0.02066778,0.01820518,0.01615906,0.01442833,0.01294188,0.01164883,0.01051227,0.00950493,0.00860632
Gram_error_fro,4.0,1,14,6,0.0,0.0820221,0.06896683,0.05355385,0.04409251,0.03829681,0.03411425,0.03063514,0.02754505,0.02474943,0.02221944,0.01994011,0.01789597,0.0160689,0.01443908,0.01298637,0.01169142,0.01053628
Gram_error_fro,2.0,1,14,6,0.0,0.02729775,0.02269986,0.0211381,0.02007099,0.01906828,0.01803352,0.0169593,0.0158642,0.01477068,0.013698,0.01266059,0.0116684,0.01072773,0.00984214,0.00901312,0.00824068,0.00752378
Gram_error_fro,4.0,1,14,6,0.0,0.08536206,0.0667282,0.04952426,0.03933279,0.03383607,0.0308354,0.02899885,0.02764951,0.02647961,0.02536224,0.02425271,0.02314143,0.02203255,0.02093441,0.01985566,0.01880371,0.01778431
Gram_error_fro,6.0,1,14,6,0.0,0.08872575,0.07699866,0.06212378,0.04953604,0.03944963,0.03149246,0.02526387,0.0204137,0.01664749,0.01372238,0.01144209,0.00965144,0.00823035,0.00708775,0.00615564,0.00538389,0.0047358
Gram_error_fro,2.0,1,14,6,0.0,0.0700905,0.06111699,0.05047613,0.04106129,0.03316951,0.02674498,0.02161494,0.01756905,0.01439924,0.01191921,0.0099722,0.00843195,0.00720012,0.006202,0.00538184,0.00469853,0.0041219
Gram_error_fro,4.0,1,14,6,0.0,0.06950539,0.06065404,0.05023364,0.04104565,0.0332878,0.0269551,0.0219219,0.01799224,0.0149514,0.01259888,0.01076443,0.00931287,0.00814206,0.00717776,0.00636732,0.00567396,0.00507205
Gram_error_fro,6.0,1,14,6,0.0,0.10439263,0.09394126,0.07604553,0.06118187,0.0495294,0.04035643,0.03307726,0.02727069,0.02262192,0.01888699,0.0158737,0.0134303,0.01143723,0.00980068,0.00844727,0.00731973,0.00637335
Gram_error_fro,4.0,1,14,6,0.0,0.08062954,0.06339683,0.0448088,0.03303591,0.02618501,0.02201539,0.01918773,0.01704755,0.01529715,0.01379894,0.012484,0.01131352,0.01026291,0.00931498,0.00845682,0.00767823,0.00697084
Gram_error_fro,0.0,1,14,2,0.0,0.0,0.0,0.0,0.0,0.0,0.0,0.0,0.0,0.0,0.0,0.0,0.0,0.0,0.0,0.0,0.0,0.0
Gram_error_fro,2.0,1,14,2,0.0,0.02372237,0.01826247,0.01586356,0.0144795,0.01340498,0.01244717,0.01155876,0.01072919,0.00995525,0.00923452,0.00856422,0.00794133,0.00736276,0.00682551,0.0063267,0.00586362,0.00543373
Gram_error_fro,2.0,1,14,2,0.0,0.01878057,0.01661184,0.01578262,0.01512429,0.01438301,0.01357742,0.01275316,0.01193972,0.01115274,0.01040006,0.00968539,0.00901021,0.00837467,0.0077781,0.00721933,0.00669689,0.00620908
Gram_error_fro,2.0,1,14,2,0.0,0.0419616,0.01778624,0.01286327,0.01085105,0.00948423,0.00838121,0.00744583,0.00663992,0.00594058,0.00533072,0.00479654,0.00432668,0.00391173,0.00354385,0.00321653,0.00292431,0.0026626
Gram_error_fro,2.0,1,14,2,0.0,0.04876871,0.02439201,0.01950104,0.01805632,0.01717335,0.01633838,0.01547576,0.01459245,0.01370648,0.01283327,0.01198407,0.01116654,0.01038561,0.00964418,0.00894366,0.0082844,0.00766597
Gram_error_fro,2.0,1,14,2,0.0,0.0161998,0.01268101,0.01188688,0.01145139,0.01107013,0.01069897,0.01032965,0.00996023,0.00959078,0.00922232,0.00885622,0.00849394,0.00813688,0.00778629,0.00744326,0.00710868,0.00678328
Gram_error_fro,4.0,1,14,2,0.0,0.05748956,0.03049999,0.02455567,0.0228564,0.02179178,0.02071352,0.01955149,0.01833581,0.0171047,0.0158887,0.01470947,0.01358141,0.01251332,0.01150991,0.01057294,0.00970213,0.00889578
Gram_error_fro,4.0,1,14,2,0.0,0.0393044,0.02556566,0.02073097,0.01800733,0.01597116,0.01426896,0.01278974,0.01148669,0.01033242,0.00930684,0.00839363,0.00757896,0.00685095,0.00619933,0.00561516,0.0050907,0.00461916
Gram_error_fro,4.0,1,14,2,0.0,0.04997189,0.02509604,0.01746513,0.01396201,0.01178342,0.01020015,0.00895153,0.00792253,0.0070528,0.00630584,0.00565719,0.0050893,0.00458896,0.00414591,0.00375198,0.00340049,0.00308596
Gram_error_fro,2.0,1,14,2,0.0,0.02053497,0.00887117,0.00547999,0.00481322,0.00510732,0.00556979,0.00595213,0.0062029,0.00632761,0.00634635,0.00628092,0.00615098,0.00597307,0.00576068,0.00552459,0.00527334,0.00501363
Gram_error_fro,2.0,1,14,2,0.0,0.01878057,0.01661184,0.01578262,0.01512429,0.01438301,0.01357742,0.01275316,0.01193972,0.01115274,0.01040006,0.00968539,0.00901021,0.00837467,0.0077781,0.00721933,0.00669689,0.00620908
Gram_error_fro,4.0,1,14,2,0.0,0.06659561,0.0500398,0.03794951,0.02899195,0.02208921,0.01670877,0.01250113,0.00921314,0.0066549,0.00468362,0.00319718,0.0021374,0.00150021,0.00129213,0.00138113,0.00156657,0.00174365
Gram_error_fro,4.0,1,14,2,0.0,0.02562282,0.02276789,0.02129059,0.01996078,0.01862327,0.01729232,0.01599496,0.01475122,0.01357354,0.01246845,0.01143837,0.01048299,0.0096002,0.0087868,0.00803895,0.0073525,0.00672322
Gram_error_fro,6.0,1,14,2,0.0,0.04590209,0.0235687,0.01902809,0.01752344,0.01654557,0.01563484,0.01471812,0.01379806,0.01288889,0.01200344,0.01115114,0.0103383,0.00956873,0.00884433,0.00816557,0.00753195,0.00694221
Gram_error_fro,4.0,1,14,2,0.0,0.06753238,0.05092511,0.03972766,0.03172258,0.0256089,0.02081794,0.01701397,0.01396881,0.01151695,0.00953394,0.0079242,0.00661336,0.00554302,0.004667,0.00394852,0.00335815,0.00287217
Gram_error_fro,6.0,1,14,2,0.0,0.0239096,0.02146982,0.0207969,0.02007956,0.01914971,0.01806677,0.01691421,0.01575171,0.01461522,0.01352491,0.01249146,0.01151985,0.01061168,0.0097664,0.00898217,0.00825638,0.00758596
Gram_error_fro,0.0,1,14,3,0.0,0.0,0.0,0.0,0.0,0.0,0.0,0.0,0.0,0.0,0.0,0.0,0.0,0.0,0.0,0.0,0.0,0.0
Gram_error_fro,2.0,1,14,3,0.0,0.05493368,0.04400145,0.03502526,0.02805218,0.02243576,0.01792698,0.01434126,0.0115059,0.00926718,0.00749677,0.0060919,0.00497215,0.00407531,0.00335345,0.00276964,0.00229531,0.00190829
Gram_error_fro,2.0,1,14,3,0.0,0.04709648,0.03745321,0.02963715,0.02360539,0.0188126,0.01503168,0.01207395,0.00976586,0.00795976,0.00653769,0.00540876,0.00450439,0.0037732,0.00317678,0.00268633,0.00228007,0.0019414
Gram_error_fro,2.0,1,14,3,0.0,0.03935539,0.02585343,0.01842901,0.01499889,0.01291126,0.01122255,0.00972935,0.00840524,0.00724514,0.00623843,0.00536954,0.00462154,0.00397826,0.00342518,0.00294965,0.00254075,0.0021891
Gram_error_fro,2.0,1,14,3,0.0,0.06315508,0.0331634,0.02014789,0.01476695,0.01188312,0.00991586,0.00839388,0.00715087,0.00611194,0.00523432,0.00448887,0.00385357,0.00331085,0.00284635,0.00244818,0.00210642,0.00181278
Gram_error_fro,2.0,1,14,3,0.0,0.01406458,0.00975263,0.00606187,0.00424868,0.00362536,0.00334999,0.003089,0.00279616,0.00249276,0.00220178,0.00193705,0.00170458,0.00150529,0.00133715,0.00119653,0.00107915,0.00098067
Gram_error_fro,4.0,1,14,3,0.0,0.05225828,0.02586692,0.01711175,0.01308782,0.01031241,0.00819225,0.00655517,0.00529107,0.00431162,0.00354687,0.00294352,0.00246197,0.00207314,0.00175574,0.00149412,0.00127663,0.0010945
Gram_error_fro,2.0,1,14,3,0.0,0.0181653,0.01473312,0.01073859,0.00830079,0.00699066,0.00619677,0.00558921,0.00504705,0.0045382,0.00405875,0.00361116,0.00319785,0.00281989,0.00247714,0.0021685,0.00189231,0.0016465
Gram_error_fro,2.0,1,14,3,0.0,0.01480557,0.0134114,0.01312528,0.01224004,0.01108654,0.00986957,0.00869,0.0075976,0.00661319,0.00574098,0.00497622,0.00430995,0.00373167,0.00323079,0.00279741,0.00242259,0.00209843
Gram_error_fro,2.0,1,14,3,0.0,0.0667756,0.04072877,0.02719266,0.01994487,0.01545813,0.01236152,0.01007909,0.00832713,0.00694458,0.00583084,0.00491926,0.00416396,0.00353232,0.00300055,0.00255072,0.00216902,0.00184447
Gram_error_fro,4.0,1,14,3,0.0,0.03840006,0.0269994,0.01852524,0.01371287,0.01085843,0.00890963,0.00741068,0.00618587,0.00516331,0.00430574,0.00358736,0.00298703,0.00248642,0.00206959,0.00172283,0.00143449,0.00119474
Gram_error_fro,4.0,1,14,3,0.0,0.06490805,0.04824588,0.03566718,0.02725008,0.02117914,0.01662108,0.01314962,0.01048696,0.00843074,0.0068301,0.00557276,0.00457565,0.00377744,0.00313277,0.00260794,0.00217765,0.00182278
Gram_error_fro,4.0,1,14,3,0.0,0.03975836,0.02676356,0.01849172,0.01293026,0.00901911,0.00624981,0.00428641,0.00290018,0.00193701,0.00129529,0.00090994,0.00072807,0.00067795,0.00068296,0.0006971,0.00070304,0.000697
Gram_error_fro,2.0,1,14,3,0.0,0.06502829,0.05529185,0.04748006,0.04115718,0.0354815,0.03040085,0.02594951,0.02211355,0.01884132,0.01606556,0.01371724,0.01173213,0.01005338,0.00863204,0.00742661,0.00640224,0.00552981
Gram_error_fro,6.0,1,14,3,0.0,0.04681144,0.03882657,0.03198757,0.0268974,0.02281396,0.01939696,0.01649531,0.01402251,0.01191525,0.01012119,0.00859535,0.00729879,0.00619784,0.00526352,0.00447093,0.00379877,0.00322884
Gram_error_fro,4.0,1,14,3,0.0,0.10750314,0.08335299,0.06223287,0.04711048,0.0361971,0.02815928,0.02213437,0.01755336,0.01402904,0.01129066,0.00914452,0.0074496,0.00610169,0.00502287,0.00415427,0.00345105,0.00287875
Gram_error_fro,0.0,1,14,2,0.0,0.0,0.0,0.0,0.0,0.0,0.0,0.0,0.0,0.0,0.0,0.0,0.0,0.0,0.0,0.0,0.0,0.0
Gram_error_fro,2.0,1,14,2,0.0,0.03005601,0.02222987,0.01940251,0.01694838,0.01463431,0.01252599,0.01066881,0.00906767,0.00770406,0.00655013,0.00557631,0.00475495,0.00406168,0.00347567,0.00297939,0.00255823,0.00220008
Gram_error_fro,2.0,1,14,2,0.0,0.01059413,0.00459432,0.00173926,0.00049654,0.00128698,0.00195561,0.00235966,0.00257118,0.0026495,0.00263775,0.00256649,0.00245715,0.00232475,0.00217971,0.00202929,0.00187847,0.00173064
Gram_error_fro,2.0,1,14,2,0.0,0.01437388,0.00604335,0.00211389,0.00015261,0.00114938,0.00179124,0.00209721,0.00219088,0.00215466,0.00204274,0.00189032,0.00171994,0.00154576,0.0013764,0.00121684,0.00106972,0.00093612
Gram_error_fro,2.0,1,14,2,0.0,0.08103953,0.0358253,0.01559798,0.00733498,0.00418375,0.0031417,0.00277839,0.00256429,0.00236796,0.00216858,0.00196868,0.00177375,0.00158813,0.00141457,0.00125451,0.00110847,0.00097634
Gram_error_fro,2.0,1,14,2,0.0,0.0100028,0.00522008,0.00259281,0.00081165,0.00045577,0.00124823,0.00173148,0.00198964,0.00209349,0.00209456,0.00202922,0.00192273,0.00179258,0.00165075,0.00150542,0.00136207,0.0012243
Gram_error_fro,2.0,1,14,2,0.0,0.03374988,0.02246789,0.01495962,0.01011542,0.0072703,0.00603202,0.00581421,0.00600041,0.00623842,0.00639887,0.00645334,0.00640933,0.00628463,0.00609806,0.00586639,0.00560365,0.00532113
Gram_error_fro,4.0,1,14,2,0.0,0.01161947,0.00509028,0.0031172,0.00229419,0.00181935,0.00149274,0.00125007,0.00106477,0.00092173,0.00080993,0.00072062,0.00064712,0.00058457,0.00052972,0.00048047,0.00043554,0.00039417
Gram_error_fro,4.0,1,14,2,0.0,0.06953614,0.05175365,0.0400589,0.03201619,0.0260377,0.02145574,0.01788528,0.01506178,0.01279625,0.01095295,0.0094339,0.00816766,0.00710153,0.00619605,0.00542128,0.00475415,0.00417666
Gram_error_fro,2.0,1,14,2,0.0,0.00842232,0.00494786,0.00291861,0.00174022,0.00110039,0.00082473,0.00073284,0.00069248,0.00065369,0.00060756,0.0005564,0.00050382,0.00045251,0.00040407,0.0003593,0.00031851,0.00028167
Gram_error_fro,2.0,1,14,2,0.0,0.04108175,0.03291249,0.02620086,0.02077757,0.0164641,0.01308382,0.01044915,0.00839362,0.00678293,0.00551329,0.00450591,0.0037013,0.00305449,0.00253135,0.00210582,0.00175788,0.00147199
Gram_error_fro,4.0,1,14,2,0.0,0.02278396,0.01056521,0.00699196,0.00552774,0.00465146,0.0039912,0.00343936,0.00296176,0.00254555,0.00218364,0.00187021,0.00159976,0.00136706,0.00116725,0.00099593,0.00084922,0.00072368
Gram_error_fro,4.0,1,14,2,0.0,0.05249514,0.05064364,0.04539374,0.04020941,0.03554912,0.03145569,0.02787675,0.02474391,0.02199423,0.01957403,0.01743827,0.01554912,0.01387463,0.01238772,0.01106527,0.00988747,0.00883728
Gram_error_fro,4.0,1,14,2,0.0,0.04667222,0.03585974,0.02967175,0.02547182,0.02223421,0.0195938,0.01737411,0.01547212,0.01382111,0.01237464,0.01109862,0.009967,0.00895928,0.00805894,0.00725241,0.00652843,0.00587751
Gram_error_fro,4.0,1,14,2,0.0,0.04649539,0.03837949,0.0315437,0.0260503,0.02156642,0.01790372,0.01491081,0.01245962,0.01044436,0.00877982,0.00739839,0.00624677,0.00528288,0.00447332,0.00379145,0.00321578,0.00272886
Gram_error_fro,4.0,1,14,2,0.0,0.03952901,0.03023026,0.02419418,0.01972815,0.01619435,0.01335457,0.0110588,0.00919272,0.00766707,0.0064125,0.00537525,0.00451359,0.00379489,0.00319347,0.00268887,0.00226465,0.00190749
Gram_error_fro,0.0,1,14,2,0.0,0.0,0.0,0.0,0.0,0.0,0.0,0.0,0.0,0.0,0.0,0.0,0.0,0.0,0.0,0.0,0.0,0.0
Gram_error_fro,2.0,1,14,2,0.0,0.01683709,0.0128631,0.01253903,0.0114941,0.01022428,0.00899474,0.00788276,0.00690168,0.00604406,0.00529648,0.00464492,0.00407647,0.00357985,0.00314542,0.00276493,0.00243136,0.0021387
Gram_error_fro,2.0,1,14,2,0.0,0.04066319,0.024108,0.01828593,0.0150615,0.01252592,0.01044064,0.00874785,0.00738346,0.00628037,0.00538025,0.0046371,0.0040163,0.00349217,0.00304564,0.00266238,0.00233148,0.00204444
Gram_error_fro,2.0,1,14,2,0.0,0.06309251,0.04079867,0.02706413,0.01835578,0.01253678,0.0085779,0.00588238,0.00406676,0.00287394,0.00212394,0.00167937,0.00142692,0.00127842,0.0011769,0.00109259,0.00101281,0.00093351
Gram_error_fro,2.0,1,14,2,0.0,0.04534158,0.04714635,0.04144,0.03493185,0.02905149,0.02406647,0.01994122,0.01655908,0.01379242,0.01152588,0.00966264,0.00812421,0.00684805,0.00578467,0.00489492,0.00414777,0.00351842
Gram_error_fro,2.0,1,14,2,0.0,0.01680947,0.01093338,0.00807316,0.00618038,0.00490527,0.00404058,0.0034285,0.00296774,0.00260008,0.00229346,0.00203012,0.00179978,0.00159614,0.00141506,0.00125358,0.00110944,0.00098081
Gram_error_fro,4.0,1,14,2,0.0,0.06183861,0.05226958,0.04414593,0.03716621,0.03117829,0.02612787,0.02191657,0.01842243,0.01552565,0.01312033,0.0111174,0.00944377,0.00804019,0.00685886,0.00586121,0.00501611,0.00429825
Gram_error_fro,4.0,1,14,2,0.0,0.05477579,0.03748348,0.02648176,0.01910014,0.01393332,0.01026782,0.00766151,0.00581311,0.00450874,0.00359261,0.00294906,0.00249189,0.00215827,0.00190438,0.00170133,0.00153104,0.00138271
Gram_error_fro,2.0,1,14,2,0.0,0.05996252,0.04212223,0.03072817,0.02302685,0.01746378,0.01334642,0.01026507,0.00794068,0.00617475,0.00482413,0.00378476,0.00298049,0.0023551,0.00186673,0.00148397,0.00118301,0.00094571
Gram_error_fro,4.0,1,14,2,0.0,0.02792661,0.03586483,0.03477912,0.03133122,0.02750252,0.02387393,0.02061917,0.01777224,0.0153131,0.01320153,0.01139228,0.00984195,0.00851174,0.00736828,0.00638335,0.00553333,0.00479849
Gram_error_fro,2.0,1,14,2,0.0,0.02265675,0.01420388,0.01012874,0.00783799,0.00629115,0.00513394,0.0042279,0.00350318,0.00291621,0.00243651,0.00204166,0.00171473,0.00144276,0.00121565,0.00102546,0.00086583,0.00073164
Gram_error_fro,4.0,1,14,2,0.0,0.03936267,0.03260544,0.02620012,0.02094329,0.0167857,0.01355663,0.01106221,0.00912901,0.00761745,0.00642117,0.00546147,0.00468089,0.00403763,0.00350117,0.00304903,0.00266446,0.00233481
Gram_error_fro,4.0,1,14,2,0.0,0.07037275,0.0454068,0.03263234,0.02430739,0.01832963,0.01392575,0.01064872,0.00819155,0.00633524,0.0049225,0.00383996,0.00300539,0.00235866,0.00185531,0.0014622,0.00115431,0.00091264
Gram_error_fro,6.0,1,14,2,0.0,0.06848993,0.04189538,0.02727637,0.01940546,0.01535732,0.01352058,0.01276159,0.01240168,0.0121245,0.01181316,0.01143882,0.01100619,0.01053026,0.01002719,0.00951111,0.0089933,0.0084823
Gram_error_fro,4.0,1,14,2,0.0,0.05703,0.04145553,0.03132494,0.02434823,0.01925163,0.01543861,0.01254204,0.01030945,0.00856307,0.00717717,0.00606244,0.00515482,0.00440779,0.00378708,0.00326707,0.00282829,0.00245574
Gram_error_fro,4.0,1,14,2,0.0,0.0499046,0.03549432,0.02528385,0.01832093,0.0134459,0.00998792,0.00751478,0.00573135,0.00443277,0.00347641,0.00276286,0.00222285,0.00180798,0.00148439,0.00122829,0.00102284,0.00085605
Gram_error_fro,0.0,1,14,2,0.0,0.0,0.0,0.0,0.0,0.0,0.0,0.0,0.0,0.0,0.0,0.0,0.0,0.0,0.0,0.0,0.0,0.0
Gram_error_fro,0.0,1,14,2,0.0,0.0,0.0,0.0,0.0,0.0,0.0,0.0,0.0,0.0,0.0,0.0,0.0,0.0,0.0,0.0,0.0,0.0
Gram_error_fro,2.0,1,14,2,0.0,0.02932958,0.02137844,0.01661923,0.01356983,0.01131564,0.00953056,0.00807047,0.00685664,0.00583851,0.0049798,0.00425273,0.0036353,0.0031097,0.0026614,0.00227842,0.00195084,0.00167037
Gram_error_fro,2.0,1,14,2,0.0,0.03469699,0.02325442,0.01705326,0.01330468,0.01068131,0.00870976,0.00717153,0.00594484,0.00495291,0.00414299,0.0034768,0.00292558,0.00246721,0.00208446,0.00176371,0.00149411,0.00126691
Gram_error_fro,2.0,1,14,2,0.0,0.00795725,0.0073391,0.00652862,0.00584699,0.00531915,0.00487816,0.00448208,0.00411336,0.00376665,0.00344106,0.00313673,0.00285373,0.00259176,0.00235018,0.00212812,0.00192454,0.00173833
Gram_error_fro,2.0,1,14,2,0.0,0.02133196,0.00861093,0.00498794,0.00384377,0.00336968,0.00303869,0.00273438,0.00244267,0.00216927,0.00192079,0.00170101,0.00151079,0.00134877,0.00121216,0.00109738,0.00100065,0.00091834
Gram_error_fro,4.0,1,14,2,0.0,0.12982842,0.12215392,0.10829204,0.09493441,0.08292644,0.07241449,0.0633096,0.05545038,0.04866792,0.04280755,0.03773419,0.03333214,0.02950312,0.02616398,0.0232445,0.02068536,0.01843645
Gram_error_fro,2.0,1,14,2,0.0,0.00825052,0.00387751,0.00236254,0.00169305,0.00129949,0.0010314,0.00083352,0.00068048,0.00055888,0.00046071,0.0003807,0.0003151,0.00026112,0.00021658,0.00017977,0.00014933,0.00012414
Gram_error_fro,4.0,1,14,2,0.0,0.12619294,0.12022748,0.10668072,0.09328597,0.08122775,0.07071018,0.06163886,0.05383899,0.04713079,0.04135204,0.03636275,0.03204408,0.02829588,0.02503395,0.02218752,0.01969711,0.01751264
Gram_error_fro,4.0,1,14,2,0.0,0.06648643,0.03887469,0.02878946,0.02387907,0.02086411,0.018744,0.0171257,0.0158159,0.01470566,0.01372977,0.01284841,0.01203722,0.01128129,0.01057148,0.00990214,0.00926967,0.00867167
Gram_error_fro,2.0,1,14,2,0.0,0.0111205,0.00489086,0.0026008,0.00172603,0.00145889,0.00141991,0.00142808,0.00142151,0.00138686,0.0013268,0.0012482,0.00115808,0.00106228,0.00096526,0.00087024,0.00077937,0.00069404
Gram_error_fro,4.0,1,14,2,0.0,0.01077197,0.00536879,0.00377294,0.00300417,0.00258455,0.00233897,0.00215689,0.0019843,0.00180467,0.00161864,0.00143219,0.00125156,0.00108154,0.00092524,0.00078435,0.00065945,0.0005504
Gram_error_fro,6.0,1,14,2,0.0,0.05685759,0.02492159,0.01356316,0.00770188,0.00416975,0.00211508,0.00135328,0.00151023,0.00179425,0.00196419,0.00201892,0.00199016,0.00190676,0.00179035,0.00165616,0.00151468,0.00137292
Gram_error_fro,4.0,1,14,2,0.0,0.05572459,0.03065997,0.02138979,0.01639677,0.01300513,0.01045779,0.00846159,0.00686785,0.00558443,0.00454657,0.00370563,0.00302379,0.00247112,0.0020237,0.00166223,0.00137104,0.00113734
Gram_error_fro,4.0,1,14,2,0.0,0.01875358,0.00748217,0.00442303,0.00424119,0.00454126,0.00465152,0.00455057,0.0043095,0.00399026,0.00363575,0.00327366,0.00292112,0.00258816,0.00228014,0.00199944,0.00174647,0.00152048
Gram_error_fro,4.0,1,14,2,0.0,0.03851729,0.04067487,0.039564,0.03759719,0.03535941,0.03303727,0.03072297,0.02847173,0.02631687,0.02427725,0.02236205,0.02057411,0.01891214,0.01737223,0.01594886,0.01463566,0.01342579
Gram_error_fro,0.0,1,14,5,0.0,0.0,0.0,0.0,0.0,0.0,0.0,0.0,0.0,0.0,0.0,0.0,0.0,0.0,0.0,0.0,0.0,0.0
Gram_error_fro,2.0,1,14,5,0.0,0.03186578,0.02123504,0.01592095,0.0126558,0.01027041,0.0083972,0.00689164,0.00567649,0.00469688,0.00390791,0.00327167,0.00275664,0.00233722,0.0019931,0.00170841,0.00147089,0.00127115
Gram_error_fro,2.0,1,14,5,0.0,0.03568377,0.02606127,0.02066537,0.01657248,0.01330813,0.01073219,0.00870752,0.00711098,0.00584439,0.00483296,0.00402012,0.00336288,0.00282825,0.00239074,0.00203053,0.00173213,0.00148345
Gram_error_fro,2.0,1,14,5,0.0,0.07163394,0.05181405,0.0355657,0.0250345,0.0182514,0.01374728,0.01063404,0.00839446,0.00672675,0.00545072,0.00445457,0.00366555,0.00303395,0.00252427,0.00211031,0.00177221,0.00149466
Gram_error_fro,2.0,1,14,5,0.0,0.05489459,0.04208022,0.02927787,0.02062409,0.01503395,0.01131088,0.00870789,0.00681178,0.00539179,0.00430951,0.00347477,0.0028249,0.00231465,0.00191065,0.00158805,0.00132824,0.00111724
Gram_error_fro,2.0,1,14,5,0.0,0.0393454,0.03683767,0.03046566,0.02504226,0.02073141,0.01724034,0.01436487,0.01198121,0.01000348,0.00836349,0.00700386,0.00587594,0.0049389,0.00415883,0.00350792,0.00296343,0.00250684
Gram_error_fro,4.0,1,14,5,0.0,0.07813702,0.06329256,0.0467428,0.03421447,0.02524644,0.0188711,0.01431853,0.01104465,0.00867167,0.00693584,0.00565132,0.0046865,0.00394822,0.00337097,0.00290913,0.00253122,0.00221562
Gram_error_fro,2.0,1,14,5,0.0,0.04888998,0.04274347,0.03457636,0.02777153,0.0225449,0.01853394,0.01539834,0.01290119,0.01088334,0.0092344,0.0078746,0.00674444,0.00579863,0.0050022,0.00432784,0.00375405,0.00326371
Gram_error_fro,2.0,1,14,5,0.0,0.07084698,0.07067538,0.06249978,0.05369416,0.04570204,0.03879437,0.03293841,0.02801494,0.02388704,0.02042514,0.01751567,0.01506285,0.01298755,0.01122507,0.00972271,0.00843761,0.00733478
Gram_error_fro,4.0,1,14,5,0.0,0.06186701,0.05063032,0.03927381,0.03007257,0.02312525,0.01794832,0.01406284,0.01111549,0.00885908,0.00711843,0.00576631,0.00470864,0.00387514,0.00321304,0.00268265,0.00225408,0.0019048
Gram_error_fro,4.0,1,14,5,0.0,0.06672679,0.05938012,0.04602962,0.03578731,0.02860762,0.02340047,0.01941654,0.01624596,0.01366397,0.01153442,0.00976475,0.00828648,0.00704653,0.00600281,0.00512151,0.00437531,0.00374198
Gram_error_fro,4.0,1,14,5,0.0,0.08426467,0.0559036,0.03626305,0.02484759,0.01797934,0.01354621,0.01048088,0.00824644,0.00655927,0.00525687,0.00423748,0.00343234,0.00279231,0.002281,0.0018708,0.00154047,0.00127355
Gram_error_fro,4.0,1,14,5,0.0,0.08726075,0.06802144,0.0539085,0.04362372,0.035734,0.0295581,0.02467455,0.02078215,0.01765398,0.01511671,0.01303792,0.01131692,0.00987741,0.00866158,0.00762551,0.00673562,0.00596603
Gram_error_fro,4.0,1,14,5,0.0,0.07764444,0.07385038,0.06387819,0.05422975,0.04573255,0.03846883,0.03235654,0.02725856,0.02302417,0.01950987,0.01658882,0.01415359,0.01211552,0.01040251,0.00895639,0.00773033,0.00668665
Gram_error_fro,4.0,1,14,5,0.0,0.08416231,0.0639846,0.04379628,0.03014355,0.02130085,0.01547215,0.01151953,0.00876947,0.00681667,0.00540722,0.00437514,0.0036081,0.00302826,0.00258109,0.0022284,0.00194358,0.00170822
Gram_error_fro,4.0,1,14,5,0.0,0.06222399,0.04609145,0.03238973,0.02351381,0.01772825,0.01377587,0.01095099,0.00886069,0.00727303,0.00604165,0.00506931,0.0042892,0.00365438,0.00313127,0.00269551,0.00232914,0.00201871
Gram_error_fro,0.0,1,14,5,0.0,0.0,0.0,0.0,0.0,0.0,0.0,0.0,0.0,0.0,0.0,0.0,0.0,0.0,0.0,0.0,0.0,0.0
Gram_error_fro,2.0,1,14,5,0.0,0.08067197,0.05796697,0.03973312,0.02792081,0.02030439,0.01527559,0.01184302,0.0094148,0.00763768,0.00629708,0.00525901,0.00443716,0.00377413,0.0032307,0.00277932,0.00240026,0.00207904
Gram_error_fro,2.0,1,14,5,0.0,0.06360568,0.04501332,0.03204688,0.02427705,0.01906188,0.01522621,0.0122775,0.00996375,0.00812621,0.00665334,0.00546355,0.00449615,0.00370547,0.00305668,0.00252279,0.0020826,0.00171919
Gram_error_fro,0.0,1,14,5,0.0,0.0,0.0,0.0,0.0,0.0,0.0,0.0,0.0,0.0,0.0,0.0,0.0,0.0,0.0,0.0,0.0,0.0
Gram_error_fro,2.0,1,14,5,0.0,0.04562434,0.04407383,0.03663341,0.02922649,0.02307802,0.01824604,0.01450668,0.01160939,0.00934638,0.00756121,0.00613987,0.00499949,0.00407906,0.00333286,0.00272594,0.00223117,0.00182714
Gram_error_fro,2.0,1,14,5,0.0,0.04590828,0.03934359,0.02874816,0.02063933,0.01507804,0.01127513,0.00860626,0.00667701,0.00524667,0.00416478,0.00333343,0.00268634,0.00217722,0.00177296,0.00144942,0.00118873,0.00097746
Gram_error_fro,2.0,1,14,5,0.0,0.06355733,0.04503249,0.0296311,0.01994392,0.01388897,0.01000249,0.00742699,0.00566042,0.0044067,0.00348988,0.00280333,0.00227998,0.00187567,0.00155987,0.00131068,0.00111197,0.0009517
Gram_error_fro,4.0,1,14,5,0.0,0.04179865,0.03519339,0.02619461,0.01892516,0.01377191,0.01025209,0.00783367,0.00612643,0.00488065,0.00394413,0.00322373,0.00266016,0.00221364,0.00185614,0.00156718,0.00133146,0.00113741
Gram_error_fro,4.0,1,14,5,0.0,0.06252312,0.04396595,0.03250674,0.02658413,0.02340853,0.02155717,0.02032566,0.01936582,0.01851197,0.01769102,0.01687532,0.01605838,0.01524282,0.01443447,0.01363966,0.01286406,0.0121123
Gram_error_fro,4.0,1,14,5,0.0,0.05967232,0.04222986,0.02936034,0.02172811,0.01680365,0.0133064,0.01068969,0.00868361,0.00712424,0.00589891,0.00492631,0.00414681,0.00351632,0.00300199,0.00257906,0.00222872,0.00193649
Gram_error_fro,4.0,1,14,5,0.0,0.07328749,0.06567855,0.05696387,0.05066761,0.04576753,0.04163491,0.03798952,0.03470419,0.03171516,0.02898541,0.02648947,0.02420715,0.02212082,0.02021442,0.01847304,0.01688281,0.01543083
Gram_error_fro,6.0,1,14,5,0.0,0.08286458,0.07805653,0.06649129,0.05490133,0.04478304,0.03640152,0.02962114,0.0241915,0.01985609,0.01638999,0.01360847,0.01136458,0.00954325,0.00805512,0.00683101,0.00581736,0.00497261
Gram_error_fro,4.0,1,14,5,0.0,0.06176055,0.05032287,0.03822091,0.02884159,0.02184275,0.01670198,0.01293295,0.01014498,0.00805153,0.00645248,0.00521086,0.00423288,0.00345351,0.00282666,0.00231893,0.0019055,0.00156753
Gram_error_fro,4.0,1,14,5,0.0,0.0619212,0.04733052,0.0373359,0.03186324,0.02845426,0.02592255,0.02378076,0.02183886,0.02002828,0.01832813,0.01673433,0.01524713,0.01386654,0.01259098,0.01141728,0.01034096,0.00935674
Gram_error_fro,4.0,1,14,5,0.0,0.09065354,0.07329715,0.05691796,0.04424344,0.03473433,0.02772294,0.02256794,0.0187395,0.01584045,0.01359015,0.01179692,0.01033192,0.00910873,0.00806885,0.00717206,0.0063901,0.00570257
Gram_error_fro,6.0,1,14,5,0.0,0.05842796,0.04037836,0.0283502,0.02014583,0.01471902,0.01124093,0.00902578,0.0075708,0.00655074,0.00577706,0.00514866,0.00461339,0.0041443,0.00372679,0.00335229,0.00301511,0.00271107
Gram_error_fro,0.0,1,14,2,0.0,0.0,0.0,0.0,0.0,0.0,0.0,0.0,0.0,0.0,0.0,0.0,0.0,0.0,0.0,0.0,0.0,0.0
Gram_error_fro,2.0,1,14,2,0.0,0.04984887,0.03526054,0.02632398,0.02012472,0.01551195,0.01202985,0.00938624,0.00736568,0.00580926,0.00460098,0.00365625,0.00291307,0.00232548,0.00185906,0.00148769,0.00119134,0.00095452
Gram_error_fro,2.0,1,14,2,0.0,0.02856771,0.02033889,0.01574516,0.01247726,0.01001227,0.00810991,0.00661757,0.00543174,0.0044798,0.0037093,0.00308144,0.00256689,0.0021432,0.00179293,0.00150237,0.00126067,0.00105914
Gram_error_fro,2.0,1,14,2,0.0,0.02137622,0.01694194,0.01400492,0.01165462,0.00969353,0.0080657,0.00672342,0.00561897,0.00470898,0.00395677,0.00333247,0.00281222,0.00237702,0.00201172,0.00170423,0.00144477,0.00122543
Gram_error_fro,2.0,1,14,2,0.0,0.05864036,0.03581716,0.02592763,0.02026594,0.01628445,0.01325678,0.01088554,0.00900127,0.00748889,0.00626454,0.0052655,0.00444428,0.00376463,0.00319869,0.00272483,0.00232614,0.00198929
Gram_error_fro,2.0,1,14,2,0.0,0.02307302,0.01318284,0.00922929,0.00697426,0.00541886,0.00427276,0.00340386,0.00273469,0.00221437,0.00180723,0.00148724,0.00123474,0.00103467,0.0008753,0.00074748,0.00064405,0.00055944
Gram_error_fro,4.0,1,14,2,0.0,0.04678009,0.03436925,0.02638642,0.02056691,0.01611339,0.01269136,0.01006115,0.00803139,0.00645432,0.00521941,0.00424496,0.00347059,0.00285136,0.00235343,0.00195108,0.00162453,0.0013584
Gram_error_fro,4.0,1,14,2,0.0,0.04883744,0.02897092,0.01980738,0.01460485,0.01111492,0.00861957,0.00677763,0.00538735,0.00431932,0.00348714,0.00283126,0.00230952,0.00189133,0.00155405,0.00128061,0.00105796,0.000876
Gram_error_fro,2.0,1,14,2,0.0,0.05231763,0.04476013,0.03798751,0.03261299,0.0281307,0.02434755,0.02114892,0.018439,0.01613482,0.01416652,0.0124766,0.01101832,0.00975383,0.00865245,0.00768925,0.00684385,0.00609949
Gram_error_fro,4.0,1,14,2,0.0,0.052423,0.04057918,0.03363225,0.02830683,0.02385027,0.02009239,0.01693886,0.01430177,0.01209835,0.01025529,0.0087103,0.00741168,0.00631706,0.00539185,0.00460784,0.00394196,0.00337528
Gram_error_fro,4.0,1,14,2,0.0,0.06647111,0.04107323,0.02758469,0.01939059,0.01391045,0.01014987,0.00756794,0.00580793,0.00461577,0.00380566,0.00324312,0.00283512,0.00252128,0.0022649,0.00204486,0.0018495,0.00167255
Gram_error_fro,4.0,1,14,2,0.0,0.02340603,0.01334392,0.00915694,0.00693472,0.00548643,0.00444786,0.00367332,0.00308597,0.00263616,0.00228804,0.00201464,0.0017956,0.00161587,0.00146454,0.0013339,0.00121863,0.0011151
Gram_error_fro,6.0,1,14,2,0.0,0.04790931,0.04908386,0.04454926,0.03902081,0.03371452,0.0289669,0.02483484,0.02128224,0.01824448,0.01565234,0.01344098,0.01155302,0.00993911,0.00855738,0.00737262,0.00635528,0.00548055
Gram_error_fro,4.0,1,14,2,0.0,0.07379937,0.04186832,0.02772246,0.01948978,0.01394709,0.01002704,0.00720523,0.00516806,0.00371344,0.00270785,0.00205926,0.00169071,0.00151834,0.00145604,0.00143858,0.00142946,0.00141278
Gram_error_fro,2.0,1,14,2,0.0,0.04734908,0.04533588,0.04029062,0.03487061,0.02981825,0.02536946,0.02155181,0.01831277,0.01557655,0.01326701,0.01131583,0.00966452,0.00826404,0.00707373,0.00605997,0.00519496,0.00445567
Gram_error_fro,4.0,1,14,2,0.0,0.02024808,0.01334989,0.00973435,0.00700469,0.00486293,0.00323734,0.00204309,0.00119562,0.00064733,0.00043786,0.0005232,0.00066371,0.00077095,0.0008369,0.00086794,0.000872,0.00085608
Gram_error_fro,0.0,1,14,2,0.0,0.0,0.0,0.0,0.0,0.0,0.0,0.0,0.0,0.0,0.0,0.0,0.0,0.0,0.0,0.0,0.0,0.0
Gram_error_fro,2.0,1,14,2,0.0,0.0114789,0.00924283,0.00721369,0.00552077,0.00416016,0.00309633,0.00227753,0.00165423,0.00118464,0.00083525,0.0005802,0.00040044,0.00028293,0.00021791,0.00019267,0.00018948,0.00019363
Gram_error_fro,2.0,1,14,2,0.0,0.00147378,0.00043105,0.00021383,0.00028662,0.00036508,0.00043487,0.00048961,0.00052734,0.00054958,0.00055898,0.00055822,0.00054969,0.00053538,0.00051688,0.0004955,0.00047223,0.00044787
Gram_error_fro,2.0,1,14,2,0.0,0.0214652,0.01802376,0.01639723,0.01523032,0.01414692,0.01309995,0.01209932,0.01115776,0.01028196,0.00947314,0.00872917,0.00804614,0.00741941,0.00684424,0.00631605,0.00583061,0.00538407
Gram_error_fro,2.0,1,14,2,0.0,0.06168102,0.05902543,0.05250895,0.04496244,0.03806466,0.0322212,0.02738453,0.02339996,0.02010986,0.01737913,0.01509817,0.01317977,0.01155511,0.01016989,0.00898125,0.00795517,0.00706455
Gram_error_fro,2.0,1,14,2,0.0,0.00907646,0.00782958,0.00650516,0.00532367,0.00431411,0.00348161,0.00281484,0.00229599,0.00190551,0.00162303,0.0014272,0.00129621,0.00120968,0.00115074,0.00110703,0.00107046,0.00103622
Gram_error_fro,4.0,1,14,2,0.0,0.07759503,0.07308809,0.06274514,0.05301179,0.04467678,0.03774218,0.03202578,0.02731584,0.0234206,0.02018073,0.01746852,0.01518309,0.01324509,0.01159199,0.0101743,0.00895253,0.007895
Gram_error_fro,2.0,1,14,2,0.0,0.0214652,0.01802376,0.01639723,0.01523032,0.01414692,0.01309995,0.01209932,0.01115776,0.01028196,0.00947314,0.00872917,0.00804614,0.00741941,0.00684424,0.00631605,0.00583061,0.00538407
Gram_error_fro,4.0,1,14,2,0.0,0.05921827,0.03543181,0.02601485,0.02033057,0.01579123,0.01212357,0.00922575,0.00696725,0.00521755,0.00386605,0.00282629,0.00203393,0.00144401,0.00102931,0.00077691,0.00067098,0.00066706
Gram_error_fro,2.0,1,14,2,0.0,0.05190247,0.07627849,0.08409777,0.08586315,0.08483434,0.08225177,0.07875371,0.07473981,0.07047868,0.06615248,0.06188274,0.05774805,0.05379673,0.05005603,0.04653867,0.04324757,0.04017916
Gram_error_fro,4.0,1,14,2,0.0,0.04043119,0.02754541,0.02222593,0.01804579,0.01433189,0.01121293,0.00869659,0.0067073,0.00515002,0.00393724,0.00299674,0.00227205,0.00172044,0.00131045,0.00101914,0.00082813,0.00071835
Gram_error_fro,6.0,1,14,2,0.0,0.11828341,0.10835816,0.0928765,0.07793597,0.06472043,0.05354697,0.04431644,0.03676914,0.03061775,0.0256011,0.02149941,0.01813396,0.01536157,0.01306814,0.01116285,0.00957326,0.00824148
Gram_error_fro,4.0,1,14,2,0.0,0.08180223,0.05344038,0.04388708,0.03942283,0.03606471,0.03301395,0.03011587,0.02735816,0.02475965,0.02233962,0.02010956,0.01807231,0.01622373,0.01455483,0.01305369,0.01170692,0.0105007
Gram_error_fro,4.0,1,14,2,0.0,0.0865073,0.07637048,0.06528722,0.0553017,0.04675506,0.03964573,0.0337904,0.02896442,0.02496351,0.02162037,0.01880369,0.01641197,0.01436685,0.01260752,0.01108627,0.00976522,0.00861393
Gram_error_fro,4.0,1,14,2,0.0,0.07659138,0.07065415,0.05922082,0.0489548,0.04045687,0.03354382,0.02793465,0.02337119,0.01964033,0.01657272,0.01403571,0.01192572,0.01016174,0.00868005,0.00743021,0.00637196,0.00547296
Gram_error_fro,4.0,1,14,2,0.0,0.02619924,0.02009374,0.01560498,0.01292963,0.01134944,0.01032428,0.00955273,0.00889102,0.00827935,0.00769683,0.00713851,0.00660501,0.00609823,0.00561977,0.00517049,0.00475053,0.00435941
Gram_error_fro,0.0,1,14,3,0.0,0.0,0.0,0.0,0.0,0.0,0.0,0.0,0.0,0.0,0.0,0.0,0.0,0.0,0.0,0.0,0.0,0.0
Gram_error_fro,2.0,1,14,3,0.0,0.01747482,0.00968334,0.00705209,0.00575679,0.00483435,0.00408917,0.00346845,0.00294722,0.00250813,0.00213746,0.001824,0.00155845,0.0013331,0.00114155,0.00097847,0.0008394,0.00072063
Gram_error_fro,2.0,1,14,3,0.0,0.02094562,0.01592411,0.01308031,0.0110139,0.00941354,0.00814033,0.007104,0.00624253,0.00551351,0.00488778,0.00434479,0.00386967,0.00345127,0.00308099,0.00275203,0.00245891,0.00219711
Gram_error_fro,2.0,1,14,3,0.0,0.0615854,0.05208298,0.04111725,0.03213893,0.02513695,0.01974084,0.01558819,0.01238099,0.0098889,0.0079388,0.00640198,0.00518284,0.00421007,0.00343001,0.00280194,0.00229458,0.0018837
Gram_error_fro,2.0,1,14,3,0.0,0.02788436,0.0130861,0.01003122,0.00864321,0.00763166,0.00677422,0.00601881,0.00534774,0.00475095,0.00422038,0.00374882,0.00332971,0.00295716,0.00262592,0.00233132,0.00206926,0.0018361
Gram_error_fro,2.0,1,14,3,0.0,0.00237271,0.00112833,0.00113595,0.001133,0.00107385,0.0009813,0.00087589,0.0007704,0.00067153,0.00058211,0.00050286,0.00043341,0.00037292,0.00032044,0.00027501,0.00023575,0.00020186
Gram_error_fro,2.0,1,14,3,0.0,0.06150775,0.05154055,0.03941179,0.02951602,0.02201797,0.01647642,0.01243091,0.00950353,0.0074039,0.00591236,0.00486171,0.00412341,0.00359917,0.00321623,0.00292344,0.00268683,0.00248509
Gram_error_fro,2.0,1,14,3,0.0,0.06323134,0.04739142,0.03648691,0.02872238,0.02285948,0.01832886,0.01479176,0.01201044,0.00980774,0.00804998,0.00663639,0.00549121,0.00455726,0.0037912,0.00315981,0.00263738,0.00220376
Gram_error_fro,4.0,1,14,3,0.0,0.05317846,0.04808759,0.04065521,0.03386856,0.02803189,0.02315212,0.0191369,0.01585562,0.01317631,0.01098271,0.00917903,0.0076889,0.00645224,0.00542191,0.00456069,0.003839,0.00323305
Gram_error_fro,4.0,1,14,3,0.0,0.06061159,0.04137336,0.03184047,0.02555414,0.02077932,0.01700933,0.01399815,0.01157814,0.009622,0.00803115,0.00672924,0.00565723,0.00476943,0.00403034,0.00341222,0.00289323,0.00245601
Gram_error_fro,2.0,1,14,3,0.0,0.05765169,0.03778611,0.02882385,0.02355505,0.01966347,0.01652932,0.01393647,0.01177303,0.0099616,0.00844136,0.00716259,0.00608442,0.00517329,0.00440164,0.0037469,0.00319046,0.00271699
Gram_error_fro,6.0,1,14,3,0.0,0.06663945,0.04215961,0.03163258,0.02523099,0.02047949,0.01675005,0.01377793,0.01139277,0.00946685,0.00790147,0.0066204,0.00556498,0.00469007,0.00396082,0.00335016,0.00283683,0.00240401
Gram_error_fro,6.0,1,14,3,0.0,0.0870853,0.06919843,0.05388636,0.04250294,0.03389191,0.02726727,0.02210948,0.01805227,0.01482958,0.01224603,0.01015726,0.00845579,0.00706086,0.00591107,0.00495913,0.00416815,0.00350903
Gram_error_fro,2.0,1,14,3,0.0,0.06611645,0.05673314,0.05152272,0.04664795,0.04177932,0.03710088,0.03276291,0.02884038,0.02535284,0.02228583,0.01960655,0.01727424,0.01524644,0.01348263,0.01194599,0.0106041,0.00942902
Gram_error_fro,4.0,1,14,3,0.0,0.07099696,0.05864555,0.05404155,0.05003178,0.04579214,0.04148719,0.03731774,0.03341303,0.02983802,0.02661345,0.02373281,0.0211744,0.01890928,0.0169063,0.01513488,0.01356663,0.01217601
Gram_error_fro,2.0,1,14,3,0.0,0.00417442,0.00121245,0.0007024,0.00062056,0.00061232,0.00060534,0.00058616,0.00055624,0.00051971,0.00048014,0.00043999,0.00040082,0.00036349,0.00032844,0.00029587,0.0002658,0.00023819
Gram_error_fro,0.0,1,14,2,0.0,0.0,0.0,0.0,0.0,0.0,0.0,0.0,0.0,0.0,0.0,0.0,0.0,0.0,0.0,0.0,0.0,0.0
Gram_error_fro,2.0,1,14,2,0.0,0.02767763,0.01670668,0.01025749,0.00648566,0.00421726,0.00281423,0.00192377,0.00134622,0.00096528,0.00071079,0.0005388,0.00042096,0.00033865,0.0002796,0.0002359,0.00020248,0.00017614
Gram_error_fro,2.0,1,14,2,0.0,0.04394597,0.0339983,0.0278411,0.02330719,0.01966938,0.01666965,0.01416808,0.01207049,0.01030557,0.00881633,0.00755622,0.00648709,0.00557756,0.00480187,0.00413876,0.0035707,0.00308315
Gram_error_fro,2.0,1,14,2,0.0,0.0213568,0.01999981,0.01584161,0.01248536,0.00990238,0.00789917,0.00633301,0.00509972,0.00412198,0.00334195,0.00271609,0.00221142,0.00180278,0.0014708,0.0012004,0.00097976,0.00079949
Gram_error_fro,2.0,1,14,2,0.0,0.00546825,0.00247689,0.00107326,0.00063846,0.00058458,0.00055882,0.00051482,0.00046286,0.00041147,0.00036472,0.00032411,0.00028976,0.00026104,0.00023694,0.00021644,0.0001986,0.0001827
Gram_error_fro,2.0,1,14,2,0.0,0.05337059,0.03926663,0.03010342,0.02385764,0.01925557,0.0157678,0.01307622,0.01096287,0.00927518,0.00790595,0.00677929,0.00584087,0.00505122,0.00438114,0.00380865,0.00331685,0.00289255
Gram_error_fro,4.0,1,14,2,0.0,0.05498705,0.0194846,0.0076308,0.00351294,0.0020526,0.00156269,0.00136584,0.00123759,0.00112584,0.00102325,0.00093065,0.0008488,0.00077727,0.00071479,0.00065976,0.0006106,0.00056601
Gram_error_fro,4.0,1,14,2,0.0,0.07059006,0.04045145,0.02802295,0.02164555,0.01751089,0.01449133,0.01215231,0.01028009,0.00875072,0.00748413,0.00642471,0.00553185,0.00477488,0.00413002,0.00357848,0.00310519,0.00269792
Gram_error_fro,4.0,1,14,2,0.0,0.02591904,0.01131455,0.00677332,0.00490718,0.00390617,0.00329643,0.00289968,0.00262341,0.00241362,0.00223916,0.00208311,0.001937,0.00179713,0.00166228,0.00153245,0.00140809,0.00128974
Gram_error_fro,4.0,1,14,2,0.0,0.037092,0.01991682,0.01301179,0.00966409,0.00760193,0.00613443,0.00501813,0.00414084,0.00343807,0.00286767,0.00240018,0.00201414,0.00169348,0.00142589,0.0012018,0.00101363,0.00085529
Gram_error_fro,2.0,1,14,2,0.0,0.03703471,0.02928611,0.02329974,0.01853183,0.01471101,0.01168733,0.00931135,0.00744513,0.00597433,0.00480944,0.00388204,0.00314019,0.00254434,0.00206418,0.00167622,0.00136213,0.00110747
Gram_error_fro,4.0,1,14,2,0.0,0.00717176,0.00913374,0.00944513,0.00951398,0.00954011,0.00940231,0.00909486,0.00866147,0.0081501,0.00759951,0.00703765,0.00648349,0.00594926,0.00544239,0.00496694,0.00452469,0.0041159
Gram_error_fro,4.0,1,14,2,0.0,0.02747806,0.01822777,0.01301211,0.01002648,0.00827154,0.00706053,0.00609756,0.00527586,0.00455704,0.00392498,0.00337038,0.00288586,0.00246455,0.00209986,0.00178547,0.0015154,0.00128415
Gram_error_fro,6.0,1,14,2,0.0,0.05227088,0.02816039,0.01831569,0.01332566,0.01020622,0.00802564,0.00641569,0.00518954,0.00423568,0.00348153,0.00287751,0.00238865,0.00198964,0.00166172,0.00139076,0.0011659,0.00097865
Gram_error_fro,6.0,1,14,2,0.0,0.06611573,0.0348631,0.02203217,0.01561813,0.01169287,0.00901187,0.00707676,0.00563374,0.00453265,0.0036773,0.00300318,0.00246562,0.00203285,0.00168175,0.00139511,0.00115992,0.00096615
Gram_error_fro,4.0,1,14,2,0.0,0.06211711,0.04531232,0.03405081,0.0272705,0.0226677,0.01922726,0.01650398,0.0142721,0.01240097,0.01080803,0.00943777,0.0082509,0.00721826,0.00631726,0.00552976,0.00484074,0.00423757
Gram_error_fro,0.0,1,14,2,0.0,0.0,0.0,0.0,0.0,0.0,0.0,0.0,0.0,0.0,0.0,0.0,0.0,0.0,0.0,0.0,0.0,0.0
Gram_error_fro,2.0,1,14,2,0.0,0.04485713,0.04330543,0.0389639,0.03439879,0.03011591,0.02626372,0.02286643,0.01989976,0.01732181,0.01508643,0.01314916,0.01146953,0.01001192,0.00874546,0.00764364,0.00668384,0.00584675
Gram_error_fro,2.0,1,14,2,0.0,0.05600026,0.04064665,0.03001205,0.02239554,0.01674427,0.01254861,0.00944066,0.00713629,0.00542151,0.00413889,0.00317392,0.00244364,0.00188785,0.00146267,0.00113591,0.00088381,0.00068868
Gram_error_fro,2.0,1,14,2,0.0,0.03755762,0.03899452,0.03505832,0.03033782,0.02586455,0.02192045,0.01854428,0.01569018,0.01328869,0.01126995,0.00957152,0.00814019,0.00693154,0.00590881,0.0050417,0.00430521,0.00367863
Gram_error_fro,2.0,1,14,2,0.0,0.00786618,0.00440268,0.00350188,0.00345479,0.00354906,0.00356868,0.00347984,0.00330479,0.00307528,0.00281817,0.00255278,0.00229182,0.00204309,0.001811,0.00159771,0.00140389,0.00122931
Gram_error_fro,2.0,1,14,2,0.0,0.04366768,0.03170138,0.02539327,0.02084697,0.01723918,0.01432382,0.01195346,0.01001446,0.00841769,0.00709418,0.0059908,0.00506647,0.00428908,0.00363327,0.00307875,0.00260909,0.00221085
Gram_error_fro,4.0,1,14,2,0.0,0.02220123,0.00967777,0.00484682,0.00245577,0.0015079,0.00168089,0.00210181,0.00242045,0.0026063,0.00268338,0.00267958,0.00261828,0.00251758,0.00239113,0.0022491,0.00209897,0.0019462
Gram_error_fro,2.0,1,14,2,0.0,0.00847045,0.00435896,0.00326811,0.00357157,0.00414344,0.004606,0.00489242,0.00501918,0.00501971,0.00492634,0.00476592,0.00455957,0.00432353,0.00407011,0.00380855,0.00354571,0.00328663
Gram_error_fro,4.0,1,14,2,0.0,0.11694843,0.07371525,0.05376954,0.04340347,0.03627963,0.03071295,0.02617458,0.02241279,0.01926471,0.01661107,0.01436069,0.01244249,0.01080022,0.00938888,0.00817208,0.00712013,0.00620856
Gram_error_fro,4.0,1,14,2,0.0,0.02220155,0.02171556,0.02323953,0.02399637,0.02401346,0.02344891,0.02248677,0.0212806,0.01994355,0.01855442,0.01716632,0.01581393,0.01451901,0.01329434,0.01214658,0.01107821,0.01008893
Gram_error_fro,4.0,1,14,2,0.0,0.06597682,0.05502895,0.04690044,0.04030857,0.03469812,0.02990568,0.02581452,0.0223193,0.01932779,0.01676172,0.01455553,0.01265448,0.01101291,0.00959261,0.00836154,0.00729279,0.00636363
Gram_error_fro,6.0,1,14,2,0.0,0.026251,0.01863668,0.01355274,0.01021273,0.00829176,0.00743189,0.00720072,0.00724242,0.00734939,0.0074268,0.00744071,0.0073853,0.00726651,0.00709448,0.00688011,0.00663365,0.00636415
Gram_error_fro,4.0,1,14,2,0.0,0.04366768,0.03170138,0.02563841,0.02122532,0.01762462,0.01464337,0.01218169,0.01015358,0.00848197,0.00710107,0.00595675,0.00500531,0.00421172,0.00354789,0.00299124,0.00252353,0.00212989
Gram_error_fro,4.0,1,14,2,0.0,0.05324915,0.04008361,0.03090886,0.0243096,0.01936697,0.01564652,0.01283592,0.01069353,0.00903793,0.00773679,0.00669525,0.00584589,0.00514088,0.00454621,0.0040375,0.00359716,0.00321226
Gram_error_fro,4.0,1,14,2,0.0,0.03065476,0.02671605,0.0220301,0.0176258,0.01387726,0.01083943,0.0084511,0.00661804,0.00524652,0.0042522,0.00355875,0.0030944,0.00279209,0.00259397,0.00245591,0.00234821,0.00225305
Gram_error_fro,4.0,1,14,2,0.0,0.11631962,0.12230653,0.11826439,0.1117046,0.10444191,0.09709925,0.08993615,0.08307989,0.07659725,0.07052068,0.06486075,0.0596137,0.05476642,0.05030005,0.04619246,0.04241999,0.0389586
Gram_error_fro,0.0,1,14,3,0.0,0.0,0.0,0.0,0.0,0.0,0.0,0.0,0.0,0.0,0.0,0.0,0.0,0.0,0.0,0.0,0.0,0.0
Gram_error_fro,2.0,1,14,3,0.0,0.02909194,0.0243039,0.02103112,0.01849394,0.01631496,0.0143978,0.01270538,0.01121177,0.00989437,0.00873286,0.00770901,0.00680647,0.00601069,0.00530875,0.00468924,0.00414215,0.00365874
Gram_error_fro,2.0,1,14,3,0.0,0.10137125,0.07127627,0.05306324,0.04292694,0.03622939,0.03119119,0.02713611,0.02376147,0.02090305,0.01845647,0.01634777,0.01452076,0.01293089,0.01154195,0.01032408,0.00925243,0.00830622
Gram_error_fro,2.0,1,14,3,0.0,0.05578584,0.055879,0.05033679,0.04374698,0.0375195,0.0320498,0.02737664,0.02342376,0.02008783,0.01726895,0.01487999,0.01284815,0.01111361,0.00962765,0.00835055,0.00724986,0.00629893
Gram_error_fro,2.0,1,14,3,0.0,0.02474471,0.02142979,0.01773568,0.01461954,0.01204876,0.00992644,0.00816767,0.00670659,0.00549277,0.00448674,0.00365653,0.00297565,0.00242184,0.00197622,0.0016227,0.00134732,0.00113758
Gram_error_fro,2.0,1,14,3,0.0,0.02814593,0.01630279,0.01142104,0.00888163,0.00702817,0.00558102,0.00445516,0.00358241,0.00290364,0.00237173,0.00195096,0.00161486,0.00134389,0.00112357,0.00094307,0.00079423,0.00067079
Gram_error_fro,4.0,1,14,3,0.0,0.06363932,0.04924637,0.03853207,0.03082337,0.02506547,0.02063822,0.01716436,0.01439604,0.01216123,0.01033652,0.0088315,0.00757888,0.00652792,0.00563989,0.00488488,0.00423955,0.00368545
Gram_error_fro,4.0,1,14,3,0.0,0.03726649,0.03481413,0.03295645,0.03150591,0.03006495,0.02853487,0.02692933,0.02528885,0.02365265,0.02205128,0.02050614,0.019031,0.01763384,0.01631841,0.01508547,0.01393381,0.01286087
Gram_error_fro,4.0,1,14,3,0.0,0.06718385,0.05090385,0.04146505,0.03485856,0.02951073,0.02502481,0.02124339,0.01805644,0.01537089,0.01310648,0.01119476,0.00957802,0.00820796,0.0070444,0.00605402,0.0052092,0.00448706
Gram_error_fro,4.0,1,14,3,0.0,0.04547834,0.02842999,0.02251808,0.01948348,0.01742504,0.01587258,0.01463232,0.01359436,0.01269044,0.01187798,0.01113081,0.01043316,0.00977567,0.00915286,0.00856157,0.00799989,0.00746667
Gram_error_fro,4.0,1,14,3,0.0,0.01729395,0.0092653,0.00774367,0.00686621,0.00598224,0.00514146,0.00438934,0.00373945,0.00318886,0.00272784,0.0023445,0.00202696,0.00176432,0.00154692,0.00136646,0.00121594,0.00108949
Gram_error_fro,4.0,1,14,3,0.0,0.08737578,0.07704394,0.06493909,0.05461816,0.04601703,0.03885661,0.03288643,0.0278981,0.02371987,0.02021068,0.01725503,0.01475848,0.01264388,0.01084808,0.00931932,0.008015,0.00689994
Gram_error_fro,4.0,1,14,3,0.0,0.06068804,0.04663635,0.03421446,0.02647101,0.02251094,0.02098644,0.02064301,0.02067774,0.02070867,0.02059609,0.02031166,0.01987127,0.01930498,0.01864436,0.01791776,0.0171489,0.01635686
Gram_error_fro,4.0,1,14,3,0.0,0.04700285,0.04872424,0.04545719,0.04053396,0.03538765,0.03058597,0.02631164,0.02258922,0.01938195,0.01663265,0.01428098,0.01227044,0.01055084,0.00907881,0.00781733,0.00673506,0.00580551
Gram_error_fro,4.0,1,14,3,0.0,0.10971565,0.07500729,0.05524475,0.04440151,0.03690349,0.03104891,0.02628207,0.02234199,0.01906035,0.01631162,0.01399757,0.01204029,0.01037756,0.00895949,0.00774586,0.00670407,0.00580747
Gram_error_fro,4.0,1,14,3,0.0,0.06068001,0.04978457,0.039963,0.03231156,0.02622933,0.0213469,0.01741389,0.01424026,0.01167543,0.00959871,0.00791338,0.00654214,0.00542332,0.00450776,0.00375632,0.00313776,0.00262713
Gram_error_fro,0.0,1,14,2,0.0,0.0,0.0,0.0,0.0,0.0,0.0,0.0,0.0,0.0,0.0,0.0,0.0,0.0,0.0,0.0,0.0,0.0
Gram_error_fro,2.0,1,14,2,0.0,0.05758095,0.04280604,0.03301204,0.0261767,0.02099439,0.01696282,0.01379934,0.01130207,0.00931775,0.00772957,0.00644893,0.0054087,0.00455793,0.00385766,0.00327789,0.00279532,0.0023917
Gram_error_fro,2.0,1,14,2,0.0,0.08360807,0.04859721,0.0335497,0.02720097,0.02361117,0.02103478,0.01894856,0.01716405,0.01559608,0.01419789,0.01293997,0.01180188,0.01076848,0.00982794,0.00897062,0.00818843,0.00747435
Gram_error_fro,2.0,1,14,2,0.0,0.02549633,0.01589859,0.01140654,0.00936836,0.00804552,0.00696167,0.00602169,0.0052027,0.00449209,0.00387816,0.0033494,0.00289493,0.00250475,0.00216995,0.00188263,0.00163592,0.00142388
Gram_error_fro,2.0,1,14,2,0.0,0.03940541,0.0328645,0.02405021,0.01735821,0.01262278,0.0093122,0.00702369,0.00547551,0.00446131,0.00381924,0.00341957,0.00316427,0.00298696,0.00284744,0.00272367,0.00260475,0.00248596
Gram_error_fro,2.0,1,14,2,0.0,0.0803714,0.05869784,0.04169841,0.02969984,0.02111546,0.01494797,0.01052212,0.00735466,0.00509491,0.00348905,0.00235465,0.00156188,0.0010199,0.0006675,0.00046461,0.00037599,0.00035434
Gram_error_fro,2.0,1,14,2,0.0,0.03652302,0.02271258,0.01783589,0.01480774,0.0124455,0.0105417,0.00899511,0.00772694,0.00667582,0.00579556,0.00505162,0.004418,0.00387479,0.00340649,0.00300086,0.00264806,0.00234014
Gram_error_fro,2.0,1,14,2,0.0,0.07431218,0.03404841,0.01739322,0.01050352,0.00708382,0.00508465,0.0038169,0.0030006,0.00248444,0.00216465,0.00196458,0.00183108,0.00173109,0.00164618,0.00156706,0.00148953,0.00141213
Gram_error_fro,4.0,1,14,2,0.0,0.04477573,0.0485037,0.04283849,0.03592742,0.02967748,0.02442155,0.02009884,0.01656691,0.01368381,0.01132734,0.00939708,0.00781196,0.00650695,0.00542997,0.00453925,0.00380121,0.0031887
Gram_error_fro,4.0,1,14,2,0.0,0.07819302,0.05579061,0.04058709,0.03046473,0.02326349,0.01797843,0.01404833,0.01110467,0.00888676,0.00720497,0.00592009,0.0049295,0.00415752,0.00354832,0.0030608,0.00266475,0.00233802
Gram_error_fro,4.0,1,14,2,0.0,0.0691257,0.05217021,0.03923202,0.02983971,0.02281959,0.01752245,0.01351351,0.01047213,0.00815737,0.00638863,0.00503118,0.00398475,0.00317461,0.00254496,0.0020539,0.0016698,0.00136862
Gram_error_fro,4.0,1,14,2,0.0,0.03390081,0.01917052,0.01291813,0.01004529,0.00829185,0.00702776,0.0060537,0.00527694,0.00464129,0.00410953,0.00365635,0.00326433,0.00292121,0.0026182,0.00234882,0.00210816,0.0018924
Gram_error_fro,2.0,1,14,2,0.0,0.08196245,0.03867269,0.0226836,0.01601314,0.01230473,0.00981078,0.00798348,0.00659474,0.00551904,0.00467445,0.00400316,0.00346308,0.00302317,0.0026604,0.00235757,0.0021018,0.00188335
Gram_error_fro,4.0,1,14,2,0.0,0.05446491,0.04541341,0.03401537,0.02530842,0.01909616,0.01476823,0.01178342,0.00971593,0.00825094,0.00717014,0.00633155,0.00564772,0.00506677,0.00455855,0.00410552,0.00369727,0.00332732
Gram_error_fro,4.0,1,14,2,0.0,0.06158378,0.04421275,0.03320896,0.02602613,0.02082142,0.0168882,0.01386085,0.01149757,0.00962648,0.00812429,0.00690248,0.00589711,0.00506153,0.00436116,0.00376994,0.00326789,0.00283943
Gram_error_fro,4.0,1,14,2,0.0,0.02443609,0.01413664,0.00823945,0.00602663,0.00570772,0.00587668,0.00599017,0.00594724,0.00576871,0.00549609,0.00516627,0.00480705,0.004438,0.00407233,0.00371865,0.00338232,0.0030664
Gram_error_fro,0.0,1,14,2,0.0,0.0,0.0,0.0,0.0,0.0,0.0,0.0,0.0,0.0,0.0,0.0,0.0,0.0,0.0,0.0,0.0,0.0
Gram_error_fro,2.0,1,14,2,0.0,0.00202159,0.00044407,0.0003372,0.00051994,0.00062725,0.0006863,0.00071064,0.00070861,0.00068713,0.00065216,0.00060858,0.00056026,0.00051008,0.00046015,0.00041191,0.00036633,0.00032397
Gram_error_fro,2.0,1,14,2,0.0,0.02723979,0.01760835,0.01336751,0.01060443,0.0085894,0.0070414,0.005818,0.00483592,0.00403994,0.00339025,0.00285681,0.00241645,0.00205111,0.00174658,0.00149164,0.00127734,0.00109652
Gram_error_fro,2.0,1,14,2,0.0,0.02324731,0.01586267,0.0123215,0.01025953,0.00874756,0.00753797,0.00653849,0.00569849,0.00498422,0.00437143,0.00384198,0.00338196,0.00298052,0.00262898,0.00232031,0.00204874,0.00180944
Gram_error_fro,2.0,1,14,2,0.0,0.02681695,0.01770735,0.01345319,0.01055795,0.00843011,0.00681785,0.0055711,0.00459166,0.00381219,0.00318515,0.00267611,0.00225963,0.00191653,0.00163218,0.0013952,0.00119671,0.00102967
Gram_error_fro,2.0,1,14,2,0.0,0.02952938,0.01930057,0.01442854,0.01135183,0.0091167,0.00740702,0.0060685,0.00500525,0.0041512,0.00345878,0.00289298,0.00242756,0.00204253,0.00172248,0.00145537,0.00123167,0.00104378
Gram_error_fro,4.0,1,14,2,0.0,0.01571208,0.00732321,0.00614923,0.00536835,0.0047208,0.00416606,0.00368137,0.00325416,0.00287632,0.00254175,0.00224539,0.0019829,0.00175047,0.0015447,0.00136262,0.00120156,0.00105915
Gram_error_fro,4.0,1,14,2,0.0,0.0229189,0.01499135,0.01132266,0.00896198,0.00717991,0.00576311,0.00462101,0.00369835,0.00295372,0.00235377,0.00187129,0.00148412,0.00117426,0.00092716,0.00073107,0.0005765,0.00045575
Gram_error_fro,4.0,1,14,2,0.0,0.03564215,0.02016728,0.01286549,0.00893573,0.00654604,0.00497466,0.00388397,0.00309475,0.00250422,0.0020502,0.00169345,0.00140824,0.00117711,0.0009878,0.00083143,0.00070142,0.00059275
Gram_error_fro,4.0,1,14,2,0.0,0.0521119,0.03003493,0.01886601,0.01270826,0.00879967,0.00616905,0.00435343,0.00308222,0.00218357,0.0015441,0.00108716,0.00075996,0.00052568,0.00035839,0.00023975,0.00015684,0.00010085
Gram_error_fro,2.0,1,14,2,0.0,0.00690026,0.00203222,0.00211533,0.00246396,0.00254608,0.00248002,0.00234546,0.00218199,0.00200932,0.00183753,0.00167189,0.00151514,0.0013686,0.00123281,0.00110783,0.00099341,0.00088912
Gram_error_fro,6.0,2,14,2,0.0,0.02738198,0.01523646,0.01123115,0.00934173,0.00825643,0.007633,0.00732711,0.00724119,0.00729876,0.00744196,0.00763009,0.00783629,0.00804385,0.00824294,0.00842828,0.00859741,0.00874965
Gram_error_fro,4.0,2,14,2,0.0,0.0479423,0.02509776,0.01607999,0.01184713,0.00953332,0.00822922,0.00754847,0.00726525,0.007226,0.00732652,0.00749984,0.00770503,0.00791812,0.00812564,0.00832046,0.00849922,0.00866079
Gram_error_fro,6.0,2,14,2,0.0,0.07011461,0.04892185,0.03681227,0.02903593,0.02353201,0.01951303,0.0165685,0.01442667,0.01288647,0.01179325,0.01102751,0.01049811,0.01013705,0.00989467,0.00973537,0.00963397,0.00957277
Gram_error_fro,6.0,1,14,2,0.0,0.0277954,0.02023642,0.01362371,0.00923325,0.00625941,0.00419623,0.00274714,0.00172474,0.0010044,0.00050197,0.00017116,0.00014264,0.00028055,0.00037736,0.00043505,0.00046364,0.00047142
Gram_error_fro,4.0,1,14,2,0.0,0.01725218,0.01218656,0.00780068,0.004943,0.00313465,0.00200442,0.00132826,0.00096365,0.00079796,0.00073264,0.00070206,0.00067638,0.00064618,0.00061027,0.00057007,0.00052752,0.00048432
Gram_error_fro,0.0,1,14,3,0.0,0.0,0.0,0.0,0.0,0.0,0.0,0.0,0.0,0.0,0.0,0.0,0.0,0.0,0.0,0.0,0.0,0.0
Gram_error_fro,0.0,1,14,3,0.0,0.0,0.0,0.0,0.0,0.0,0.0,0.0,0.0,0.0,0.0,0.0,0.0,0.0,0.0,0.0,0.0,0.0
Gram_error_fro,2.0,1,14,3,0.0,0.0226817,0.01715872,0.01446619,0.01260936,0.01120535,0.01010206,0.00919745,0.00842486,0.00774348,0.00712905,0.00656719,0.00604916,0.00556942,0.00512418,0.00471066,0.00432666,0.00397028
Gram_error_fro,2.0,1,14,3,0.0,0.06215502,0.05433382,0.04199644,0.03153291,0.02358685,0.01775023,0.01352639,0.01050429,0.00836738,0.00687324,0.00583439,0.00510661,0.00458267,0.00418715,0.00387025,0.00360092,0.00336079
Gram_error_fro,2.0,1,14,3,0.0,0.05787939,0.05369121,0.0430048,0.03333505,0.02573465,0.01997564,0.01564263,0.01237034,0.00987865,0.00796201,0.00647175,0.00530057,0.00437075,0.00362554,0.00302311,0.00253232,0.00212967
Gram_error_fro,2.0,1,14,3,0.0,0.01379,0.01103797,0.00946424,0.00833722,0.00733313,0.00641864,0.00560045,0.00488002,0.00425176,0.00370653,0.00323416,0.00282485,0.00246978,0.00216128,0.00189276,0.00165867,0.00145428
Gram_error_fro,0.0,1,14,3,0.0,0.0,0.0,0.0,0.0,0.0,0.0,0.0,0.0,0.0,0.0,0.0,0.0,0.0,0.0,0.0,0.0,0.0
Gram_error_fro,2.0,1,14,3,0.0,0.06072973,0.05755215,0.05015759,0.04275109,0.03613533,0.03047523,0.02571971,0.02174869,0.01843357,0.01565923,0.01332948,0.01136617,0.00970627,0.00829894,0.00710292,0.00608447,0.00521582
Gram_error_fro,4.0,1,14,3,0.0,0.06631302,0.04102828,0.02876313,0.02127115,0.0159309,0.01198713,0.00906302,0.0068945,0.00528495,0.00408904,0.00320039,0.00254112,0.00205366,0.00169468,0.00143088,0.00123636,0.00109104
Gram_error_fro,4.0,1,14,3,0.0,0.08522568,0.0644798,0.04694824,0.03510788,0.02682837,0.02082782,0.01637353,0.0130086,0.01042967,0.00842803,0.00685689,0.00561129,0.00461507,0.00381217,0.00316076,0.00262923,0.00219335
Gram_error_fro,2.0,1,14,3,0.0,0.05491935,0.05215474,0.04602535,0.0395121,0.03350159,0.02828877,0.0238928,0.0202277,0.01718152,0.01464752,0.01253384,0.01076467,0.00927846,0.00802543,0.00696524,0.00606511,0.00529826
Gram_error_fro,4.0,1,14,3,0.0,0.09440004,0.07789673,0.06317363,0.05088698,0.04076146,0.03264651,0.02624623,0.02122086,0.01726571,0.01413499,0.01163924,0.00963492,0.00801363,0.00669331,0.00561137,0.00471976,0.00398124
Gram_error_fro,4.0,1,14,3,0.0,0.08158503,0.07002814,0.05682831,0.04572766,0.03680443,0.02978366,0.0242992,0.02000164,0.01660347,0.01388481,0.01168313,0.00987965,0.00838744,0.00714229,0.00609606,0.00521208,0.00446192
Gram_error_fro,4.0,1,14,3,0.0,0.0653258,0.04556077,0.0327536,0.02482347,0.0194003,0.01547927,0.01257429,0.01039721,0.00875216,0.00749722,0.00652747,0.00576535,0.00515402,0.00465238,0.00423102,0.00386915,0.00355216
Gram_error_fro,4.0,1,14,3,0.0,0.08051168,0.0493842,0.03482807,0.02691235,0.02183297,0.01821154,0.0154586,0.01327583,0.01149211,0.01000129,0.00873418,0.00764399,0.00669789,0.005872,0.0051483,0.00451265,0.00395363
Gram_error_fro,4.0,1,14,3,0.0,0.01323457,0.01059795,0.00892977,0.00771657,0.00670224,0.00582657,0.0050682,0.00441204,0.00384463,0.00335381,0.00292882,0.00256031,0.00224023,0.00196176,0.00171908,0.00150729,0.0013222
Gram_error_fro,0.0,1,14,2,0.0,0.0,0.0,0.0,0.0,0.0,0.0,0.0,0.0,0.0,0.0,0.0,0.0,0.0,0.0,0.0,0.0,0.0
Gram_error_fro,2.0,1,14,2,0.0,0.00765866,0.00398684,0.00293559,0.00260373,0.00241277,0.00223173,0.00204036,0.00184384,0.00165022,0.0014655,0.0012933,0.00113543,0.00099248,0.00086428,0.00075018,0.00064928,0.00056053
Gram_error_fro,2.0,1,14,2,0.0,0.03462113,0.02106642,0.01400671,0.00963226,0.00670511,0.00472691,0.0034266,0.0026279,0.00218784,0.001972,0.00186868,0.00180658,0.00175029,0.00168605,0.00161062,0.00152527,0.00143275
Gram_error_fro,2.0,1,14,2,0.0,0.00882718,0.00358794,0.00217528,0.00167363,0.00140943,0.00122121,0.00106484,0.00092791,0.00080673,0.00069977,0.00060584,0.00052375,0.00045224,0.00039013,0.00033627,0.00028963,0.00024929
Gram_error_fro,2.0,1,14,2,0.0,0.05304338,0.0379377,0.02954501,0.02381539,0.01949343,0.01614077,0.01350213,0.01139645,0.00969222,0.00829428,0.00713371,0.00616016,0.00533638,0.00463431,0.00403247,0.00351414,0.00306606
Gram_error_fro,2.0,1,14,2,0.0,0.03462113,0.02106642,0.01400671,0.00963226,0.00670511,0.00472691,0.0034266,0.0026279,0.00218784,0.001972,0.00186868,0.00180658,0.00175029,0.00168605,0.00161062,0.00152527,0.00143275
Gram_error_fro,4.0,1,14,2,0.0,0.0166679,0.01463049,0.0136826,0.01233594,0.01085983,0.00942824,0.00812996,0.00699319,0.00601495,0.00517948,0.00446757,0.00386059,0.00334203,0.00289783,0.00251625,0.00218757,0.00190374
Gram_error_fro,4.0,1,14,2,0.0,0.04043723,0.02619921,0.0195446,0.01538556,0.01247601,0.01035461,0.00876535,0.00754642,0.00658965,0.00582077,0.00518816,0.00465587,0.00419885,0.00379965,0.00344611,0.00312963,0.00284411
Gram_error_fro,4.0,1,14,2,0.0,0.02370344,0.01197127,0.00852288,0.00662162,0.0052559,0.00425852,0.00353352,0.00299732,0.00258731,0.00226178,0.00199452,0.0017692,0.00157548,0.0014066,0.00125793,0.00112617,0.00100885
Gram_error_fro,4.0,1,14,2,0.0,0.01837869,0.01529574,0.01147856,0.00847299,0.00628464,0.00473069,0.00364927,0.00291637,0.00243437,0.00212325,0.00191932,0.00177647,0.0016651,0.00156825,0.00147725,0.00138827,0.00130007
Gram_error_fro,4.0,1,14,2,0.0,0.01958355,0.00958974,0.00580579,0.00406772,0.00315322,0.00264563,0.00234408,0.00214085,0.00198176,0.00184201,0.00171134,0.00158601,0.0014651,0.00134874,0.00123737,0.00113146,0.0010314
Gram_error_fro,4.0,1,14,2,0.0,0.04583941,0.04359371,0.03950132,0.03514417,0.03107442,0.02743579,0.02423558,0.02143347,0.01897902,0.01682474,0.01492935,0.01325787,0.01178083,0.01047333,0.00931423,0.00828548,0.00737156
Gram_error_fro,4.0,1,14,2,0.0,0.03402389,0.02199003,0.01548384,0.01147513,0.00874407,0.00679232,0.00536092,0.00429479,0.00349199,0.00288163,0.00241282,0.00204842,0.00176117,0.00153108,0.00134352,0.00118786,0.00105641
Gram_error_fro,4.0,1,14,2,0.0,0.01529721,0.00972859,0.00942119,0.00983068,0.01021492,0.01043372,0.01047225,0.0103526,0.01010721,0.00976807,0.00936288,0.00891417,0.00843972,0.00795331,0.00746544,0.00698402,0.00651486
Gram_error_fro,2.0,1,14,2,0.0,0.06015896,0.05108944,0.04278556,0.03578429,0.02995954,0.02518489,0.02129114,0.01810793,0.01548885,0.0133168,0.01150074,0.00997054,0.00867208,0.00756337,0.00661147,0.00579036,0.00507919
Gram_error_fro,4.0,1,14,2,0.0,0.08230205,0.0642643,0.05216256,0.04319538,0.03602765,0.03020531,0.02545538,0.02156062,0.01834599,0.01567394,0.01343767,0.01155441,0.00995963,0.00860262,0.00744313,0.00644893,0.00559391
Gram_error_fro,0.0,1,14,2,0.0,0.0,0.0,0.0,0.0,0.0,0.0,0.0,0.0,0.0,0.0,0.0,0.0,0.0,0.0,0.0,0.0,0.0
Gram_error_fro,2.0,1,14,2,0.0,0.01742786,0.00932928,0.00567346,0.00401391,0.00315818,0.00262283,0.00223649,0.00193351,0.00168435,0.00147365,0.00129244,0.00113501,0.00099739,0.00087666,0.00077054,0.00067717,0.00059498
Gram_error_fro,2.0,1,14,2,0.0,0.05389291,0.04062114,0.03056765,0.02310618,0.01749473,0.01329236,0.01015253,0.0078029,0.00603803,0.00470665,0.00369819,0.00293167,0.00234732,0.00190053,0.0015577,0.00129326,0.00108768
Gram_error_fro,2.0,1,14,2,0.0,0.05460856,0.05712896,0.05242383,0.04654978,0.04092864,0.03591017,0.03153313,0.02774374,0.02446597,0.02162503,0.01915474,0.01699891,0.01511072,0.0134514,0.01198878,0.01069615,0.00955112
Gram_error_fro,2.0,1,14,2,0.0,0.0014377,0.00039974,0.00035881,0.00044877,0.00045328,0.00041642,0.00036552,0.00031289,0.00026361,0.00021955,0.00018114,0.00014823,0.00012044,9.733e-05,7.845e-05,6.335e-05,5.163e-05
Gram_error_fro,2.0,1,14,2,0.0,0.05533114,0.03835331,0.02647233,0.01860305,0.01320221,0.00942202,0.00675646,0.00487563,0.00355504,0.00263845,0.00201436,0.00159982,0.00133005,0.00115408,0.00103415,0.0009451,0.00087203
Gram_error_fro,4.0,1,14,2,0.0,0.01765501,0.01540442,0.01133301,0.00798306,0.00547772,0.00366555,0.00237045,0.00145096,0.00080469,0.00036583,0.00015624,0.00025457,0.00037588,0.00045622,0.00050133,0.00052013,0.00052009
Gram_error_fro,4.0,1,14,2,0.0,0.04209867,0.04700113,0.0448468,0.04066644,0.03608976,0.03170002,0.02770018,0.02414315,0.02101978,0.01829564,0.01592774,0.01387236,0.01208864,0.01053993,0.00919417,0.00802363,0.0070045
Gram_error_fro,4.0,1,14,2,0.0,0.02977704,0.02132136,0.0171885,0.01440352,0.01209345,0.01017143,0.00859212,0.00729836,0.00623496,0.00535534,0.00462223,0.00400648,0.00348543,0.00304144,0.00266074,0.0023325,0.00204811
Gram_error_fro,2.0,1,14,2,0.0,0.02416619,0.01766828,0.01295954,0.00954352,0.00708843,0.00533591,0.00407646,0.00315934,0.00248109,0.00197154,0.00158291,0.00128237,0.00104702,0.00086068,0.0007117,0.00059158,0.00049402
Gram_error_fro,2.0,1,14,2,0.0,0.04781457,0.02801338,0.02041797,0.01632108,0.01337339,0.01107141,0.00923035,0.00773928,0.0065196,0.00551334,0.00467707,0.00397782,0.00339015,0.00289415,0.00247407,0.00211723,0.00181339
Gram_error_fro,4.0,1,14,2,0.0,0.07268634,0.03679557,0.02340585,0.01647778,0.01209418,0.00907267,0.00690239,0.0053067,0.00411531,0.00321568,0.00253035,0.00200467,0.00159933,0.0012856,0.00104213,0.00085284,0.00070543
Gram_error_fro,4.0,1,14,2,0.0,0.00965988,0.00870573,0.00733981,0.00562135,0.00421535,0.00316222,0.0023904,0.00182941,0.00142439,0.00113404,0.00092705,0.00077946,0.00067303,0.00059423,0.00053347,0.00048428,0.00044255
Gram_error_fro,2.0,1,14,2,0.0,0.0316392,0.02092592,0.01629994,0.01331681,0.01105215,0.00927335,0.00785132,0.00669637,0.0057449,0.00495148,0.00428319,0.00371572,0.00323069,0.00281398,0.00245444,0.00214321,0.00187305
Gram_error_fro,4.0,1,14,2,0.0,0.02502511,0.01126244,0.00806336,0.00715456,0.00655013,0.00594279,0.00533222,0.00474605,0.0042019,0.00370733,0.00326364,0.00286878,0.00251914,0.00221052,0.00193866,0.00169951,0.00148934
Gram_error_fro,6.0,1,14,2,0.0,0.11352094,0.1042803,0.09687904,0.08901332,0.08093131,0.07308619,0.06572045,0.0589391,0.05277238,0.04720958,0.04221805,0.03775432,0.03377088,0.03022013,0.02705666,0.02423832,0.02172679
Gram_error_fro,0.0,1,14,2,0.0,0.0,0.0,0.0,0.0,0.0,0.0,0.0,0.0,0.0,0.0,0.0,0.0,0.0,0.0,0.0,0.0,0.0
Gram_error_fro,2.0,1,14,2,0.0,0.04131671,0.02971077,0.02284637,0.01835978,0.01501139,0.01235055,0.01018629,0.00841143,0.00695095,0.00574668,0.00475198,0.0039291,0.0032474,0.00268202,0.00221267,0.00182281,0.00149887
Gram_error_fro,2.0,1,14,2,0.0,0.06979108,0.05118612,0.03972885,0.03236057,0.02664498,0.02200206,0.01822425,0.01515618,0.01266134,0.01062464,0.00895313,0.00757344,0.00642816,0.00547241,0.00467094,0.00399594,0.00342525
Gram_error_fro,2.0,1,14,2,0.0,0.01416667,0.00547956,0.00300812,0.00204903,0.00147565,0.00107356,0.00079679,0.00063203,0.00056222,0.00055381,0.00057096,0.00059123,0.00060478,0.0006087,0.00060316,0.00058949,0.00056937
Gram_error_fro,2.0,1,14,2,0.0,0.06024889,0.04476561,0.03462603,0.02751284,0.02188209,0.01736148,0.01376382,0.01092245,0.00868656,0.0069281,0.00554322,0.00444983,0.00358391,0.00289586,0.0023473,0.00190849,0.00155631
Gram_error_fro,2.0,1,14,2,0.0,0.00264668,0.0009608,0.00030957,0.00042965,0.0005862,0.00067532,0.00071671,0.00072547,0.00071167,0.00068247,0.00064317,0.00059777,0.00054929,0.00049999,0.00045149,0.00040493,0.00036106
Gram_error_fro,4.0,1,14,2,0.0,0.02659893,0.01877734,0.01397149,0.0108195,0.00861906,0.007084,0.00603775,0.00534357,0.00488881,0.00458466,0.00436713,0.0041943,0.004041,0.00389336,0.00374453,0.00359185,0.00343492
Gram_error_fro,2.0,1,14,2,0.0,0.01693944,0.01654459,0.01503502,0.01398878,0.01310645,0.01220214,0.01124792,0.0102709,0.00930523,0.00837742,0.0075044,0.00669529,0.00595369,0.00527959,0.00467073,0.00412357,0.00363388
Gram_error_fro,4.0,1,14,2,0.0,0.04485217,0.02449713,0.01607919,0.01146615,0.00852953,0.00655523,0.00520398,0.00427179,0.00361971,0.00314987,0.00279515,0.00251198,0.00227362,0.0020645,0.0018759,0.00170309,0.00154355
Gram_error_fro,4.0,1,14,2,0.0,0.0255853,0.01095616,0.00475252,0.0025522,0.00295326,0.00377253,0.0043391,0.00464575,0.00475971,0.00474178,0.0046375,0.00447902,0.00428836,0.00408033,0.00386469,0.00364782,0.00343381
Gram_error_fro,2.0,1,14,2,0.0,0.040262,0.02401788,0.01822283,0.01491104,0.01244862,0.01047526,0.00885531,0.00751093,0.00638764,0.0054443,0.00464885,0.00397582,0.00340474,0.00291901,0.00250503,0.00215157,0.00184933
Gram_error_fro,4.0,1,14,2,0.0,0.0378895,0.03594836,0.03060775,0.02581613,0.0217817,0.01841797,0.01562422,0.01330394,0.0113712,0.00975382,0.00839333,0.00724309,0.00626606,0.0054327,0.00471929,0.00410662,0.00357899
Gram_error_fro,4.0,1,14,2,0.0,0.03967119,0.02475395,0.01601936,0.01071193,0.00722385,0.0048989,0.0033893,0.00246917,0.00196256,0.00171144,0.00158721,0.00151037,0.00144373,0.001374,0.00129852,0.00121851,0.00113624
Gram_error_fro,6.0,1,14,2,0.0,0.04262643,0.02424711,0.01581404,0.01088398,0.00764582,0.00548202,0.00408478,0.00324071,0.00276623,0.00250371,0.00234072,0.00221357,0.00209305,0.00196878,0.00183908,0.00170575,0.00157155
Gram_error_fro,4.0,1,14,2,0.0,0.08021719,0.07083628,0.05836676,0.04762386,0.03886096,0.03184506,0.0262562,0.02179491,0.01821359,0.01531774,0.01295783,0.0110196,0.00941571,0.00807911,0.00695795,0.00601188,0.00520922
Gram_error_fro,2.0,1,14,2,0.0,0.01604228,0.00778409,0.00457737,0.00333347,0.00271296,0.0023216,0.00203885,0.00181854,0.0016384,0.0014861,0.0013543,0.00123845,0.00113549,0.00104325,0.00096005,0.00088453,0.00081561
Gram_error_fro,0.0,1,14,3,0.0,0.0,0.0,0.0,0.0,0.0,0.0,0.0,0.0,0.0,0.0,0.0,0.0,0.0,0.0,0.0,0.0,0.0
Gram_error_fro,2.0,1,14,3,0.0,0.0829656,0.06482853,0.05354482,0.04677329,0.0417975,0.03765615,0.03403012,0.0307997,0.0279062,0.02531028,0.02297974,0.020886,0.01900327,0.01730827,0.01578018,0.01440045,0.01315267
Gram_error_fro,2.0,1,14,3,0.0,0.06228756,0.05308582,0.04514662,0.03912862,0.03425376,0.0301429,0.02660451,0.02352459,0.02082552,0.01844983,0.01635259,0.01449742,0.01285406,0.01139687,0.01010384,0.00895593,0.00793653
Gram_error_fro,2.0,1,14,3,0.0,0.0037221,0.00217902,0.00145998,0.0009722,0.0006541,0.00046985,0.00038772,0.00037367,0.00039095,0.00041481,0.00043421,0.00044568,0.00044897,0.0004451,0.00043543,0.00042131,0.00040397
Gram_error_fro,2.0,1,14,3,0.0,0.05518841,0.05003253,0.04320857,0.03724041,0.03196069,0.02729366,0.02322987,0.01974355,0.01678287,0.01428252,0.01217561,0.01040027,0.0089024,0.00763605,0.00656283,0.00565095,0.00487413
Gram_error_fro,2.0,1,14,3,0.0,0.06799752,0.05484436,0.04392066,0.03667549,0.03130539,0.02697429,0.02336791,0.02033172,0.01775822,0.01556216,0.01367538,0.01204404,0.01062582,0.00938724,0.00830154,0.00734704,0.0065059
Gram_error_fro,4.0,1,14,3,0.0,0.02830587,0.02152821,0.01783259,0.01542388,0.01356543,0.01200641,0.01065903,0.0094801,0.00844133,0.00752191,0.00670574,0.00597989,0.0053336,0.00475771,0.00424429,0.00378638,0.00337784
Gram_error_fro,2.0,1,14,3,0.0,0.0037221,0.00217902,0.00238276,0.00262083,0.00268196,0.00263412,0.00253007,0.00239665,0.00224809,0.00209308,0.00193741,0.00178499,0.00163844,0.00149936,0.00136868,0.00124681,0.00113381
Gram_error_fro,4.0,1,14,3,0.0,0.00832488,0.0047434,0.00406615,0.00389382,0.00377061,0.00362488,0.00345213,0.00325868,0.00305252,0.00284104,0.00263021,0.00242446,0.00222682,0.00203924,0.00186285,0.00169813,0.00154517
Gram_error_fro,4.0,1,14,3,0.0,0.04617849,0.0482541,0.04514372,0.04090768,0.03650829,0.03229204,0.02840537,0.02490114,0.02178398,0.01903434,0.01662169,0.01451172,0.01267014,0.01106462,0.00966563,0.00844676,0.00738463
Gram_error_fro,2.0,1,14,3,0.0,0.00306739,0.0018674,0.00206986,0.00248187,0.00288785,0.00321922,0.00346316,0.00362675,0.0037216,0.00375902,0.00374902,0.00370037,0.00362071,0.0035167,0.00339409,0.0032578,0.003112
Gram_error_fro,6.0,1,14,3,0.0,0.0883429,0.06520132,0.05095191,0.0422304,0.03581552,0.03053941,0.02603295,0.02216059,0.01884289,0.01601206,0.01360437,0.01156067,0.00982768,0.00835859,0.00711293,0.00605614,0.00515896
Gram_error_fro,4.0,1,14,3,0.0,0.10801744,0.06533839,0.03584961,0.02026857,0.01260767,0.0089906,0.00725305,0.00632503,0.00574669,0.00533113,0.00499829,0.00471036,0.00444804,0.00420123,0.00396477,0.00373626,0.00351476
Gram_error_fro,6.0,1,14,3,0.0,0.04840726,0.05032953,0.04533618,0.03978662,0.03493714,0.03076902,0.02713554,0.02393852,0.02111654,0.01862477,0.01642571,0.01448609,0.01277596,0.01126843,0.00993952,0.00876792,0.00773482
Gram_error_fro,4.0,1,14,3,0.0,0.06317668,0.03992532,0.02417141,0.01560617,0.01107479,0.00849051,0.00682925,0.00566238,0.00480918,0.00417718,0.00370566,0.00334876,0.00307123,0.00284697,0.00265766,0.00249104,0.00233933
Gram_error_fro,4.0,1,14,3,0.0,0.06531504,0.04232008,0.02925031,0.0224839,0.01874103,0.0162808,0.01438173,0.01278975,0.01141497,0.01021672,0.00916834,0.00824814,0.00743748,0.0067204,0.00608342,0.00551527,0.00500656
Gram_error_fro,0.0,1,14,2,0.0,0.0,0.0,0.0,0.0,0.0,0.0,0.0,0.0,0.0,0.0,0.0,0.0,0.0,0.0,0.0,0.0,0.0
Gram_error_fro,2.0,1,14,2,0.0,0.01138941,0.00525025,0.00313011,0.0023705,0.0019804,0.00170951,0.00148825,0.00129455,0.00112136,0.0009665,0.00082907,0.0007082,0.0006028,0.00051154,0.00043301,0.00036575,0.00030839
Gram_error_fro,2.0,1,14,2,0.0,0.01138941,0.00525025,0.00214091,0.00073347,0.00078294,0.00111278,0.00127019,0.00130004,0.0012558,0.0011726,0.0010716,0.00096512,0.00086017,0.00076061,0.0006684,0.00058438,0.00050872
Gram_error_fro,2.0,1,14,2,0.0,0.02199371,0.01738026,0.01323876,0.01018521,0.00800626,0.00643647,0.00527691,0.00439544,0.00370723,0.00315748,0.00271003,0.00234022,0.00203078,0.0017692,0.00154626,0.00135492,0.00118979
Gram_error_fro,2.0,1,14,2,0.0,0.00126913,0.00040435,0.00031831,0.00028394,0.00024859,0.00022889,0.00021872,0.0002095,0.00019806,0.00018457,0.00017007,0.00015549,0.00014142,0.00012819,0.00011591,0.00010461,9.427e-05
Gram_error_fro,2.0,1,14,2,0.0,0.03813398,0.03386945,0.02795114,0.02272313,0.01841946,0.0149576,0.01219107,0.00997934,0.0082048,0.00677373,0.00561305,0.00466624,0.00388965,0.00324954,0.00271963,0.00227933,0.00191236
Gram_error_fro,4.0,1,14,2,0.0,0.03995283,0.02922939,0.0220059,0.01694895,0.01317125,0.01029931,0.00810067,0.00640568,0.00508908,0.004059,0.00324802,0.00260618,0.00209605,0.00168927,0.00136405,0.0011035,0.00089443
Gram_error_fro,2.0,1,14,2,0.0,0.01787216,0.00942392,0.0064004,0.00481726,0.00375764,0.00299366,0.00243464,0.00202316,0.00171632,0.00148211,0.00129767,0.0011474,0.001021,0.00091188,0.00081584,0.0007302,0.00065322
Gram_error_fro,4.0,1,14,2,0.0,0.0318306,0.02321168,0.01849508,0.0148751,0.01198965,0.00969249,0.00786594,0.00641095,0.00524721,0.00431151,0.00355495,0.00293989,0.00243737,0.002025,0.00168531,0.00140461,0.00117204
Gram_error_fro,2.0,1,14,2,0.0,0.02123814,0.01215236,0.00777674,0.00531831,0.00379069,0.00278999,0.00210218,0.00160983,0.00124625,0.00097151,0.00076036,0.00059607,0.00046713,0.00036531,0.00028462,0.00022057,0.0001697
Gram_error_fro,4.0,2,14,2,0.0,0.07914608,0.05862625,0.04777306,0.04019943,0.0344203,0.02989799,0.02631281,0.02344079,0.02111897,0.01922696,0.01767471,0.01639395,0.01533218,0.01444854,0.01371086,0.01309347,0.01257575
Gram_error_fro,4.0,1,14,2,0.0,0.08208779,0.03848778,0.02753109,0.02209733,0.0178466,0.01441345,0.01167138,0.00949027,0.00775216,0.00636053,0.00523982,0.00433188,0.00359212,0.00298629,0.00248788,0.00207624,0.00173513
Gram_error_fro,4.0,1,14,2,0.0,0.13578668,0.08708452,0.06234032,0.0468989,0.03598654,0.02793074,0.02187221,0.0172614,0.01371745,0.0109687,0.00881871,0.00712395,0.0057786,0.00470385,0.00384049,0.00314354,0.00257855
Gram_error_fro,4.0,2,14,2,0.0,0.04469791,0.0355977,0.02951939,0.02484935,0.02137286,0.01878258,0.01683346,0.01534901,0.01420526,0.01331506,0.01261636,0.01206422,0.01162555,0.01127552,0.0109953,0.01077037,0.01058948
Gram_error_fro,4.0,2,14,2,0.0,0.06010029,0.02418491,0.0129032,0.00923833,0.00779526,0.00722734,0.00710963,0.00722947,0.00746082,0.00773178,0.00800432,0.00825991,0.00849069,0.0086944,0.00887159,0.00902418,0.00915462
Gram_error_fro,4.0,1,14,2,0.0,0.00733927,0.00378079,0.00232084,0.00176174,0.00154209,0.00145978,0.00142773,0.00140567,0.00137669,0.00133559,0.00128246,0.00121949,0.00114945,0.00107499,0.00099846,0.00092177,0.00084643
Gram_error_fro,0.0,1,14,4,0.0,0.0,0.0,0.0,0.0,0.0,0.0,0.0,0.0,0.0,0.0,0.0,0.0,0.0,0.0,0.0,0.0,0.0
Gram_error_fro,2.0,2,14,4,0.0,0.05104817,0.04710434,0.03828273,0.0307134,0.02478601,0.02015245,0.01653875,0.0137876,0.01180733,0.01052462,0.00984679,0.00964705,0.00978227,0.01012371,0.01057465,0.01107081,0.01157276
Gram_error_fro,2.0,1,14,4,0.0,0.05064251,0.04533023,0.037994,0.03173238,0.02681096,0.02289989,0.0196943,0.01700316,0.01471294,0.01275056,0.01106324,0.00960937,0.00835462,0.00727012,0.00633141,0.00551775,0.00481154
Gram_error_fro,2.0,1,14,4,0.0,0.03530627,0.02673867,0.01905504,0.01439908,0.01126019,0.00889576,0.00705283,0.00561599,0.00450087,0.0036359,0.00296191,0.00243236,0.00201204,0.00167489,0.00140183,0.00117885,0.00099557
Gram_error_fro,2.0,1,14,4,0.0,0.03828402,0.03821345,0.03264458,0.0270441,0.02247134,0.01884922,0.01593869,0.01355417,0.01157275,0.00991147,0.00851061,0.00732452,0.00631697,0.00545863,0.00472547,0.00409768,0.00355884
Gram_error_fro,2.0,1,14,4,0.0,0.056044,0.055901,0.05080501,0.04442408,0.03821416,0.0326571,0.02785731,0.02378041,0.02034433,0.01745637,0.01502858,0.01298359,0.01125586,0.00979101,0.00854434,0.00747926,0.00656582
Gram_error_fro,4.0,1,14,4,0.0,0.11043642,0.07124068,0.04222238,0.0265476,0.01889952,0.01526426,0.01333346,0.01206003,0.01104957,0.01016597,0.00936244,0.00862154,0.00793543,0.00729943,0.00671002,0.00616411,0.00565888
Gram_error_fro,4.0,2,14,4,0.0,0.08910641,0.06485463,0.04652922,0.03559766,0.02864797,0.02376937,0.02014728,0.01743283,0.01544834,0.01407209,0.01319529,0.01271057,0.01251572,0.01252153,0.01265694,0.01286943,0.01312242
Gram_error_fro,4.0,1,14,4,0.0,0.08145371,0.05210987,0.03331092,0.02404482,0.01948688,0.01685141,0.01495831,0.01338572,0.01199449,0.01073907,0.00960229,0.00857464,0.00764817,0.00681508,0.00606751,0.00539783,0.00479872
Gram_error_fro,4.0,1,14,4,0.0,0.0909566,0.06540338,0.04596917,0.03493053,0.02815254,0.02341051,0.01977056,0.01683633,0.01441375,0.01238819,0.01068122,0.00923436,0.00800214,0.00694843,0.00604411,0.00526553,0.00459333
Gram_error_fro,2.0,1,14,4,0.0,0.04290878,0.0425519,0.03632812,0.03039814,0.0257299,0.0220724,0.01910388,0.01661922,0.01450035,0.01267501,0.01109375,0.00971928,0.00852175,0.00747648,0.00656273,0.00576294,0.00506212
Gram_error_fro,6.0,1,14,4,0.0,0.10115924,0.09813193,0.08675273,0.07445287,0.06314679,0.05332079,0.04499399,0.03801834,0.03219915,0.02734571,0.02328991,0.01989052,0.01703151,0.01461847,0.01257481,0.01083836,0.00935845
Gram_error_fro,4.0,2,14,4,0.0,0.06562063,0.06199473,0.0508052,0.04064946,0.03247305,0.02598267,0.02084944,0.01686262,0.01390011,0.01187948,0.01070425,0.01022243,0.01023499,0.01054796,0.01101355,0.01153669,0.01206264
Gram_error_fro,6.0,1,14,4,0.0,0.06375202,0.04959618,0.04030161,0.03379875,0.02905052,0.02540781,0.02248258,0.02004787,0.01796869,0.01616139,0.01457137,0.01316089,0.01190248,0.01077516,0.00976227,0.00885013,0.00802727
Gram_error_fro,2.0,1,14,4,0.0,0.05780737,0.0521263,0.04191039,0.03395612,0.02800856,0.02338404,0.01967298,0.01664226,0.01414146,0.01206217,0.01032202,0.00885711,0.00761742,0.00656354,0.0056641,0.00489396,0.0042327
Gram_error_fro,6.0,2,14,4,0.0,0.07926847,0.0658384,0.05126066,0.0404759,0.03260937,0.02654364,0.0216676,0.01770713,0.01454908,0.01215234,0.01049913,0.00954967,0.00920311,0.00930127,0.00967679,0.01019615,0.01077065
Gram_error_fro,0.0,1,14,6,0.0,0.0,0.0,0.0,0.0,0.0,0.0,0.0,0.0,0.0,0.0,0.0,0.0,0.0,0.0,0.0,0.0,0.0
Gram_error_fro,2.0,1,14,6,0.0,0.02317629,0.01561706,0.01122952,0.00856797,0.00674394,0.00539409,0.00436363,0.0035701,0.00295693,0.00248013,0.00210497,0.0018049,0.00156042,0.00135764,0.00118681,0.00104111,0.0009157
Gram_error_fro,2.0,1,14,6,0.0,0.10060296,0.08699508,0.06754307,0.05258032,0.04161846,0.03347839,0.02730786,0.02254267,0.01880448,0.01583225,0.01344093,0.01149634,0.00989951,0.00857629,0.00747053,0.0065392,0.00574902
Gram_error_fro,2.0,1,14,6,0.0,0.04090222,0.04096398,0.03876707,0.03596778,0.03269619,0.02921237,0.02576869,0.02253372,0.01959573,0.01698658,0.01470379,0.01272624,0.01102409,0.00956474,0.00831615,0.0072486,0.00633541
Gram_error_fro,2.0,1,14,6,0.0,0.04764352,0.04031603,0.03594574,0.03198008,0.02807496,0.02436541,0.02098118,0.01798496,0.01538628,0.01316299,0.0112774,0.00968642,0.00834733,0.00722073,0.00627175,0.00547041,0.00479138
Gram_error_fro,0.0,1,14,6,0.0,0.0,0.0,0.0,0.0,0.0,0.0,0.0,0.0,0.0,0.0,0.0,0.0,0.0,0.0,0.0,0.0,0.0
Gram_error_fro,4.0,1,14,6,0.0,0.06839804,0.06477323,0.05633578,0.0480442,0.04071276,0.03444032,0.02914876,0.02471481,0.02101112,0.01792054,0.01534062,0.01318407,0.01137754,0.00985993,0.00858067,0.00749802,0.00657773
Gram_error_fro,0.0,1,14,6,0.0,0.0,0.0,0.0,0.0,0.0,0.0,0.0,0.0,0.0,0.0,0.0,0.0,0.0,0.0,0.0,0.0,0.0
Gram_error_fro,4.0,1,14,6,0.0,0.08487206,0.07292311,0.05789236,0.04615519,0.03746248,0.03094494,0.02592097,0.02193993,0.0187136,0.01605489,0.01383777,0.01197332,0.01039595,0.00905531,0.00791157,0.00693259,0.006092
Gram_error_fro,2.0,1,14,6,0.0,0.05130319,0.04202664,0.03179918,0.02436186,0.01927292,0.01571639,0.01311013,0.01110761,0.00951213,0.00820983,0.00713062,0.00622768,0.00546724,0.0048234,0.00427559,0.00380713,0.00340436
Gram_error_fro,4.0,1,14,6,0.0,0.06985076,0.06068055,0.05078288,0.0435291,0.03783264,0.03296471,0.02866091,0.02484271,0.0214789,0.01854089,0.01599388,0.0137984,0.01191358,0.01029976,0.00892006,0.00774119,0.00673368
Gram_error_fro,4.0,1,14,6,0.0,0.09025497,0.06754069,0.04504267,0.02962773,0.01965246,0.01327549,0.00920371,0.00659215,0.00489738,0.00377295,0.00300146,0.00244966,0.0020376,0.00171787,0.00146209,0.00125281,0.00107884
Gram_error_fro,4.0,1,14,6,0.0,0.10670657,0.08764552,0.06975037,0.05701955,0.04739696,0.03978272,0.0336203,0.02857311,0.02440774,0.0209499,0.01806456,0.01564513,0.01360655,0.01188051,0.01041198,0.00915646,0.0080779
Gram_error_fro,4.0,1,14,6,0.0,0.08020715,0.07780021,0.069634,0.06067632,0.05220788,0.04465558,0.03810851,0.03251628,0.02777663,0.02377465,0.02040005,0.01755378,0.01515005,0.01311594,0.01139022,0.00992186,0.00866849
Gram_error_fro,4.0,1,14,6,0.0,0.07321563,0.05482282,0.03809371,0.02690811,0.01971233,0.01504339,0.01191511,0.00972002,0.00810224,0.00685763,0.00586791,0.00506195,0.00439456,0.00383522,0.00336217,0.00295919,0.00261382
Gram_error_fro,2.0,1,14,6,0.0,0.04940366,0.03359999,0.02564286,0.02085375,0.01752974,0.01504057,0.0130866,0.01150028,0.0101784,0.00905441,0.00808432,0.00723826,0.00649516,0.0058394,0.00525888,0.00474372,0.00428568
Gram_error_fro,0.0,1,14,6,0.0,0.0,0.0,0.0,0.0,0.0,0.0,0.0,0.0,0.0,0.0,0.0,0.0,0.0,0.0,0.0,0.0,0.0
Gram_error_fro,2.0,1,14,6,0.0,0.0609099,0.05299243,0.0440231,0.036814,0.03081299,0.02574054,0.02147464,0.01792331,0.01499311,0.0125896,0.01062342,0.00901479,0.00769543,0.00660867,0.00570842,0.00495779,0.00432747
Gram_error_fro,2.0,1,14,6,0.0,0.03944668,0.03535667,0.0272523,0.0203978,0.01551717,0.01221011,0.00994885,0.00833832,0.00713251,0.00618884,0.00542489,0.00479103,0.00425547,0.00379662,0.00339911,0.0030516,0.00274551
Gram_error_fro,2.0,1,14,6,0.0,0.05409594,0.05269742,0.04569323,0.03873731,0.03257435,0.02723759,0.0226873,0.01886577,0.01569717,0.01309417,0.01096742,0.00923309,0.00781707,0.00665665,0.00570038,0.00490695,0.00424371
Gram_error_fro,2.0,1,14,6,0.0,0.06418624,0.05661195,0.04695794,0.03859482,0.03158624,0.02579402,0.02106308,0.01723421,0.0141539,0.01168282,0.00970035,0.00810578,0.00681724,0.00576946,0.00491121,0.00420262,0.00361291
Gram_error_fro,0.0,1,14,6,0.0,0.0,0.0,0.0,0.0,0.0,0.0,0.0,0.0,0.0,0.0,0.0,0.0,0.0,0.0,0.0,0.0,0.0
Gram_error_fro,4.0,1,14,6,0.0,0.06906748,0.05232878,0.03705353,0.0263928,0.01906796,0.01399098,0.01043673,0.00792293,0.00612348,0.00481587,0.00384834,0.00311788,0.002555,0.00211287,0.00175975,0.00147383,0.0012398
Gram_error_fro,4.0,1,14,6,0.0,0.05451965,0.05135191,0.04464662,0.03772679,0.03147665,0.02610439,0.02159909,0.01787736,0.01483313,0.01235797,0.01035092,0.00872314,0.00739947,0.00631806,0.00542909,0.00469302,0.00407876
Gram_error_fro,4.0,1,14,6,0.0,0.07749152,0.05529812,0.0375369,0.02624307,0.01923299,0.01481766,0.01191117,0.00987138,0.00834424,0.00714161,0.00616241,0.00534902,0.00466534,0.00408641,0.00359352,0.00317193,0.0028097
Gram_error_fro,4.0,1,14,6,0.0,0.10433456,0.08798546,0.06611772,0.04993688,0.03856342,0.03034141,0.02418437,0.01945417,0.01576181,0.01285114,0.01054109,0.00869753,0.00721842,0.00602514,0.00505684,0.00426628,0.00361677
Gram_error_fro,4.0,1,14,6,0.0,0.06453772,0.05224322,0.0433134,0.03647495,0.03067448,0.02568984,0.02146073,0.01792488,0.01500113,0.01259995,0.01063402,0.0090245,0.00770363,0.00661506,0.00571295,0.00496054,0.00432865
Gram_error_fro,4.0,1,14,6,0.0,0.07985781,0.07193657,0.06004139,0.04935298,0.04023921,0.03267249,0.02651282,0.0215635,0.01761565,0.01447542,0.01197586,0.00997945,0.00837609,0.00707928,0.00602188,0.00515222,0.00443071
Gram_error_fro,2.0,1,14,6,0.0,0.09520602,0.09331759,0.07952565,0.06560913,0.05364139,0.04377054,0.03575359,0.0292879,0.02408952,0.01991226,0.01655046,0.01383621,0.01163466,0.00983878,0.00836438,0.0071456,0.0061311
Gram_error_fro,4.0,1,14,6,0.0,0.09150338,0.07808309,0.06245135,0.04948358,0.0391827,0.03106867,0.02469393,0.01969362,0.01577502,0.0127041,0.01029476,0.00840002,0.00690457,0.0057185,0.00477209,0.00401151,0.00339538
Gram_error_fro,4.0,2,14,6,0.0,0.11083085,0.09703513,0.07570701,0.05908296,0.04724863,0.03895526,0.03319402,0.02925327,0.02661706,0.02489898,0.0238103,0.02314151,0.02274627,0.02252574,0.02241491,0.0223717,0.02236925
Gram_error_fro,4.0,1,14,6,0.0,0.10864628,0.09078641,0.06859496,0.05207464,0.04030048,0.03171508,0.02526514,0.0203091,0.01644544,0.01340573,0.0109989,0.00908289,0.00754938,0.00631489,0.00531474,0.00449887,0.00382849
Gram_error_fro,0.0,1,14,2,0.0,0.0,0.0,0.0,0.0,0.0,0.0,0.0,0.0,0.0,0.0,0.0,0.0,0.0,0.0,0.0,0.0,0.0
Gram_error_fro,2.0,1,14,2,0.0,0.01585181,0.00827693,0.00593777,0.0049293,0.00430404,0.00382158,0.00341238,0.00305281,0.00273281,0.00244666,0.00219025,0.00196025,0.00175379,0.00156838,0.00140183,0.00125221,0.00111781
Gram_error_fro,2.0,1,14,2,0.0,0.03165146,0.01549362,0.01099051,0.00904536,0.00771237,0.00666008,0.00579887,0.00508308,0.00448127,0.0039701,0.00353195,0.00315332,0.0028238,0.00253523,0.00228114,0.00205637,0.00185671
Gram_error_fro,2.0,1,14,2,0.0,0.02910565,0.01473208,0.00960653,0.00702197,0.00531338,0.00407694,0.00315787,0.00246924,0.00195206,0.00156329,0.00127067,0.00104976,0.00088195,0.00075311,0.00065261,0.00057258,0.0005073
Gram_error_fro,2.0,1,14,2,0.0,0.02476667,0.01257221,0.00753867,0.00504133,0.00351794,0.00249274,0.00177979,0.00128234,0.00093913,0.00070687,0.00055289,0.00045166,0.00038365,0.00033513,0.00029745,0.00026577,0.00023767
Gram_error_fro,2.0,1,14,2,0.0,0.02433408,0.01018671,0.00698888,0.00599538,0.00546921,0.00506591,0.00471692,0.00440838,0.00413553,0.00389376,0.00367773,0.00348207,0.00330195,0.00313343,0.00297355,0.00282022,0.00267212
Gram_error_fro,2.0,1,14,2,0.0,0.03725007,0.01285107,0.00897966,0.00742261,0.00618521,0.00513847,0.00426459,0.00354276,0.00294924,0.00246151,0.00205999,0.00172843,0.00145365,0.00122506,0.00103418,0.00087426,0.00073985
Gram_error_fro,2.0,1,14,2,0.0,0.01178561,0.00841775,0.00673493,0.00540456,0.00438174,0.00359072,0.00296783,0.00246945,0.00206577,0.00173566,0.00146363,0.00123804,0.00104994,0.00089238,0.00075988,0.00064807,0.00055346
Gram_error_fro,4.0,1,14,2,0.0,0.045358,0.02204193,0.01528571,0.01190932,0.00964211,0.00795776,0.00665921,0.00563913,0.00482618,0.00416925,0.00363085,0.00318343,0.00280669,0.00248565,0.00220917,0.00196892,0.00175858
Gram_error_fro,2.0,1,14,2,0.0,0.00848485,0.00444878,0.00268194,0.00179589,0.00128186,0.00095741,0.00074132,0.00059134,0.00048365,0.0004041,0.00034386,0.00029722,0.00026034,0.0002306,0.00020616,0.0001857,0.0001683
Gram_error_fro,4.0,1,14,2,0.0,0.059095,0.02725538,0.01734591,0.01275947,0.00998967,0.00808183,0.00667359,0.00559011,0.00473255,0.00403926,0.0034693,0.00299438,0.0025943,0.00225428,0.00196325,0.00171273,0.00149611
Gram_error_fro,4.0,1,14,2,0.0,0.07705787,0.06463538,0.0522906,0.04227236,0.03427781,0.02795709,0.0229747,0.01903733,0.01590709,0.01339883,0.01137127,0.00971735,0.00835602,0.0072257,0.00627936,0.00548087,0.00480223
Gram_error_fro,2.0,1,14,2,0.0,0.04047594,0.02834287,0.02197734,0.01778418,0.01460464,0.01207822,0.01003823,0.00837842,0.00702066,0.00590454,0.0049827,0.00421777,0.00358021,0.00304659,0.00259821,0.00222013,0.00190028
Gram_error_fro,4.0,1,14,2,0.0,0.06048332,0.05225867,0.04444854,0.03780886,0.03219257,0.02747477,0.02352425,0.02021458,0.01743423,0.01508955,0.01310364,0.011414,0.00997001,0.00873066,0.0076626,0.00673868,0.00593662
Gram_error_fro,4.0,1,14,2,0.0,0.07979933,0.0649143,0.051895,0.04146638,0.03315408,0.02657209,0.02137836,0.01727967,0.01403659,0.01145968,0.00940164,0.00774888,0.00641405,0.00532995,0.00444475,0.00371829,0.00311931
Gram_error_fro,4.0,1,14,2,0.0,0.03762729,0.01251752,0.00793406,0.00570046,0.00400638,0.00282172,0.0021823,0.00202078,0.00212322,0.00229497,0.00244587,0.0025488,0.00260152,0.00261006,0.00258251,0.00252673,0.00244965
Gram_error_fro,0.0,1,14,2,0.0,0.0,0.0,0.0,0.0,0.0,0.0,0.0,0.0,0.0,0.0,0.0,0.0,0.0,0.0,0.0,0.0,0.0
Gram_error_fro,2.0,1,14,2,0.0,0.01675269,0.01098445,0.00674395,0.00416005,0.00312906,0.00304144,0.00318109,0.00325851,0.00323028,0.00311721,0.00294798,0.0027463,0.00252942,0.0023092,0.00209348,0.00188726,0.00169349
Gram_error_fro,2.0,1,14,2,0.0,0.04786075,0.02049281,0.01259079,0.00887808,0.00649398,0.00482473,0.00362683,0.00275685,0.00211852,0.00164515,0.00129017,0.00102095,0.00081449,0.0006545,0.0005293,0.00043045,0.0003518
Gram_error_fro,0.0,1,14,2,0.0,0.0,0.0,0.0,0.0,0.0,0.0,0.0,0.0,0.0,0.0,0.0,0.0,0.0,0.0,0.0,0.0,0.0
Gram_error_fro,2.0,1,14,2,0.0,0.04432941,0.02776238,0.02048322,0.01600438,0.01274983,0.01026849,0.00834646,0.00684223,0.00565286,0.00470259,0.00393573,0.00331119,0.00279837,0.00237428,0.00202136,0.00172608,0.00147786
Gram_error_fro,2.0,1,14,2,0.0,0.01978906,0.01451754,0.01173125,0.00960499,0.00791201,0.00655252,0.00545552,0.00456545,0.00383864,0.00324111,0.00274664,0.00233494,0.00199029,0.00170042,0.00145564,0.00124821,0.00107193
Gram_error_fro,4.0,1,14,2,0.0,0.0242374,0.01138459,0.0082616,0.00704411,0.00626154,0.00560496,0.00500947,0.0044644,0.00396892,0.00352224,0.00312219,0.00276555,0.00244863,0.00216758,0.0019187,0.00169848,0.00150372
Gram_error_fro,2.0,1,14,2,0.0,0.05683764,0.04939874,0.04309753,0.03741811,0.03231789,0.02783065,0.02394597,0.02061502,0.01777181,0.01534785,0.01327965,0.01151162,0.00999648,0.00869464,0.00757317,0.00660472,0.00576655
Gram_error_fro,2.0,1,14,2,0.0,0.01508125,0.01048694,0.00702536,0.00461591,0.00316711,0.00251069,0.0023705,0.00243587,0.00252748,0.00258306,0.00259104,0.00255644,0.00248831,0.00239558,0.0022859,0.00216545,0.00203903
Gram_error_fro,4.0,2,14,2,0.0,0.06607575,0.04598392,0.03810622,0.03267842,0.02836978,0.02487211,0.02203438,0.01973836,0.01788265,0.01638197,0.01516656,0.01418033,0.01337854,0.01272558,0.01219306,0.01175831,0.0114031
Gram_error_fro,4.0,1,14,2,0.0,0.05139292,0.04325396,0.03584142,0.02987689,0.02493912,0.02084626,0.017466,0.01467757,0.01237388,0.01046445,0.00887529,0.00754689,0.00643168,0.00549171,0.0046966,0.0040219,0.00344783
Gram_error_fro,4.0,1,14,2,0.0,0.05027094,0.02300728,0.0154402,0.01221985,0.01011294,0.00849179,0.00717602,0.00608531,0.00517168,0.00440177,0.00375052,0.00319824,0.0027291,0.0023301,0.00199048,0.00170122,0.00145474
Gram_error_fro,4.0,2,14,2,0.0,0.07599967,0.0659055,0.05952477,0.05350068,0.04783067,0.0426675,0.03808318,0.03407974,0.03061902,0.02764499,0.0250971,0.02291728,0.02105297,0.01945812,0.01809305,0.0169239,0.01592189
Gram_error_fro,4.0,1,14,2,0.0,0.06923999,0.04173214,0.02835342,0.02045303,0.01510893,0.01130623,0.00854786,0.00652846,0.00504174,0.00394309,0.00312909,0.0025246,0.00207416,0.00173645,0.00148053,0.00128338,0.00112817
Gram_error_fro,4.0,1,14,2,0.0,0.06217237,0.05314181,0.04502906,0.03826251,0.03249167,0.02759191,0.02345822,0.01998059,0.01705441,0.01458751,0.01250204,0.01073358,0.00922935,0.00794618,0.00684875,0.00590804,0.00510009
Gram_error_fro,2.0,1,14,2,0.0,0.0030342,0.00111972,0.00074866,0.00051032,0.0004423,0.00045572,0.00045953,0.00043804,0.00040085,0.00035861,0.00031805,0.00028233,0.00025223,0.00022728,0.0002065,0.00018886,0.00017347
Gram_error_fro,0.0,1,14,6,0.0,0.0,0.0,0.0,0.0,0.0,0.0,0.0,0.0,0.0,0.0,0.0,0.0,0.0,0.0,0.0,0.0,0.0
Gram_error_fro,2.0,1,14,6,0.0,0.07319146,0.06344278,0.04828716,0.03705892,0.02917272,0.02338605,0.01895935,0.01549977,0.01277583,0.01062757,0.00893147,0.00758796,0.00651656,0.00565337,0.00494871,0.00436485,0.00387364
Gram_error_fro,2.0,1,14,6,0.0,0.04548805,0.04062092,0.03120448,0.02372964,0.01850419,0.01486317,0.01223505,0.01025865,0.00872077,0.00749325,0.00649463,0.00567,0.00498052,0.00439775,0.00390041,0.00347229,0.00310091
Gram_error_fro,2.0,1,14,6,0.0,0.07672865,0.0655319,0.04656366,0.03268622,0.02392621,0.01851447,0.01502513,0.01260119,0.01078821,0.00935476,0.00817955,0.00719386,0.00635473,0.00563285,0.00500685,0.00446051,0.00398116
Gram_error_fro,2.0,1,14,6,0.0,0.04744111,0.0418696,0.03276047,0.02547448,0.02026686,0.01652683,0.01373733,0.01157563,0.00985113,0.00844726,0.00728772,0.00631928,0.005503,0.00480954,0.00421634,0.00370584,0.0032642
Gram_error_fro,2.0,1,14,6,0.0,0.05875884,0.05188542,0.03913118,0.02947136,0.02295587,0.01852868,0.01537978,0.01302223,0.01117947,0.0096921,0.00846361,0.0074318,0.00655423,0.00580047,0.00514795,0.00457941,0.0040814
Gram_error_fro,2.0,1,14,6,0.0,0.04916766,0.04974071,0.04397395,0.03723762,0.03096475,0.02551718,0.02093817,0.01716607,0.01410185,0.01163629,0.00966349,0.00808794,0.00682762,0.00581455,0.00499405,0.00432309,0.00376838
Gram_error_fro,0.0,1,14,6,0.0,0.0,0.0,0.0,0.0,0.0,0.0,0.0,0.0,0.0,0.0,0.0,0.0,0.0,0.0,0.0,0.0,0.0
Gram_error_fro,4.0,1,14,6,0.0,0.05871052,0.05382678,0.04539771,0.03760245,0.03097315,0.02545687,0.02092685,0.01724955,0.01429218,0.01192807,0.01004219,0.00853484,0.00732297,0.00633971,0.00553271,0.00486182,0.00429676
Gram_error_fro,2.0,1,14,6,0.0,0.10210582,0.094618,0.07495209,0.0583691,0.04603097,0.03692488,0.0300757,0.02480754,0.02067569,0.01738321,0.01472519,0.01255556,0.01076734,0.00928064,0.00803484,0.00698343,0.00609033
Gram_error_fro,0.0,1,14,6,0.0,0.0,0.0,0.0,0.0,0.0,0.0,0.0,0.0,0.0,0.0,0.0,0.0,0.0,0.0,0.0,0.0,0.0
Gram_error_fro,6.0,1,14,6,0.0,0.08983119,0.07586985,0.0607673,0.04902735,0.0399653,0.03275904,0.02691908,0.02215779,0.01827831,0.01512507,0.01256674,0.0104914,0.00880487,0.00742947,0.00630225,0.00537295,0.00460188
Gram_error_fro,4.0,1,14,6,0.0,0.0704716,0.06139098,0.04997072,0.0407016,0.03323293,0.02712706,0.02212908,0.01806428,0.01478484,0.01215632,0.01005776,0.00838378,0.00704555,0.00597034,0.00510003,0.00438906,0.00380226
Gram_error_fro,0.0,1,14,6,0.0,0.05913617,0.05525817,0.04364783,0.03393068,0.02681816,0.02157814,0.01757235,0.0144115,0.01186843,0.00980121,0.00811169,0.00672641,0.00558778,0.00464978,0.00387532,0.00323447,0.00270305
Gram_error_fro,2.0,1,14,6,0.0,0.04916766,0.04974071,0.04397395,0.03723762,0.03096475,0.02551718,0.02093817,0.01716607,0.01410185,0.01163629,0.00966349,0.00808794,0.00682762,0.00581455,0.00499405,0.00432309,0.00376838
Gram_error_fro,4.0,1,14,6,0.0,0.0723773,0.06179869,0.04708184,0.03601708,0.02849458,0.02332735,0.0195804,0.01669444,0.01436608,0.01243174,0.01079752,0.00940369,0.0082081,0.00717861,0.00628949,0.00551962,0.00485145
Gram_error_fro,0.0,1,14,2,0.0,0.0,0.0,0.0,0.0,0.0,0.0,0.0,0.0,0.0,0.0,0.0,0.0,0.0,0.0,0.0,0.0,0.0
Gram_error_fro,0.0,1,14,2,0.0,0.0,0.0,0.0,0.0,0.0,0.0,0.0,0.0,0.0,0.0,0.0,0.0,0.0,0.0,0.0,0.0,0.0
Gram_error_fro,2.0,1,14,2,0.0,0.04406778,0.03834997,0.03407707,0.03041404,0.02715828,0.02426252,0.02168942,0.01940353,0.0173729,0.01556908,0.01396658,0.01254254,0.0112764,0.01014977,0.00914627,0.00825137,0.00745227
Gram_error_fro,2.0,1,14,2,0.0,0.06039564,0.05855938,0.05400877,0.04931062,0.04482637,0.04065242,0.0368057,0.0332801,0.03006281,0.02713781,0.02448674,0.0220897,0.01992612,0.01797555,0.0162183,0.01463577,0.01321073
Gram_error_fro,2.0,1,14,2,0.0,0.05611266,0.05845019,0.05784974,0.05639066,0.05444591,0.05220057,0.04976611,0.04722348,0.04463679,0.04205672,0.0395221,0.03706144,0.03469463,0.03243466,0.03028909,0.0282614,0.02635199
Gram_error_fro,2.0,1,14,2,0.0,0.0467077,0.04098934,0.03823437,0.03576059,0.03326396,0.03077264,0.02834361,0.02601964,0.02382697,0.02177912,0.01988072,0.01813046,0.01652317,0.01505142,0.01370652,0.01247928,0.01136046
Gram_error_fro,4.0,1,14,2,0.0,0.04153447,0.03802891,0.03639982,0.03467544,0.03268485,0.03052827,0.02831651,0.02613104,0.0240245,0.02202793,0.0201575,0.01841952,0.01681397,0.01533692,0.01398209,0.01274198,0.01160853
Gram_error_fro,4.0,1,14,2,0.0,0.07124032,0.07020798,0.06450922,0.05834229,0.05250599,0.04717742,0.04236567,0.03803638,0.03414731,0.03065713,0.02752715,0.02472156,0.02220737,0.01995436,0.01793508,0.01612474,0.01450107
Gram_error_fro,4.0,1,14,2,0.0,0.09648284,0.09128129,0.0824739,0.07357663,0.0652455,0.05770269,0.05098469,0.04504933,0.0398263,0.03523872,0.03121187,0.02767674,0.02457126,0.02184047,0.01943621,0.01731653,0.01544502
Gram_error_fro,0.0,1,14,2,0.0,0.08064298,0.06217918,0.04785468,0.03771858,0.03016537,0.02441227,0.01997022,0.01649469,0.01373932,0.01152785,0.00973331,0.00826305,0.00704843,0.00603775,0.00519145,0.00447889,0.00387597
Gram_error_fro,2.0,1,14,2,0.0,0.10886599,0.06013624,0.03357183,0.0219341,0.01620282,0.01275168,0.01035929,0.00858214,0.00721832,0.00615202,0.00530648,0.00462726,0.00407462,0.0036192,0.00323912,0.002918,0.00264349
Gram_error_fro,2.0,1,14,2,0.0,0.00850839,0.00567688,0.00408508,0.00289273,0.00197518,0.00129622,0.00083292,0.00059368,0.00057348,0.00066706,0.00077835,0.00087346,0.00094538,0.00099501,0.00102534,0.00103967,0.00104102
Gram_error_fro,4.0,1,14,2,0.0,0.0393974,0.03803972,0.03541045,0.03246854,0.0295748,0.02686142,0.02436449,0.02208554,0.02001451,0.01813743,0.01643914,0.01490431,0.01351804,0.01226616,0.01113551,0.01011394,0.00919043
Gram_error_fro,6.0,1,14,2,0.0,0.0823858,0.07631962,0.06975758,0.06323118,0.05695098,0.0510901,0.04572531,0.04087094,0.03650984,0.0326098,0.02913217,0.02603648,0.02328315,0.02083487,0.01865742,0.01671983,0.01499445
Gram_error_fro,4.0,1,14,2,0.0,0.10112049,0.05004808,0.02515023,0.01610207,0.01242707,0.01026528,0.00863745,0.00730925,0.00620543,0.00528545,0.00451862,0.00387905,0.00334477,0.00289724,0.00252108,0.00220358,0.0019344
Gram_error_fro,4.0,1,14,2,0.0,0.05811893,0.06117908,0.05585147,0.04932344,0.04323417,0.03793081,0.03339194,0.02950873,0.0261696,0.02328057,0.02076639,0.01856721,0.01663501,0.01493085,0.01342271,0.01208403,0.01089256
Gram_error_fro,0.0,1,14,2,0.0,0.0,0.0,0.0,0.0,0.0,0.0,0.0,0.0,0.0,0.0,0.0,0.0,0.0,0.0,0.0,0.0,0.0
Gram_error_fro,2.0,1,14,2,0.0,0.05865879,0.04401115,0.03375039,0.02614342,0.02025485,0.01569069,0.0121668,0.00944939,0.00735144,0.00572826,0.00446986,0.00349319,0.0027355,0.00214915,0.00169771,0.00135296,0.00109267
Gram_error_fro,2.0,1,14,2,0.0,0.01801125,0.01226385,0.00894505,0.00736219,0.00652627,0.00600079,0.00559629,0.00523434,0.00488661,0.00454573,0.00421213,0.00388843,0.00357734,0.00328102,0.00300089,0.00273779,0.00249202
Gram_error_fro,2.0,1,14,2,0.0,0.00160603,0.00065413,0.00023743,0.00029269,0.00038668,0.00040962,0.00039176,0.00035595,0.00031437,0.00027297,0.00023448,0.00019999,0.00016976,0.00014362,0.00012123,0.00010217,8.603e-05
Gram_error_fro,2.0,1,14,2,0.0,0.06717396,0.03443114,0.02590715,0.02241164,0.01963199,0.01709284,0.01479324,0.01275178,0.0109652,0.00941545,0.00807803,0.00692712,0.00593812,0.0050888,0.00435961,0.00373358,0.00319614
Gram_error_fro,2.0,1,14,2,0.0,0.00471042,0.00216491,0.00285142,0.00378166,0.0045049,0.00497179,0.00521807,0.00529421,0.00524594,0.00510996,0.00491433,0.00468,0.00442242,0.00415288,0.00387958,0.00360844,0.00334364
Gram_error_fro,2.0,1,14,2,0.0,0.06394406,0.04730695,0.03695952,0.02948517,0.02365257,0.01904044,0.01538984,0.01249571,0.01019284,0.00835118,0.00687008,0.00567219,0.00469814,0.00390219,0.00324888,0.00271056,0.00226548
Gram_error_fro,2.0,1,14,2,0.0,0.00160603,0.00065413,0.00023743,0.00029269,0.00038668,0.00040962,0.00039176,0.00035595,0.00031437,0.00027297,0.00023448,0.00019999,0.00016976,0.00014362,0.00012123,0.00010217,8.603e-05
Gram_error_fro,4.0,1,14,2,0.0,0.00425804,0.00190397,0.00100937,0.00116635,0.00174601,0.00219539,0.00246496,0.00258827,0.00260618,0.0025527,0.00245319,0.00232572,0.00218282,0.00203307,0.00188228,0.00173428,0.0015916
Gram_error_fro,2.0,1,14,2,0.0,0.03488911,0.02628054,0.02164648,0.01822004,0.01548539,0.0132578,0.01141947,0.00988454,0.00858971,0.00748804,0.00654413,0.00573081,0.00502675,0.00441494,0.00388159,0.00341538,0.00300696
Gram_error_fro,4.0,1,14,2,0.0,0.02394916,0.02121294,0.01982803,0.01862675,0.0174398,0.01625163,0.01507653,0.01393252,0.01283423,0.01179148,0.01080993,0.00989203,0.00903798,0.00824642,0.00751503,0.00684093,0.00622089
Gram_error_fro,4.0,1,14,2,0.0,0.06203496,0.05164331,0.04176541,0.03383119,0.02749341,0.02243979,0.01840578,0.01517248,0.01256576,0.01045053,0.00872305,0.00730372,0.00613122,0.00515797,0.00434674,0.00366816,0.00309886
Gram_error_fro,4.0,1,14,2,0.0,0.07916032,0.066339,0.05421744,0.04426607,0.03610126,0.02946821,0.02411469,0.01979887,0.01631129,0.01348129,0.01117395,0.00928385,0.00772879,0.00644445,0.00538022,0.00449593,0.00375952
Gram_error_fro,4.0,1,14,2,0.0,0.03346461,0.02381366,0.02000339,0.01817074,0.01701537,0.01611148,0.01528876,0.01448064,0.01366763,0.0128504,0.0120368,0.01123605,0.01045643,0.00970444,0.00898483,0.00830073,0.00765398
Gram_error_fro,4.0,1,14,2,0.0,0.01329631,0.01421153,0.01359933,0.01233029,0.01092233,0.00955716,0.00830676,0.00719333,0.00621647,0.00536627,0.00462947,0.00399238,0.00344206,0.00296687,0.00255657,0.00220227,0.00189631
Gram_error_fro,2.0,1,14,2,0.0,0.02151606,0.01588641,0.01247694,0.00987301,0.00782972,0.00622503,0.00496717,0.00398178,0.00320924,0.00260265,0.00212554,0.00174964,0.00145295,0.00121826,0.00103199,0.00088341,0.00076399
Gram_error_fro,0.0,1,14,3,0.0,0.0,0.0,0.0,0.0,0.0,0.0,0.0,0.0,0.0,0.0,0.0,0.0,0.0,0.0,0.0,0.0,0.0
Gram_error_fro,2.0,1,14,3,0.0,0.06344634,0.03811757,0.02510555,0.01780258,0.01321486,0.01011348,0.00791057,0.00629074,0.00506899,0.00412894,0.00339353,0.00280983,0.00234059,0.00195911,0.00164595,0.00138678,0.00117083
Gram_error_fro,2.0,1,14,3,0.0,0.05498377,0.05629495,0.05211326,0.0466772,0.04116858,0.03601668,0.03136809,0.02725092,0.0236419,0.02049668,0.01776447,0.01539504,0.01334182,0.01156311,0.01002219,0.0086871,0.00753013
Gram_error_fro,2.0,1,14,3,0.0,0.06162315,0.05558405,0.04876913,0.04265613,0.03722358,0.03242176,0.02819968,0.0245034,0.02127778,0.01846905,0.01602674,0.01390487,0.0120623,0.01046268,0.00907418,0.00786905,0.00682313
Gram_error_fro,2.0,1,14,3,0.0,0.0038252,0.00228044,0.00293331,0.00376083,0.00434751,0.00465584,0.0047383,0.00465946,0.00447365,0.00422168,0.00393282,0.00362753,0.00331985,0.00301918,0.0027316,0.00246081,0.00220884
Gram_error_fro,2.0,1,14,3,0.0,0.02966706,0.02209059,0.01777373,0.01506273,0.01302418,0.01134661,0.00990922,0.00865561,0.00755428,0.00658449,0.00573059,0.00497968,0.00432056,0.00374319,0.0032385,0.00279824,0.00241494
Gram_error_fro,4.0,1,14,3,0.0,0.0715334,0.03755235,0.02576983,0.01954213,0.01516413,0.01184289,0.00928271,0.00729964,0.00575816,0.00455556,0.00361389,0.00287394,0.00229058,0.00182931,0.00146358,0.0011729,0.00094135
Gram_error_fro,4.0,1,14,3,0.0,0.07381623,0.04295385,0.02655803,0.01794293,0.01301721,0.01000187,0.00804307,0.0066877,0.00568545,0.00489814,0.00425013,0.00369986,0.00322384,0.00280803,0.00244325,0.00212288,0.0018417
Gram_error_fro,4.0,1,14,3,0.0,0.05301779,0.04543239,0.03933223,0.03423515,0.02973668,0.0257569,0.02225524,0.01919148,0.01652319,0.0142076,0.0122035,0.01047254,0.00897989,0.00769441,0.00658856,0.00563815,0.00482203
Gram_error_fro,4.0,1,14,3,0.0,0.06701734,0.04103753,0.02544009,0.01584281,0.00984779,0.00612244,0.00384619,0.00250767,0.00177552,0.00140853,0.00122457,0.00111159,0.0010188,0.00092927,0.00083981,0.00075166,0.00066683
Gram_error_fro,4.0,1,14,3,0.0,0.05900782,0.02575384,0.01484666,0.01279729,0.01214222,0.01140195,0.0104988,0.00951651,0.00852558,0.00757049,0.00667646,0.00585603,0.00511378,0.00444934,0.00385941,0.00333901,0.00288235
Gram_error_fro,4.0,1,14,3,0.0,0.0677764,0.0359391,0.02270915,0.01622294,0.01218354,0.00934572,0.00725534,0.00568223,0.00448234,0.00355725,0.00283743,0.00227281,0.00182688,0.00147264,0.00118986,0.00096323,0.00078099
Gram_error_fro,4.0,1,14,3,0.0,0.10445668,0.06368803,0.04098768,0.02857043,0.02094792,0.01580902,0.01213193,0.00940525,0.00733912,0.00575219,0.00452264,0.00356442,0.00281465,0.00222627,0.00176352,0.00139891,0.00111117
Gram_error_fro,4.0,1,14,3,0.0,0.06997195,0.04108113,0.02545569,0.01787457,0.01383033,0.01124714,0.00933066,0.00779275,0.00651853,0.00545088,0.00455352,0.00379916,0.00316562,0.00263426,0.00218924,0.00181709,0.00150636
Gram_error_fro,4.0,1,14,3,0.0,0.02743343,0.01924987,0.01526299,0.01238813,0.00999638,0.00802852,0.00644151,0.0051741,0.00416475,0.00336049,0.00271853,0.00220508,0.00179364,0.00146337,0.00119785,0.00098403,0.00081156
Gram_error_fro,4.0,1,14,3,0.0,0.08797119,0.05865763,0.03999902,0.02886969,0.02159718,0.01652971,0.01285496,0.01011631,0.00803313,0.00642304,0.00516277,0.00416638,0.00337237,0.00273575,0.00222287,0.0018082,0.00147202
Gram_error_fro,0.0,1,14,3,0.0,0.0,0.0,0.0,0.0,0.0,0.0,0.0,0.0,0.0,0.0,0.0,0.0,0.0,0.0,0.0,0.0,0.0
Gram_error_fro,2.0,1,14,3,0.0,0.02863992,0.02373862,0.02132651,0.01966967,0.01836992,0.01724592,0.01620986,0.01522296,0.01427079,0.0133501,0.01246217,0.01160966,0.01079518,0.01002071,0.00928747,0.00859591,0.00794586
Gram_error_fro,2.0,1,14,3,0.0,0.07637253,0.06005267,0.04842194,0.04077123,0.03537073,0.03131075,0.02807947,0.02538392,0.02305701,0.02100235,0.01916231,0.01750035,0.01599153,0.01461751,0.01336387,0.01221872,0.01117185
Gram_error_fro,2.0,1,14,3,0.0,0.08538685,0.06474141,0.05137495,0.04294392,0.03689684,0.03216038,0.0282589,0.02495464,0.02211205,0.01964385,0.01748815,0.01559781,0.01393528,0.01246963,0.01117492,0.01002909,0.00901326
Gram_error_fro,2.0,1,14,3,0.0,0.04754883,0.04271762,0.03790111,0.0336074,0.03004699,0.02714379,0.02471888,0.02262251,0.02075687,0.01906386,0.01750989,0.01607526,0.01474769,0.01351876,0.01238196,0.0113317,0.0103628
Gram_error_fro,2.0,1,14,3,0.0,0.04497259,0.04270327,0.03804056,0.03353575,0.02950924,0.0259793,0.02290764,0.0202423,0.01793011,0.01592166,0.01417319,0.0126469,0.01131063,0.01013714,0.00910345,0.00819019,0.00738099
Gram_error_fro,4.0,1,14,3,0.0,0.04235351,0.03656787,0.03273799,0.02971857,0.02723574,0.02512808,0.02327504,0.02159746,0.02004868,0.01860296,0.01724656,0.0159721,0.01477522,0.01365286,0.01260237,0.01162108,0.01070619
Gram_error_fro,4.0,1,14,3,0.0,0.04744201,0.04201271,0.03649431,0.03142315,0.0271985,0.02383897,0.0211701,0.01900442,0.01719729,0.01564899,0.01429354,0.01308757,0.01200215,0.01101742,0.01011924,0.00929706,0.0085427
Gram_error_fro,4.0,1,14,3,0.0,0.05546747,0.04790689,0.04145696,0.03627967,0.03193822,0.0282182,0.02499859,0.0221968,0.01974953,0.0176055,0.01572215,0.01406372,0.01259995,0.01130512,0.01015732,0.00913777,0.0082304
Gram_error_fro,2.0,1,14,3,0.0,0.00716162,0.00347667,0.00270865,0.00240424,0.00212878,0.00184089,0.0015593,0.00130362,0.00108655,0.00091528,0.00079266,0.00071663,0.00067951,0.00066971,0.00067544,0.00068751,0.00069998
Gram_error_fro,4.0,1,14,3,0.0,0.05626915,0.05685227,0.05231613,0.0475023,0.04304138,0.03899594,0.03534145,0.03204087,0.02905822,0.02636092,0.02391994,0.02170943,0.01970647,0.01789066,0.01624381,0.0147497,0.01339378
Gram_error_fro,4.0,1,14,3,0.0,0.06240539,0.05338882,0.04505823,0.03827923,0.03279598,0.0284515,0.02501982,0.0222702,0.02001441,0.01811533,0.01647851,0.01504039,0.01375825,0.01260301,0.01155442,0.01059782,0.00972227
Gram_error_fro,6.0,1,14,3,0.0,0.08632047,0.07251934,0.06011293,0.05083708,0.04375456,0.03818046,0.03365181,0.0298655,0.02662732,0.02381244,0.02133833,0.01914797,0.01719974,0.01546167,0.013908,0.0125173,0.01127124
Gram_error_fro,6.0,1,14,3,0.0,0.11870256,0.09674149,0.07701168,0.06208936,0.0506325,0.04167706,0.03458241,0.02889896,0.02429988,0.02054326,0.01744807,0.01487762,0.01272771,0.01091819,0.00938682,0.00808477,0.00697335
Gram_error_fro,4.0,1,14,3,0.0,0.07040002,0.05772153,0.04920866,0.04277452,0.03731941,0.03255325,0.02837419,0.02471945,0.02153423,0.01876631,0.01636608,0.01428733,0.01248799,0.0109304,0.00958134,0.00841179,0.00739661
Gram_error_fro,4.0,1,14,3,0.0,0.01839221,0.0128736,0.009142,0.006722,0.00536501,0.0049143,0.00501876,0.00532515,0.00563578,0.00587317,0.0060174,0.00607183,0.00604813,0.00596006,0.00582089,0.00564249,0.00543504
Gram_error_fro,0.0,1,14,4,0.0,0.0,0.0,0.0,0.0,0.0,0.0,0.0,0.0,0.0,0.0,0.0,0.0,0.0,0.0,0.0,0.0,0.0
Gram_error_fro,2.0,1,14,4,0.0,0.0631818,0.07137871,0.06897099,0.06322333,0.05655208,0.04996624,0.0438844,0.0384482,0.03366961,0.02950386,0.02588551,0.02274561,0.02001933,0.01764886,0.01558397,0.0137816,0.01220513
Gram_error_fro,2.0,1,14,4,0.0,0.04321746,0.02769903,0.01911866,0.01427012,0.01144005,0.00962984,0.00830489,0.00722732,0.0063042,0.00549976,0.00479733,0.00418557,0.0036544,0.00319422,0.00279592,0.00245119,0.00215258
Gram_error_fro,0.0,1,14,4,0.0,0.0,0.0,0.0,0.0,0.0,0.0,0.0,0.0,0.0,0.0,0.0,0.0,0.0,0.0,0.0,0.0,0.0
Gram_error_fro,2.0,1,14,4,0.0,0.04210722,0.03338448,0.02826043,0.02434891,0.02105503,0.01821689,0.01576724,0.01365926,0.01185051,0.01030105,0.00897428,0.00783755,0.00686238,0.00602433,0.00530253,0.00467939,0.00414002
Gram_error_fro,2.0,1,14,4,0.0,0.03965427,0.02692222,0.02284545,0.02067951,0.01907728,0.01766055,0.01631249,0.01500872,0.01375453,0.01256127,0.01143842,0.01039168,0.0094232,0.00853234,0.00771659,0.00697219,0.00629471
Gram_error_fro,4.0,1,14,4,0.0,0.05200267,0.03501774,0.02919993,0.02588373,0.0232051,0.02080599,0.01861101,0.01660587,0.01478628,0.01314605,0.01167553,0.01036259,0.00919385,0.00815567,0.00723475,0.00641858,0.0056956
Gram_error_fro,2.0,1,14,4,0.0,0.05207694,0.05987301,0.0586834,0.05553287,0.05217626,0.0490102,0.04607842,0.04335126,0.04079663,0.03839222,0.03612371,0.03398153,0.03195857,0.0300489,0.02824717,0.02654826,0.02494725
Gram_error_fro,2.0,1,14,4,0.0,0.04438362,0.0454968,0.0419558,0.03749679,0.03309964,0.02906811,0.02548436,0.02234545,0.01961526,0.01724699,0.01519318,0.01340992,0.0118584,0.01050514,0.00932159,0.00828362,0.0073709
Gram_error_fro,4.0,1,14,4,0.0,0.06194752,0.04601267,0.03906818,0.03634106,0.03477879,0.03338406,0.03192241,0.03038214,0.02880038,0.02721517,0.0256555,0.02414119,0.02268498,0.02129443,0.01997345,0.0187234,0.01754387
Gram_error_fro,4.0,1,14,4,0.0,0.03436411,0.03179675,0.02724723,0.02353425,0.02061143,0.01817879,0.0160844,0.01426785,0.01269792,0.0113481,0.01019111,0.00919957,0.00834759,0.00761192,0.00697247,0.00641232,0.00591754
Gram_error_fro,6.0,1,14,4,0.0,0.1013342,0.08035909,0.06489524,0.05344322,0.04457834,0.03764249,0.0321856,0.0278691,0.02443555,0.0216869,0.01946882,0.01766032,0.01616669,0.01491437,0.01384682,0.01292107,0.01210482
Gram_error_fro,2.0,1,14,4,0.0,0.07767469,0.05715571,0.0399857,0.02902608,0.02216381,0.01772069,0.01466032,0.01240532,0.01064864,0.00922553,0.00804272,0.0070431,0.00618878,0.00545279,0.00481494,0.00425955,0.00377409
Gram_error_fro,4.0,1,14,4,0.0,0.06398346,0.05256667,0.04335266,0.03761782,0.03342737,0.02987455,0.02668901,0.02380807,0.02121435,0.01889237,0.01682194,0.01498002,0.01334307,0.01188867,0.01059623,0.00944725,0.00842528
Gram_error_fro,4.0,1,14,4,0.0,0.08317882,0.05243498,0.03142241,0.01911679,0.01222818,0.00854208,0.00664355,0.00565481,0.00508593,0.00470021,0.00439471,0.00412681,0.0038792,0.00364494,0.00342136,0.00320754,0.00300321
Gram_error_fro,4.0,1,14,4,0.0,0.05603466,0.04792855,0.03938755,0.03355127,0.02930063,0.0257858,0.02268288,0.01990007,0.01741285,0.01520685,0.01326397,0.01156183,0.01007595,0.00878182,0.0076562,0.00667778,0.0058275
Gram_error_fro,0.0,1,14,2,0.0,0.0,0.0,0.0,0.0,0.0,0.0,0.0,0.0,0.0,0.0,0.0,0.0,0.0,0.0,0.0,0.0,0.0
Gram_error_fro,2.0,1,14,2,0.0,0.00732901,0.00295342,0.00113809,0.00040761,0.00024881,0.00030596,0.00034132,0.00034545,0.00033179,0.00030943,0.00028353,0.00025688,0.00023099,0.00020661,0.00018411,0.0001636,0.00014506
Gram_error_fro,2.0,1,14,2,0.0,0.05234632,0.02292224,0.0151211,0.01198561,0.01017007,0.00886956,0.00783418,0.00696877,0.00622835,0.00558664,0.00502572,0.00453217,0.00409552,0.00370738,0.00336094,0.0030506,0.00277174
Gram_error_fro,0.0,1,14,2,0.0,0.0,0.0,0.0,0.0,0.0,0.0,0.0,0.0,0.0,0.0,0.0,0.0,0.0,0.0,0.0,0.0,0.0
Gram_error_fro,2.0,1,14,2,0.0,0.03955628,0.02911224,0.0231189,0.01921454,0.01628729,0.01393865,0.01200043,0.01038,0.00901422,0.00785538,0.00686608,0.0060167,0.00528365,0.00464808,0.00409481,0.00361157,0.00318828
Gram_error_fro,0.0,1,14,2,0.0,0.0,0.0,0.0,0.0,0.0,0.0,0.0,0.0,0.0,0.0,0.0,0.0,0.0,0.0,0.0,0.0,0.0
Gram_error_fro,4.0,1,14,2,0.0,0.03560764,0.02670261,0.01961045,0.01486134,0.01153292,0.00911615,0.00731785,0.00595207,0.00489533,0.00406372,0.00339923,0.00286112,0.00242027,0.00205552,0.00175122,0.00149561,0.0012797
Gram_error_fro,4.0,1,14,2,0.0,0.05819938,0.03485611,0.02540935,0.01950653,0.01518175,0.01193233,0.00946956,0.00758629,0.00613169,0.00499651,0.00410158,0.00338928,0.00281726,0.00235414,0.00197636,0.00166611,0.00140974
Gram_error_fro,4.0,1,14,2,0.0,0.02904499,0.01667346,0.01096934,0.00766907,0.00545568,0.00387986,0.0027297,0.00188076,0.0012518,0.00078769,0.00045271,0.00023614,0.00017822,0.00024326,0.00031775,0.00037405,0.0004114
Gram_error_fro,4.0,1,14,2,0.0,0.04696255,0.03454223,0.02583978,0.01981105,0.01537776,0.01202477,0.00945377,0.00746514,0.00591632,0.00470276,0.00374682,0.00299033,0.00238934,0.00191038,0.00152774,0.00122148,0.00097607
Gram_error_fro,4.0,1,14,2,0.0,0.01542386,0.00609962,0.00332695,0.00215616,0.00158034,0.00127383,0.00108936,0.00095716,0.0008474,0.00074903,0.00065876,0.00057604,0.00050104,0.00043389,0.00037451,0.00032255,0.0002775
Gram_error_fro,6.0,1,14,2,0.0,0.04371493,0.02670973,0.02037105,0.01674282,0.01404772,0.01190415,0.01016078,0.0087232,0.00752392,0.00651336,0.00565461,0.00491985,0.00428775,0.00374164,0.00326826,0.00285688,0.0024987
Gram_error_fro,6.0,1,14,2,0.0,0.0470135,0.03462937,0.02904097,0.0254456,0.02251866,0.01996299,0.01769377,0.01567386,0.01387755,0.01228245,0.0108678,0.00961435,0.00850446,0.00752211,0.00665291,0.00588398,0.00520384
Gram_error_fro,4.0,1,14,2,0.0,0.00977891,0.00747123,0.00721363,0.00686748,0.00650789,0.00611425,0.00568808,0.0052446,0.00479962,0.00436545,0.00395056,0.00356018,0.00319722,0.00286284,0.00255703,0.00227901,0.00202746
Gram_error_fro,4.0,1,14,2,0.0,0.05900987,0.02863889,0.02008475,0.01642115,0.01410856,0.01231911,0.01081953,0.00952874,0.00840823,0.00743263,0.0065818,0.00583857,0.00518811,0.00461766,0.0041163,0.00367466,0.00328478
Gram_error_fro,6.0,1,14,2,0.0,0.04167526,0.02237218,0.01588391,0.01234378,0.00984667,0.00793474,0.00643272,0.00523954,0.00428488,0.00351674,0.00289572,0.00239157,0.00198082,0.00164507,0.00136982,0.00114353,0.00095699
Gram_error_fro,0.0,1,14,2,0.0,0.0,0.0,0.0,0.0,0.0,0.0,0.0,0.0,0.0,0.0,0.0,0.0,0.0,0.0,0.0,0.0,0.0
Gram_error_fro,2.0,1,14,2,0.0,0.03077205,0.02316484,0.01934854,0.01589561,0.01278922,0.01022734,0.00819106,0.0065893,0.00532849,0.00433118,0.00353747,0.00290205,0.00239065,0.00197721,0.00164168,0.00136847,0.00114533
Gram_error_fro,2.0,1,14,2,0.0,0.06673551,0.06486607,0.0571988,0.04938389,0.04241539,0.03647193,0.03147227,0.02727162,0.02372926,0.02072616,0.01816602,0.0159718,0.01408189,0.01244667,0.01102595,0.0097869,0.00870254
Gram_error_fro,2.0,1,14,2,0.0,0.05262638,0.03875872,0.02667592,0.01877271,0.01359027,0.01005282,0.0075676,0.00579004,0.00450091,0.00355328,0.00284657,0.00231135,0.00189953,0.00157761,0.00132213,0.00111652,0.00094891
Gram_error_fro,2.0,1,14,2,0.0,0.01902498,0.01073275,0.00721571,0.00578631,0.00485757,0.00418286,0.00370463,0.00336589,0.00311746,0.00292474,0.00276559,0.00262647,0.00249932,0.00237943,0.00226417,0.00215211,0.0020426
Gram_error_fro,2.0,1,14,2,0.0,0.00747975,0.00462052,0.00260537,0.00134525,0.00066887,0.00049879,0.00060694,0.00073894,0.00084282,0.00091932,0.00097371,0.00100984,0.00103029,0.00103707,0.00103197,0.00101674,0.0009931
Gram_error_fro,4.0,1,14,2,0.0,0.04146096,0.03398509,0.03108144,0.02904241,0.02688598,0.02464193,0.0224179,0.02028276,0.01827398,0.01640979,0.01469667,0.01313381,0.01171588,0.01043496,0.00928176,0.0082464,0.00731896
Gram_error_fro,2.0,1,14,2,0.0,0.05262638,0.03875872,0.02667592,0.01877271,0.01359027,0.01005282,0.0075676,0.00579004,0.00450091,0.00355328,0.00284657,0.00231135,0.00189953,0.00157761,0.00132213,0.00111652,0.00094891
Gram_error_fro,2.0,1,14,2,0.0,0.04301773,0.03410907,0.03008252,0.02737368,0.02492419,0.02259788,0.02040881,0.01837608,0.01650716,0.01480082,0.01325071,0.01184777,0.01058161,0.00944143,0.00841653,0.00749665,0.00667209
Gram_error_fro,4.0,1,14,2,0.0,0.05472255,0.05737408,0.05182345,0.04460693,0.03765308,0.03155419,0.0263992,0.02210428,0.018543,0.01559187,0.01314341,0.01110791,0.00941168,0.00799453,0.00680738,0.0058102,0.00497032
Gram_error_fro,2.0,1,14,2,0.0,0.03813282,0.0289782,0.02210934,0.01790906,0.01493947,0.01263564,0.01078844,0.009283,0.00803941,0.00699946,0.00612045,0.00537072,0.00472643,0.00416924,0.00368485,0.00326187,0.00289114
Gram_error_fro,6.0,1,14,2,0.0,0.08592211,0.06037054,0.05059255,0.04465658,0.0394572,0.03473682,0.03051404,0.02677619,0.02348465,0.0205932,0.01805623,0.01583165,0.01388162,0.01217251,0.01067463,0.00936183,0.00821117
Gram_error_fro,6.0,1,14,2,0.0,0.15022181,0.13144136,0.12915914,0.12815632,0.12593685,0.12269386,0.11877325,0.11443461,0.10986137,0.10518312,0.10049154,0.09585126,0.09130728,0.08689042,0.0826211,0.0785121,0.07457069
Gram_error_fro,4.0,1,14,2,0.0,0.00747975,0.00462052,0.00259583,0.0012632,0.00041124,0.00042725,0.00092429,0.00136986,0.00175135,0.00207023,0.0023285,0.0025292,0.00267656,0.00277573,0.00283233,0.00285212,0.00284071
Gram_error_fro,4.0,1,14,2,0.0,0.07008206,0.05290761,0.04595784,0.04083703,0.03615025,0.03190421,0.02812028,0.02477235,0.02181813,0.0192139,0.01691911,0.01489738,0.0131164,0.01154762,0.01016583,0.00894877,0.00787686
Gram_error_fro,6.0,1,14,2,0.0,0.09642271,0.09743544,0.09262305,0.0874007,0.0817977,0.0760605,0.0704136,0.06499446,0.05987651,0.05509335,0.05065442,0.0465546,0.04278022,0.03931289,0.03613197,0.03321613,0.03054428
Gram_error_fro,0.0,1,14,6,0.0,0.0,0.0,0.0,0.0,0.0,0.0,0.0,0.0,0.0,0.0,0.0,0.0,0.0,0.0,0.0,0.0,0.0
Gram_error_fro,2.0,1,14,6,0.0,0.05577656,0.05365256,0.04692397,0.0396328,0.03276442,0.02670891,0.02158467,0.01736341,0.01394765,0.01121623,0.00904837,0.00733494,0.00598253,0.00491392,0.00406673,0.00339152,0.00284957
Gram_error_fro,2.0,1,14,6,0.0,0.03125759,0.02579383,0.02227555,0.01918911,0.01649577,0.01417202,0.01217565,0.0104632,0.00899558,0.00773856,0.00666233,0.00574088,0.00495169,0.00427531,0.0036951,0.00319686,0.00276851
Gram_error_fro,2.0,1,14,6,0.0,0.04048423,0.03303202,0.02699486,0.02192269,0.01758649,0.01398384,0.01107377,0.00876637,0.00695544,0.00554044,0.00443548,0.00357094,0.00289206,0.00235642,0.00193146,0.00159226,0.00131981
Gram_error_fro,2.0,1,14,6,0.0,0.06597285,0.05557308,0.04303109,0.03379824,0.02712498,0.02213735,0.01828621,0.01523942,0.01278669,0.01078697,0.00914072,0.00777498,0.00663472,0.00567756,0.00487037,0.0041869,0.00360613
Gram_error_fro,2.0,1,14,6,0.0,0.02388219,0.0216584,0.01870967,0.0156096,0.01279261,0.01039051,0.0084095,0.00680772,0.00552807,0.00451284,0.00370978,0.00307419,0.00256922,0.00216528,0.00183915,0.00157294,0.00135309
Gram_error_fro,4.0,1,14,6,0.0,0.05968196,0.05099343,0.04371383,0.03689265,0.03066785,0.02521551,0.02059289,0.01676526,0.01364789,0.01113693,0.00912793,0.00752545,0.00624703,0.0052241,0.00440115,0.00373418,0.00318888
Gram_error_fro,2.0,1,14,6,0.0,0.07598367,0.07149632,0.05879592,0.04743934,0.03848246,0.03155434,0.02616017,0.02190525,0.01850243,0.01574573,0.01348624,0.01161482,0.01005032,0.00873156,0.00761184,0.00665505,0.00583294
Gram_error_fro,2.0,1,14,6,0.0,0.0898834,0.07841237,0.0621205,0.04868853,0.03825798,0.030214,0.02399905,0.01917981,0.0154271,0.01249146,0.01018355,0.00835926,0.00690869,0.00574787,0.00481252,0.00405341,0.00343279
Gram_error_fro,2.0,1,14,6,0.0,0.05544862,0.04807403,0.03693928,0.02835365,0.02231416,0.01804235,0.01490033,0.01248413,0.01055726,0.00898107,0.00767034,0.00656887,0.00563694,0.00484483,0.00416934,0.00359185,0.00309717
Gram_error_fro,4.0,1,14,6,0.0,0.08391413,0.06721118,0.0524724,0.04189612,0.03390395,0.02759254,0.02252876,0.01846186,0.01520708,0.01261058,0.01054101,0.00888792,0.0075606,0.00648637,0.00560822,0.00488225,0.00427506
Gram_error_fro,4.0,1,14,6,0.0,0.08464432,0.06590145,0.050696,0.04008397,0.03215791,0.02594308,0.02098224,0.01701532,0.01385525,0.01134885,0.00936634,0.00779854,0.0065553,0.00556383,0.00476647,0.00411841,0.00358537
Gram_error_fro,2.0,1,14,6,0.0,0.09643315,0.06978571,0.04669426,0.03179606,0.02244353,0.01642995,0.0124007,0.00957911,0.00752504,0.00598403,0.00480267,0.00388335,0.00316039,0.00258745,0.00213058,0.00176427,0.00146899
Gram_error_fro,2.0,1,14,6,0.0,0.0626415,0.05640603,0.04701972,0.03850355,0.03128926,0.02530393,0.02040079,0.016427,0.01323564,0.01069088,0.00867168,0.00707373,0.00580956,0.0048075,0.00400986,0.00337099,0.0028552
Gram_error_fro,4.0,1,14,6,0.0,0.06730827,0.05252219,0.0396059,0.03093238,0.02494806,0.02056255,0.01719185,0.01451944,0.01235769,0.01058413,0.00911291,0.00788115,0.0068416,0.00595811,0.00520271,0.00455347,0.00399299
Gram_error_fro,4.0,1,14,6,0.0,0.08083705,0.07211584,0.06170283,0.05299927,0.04551301,0.03899289,0.03334089,0.02848347,0.02434019,0.02082477,0.01785165,0.0153409,0.0132209,0.01142913,0.00991208,0.00862449,0.00752844
Gram_error_fro,0.0,1,14,5,0.0,0.0,0.0,0.0,0.0,0.0,0.0,0.0,0.0,0.0,0.0,0.0,0.0,0.0,0.0,0.0,0.0,0.0
Gram_error_fro,2.0,1,14,5,0.0,0.05424257,0.03209682,0.0188006,0.01168764,0.0076332,0.00518888,0.00365651,0.00266395,0.00199955,0.00153933,0.00120962,0.00096601,0.00078119,0.00063787,0.00052475,0.00043418,0.00036083
Gram_error_fro,0.0,1,14,5,0.0,0.06370485,0.0587532,0.04646156,0.0353132,0.02659148,0.02003791,0.01515989,0.01152467,0.00880229,0.00675143,0.00519743,0.00401368,0.00310779,0.00241178,0.00187521,0.0014604,0.00113893
Gram_error_fro,2.0,1,14,5,0.0,0.02877315,0.02113463,0.01592837,0.01261608,0.01026603,0.00844839,0.00698502,0.00579112,0.00481382,0.00401258,0.00335408,0.00281087,0.0023608,0.0019862,0.00167312,0.00141054,0.00118972
Gram_error_fro,2.0,1,14,5,0.0,0.02472572,0.02141868,0.01797998,0.01520368,0.01291556,0.01095385,0.00926017,0.00781083,0.0065836,0.00555197,0.00468766,0.00396382,0.00335669,0.00284623,0.00241588,0.00205217,0.0017441
Gram_error_fro,2.0,1,14,5,0.0,0.04249663,0.03587925,0.02696431,0.02005591,0.01512184,0.01159778,0.00902458,0.00710199,0.00564028,0.00451565,0.00364306,0.00296146,0.00242568,0.00200177,0.001664,0.00139279,0.00117327
Gram_error_fro,2.0,1,14,5,0.0,0.08903406,0.06339006,0.0424465,0.02862695,0.01964808,0.01374545,0.00978648,0.00707135,0.00516986,0.00381428,0.00283405,0.00211741,0.00158903,0.0011969,0.00090439,0.00068528,0.00052056
Gram_error_fro,0.0,1,14,5,0.0,0.0,0.0,0.0,0.0,0.0,0.0,0.0,0.0,0.0,0.0,0.0,0.0,0.0,0.0,0.0,0.0,0.0
Gram_error_fro,4.0,1,14,5,0.0,0.04183532,0.03623252,0.02807204,0.02171948,0.01732432,0.01427236,0.01204999,0.01034781,0.00899283,0.00788475,0.00696057,0.00617771,0.00550588,0.00492297,0.00441253,0.0039622,0.00356254
Gram_error_fro,4.0,1,14,5,0.0,0.07836736,0.06412777,0.05186723,0.04235003,0.03475347,0.02864329,0.02372239,0.01975555,0.0165504,0.01395021,0.01182885,0.01008616,0.00864352,0.00743976,0.00642749,0.00557009,0.00483915
Gram_error_fro,2.0,1,14,5,0.0,0.0477008,0.05366137,0.05023038,0.04410808,0.03767099,0.03177441,0.026677,0.02239315,0.01884194,0.01591363,0.01349923,0.01150232,0.00984244,0.0084545,0.00728678,0.00629851,0.00545754
Gram_error_fro,4.0,1,14,5,0.0,0.10158664,0.09090371,0.07419202,0.05896754,0.04653904,0.03675547,0.02914686,0.02324587,0.01866245,0.0150889,0.01228791,0.01007834,0.00832268,0.0069168,0.00578199,0.00485865,0.00410157
Gram_error_fro,4.0,1,14,5,0.0,0.07751712,0.05892013,0.03944112,0.02649054,0.01839903,0.01330267,0.00999299,0.00776456,0.00621252,0.00509868,0.00427666,0.00365272,0.00316521,0.00277315,0.00244927,0.00217545,0.00193959
Gram_error_fro,4.0,1,14,5,0.0,0.08059485,0.06587307,0.05153652,0.04086152,0.03272135,0.02632225,0.02122825,0.01716834,0.01394187,0.01138488,0.00936006,0.00775354,0.00647282,0.00544441,0.00461108,0.00392899,0.00336491
Gram_error_fro,4.0,1,14,5,0.0,0.07490069,0.05237334,0.03463928,0.02348358,0.01695857,0.01326534,0.0111109,0.00971488,0.00867755,0.00781739,0.00705777,0.00636759,0.00573438,0.00515276,0.00461986,0.0041334,0.00369109
Gram_error_fro,2.0,1,14,5,0.0,0.04032852,0.03519377,0.02784939,0.0220689,0.01792785,0.01492667,0.01265418,0.01085861,0.00939517,0.00817739,0.00714946,0.00627258,0.00551835,0.00486526,0.00429668,0.00379947,0.00336317
Gram_error_fro,0.0,1,14,3,0.0,0.0,0.0,0.0,0.0,0.0,0.0,0.0,0.0,0.0,0.0,0.0,0.0,0.0,0.0,0.0,0.0,0.0
Gram_error_fro,2.0,2,14,3,0.0,0.02330633,0.01487553,0.01238005,0.01139724,0.0110051,0.01088042,0.01088768,0.01096407,0.01107703,0.01120812,0.01134634,0.011485,0.01162005,0.01174912,0.01187086,0.01198465,0.01209025
Gram_error_fro,2.0,1,14,3,0.0,0.02969018,0.01787633,0.01146218,0.00833394,0.00677834,0.00586619,0.00520865,0.00466283,0.00417859,0.00373862,0.0033368,0.00297054,0.00263812,0.00233784,0.0020678,0.00182594,0.00161006
Gram_error_fro,2.0,1,14,3,0.0,0.069912,0.06370027,0.05164251,0.04096816,0.03238837,0.02564848,0.02038405,0.01627007,0.01304434,0.0105031,0.00849055,0.00688818,0.00560589,0.00457494,0.00374262,0.00306821,0.00252007
Gram_error_fro,2.0,1,14,3,0.0,0.02969018,0.01804869,0.01346799,0.01103383,0.00930608,0.00796645,0.00688406,0.0059853,0.00522528,0.00457481,0.00401367,0.00352695,0.00310314,0.00273304,0.00240913,0.00212514,0.00187577
Gram_error_fro,2.0,1,14,3,0.0,0.04499792,0.02645312,0.01939652,0.01555792,0.01285415,0.01074313,0.00903637,0.00763832,0.0064852,0.00552893,0.00473176,0.00406382,0.00350133,0.00302535,0.00262078,0.00227545,0.00197959
Gram_error_fro,4.0,1,14,3,0.0,0.04833299,0.03047672,0.02128594,0.01591681,0.0121656,0.00941536,0.00738389,0.00587838,0.00475573,0.00391025,0.00326484,0.00276393,0.00236787,0.00204858,0.00178628,0.00156706,0.0013811
Gram_error_fro,2.0,2,14,3,0.0,0.03623563,0.02385145,0.01712644,0.01351747,0.01156913,0.01056132,0.01010907,0.00998378,0.0100445,0.01020516,0.0104143,0.01064178,0.01087035,0.01109043,0.01129701,0.01148779,0.01166207
Gram_error_fro,4.0,2,14,3,0.0,0.04265286,0.02878182,0.02185077,0.01782002,0.01518132,0.01338427,0.0121725,0.01139448,0.01094067,0.01072281,0.01066907,0.01072327,0.01084366,0.01100074,0.01117453,0.01135204,0.01152516
Gram_error_fro,2.0,1,14,3,0.0,0.05201819,0.02732374,0.01828447,0.01391388,0.01120328,0.00927009,0.00778778,0.00660598,0.00564176,0.00484308,0.00417437,0.00360992,0.0031304,0.00272093,0.00236978,0.00206754,0.00180661
Gram_error_fro,4.0,1,14,3,0.0,0.03165966,0.02280687,0.01947714,0.01746669,0.01591594,0.01459491,0.01341644,0.01234239,0.01135385,0.0104401,0.00959419,0.00881098,0.00808628,0.00741636,0.00679776,0.00622717,0.00570142
Gram_error_fro,4.0,1,14,3,0.0,0.01647072,0.01565717,0.01532961,0.01417829,0.01280215,0.01142174,0.01011992,0.00892939,0.00785982,0.00690932,0.00607026,0.00533256,0.0046855,0.00411859,0.00362211,0.00318726,0.00280623
Gram_error_fro,2.0,1,14,3,0.0,0.07807225,0.05572773,0.04288555,0.03468294,0.02833862,0.02320677,0.01904182,0.01566239,0.01291613,0.01067807,0.00884796,0.00734625,0.00610993,0.005089,0.00424368,0.00354208,0.00295861
Gram_error_fro,4.0,1,14,3,0.0,0.05695083,0.03701122,0.0263526,0.02022684,0.01617224,0.0132376,0.01099603,0.00922487,0.00779378,0.00661953,0.00564532,0.00483044,0.00414454,0.00356435,0.00307161,0.00265175,0.00229297
Gram_error_fro,6.0,1,14,3,0.0,0.03661668,0.02632419,0.02345832,0.02079621,0.01828222,0.01599227,0.01394706,0.01214095,0.01055687,0.00917355,0.00796892,0.00692182,0.00601276,0.00522413,0.00454029,0.00394742,0.00343343
Gram_error_fro,4.0,1,14,3,0.0,0.0461388,0.0234301,0.01585729,0.01220086,0.00986428,0.00815268,0.00681658,0.0057395,0.00485544,0.00412169,0.00350821,0.0029926,0.00255756,0.00218936,0.00187695,0.00161132,0.00138503
Gram_error_fro,0.0,1,14,5,0.0,0.0,0.0,0.0,0.0,0.0,0.0,0.0,0.0,0.0,0.0,0.0,0.0,0.0,0.0,0.0,0.0,0.0
Gram_error_fro,2.0,1,14,5,0.0,0.02889883,0.02245168,0.01825462,0.01555984,0.01367315,0.01218892,0.01091328,0.00976721,0.00872258,0.00777005,0.00690549,0.00612514,0.00542442,0.00479792,0.00423973,0.0037438,0.00330419
Gram_error_fro,2.0,1,14,5,0.0,0.06661649,0.04409466,0.02715845,0.01730925,0.01174298,0.00848726,0.00646419,0.00511928,0.00416815,0.00346099,0.00291505,0.00248178,0.00213084,0.00184211,0.00160161,0.00139924,0.00122749
Gram_error_fro,2.0,1,14,5,0.0,0.0167215,0.01368362,0.01176672,0.01082989,0.01033994,0.00990278,0.00937777,0.00875832,0.00808036,0.00738284,0.00669578,0.00603897,0.00542394,0.00485631,0.00433784,0.00386781,0.00344408
Gram_error_fro,2.0,1,14,5,0.0,0.0702526,0.05798043,0.04674184,0.03786114,0.03069371,0.02492201,0.02032147,0.01668638,0.01382693,0.01157664,0.00979655,0.00837521,0.00722609,0.00628371,0.0054994,0.00483742,0.00427168
Gram_error_fro,2.0,1,14,5,0.0,0.07266327,0.05776113,0.04516797,0.03647346,0.02975967,0.02432422,0.01992333,0.01639734,0.01359519,0.01137447,0.00960977,0.00819706,0.00705376,0.0061164,0.00533734,0.00468127,0.00412219
Gram_error_fro,2.0,1,14,5,0.0,0.04727302,0.03445226,0.02518123,0.01974633,0.01624701,0.01379592,0.01197577,0.01055998,0.00941482,0.0084585,0.00763981,0.00692589,0.00629496,0.00573204,0.0052264,0.00477002,0.00435667
Gram_error_fro,4.0,1,14,5,0.0,0.05525934,0.04142564,0.02973606,0.02221888,0.01723741,0.0137568,0.01124966,0.00941042,0.00803397,0.00697569,0.00613518,0.00544516,0.00486181,0.00435705,0.0039129,0.00351766,0.00316341
Gram_error_fro,2.0,1,14,5,0.0,0.05474785,0.0417489,0.02947435,0.02084368,0.01499424,0.01100482,0.00823257,0.00626335,0.00483479,0.00377931,0.00298766,0.00238668,0.00192602,0.00157008,0.00129308,0.00107604,0.00090472
Gram_error_fro,4.0,1,14,5,0.0,0.07614953,0.05977582,0.04492439,0.03467182,0.02760966,0.02251333,0.01865996,0.01564298,0.01322327,0.01124976,0.00962038,0.00826246,0.00712222,0.00615881,0.00534048,0.00464223,0.00404409
Gram_error_fro,4.0,1,14,5,0.0,0.07338995,0.07206301,0.06323622,0.05391416,0.04538452,0.03799085,0.03176798,0.02661511,0.02238131,0.01890975,0.01605805,0.01370541,0.0117532,0.0101227,0.00875181,0.0075918,0.00660438
Gram_error_fro,4.0,2,14,5,0.0,0.08182671,0.05859526,0.0396749,0.02879832,0.02292864,0.01981557,0.0182133,0.01744722,0.0171424,0.0170876,0.01716398,0.01730515,0.01747432,0.01765142,0.0178257,0.01799169,0.01814684
Gram_error_fro,4.0,1,14,5,0.0,0.06111213,0.0497525,0.03835202,0.03025741,0.02438674,0.01993077,0.01644356,0.01366536,0.01142743,0.00961024,0.00812466,0.00690256,0.00589114,0.00504921,0.00434443,0.0037513,0.00324962
Gram_error_fro,4.0,1,14,5,0.0,0.07001529,0.05497953,0.04116669,0.03114482,0.02420017,0.01931361,0.01575288,0.01306752,0.01098497,0.00933394,0.00800132,0.00690919,0.00600222,0.00524023,0.00459354,0.00403995,0.00356255
Gram_error_fro,4.0,1,14,5,0.0,0.10780805,0.08901621,0.06956815,0.05488514,0.04390445,0.03562891,0.02933212,0.02448662,0.02070963,0.01772386,0.01532854,0.01337809,0.01176662,0.01041676,0.00927166,0.00828918,0.00743782
Gram_error_fro,4.0,1,14,5,0.0,0.08289097,0.05496263,0.03604809,0.02540233,0.01922361,0.01534946,0.01270524,0.01076134,0.00924873,0.00802394,0.00700561,0.00614412,0.00540681,0.00477066,0.00421851,0.00373701,0.0033155
Gram_error_fro,0.0,1,14,6,0.0,0.0,0.0,0.0,0.0,0.0,0.0,0.0,0.0,0.0,0.0,0.0,0.0,0.0,0.0,0.0,0.0,0.0
Gram_error_fro,2.0,1,14,6,0.0,0.04208061,0.03457563,0.02797261,0.02228896,0.01767788,0.01408799,0.01135423,0.00928919,0.00772445,0.00652427,0.00558622,0.00483649,0.00422345,0.00371158,0.00327656,0.00290163,0.00257503
Gram_error_fro,2.0,1,14,6,0.0,0.05247533,0.04289622,0.03222594,0.02491489,0.02016006,0.01686238,0.0143588,0.01232903,0.01062671,0.00917932,0.00794325,0.00688652,0.0059827,0.00520903,0.00454584,0.0039762,0.00348574
Gram_error_fro,2.0,1,14,6,0.0,0.04542238,0.04347007,0.03802462,0.03259857,0.02770943,0.02345751,0.01982805,0.01676098,0.0141819,0.01201716,0.01020018,0.00867343,0.00738836,0.00630453,0.00538845,0.00461248,0.0039538
Gram_error_fro,2.0,1,14,6,0.0,0.04637184,0.03909656,0.03158237,0.02500237,0.01958586,0.01532273,0.01206317,0.00961128,0.00777823,0.00640391,0.00536214,0.00455826,0.00392397,0.00341136,0.00298751,0.00262998,0.0023235
Gram_error_fro,2.0,2,14,6,0.0,0.03962253,0.03210591,0.02623354,0.02236993,0.01998131,0.01864686,0.01804112,0.01790645,0.01805197,0.0183485,0.01871498,0.01910343,0.0194868,0.01985074,0.02018831,0.02049686,0.02077616
Gram_error_fro,4.0,1,14,6,0.0,0.0545437,0.04873751,0.0406369,0.03320953,0.02702717,0.02207294,0.01816019,0.01507414,0.01262429,0.01065852,0.00906147,0.00774778,0.00665481,0.0057365,0.0049586,0.0042953,0.00372679
Gram_error_fro,4.0,1,14,6,0.0,0.09477764,0.08136539,0.06090321,0.04464096,0.03296163,0.02469539,0.01879897,0.01453527,0.01140721,0.00908033,0.00732685,0.00598909,0.00495603,0.0041484,0.0035089,0.00299583,0.00257862
Gram_error_fro,4.0,1,14,6,0.0,0.07248641,0.05587198,0.04245103,0.03306115,0.02648565,0.02175743,0.01823086,0.01550362,0.01333038,0.01155897,0.01009087,0.00885879,0.00781447,0.00692195,0.0061536,0.00548783,0.00490755
Gram_error_fro,2.0,1,14,6,0.0,0.05899353,0.04486467,0.0303047,0.02090936,0.01533107,0.01199622,0.00986496,0.00836271,0.00720426,0.00625466,0.00544909,0.00475396,0.00414945,0.00362208,0.00316155,0.00275932,0.00240811
Gram_error_fro,4.0,2,14,6,0.0,0.08426333,0.06911936,0.05136531,0.03914075,0.03119199,0.02608176,0.02290037,0.02104128,0.02006186,0.0196389,0.01954941,0.01964886,0.01984795,0.02009332,0.0203538,0.0206117,0.02085733
Gram_error_fro,6.0,1,14,6,0.0,0.07715663,0.05803155,0.04517977,0.03660194,0.03052808,0.02585213,0.02201113,0.01875268,0.01596163,0.01357357,0.01154028,0.00981841,0.00836704,0.00714787,0.00612588,0.00526985,0.00455246
Gram_error_fro,4.0,1,14,6,0.0,0.09366763,0.08025752,0.06041516,0.04503169,0.03428724,0.02694117,0.02186776,0.01826144,0.01559456,0.01353739,0.01188831,0.01052409,0.00936812,0.00837129,0.00750085,0.006734,0.00605412
Gram_error_fro,2.0,1,14,6,0.0,0.10020815,0.08291386,0.05829443,0.04040229,0.02886166,0.02160149,0.01696959,0.01389128,0.01172359,0.01010058,0.00881893,0.0077653,0.00687473,0.0061081,0.0054403,0.00485412,0.00433694
Gram_error_fro,4.0,1,14,6,0.0,0.04894528,0.03709897,0.02670919,0.02029659,0.01645607,0.01403637,0.01237119,0.0111139,0.01009126,0.00921622,0.00844332,0.00774737,0.00711342,0.006532,0.00599666,0.00550275,0.00504667
Gram_error_fro,4.0,2,14,6,0.0,0.06118877,0.04815682,0.03596251,0.02881699,0.02542486,0.02398824,0.02340498,0.02316669,0.02306585,0.02302094,0.02299985,0.02298961,0.0229847,0.02298265,0.02298221,0.02298268,0.02298364
Gram_error_fro,0.0,1,14,5,0.0,0.0,0.0,0.0,0.0,0.0,0.0,0.0,0.0,0.0,0.0,0.0,0.0,0.0,0.0,0.0,0.0,0.0
Gram_error_fro,2.0,1,14,5,0.0,0.03900804,0.02283188,0.01508234,0.01113128,0.00887438,0.0073783,0.00624858,0.00532937,0.00455751,0.00390252,0.00334514,0.00287045,0.0024659,0.00212072,0.00182579,0.0015734,0.00135706
Gram_error_fro,2.0,1,14,5,0.0,0.05445161,0.0597022,0.05464484,0.04707145,0.03947828,0.03270669,0.02697231,0.02224034,0.01838483,0.01525905,0.01272526,0.01066524,0.00898222,0.00759902,0.00645498,0.00550277,0.00470546
Gram_error_fro,2.0,1,14,5,0.0,0.03936588,0.03045587,0.02046947,0.01314187,0.00833679,0.00538789,0.00372148,0.00288641,0.00250802,0.0023212,0.00219043,0.00206495,0.00193183,0.00179149,0.00164795,0.00150539,0.00136713
Gram_error_fro,2.0,1,14,5,0.0,0.05053492,0.03148237,0.01935023,0.01268237,0.00888471,0.0065851,0.00509252,0.00405802,0.00330148,0.00272545,0.00227369,0.0019115,0.00161622,0.00137232,0.00116884,0.00099773,0.00085301
Gram_error_fro,2.0,1,14,5,0.0,0.03769992,0.03167474,0.02665267,0.02292744,0.01989426,0.01728715,0.01501543,0.01303998,0.01133051,0.0098563,0.00858647,0.00749195,0.00654679,0.00572861,0.0050185,0.00440067,0.00386194
Gram_error_fro,4.0,1,14,5,0.0,0.09116889,0.06969245,0.05154355,0.03987116,0.03188934,0.02597219,0.02136957,0.01770881,0.01476783,0.01239116,0.01046021,0.00888179,0.00758245,0.00650463,0.00560353,0.00484441,0.00420042
Gram_error_fro,4.0,1,14,5,0.0,0.06470183,0.05848325,0.05170059,0.0445167,0.03758603,0.03139273,0.0261013,0.02169173,0.01806435,0.01509667,0.01267021,0.01068127,0.00904366,0.00768789,0.00655881,0.00561299,0.00481635
Gram_error_fro,4.0,1,14,5,0.0,0.0738407,0.0511959,0.03678504,0.03030926,0.02699413,0.02465506,0.02261184,0.02070394,0.01891295,0.01724816,0.01571706,0.01432047,0.01305368,0.01190863,0.01087557,0.00994422,0.00910446
Gram_error_fro,4.0,1,14,5,0.0,0.07152801,0.07011554,0.05869215,0.04711695,0.03750218,0.02994552,0.02408991,0.01954821,0.0160013,0.0132059,0.01098115,0.00919332,0.00774326,0.00655693,0.00557864,0.00476603,0.00408663
Gram_error_fro,4.0,1,14,5,0.0,0.06796985,0.05716621,0.04560559,0.03625037,0.02909548,0.02362358,0.01936455,0.01598586,0.01326456,0.01104866,0.00923033,0.00772986,0.00648642,0.00545253,0.0045905,0.00387009,0.00326682
Gram_error_fro,6.0,1,14,5,0.0,0.08456535,0.05953771,0.03959263,0.02716896,0.01948886,0.01467956,0.01160696,0.00957025,0.00814182,0.00707144,0.00621878,0.00550697,0.00489392,0.0043559,0.00387879,0.00345345,0.0030734
Gram_error_fro,4.0,1,14,5,0.0,0.07756165,0.06610407,0.05582307,0.0467917,0.03881868,0.03201687,0.02637243,0.0217634,0.01802764,0.01500428,0.01255185,0.01055318,0.00891451,0.00756214,0.00643865,0.00549944,0.00470979
Gram_error_fro,4.0,1,14,5,0.0,0.11378955,0.08719741,0.06749335,0.05481855,0.04566825,0.03853535,0.03277873,0.02805957,0.02415644,0.02090621,0.01818246,0.01588556,0.01393646,0.01227229,0.01084297,0.00960846,0.00853666
Gram_error_fro,6.0,1,14,5,0.0,0.07844507,0.05894843,0.04467687,0.03738092,0.03398626,0.03221865,0.03097942,0.02985358,0.0287151,0.02754215,0.02634537,0.0251424,0.02394958,0.02277986,0.02164267,0.02054449,0.01948943
Gram_error_fro,4.0,1,14,5,0.0,0.07600506,0.06932191,0.05878027,0.04930716,0.04135445,0.03477132,0.02934636,0.02488007,0.02119671,0.01814719,0.01560875,0.01348243,0.01168959,0.0101682,0.00886941,0.00775466,0.00679334
Gram_error_fro,0.0,1,14,3,0.0,0.0,0.0,0.0,0.0,0.0,0.0,0.0,0.0,0.0,0.0,0.0,0.0,0.0,0.0,0.0,0.0,0.0
Gram_error_fro,2.0,1,14,3,0.0,0.00947927,0.00611984,0.00361827,0.00229648,0.00168504,0.00144165,0.00135181,0.00130629,0.00126282,0.00120974,0.00114676,0.00107699,0.00100394,0.00093056,0.00085898,0.00079062,0.00072631
Gram_error_fro,2.0,1,14,3,0.0,0.01231814,0.00676116,0.00253184,0.00093237,0.00257714,0.00382877,0.00461021,0.00503499,0.00520198,0.00518806,0.00505079,0.00483245,0.00456376,0.00426685,0.00395751,0.00364687,0.00334267
Gram_error_fro,2.0,1,14,3,0.0,0.06149203,0.05749964,0.04907683,0.0417575,0.03577599,0.03087985,0.02683486,0.02346068,0.02062018,0.01820852,0.01614484,0.01436627,0.01282354,0.01147759,0.01029723,0.00925728,0.00833726
Gram_error_fro,2.0,1,14,3,0.0,0.03659109,0.0292034,0.0245126,0.02096419,0.01802418,0.01553273,0.01340318,0.01157562,0.01000422,0.00865173,0.00748684,0.00648291,0.0056171,0.00486989,0.00422456,0.00366679,0.00318436
Gram_error_fro,2.0,1,14,3,0.0,0.0,0.0,0.00084541,0.00158059,0.00209552,0.00241677,0.00259046,0.00265721,0.00264851,0.00258789,0.00249267,0.00237551,0.00224554,0.00210934,0.00197155,0.00183539,0.00170309
Gram_error_fro,4.0,1,14,3,0.0,0.07039559,0.03746372,0.02268508,0.01620302,0.01272341,0.01047269,0.00884295,0.00759063,0.00659802,0.00579814,0.0051478,0.00461639,0.00418066,0.00382205,0.00352532,0.00327781,0.00306907
Gram_error_fro,4.0,1,14,3,0.0,0.01258775,0.01410585,0.01809106,0.02027635,0.02131708,0.02161542,0.0213974,0.02082868,0.02003452,0.01910607,0.01810737,0.01708227,0.01606014,0.01506022,0.01409469,0.01317093,0.01229298
Gram_error_fro,4.0,1,14,3,0.0,0.05080981,0.02688087,0.01956398,0.01644887,0.01447832,0.01289333,0.01150633,0.0102652,0.0091492,0.00814563,0.00724441,0.00643652,0.00571366,0.005068,0.0044922,0.00397944,0.00352338
Gram_error_fro,4.0,1,14,3,0.0,0.04475989,0.02938551,0.02251736,0.01838952,0.01543211,0.01315071,0.01132523,0.0098302,0.00858403,0.00753041,0.00662926,0.00585139,0.0051751,0.00458386,0.00406476,0.00360749,0.00320369
Gram_error_fro,2.0,1,14,3,0.0,0.04172572,0.03016092,0.02188339,0.01643995,0.01258007,0.00973413,0.00759642,0.00597202,0.00472601,0.00376201,0.00301014,0.00241925,0.00195165,0.00157928,0.0012811,0.00104116,0.00084731
Gram_error_fro,6.0,1,14,3,0.0,0.07244291,0.03352729,0.01885562,0.01419782,0.01250819,0.01154936,0.01073842,0.00994644,0.00915884,0.00838638,0.00764209,0.00693581,0.00627369,0.00565884,0.00509213,0.00457289,0.0040994
Gram_error_fro,2.0,1,14,3,0.0,0.06153594,0.05725491,0.05008023,0.04393509,0.03855026,0.0337962,0.02962899,0.02600238,0.02285966,0.02014097,0.01778905,0.015752,0.0139842,0.01244628,0.01110458,0.00993058,0.00890013
Gram_error_fro,4.0,1,14,3,0.0,0.06930406,0.05616425,0.04527393,0.03666542,0.02997361,0.0247378,0.02058843,0.01725719,0.0145518,0.01233287,0.01049754,0.00896852,0.00768679,0.00660658,0.00569195,0.00491434,0.00425085
Gram_error_fro,6.0,1,14,3,0.0,0.02212553,0.01575036,0.01240741,0.00956071,0.00730516,0.00583737,0.00500481,0.00454362,0.00424935,0.00401205,0.00378581,0.00355635,0.00332244,0.00308728,0.0028549,0.00262885,0.00241185
Gram_error_fro,4.0,1,14,3,0.0,0.04788945,0.02827387,0.02003579,0.01520935,0.0119641,0.00977241,0.00830567,0.00730567,0.00658348,0.00601692,0.00553549,0.0051022,0.0046994,0.00431957,0.00396009,0.00362048,0.00330097
Gram_error_fro,0.0,1,14,6,0.0,0.0,0.0,0.0,0.0,0.0,0.0,0.0,0.0,0.0,0.0,0.0,0.0,0.0,0.0,0.0,0.0,0.0
Gram_error_fro,2.0,1,14,6,0.0,0.03302465,0.01967995,0.01364886,0.01072521,0.00899167,0.00776652,0.00679475,0.00597415,0.00526048,0.00463228,0.00407721,0.00358667,0.00315368,0.00277212,0.00243637,0.00214132,0.00188229
Gram_error_fro,2.0,1,14,6,0.0,0.06725753,0.06020637,0.04991774,0.04048521,0.03247881,0.025958,0.02077478,0.01670944,0.0135403,0.01107236,0.00914496,0.00763047,0.00642986,0.00546756,0.00468666,0.00404472,0.00351032
Gram_error_fro,2.0,1,14,6,0.0,0.06197251,0.05619669,0.04788654,0.0398763,0.03280106,0.02684504,0.02197384,0.0180553,0.01492833,0.01243762,0.01044817,0.00884916,0.00755283,0.00649124,0.0056126,0.00487773,0.00425708
Gram_error_fro,2.0,1,14,6,0.0,0.035563,0.02700736,0.02112229,0.01735477,0.01469661,0.01264944,0.01097925,0.00956996,0.00835976,0.00731225,0.00640301,0.00561344,0.00492801,0.00433319,0.00381696,0.00336871,0.00297908
Gram_error_fro,2.0,1,14,6,0.0,0.05920764,0.05127271,0.03866879,0.02782136,0.01959443,0.0136596,0.00947798,0.00656716,0.0045545,0.00316853,0.00221679,0.00156474,0.00111891,0.0008145,0.00060654,0.00046384,0.00036478
Gram_error_fro,4.0,1,14,6,0.0,0.08471515,0.07274001,0.05966025,0.04891541,0.04008835,0.03290891,0.02714597,0.02256014,0.01892059,0.01602352,0.01370017,0.01181695,0.01027123,0.00898578,0.00790311,0.00698061,0.00618664
Gram_error_fro,4.0,1,14,6,0.0,0.09444141,0.08456977,0.06809396,0.05403431,0.04302191,0.03452452,0.02796309,0.02287204,0.01889622,0.01576699,0.0132814,0.01128638,0.00966684,0.00833655,0.00723107,0.00630226,0.00551408
Gram_error_fro,4.0,2,14,6,0.0,0.07600575,0.06527204,0.05433884,0.04565977,0.03886712,0.03371155,0.02996146,0.02735233,0.02560967,0.02448516,0.02377933,0.02334616,0.02308576,0.02293285,0.022846,0.02279945,0.0227773
Gram_error_fro,4.0,1,14,6,0.0,0.09409838,0.07590907,0.05821143,0.0454219,0.03597143,0.02873473,0.02308123,0.01862744,0.01510882,0.01232582,0.01012153,0.00837098,0.00697485,0.00585479,0.00494962,0.00421192,0.00360527
Gram_error_fro,4.0,1,14,6,0.0,0.07832394,0.06600241,0.05530239,0.04770446,0.04163981,0.0364969,0.03205819,0.02821624,0.02489179,0.02201502,0.01952295,0.01735981,0.01547727,0.01383405,0.01239526,0.01113149,0.01001799
Gram_error_fro,2.0,1,14,6,0.0,0.05969697,0.05609753,0.04621874,0.03667487,0.02893412,0.02298196,0.01845719,0.01499604,0.01231241,0.01019895,0.00850955,0.0071415,0.00602176,0.00509734,0.0043289,0.0036866,0.00314729
Gram_error_fro,2.0,1,14,6,0.0,0.07354598,0.05273944,0.03848928,0.02931232,0.02303923,0.01854649,0.01519674,0.01261252,0.01056573,0.00891375,0.00756279,0.00644765,0.00552068,0.00474576,0.00409474,0.00354531,0.00307962
Gram_error_fro,2.0,1,14,6,0.0,0.04187541,0.03355299,0.02395201,0.01706397,0.0125705,0.00965327,0.00769206,0.00631105,0.00529827,0.00453267,0.00394046,0.00347293,0.00309604,0.00278536,0.00252335,0.00229754,0.00209922
Gram_error_fro,4.0,1,14,6,0.0,0.05889184,0.0486537,0.0382081,0.03034203,0.02456037,0.02025542,0.01696224,0.01436846,0.01227411,0.01055078,0.00911326,0.00790226,0.00687461,0.00599759,0.00524566,0.00459845,0.00403945
Gram_error_fro,4.0,1,14,6,0.0,0.07151262,0.05073877,0.03255273,0.02116936,0.01418917,0.0097865,0.0069211,0.00501468,0.00373521,0.00288045,0.00231672,0.00194813,0.00170375,0.00153328,0.00140406,0.00129692,0.00120159
Gram_error_fro,0.0,1,14,3,0.0,0.0,0.0,0.0,0.0,0.0,0.0,0.0,0.0,0.0,0.0,0.0,0.0,0.0,0.0,0.0,0.0,0.0
Gram_error_fro,2.0,1,14,3,0.0,0.0530103,0.04363002,0.03409874,0.02648899,0.02063411,0.01617045,0.01276153,0.01013995,0.00810554,0.00651212,0.00525359,0.00425258,0.00345191,0.00280877,0.00229052,0.00187196,0.00153335
Gram_error_fro,2.0,1,14,3,0.0,0.01297934,0.008474,0.0055059,0.00362949,0.0024926,0.00179477,0.00134553,0.00103947,0.00082105,0.00066028,0.00053969,0.00044814,0.00037795,0.00032357,0.00028086,0.00024674,0.00021891
Gram_error_fro,2.0,1,14,3,0.0,0.01857475,0.01226217,0.00890669,0.0069838,0.00570821,0.00478037,0.00407021,0.00350666,0.00304588,0.00265991,0.0023306,0.00204595,0.00179773,0.00158007,0.00138855,0.00121972,0.00107077
Gram_error_fro,2.0,1,14,3,0.0,0.01330305,0.00886037,0.006959,0.0056995,0.00479508,0.00409934,0.003534,0.00306016,0.00265758,0.00231404,0.00202074,0.00177049,0.00155702,0.00137473,0.00121868,0.00108454,0.0009686
Gram_error_fro,2.0,1,14,3,0.0,0.02661631,0.01736072,0.01507628,0.01463247,0.01450887,0.01433325,0.01405615,0.01369376,0.01326857,0.01279923,0.01230022,0.01178286,0.01125614,0.01072721,0.01020173,0.00968417,0.00917799
Gram_error_fro,4.0,1,14,3,0.0,0.06739609,0.05350439,0.04275953,0.03463639,0.02821052,0.02306143,0.0189178,0.01557043,0.01285432,0.01064052,0.00882868,0.00734052,0.00611452,0.00510193,0.00426376,0.00356864,0.00299116
Gram_error_fro,4.0,1,14,3,0.0,0.06194968,0.07059716,0.06850001,0.06333591,0.05744935,0.05163637,0.04619807,0.04124448,0.03679899,0.03284293,0.02933804,0.02623863,0.02349824,0.02107306,0.01892348,0.01701454,0.01531581
Gram_error_fro,4.0,1,14,3,0.0,0.01701063,0.01042368,0.00641057,0.00510726,0.00557753,0.00632317,0.00681351,0.00700354,0.00695703,0.00674617,0.00642981,0.00605141,0.00564164,0.00522159,0.00480537,0.00440222,0.00401792
Gram_error_fro,4.0,1,14,3,0.0,0.03504604,0.01143998,0.00442947,0.00160707,0.000751,0.00121626,0.00154419,0.00166387,0.00165495,0.00157493,0.00145907,0.0013282,0.00119437,0.00106445,0.00094217,0.00082941,0.00072689
Gram_error_fro,4.0,1,14,3,0.0,0.03089159,0.02070316,0.01617236,0.01413227,0.01316662,0.01261723,0.0121389,0.01159817,0.01097263,0.01028258,0.00955798,0.00882575,0.00810631,0.00741373,0.00675687,0.00614079,0.00556776
Gram_error_fro,6.0,1,14,3,0.0,0.08991377,0.07221405,0.06144413,0.05458046,0.04928555,0.04479435,0.04083252,0.03727836,0.03406479,0.03114751,0.02849324,0.02607481,0.02386905,0.02185569,0.02001675,0.01833621,0.01679968
Gram_error_fro,4.0,1,14,3,0.0,0.0325516,0.01779769,0.01290643,0.01045999,0.00907828,0.0081954,0.00750941,0.00689008,0.00629613,0.00572222,0.0051737,0.00465689,0.00417617,0.0037336,0.00332941,0.00296254,0.00263116
Gram_error_fro,4.0,1,14,3,0.0,0.06664522,0.07091849,0.06787174,0.06246402,0.05650819,0.05065201,0.04515676,0.04012893,0.03559965,0.03155976,0.02797886,0.02481651,0.02202907,0.0195736,0.01740999,0.01550193,0.01381717
Gram_error_fro,4.0,1,14,3,0.0,0.06538372,0.044419,0.03325238,0.02715418,0.02338168,0.02080508,0.01889768,0.01738653,0.0161218,0.01501899,0.01402962,0.01312535,0.01228921,0.01151064,0.01078273,0.01010069,0.00946094
Gram_error_fro,4.0,1,14,3,0.0,0.0616085,0.07067881,0.06861027,0.06327309,0.05711495,0.05100264,0.04527711,0.04006889,0.0354106,0.03128618,0.02765602,0.02447087,0.02167954,0.01923306,0.01708672,0.01520082,0.01354067
Gram_error_fro,0.0,1,14,4,0.0,0.0,0.0,0.0,0.0,0.0,0.0,0.0,0.0,0.0,0.0,0.0,0.0,0.0,0.0,0.0,0.0,0.0
Gram_error_fro,2.0,1,14,4,0.0,0.01839402,0.01065266,0.00861439,0.007529,0.0066498,0.0058977,0.00524908,0.00468514,0.00419082,0.00375468,0.00336804,0.00302416,0.00271758,0.00244377,0.00219888,0.00197958,0.001783
Gram_error_fro,2.0,2,14,4,0.0,0.02158138,0.01204772,0.01043917,0.0102997,0.010451,0.01069216,0.01096672,0.01125351,0.0115433,0.01183127,0.01211434,0.01239029,0.01265737,0.01291431,0.01316014,0.01339425,0.01361626
Gram_error_fro,2.0,1,14,4,0.0,0.05590719,0.05186463,0.04468089,0.03861168,0.03355432,0.02925718,0.02557859,0.02242131,0.01970459,0.01735915,0.01532653,0.01355824,0.01201433,0.01066188,0.00947365,0.00842701,0.00750297
Gram_error_fro,2.0,1,14,4,0.0,0.05687753,0.03742451,0.02639584,0.02026027,0.01660295,0.01420995,0.01247386,0.01109995,0.00994783,0.00894917,0.00806814,0.00728358,0.00658124,0.00595042,0.00538253,0.00487039,0.00440788
Gram_error_fro,2.0,1,14,4,0.0,0.04557514,0.04217141,0.03429171,0.02770751,0.02261843,0.01864054,0.01547903,0.01293512,0.01086828,0.00917499,0.00777738,0.00661617,0.00564578,0.00483071,0.00414307,0.0035607,0.0030658
Gram_error_fro,2.0,1,14,4,0.0,0.02343581,0.01392021,0.0106062,0.00843965,0.00685434,0.00565945,0.00473153,0.00399112,0.00338843,0.00289114,0.00247697,0.00212958,0.00183654,0.00158808,0.00137648,0.00119552,0.00104019
Gram_error_fro,4.0,1,14,4,0.0,0.05821672,0.04283736,0.03285758,0.02609075,0.02133512,0.0177959,0.01502248,0.01277486,0.01091844,0.00936854,0.00806563,0.00696471,0.00603046,0.00523458,0.00455417,0.00397053,0.00346836
Gram_error_fro,2.0,1,14,4,0.0,0.05705159,0.05156972,0.0432427,0.03666548,0.03158778,0.02750823,0.02413209,0.02128529,0.0188524,0.01675118,0.01492104,0.01331633,0.01190186,0.01064992,0.00953818,0.00854838,0.0076653
Gram_error_fro,4.0,1,14,4,0.0,0.08797627,0.0712018,0.05562665,0.04477263,0.03686068,0.03076628,0.02593477,0.02204515,0.01887741,0.01626942,0.01409965,0.01227676,0.01073183,0.00941238,0.00827802,0.00729724,0.00644515
Gram_error_fro,4.0,1,14,4,0.0,0.08525429,0.0644848,0.04699046,0.0351699,0.0271518,0.02145847,0.01724423,0.01403525,0.01154605,0.00958963,0.00803587,0.00679073,0.00578468,0.00496548,0.00429344,0.00373809,0.00327583
Gram_error_fro,6.0,1,14,4,0.0,0.08934574,0.07187204,0.05869124,0.04924883,0.04194367,0.0360395,0.03116754,0.02709553,0.02365703,0.0207277,0.01821337,0.01604178,0.01415661,0.01251323,0.01107569,0.00981459,0.00870564
Gram_error_fro,4.0,1,14,4,0.0,0.06358152,0.05139464,0.04231055,0.0359844,0.03101468,0.02688537,0.02339879,0.02043954,0.0179172,0.01575653,0.01389569,0.0122846,0.010883,0.00965842,0.00858451,0.00763973,0.00680627
Gram_error_fro,2.0,1,14,4,0.0,0.04480687,0.0353371,0.02827256,0.02343356,0.01983961,0.0169846,0.01462934,0.0126506,0.01097356,0.00954527,0.00832456,0.00727803,0.00637815,0.00560204,0.00493068,0.00434823,0.00384146
Gram_error_fro,6.0,2,14,4,0.0,0.11494681,0.07932788,0.05861823,0.04733354,0.03969255,0.03361636,0.02849294,0.02414158,0.02049278,0.0175043,0.0151408,0.01336553,0.01213141,0.01137255,0.01100324,0.01092775,0.01105519
Gram_error_fro,4.0,1,14,4,0.0,0.07432141,0.0636864,0.05359434,0.0453484,0.03844876,0.03266133,0.02782412,0.02378703,0.02041233,0.017581,0.01519445,0.0131729,0.01145233,0.00998146,0.00871899,0.00763149,0.00669167
Gram_error_fro,0.0,1,14,3,0.0,0.0,0.0,0.0,0.0,0.0,0.0,0.0,0.0,0.0,0.0,0.0,0.0,0.0,0.0,0.0,0.0,0.0
Gram_error_fro,0.0,1,14,3,0.0,0.0,0.0,0.0,0.0,0.0,0.0,0.0,0.0,0.0,0.0,0.0,0.0,0.0,0.0,0.0,0.0,0.0
Gram_error_fro,2.0,1,14,3,0.0,0.00299181,0.00072928,0.00046689,0.00045126,0.00045731,0.00045276,0.00043645,0.0004127,0.00038515,0.00035615,0.00032714,0.00029893,0.000272,0.00024662,0.00022292,0.00020093,0.00018066
Gram_error_fro,2.0,1,14,3,0.0,0.02105438,0.01006781,0.00699585,0.00554669,0.00454294,0.00377355,0.00317023,0.00269293,0.00231197,0.0020045,0.001753,0.00154433,0.00136869,0.00121882,0.00108937,0.00097638,0.00087686
Gram_error_fro,2.0,1,14,3,0.0,0.01814793,0.01306152,0.01017904,0.00808816,0.00653861,0.00536502,0.00445773,0.00374383,0.00317315,0.0027103,0.00232986,0.00201344,0.00174751,0.00152202,0.00132938,0.00116377,0.00102064
Gram_error_fro,2.0,1,14,3,0.0,0.05866197,0.05166435,0.04833645,0.04481918,0.04097778,0.03707557,0.03330683,0.02978474,0.02656453,0.0236633,0.02107472,0.01877916,0.01675048,0.01496038,0.01338091,0.01198599,0.01075205
Gram_error_fro,2.0,1,14,3,0.0,0.02035603,0.01413657,0.01103882,0.00889082,0.00734118,0.00618399,0.00529095,0.00458231,0.00400687,0.00353056,0.00313006,0.00278892,0.00249526,0.00224022,0.00201709,0.00182062,0.00164667
Gram_error_fro,4.0,1,14,3,0.0,0.06925604,0.05038047,0.03969694,0.03210534,0.02614102,0.02135107,0.01749103,0.01437701,0.01185996,0.0098193,0.00815865,0.00680165,0.0056881,0.00477054,0.0040115,0.0033813,0.00285633
Gram_error_fro,4.0,1,14,3,0.0,0.04043656,0.02473939,0.01874014,0.01468469,0.0116262,0.00928095,0.00747709,0.00608513,0.00500488,0.00415987,0.00349255,0.00296,0.0025303,0.00217974,0.00189064,0.00164972,0.001447
Gram_error_fro,2.0,1,14,3,0.0,0.05869771,0.05171445,0.04840022,0.04488385,0.04104264,0.03714355,0.03338027,0.02986434,0.02664947,0.02375192,0.02116503,0.01886925,0.01683872,0.01504548,0.01346198,0.01206243,0.01082355
Gram_error_fro,2.0,1,14,3,0.0,0.05603448,0.04263654,0.03387008,0.02754939,0.0226279,0.0187,0.01553901,0.01298377,0.01090875,0.00921434,0.0078219,0.00666991,0.00571054,0.00490658,0.00422908,0.00365533,0.00316734
Gram_error_fro,4.0,1,14,3,0.0,0.06457443,0.05809368,0.04899899,0.04064947,0.0336346,0.02787996,0.02318679,0.01935647,0.01621911,0.01363698,0.01150095,0.00972525,0.00824248,0.00699943,0.00595381,0.00507174,0.00432583
Gram_error_fro,4.0,1,14,3,0.0,0.03349958,0.02108623,0.01562155,0.01209335,0.00951864,0.00755797,0.00603927,0.00485369,0.0039236,0.00319081,0.00261089,0.00214976,0.00178128,0.00148532,0.00124638,0.00105244,0.00089419
Gram_error_fro,4.0,1,14,3,0.0,0.07647019,0.06512117,0.05165509,0.04033512,0.03141063,0.02450053,0.01918298,0.01509818,0.01195985,0.00954644,0.0076884,0.00625631,0.00515116,0.00429675,0.00363408,0.00311728,0.00271071
Gram_error_fro,4.0,1,14,3,0.0,0.06574487,0.04806474,0.03628709,0.02780822,0.02145105,0.01663459,0.01296909,0.01016694,0.00801348,0.00634907,0.00505521,0.00404378,0.00324903,0.00262159,0.00212416,0.00172835,0.00141238
Gram_error_fro,2.0,1,14,3,0.0,0.09221287,0.07281616,0.05659882,0.04451121,0.03530034,0.02819726,0.02268424,0.01837841,0.01499099,0.01230489,0.01015764,0.00842762,0.00702349,0.00587617,0.00493302,0.00415353,0.00350625
Gram_error_fro,0.0,1,14,2,0.0,0.0,0.0,0.0,0.0,0.0,0.0,0.0,0.0,0.0,0.0,0.0,0.0,0.0,0.0,0.0,0.0,0.0
Gram_error_fro,2.0,1,14,2,0.0,0.03523859,0.03824337,0.03646204,0.03339891,0.03008903,0.02688721,0.02392752,0.02125419,0.01887004,0.01675862,0.01489527,0.01325296,0.01180524,0.01052775,0.00939871,0.00839907,0.00751232
Gram_error_fro,2.0,1,14,2,0.0,0.03251418,0.03571054,0.03424074,0.03172688,0.02895118,0.02618225,0.02354747,0.02110721,0.01888404,0.01687914,0.01508219,0.01347732,0.01204661,0.01077206,0.00963661,0.00862463,0.00772209
Gram_error_fro,2.0,1,14,2,0.0,0.00659368,0.00230132,0.00142649,0.00120066,0.00108585,0.00097762,0.00086545,0.00075556,0.00065335,0.00056137,0.00048021,0.00040947,0.00034831,0.00029573,0.00025071,0.00021231,0.00017963
Gram_error_fro,2.0,1,14,2,0.0,0.0039418,0.00145893,0.0013391,0.00157038,0.00163252,0.00159861,0.00151591,0.00140765,0.0012874,0.00116383,0.00104257,0.00092712,0.00081949,0.00072067,0.00063103,0.00055045,0.00047856
Gram_error_fro,2.0,1,14,2,0.0,0.02174599,0.00852487,0.00311188,0.00229726,0.00352918,0.00449724,0.00507731,0.00536784,0.00545727,0.00541033,0.00527262,0.00507596,0.00484251,0.00458777,0.0043226,0.00405465,0.00378928
Gram_error_fro,2.0,1,14,2,0.0,0.02324932,0.02054732,0.01708683,0.01396556,0.01143672,0.00942741,0.00782632,0.0065382,0.00549011,0.00462796,0.00391202,0.0033129,0.00280857,0.00238222,0.00202077,0.00171377,0.00145277
Gram_error_fro,4.0,1,14,2,0.0,0.06379519,0.03457969,0.02508297,0.02036219,0.01704812,0.01440483,0.01221485,0.01037886,0.00883249,0.00752669,0.00642195,0.00548579,0.00469137,0.00401635,0.0034421,0.00295303,0.00253605
Gram_error_fro,2.0,1,14,2,0.0,0.03448791,0.01910827,0.01203601,0.00917338,0.00744376,0.00609375,0.00500261,0.00412947,0.00343399,0.00287731,0.00242693,0.00205785,0.00175166,0.00149496,0.00127797,0.00109342,0.0009358
Gram_error_fro,4.0,1,14,2,0.0,0.05821847,0.0248233,0.01929278,0.01925718,0.01962603,0.01967041,0.01937878,0.01883892,0.01813352,0.01732577,0.01646135,0.01557257,0.01468196,0.0138051,0.0129525,0.0121311,0.01134527
Gram_error_fro,2.0,1,14,2,0.0,0.01860227,0.01517825,0.01126542,0.00837216,0.00628991,0.00478146,0.00367788,0.0028629,0.00225586,0.00179994,0.0014545,0.00119014,0.00098544,0.00082476,0.00069673,0.00059309,0.00050792
Gram_error_fro,4.0,1,14,2,0.0,0.1090217,0.07863357,0.05945464,0.04631464,0.03653249,0.02904334,0.02325031,0.01873931,0.0152035,0.01241284,0.01019484,0.00841997,0.00699052,0.00583234,0.00488871,0.00411587,0.0034798
Gram_error_fro,4.0,1,14,2,0.0,0.02699157,0.01784791,0.0161014,0.01472082,0.01323654,0.01174246,0.01032157,0.00901904,0.00785194,0.00682078,0.00591761,0.0051308,0.00444765,0.00385571,0.00334343,0.00290037,0.00251725
Gram_error_fro,4.0,1,14,2,0.0,0.07716431,0.06646521,0.05659184,0.0483176,0.04129696,0.03535592,0.03034463,0.02611975,0.02255134,0.01952762,0.01695536,0.01475815,0.01287374,0.01125148,0.00985007,0.00863566,0.00758037
Gram_error_fro,4.0,1,14,2,0.0,0.0159979,0.01255035,0.01170289,0.01036475,0.00892177,0.0075652,0.0063618,0.00532501,0.00444546,0.00370543,0.00308554,0.00256756,0.00213537,0.0017751,0.00147501,0.00122519,0.00101735
Gram_error_fro,4.0,1,14,2,0.0,0.03135441,0.0237513,0.01809645,0.01472258,0.01272738,0.01134987,0.01023984,0.00926252,0.00837,0.00754641,0.00678682,0.0060893,0.00545213,0.00487299,0.00434889,0.00387632,0.0034515
Gram_error_fro,0.0,1,14,3,0.0,0.0,0.0,0.0,0.0,0.0,0.0,0.0,0.0,0.0,0.0,0.0,0.0,0.0,0.0,0.0,0.0,0.0
Gram_error_fro,2.0,1,14,3,0.0,0.05650907,0.05784442,0.05526161,0.05269834,0.05016133,0.04759789,0.04502269,0.04246183,0.03993945,0.03747658,0.03509085,0.03279618,0.0306027,0.02851695,0.02654242,0.02468009,0.02292897
Gram_error_fro,2.0,1,14,3,0.0,0.05650081,0.05026151,0.04222809,0.03592831,0.03098015,0.02696202,0.02363878,0.0208611,0.01851869,0.01652579,0.01481546,0.01333556,0.01204549,0.01091342,0.00991422,0.00902775,0.00823776
Gram_error_fro,2.0,1,14,3,0.0,0.06044143,0.05682423,0.0515145,0.04777268,0.0448,0.0421564,0.03969446,0.03736202,0.03513645,0.03300722,0.03097012,0.02902413,0.02716949,0.02540652,0.02373508,0.02215433,0.02066266
Gram_error_fro,2.0,1,14,3,0.0,0.05613587,0.05712592,0.05453196,0.05195534,0.0494091,0.04685425,0.04430668,0.0417883,0.03931803,0.03691235,0.03458544,0.0323488,0.03021092,0.02817735,0.02625099,0.02443256,0.02272103
Gram_error_fro,2.0,1,14,3,0.0,0.12167722,0.07115339,0.04217696,0.03029151,0.02549056,0.02290086,0.02099771,0.01938523,0.01795525,0.01666782,0.01550055,0.01443721,0.01346482,0.01257273,0.01175204,0.0109952,0.0102958
Gram_error_fro,4.0,1,14,3,0.0,0.06322168,0.04455158,0.03769312,0.03516225,0.03368036,0.03234924,0.03096301,0.029502,0.02799263,0.02646732,0.02495368,0.0234725,0.02203841,0.02066106,0.01934632,0.01809728,0.01691501
Gram_error_fro,4.0,1,14,3,0.0,0.04714523,0.04735879,0.04314695,0.03891571,0.03501733,0.03144094,0.02816869,0.02518444,0.02247107,0.02001104,0.01778687,0.01578135,0.0139777,0.01235959,0.01091138,0.0096182,0.00846605
Gram_error_fro,2.0,1,14,3,0.0,0.08977821,0.07912909,0.06960789,0.06069771,0.05250181,0.04533598,0.03926417,0.03418236,0.02993178,0.02635739,0.02332811,0.02073935,0.01850939,0.01657462,0.01488522,0.01340181,0.01209291
Gram_error_fro,2.0,1,14,3,0.0,0.10238252,0.06185087,0.03066616,0.01468538,0.0074075,0.00442816,0.0033327,0.00288893,0.00263145,0.00243162,0.00225819,0.00210294,0.00196276,0.00183566,0.00172,0.00161432,0.00151738
Gram_error_fro,4.0,1,14,3,0.0,0.05672829,0.05817937,0.0557232,0.05324423,0.05075635,0.04822007,0.04565841,0.04310166,0.04057619,0.03810446,0.03570522,0.03339332,0.03117968,0.02907155,0.02707301,0.02518556,0.02340864
Gram_error_fro,2.0,1,14,3,0.0,0.07967067,0.07862974,0.07288264,0.06775366,0.06303447,0.05859037,0.05440629,0.0504794,0.04680139,0.04336137,0.04014826,0.03715137,0.03436021,0.03176428,0.02935302,0.02711583,0.02504218
Gram_error_fro,4.0,1,14,3,0.0,0.08776363,0.0728618,0.06006434,0.05177462,0.04578467,0.04095037,0.03683103,0.03324319,0.03008815,0.02729833,0.02482109,0.02261336,0.02063921,0.01886846,0.01727558,0.01583889,0.01453987
Gram_error_fro,2.0,1,14,3,0.0,0.00439909,0.00293652,0.00344245,0.00404791,0.00454483,0.00491554,0.00517744,0.00534952,0.00544731,0.00548343,0.00546839,0.00541129,0.00531999,0.00520139,0.00506141,0.00490518,0.00473704
Gram_error_fro,4.0,1,14,3,0.0,0.04705344,0.04770722,0.04430073,0.04109648,0.03824747,0.03565053,0.03324588,0.03100038,0.02889401,0.02691449,0.02505406,0.02330731,0.02166979,0.02013725,0.0187053,0.01736929,0.0161244
Gram_error_fro,4.0,1,14,3,0.0,0.09412654,0.08116882,0.06902333,0.06024584,0.053309,0.0475413,0.04265926,0.03848551,0.03488268,0.03174179,0.02897787,0.02652538,0.02433374,0.02236357,0.02058377,0.01896939,0.0175001
Gram_error_fro,0.0,1,14,2,0.0,0.0,0.0,0.0,0.0,0.0,0.0,0.0,0.0,0.0,0.0,0.0,0.0,0.0,0.0,0.0,0.0,0.0
Gram_error_fro,2.0,1,14,2,0.0,0.04253434,0.04393188,0.03876637,0.03286437,0.02756254,0.02306619,0.0193225,0.01622321,0.01365815,0.01153039,0.00975922,0.00827912,0.00703749,0.00599216,0.00510931,0.00436163,0.00372698
Gram_error_fro,2.0,1,14,2,0.0,0.06277458,0.04598457,0.03562306,0.02903218,0.02409677,0.02023146,0.01718776,0.01477431,0.01283293,0.01124237,0.00991493,0.00878882,0.00782059,0.0069792,0.00624196,0.00559182,0.00501562
Gram_error_fro,2.0,1,14,2,0.0,0.07773477,0.09775941,0.10287433,0.10282905,0.10030831,0.09639673,0.09168939,0.08656817,0.08129059,0.07603024,0.07090147,0.06597661,0.06129836,0.05688891,0.05275637,0.04889947,0.04531083
Gram_error_fro,2.0,1,14,2,0.0,0.07895498,0.09958616,0.10508779,0.10502748,0.10232733,0.09819891,0.09328314,0.08797582,0.08253738,0.07714046,0.07189709,0.0668768,0.06211946,0.05764456,0.05345784,0.04955595,0.04592971
Gram_error_fro,2.0,1,14,2,0.0,0.09895382,0.07415656,0.06723111,0.06424056,0.06141934,0.05829293,0.05492688,0.05144893,0.04796808,0.04456369,0.04128883,0.0381762,0.03524355,0.03249823,0.02994044,0.02756577,0.02536688
Gram_error_fro,2.0,1,14,2,0.0,0.0613889,0.05777546,0.05024739,0.04252095,0.03552455,0.02952296,0.02450392,0.02035348,0.01693467,0.01411874,0.01179509,0.00987251,0.00827707,0.0069493,0.0058414,0.00491481,0.00413835
Gram_error_fro,2.0,1,14,2,0.0,0.07286727,0.06140874,0.04887424,0.03863375,0.03062537,0.02441439,0.01959148,0.01582768,0.01287035,0.01052886,0.0086604,0.007158,0.00594129,0.00494949,0.00413629,0.00346606,0.00291117
Gram_error_fro,2.0,1,14,2,0.0,0.04550611,0.04671554,0.04060332,0.03413305,0.02847114,0.02372832,0.01980845,0.0165806,0.01392087,0.01172302,0.00989972,0.00838058,0.00710943,0.0060415,0.00514109,0.00437958,0.00373387
Gram_error_fro,4.0,1,14,2,0.0,0.02162803,0.013822,0.00844381,0.00478279,0.00236338,0.00140828,0.00185681,0.00243835,0.00281265,0.00299438,0.00303503,0.00297993,0.00286325,0.00270937,0.00253522,0.00235233,0.00216838
Gram_error_fro,4.0,1,14,2,0.0,0.06460403,0.0586984,0.05058332,0.04302318,0.03635325,0.03062698,0.02578506,0.02172076,0.01831772,0.0154678,0.01307743,0.01106839,0.00937624,0.00794821,0.00674104,0.00571916,0.00485321
Gram_error_fro,2.0,1,14,2,0.0,0.00258055,0.00090817,0.00056873,0.00110698,0.00145535,0.00164252,0.00173103,0.00175278,0.00172557,0.00166283,0.00157596,0.00147438,0.00136542,0.00125445,0.00114519,0.0010401,0.00094067
Gram_error_fro,4.0,1,14,2,0.0,0.01604811,0.01466249,0.01377917,0.01226287,0.01073091,0.0093423,0.00811694,0.00704443,0.00610947,0.0052969,0.0045924,0.00398265,0.00345542,0.0029997,0.00260568,0.0022648,0.00196961
Gram_error_fro,6.0,1,14,2,0.0,0.04031738,0.0436587,0.03841962,0.03232605,0.02693398,0.02246792,0.01883055,0.0158665,0.01343446,0.01142167,0.00974187,0.00832962,0.00713502,0.00611956,0.00525304,0.00451147,0.00387547
Gram_error_fro,4.0,1,14,2,0.0,0.0266557,0.01552673,0.00952825,0.00609612,0.00408936,0.00298939,0.00246833,0.00226039,0.00218122,0.00213889,0.00209904,0.00205214,0.00199714,0.00193514,0.00186744,0.00179513,0.00171909
Gram_error_fro,2.0,1,14,2,0.0,0.01984219,0.01341205,0.00833262,0.00528299,0.00380125,0.00332236,0.00321883,0.00314761,0.0030176,0.00283133,0.00261138,0.00237847,0.00214713,0.00192621,0.00172047,0.00153197,0.00136111
Gram_error_fro,0.0,1,14,4,0.0,0.0,0.0,0.0,0.0,0.0,0.0,0.0,0.0,0.0,0.0,0.0,0.0,0.0,0.0,0.0,0.0,0.0
Gram_error_fro,2.0,1,14,4,0.0,0.05372918,0.05007447,0.04215696,0.03466307,0.02835586,0.02322244,0.01908806,0.01576289,0.01308097,0.01090759,0.00913655,0.00768515,0.00648906,0.00549814,0.00467314,0.00398314,0.00340363
Gram_error_fro,2.0,1,14,4,0.0,0.01234911,0.00674666,0.00491167,0.00407106,0.0035975,0.00327571,0.00302269,0.00280662,0.00261337,0.00243525,0.00226771,0.00210806,0.00195491,0.00180775,0.00166654,0.00153155,0.00140312
Gram_error_fro,2.0,1,14,4,0.0,0.05829321,0.05279299,0.0439919,0.03612414,0.02960179,0.02430899,0.02003886,0.01659134,0.01379782,0.01152326,0.00966161,0.00813008,0.00686396,0.00581247,0.00493552,0.0042013,0.00358437
Gram_error_fro,2.0,1,14,4,0.0,0.05068551,0.03651382,0.0266318,0.01984091,0.01498132,0.01143016,0.00880537,0.00684821,0.00537658,0.00426063,0.00340717,0.00274896,0.00223714,0.00183591,0.00151883,0.00126624,0.00106336
Gram_error_fro,2.0,1,14,4,0.0,0.05567673,0.04268424,0.0306743,0.02218002,0.01622311,0.01201661,0.00902767,0.0068882,0.00534105,0.00420707,0.00336231,0.00272169,0.00222704,0.00183856,0.0015288,0.00127859,0.0010743
Gram_error_fro,4.0,1,14,4,0.0,0.07882119,0.0664428,0.05232786,0.04111443,0.03247643,0.02583006,0.02069257,0.01669444,0.01355898,0.01108044,0.00910591,0.00752125,0.00624076,0.00519952,0.004348,0.00364801,0.00306988
Gram_error_fro,2.0,1,14,4,0.0,0.03896725,0.0352189,0.02863605,0.02284335,0.01827555,0.01475233,0.01203117,0.00991052,0.00823835,0.00690317,0.00582387,0.0049414,0.00421243,0.00360489,0.00309471,0.00266358,0.00229734
Gram_error_fro,4.0,1,14,4,0.0,0.05082463,0.05172168,0.04458591,0.03634008,0.02914724,0.02335077,0.01879079,0.01521777,0.01240631,0.01017761,0.00839604,0.00696021,0.00579432,0.00484132,0.00405783,0.0034105,0.00287339
Gram_error_fro,4.0,1,14,4,0.0,0.0582625,0.0503418,0.04110212,0.03277471,0.02604025,0.02078823,0.01672384,0.01356811,0.01109917,0.00914972,0.00759567,0.00634525,0.00533026,0.00449966,0.00381492,0.00324664,0.00277221
Gram_error_fro,4.0,1,14,4,0.0,0.08361553,0.07397337,0.05932138,0.04702781,0.03742814,0.02999805,0.0242292,0.01972535,0.01618735,0.01338958,0.01116126,0.00937274,0.00792539,0.00674413,0.00577171,0.00496439,0.00428873
Gram_error_fro,4.0,1,14,4,0.0,0.05966698,0.05777083,0.04925419,0.04050463,0.03301953,0.02692833,0.02204401,0.0181358,0.01499893,0.01246777,0.01041283,0.0087341,0.00735446,0.00621428,0.00526717,0.00447676,0.00381437
Gram_error_fro,4.0,1,14,4,0.0,0.09055838,0.07297549,0.05630185,0.04313593,0.03321244,0.02581742,0.02029439,0.0161359,0.0129711,0.01053404,0.00863476,0.00713712,0.0059429,0.00498063,0.00419777,0.00355528,0.00302386
Gram_error_fro,2.0,2,14,4,0.0,0.02802867,0.01978116,0.01594484,0.0136891,0.01235168,0.01165806,0.01141905,0.0114805,0.01172214,0.01205883,0.01243534,0.01281816,0.0131882,0.01353537,0.013855,0.01414561,0.01440756
Gram_error_fro,4.0,1,14,4,0.0,0.0400415,0.02576079,0.01843322,0.01433338,0.0117506,0.00992817,0.00852879,0.00739613,0.00645077,0.00564721,0.00495629,0.00435767,0.00383624,0.0033803,0.00298051,0.00262925,0.00232015
Gram_error_fro,4.0,1,14,4,0.0,0.08252304,0.07088932,0.05640977,0.04480226,0.03588363,0.02901149,0.02366498,0.01946421,0.01613295,0.01346783,0.01131735,0.0095676,0.00813226,0.00694557,0.00595713,0.00512808,0.00442826
Gram_error_fro,0.0,1,14,2,0.0,0.0,0.0,0.0,0.0,0.0,0.0,0.0,0.0,0.0,0.0,0.0,0.0,0.0,0.0,0.0,0.0,0.0
Gram_error_fro,0.0,1,14,2,0.0,0.0,0.0,0.0,0.0,0.0,0.0,0.0,0.0,0.0,0.0,0.0,0.0,0.0,0.0,0.0,0.0,0.0
Gram_error_fro,2.0,1,14,2,0.0,0.02892299,0.00508782,0.00143173,0.00078059,0.00058679,0.00050871,0.00046653,0.00043381,0.00040243,0.00037057,0.00033841,0.00030664,0.00027594,0.00024681,0.00021962,0.00019456,0.0001717
Gram_error_fro,2.0,1,14,2,0.0,0.01540475,0.0057042,0.003521,0.00279051,0.00247657,0.00231019,0.00220223,0.00211566,0.0020336,0.0019489,0.00185937,0.00176523,0.00166774,0.0015685,0.00146906,0.00137081,0.00127487
Gram_error_fro,2.0,1,14,2,0.0,0.02326022,0.01233582,0.00850071,0.00654456,0.00528855,0.00438448,0.00369472,0.00315041,0.00271097,0.00235002,0.00204941,0.00179617,0.00158074,0.00139597,0.00123636,0.00109767,0.00097651
Gram_error_fro,2.0,1,14,2,0.0,0.02256038,0.01079996,0.00775818,0.00640364,0.00550863,0.00480481,0.00421502,0.00370938,0.00327167,0.00289076,0.00255804,0.00226655,0.00201056,0.00178527,0.00158662,0.00141119,0.00125602
Gram_error_fro,2.0,2,14,2,0.0,0.03251386,0.01982297,0.01633062,0.0147993,0.01387199,0.01320384,0.0126815,0.01225697,0.0119047,0.0116087,0.01135796,0.01114434,0.01096162,0.01080487,0.01067011,0.0105541,0.01045411
Gram_error_fro,2.0,1,14,2,0.0,0.03060589,0.01508051,0.01090155,0.00893694,0.00760617,0.00655459,0.00567664,0.00492917,0.00428761,0.00373453,0.00325631,0.00284184,0.00248192,0.00216887,0.0018962,0.00165844,0.00145091
Gram_error_fro,4.0,1,14,2,0.0,0.06059222,0.03955678,0.03163121,0.02702699,0.02355386,0.02066066,0.01817137,0.01600734,0.0141187,0.01246682,0.01101947,0.00974926,0.00863274,0.00764985,0.00678339,0.00601859,0.00534274
Gram_error_fro,2.0,1,14,2,0.0,0.01234082,0.00818701,0.00624386,0.00506126,0.00422028,0.00357571,0.00305858,0.00263214,0.00227478,0.00197231,0.00171461,0.00149399,0.0013044,0.00114096,0.00099967,0.00087724,0.00077091
Gram_error_fro,2.0,1,14,2,0.0,0.02334251,0.01240579,0.00853978,0.00659,0.00534869,0.00445396,0.00376655,0.00321974,0.00277515,0.00240792,0.00210075,0.0018411,0.00161966,0.00142936,0.00126474,0.00112154,0.00099638
Gram_error_fro,4.0,2,14,2,0.0,0.03532231,0.0078935,0.00722715,0.00747634,0.00763756,0.00781699,0.0080125,0.00820954,0.00839833,0.00857373,0.00873348,0.00887702,0.00900472,0.00911748,0.00921645,0.0093029,0.00937811
Gram_error_fro,4.0,1,14,2,0.0,0.04760348,0.03245027,0.02745971,0.02394883,0.02108507,0.01866975,0.01660297,0.0148189,0.01326855,0.01191356,0.01072321,0.00967263,0.00874147,0.00791301,0.00717339,0.00651104,0.00591627
Gram_error_fro,4.0,1,14,2,0.0,0.01828722,0.01191858,0.00964032,0.00842008,0.00757986,0.00689661,0.00629508,0.00574938,0.00524925,0.00478941,0.0043663,0.0039771,0.00361936,0.00329086,0.00298956,0.00271354,0.002461
Gram_error_fro,4.0,1,14,2,0.0,0.02336616,0.01354345,0.01005326,0.00815014,0.00690378,0.0059866,0.00525921,0.00465626,0.0041434,0.00370017,0.00331302,0.00297226,0.00267059,0.0024023,0.00216284,0.00194851,0.00175625
Gram_error_fro,2.0,1,14,2,0.0,0.02853796,0.00463215,0.0010174,0.00052323,0.00033811,0.00028054,0.00030715,0.00034892,0.0003793,0.0003947,0.00039737,0.00039046,0.00037678,0.00035859,0.00033762,0.00031517,0.00029218
Gram_error_fro,0.0,1,14,2,0.0,0.0,0.0,0.0,0.0,0.0,0.0,0.0,0.0,0.0,0.0,0.0,0.0,0.0,0.0,0.0,0.0,0.0
Gram_error_fro,2.0,1,14,2,0.0,0.02646494,0.01372831,0.009169,0.00687927,0.00537778,0.00427248,0.00342687,0.00276981,0.00225369,0.00184413,0.00151598,0.00125081,0.00103497,0.00085826,0.00071294,0.00059303,0.00049384
Gram_error_fro,2.0,1,14,2,0.0,0.03970814,0.02939895,0.02050331,0.01414378,0.00967366,0.00661232,0.00463361,0.00349393,0.00295557,0.00276141,0.00270561,0.00267692,0.00263195,0.00255989,0.00246261,0.00234594,0.00221619
Gram_error_fro,2.0,1,14,2,0.0,0.06132336,0.05680722,0.04980541,0.04331968,0.03759357,0.03261106,0.02830557,0.02459724,0.02140646,0.0186596,0.0162914,0.0142454,0.0124736,0.01093554,0.00959726,0.0084303,0.00741076
Gram_error_fro,2.0,1,14,2,0.0,0.03987695,0.03114499,0.02407264,0.01875912,0.01467682,0.01153379,0.0091137,0.00724369,0.00578957,0.0046503,0.00375089,0.0030359,0.00246406,0.00200442,0.00163344,0.00133305,0.00108919
Gram_error_fro,2.0,1,14,2,0.0,0.02691549,0.01562666,0.01168036,0.00910654,0.00710942,0.00558518,0.00443416,0.00356109,0.0028908,0.00236865,0.00195608,0.00162593,0.0013588,0.00114068,0.00096118,0.00081251,0.00068869
Gram_error_fro,4.0,1,14,2,0.0,0.0374357,0.01973478,0.01782046,0.01798316,0.01794771,0.01754751,0.01685064,0.01595017,0.01492856,0.01385015,0.01276166,0.0116952,0.01067175,0.0097041,0.00879923,0.00796014,0.00718705
Gram_error_fro,4.0,1,14,2,0.0,0.07543442,0.06763605,0.05722445,0.04814742,0.0405305,0.03419069,0.02892328,0.0245427,0.02089055,0.01783528,0.01526924,0.01310511,0.01127237,0.00971416,0.00838455,0.00724633,0.00626921
Gram_error_fro,4.0,1,14,2,0.0,0.04457593,0.03157805,0.02353776,0.0179602,0.0138058,0.01066672,0.00829133,0.00649076,0.00512024,0.00407067,0.00326112,0.00263198,0.00213938,0.00175092,0.00144252,0.00119611,0.00099803
Gram_error_fro,4.0,2,14,2,0.0,0.05891199,0.0299686,0.02128706,0.01776423,0.01581392,0.01452729,0.0135993,0.01289603,0.01234619,0.01190709,0.01155127,0.01126,0.01101991,0.0108211,0.01065597,0.01051853,0.01040403
Gram_error_fro,2.0,1,14,2,0.0,0.01992183,0.010679,0.00713071,0.00495977,0.00356873,0.0027198,0.00220863,0.00188119,0.00164446,0.00145211,0.00128409,0.00113262,0.00099494,0.00087004,0.0007574,0.00065653,0.00056683
Gram_error_fro,4.0,1,14,2,0.0,0.0847664,0.05598327,0.04421418,0.03716431,0.03180915,0.02739665,0.02366336,0.02047319,0.01773473,0.01537801,0.0133462,0.0115919,0.0100752,0.00876228,0.00762449,0.00663744,0.00578039
Gram_error_fro,2.0,1,14,2,0.0,0.00087577,0.00020934,0.00043949,0.00110014,0.0016682,0.00203381,0.00221374,0.00225544,0.00220452,0.00209628,0.00195569,0.00179962,0.00163912,0.00148119,0.00133015,0.00118848,0.00105746
Gram_error_fro,4.0,1,14,2,0.0,0.01801001,0.01210823,0.00726084,0.00465535,0.00312585,0.00217236,0.00155294,0.00113747,0.00085172,0.00065141,0.00050898,0.00040655,0.000332,0.00027693,0.00023536,0.00020313,0.00017735
Gram_error_fro,4.0,1,14,2,0.0,0.13819058,0.15390518,0.15087277,0.14339366,0.13466091,0.12562279,0.11667896,0.10804237,0.09983379,0.09211739,0.08492006,0.07824427,0.07207687,0.06639522,0.06117139,0.05637489,0.05197453
Gram_error_fro,4.0,1,14,2,0.0,0.02409957,0.01266552,0.00676296,0.00402469,0.00387452,0.00472266,0.00547676,0.00593959,0.00614151,0.00614654,0.0060127,0.00578538,0.00549841,0.00517642,0.00483712,0.00449311,0.0041532
Gram_error_fro,0.0,1,14,3,0.0,0.0,0.0,0.0,0.0,0.0,0.0,0.0,0.0,0.0,0.0,0.0,0.0,0.0,0.0,0.0,0.0,0.0
Gram_error_fro,2.0,1,14,3,0.0,0.04917306,0.0419661,0.03304834,0.02507022,0.0187378,0.01395953,0.01041805,0.00780101,0.00586077,0.00441461,0.00333076,0.00251447,0.00189724,0.00142914,0.00107347,0.00080302,0.00059745
Gram_error_fro,2.0,1,14,3,0.0,0.05212656,0.04402936,0.03329382,0.02453409,0.0179716,0.01317236,0.00968118,0.00713956,0.00528672,0.00393738,0.00296009,0.00226056,0.00176945,0.0014334,0.00120918,0.00106108,0.00096099
Gram_error_fro,2.0,1,14,3,0.0,0.01925655,0.01261688,0.00955411,0.007512,0.00603367,0.00492812,0.004079,0.00341136,0.00287613,0.00244038,0.00208131,0.0017826,0.00153221,0.00132098,0.00114182,0.00098913,0.00085845
Gram_error_fro,2.0,1,14,3,0.0,0.06185381,0.07066303,0.06901865,0.06434572,0.05882408,0.05323583,0.04790489,0.04296752,0.03847043,0.03441471,0.03077853,0.02752948,0.02463148,0.02204848,0.01974641,0.01769402,0.01586319
Gram_error_fro,2.0,1,14,3,0.0,0.04391686,0.0329342,0.02468398,0.01968302,0.01616452,0.01341844,0.01119682,0.00937817,0.00787965,0.00663791,0.00560357,0.00473799,0.00401082,0.00339801,0.0028803,0.00244214,0.0020708
Gram_error_fro,2.0,1,14,3,0.0,0.08235229,0.0570199,0.03935983,0.02837614,0.02112592,0.01607581,0.01243182,0.00973929,0.00771453,0.00617024,0.00497817,0.00404827,0.00331607,0.00273465,0.00226941,0.00189447,0.0015903
Gram_error_fro,4.0,1,14,3,0.0,0.06691929,0.03488095,0.02004119,0.01344369,0.00987709,0.00756319,0.00590189,0.00465207,0.00369092,0.0029431,0.00235722,0.0018962,0.0015325,0.00124517,0.00101808,0.00083858,0.00069666
Gram_error_fro,2.0,1,14,3,0.0,0.07137807,0.05356502,0.04175566,0.0332427,0.02674544,0.02171012,0.01775897,0.01461866,0.01209413,0.01004545,0.0083703,0.00699219,0.00585282,0.004907,0.00411922,0.0034613,0.00291062
Gram_error_fro,2.0,1,14,3,0.0,0.03153234,0.02812795,0.02352871,0.01944792,0.01610908,0.01340567,0.01120374,0.00939686,0.00790526,0.00666826,0.00563855,0.00477855,0.00405811,0.00345286,0.002943,0.0025124,0.00214786
Gram_error_fro,4.0,1,14,3,0.0,0.06649965,0.04848405,0.03459204,0.02482373,0.01777551,0.0126719,0.00899934,0.00638764,0.00456967,0.00335342,0.00259347,0.00216251,0.00193946,0.00182374,0.00175015,0.00168535,0.00161578
Gram_error_fro,4.0,1,14,3,0.0,0.06589607,0.04946735,0.03704676,0.0288546,0.0232395,0.01923289,0.01626896,0.01400016,0.01220605,0.01074442,0.00952258,0.0084795,0.00757437,0.00677935,0.00607494,0.00544704,0.00488507
Gram_error_fro,4.0,1,14,3,0.0,0.05227229,0.04447806,0.03372257,0.02494537,0.0184715,0.01389226,0.01073015,0.00858033,0.00712668,0.00613213,0.00542729,0.00489856,0.00447467,0.0041135,0.00379139,0.00349562,0.00321973
Gram_error_fro,6.0,1,14,3,0.0,0.0610976,0.03494722,0.02591511,0.02077845,0.01669149,0.01332243,0.01059233,0.00841566,0.00669852,0.00535236,0.00430045,0.00347926,0.00283751,0.00233446,0.00193809,0.00162349,0.00137147
Gram_error_fro,4.0,1,14,3,0.0,0.06109029,0.04178497,0.03033081,0.0229804,0.01808283,0.01469671,0.01223237,0.01034399,0.00883563,0.00759467,0.00655326,0.00566785,0.00490861,0.00425391,0.00368731,0.00319583,0.00276893
Gram_error_fro,2.0,1,14,3,0.0,0.08550725,0.07078488,0.05368038,0.04033526,0.0305613,0.0234744,0.01832067,0.01454591,0.01175392,0.00966256,0.00807118,0.00683765,0.00586181,0.00507355,0.004424,0.00387911,0.00341505
Gram_error_fro,0.0,1,14,4,0.0,0.0,0.0,0.0,0.0,0.0,0.0,0.0,0.0,0.0,0.0,0.0,0.0,0.0,0.0,0.0,0.0,0.0
Gram_error_fro,2.0,1,14,4,0.0,0.02932625,0.01930549,0.01499574,0.01272578,0.01117857,0.00993908,0.00887387,0.00793464,0.00709985,0.00635674,0.00569553,0.00510761,0.00458504,0.00412047,0.00370719,0.00333913,0.00301089
Gram_error_fro,2.0,1,14,4,0.0,0.04486899,0.02354947,0.0149544,0.01138722,0.00947774,0.00822553,0.00730161,0.00657004,0.00596287,0.00544204,0.00498468,0.00457642,0.00420781,0.00387241,0.00356561,0.00328398,0.00302485
Gram_error_fro,2.0,1,14,4,0.0,0.03840132,0.02785958,0.02031921,0.01541162,0.01194701,0.0093798,0.00743859,0.00595681,0.00481768,0.00393523,0.00324547,0.00270093,0.00226645,0.00191606,0.00163051,0.00139548,0.00120025
Gram_error_fro,0.0,1,14,4,0.0,0.0,0.0,0.0,0.0,0.0,0.0,0.0,0.0,0.0,0.0,0.0,0.0,0.0,0.0,0.0,0.0,0.0
Gram_error_fro,2.0,1,14,4,0.0,0.0520053,0.02964795,0.01737718,0.01128335,0.00799183,0.00599303,0.00465052,0.00368431,0.00295936,0.0024023,0.00196818,0.00162672,0.00135609,0.00114005,0.00096622,0.00082516,0.00070965
Gram_error_fro,4.0,1,14,4,0.0,0.02963077,0.02170498,0.01776629,0.01555003,0.01379306,0.01221406,0.01077134,0.00946544,0.00829724,0.00726189,0.00635019,0.00555078,0.00485169,0.00424128,0.0037087,0.00324414,0.00283889
Gram_error_fro,2.0,1,14,4,0.0,0.05301456,0.0358162,0.02605492,0.02065167,0.01725343,0.01487757,0.01309137,0.01167921,0.01052094,0.00954393,0.00870181,0.00796374,0.00730857,0.00672131,0.00619107,0.00570963,0.00527066
Gram_error_fro,2.0,1,14,4,0.0,0.00351921,0.00504515,0.00554471,0.00540608,0.00499666,0.00449656,0.00399554,0.00352948,0.00310946,0.00273648,0.00240767,0.00211888,0.00186568,0.00164383,0.00144947,0.0012791,0.00112967
Gram_error_fro,4.0,1,14,4,0.0,0.07750077,0.06923488,0.0575929,0.04808261,0.04042475,0.03416218,0.02899184,0.02469991,0.02112218,0.01812763,0.01561062,0.01348576,0.01168411,0.01014995,0.00883822,0.00771236,0.00674258
Gram_error_fro,4.0,1,14,4,0.0,0.05614319,0.03277063,0.02126964,0.01559755,0.01212647,0.00966487,0.00780751,0.00637022,0.00524278,0.00434925,0.00363432,0.00305692,0.00258634,0.00219945,0.00187875,0.00161092,0.00138575
Gram_error_fro,4.0,1,14,4,0.0,0.05504432,0.02378744,0.01508297,0.01188995,0.00990633,0.00837487,0.00711964,0.00607369,0.00519747,0.00446138,0.00384138,0.00331757,0.00287351,0.00249566,0.00217293,0.00189626,0.00165822
Gram_error_fro,4.0,1,14,4,0.0,0.07837748,0.03937664,0.02159364,0.01352498,0.00952461,0.00732119,0.00594367,0.00497407,0.00423175,0.00363456,0.00314084,0.00272622,0.00237447,0.00207377,0.00181509,0.00159138,0.00139705
Gram_error_fro,4.0,1,14,4,0.0,0.08026558,0.05895645,0.04314226,0.03211737,0.02421108,0.01844559,0.01418861,0.01101113,0.00861648,0.00679654,0.00540327,0.0043298,0.00349793,0.00284972,0.00234178,0.00194135,0.00162352
Gram_error_fro,4.0,2,14,4,0.0,0.07984847,0.04623313,0.03354448,0.02815793,0.0251715,0.02316856,0.02169111,0.0205563,0.01967026,0.01897379,0.01842469,0.01799109,0.01764833,0.01737715,0.01716245,0.01699239,0.0168577
Gram_error_fro,4.0,1,14,4,0.0,0.07448836,0.04701156,0.03280115,0.02446728,0.01887769,0.01482409,0.01176717,0.00941758,0.00759323,0.00616726,0.00504648,0.00416072,0.00345651,0.00289293,0.00243859,0.0020694,0.00176689
Gram_error_fro,0.0,1,14,2,0.0,0.0,0.0,0.0,0.0,0.0,0.0,0.0,0.0,0.0,0.0,0.0,0.0,0.0,0.0,0.0,0.0,0.0
Gram_error_fro,2.0,1,14,2,0.0,0.00257303,0.00168425,0.00218383,0.00267408,0.002978,0.00311289,0.00312601,0.00305799,0.00293782,0.00278543,0.00261459,0.00243489,0.00225308,0.00207386,0.00190048,0.00173509,0.00157907
Gram_error_fro,2.0,1,14,2,0.0,0.02377183,0.01694184,0.0129854,0.01024502,0.00818854,0.00659722,0.00534498,0.00434877,0.00355028,0.00290676,0.00238599,0.00196314,0.00161884,0.00133785,0.00110805,0.00091976,0.0007652
Gram_error_fro,2.0,1,14,2,0.0,0.02724735,0.01294512,0.00737105,0.00486759,0.00387145,0.0035777,0.00351411,0.00347872,0.00340909,0.00329541,0.00314462,0.00296753,0.00277443,0.00257385,0.00237235,0.00217475,0.00198444
Gram_error_fro,2.0,1,14,2,0.0,0.0083838,0.00355161,0.0024054,0.0021278,0.0020612,0.00203806,0.00201053,0.00196606,0.00190345,0.00182517,0.00173473,0.0016357,0.0015314,0.00142469,0.00131795,0.00121306,0.0011115
Gram_error_fro,2.0,2,14,2,0.0,0.06403576,0.04178087,0.03129562,0.02516394,0.02097006,0.01796776,0.01580067,0.01423344,0.0130958,0.01226454,0.01165199,0.01119649,0.01085483,0.01059665,0.01040044,0.01025075,0.01013637
Gram_error_fro,2.0,1,14,2,0.0,0.00913584,0.00286493,0.00090434,0.0005385,0.00098175,0.00134668,0.00158601,0.00172439,0.00178647,0.00179249,0.00175828,0.00169605,0.00161507,0.00152234,0.00142312,0.00132132,0.0012198
Gram_error_fro,4.0,1,14,2,0.0,0.03425993,0.02346618,0.01765097,0.01393247,0.01123747,0.00917936,0.00757107,0.00629942,0.00528553,0.00447064,0.00380996,0.0032692,0.0028222,0.00244902,0.00213447,0.00186697,0.00163766
Gram_error_fro,4.0,2,14,2,0.0,0.06623311,0.0517771,0.04206288,0.03509775,0.02984552,0.02580667,0.02266053,0.02018392,0.01821726,0.01664419,0.01537841,0.01435496,0.01352427,0.01284802,0.01229626,0.01184533,0.01147639
Gram_error_fro,4.0,2,14,2,0.0,0.06748141,0.0394919,0.02782768,0.02171951,0.01784825,0.0152307,0.01344699,0.01224408,0.01144324,0.01091503,0.01056803,0.01033978,0.01018879,0.01008796,0.01001979,0.00997304,0.00994042
Gram_error_fro,4.0,1,14,2,0.0,0.01812339,0.01226524,0.0100932,0.00823722,0.00668624,0.00546591,0.00453962,0.00384387,0.00331593,0.00290528,0.00257532,0.00230125,0.00206688,0.00186181,0.00167943,0.00151548,0.00136711
Gram_error_fro,4.0,1,14,2,0.0,0.05763365,0.05101234,0.04337364,0.03625802,0.03006107,0.02484875,0.0205385,0.01699861,0.01409574,0.01171235,0.00975073,0.0081316,0.00679133,0.00567892,0.00475346,0.00398195,0.00333769
Gram_error_fro,6.0,1,14,2,0.0,0.00917095,0.00690816,0.00641724,0.0057776,0.00509473,0.00445308,0.00388205,0.00338396,0.00295227,0.0025787,0.00225539,0.00197537,0.00173259,0.00152181,0.00133853,0.00117892,0.00103965
Gram_error_fro,4.0,1,14,2,0.0,0.06053249,0.02027306,0.01006873,0.00681425,0.00514437,0.00407831,0.00334097,0.00280613,0.00240216,0.0020855,0.00182891,0.0016151,0.00143293,0.00127509,0.00113668,0.0010143,0.00090548
Gram_error_fro,4.0,1,14,2,0.0,0.02466349,0.02417022,0.02312058,0.02200643,0.02075019,0.01938704,0.01798497,0.01659788,0.01525962,0.01398908,0.01279562,0.01168282,0.0106508,0.00969762,0.00882009,0.00801436,0.00727617
Gram_error_fro,4.0,1,14,2,0.0,0.04359583,0.02463475,0.01706571,0.01268422,0.00970702,0.00754114,0.00590897,0.00465471,0.00367957,0.00291565,0.00231401,0.00183832,0.00146113,0.00116141,0.0009229,0.00073292,0.00058155
Gram_error_fro,0.0,1,14,2,0.0,0.0,0.0,0.0,0.0,0.0,0.0,0.0,0.0,0.0,0.0,0.0,0.0,0.0,0.0,0.0,0.0,0.0
Gram_error_fro,2.0,1,14,2,0.0,0.04764299,0.03455759,0.02524987,0.01902386,0.01468593,0.01154647,0.00920604,0.00741956,0.00602956,0.00493114,0.00405233,0.00334235,0.00276441,0.00229122,0.00190208,0.00158097,0.00131533
Gram_error_fro,0.0,1,14,2,0.0,0.0,0.0,0.0,0.0,0.0,0.0,0.0,0.0,0.0,0.0,0.0,0.0,0.0,0.0,0.0,0.0,0.0
Gram_error_fro,2.0,1,14,2,0.0,0.04351552,0.0334885,0.02669242,0.02163089,0.0177171,0.01464472,0.0122128,0.01027381,0.00871491,0.00744946,0.00641137,0.00555058,0.00482928,0.00421894,0.00369792,0.0032497,0.00286158
Gram_error_fro,0.0,1,14,2,0.0,0.0,0.0,0.0,0.0,0.0,0.0,0.0,0.0,0.0,0.0,0.0,0.0,0.0,0.0,0.0,0.0,0.0
Gram_error_fro,2.0,1,14,2,0.0,0.0101096,0.00426298,0.00269024,0.00297505,0.00347615,0.00383297,0.00401114,0.00404379,0.00397284,0.00383344,0.00365163,0.00344567,0.00322811,0.00300738,0.00278916,0.00257718,0.00237385
Gram_error_fro,2.0,1,14,2,0.0,0.00820692,0.00338475,0.00209247,0.00154617,0.00126407,0.00118609,0.00121544,0.00126642,0.00130024,0.00130703,0.00128837,0.0012493,0.00119525,0.00113102,0.00106055,0.00098692,0.00091249
Gram_error_fro,4.0,1,14,2,0.0,0.01760532,0.00782576,0.00425815,0.00303879,0.00277385,0.0027776,0.00278809,0.0027449,0.00264968,0.00251761,0.0023636,0.00219919,0.00203246,0.00186876,0.00171146,0.0015625,0.00142292
Gram_error_fro,4.0,1,14,2,0.0,0.01672321,0.00629862,0.00264085,0.00168042,0.00207633,0.00248543,0.0026706,0.00267464,0.00256084,0.00237905,0.00216396,0.0019383,0.00171625,0.00150618,0.00131259,0.00113745,0.00098115
Gram_error_fro,4.0,1,14,2,0.0,0.02738861,0.01660161,0.0114087,0.00878465,0.00723497,0.00616147,0.00532541,0.00462925,0.00403144,0.00351234,0.00306069,0.00266833,0.00232833,0.00203438,0.00178066,0.00156183,0.00137305
Gram_error_fro,4.0,1,14,2,0.0,0.04044275,0.02598294,0.01796877,0.01282379,0.00916645,0.00648763,0.004509,0.00304447,0.00196205,0.00116852,0.00060641,0.00029605,0.00035121,0.0005205,0.00065755,0.00075204,0.00081051
Gram_error_fro,4.0,1,14,2,0.0,0.04815852,0.03566825,0.02901475,0.02492874,0.02208431,0.0199063,0.01810697,0.01653832,0.01512514,0.01382986,0.01263369,0.01152671,0.01050293,0.00955787,0.00868748,0.00788777,0.00715465
Gram_error_fro,6.0,1,14,2,0.0,0.01419556,0.00912451,0.0118972,0.01187223,0.01105004,0.00997456,0.00884204,0.00774275,0.00672024,0.00579354,0.00496811,0.00424191,0.0036089,0.00306108,0.00258974,0.00218612,0.00184187
Gram_error_fro,4.0,1,14,2,0.0,0.02728713,0.01885574,0.01551791,0.01326042,0.01133156,0.00964549,0.00818476,0.00693096,0.00586147,0.00495265,0.00418204,0.00352945,0.00297723,0.00251018,0.00211535,0.00178172,0.00149993
Gram_error_fro,4.0,1,14,2,0.0,0.04554883,0.03599134,0.02802942,0.02246645,0.01836066,0.01520409,0.01271397,0.01071224,0.00907854,0.00772853,0.00660161,0.00565333,0.00485033,0.00416704,0.00358346,0.00308366,0.00265475
Gram_error_fro,4.0,1,14,2,0.0,0.05345872,0.04072376,0.03178156,0.02536142,0.0204005,0.0164717,0.01333746,0.01082884,0.00881511,0.00719348,0.00588319,0.00482097,0.00395719,0.00325289,0.00267726,0.00220586,0.00181919
Gram_error_fro,0.0,1,14,2,0.0,0.0,0.0,0.0,0.0,0.0,0.0,0.0,0.0,0.0,0.0,0.0,0.0,0.0,0.0,0.0,0.0,0.0
Gram_error_fro,2.0,1,14,2,0.0,0.01808878,0.00799913,0.00517629,0.0042845,0.00379924,0.00341534,0.00308239,0.00279097,0.00253649,0.00231395,0.00211793,0.00194329,0.00178565,0.00164158,0.0015086,0.00138497,0.00126955
Gram_error_fro,2.0,1,14,2,0.0,0.03583636,0.02728884,0.02259918,0.01918328,0.01644212,0.01416855,0.01225212,0.01062228,0.00922824,0.00803077,0.0069985,0.00610595,0.00533226,0.00466018,0.00407534,0.00356572,0.00312113
Gram_error_fro,2.0,1,14,2,0.0,0.01271198,0.00649616,0.00373253,0.00239221,0.00175205,0.00153203,0.00150159,0.00151518,0.0015182,0.00149892,0.00145931,0.00140427,0.00133856,0.00126598,0.00118949,0.00111133,0.00103319
Gram_error_fro,2.0,1,14,2,0.0,0.07312769,0.0640303,0.05246985,0.04242505,0.03415181,0.0274882,0.02216789,0.01792682,0.01453922,0.0118235,0.00963732,0.00787019,0.00643645,0.0052695,0.00431719,0.00353846,0.00290071
Gram_error_fro,2.0,1,14,2,0.0,0.00464727,0.00219294,0.00229515,0.00235367,0.00225391,0.00208501,0.00189564,0.00170506,0.00152118,0.00134793,0.00118752,0.00104106,0.00090889,0.00079075,0.00068597,0.00059365,0.00051275
Gram_error_fro,4.0,1,14,2,0.0,0.03188389,0.03804164,0.03584927,0.03215948,0.02844722,0.02506571,0.02207548,0.01945625,0.01716789,0.01516844,0.01341947,0.01188719,0.01054247,0.00936032,0.00831936,0.00740127,0.00659033
Gram_error_fro,4.0,1,14,2,0.0,0.03180287,0.01932261,0.01785759,0.01695215,0.01556908,0.01399328,0.01242232,0.01094803,0.00960619,0.00840532,0.00734115,0.00640377,0.00558127,0.00486141,0.00423253,0.00368384,0.00320557
Gram_error_fro,2.0,1,14,2,0.0,0.04261907,0.02799553,0.01985256,0.01519958,0.01223496,0.01012661,0.0085063,0.00720193,0.00612447,0.00522195,0.00446026,0.00381478,0.00326657,0.00280042,0.00240375,0.00206604,0.00177837
Gram_error_fro,4.0,1,14,2,0.0,0.02706349,0.02238102,0.01895172,0.01621625,0.01391397,0.01193742,0.01023922,0.00878493,0.00754288,0.00648351,0.00558007,0.00480908,0.00415031,0.00358655,0.00310329,0.00268835,0.00233146
Gram_error_fro,4.0,1,14,2,0.0,0.01508999,0.00696843,0.00526169,0.00497951,0.00489761,0.0047317,0.0044696,0.0041532,0.00381887,0.00348894,0.00317487,0.00288156,0.00261039,0.00236101,0.00213236,0.00192313,0.00173197
Gram_error_fro,4.0,1,14,2,0.0,0.03711713,0.02127418,0.01270119,0.00768685,0.00449731,0.00242839,0.00114356,0.00061842,0.00080308,0.00106794,0.00124275,0.00133447,0.00136489,0.00135245,0.00131095,0.00125045,0.00117821
Gram_error_fro,6.0,1,14,2,0.0,0.10299583,0.08228818,0.06894178,0.05929431,0.05113965,0.04402081,0.03783069,0.03248833,0.02790105,0.0239727,0.02061224,0.01773781,0.0152779,0.01317101,0.01136468,0.00981438,0.00848239
Gram_error_fro,6.0,1,14,2,0.0,0.04298529,0.02774722,0.01973786,0.01474609,0.01136341,0.00896503,0.00720642,0.00587939,0.00485294,0.00404211,0.00339023,0.00285845,0.00241942,0.00205345,0.00174603,0.00148624,0.00126571
Gram_error_fro,4.0,1,14,2,0.0,0.03957578,0.02075513,0.0136814,0.00985066,0.00736438,0.00569303,0.00457504,0.00383168,0.0033316,0.00298173,0.00272083,0.00251159,0.00233266,0.00217241,0.00202475,0.00188659,0.00175639
Gram_error_fro,4.0,1,14,2,0.0,0.06810342,0.05806754,0.04767714,0.03868837,0.03134401,0.02550467,0.02090108,0.01726578,0.01437592,0.01205822,0.01018164,0.00864794,0.00738344,0.00633248,0.00545268,0.00471141,0.00408328
Gram_error_fro,0.0,1,14,5,0.0,0.0,0.0,0.0,0.0,0.0,0.0,0.0,0.0,0.0,0.0,0.0,0.0,0.0,0.0,0.0,0.0,0.0
Gram_error_fro,2.0,1,14,5,0.0,0.05686833,0.05807951,0.05306378,0.04589105,0.03863864,0.03213568,0.02661366,0.02205097,0.01833163,0.01531626,0.01287237,0.01088548,0.00926148,0.00792519,0.00681751,0.0058924,0.00511408
Gram_error_fro,2.0,1,14,5,0.0,0.01730473,0.01691929,0.01580915,0.01407465,0.01209574,0.01021032,0.00856344,0.00718153,0.00604105,0.00510411,0.00433329,0.0036964,0.00316723,0.00272497,0.00235318,0.00203887,0.00177175
Gram_error_fro,2.0,1,14,5,0.0,0.05339369,0.03627165,0.02518759,0.0180614,0.0132796,0.01003885,0.00782158,0.00627369,0.00515903,0.00432623,0.00368097,0.00316506,0.00274216,0.00238895,0.0020898,0.0018338,0.001613
Gram_error_fro,2.0,1,14,5,0.0,0.08573283,0.07798976,0.06406249,0.05242233,0.04330614,0.03611077,0.03034876,0.02568339,0.02187453,0.01874256,0.01614925,0.01398684,0.01217098,0.01063555,0.00932857,0.0082091,0.0072447
Gram_error_fro,2.0,1,14,5,0.0,0.07964139,0.0672668,0.05181169,0.04010195,0.03148007,0.02499746,0.02002744,0.01616889,0.01314942,0.01077283,0.00889213,0.00739495,0.00619473,0.00522485,0.00443422,0.0037838,0.00324389
Gram_error_fro,4.0,1,14,5,0.0,0.04824944,0.03631408,0.02755116,0.02234939,0.0188483,0.01611322,0.0138151,0.01184652,0.01016004,0.00872002,0.00749291,0.00644731,0.00555516,0.00479233,0.00413854,0.00357693,0.00309355
Gram_error_fro,2.0,1,14,5,0.0,0.03960848,0.02930595,0.02036882,0.01459454,0.01110801,0.00894393,0.00748228,0.00639935,0.00553934,0.00482642,0.00422074,0.00369893,0.00324566,0.00284996,0.00250345,0.00219943,0.00193238
Gram_error_fro,0.0,1,14,5,0.0,0.0,0.0,0.0,0.0,0.0,0.0,0.0,0.0,0.0,0.0,0.0,0.0,0.0,0.0,0.0,0.0,0.0
Gram_error_fro,4.0,1,14,5,0.0,0.06971309,0.05683255,0.04264801,0.03239653,0.02504757,0.01964561,0.01560197,0.01253639,0.01018635,0.00836452,0.00693547,0.0058008,0.00488881,0.00414708,0.00353711,0.00303041,0.00260576
Gram_error_fro,2.0,1,14,5,0.0,0.06872228,0.05024642,0.03483933,0.02461952,0.01780312,0.01316182,0.00993479,0.00764161,0.00597418,0.00473351,0.00379028,0.00305962,0.00248488,0.00202735,0.00165983,0.00136262,0.00112111
Gram_error_fro,4.0,1,14,5,0.0,0.07068683,0.05038113,0.03463338,0.02441247,0.01789053,0.01368125,0.01088678,0.00894952,0.00753352,0.00644217,0.0055626,0.00483011,0.00420677,0.0036693,0.0032024,0.00279524,0.00243952
Gram_error_fro,6.0,1,14,5,0.0,0.08516289,0.0688678,0.05396742,0.04249453,0.03362068,0.0267338,0.02137814,0.01720418,0.01394208,0.01138311,0.00936577,0.00776543,0.00648634,0.00545527,0.00461653,0.00392789,0.0033574
Gram_error_fro,4.0,1,14,5,0.0,0.09408187,0.08317162,0.06601282,0.05242549,0.0421569,0.03426748,0.02810331,0.02323271,0.01935157,0.01623454,0.01371088,0.01165037,0.00995368,0.00854493,0.00736605,0.00637241,0.00552948
Gram_error_fro,4.0,1,14,5,0.0,0.08245668,0.05741509,0.03879941,0.02712622,0.01981617,0.01510903,0.01194881,0.00972506,0.00808644,0.00682801,0.00582755,0.00501019,0.00432864,0.00375193,0.00325893,0.00283455,0.00246755
Gram_error_fro,4.0,1,14,5,0.0,0.10910202,0.08706337,0.06521334,0.04982345,0.03934007,0.03205382,0.02679707,0.02284721,0.01976574,0.01728363,0.01523182,0.01350086,0.01201757,0.0107313,0.00960581,0.00861423,0.00773606
Gram_error_fro,0.0,1,14,2,0.0,0.0,0.0,0.0,0.0,0.0,0.0,0.0,0.0,0.0,0.0,0.0,0.0,0.0,0.0,0.0,0.0,0.0
Gram_error_fro,2.0,1,14,2,0.0,0.0067953,0.00504212,0.00389808,0.0032458,0.0028085,0.00247789,0.00221205,0.0019908,0.00180225,0.00163865,0.00149466,0.00136645,0.00125126,0.00114701,0.00105212,0.00096538,0.00088583
Gram_error_fro,2.0,1,14,2,0.0,0.02563276,0.0190094,0.01633963,0.01439627,0.01281806,0.01148379,0.01033269,0.00932751,0.00844201,0.00765639,0.00695525,0.00632641,0.0057601,0.00524834,0.00478459,0.00436337,0.00398007
Gram_error_fro,2.0,1,14,2,0.0,0.00814289,0.00597799,0.00445692,0.00364598,0.00315057,0.00279674,0.00251512,0.0022761,0.00206588,0.00187741,0.00170674,0.00155134,0.00140945,0.00127974,0.00116108,0.00105254,0.00095329
Gram_error_fro,2.0,2,14,2,0.0,0.06268641,0.05210889,0.04018101,0.03067386,0.02321466,0.01739777,0.01288973,0.00943087,0.00684835,0.00506699,0.00409106,0.00387085,0.00416373,0.00468279,0.00525576,0.00580793,0.00631221
Gram_error_fro,2.0,1,14,2,0.0,0.01942162,0.01503917,0.01183571,0.00938083,0.00750628,0.00606638,0.00494629,0.00406339,0.00335923,0.00279195,0.002331,0.00195365,0.00164276,0.0013852,0.00117079,0.00099156,0.0008412
Gram_error_fro,2.0,2,14,2,0.0,0.06268641,0.05210889,0.04018101,0.03067386,0.02321466,0.01739777,0.01288973,0.00943087,0.00684835,0.00506699,0.00409106,0.00387085,0.00416373,0.00468279,0.00525576,0.00580793,0.00631221
Gram_error_fro,4.0,2,14,2,0.0,0.10976011,0.08201712,0.06113967,0.04636993,0.03530772,0.0268336,0.02028439,0.01520495,0.0112767,0.00828969,0.00613258,0.0047814,0.0042218,0.00429299,0.00471055,0.0052513,0.00580184
Gram_error_fro,4.0,1,14,2,0.0,0.07440073,0.05364912,0.04099433,0.03215277,0.02541544,0.02016245,0.01605333,0.012839,0.010324,0.0083551,0.00681298,0.00560492,0.00465852,0.00391687,0.00333484,0.00287645,0.00251303
Gram_error_fro,2.0,1,14,2,0.0,0.00821551,0.00587353,0.004376,0.00353835,0.00299533,0.00259921,0.00228979,0.00203774,0.00182631,0.00164497,0.00148677,0.00134691,0.00122203,0.00110969,0.00100808,0.00091582,0.00083182
Gram_error_fro,4.0,2,14,2,0.0,0.06063316,0.04760647,0.03773558,0.03019435,0.02414339,0.01922573,0.01523918,0.01203775,0.00951396,0.00759716,0.00624796,0.00543598,0.00509903,0.00512127,0.00536587,0.0057214,0.00611655
Gram_error_fro,4.0,1,14,2,0.0,0.05782695,0.03391554,0.02414226,0.01817241,0.01391578,0.01076716,0.00840879,0.00663131,0.0052852,0.00426033,0.00347481,0.00286767,0.00239368,0.00201939,0.00172015,0.00147783,0.00127906
Gram_error_fro,4.0,1,14,2,0.0,0.01886273,0.01343212,0.00979007,0.00771357,0.00638489,0.00543691,0.00470991,0.00412477,0.0036378,0.00322307,0.00286421,0.00255032,0.00227371,0.00202866,0.00181079,0.00161658,0.00144315
Gram_error_fro,4.0,1,14,2,0.0,0.01836403,0.0127959,0.00849456,0.00560027,0.00354724,0.00212074,0.00133079,0.00126156,0.00156766,0.00189602,0.00215263,0.00232898,0.00243521,0.00248436,0.00248848,0.00245779,0.00240072
Gram_error_fro,2.0,1,14,2,0.0,0.02119627,0.01681196,0.01439307,0.01239426,0.01071582,0.00930956,0.00812709,0.00712607,0.00627224,0.00553867,0.00490432,0.00435266,0.00387054,0.00344741,0.00307469,0.00274534,0.00245353
Gram_error_fro,4.0,1,14,2,0.0,0.04726077,0.03741958,0.03215614,0.02813707,0.02476932,0.02188702,0.01940226,0.01724813,0.0153699,0.01372311,0.01227207,0.01098809,0.00984796,0.00883267,0.00792645,0.00711607,0.0063903
Gram_error_fro,0.0,1,14,5,0.0,0.0,0.0,0.0,0.0,0.0,0.0,0.0,0.0,0.0,0.0,0.0,0.0,0.0,0.0,0.0,0.0,0.0
Gram_error_fro,2.0,1,14,5,0.0,0.04638555,0.03115999,0.02116019,0.01506322,0.01117701,0.00855861,0.00669353,0.00530318,0.00423425,0.00339794,0.0027385,0.00221777,0.00180753,0.00148573,0.00123448,0.00103898,0.00088691
Gram_error_fro,2.0,1,14,5,0.0,0.05536436,0.0375383,0.0265101,0.02039772,0.01672471,0.01425472,0.01240624,0.01091271,0.00965031,0.00855744,0.00759968,0.00675497,0.00600735,0.00534431,0.00475549,0.00423212,0.00376661
Gram_error_fro,2.0,1,14,5,0.0,0.07834417,0.05508259,0.03471819,0.02147782,0.01331598,0.00835014,0.00532774,0.00347441,0.00232338,0.00159612,0.00112712,0.00081788,0.00060937,0.00046563,0.00036433,0.00029125,0.00023718
Gram_error_fro,2.0,1,14,5,0.0,0.04638555,0.03115999,0.02116019,0.01506322,0.01117701,0.00855861,0.00669353,0.00530318,0.00423425,0.00339794,0.0027385,0.00221777,0.00180753,0.00148573,0.00123448,0.00103898,0.00088691
Gram_error_fro,2.0,1,14,5,0.0,0.07615479,0.0720023,0.06009916,0.04882867,0.03949318,0.0320129,0.02607226,0.02135932,0.01761154,0.01461838,0.0122144,0.01027085,0.00868816,0.00738954,0.00631586,0.00542153,0.00467133
Gram_error_fro,4.0,2,14,5,0.0,0.06482617,0.04847317,0.03444025,0.02593527,0.02141916,0.0192412,0.01829069,0.01794853,0.01790114,0.01799338,0.01814712,0.01832201,0.01849702,0.01866147,0.01881044,0.01894223,0.01905696
Gram_error_fro,4.0,1,14,5,0.0,0.08215357,0.05896438,0.04237452,0.03210931,0.02528353,0.02043986,0.01684167,0.01407904,0.01190472,0.01015994,0.00873755,0.00756238,0.00658013,0.0057507,0.00504404,0.00443726,0.00391276
Gram_error_fro,4.0,1,14,5,0.0,0.0731953,0.04943991,0.03148354,0.02080758,0.0144872,0.01064636,0.0082186,0.00660083,0.00545621,0.00459941,0.00392829,0.00338494,0.00293479,0.00255585,0.0022332,0.00195617,0.00171675
Gram_error_fro,4.0,1,14,5,0.0,0.09634447,0.06444791,0.04044213,0.02633933,0.01805033,0.01298438,0.00972589,0.00751251,0.0059313,0.00475417,0.00385035,0.00314092,0.00257537,0.00211956,0.00174928,0.00144672,0.00119842
Gram_error_fro,2.0,1,14,5,0.0,0.03732827,0.03162092,0.02548321,0.02072212,0.01697588,0.01395773,0.01150781,0.00951926,0.00790718,0.00659991,0.00553714,0.00466918,0.00395601,0.00336598,0.00287436,0.00246197,0.0021139
Gram_error_fro,4.0,2,14,5,0.0,0.09834374,0.06827125,0.04545986,0.03236132,0.02536755,0.02180649,0.02005546,0.01922424,0.01885715,0.01872634,0.01871641,0.01876709,0.01884595,0.01893523,0.01902514,0.0191105,0.01918872
Gram_error_fro,6.0,1,14,5,0.0,0.07808574,0.05489603,0.03917528,0.03082013,0.02597297,0.0225748,0.01981556,0.01742128,0.01530387,0.01342988,0.01177831,0.01032931,0.00906245,0.00795737,0.00699464,0.00615635,0.00542638
Gram_error_fro,4.0,1,14,5,0.0,0.07973187,0.07082482,0.05836618,0.04744901,0.03858758,0.03155083,0.0259859,0.02157093,0.01804546,0.01520735,0.01290228,0.01101305,0.0094507,0.00814757,0.00705194,0.00612408,0.0053332
Gram_error_fro,4.0,1,14,5,0.0,0.0647157,0.0480148,0.03617249,0.02870253,0.02369829,0.02009715,0.01734765,0.01515414,0.01334857,0.01182882,0.0105287,0.00940288,0.00841885,0.00755249,0.00678534,0.00610296,0.00549379
Gram_error_fro,2.0,1,14,5,0.0,0.03103317,0.02544563,0.02073666,0.01718058,0.01430737,0.01189652,0.0098634,0.0081614,0.00674884,0.00558372,0.00462576,0.00383875,0.0031916,0.00265844,0.00221814,0.0018536,0.00155104
Gram_error_fro,0.0,1,14,3,0.0,0.0,0.0,0.0,0.0,0.0,0.0,0.0,0.0,0.0,0.0,0.0,0.0,0.0,0.0,0.0,0.0,0.0
Gram_error_fro,2.0,1,14,3,0.0,0.09469021,0.09272089,0.08178728,0.07056663,0.06051346,0.05183425,0.0444432,0.03818298,0.03288958,0.02841261,0.02462086,0.0214025,0.01866349,0.01632526,0.01432254,0.0126012,0.01111642
Gram_error_fro,2.0,1,14,3,0.0,0.02484953,0.01446446,0.00972098,0.00731347,0.00579443,0.00469472,0.00385672,0.00321256,0.00272028,0.00234667,0.00206335,0.0018464,0.00167655,0.00153914,0.00142361,0.00132273,0.00123181
Gram_error_fro,2.0,1,14,3,0.0,0.03668537,0.01969929,0.01224933,0.0085695,0.00634471,0.00483844,0.00376468,0.00297888,0.00239345,0.00195045,0.00161014,0.0013448,0.00113487,0.00096644,0.00082949,0.00071678,0.00062297
Gram_error_fro,2.0,1,14,3,0.0,0.03533277,0.02300186,0.01755503,0.01537305,0.01409515,0.01297164,0.01186153,0.01077437,0.00973886,0.00877469,0.00789074,0.00708829,0.00636425,0.00571332,0.00512927,0.00460577,0.00413672
Gram_error_fro,0.0,1,14,3,0.0,0.0,0.0,0.0,0.0,0.0,0.0,0.0,0.0,0.0,0.0,0.0,0.0,0.0,0.0,0.0,0.0,0.0
Gram_error_fro,4.0,1,14,3,0.0,0.01954374,0.01127446,0.00549314,0.00288311,0.00308015,0.00386433,0.00437118,0.00458835,0.00460082,0.0044815,0.00428214,0.0040376,0.00377085,0.00349683,0.00322511,0.00296171,0.00271031
Gram_error_fro,2.0,1,14,3,0.0,0.03614637,0.01374047,0.00483728,0.00208018,0.00327624,0.00422872,0.00464056,0.00471336,0.00459393,0.00437154,0.00409869,0.00380596,0.00351104,0.003224,0.0029504,0.00269307,0.0024532
Gram_error_fro,4.0,1,14,3,0.0,0.04104499,0.02769389,0.02248939,0.01948536,0.01715877,0.01524021,0.01363012,0.01225801,0.0110704,0.01002837,0.00910425,0.0082782,0.00753566,0.00686554,0.0062591,0.00570918,0.00520977
Gram_error_fro,4.0,1,14,3,0.0,0.07594817,0.05068787,0.038812,0.03106486,0.02515692,0.02048428,0.0167595,0.01378195,0.01139481,0.00947345,0.0079194,0.0066554,0.00562118,0.0047698,0.00406468,0.00347727,0.00298519
Gram_error_fro,4.0,1,14,3,0.0,0.05759838,0.0391171,0.03143251,0.02660167,0.02284847,0.01974592,0.01713171,0.01491031,0.01301188,0.01138157,0.00997541,0.00875788,0.00770007,0.00677831,0.00597306,0.00526808,0.00464974
Gram_error_fro,4.0,1,14,3,0.0,0.02481373,0.01316036,0.00608577,0.00282822,0.00283513,0.00369462,0.00427596,0.0045505,0.00460713,0.0045216,0.00434749,0.00412109,0.00386667,0.00360031,0.00333258,0.00307036,0.00281803
Gram_error_fro,6.0,1,14,3,0.0,0.08182995,0.06131564,0.04827256,0.03935093,0.03266744,0.02740916,0.02316321,0.01968173,0.01679767,0.01439029,0.01236861,0.0106622,0.00921555,0.00798431,0.00693267,0.00603154,0.00525704
Gram_error_fro,4.0,1,14,3,0.0,0.02344978,0.01344957,0.00800807,0.00577983,0.00546863,0.00561907,0.00566094,0.00552378,0.0052554,0.00491123,0.00453274,0.0041472,0.00377131,0.00341459,0.00308191,0.00277527,0.00249486
Gram_error_fro,6.0,1,14,3,0.0,0.06707697,0.03314439,0.01946774,0.01429564,0.01165502,0.00980558,0.00833322,0.00713025,0.00614724,0.00534451,0.00468633,0.00414185,0.00368584,0.00329858,0.00296505,0.00267402,0.0024172
Gram_error_fro,4.0,1,14,3,0.0,0.04429064,0.03223015,0.02910999,0.02629189,0.02340443,0.02064461,0.01812201,0.01587165,0.01388975,0.01215544,0.0106422,0.0093232,0.00817355,0.00717105,0.00629622,0.00553216,0.00486424
Gram_error_fro,0.0,1,14,2,0.0,0.0,0.0,0.0,0.0,0.0,0.0,0.0,0.0,0.0,0.0,0.0,0.0,0.0,0.0,0.0,0.0,0.0
Gram_error_fro,2.0,1,14,2,0.0,0.00797455,0.00355284,0.00154642,0.00053563,0.00036868,0.00067399,0.00089303,0.00102338,0.00109135,0.00111645,0.00111208,0.00108754,0.00104941,0.00100242,0.00095001,0.00089469,0.00083829
Gram_error_fro,2.0,1,14,2,0.0,0.03208937,0.03044829,0.02798112,0.02572458,0.02361024,0.02160096,0.01970442,0.01793551,0.01630241,0.01480568,0.01344065,0.01219965,0.01107367,0.01005325,0.00912905,0.00829219,0.00753438
Gram_error_fro,2.0,1,14,2,0.0,0.03525118,0.02661804,0.02220058,0.01922545,0.01687996,0.0149081,0.01320435,0.01171431,0.01040363,0.00924709,0.00822442,0.00731869,0.00651546,0.00580232,0.00516855,0.00460487,0.00410317
Gram_error_fro,2.0,1,14,2,0.0,0.01475215,0.00978685,0.00812221,0.00708144,0.00629041,0.00564021,0.0050854,0.00460167,0.00417379,0.00379146,0.00344739,0.00313619,0.00285372,0.00259672,0.0023625,0.00214881,0.00195372
Gram_error_fro,2.0,1,14,2,0.0,0.06237882,0.04804141,0.03670967,0.02844342,0.02216704,0.01735325,0.01365392,0.01080384,0.00859852,0.00688249,0.00553878,0.00447979,0.00363986,0.00296964,0.00243177,0.00199783,0.00164604
Gram_error_fro,4.0,1,14,2,0.0,0.02854282,0.02454328,0.02107095,0.018234,0.01586562,0.01386621,0.01216222,0.01069827,0.0094326,0.00833294,0.00737374,0.00653428,0.00579754,0.00514935,0.00457781,0.00407289,0.00362607
Gram_error_fro,4.0,1,14,2,0.0,0.07235871,0.05755643,0.04479668,0.0350255,0.02743305,0.02153041,0.01694407,0.0133732,0.01058181,0.00838915,0.00665831,0.00528575,0.00419297,0.00332007,0.00262103,0.00206028,0.00161007
Gram_error_fro,4.0,1,14,2,0.0,0.08070965,0.06110258,0.04596002,0.03532439,0.02743015,0.02144874,0.0168866,0.0133912,0.01069915,0.0086134,0.00698706,0.00571068,0.00470251,0.00390117,0.00326027,0.00274457,0.00232709
Gram_error_fro,4.0,1,14,2,0.0,0.04911865,0.02531876,0.0177081,0.01393183,0.01141667,0.00952183,0.00802217,0.00680862,0.00581402,0.00499112,0.00430474,0.00372802,0.00324021,0.00282512,0.00247,0.00216474,0.00190123
Gram_error_fro,4.0,1,14,2,0.0,0.0376887,0.02762266,0.0216113,0.01746221,0.01433364,0.0118837,0.00992245,0.00832862,0.00701944,0.00593561,0.00503294,0.00427754,0.00364288,0.00310788,0.00265557,0.00227222,0.00194661
Gram_error_fro,4.0,1,14,2,0.0,0.04868043,0.0360098,0.0276458,0.0213122,0.0164701,0.01274983,0.00988383,0.00767568,0.00597861,0.00468141,0.00369869,0.00296379,0.00242333,0.00203298,0.00175497,0.00155723,0.00141368
Gram_error_fro,6.0,1,14,2,0.0,0.05349989,0.03046702,0.02091722,0.01519282,0.01135711,0.00879312,0.00713958,0.00610875,0.00546377,0.00503095,0.00470133,0.0044158,0.00414637,0.00388201,0.00362002,0.00336135,0.00310823
Gram_error_fro,2.0,1,14,2,0.0,0.01166261,0.00527366,0.00189174,0.00069461,0.00159917,0.00226927,0.00261681,0.00273528,0.00270315,0.00257786,0.00239938,0.00219471,0.00198155,0.00177119,0.00157055,0.00138361,0.00121236
Gram_error_fro,2.0,1,14,2,0.0,0.0216509,0.01026412,0.00392598,0.00174597,0.00318875,0.00443429,0.00515582,0.00549163,0.00556439,0.00546323,0.00525082,0.00497081,0.00465341,0.00431937,0.00398279,0.00365308,0.00333634
Gram_error_fro,2.0,1,14,2,0.0,0.03582736,0.03065976,0.0270583,0.02436373,0.02206809,0.01999388,0.01809324,0.01635534,0.01477469,0.01334367,0.0120522,0.01088889,0.00984207,0.0089004,0.00805323,0.00729078,0.00660415
Gram_error_fro,0.0,1,14,2,0.0,0.0,0.0,0.0,0.0,0.0,0.0,0.0,0.0,0.0,0.0,0.0,0.0,0.0,0.0,0.0,0.0,0.0
Gram_error_fro,2.0,1,14,2,0.0,0.05147703,0.05803146,0.0574602,0.05473302,0.0513089,0.04765582,0.04397766,0.04039088,0.03696716,0.03374806,0.03075397,0.02799077,0.02545477,0.02313643,0.02102284,0.01909945,0.01735123
Gram_error_fro,2.0,1,14,2,0.0,0.02295052,0.02160234,0.01939345,0.01673166,0.01418152,0.01194354,0.01005348,0.00848047,0.00717581,0.00609205,0.00518856,0.00443215,0.00379612,0.00325907,0.00280383,0.00241656,0.00208604
Gram_error_fro,2.0,1,14,2,0.0,0.00554167,0.00304817,0.00171121,0.00079534,0.00014108,0.00035568,0.00071677,0.00098663,0.00118495,0.00132618,0.00142148,0.00147973,0.00150823,0.00151295,0.00149885,0.00147002,0.00142982
Gram_error_fro,2.0,1,14,2,0.0,0.05924106,0.05335309,0.04588254,0.03903054,0.03306374,0.02798404,0.02370151,0.02010217,0.01707659,0.01452908,0.01237916,0.01056022,0.0090175,0.00770604,0.00658888,0.00563554,0.0048208
Gram_error_fro,2.0,1,14,2,0.0,0.08537455,0.04655415,0.02946264,0.02172329,0.01709132,0.01377857,0.01123107,0.00921592,0.00760169,0.00629945,0.00524347,0.00438323,0.00367926,0.00310051,0.00262249,0.00222586,0.00189527
Gram_error_fro,4.0,1,14,2,0.0,0.03386231,0.02969164,0.02767272,0.02614664,0.02457674,0.02293242,0.02126376,0.01961939,0.01803408,0.01652967,0.01511812,0.01380453,0.01258933,0.01147,0.01044224,0.00950071,0.00863964
Gram_error_fro,2.0,1,14,2,0.0,0.06211958,0.05326361,0.0458807,0.03961782,0.03412681,0.02933697,0.02520066,0.02165249,0.01861846,0.01602618,0.01381005,0.01191296,0.01028629,0.008889,0.0076867,0.00665056,0.00575636
Gram_error_fro,2.0,1,14,2,0.0,0.08808739,0.05879922,0.04594833,0.03853289,0.03267551,0.02771372,0.02350211,0.01994467,0.01694779,0.01442428,0.01229742,0.01050191,0.00898307,0.00769547,0.00660149,0.00567004,0.00487537
Gram_error_fro,4.0,1,14,2,0.0,0.02578176,0.02300193,0.01777227,0.01296909,0.00914161,0.00628011,0.0042352,0.00286177,0.00205574,0.00171272,0.00165916,0.00171437,0.00177816,0.00181538,0.00181956,0.00179418,0.00174534
Gram_error_fro,4.0,1,14,2,0.0,0.03385317,0.02707234,0.02208678,0.01776199,0.0141246,0.01114242,0.00872759,0.00678238,0.00521904,0.00396469,0.00296072,0.00216083,0.00152932,0.00104064,0.00068205,0.00046149,0.00039788
Gram_error_fro,4.0,1,14,2,0.0,0.0822451,0.04520127,0.03330637,0.02848877,0.02501421,0.02197281,0.01924703,0.01681939,0.01467508,0.01279262,0.01114656,0.00971053,0.00845919,0.00736928,0.00641996,0.00559292,0.00487217
Gram_error_fro,4.0,1,14,2,0.0,0.00878763,0.00631245,0.00642854,0.00753242,0.00855904,0.00923875,0.00958079,0.00965639,0.00953718,0.00928138,0.00893326,0.00852566,0.00808273,0.00762206,0.00715641,0.00669493,0.00624411
Gram_error_fro,4.0,1,14,2,0.0,0.09926124,0.07151907,0.05493092,0.04342749,0.03469874,0.02790525,0.02257177,0.01835986,0.01501428,0.01234083,0.01019151,0.0084533,0.00703952,0.00588342,0.00493325,0.00414866,0.00349801
Gram_error_fro,4.0,1,14,2,0.0,0.12135358,0.12502979,0.1199881,0.11315786,0.1061238,0.0992099,0.09250939,0.08607672,0.07995229,0.07416341,0.06872465,0.0636397,0.05890384,0.05450625,0.05043199,0.04666361,0.0431823
Gram_error_fro,6.0,1,14,2,0.0,0.08755026,0.05609448,0.04404613,0.03754258,0.03227432,0.02764534,0.02359876,0.02010302,0.01710753,0.01455264,0.01237879,0.01053105,0.00896085,0.00762619,0.00649124,0.00552561,0.00470361
Gram_error_fro,0.0,1,14,3,0.0,0.0,0.0,0.0,0.0,0.0,0.0,0.0,0.0,0.0,0.0,0.0,0.0,0.0,0.0,0.0,0.0,0.0
Gram_error_fro,2.0,1,14,3,0.0,0.06475688,0.05063317,0.04069959,0.03332019,0.02749006,0.02277461,0.01892814,0.01577944,0.0131957,0.01107003,0.00931579,0.00786298,0.00665526,0.00564744,0.00480328,0.00409372,0.00349534
Gram_error_fro,2.0,1,14,3,0.0,0.02806678,0.01645842,0.0125638,0.01059084,0.00894552,0.00752537,0.00634586,0.00538775,0.00461355,0.00398458,0.00346791,0.00303776,0.00267478,0.00236472,0.00209707,0.00186407,0.00165984
Gram_error_fro,2.0,1,14,3,0.0,0.04117669,0.0381099,0.03534968,0.03176675,0.02795249,0.02431989,0.02103713,0.01814734,0.01563817,0.01347494,0.01161617,0.01002076,0.0086511,0.00747417,0.00646155,0.00558913,0.00483652
Gram_error_fro,2.0,1,14,3,0.0,0.05691402,0.05577883,0.0503449,0.04365093,0.03707479,0.03117257,0.02609019,0.02180199,0.01822055,0.01524365,0.01277345,0.01072342,0.00901998,0.00760187,0.00641865,0.00542904,0.00459936
Gram_error_fro,2.0,1,14,3,0.0,0.0981312,0.07235645,0.05528072,0.04508223,0.03798105,0.03250222,0.02806522,0.02438771,0.02130026,0.01868603,0.01645795,0.01454825,0.01290295,0.01147843,0.01023917,0.00915608,0.00820528
Gram_error_fro,2.0,1,14,3,0.0,0.05736115,0.05699819,0.05173361,0.04538776,0.03925255,0.03373383,0.0289177,0.02477434,0.02123411,0.01821786,0.01564944,0.01346061,0.01159241,0.00999484,0.00862601,0.00745092,0.00644038
Gram_error_fro,4.0,1,14,3,0.0,0.0382254,0.03700157,0.035238,0.03347563,0.0315739,0.02954752,0.02746116,0.02537962,0.02335368,0.02141831,0.01959495,0.0178946,0.01632085,0.01487216,0.01354381,0.01232912,0.01122046
Gram_error_fro,4.0,1,14,3,0.0,0.08810233,0.08094608,0.06925521,0.05850622,0.04920207,0.04133203,0.03474218,0.02924474,0.02466122,0.02083591,0.01763778,0.01495831,0.01270829,0.01081453,0.00921705,0.00786656,0.00672255
Gram_error_fro,2.0,1,14,3,0.0,0.03325963,0.03629184,0.03436745,0.03095901,0.02721531,0.02359854,0.02029919,0.01738165,0.01484831,0.01267222,0.01081447,0.00923355,0.00788987,0.00674789,0.00577665,0.00494969,0.00424465
Gram_error_fro,4.0,1,14,3,0.0,0.0295756,0.01756534,0.01415027,0.01254029,0.01105857,0.00966554,0.00842215,0.00734364,0.00641854,0.00562636,0.0049459,0.00435839,0.0038483,0.0034031,0.00301281,0.00266942,0.00236646
Gram_error_fro,6.0,1,14,3,0.0,0.0591911,0.04993468,0.04117189,0.03461318,0.02948494,0.02529892,0.02179788,0.01883295,0.01630546,0.01414221,0.01228512,0.01068656,0.009307,0.0081135,0.0070786,0.00617939,0.00539666
Gram_error_fro,4.0,1,14,3,0.0,0.0648777,0.04243977,0.03145478,0.02454305,0.01954596,0.01574467,0.0127891,0.01046261,0.00861461,0.00713502,0.00594154,0.00497198,0.00417902,0.00352646,0.0029864,0.0025372,0.00216192
Gram_error_fro,6.0,1,14,3,0.0,0.1258685,0.10040148,0.08130022,0.06774329,0.05685823,0.04777429,0.04019125,0.0338958,0.02868413,0.02436759,0.02078226,0.01779174,0.01528529,0.01317411,0.01138726,0.00986805,0.00857102
Gram_error_fro,4.0,1,14,3,0.0,0.08215848,0.07939608,0.0698999,0.05996675,0.05089196,0.04299383,0.03626867,0.03060054,0.02584435,0.02185868,0.01851753,0.01571312,0.01335509,0.01136844,0.00969121,0.00827232,0.00706962
Gram_error_fro,4.0,1,14,3,0.0,0.08398946,0.07227839,0.06038217,0.04960486,0.04038547,0.03277933,0.02662609,0.02169662,0.01776484,0.01463338,0.01213862,0.0101481,0.00855585,0.00727751,0.00624618,0.00540892,0.004724
Gram_error_fro,0.0,1,14,3,0.0,0.0,0.0,0.0,0.0,0.0,0.0,0.0,0.0,0.0,0.0,0.0,0.0,0.0,0.0,0.0,0.0,0.0
Gram_error_fro,2.0,1,14,3,0.0,0.01722608,0.01437642,0.01266421,0.01128624,0.01012839,0.00914698,0.00830318,0.00756397,0.00690487,0.00630916,0.00576581,0.00526752,0.00480924,0.00438731,0.00399879,0.00364125,0.00331249
Gram_error_fro,2.0,1,14,3,0.0,0.06166772,0.05516301,0.04509059,0.03632754,0.02918823,0.02346184,0.01889227,0.01524966,0.01234295,0.01001865,0.0081555,0.00665836,0.00545267,0.0044799,0.00369386,0.00305798,0.00254311
Gram_error_fro,2.0,1,14,3,0.0,0.0580437,0.05349843,0.04981872,0.04591884,0.04190336,0.0379724,0.03425794,0.03082923,0.0277123,0.02490625,0.02239488,0.02015438,0.01815806,0.01637922,0.01479269,0.01337555,0.01210741
Gram_error_fro,2.0,1,14,3,0.0,0.00120538,0.00076766,0.00141535,0.00186265,0.00212253,0.00223959,0.0022569,0.00220851,0.0021187,0.00200406,0.00187584,0.00174167,0.00160671,0.00147444,0.00134714,0.00122624,0.00111261
Gram_error_fro,0.0,1,14,3,0.0,0.0,0.0,0.0,0.0,0.0,0.0,0.0,0.0,0.0,0.0,0.0,0.0,0.0,0.0,0.0,0.0,0.0
Gram_error_fro,4.0,1,14,3,0.0,0.08955261,0.07362077,0.06031057,0.04927987,0.04019016,0.03288498,0.02709722,0.02252388,0.01889358,0.01598787,0.01363891,0.01172016,0.01013662,0.00881682,0.00770668,0.00676493,0.00595986
Gram_error_fro,4.0,1,14,3,0.0,0.07003062,0.04442821,0.02973685,0.02175643,0.01694441,0.01375878,0.0114969,0.00980206,0.00847553,0.00739952,0.00650149,0.00573553,0.0050718,0.00449028,0.00397702,0.00352191,0.00311727
Gram_error_fro,4.0,1,14,3,0.0,0.01490737,0.00973962,0.00715127,0.00558529,0.00452027,0.00372387,0.00309364,0.00258137,0.00216114,0.00181636,0.00153449,0.00130511,0.00111921,0.00096895,0.00084755,0.00074926,0.00066923
Gram_error_fro,4.0,1,14,3,0.0,0.05985097,0.04196971,0.03195505,0.02503993,0.01982081,0.015843,0.01280375,0.01046297,0.00863771,0.00719415,0.00603626,0.00509537,0.00432208,0.00368037,0.00314354,0.00269149,0.00230877
Gram_error_fro,2.0,1,14,3,0.0,0.06985492,0.06485876,0.05467415,0.04528797,0.03739761,0.03093384,0.02567658,0.02139835,0.01790325,0.01503307,0.01266317,0.0106961,0.00905556,0.00768156,0.00652655,0.00555258,0.00472907
Gram_error_fro,4.0,1,14,3,0.0,0.06959456,0.06468309,0.05458998,0.04508482,0.03695777,0.03023195,0.0247372,0.02026672,0.01662962,0.01366521,0.01124311,0.00925907,0.00763005,0.00628982,0.00518535,0.00427401,0.00352136
Gram_error_fro,4.0,1,14,3,0.0,0.07858844,0.06583256,0.05094592,0.03903799,0.0299478,0.0231183,0.01801504,0.01419562,0.01131832,0.00912926,0.00744391,0.00612954,0.00509103,0.00426006,0.00358729,0.00303678,0.00258202
Gram_error_fro,4.0,2,14,3,0.0,0.06700486,0.06161971,0.05201404,0.042645,0.0345648,0.02796332,0.02272541,0.01865635,0.0155696,0.01330832,0.01173888,0.0107367,0.01017797,0.00994326,0.00992775,0.0100489,0.01024739
Gram_error_fro,4.0,1,14,3,0.0,0.01626068,0.01125044,0.00811133,0.00601885,0.00476202,0.00403372,0.00358049,0.00325445,0.00298523,0.00274342,0.00251798,0.00230537,0.00210479,0.00191632,0.00174013,0.00157628,0.00142461
Gram_error_fro,4.0,1,14,3,0.0,0.05731811,0.05334907,0.04266866,0.03301545,0.02545832,0.01979493,0.015646,0.01266809,0.01057764,0.00914029,0.00816249,0.00749007,0.00700837,0.00663863,0.00633056,0.00605412,0.0057925
Gram_error_fro,0.0,1,14,2,0.0,0.0,0.0,0.0,0.0,0.0,0.0,0.0,0.0,0.0,0.0,0.0,0.0,0.0,0.0,0.0,0.0,0.0
Gram_error_fro,2.0,1,14,2,0.0,0.00849496,0.0025116,0.00197895,0.0021223,0.0022152,0.00219868,0.00210298,0.00196112,0.00179694,0.00162586,0.00145731,0.00129684,0.00114743,0.0010105,0.00088643,0.00077502,0.00067566
Gram_error_fro,2.0,1,14,2,0.0,0.00849496,0.0025116,0.00197895,0.0021223,0.0022152,0.00219868,0.00210298,0.00196112,0.00179694,0.00162586,0.00145731,0.00129684,0.00114743,0.0010105,0.00088643,0.00077502,0.00067566
Gram_error_fro,2.0,1,14,2,0.0,0.0330168,0.01692011,0.00993218,0.00619407,0.00406278,0.00291629,0.00236718,0.00211393,0.00196636,0.00183964,0.00170732,0.0015663,0.00142068,0.00127565,0.00113554,0.0010034,0.00088113
Gram_error_fro,2.0,1,14,2,0.0,0.02925762,0.01592081,0.01044026,0.00744868,0.00549767,0.00413145,0.00314742,0.0024297,0.00190263,0.00151342,0.00122404,0.00100671,0.00084109,0.00071244,0.00061025,0.00052716,0.00045811
Gram_error_fro,2.0,1,14,2,0.0,0.03431359,0.00648294,0.00150293,0.00065848,0.00072237,0.00087202,0.00097609,0.00103176,0.00104924,0.00103859,0.00100802,0.00096391,0.00091108,0.00085317,0.00079289,0.00073219,0.00067251
Gram_error_fro,2.0,1,14,2,0.0,0.01345174,0.00360406,0.00223983,0.002107,0.00203088,0.00190695,0.00174971,0.00158008,0.0014123,0.00125431,0.00110982,0.00097997,0.0008645,0.00076246,0.00067256,0.00059347,0.00052389
Gram_error_fro,4.0,1,14,2,0.0,0.04221818,0.02106293,0.01098252,0.00580238,0.00312501,0.0020443,0.0018974,0.00199212,0.00204454,0.00201567,0.00192365,0.00179207,0.00163986,0.00148042,0.00132263,0.00117203,0.00103186
Gram_error_fro,4.0,1,14,2,0.0,0.06180449,0.0323755,0.02258089,0.01736717,0.01371133,0.01101534,0.00899894,0.00746794,0.00628385,0.00534972,0.00459835,0.00398315,0.00347152,0.00304035,0.0026729,0.00235688,0.00208302
Gram_error_fro,4.0,1,14,2,0.0,0.04875509,0.02568696,0.01747696,0.01313535,0.01021778,0.00807336,0.00644116,0.00517684,0.00418622,0.00340313,0.00277949,0.0022796,0.0018766,0.00155005,0.00128424,0.00106696,0.00088869
Gram_error_fro,4.0,1,14,2,0.0,0.08999182,0.05657299,0.04190502,0.03316217,0.02683247,0.02191491,0.01799981,0.01485047,0.01230129,0.01022733,0.00853184,0.00713934,0.0059906,0.00503905,0.00424783,0.00358766,0.00303514
Gram_error_fro,2.0,1,14,2,0.0,0.03875521,0.01974698,0.01297711,0.00939757,0.00701753,0.00529991,0.00402351,0.00306312,0.00233596,0.00178355,0.00136322,0.00104334,0.00080019,0.00061581,0.00047652,0.00037178,0.00029345
Gram_error_fro,4.0,1,14,2,0.0,0.04625362,0.0242399,0.01566512,0.01138089,0.00878155,0.00702888,0.0057639,0.00480281,0.00404345,0.00342607,0.00291405,0.00248377,0.00211912,0.00180852,0.0015432,0.00131625,0.00112204
Gram_error_fro,4.0,1,14,2,0.0,0.00725344,0.00218579,0.00307344,0.00406203,0.00439839,0.00435835,0.00412045,0.00378715,0.00341693,0.00304307,0.00268421,0.00235024,0.00204581,0.00177238,0.00152947,0.00131552,0.00112834
Gram_error_fro,4.0,1,14,2,0.0,0.03856882,0.01923062,0.01224564,0.00884512,0.00682419,0.00548568,0.00453542,0.00382275,0.00326277,0.00280586,0.0024226,0.00209516,0.00181229,0.00156651,0.00135243,0.00116592,0.00100357
Gram_error_fro,4.0,1,14,2,0.0,0.07443152,0.0476383,0.03294456,0.02389479,0.01763318,0.01311246,0.00980023,0.00735579,0.00554225,0.00419063,0.00317928,0.00241999,0.00184844,0.00141739,0.00109192,0.00084601,0.00066015
Gram_error_fro,0.0,1,14,7,0.0,0.0,0.0,0.0,0.0,0.0,0.0,0.0,0.0,0.0,0.0,0.0,0.0,0.0,0.0,0.0,0.0,0.0
Gram_error_fro,2.0,1,14,7,0.0,0.05598249,0.04656917,0.03840233,0.03239688,0.02751402,0.02337325,0.01982816,0.0167946,0.01420752,0.01201024,0.01015167,0.00858544,0.00726978,0.00616737,0.00524528,0.00447476,0.00383096
Gram_error_fro,2.0,1,14,7,0.0,0.07704493,0.07040038,0.0572487,0.04516509,0.035277,0.0274967,0.02145934,0.01679039,0.01317656,0.01037288,0.0081921,0.00649182,0.00516348,0.00412388,0.0033089,0.00266892,0.00216539
Gram_error_fro,2.0,1,14,7,0.0,0.0739607,0.06565754,0.05317616,0.04220093,0.0332628,0.02617619,0.02061135,0.01625228,0.0128375,0.01016078,0.00806156,0.00641484,0.00512293,0.00410923,0.00331351,0.00268837,0.00219644
Gram_error_fro,2.0,1,14,7,0.0,0.06179111,0.04901883,0.03750748,0.02893387,0.02242507,0.01743439,0.01359618,0.01064041,0.00836188,0.00660377,0.00524586,0.00419564,0.00338175,0.00274901,0.0022548,0.0018663,0.00155839
Gram_error_fro,2.0,1,14,7,0.0,0.04453026,0.03698941,0.03143971,0.02801208,0.02527648,0.02278519,0.0204426,0.01824466,0.01620632,0.01434082,0.01265417,0.01114498,0.00980599,0.00862588,0.00759105,0.00668688,0.00589874
Gram_error_fro,4.0,1,14,7,0.0,0.1035466,0.09013538,0.07182384,0.05671913,0.04479637,0.03545298,0.02814078,0.02241479,0.0179244,0.01439673,0.01162012,0.00943038,0.00769975,0.00632862,0.00523906,0.00437005,0.00367374
Gram_error_fro,2.0,1,14,7,0.0,0.05344618,0.05607338,0.05115591,0.04393753,0.03662451,0.0300604,0.02447754,0.01985727,0.0160905,0.01304586,0.01059703,0.00863254,0.00705806,0.00579567,0.00478195,0.00396582,0.00330647
Gram_error_fro,4.0,1,14,7,0.0,0.06582182,0.05244995,0.03794169,0.02726871,0.01978376,0.01453663,0.01081562,0.00814006,0.00619098,0.00475453,0.00368476,0.00288031,0.00226979,0.00180232,0.00144129,0.00116014,0.00093943
Gram_error_fro,2.0,1,14,7,0.0,0.04952312,0.03928734,0.0291047,0.02152249,0.016079,0.01216822,0.00932811,0.00723956,0.00568509,0.00451462,0.00362309,0.00293612,0.00240061,0.00197843,0.00164199,0.00137116,0.00115112
Gram_error_fro,4.0,1,14,7,0.0,0.08638078,0.08119167,0.06969918,0.05771101,0.0468456,0.03765745,0.03016669,0.02417638,0.01943255,0.01569187,0.01274485,0.01041984,0.00857981,0.00711701,0.00594742,0.00500598,0.00424246
Gram_error_fro,4.0,1,14,7,0.0,0.08015507,0.0791427,0.06698404,0.05375823,0.04216966,0.0327653,0.02538841,0.01969234,0.0153236,0.01197914,0.00941662,0.00744838,0.00593135,0.00475723,0.00384424,0.00313057,0.00256948
Gram_error_fro,4.0,1,14,7,0.0,0.10840583,0.09639385,0.07902731,0.06388989,0.05149792,0.04159018,0.03374229,0.02753475,0.02261065,0.01868543,0.01553852,0.0130007,0.01094224,0.00926324,0.00788633,0.00675116,0.00581031
Gram_error_fro,6.0,1,14,7,0.0,0.09458222,0.0902579,0.0781561,0.06488922,0.05271192,0.04241092,0.03404738,0.02739895,0.0221693,0.01807349,0.01486669,0.0123492,0.01036264,0.00878357,0.00751688,0.00648997,0.00564779
Gram_error_fro,4.0,1,14,7,0.0,0.0940724,0.08175662,0.06430915,0.04985346,0.03876518,0.03044819,0.02421319,0.01948657,0.015845,0.01299222,0.01072446,0.00890066,0.00742106,0.00621311,0.00522243,0.00440713,0.00373429
Gram_error_fro,2.0,1,14,7,0.0,0.07162308,0.06269559,0.05275656,0.04389372,0.03617994,0.02968147,0.02433423,0.01999588,0.01650204,0.01369626,0.01144188,0.00962503,0.00815341,0.00695365,0.00596811,0.00515193,0.00447036
Gram_error_fro,0.0,1,14,2,0.0,0.0,0.0,0.0,0.0,0.0,0.0,0.0,0.0,0.0,0.0,0.0,0.0,0.0,0.0,0.0,0.0,0.0
Gram_error_fro,2.0,1,14,2,0.0,0.08324481,0.04551847,0.03129285,0.02306687,0.01723935,0.01287713,0.00956932,0.00705598,0.00514822,0.00370352,0.0026138,0.00179759,0.00119482,0.0007644,0.00048626,0.0003604,0.00035961
Gram_error_fro,2.0,1,14,2,0.0,0.01000883,0.00664721,0.00434513,0.00304414,0.0023171,0.00193737,0.00175684,0.00167602,0.00163679,0.00160961,0.00158106,0.00154592,0.00150289,0.0014525,0.00139599,0.00133484,0.0012705
Gram_error_fro,2.0,1,14,2,0.0,0.00279925,0.00107987,0.00066403,0.00056941,0.00062833,0.00079407,0.00100121,0.00119656,0.00135421,0.00146616,0.00153374,0.00156241,0.001559,0.0015303,0.00148245,0.0014207,0.00134939
Gram_error_fro,0.0,1,14,2,0.0,0.0,0.0,0.0,0.0,0.0,0.0,0.0,0.0,0.0,0.0,0.0,0.0,0.0,0.0,0.0,0.0,0.0
Gram_error_fro,2.0,1,14,2,0.0,0.05037234,0.04601063,0.03993993,0.03445843,0.0296767,0.02556478,0.02205042,0.0190513,0.01648998,0.01429864,0.01241954,0.01080419,0.00941209,0.00820953,0.00716842,0.00626528,0.00548046
Gram_error_fro,4.0,1,14,2,0.0,0.06887055,0.04917294,0.03528243,0.02534804,0.01792432,0.01235664,0.00822829,0.00525385,0.00328385,0.00232927,0.00228556,0.00263401,0.00299953,0.00327373,0.00344504,0.00352683,0.00353694
Gram_error_fro,4.0,2,14,2,0.0,0.05621441,0.04023658,0.0315316,0.02522718,0.02018792,0.01608624,0.0127541,0.01007567,0.00797162,0.00639638,0.00532977,0.00474876,0.00458527,0.0047193,0.00502444,0.00540734,0.00581202
Gram_error_fro,4.0,1,14,2,0.0,0.02492874,0.02008918,0.01761717,0.01585292,0.01439678,0.01311183,0.01194237,0.01086451,0.00986737,0.00894533,0.00809477,0.00731258,0.00659564,0.00594054,0.00534364,0.0048011,0.00430906
Gram_error_fro,4.0,1,14,2,0.0,0.06204276,0.05067075,0.04399342,0.03852425,0.0335657,0.02909927,0.02515239,0.02171328,0.01874143,0.01618419,0.01398737,0.0121004,0.0104784,0.00908259,0.00787986,0.00684218,0.00594578
Gram_error_fro,2.0,1,14,2,0.0,0.01290196,0.00782876,0.0049978,0.00363048,0.00302743,0.00277448,0.00263672,0.00251555,0.00238266,0.00223624,0.00208189,0.00192581,0.00177284,0.00162627,0.00148803,0.00135912,0.00123984
Gram_error_fro,6.0,1,14,2,0.0,0.07908522,0.03444714,0.02276171,0.01901602,0.01656671,0.01453734,0.01279166,0.01127432,0.00994694,0.00878079,0.00775373,0.00684793,0.00604852,0.00534271,0.00471934,0.00416861,0.00368192
Gram_error_fro,4.0,1,14,2,0.0,0.11082071,0.08571683,0.07331462,0.0663451,0.06165495,0.058029,0.05492272,0.05207995,0.04938293,0.04678222,0.04426143,0.04181916,0.03945982,0.03718917,0.03501228,0.03293274,0.03095251
Gram_error_fro,2.0,1,14,2,0.0,0.04328874,0.03793301,0.03302549,0.02863985,0.02468221,0.02118253,0.01814479,0.01553832,0.01331519,0.01142336,0.00981365,0.00844246,0.00727244,0.00627211,0.00541519,0.00467975,0.00404752
Gram_error_fro,2.0,1,14,2,0.0,0.06596801,0.04719372,0.03703977,0.03019018,0.02483808,0.02048113,0.01690931,0.01398262,0.01158666,0.00962467,0.00801586,0.00669383,0.00560466,0.00470487,0.00395947,0.00334033,0.00282475
Gram_error_fro,4.0,1,14,2,0.0,0.11326243,0.06339449,0.0439722,0.03358565,0.02636428,0.02088438,0.01662152,0.01327886,0.01064762,0.00856979,0.0069235,0.00561438,0.00456941,0.00373204,0.00305848,0.00251472,0.00207427
Gram_error_fro,0.0,1,14,3,0.0,0.0,0.0,0.0,0.0,0.0,0.0,0.0,0.0,0.0,0.0,0.0,0.0,0.0,0.0,0.0,0.0,0.0
Gram_error_fro,2.0,1,14,3,0.0,0.03755919,0.01614224,0.00917903,0.0064142,0.00485217,0.00377838,0.00298334,0.00237596,0.00190366,0.00153199,0.00123705,0.00100166,0.00081308,0.00066165,0.00053989,0.00044192,0.00036307
Gram_error_fro,2.0,1,14,3,0.0,0.0745969,0.06325512,0.05247969,0.04311483,0.03533697,0.02900159,0.02387869,0.01974084,0.01639122,0.01366883,0.01144546,0.00962024,0.00811414,0.00686523,0.00582479,0.00495433,0.00422328
Gram_error_fro,2.0,1,14,3,0.0,0.02306443,0.0119258,0.00740988,0.00555473,0.00471806,0.00418713,0.00373904,0.00332264,0.00293257,0.00257218,0.00224441,0.00195017,0.00168873,0.00145824,0.00125629,0.00108018,0.00092721
Gram_error_fro,2.0,1,14,3,0.0,0.03332697,0.02283462,0.01689614,0.01320019,0.01061698,0.00868801,0.00718968,0.0059947,0.00502356,0.00422358,0.00355826,0.0030013,0.00253302,0.00213823,0.00180487,0.00152316,0.00128503
Gram_error_fro,2.0,1,14,3,0.0,0.02870556,0.02344531,0.01837036,0.01463198,0.01182662,0.00964948,0.00792249,0.0065332,0.00540467,0.00448144,0.0037222,0.00309542,0.00257652,0.00214605,0.00178841,0.00149096,0.00124337
Gram_error_fro,2.0,1,14,3,0.0,0.03314322,0.02131696,0.01564343,0.01232492,0.01001931,0.00827469,0.0068978,0.00578448,0.00487005,0.00411095,0.00347621,0.00294283,0.00249316,0.00211325,0.00179182,0.00151965,0.00128906
Gram_error_fro,4.0,1,14,3,0.0,0.03918949,0.01714687,0.01105482,0.00921104,0.00823594,0.00746967,0.00678438,0.00615485,0.00557699,0.00504999,0.00457234,0.00414136,0.00375353,0.00340493,0.00309159,0.00280969,0.00255575
Gram_error_fro,4.0,1,14,3,0.0,0.05758237,0.02742016,0.0165992,0.01177751,0.00908948,0.00737448,0.00615962,0.00522402,0.00446083,0.00381704,0.00326483,0.00278804,0.00237592,0.0020203,0.00171429,0.00145184,0.00122748
Gram_error_fro,4.0,1,14,3,0.0,0.05965037,0.03690975,0.02554915,0.01843418,0.01347424,0.00992394,0.00736264,0.00550766,0.00416118,0.00318291,0.00247203,0.00195504,0.0015777,0.00129976,0.0010916,0.00093187,0.00080565
Gram_error_fro,4.0,1,14,3,0.0,0.08149509,0.0413616,0.02489762,0.01811599,0.01488553,0.01301555,0.01170472,0.01065057,0.00973476,0.00890897,0.00815225,0.00745459,0.00681039,0.00621582,0.00566775,0.00516332,0.00469979
Gram_error_fro,4.0,1,14,3,0.0,0.03745144,0.01753555,0.01049367,0.00754373,0.00594738,0.00494168,0.0042605,0.00377485,0.00341,0.00312044,0.00287834,0.00266687,0.00247598,0.0022998,0.00213495,0.00197958,0.00183268
Gram_error_fro,2.0,1,14,3,0.0,0.0745969,0.06325512,0.05247969,0.04311483,0.03533697,0.02900159,0.02387869,0.01974084,0.01639122,0.01366883,0.01144546,0.00962024,0.00811414,0.00686523,0.00582479,0.00495433,0.00422328
Gram_error_fro,4.0,1,14,3,0.0,0.03693554,0.01356012,0.00764746,0.00633115,0.00574117,0.00519122,0.00462106,0.00405717,0.00352553,0.00304101,0.00260946,0.00223105,0.00190275,0.00162001,0.00137776,0.00117094,0.00099478
Gram_error_fro,4.0,1,14,3,0.0,0.0677179,0.04000502,0.02833923,0.02183512,0.01738614,0.01407347,0.01151009,0.0094838,0.00785973,0.00654496,0.00547235,0.00459189,0.00386546,0.0032635,0.0027628,0.00234493,0.00199511
Gram_error_fro,6.0,1,14,3,0.0,0.08323982,0.05192214,0.03910277,0.03237869,0.02762889,0.02384399,0.02070038,0.01804253,0.01577302,0.01382231,0.01213737,0.01067621,0.00940485,0.00829539,0.00732472,0.00647355,0.00572567
Gram_error_fro,0.0,1,14,6,0.0,0.0,0.0,0.0,0.0,0.0,0.0,0.0,0.0,0.0,0.0,0.0,0.0,0.0,0.0,0.0,0.0,0.0
Gram_error_fro,2.0,1,14,6,0.0,0.05148974,0.04710294,0.04199068,0.03748448,0.03339984,0.02960914,0.0261059,0.02292121,0.02007614,0.01757018,0.01538501,0.01349157,0.01185626,0.0104451,0.00922621,0.00817108,0.00725492
Gram_error_fro,2.0,1,14,6,0.0,0.09760778,0.08128455,0.05874458,0.04241185,0.03124602,0.02341102,0.01773571,0.01353841,0.01040114,0.00804639,0.0062777,0.00495028,0.00395502,0.00320872,0.00264769,0.0022233,0.00189871
Gram_error_fro,2.0,1,14,6,0.0,0.07623887,0.06211881,0.04484674,0.03183825,0.02276291,0.01660792,0.01249227,0.00974399,0.00788088,0.00657609,0.00562043,0.00488621,0.00429759,0.00380962,0.00339511,0.00303692,0.00272373
Gram_error_fro,2.0,1,14,6,0.0,0.0658274,0.06047093,0.05223126,0.04414808,0.03694282,0.03087759,0.02593985,0.02198521,0.01883019,0.01629999,0.01424777,0.01255844,0.01114545,0.00994522,0.0089115,0.00801065,0.00721805
Gram_error_fro,2.0,1,14,6,0.0,0.05544974,0.0532825,0.04691999,0.03997636,0.03351784,0.02795347,0.02336417,0.01966955,0.01672691,0.01438462,0.01250698,0.01098293,0.00972641,0.00867302,0.0077756,0.00699995,0.00632129
Gram_error_fro,4.0,1,14,6,0.0,0.08005209,0.07173131,0.05861063,0.04823741,0.04031243,0.0341447,0.02925787,0.0253224,0.02210099,0.01942167,0.01716045,0.01522796,0.01355923,0.01210624,0.01083274,0.00971069,0.00871792
Gram_error_fro,2.0,1,14,6,0.0,0.01641746,0.01478095,0.01358109,0.01271856,0.01204933,0.01144433,0.01084355,0.01023164,0.00961247,0.00899549,0.00839008,0.00780371,0.00724168,0.00670737,0.00620266,0.00572833,0.00528431
Gram_error_fro,2.0,1,14,6,0.0,0.06936571,0.05326844,0.03999284,0.03146314,0.0260598,0.02247085,0.01989785,0.01789611,0.01623024,0.01477945,0.01348217,0.01230612,0.01123307,0.01025133,0.00935236,0.00852914,0.00777551
Gram_error_fro,4.0,1,14,6,0.0,0.05885604,0.04844941,0.03729098,0.02954573,0.024576,0.02130082,0.01895837,0.01712031,0.01556964,0.01420157,0.01296593,0.01183793,0.01080407,0.00985578,0.00898647,0.00819039,0.00746215
Gram_error_fro,4.0,1,14,6,0.0,0.0983736,0.08689016,0.06727022,0.05203787,0.04116628,0.03332885,0.02752463,0.02311293,0.01968351,0.01696444,0.01476932,0.01296716,0.01146436,0.01019323,0.00910435,0.00816126,0.00733677
Gram_error_fro,4.0,1,14,6,0.0,0.0729643,0.06039023,0.04807512,0.04002949,0.03459425,0.03046537,0.02704395,0.02408985,0.02149956,0.01921594,0.01719786,0.0154112,0.01382646,0.01241801,0.01116376,0.01004468,0.00904445
Gram_error_fro,4.0,1,14,6,0.0,0.04898984,0.04273554,0.03703643,0.03299371,0.02974461,0.02690493,0.0243472,0.02202831,0.01992699,0.01802589,0.01630788,0.01475603,0.0133542,0.01208747,0.0109423,0.00990655,0.00896936
Gram_error_fro,4.0,1,14,6,0.0,0.10041421,0.09001501,0.072481,0.05752495,0.04603338,0.03736134,0.03078158,0.02572728,0.02178759,0.01866852,0.01615951,0.01410908,0.01240785,0.01097642,0.00975678,0.00870617,0.00779271
Gram_error_fro,6.0,1,14,6,0.0,0.0867473,0.07550517,0.06416741,0.05434717,0.04612946,0.03931849,0.0336858,0.02902338,0.02515107,0.02191736,0.01919812,0.01689376,0.01492558,0.01323185,0.01176424,0.01048483,0.00936359
Gram_error_fro,6.0,1,14,6,0.0,0.0883161,0.07116371,0.05272635,0.0399464,0.03167435,0.02621103,0.0223765,0.01949161,0.01719225,0.01528404,0.01365865,0.01225108,0.01101889,0.0099321,0.0089682,0.00810954,0.00734186
Gram_error_fro,0.0,1,14,3,0.0,0.0,0.0,0.0,0.0,0.0,0.0,0.0,0.0,0.0,0.0,0.0,0.0,0.0,0.0,0.0,0.0,0.0
Gram_error_fro,2.0,1,14,3,0.0,0.03923533,0.02151246,0.01698209,0.01574707,0.01516979,0.0146919,0.01419864,0.01367109,0.01311282,0.01253264,0.01193993,0.01134313,0.01074937,0.01016438,0.00959269,0.0090377,0.00850193
Gram_error_fro,2.0,1,14,3,0.0,0.04469513,0.0170869,0.00716613,0.00418464,0.00319054,0.00274656,0.00249263,0.00232169,0.00219029,0.00207798,0.00197513,0.00187756,0.00178367,0.00169301,0.00160557,0.00152149,0.00144089
Gram_error_fro,2.0,1,14,3,0.0,0.01671773,0.01213445,0.01018559,0.0089951,0.00817196,0.00756688,0.00709398,0.00670118,0.0063575,0.00604486,0.00575287,0.00547569,0.00521009,0.00495438,0.00470771,0.0044697,0.00424021
Gram_error_fro,2.0,1,14,3,0.0,0.01671773,0.01213445,0.01018559,0.0089951,0.00817196,0.00756688,0.00709398,0.00670118,0.0063575,0.00604486,0.00575287,0.00547569,0.00521009,0.00495438,0.00470771,0.0044697,0.00424021
Gram_error_fro,2.0,1,14,3,0.0,0.01255197,0.0050948,0.00180593,0.00212782,0.00334555,0.00429848,0.00497247,0.00542861,0.00572031,0.00588765,0.00595998,0.0059591,0.0059015,0.00579999,0.0056647,0.00550376,0.00532378
Gram_error_fro,4.0,1,14,3,0.0,0.03024183,0.02484796,0.02303469,0.02198735,0.02100208,0.01998462,0.01893913,0.01788312,0.0168333,0.01580327,0.01480334,0.01384092,0.01292097,0.01204654,0.01121916,0.0104392,0.00970618
Gram_error_fro,4.0,1,14,3,0.0,0.04245342,0.02554632,0.02225099,0.02141228,0.02077201,0.02001384,0.01914073,0.01819478,0.01721277,0.01622191,0.01524153,0.01428509,0.01336172,0.01247736,0.0116356,0.0108383,0.01008606
Gram_error_fro,2.0,1,14,3,0.0,0.04824196,0.02160257,0.00994964,0.00471096,0.00210521,0.00177834,0.00281362,0.00382574,0.0046206,0.00520615,0.00561382,0.0058753,0.00601853,0.00606717,0.00604094,0.00595616,0.00582625
Gram_error_fro,4.0,1,14,3,0.0,0.03090111,0.0234694,0.0211682,0.0199967,0.01890941,0.01781397,0.01673696,0.01569955,0.01471138,0.01377558,0.01289223,0.01205998,0.01127688,0.01054069,0.00984911,0.00919984,0.00859059
Gram_error_fro,2.0,1,14,3,0.0,0.0521562,0.03364253,0.02782646,0.02454069,0.02201644,0.01991192,0.01811017,0.01654764,0.01517923,0.01396978,0.01289146,0.01192233,0.01104521,0.0102466,0.00951588,0.00884455,0.00822579
Gram_error_fro,6.0,1,14,3,0.0,0.06123476,0.02768251,0.01868493,0.01519058,0.01295927,0.01126884,0.00990718,0.00877203,0.0078035,0.00696375,0.00622747,0.00557693,0.00499903,0.00448373,0.00402301,0.00361027,0.00323997
Gram_error_fro,4.0,1,14,3,0.0,0.04393554,0.01879872,0.00732209,0.00372825,0.00443107,0.00563707,0.00652961,0.00711682,0.00746734,0.00763932,0.00767727,0.00761499,0.0074783,0.00728701,0.00705646,0.00679852,0.00652246
Gram_error_fro,6.0,1,14,3,0.0,0.11458257,0.104818,0.09082629,0.077447,0.06578707,0.05589391,0.04757012,0.04058392,0.03471998,0.02979114,0.02563923,0.02213251,0.01916208,0.0166383,0.01448742,0.01264879,0.01107243
Gram_error_fro,4.0,2,14,3,0.0,0.04191103,0.01471097,0.00906899,0.0088127,0.00857699,0.00807258,0.00743656,0.00676851,0.00613335,0.00557851,0.00514122,0.00484839,0.00471241,0.00472762,0.00487236,0.00511641,0.00542923
Gram_error_fro,4.0,1,14,3,0.0,0.0830677,0.03906832,0.02813463,0.02469395,0.02256878,0.02081719,0.0192717,0.01788164,0.01661909,0.01546389,0.01440054,0.01341704,0.01250403,0.01165418,0.01086161,0.01012154,0.00942996
Gram_error_fro,0.0,1,14,3,0.0,0.0,0.0,0.0,0.0,0.0,0.0,0.0,0.0,0.0,0.0,0.0,0.0,0.0,0.0,0.0,0.0,0.0
Gram_error_fro,2.0,1,14,3,0.0,0.01870355,0.01368884,0.01082452,0.00884821,0.00732783,0.00611743,0.00514318,0.00435346,0.00370834,0.00317659,0.00273408,0.00236233,0.00204731,0.00177833,0.00154721,0.00134763,0.0011746
Gram_error_fro,2.0,1,14,3,0.0,0.04272106,0.02866729,0.02225391,0.0182401,0.01522739,0.01282051,0.0108466,0.0092064,0.00783353,0.00667912,0.00570515,0.00488109,0.00418209,0.00358777,0.00308133,0.00264891,0.00227901
Gram_error_fro,2.0,1,14,3,0.0,0.04150495,0.02705686,0.01869916,0.01323371,0.00954874,0.00703438,0.00529721,0.00407962,0.00321291,0.002586,0.0021249,0.00177969,0.00151626,0.00131106,0.00114773,0.00101485,0.00090444
Gram_error_fro,2.0,1,14,3,0.0,0.05455649,0.0442423,0.03421356,0.02688866,0.02149734,0.01741981,0.01426209,0.01176912,0.00977039,0.00814858,0.00682057,0.00572566,0.00481826,0.00406324,0.00343302,0.00290557,0.00246313
Gram_error_fro,2.0,1,14,3,0.0,0.04669921,0.03010454,0.02242659,0.01735125,0.01365824,0.01090362,0.00881083,0.00719053,0.00591367,0.00489242,0.00406608,0.00339165,0.00283769,0.00238053,0.00200187,0.00168733,0.0014254
Gram_error_fro,2.0,1,14,3,0.0,0.06971857,0.06148307,0.04931836,0.03963933,0.0322107,0.02644404,0.02191273,0.01831299,0.0154219,0.01307434,0.01114788,0.00955151,0.00821711,0.00709319,0.00614034,0.00532798,0.00463212
Gram_error_fro,4.0,1,14,3,0.0,0.06292756,0.04907791,0.03712901,0.02894556,0.02322947,0.0190416,0.01583741,0.01330189,0.01124585,0.00954998,0.00813489,0.00694483,0.00593868,0.0050849,0.00435846,0.00373916,0.00321035
Gram_error_fro,4.0,1,14,3,0.0,0.08112614,0.06892711,0.05684825,0.04676152,0.03844094,0.03166601,0.02619045,0.0217679,0.01818278,0.0152601,0.01286263,0.01088393,0.00924148,0.00787098,0.00672195,0.00575445,0.00493665
Gram_error_fro,4.0,1,14,3,0.0,0.04507985,0.03247067,0.02402757,0.01864381,0.01487725,0.01207474,0.0099165,0.00821844,0.00686163,0.00576412,0.00486724,0.00412793,0.00351398,0.00300086,0.00256965,0.00220555,0.00189684
Gram_error_fro,2.0,1,14,3,0.0,0.0551026,0.04348853,0.03761876,0.03362373,0.0303087,0.02737877,0.02475108,0.02238973,0.02026793,0.01836086,0.01664527,0.01509999,0.01370613,0.0124471,0.01130839,0.01027729,0.0093427
Gram_error_fro,4.0,1,14,3,0.0,0.08112614,0.06892711,0.05684825,0.04676152,0.03844094,0.03166601,0.02619045,0.0217679,0.01818278,0.0152601,0.01286263,0.01088393,0.00924148,0.00787098,0.00672195,0.00575445,0.00493665
Gram_error_fro,2.0,1,14,3,0.0,0.0615048,0.07139459,0.07084254,0.06715995,0.06244136,0.05749538,0.0526796,0.04815097,0.04396815,0.04014115,0.03665663,0.03349109,0.03061759,0.02800901,0.0256397,0.02348602,0.02152661
Gram_error_fro,4.0,1,14,3,0.0,0.09324368,0.09472145,0.08998569,0.08601343,0.08199212,0.07755809,0.0728139,0.06795807,0.06315528,0.0585161,0.05410637,0.04996044,0.04609181,0.04250073,0.03917933,0.036115,0.03329258
Gram_error_fro,4.0,1,14,3,0.0,0.02503586,0.02114244,0.01789015,0.01507055,0.01270205,0.01073017,0.00908655,0.00771452,0.00656838,0.00561009,0.00480754,0.00413368,0.00356599,0.00308591,0.00267825,0.00233067,0.00203312
Gram_error_fro,4.0,2,14,3,0.0,0.04588536,0.03888129,0.02914056,0.02111351,0.01565241,0.01251705,0.01108403,0.01064871,0.0106784,0.01088001,0.01112296,0.01135728,0.01156739,0.01175103,0.01191049,0.01204914,0.01217023
Gram_error_fro,0.0,1,14,6,0.0,0.0,0.0,0.0,0.0,0.0,0.0,0.0,0.0,0.0,0.0,0.0,0.0,0.0,0.0,0.0,0.0,0.0
Gram_error_fro,2.0,1,14,6,0.0,0.05290568,0.05217356,0.04607685,0.03924555,0.03286462,0.02728025,0.02255621,0.01864173,0.01543967,0.01283977,0.01073549,0.00903187,0.00764832,0.00651865,0.00558979,0.00481988,0.00417629
Gram_error_fro,2.0,1,14,6,0.0,0.04472854,0.03681997,0.02888558,0.02325046,0.01923355,0.01615758,0.01366926,0.01160368,0.00987402,0.00842251,0.00720338,0.00617802,0.00531359,0.0045826,0.00396227,0.00343391,0.00298228
Gram_error_fro,2.0,1,14,6,0.0,0.06457094,0.05074376,0.03490378,0.0231529,0.01525561,0.01014098,0.00688398,0.00482952,0.00353941,0.00272478,0.00219758,0.00183952,0.00158011,0.0013795,0.00121591,0.00107749,0.00095764
Gram_error_fro,0.0,1,14,6,0.0,0.0,0.0,0.0,0.0,0.0,0.0,0.0,0.0,0.0,0.0,0.0,0.0,0.0,0.0,0.0,0.0,0.0
Gram_error_fro,2.0,1,14,6,0.0,0.04740029,0.04083823,0.03150472,0.02442057,0.01950431,0.0159883,0.01332649,0.01121701,0.00949856,0.00807807,0.00689476,0.00590431,0.00507217,0.00437052,0.00377673,0.00327231,0.00284219
Gram_error_fro,4.0,1,14,6,0.0,0.07757065,0.06141322,0.04596593,0.03559133,0.02868615,0.02398563,0.02066534,0.01819954,0.01626564,0.01467285,0.01331049,0.0121143,0.01104618,0.01008251,0.00920776,0.00841092,0.00768365
Gram_error_fro,2.0,1,14,6,0.0,0.06457094,0.05074376,0.03490378,0.0231529,0.01525561,0.01014098,0.00688398,0.00482952,0.00353941,0.00272478,0.00219758,0.00183952,0.00158011,0.0013795,0.00121591,0.00107749,0.00095764
Gram_error_fro,2.0,1,14,6,0.0,0.08832934,0.07649195,0.06001561,0.04708929,0.03741881,0.03005894,0.02433797,0.01982628,0.01623692,0.01336499,0.01105663,0.0091931,0.00768165,0.00644956,0.00543981,0.00460771,0.00391819
Gram_error_fro,4.0,1,14,6,0.0,0.06485808,0.05492257,0.04254175,0.0337187,0.02764587,0.02317192,0.01964029,0.01673509,0.01429942,0.01224216,0.01049971,0.00902193,0.00776711,0.00670008,0.00579115,0.00501537,0.00435182
Gram_error_fro,4.0,1,14,6,0.0,0.06133664,0.05659525,0.04838511,0.04066626,0.03392477,0.02815921,0.02330467,0.01927441,0.01596598,0.01327093,0.01108447,0.00931198,0.00787208,0.00669718,0.00573255,0.00493471,0.00426951
Gram_error_fro,4.0,1,14,6,0.0,0.09651744,0.08088919,0.06080172,0.04598377,0.0354407,0.02773401,0.02194837,0.01752943,0.01411969,0.01147112,0.00940247,0.00777743,0.00649221,0.00546758,0.00464315,0.00397311,0.0034228
Gram_error_fro,6.0,1,14,6,0.0,0.08602309,0.06766824,0.04836947,0.0338933,0.02394825,0.01729671,0.01284538,0.0098186,0.00770835,0.00619289,0.0050708,0.00421563,0.00354702,0.00301285,0.00257844,0.00222003,0.00192085
Gram_error_fro,4.0,1,14,6,0.0,0.08600316,0.07288932,0.05611749,0.04315494,0.03374602,0.02681779,0.02159781,0.0176013,0.01451139,0.01210517,0.01021731,0.00872227,0.00752438,0.00655131,0.005749,0.00507742,0.00450721
Gram_error_fro,4.0,1,14,6,0.0,0.06432913,0.05271506,0.03958846,0.02960459,0.02239234,0.01716948,0.01333035,0.01046368,0.0082954,0.00663936,0.00536518,0.00437887,0.00361105,0.00300971,0.00253546,0.00215831,0.0018554
Gram_error_fro,2.0,1,14,6,0.0,0.06671566,0.05443558,0.04397347,0.0362092,0.02994869,0.02478804,0.0205692,0.01716293,0.01443445,0.01225229,0.01049932,0.00907817,0.00791184,0.00694146,0.00612301,0.00542394,0.00482023
Gram_error_fro,0.0,1,14,3,0.0,0.0,0.0,0.0,0.0,0.0,0.0,0.0,0.0,0.0,0.0,0.0,0.0,0.0,0.0,0.0,0.0,0.0
Gram_error_fro,2.0,1,14,3,0.0,0.04640619,0.03978577,0.03013798,0.0224709,0.01684549,0.01276446,0.00978508,0.00758402,0.00593684,0.00468931,0.00373471,0.00299807,0.00242573,0.00197861,0.00162773,0.00135126,0.00113259
Gram_error_fro,2.0,1,14,3,0.0,0.03939287,0.02539497,0.01802996,0.01382355,0.0110064,0.00895808,0.00740634,0.00620052,0.00524566,0.0044778,0.0038521,0.00333624,0.00290641,0.00254476,0.00223776,0.00197504,0.00174856
Gram_error_fro,2.0,1,14,3,0.0,0.03702152,0.01182281,0.00489593,0.00298219,0.00220984,0.00182496,0.00163905,0.00156083,0.00153099,0.00151439,0.0014937,0.00146233,0.0014192,0.00136569,0.00130407,0.00123674,0.00116587
Gram_error_fro,2.0,1,14,3,0.0,0.02633992,0.01747839,0.01312745,0.01053386,0.00876018,0.00744066,0.00640763,0.00557056,0.00487572,0.00428945,0.00378955,0.00336043,0.00299045,0.00267042,0.00239278,0.0021512,0.00194032
Gram_error_fro,0.0,1,14,3,0.0,0.0,0.0,0.0,0.0,0.0,0.0,0.0,0.0,0.0,0.0,0.0,0.0,0.0,0.0,0.0,0.0,0.0
Gram_error_fro,4.0,1,14,3,0.0,0.07539199,0.05302979,0.0396832,0.03177852,0.02674028,0.02328592,0.02072982,0.01870138,0.01700045,0.01551813,0.01419401,0.01299348,0.01189576,0.01088754,0.00995962,0.00910509,0.00831835
Gram_error_fro,0.0,1,14,3,0.0,0.038061,0.02214592,0.0155785,0.01223151,0.01009834,0.00853686,0.00730719,0.00630154,0.00546177,0.0047516,0.00414592,0.00362622,0.00317818,0.00279045,0.00245384,0.0021608,0.00190509
Gram_error_fro,4.0,1,14,3,0.0,0.04372108,0.02054148,0.0155024,0.01349123,0.01185261,0.01038746,0.00909287,0.00796192,0.0069787,0.00612482,0.00538274,0.00473693,0.00417398,0.00368242,0.00325246,0.00287572,0.00254505
Gram_error_fro,4.0,1,14,3,0.0,0.02559779,0.01668554,0.01283599,0.01082933,0.00948107,0.00842506,0.00754193,0.00677599,0.00609496,0.00547979,0.00491963,0.00440827,0.00394188,0.00351766,0.00313317,0.00278598,0.00247363
Gram_error_fro,4.0,1,14,3,0.0,0.02469675,0.01462768,0.01196235,0.01059433,0.00948888,0.00848637,0.00756375,0.00672168,0.0059615,0.00528129,0.00467635,0.00414043,0.0036667,0.00324841,0.00287918,0.00255323,0.00226536
Gram_error_fro,4.0,1,14,3,0.0,0.03734762,0.01758014,0.01149325,0.0093392,0.00811289,0.00716082,0.00633625,0.005603,0.00494945,0.00436878,0.00385463,0.00340056,0.00300024,0.00264765,0.00233723,0.00206395,0.00182334
Gram_error_fro,4.0,1,14,3,0.0,0.05497326,0.04402962,0.03326082,0.02505515,0.01893067,0.01437436,0.01097791,0.0084307,0.00650466,0.00503593,0.00390745,0.00303518,0.00235804,0.00183096,0.00142015,0.00109996,0.00085069
Gram_error_fro,6.0,1,14,3,0.0,0.07616096,0.04868031,0.03082684,0.02015765,0.0134686,0.00911355,0.00622159,0.00429066,0.00301298,0.00219118,0.00168967,0.00140386,0.00124813,0.00115912,0.00109822,0.00104591,0.00099401
Gram_error_fro,6.0,1,14,3,0.0,0.07214424,0.0501476,0.03603182,0.02631531,0.01934914,0.01436123,0.01079962,0.00824932,0.0064095,0.00506853,0.00407971,0.00334152,0.00278329,0.00235531,0.0020222,0.00175859,0.00154616
Gram_error_fro,4.0,1,14,3,0.0,0.07895598,0.0436066,0.02719473,0.01846138,0.01289125,0.00906716,0.00638649,0.00450131,0.00318203,0.00227182,0.00166254,0.00127647,0.00105084,0.00092943,0.00086531,0.00082658,0.00079577
Gram_error_fro,0.0,1,14,3,0.0,0.0,0.0,0.0,0.0,0.0,0.0,0.0,0.0,0.0,0.0,0.0,0.0,0.0,0.0,0.0,0.0,0.0
Gram_error_fro,2.0,1,14,3,0.0,0.01852958,0.01532882,0.01382339,0.01270926,0.01176509,0.01093537,0.01019303,0.00951663,0.00888977,0.00830148,0.00774524,0.0072175,0.00671648,0.00624128,0.0057914,0.00536643,0.00496591
Gram_error_fro,2.0,1,14,3,0.0,0.02416712,0.01669465,0.0133692,0.01143833,0.00995021,0.00869504,0.00761669,0.00668702,0.00588397,0.00518844,0.00458404,0.00405695,0.00359566,0.00319063,0.00283397,0.00251909,0.00224052
Gram_error_fro,2.0,1,14,3,0.0,0.05674718,0.03960671,0.03007337,0.02398532,0.0195027,0.01601411,0.01324006,0.01101066,0.00920511,0.00773211,0.00652156,0.00551957,0.00468466,0.00398488,0.00339542,0.00289689,0.00247391
Gram_error_fro,2.0,1,14,3,0.0,0.02812357,0.01163644,0.00729471,0.00615501,0.00570988,0.00533418,0.00492734,0.0044987,0.00407003,0.00365738,0.00327002,0.0029124,0.00258595,0.00229027,0.002024,0.00178526,0.00157194
Gram_error_fro,2.0,1,14,3,0.0,0.02416712,0.01669465,0.0133692,0.01143833,0.00995021,0.00869504,0.00761669,0.00668702,0.00588397,0.00518844,0.00458404,0.00405695,0.00359566,0.00319063,0.00283397,0.00251909,0.00224052
Gram_error_fro,2.0,1,14,3,0.0,0.00113988,0.00031045,0.00018823,0.00041245,0.0005441,0.00060261,0.00061338,0.00059618,0.00056422,0.00052551,0.00048458,0.00044383,0.00040451,0.00036724,0.00033231,0.00029982,0.00026979
Gram_error_fro,4.0,1,14,3,0.0,0.09966448,0.08203767,0.06598866,0.0532083,0.04302124,0.03488926,0.02838874,0.0231793,0.01898968,0.01560634,0.01286237,0.01062765,0.00880057,0.00730149,0.00606766,0.00504932,0.0042068
Gram_error_fro,2.0,1,14,3,0.0,0.05047224,0.04600386,0.04131309,0.03596234,0.03078576,0.02613895,0.02211443,0.01868939,0.01579766,0.01336305,0.01131346,0.00958597,0.00812756,0.00689429,0.00584991,0.00496449,0.0042132
Gram_error_fro,2.0,2,14,3,0.0,0.06260765,0.05513975,0.04461066,0.03539341,0.02789433,0.02197629,0.01742644,0.01405117,0.01169079,0.01019889,0.00941133,0.00913937,0.00919875,0.00944303,0.00977362,0.01013135,0.0104835
Gram_error_fro,4.0,1,14,3,0.0,0.08535867,0.05365936,0.03763848,0.02852718,0.02238012,0.01786533,0.01442405,0.01175123,0.00964926,0.00797924,0.00664003,0.00555672,0.00467334,0.00394767,0.00334759,0.00284845,0.00243111
Gram_error_fro,2.0,1,14,3,0.0,0.0188496,0.00979963,0.00694382,0.00547991,0.00442071,0.00359095,0.00293104,0.00240361,0.00198039,0.00163933,0.00136322,0.00113859,0.00095496,0.0008041,0.00067956,0.00057627,0.00049021
Gram_error_fro,4.0,1,14,3,0.0,0.03495998,0.02187855,0.01513282,0.01112961,0.00832217,0.00626174,0.00473858,0.00360997,0.00277026,0.00214173,0.00166799,0.00130839,0.00103364,0.00082251,0.00065946,0.00053302,0.0004346
Gram_error_fro,2.0,1,14,3,0.0,0.01808934,0.01466551,0.01227152,0.01037784,0.00890187,0.00774146,0.00680606,0.00603066,0.00537197,0.00480162,0.00430087,0.00385695,0.00346087,0.00310601,0.00278724,0.00250046,0.00224225
Gram_error_fro,4.0,1,14,3,0.0,0.05987355,0.0501533,0.04664734,0.0432593,0.03959458,0.03588263,0.03230381,0.02896168,0.02590517,0.02314812,0.02068312,0.01849104,0.01654718,0.01482518,0.0132993,0.01194562,0.01074267
Gram_error_fro,4.0,1,14,3,0.0,0.06471147,0.05910401,0.04897955,0.03953458,0.0317338,0.0255231,0.02063492,0.01679491,0.01377074,0.01137772,0.00947276,0.00794623,0.0067144,0.00571328,0.00489376,0.00421803,0.00365677
Gram_error_fro,0.0,1,14,2,0.0,0.0,0.0,0.0,0.0,0.0,0.0,0.0,0.0,0.0,0.0,0.0,0.0,0.0,0.0,0.0,0.0,0.0
Gram_error_fro,2.0,1,14,2,0.0,0.01422054,0.00528248,0.00248823,0.00151152,0.00117802,0.00104013,0.00094295,0.0008499,0.00075702,0.00066671,0.00058158,0.00050328,0.00043261,0.00036974,0.00031444,0.00026625,0.00022456
Gram_error_fro,2.0,1,14,2,0.0,0.0404538,0.03033452,0.02422513,0.01991566,0.01655508,0.01384278,0.01162102,0.00978519,0.00825868,0.00698295,0.00591235,0.00501079,0.00424945,0.00360514,0.00305896,0.00259543,0.00220173
Gram_error_fro,2.0,1,14,2,0.0,0.0263469,0.01768959,0.01292097,0.00966524,0.00731982,0.005609,0.00434436,0.00339538,0.00267339,0.00211776,0.00168624,0.00134864,0.00108293,0.00087277,0.00070586,0.0005728,0.00046639
Gram_error_fro,2.0,1,14,2,0.0,0.01044988,0.0043127,0.00251389,0.001783,0.00133859,0.00103069,0.00081275,0.00065662,0.00054212,0.00045531,0.0003871,0.00033175,0.00028568,0.00024662,0.00021312,0.00018416,0.00015903
Gram_error_fro,0.0,1,14,2,0.0,0.0,0.0,0.0,0.0,0.0,0.0,0.0,0.0,0.0,0.0,0.0,0.0,0.0,0.0,0.0,0.0,0.0
Gram_error_fro,4.0,1,14,2,0.0,0.02355608,0.01549497,0.01282693,0.01105469,0.00953119,0.00818626,0.00701598,0.00600963,0.00514888,0.00441361,0.00378518,0.00324744,0.00278675,0.00239169,0.00205265,0.00176156,0.00151156
Gram_error_fro,2.0,1,14,2,0.0,0.02803572,0.01390742,0.00883267,0.00637286,0.00488078,0.00385035,0.00308801,0.00250336,0.0020454,0.00168136,0.00138864,0.00115103,0.00095665,0.00079663,0.00066425,0.00055431,0.00046276
Gram_error_fro,4.0,1,14,2,0.0,0.01772991,0.01197044,0.01043571,0.00926202,0.00817269,0.00717076,0.00626689,0.00546122,0.00474827,0.0041204,0.00356946,0.0030874,0.00266664,0.00230014,0.00198153,0.00170502,0.00146545
Gram_error_fro,4.0,1,14,2,0.0,0.06378275,0.02728111,0.01661591,0.01240111,0.01009302,0.00857945,0.00747929,0.006623,0.00592226,0.00532687,0.0048069,0.00434406,0.00392695,0.00354822,0.00320301,0.00288785,0.00260016
Gram_error_fro,2.0,1,14,2,0.0,0.04562913,0.03267205,0.02497355,0.01983199,0.01602814,0.01311759,0.01085768,0.00907995,0.0076617,0.00651391,0.00557238,0.0047907,0.00413498,0.00358015,0.00310733,0.00270206,0.00235307
Gram_error_fro,4.0,1,14,2,0.0,0.02145834,0.0178027,0.01870973,0.01950574,0.01979776,0.01964295,0.01917842,0.01852077,0.01775116,0.0169227,0.01606964,0.01521416,0.01437072,0.01354878,0.01275447,0.01199169,0.01126273
Gram_error_fro,4.0,1,14,2,0.0,0.09018005,0.04744035,0.04135944,0.03909101,0.03620021,0.03296452,0.02971627,0.02662234,0.02375552,0.02114097,0.01877969,0.01666054,0.01476665,0.01307892,0.01157792,0.01024489,0.00906227
Gram_error_fro,4.0,1,14,2,0.0,0.01485136,0.01288854,0.01070376,0.00872478,0.00709621,0.00579832,0.00477244,0.00395991,0.00331214,0.00279131,0.0023687,0.00202257,0.00173651,0.00149804,0.00129763,0.00112796,0.00098335
Gram_error_fro,4.0,1,14,2,0.0,0.03982181,0.02598981,0.01959397,0.01551136,0.01243916,0.01001912,0.00809077,0.00654903,0.00531388,0.00432213,0.00352375,0.00287927,0.0023576,0.00193426,0.0015899,0.00130919,0.00107993
Gram_error_fro,4.0,1,14,2,0.0,0.02929544,0.01867612,0.0116135,0.00690491,0.00386312,0.00198103,0.00098413,0.00082751,0.00104099,0.00122205,0.001318,0.00134542,0.00132529,0.00127429,0.00120451,0.00112444,0.0010399
Gram_error_fro,0.0,1,14,4,0.0,0.0,0.0,0.0,0.0,0.0,0.0,0.0,0.0,0.0,0.0,0.0,0.0,0.0,0.0,0.0,0.0,0.0
Gram_error_fro,2.0,1,14,4,0.0,0.04250244,0.04199439,0.03644598,0.03102517,0.02649462,0.02275687,0.01963428,0.01699359,0.01474191,0.01281143,0.01114981,0.0097152,0.00847339,0.00739609,0.00645976,0.00564463,0.00493406
Gram_error_fro,2.0,1,14,4,0.0,0.0267976,0.02521547,0.02160995,0.01846233,0.01592151,0.01383217,0.01207449,0.01057653,0.00929239,0.0081885,0.00723762,0.00641661,0.00570558,0.00508757,0.00454824,0.00407553,0.00365943
Gram_error_fro,2.0,1,14,4,0.0,0.04509444,0.04108177,0.032594,0.02521631,0.0196478,0.0155863,0.01263086,0.01046166,0.00884886,0.00763052,0.00669232,0.00595325,0.00535601,0.00486037,0.00443837,0.00407068,0.0037441
Gram_error_fro,2.0,1,14,4,0.0,0.00029936,0.00015798,0.00022588,0.00032488,0.0003535,0.00032842,0.00027654,0.00021593,0.00015715,0.00010714,7.284e-05,6.21e-05,7.087e-05,8.513e-05,9.769e-05,0.0001067,0.00011212
Gram_error_fro,0.0,1,14,4,0.0,0.0,0.0,0.0,0.0,0.0,0.0,0.0,0.0,0.0,0.0,0.0,0.0,0.0,0.0,0.0,0.0,0.0
Gram_error_fro,4.0,1,14,4,0.0,0.04919091,0.04419715,0.03561888,0.02878316,0.02376113,0.01995518,0.01693023,0.0144408,0.01235087,0.01057845,0.00906781,0.00777714,0.00667294,0.00572753,0.0049176,0.0042234,0.00362812
Gram_error_fro,2.0,1,14,4,0.0,0.05215394,0.04095117,0.03321882,0.02807175,0.02420787,0.02105275,0.01838276,0.01609115,0.01410974,0.01238753,0.01088439,0.0095682,0.00841294,0.0073972,0.00650313,0.0057156,0.00502167
Gram_error_fro,4.0,1,14,4,0.0,0.06898124,0.06447853,0.05438976,0.04583251,0.0389117,0.03317498,0.02832943,0.02420424,0.0206851,0.0176832,0.01512379,0.0129423,0.01108286,0.00949736,0.00814463,0.00698961,0.00600256
Gram_error_fro,2.0,1,14,4,0.0,0.07820399,0.08105195,0.07227896,0.06253466,0.05381579,0.04636674,0.04008005,0.03478788,0.0303265,0.02655203,0.0233434,0.02060106,0.01824417,0.01620744,0.01443818,0.01289377,0.01153959
Gram_error_fro,4.0,1,14,4,0.0,0.0906739,0.06502538,0.04460368,0.03250455,0.02510536,0.02012877,0.01648263,0.01365813,0.01139929,0.00956021,0.0080469,0.00679304,0.00574907,0.00487657,0.00414516,0.00353044,0.00301262
Gram_error_fro,6.0,1,14,4,0.0,0.10523276,0.0728843,0.04807071,0.03306975,0.02380733,0.01775498,0.01358407,0.01058711,0.00836539,0.00667957,0.00537766,0.00435862,0.00355261,0.00290988,0.00239403,0.00197787,0.00164073
Gram_error_fro,4.0,1,14,4,0.0,0.07827003,0.05783135,0.04379772,0.03501496,0.02911054,0.02473164,0.02123875,0.01833575,0.01587342,0.01376432,0.01194875,0.01038134,0.0090255,0.00785087,0.00683194,0.0059471,0.005178
Gram_error_fro,4.0,1,14,4,0.0,0.0873269,0.08970367,0.0829169,0.07480642,0.06723538,0.06055225,0.05471248,0.04959375,0.0450792,0.04107335,0.03750051,0.03430019,0.03142318,0.02882871,0.0264825,0.02435544,0.02242257
Gram_error_fro,6.0,1,14,4,0.0,0.09816189,0.07137752,0.05014669,0.03741839,0.02967393,0.02447891,0.02062986,0.01757888,0.01506663,0.01295583,0.01116305,0.0096311,0.00831723,0.00718773,0.00621514,0.00537665,0.00465309
Gram_error_fro,4.0,1,14,4,0.0,0.07379688,0.06173869,0.04854489,0.03930483,0.03279158,0.02783771,0.02384541,0.02052663,0.01772451,0.01533821,0.01329468,0.01153751,0.01002178,0.00871107,0.00757544,0.00659005,0.00573405
Gram_error_fro,0.0,1,14,2,0.0,0.0,0.0,0.0,0.0,0.0,0.0,0.0,0.0,0.0,0.0,0.0,0.0,0.0,0.0,0.0,0.0,0.0
Gram_error_fro,2.0,1,14,2,0.0,0.00859853,0.00822719,0.00831148,0.00803573,0.00753206,0.00691803,0.00627272,0.00564004,0.00504229,0.00448966,0.00398574,0.00353049,0.00312188,0.00275689,0.00243205,0.00214376,0.00188848
Gram_error_fro,2.0,1,14,2,0.0,0.02061553,0.01646621,0.01233683,0.00932576,0.00711679,0.0054755,0.00424047,0.00330012,0.00257704,0.00201672,0.00158003,0.00123831,0.00097022,0.00075965,0.00059426,0.00046453,0.00036304
Gram_error_fro,2.0,1,14,2,0.0,0.00401775,0.00143067,0.00050831,0.00010286,0.00018396,0.00030932,0.00037932,0.00041331,0.00042437,0.0004208,0.00040796,0.00038937,0.00036738,0.00034359,0.0003191,0.00029465,0.00027077
Gram_error_fro,2.0,1,14,2,0.0,0.01330082,0.01252489,0.01029681,0.00824489,0.00661249,0.00534524,0.00435802,0.0035805,0.00296071,0.00246114,0.00205458,0.00172099,0.00144542,0.00121647,0.0010254,0.00086534,0.00073086
Gram_error_fro,2.0,1,14,2,0.0,0.00491177,0.00150092,0.00074599,0.00051733,0.00037779,0.00027713,0.00020933,0.00016539,0.00013538,0.00011225,9.239e-05,7.445e-05,5.817e-05,4.373e-05,3.157e-05,2.241e-05,1.744e-05
Gram_error_fro,2.0,1,14,2,0.0,0.01078524,0.0084281,0.00650412,0.00518901,0.00425975,0.00356777,0.00302876,0.00259484,0.00223713,0.00193714,0.00168238,0.00146404,0.0012757,0.0011125,0.00097066,0.00084715,0.00073945
Gram_error_fro,4.0,2,14,2,0.0,0.05191633,0.03640005,0.02790596,0.02278323,0.01933487,0.01691186,0.01517091,0.01389843,0.0129546,0.01224563,0.01170736,0.011295,0.01097679,0.01072976,0.01053711,0.01038632,0.010268
Gram_error_fro,4.0,1,14,2,0.0,0.04702716,0.01452428,0.00797775,0.00569223,0.00418275,0.00307988,0.00227706,0.00169467,0.00127144,0.00096284,0.00073723,0.00057213,0.00045135,0.00036304,0.00029832,0.00025052,0.00021467
Gram_error_fro,4.0,2,14,2,0.0,0.01842511,0.00979694,0.00950151,0.00982828,0.01005678,0.01016496,0.01019853,0.01019227,0.01016668,0.01013312,0.0100977,0.01006363,0.01003241,0.01000465,0.0099804,0.00995949,0.0099416
Gram_error_fro,4.0,1,14,2,0.0,0.05808777,0.04507495,0.03672048,0.03055939,0.02573506,0.02185886,0.01868887,0.01605995,0.01385572,0.01199171,0.01040472,0.00904627,0.00787836,0.00687069,0.00599874,0.00524244,0.00458517
Gram_error_fro,4.0,1,14,2,0.0,0.04138489,0.01779976,0.01091282,0.00789164,0.00613526,0.00494118,0.0040589,0.00337739,0.00283685,0.00240029,0.00204285,0.00174698,0.00149992,0.00129212,0.00111631,0.00096684,0.00083923
Gram_error_fro,6.0,1,14,2,0.0,0.09199737,0.06808483,0.05460103,0.04526393,0.03808115,0.03234113,0.02766566,0.02380819,0.02059322,0.01789046,0.01560101,0.0136486,0.01197372,0.01052943,0.00927829,0.00819019,0.00724063
Gram_error_fro,6.0,1,14,2,0.0,0.03975939,0.03010811,0.02380013,0.01939281,0.01601838,0.01336458,0.01124873,0.0095395,0.00814064,0.00698204,0.00601245,0.00519397,0.00449815,0.0039032,0.00339217,0.00295161,0.00257071
Gram_error_fro,4.0,2,14,2,0.0,0.03982971,0.0302386,0.02676101,0.02430061,0.02221748,0.02039438,0.01880531,0.01743267,0.01625586,0.01525246,0.01440027,0.01367859,0.01306873,0.01255419,0.0121206,0.01175555,0.01144843
Gram_error_fro,4.0,2,14,2,0.0,0.01926381,0.01849562,0.019355,0.01953576,0.01931044,0.01884198,0.01824449,0.01758912,0.01691955,0.01626275,0.01563508,0.01504595,0.01450018,0.01399951,0.01354365,0.01313106,0.01275941
Gram_error_fro,0.0,1,14,5,0.0,0.0,0.0,0.0,0.0,0.0,0.0,0.0,0.0,0.0,0.0,0.0,0.0,0.0,0.0,0.0,0.0,0.0
Gram_error_fro,2.0,1,14,5,0.0,0.01246904,0.01018409,0.00820659,0.00676569,0.00559396,0.00457095,0.00369276,0.00296742,0.00238808,0.0019366,0.00159074,0.00132874,0.00113127,0.00098211,0.00086817,0.00077929,0.00070793
Gram_error_fro,0.0,1,14,5,0.0,0.0,0.0,0.0,0.0,0.0,0.0,0.0,0.0,0.0,0.0,0.0,0.0,0.0,0.0,0.0,0.0,0.0
Gram_error_fro,2.0,1,14,5,0.0,0.0298165,0.02006472,0.01383166,0.0095932,0.00662509,0.00457683,0.00321069,0.00233933,0.00180928,0.00149533,0.00130345,0.0011733,0.00107218,0.00098469,0.00090437,0.00082887,0.00075752
Gram_error_fro,2.0,1,14,5,0.0,0.0298165,0.02006472,0.01383166,0.0095932,0.00662509,0.00457683,0.00321069,0.00233933,0.00180928,0.00149533,0.00130345,0.0011733,0.00107218,0.00098469,0.00090437,0.00082887,0.00075752
Gram_error_fro,2.0,1,14,5,0.0,0.05831474,0.04054817,0.02579234,0.01748684,0.01290577,0.01013463,0.00823683,0.00680807,0.00567459,0.00475328,0.00399663,0.00337235,0.00285598,0.00242799,0.00207243,0.00177623,0.00152865
Gram_error_fro,4.0,1,14,5,0.0,0.07513323,0.06405596,0.05182544,0.04206863,0.03417494,0.02769564,0.02240591,0.01813946,0.0147367,0.01204344,0.00991933,0.00824344,0.00691595,0.00585706,0.00500445,0.00431032,0.00373847
Gram_error_fro,4.0,1,14,5,0.0,0.10090159,0.0686219,0.04349418,0.02857176,0.01991686,0.01471338,0.01136886,0.00905416,0.0073513,0.00604538,0.00501818,0.00419803,0.0035371,0.00300094,0.00256347,0.00220439,0.00190767
Gram_error_fro,4.0,1,14,5,0.0,0.0887417,0.06197741,0.03940971,0.02566543,0.0178688,0.01338467,0.01061451,0.00873247,0.007344,0.00626051,0.00538514,0.00466232,0.00405652,0.0035431,0.00310406,0.00272583,0.00239799
Gram_error_fro,4.0,1,14,5,0.0,0.08446248,0.07325237,0.05871195,0.04782864,0.03989598,0.03398194,0.0294701,0.02594629,0.02312049,0.0207897,0.01881478,0.01710233,0.01559032,0.01423742,0.01301564,0.01190539,0.01089246
Gram_error_fro,4.0,2,14,5,0.0,0.08968478,0.06481719,0.04091281,0.02641029,0.01907266,0.01608917,0.01528006,0.0153531,0.01572404,0.0161671,0.01660081,0.01699789,0.01735128,0.01766153,0.01793195,0.01816671,0.01837001
Gram_error_fro,6.0,1,14,5,0.0,0.0766866,0.06260573,0.04668858,0.03510615,0.02710786,0.02145802,0.0173339,0.01424083,0.01187179,0.01002504,0.00856193,0.00738456,0.00642277,0.00562575,0.00495644,0.00438758,0.00389895
Gram_error_fro,4.0,1,14,5,0.0,0.10411609,0.07665032,0.05131045,0.03447959,0.02372541,0.01678857,0.01220355,0.00908272,0.00689607,0.00532427,0.0041703,0.0033086,0.00265629,0.00215676,0.00177025,0.00146817,0.00122966
Gram_error_fro,4.0,1,14,5,0.0,0.08245536,0.06461531,0.04792508,0.03615577,0.02801611,0.02220125,0.01788193,0.01456867,0.01196662,0.00988875,0.00820953,0.00684047,0.00571675,0.00478953,0.0040212,0.00338232,0.00284958
Gram_error_fro,4.0,1,14,5,0.0,0.06532925,0.04437728,0.02898943,0.02004162,0.01465406,0.01114105,0.00868821,0.0068971,0.00555339,0.00452792,0.0037355,0.00311669,0.00262861,0.00223978,0.00192678,0.00167209,0.00146247
Gram_error_fro,4.0,1,14,5,0.0,0.06820911,0.05441831,0.04104238,0.03195753,0.02564494,0.02099176,0.01739871,0.0145429,0.01223434,0.01034853,0.00879667,0.00751204,0.00644306,0.0055492,0.00479836,0.00416491,0.00362824
Gram_error_fro,0.0,1,14,7,0.0,0.0,0.0,0.0,0.0,0.0,0.0,0.0,0.0,0.0,0.0,0.0,0.0,0.0,0.0,0.0,0.0,0.0
Gram_error_fro,2.0,1,14,7,0.0,0.06979954,0.06770754,0.05976087,0.0509662,0.04256197,0.0350503,0.02859114,0.02317368,0.01870741,0.01507064,0.01213608,0.00978384,0.00790722,0.00641463,0.00522932,0.0042881,0.00353964
Gram_error_fro,2.0,1,14,7,0.0,0.07851009,0.06841516,0.05275448,0.04056178,0.0315472,0.02476515,0.01956316,0.01552225,0.01235928,0.00987195,0.00791014,0.00635972,0.00513267,0.00416044,0.00338931,0.00277698,0.00229005
Gram_error_fro,2.0,1,14,7,0.0,0.07852269,0.07166134,0.05612419,0.04306537,0.03320835,0.02582234,0.02022298,0.01592462,0.01259293,0.00999296,0.0079547,0.0063519,0.00508894,0.00409238,0.00330519,0.00268285,0.00219037
Gram_error_fro,0.0,1,14,7,0.0,0.0,0.0,0.0,0.0,0.0,0.0,0.0,0.0,0.0,0.0,0.0,0.0,0.0,0.0,0.0,0.0,0.0
Gram_error_fro,2.0,1,14,7,0.0,0.03245661,0.02748671,0.02239319,0.01816886,0.01480925,0.01215144,0.01004707,0.008377,0.0070456,0.00597663,0.00511039,0.00440097,0.00381356,0.00332195,0.00290641,0.00255204,0.00224749
Gram_error_fro,2.0,1,14,7,0.0,0.03245661,0.02748671,0.02239319,0.01816886,0.01480925,0.01215144,0.01004707,0.008377,0.0070456,0.00597663,0.00511039,0.00440097,0.00381356,0.00332195,0.00290641,0.00255204,0.00224749
Gram_error_fro,4.0,1,14,7,0.0,0.05349477,0.03974354,0.02982594,0.0226394,0.01722545,0.01313233,0.01005315,0.00774592,0.00601841,0.00472167,0.003743,0.0029986,0.00242688,0.00198297,0.00163428,0.00135717,0.00113447
Gram_error_fro,2.0,1,14,7,0.0,0.06267872,0.04814332,0.03515115,0.02677212,0.02094975,0.01655904,0.01312824,0.01042582,0.00830156,0.00663863,0.00534066,0.00432802,0.00353615,0.00291374,0.00242084,0.00202687,0.00170874
Gram_error_fro,2.0,1,14,7,0.0,0.04300585,0.03658819,0.03197953,0.02840826,0.02518643,0.02215706,0.01932809,0.01673694,0.01440951,0.01235325,0.01056055,0.00901393,0.00769051,0.00656524,0.00561306,0.00481013,0.00413461
Gram_error_fro,2.0,1,14,7,0.0,0.06217506,0.04770706,0.03449902,0.02510525,0.01850502,0.01384837,0.01053675,0.00815448,0.00641594,0.00512624,0.00415266,0.00340454,0.00281961,0.00235479,0.00197997,0.00167388,0.00142125
Gram_error_fro,2.0,1,14,7,0.0,0.11342941,0.1048095,0.08520089,0.06793641,0.05416448,0.04334066,0.03482035,0.02808439,0.02273838,0.01848261,0.01508649,0.0123705,0.01019376,0.00844509,0.00703657,0.00589851,0.00497565
Gram_error_fro,4.0,1,14,7,0.0,0.0693835,0.0590877,0.04884682,0.04056761,0.03359764,0.02765256,0.02262997,0.01844917,0.01501495,0.01222255,0.00996821,0.00815652,0.00670394,0.00553981,0.00460566,0.00385398,0.00324663
Gram_error_fro,4.0,1,14,7,0.0,0.09573335,0.07552192,0.05767517,0.0448152,0.03524344,0.02790477,0.02218498,0.017689,0.01413981,0.01133212,0.00910875,0.0073471,0.0059505,0.00484237,0.00396191,0.00326086,0.002701
Gram_error_fro,4.0,1,14,7,0.0,0.1199007,0.11175891,0.09211225,0.07416156,0.059412,0.04756544,0.038106,0.03056749,0.02456579,0.01979057,0.01599229,0.01297075,0.01056564,0.00864891,0.0071185,0.00589333,0.00490912
Gram_error_fro,4.0,1,14,7,0.0,0.08347705,0.07652359,0.0629022,0.05043777,0.04035399,0.03244944,0.0262955,0.02149805,0.01774036,0.01477779,0.01242399,0.01053771,0.00901203,0.00776601,0.00673829,0.00588229,0.00516253
Gram_error_fro,0.0,1,14,2,0.0,0.0,0.0,0.0,0.0,0.0,0.0,0.0,0.0,0.0,0.0,0.0,0.0,0.0,0.0,0.0,0.0,0.0
Gram_error_fro,2.0,1,14,2,0.0,0.05537754,0.07888502,0.08808595,0.09086134,0.09051388,0.08837889,0.08515062,0.08126645,0.07702416,0.07263003,0.06822594,0.06390758,0.05973741,0.05575416,0.05197972,0.04842415,0.04508937
Gram_error_fro,2.0,1,14,2,0.0,0.02654486,0.0156509,0.01250485,0.01044069,0.00867,0.00716789,0.00592212,0.00490146,0.00406935,0.00339138,0.00283792,0.00238449,0.00201133,0.00170272,0.0014462,0.00123191,0.00105206
Gram_error_fro,2.0,1,14,2,0.0,0.02296339,0.01453025,0.0116032,0.00952909,0.00773861,0.00623672,0.00501172,0.00402675,0.00323971,0.00261204,0.00211124,0.00171093,0.0013901,0.00113217,0.00092413,0.00075579,0.00061915
Gram_error_fro,2.0,1,14,2,0.0,0.04419965,0.03526865,0.02909432,0.02413483,0.01998752,0.01655721,0.01374468,0.01144559,0.00956507,0.00802295,0.00675376,0.00570489,0.00483436,0.00410873,0.00350137,0.002991,0.00256054
Gram_error_fro,0.0,1,14,2,0.0,0.0,0.0,0.0,0.0,0.0,0.0,0.0,0.0,0.0,0.0,0.0,0.0,0.0,0.0,0.0,0.0,0.0
Gram_error_fro,4.0,1,14,2,0.0,0.09390664,0.08163667,0.06880753,0.05753426,0.04790499,0.03985735,0.03320901,0.02774021,0.02324215,0.01953464,0.01646877,0.01392399,0.01180355,0.01002999,0.00854124,0.00728739,0.00622816
Gram_error_fro,2.0,1,14,2,0.0,0.00258975,0.00081304,0.00032924,0.00056935,0.00069856,0.00073006,0.00070543,0.00065108,0.00058362,0.00051318,0.00044551,0.00038354,0.00032843,0.00028034,0.0002389,0.00020346,0.0001733
Gram_error_fro,2.0,1,14,2,0.0,0.00379271,0.00107528,0.0006028,0.00071873,0.00077339,0.00079091,0.00079451,0.0007889,0.00077443,0.00075165,0.0007218,0.00068652,0.00064749,0.00060628,0.00056417,0.0005222,0.00048116
Gram_error_fro,4.0,1,14,2,0.0,0.02988239,0.02382529,0.01957602,0.01580363,0.01251927,0.0098453,0.00774389,0.00611534,0.0048574,0.00388399,0.00312757,0.00253665,0.0020723,0.00170519,0.00141313,0.00117929,0.00099085
Gram_error_fro,2.0,1,14,2,0.0,0.0520159,0.07633976,0.08457526,0.08682724,0.08620747,0.08391501,0.08059575,0.07666959,0.07242584,0.06806465,0.06372239,0.0594895,0.05542357,0.05155894,0.04791362,0.0444944,0.04130044
Gram_error_fro,4.0,1,14,2,0.0,0.05657299,0.07904265,0.08816752,0.09086442,0.09041876,0.08817564,0.08483897,0.08085349,0.07652152,0.07205155,0.06758602,0.06322007,0.05901505,0.05500825,0.05122004,0.04765898,0.04432562
Gram_error_fro,2.0,1,14,2,0.0,0.07692246,0.04959538,0.03698475,0.02912256,0.02331634,0.01880913,0.01525226,0.01242446,0.0101653,0.00835281,0.00689268,0.00571153,0.00475213,0.00396971,0.00332918,0.0028029,0.00236903
Gram_error_fro,4.0,1,14,2,0.0,0.10773287,0.09930023,0.0820846,0.06654006,0.05379111,0.04360614,0.03552644,0.02911108,0.02399414,0.01988773,0.01657012,0.0138716,0.01166229,0.00984233,0.00833456,0.0070789,0.00602823
Gram_error_fro,4.0,2,14,2,0.0,0.05610098,0.05835795,0.05275945,0.04535389,0.03817202,0.03179198,0.02630702,0.02166277,0.01776802,0.01453233,0.01187959,0.0097527,0.00811335,0.00693563,0.00619052,0.00582577,0.00575889
Gram_error_fro,4.0,1,14,2,0.0,0.11702578,0.08946263,0.06922407,0.05446493,0.04323912,0.03456962,0.02782257,0.02253652,0.01836678,0.01505459,0.01240527,0.01027178,0.00854254,0.00713241,0.00597596,0.00502262,0.00423297
Gram_error_fro,0.0,1,14,3,0.0,0.0,0.0,0.0,0.0,0.0,0.0,0.0,0.0,0.0,0.0,0.0,0.0,0.0,0.0,0.0,0.0,0.0
Gram_error_fro,2.0,1,14,3,0.0,0.03130253,0.01715015,0.01233592,0.01138886,0.01095664,0.01035105,0.0095802,0.00873488,0.00788386,0.00706797,0.00630828,0.00561363,0.00498575,0.00442243,0.00391949,0.00347187,0.00307431
Gram_error_fro,2.0,1,14,3,0.0,0.03874194,0.02732181,0.02186233,0.01847738,0.01589563,0.013795,0.01203465,0.0105342,0.00924233,0.00812311,0.00714944,0.00629983,0.00555672,0.00490549,0.00433382,0.00383124,0.00338885
Gram_error_fro,2.0,1,14,3,0.0,0.00678048,0.00376728,0.00186868,0.00095394,0.00049667,0.00026378,0.00021917,0.00028685,0.00036428,0.0004263,0.00047122,0.0005014,0.00051958,0.0005282,0.00052929,0.00052446,0.00051501
Gram_error_fro,2.0,1,14,3,0.0,0.01716605,0.00876479,0.00399455,0.00270402,0.0031112,0.00357415,0.00382053,0.00388485,0.00382399,0.00368307,0.00349419,0.00327936,0.00305332,0.00282578,0.00260299,0.00238883,0.00218561
Gram_error_fro,2.0,1,14,3,0.0,0.02577938,0.01478503,0.0103156,0.00980351,0.01011037,0.010199,0.00996213,0.00948525,0.00886452,0.00817341,0.00746211,0.00676287,0.00609534,0.00547056,0.00489389,0.00436697,0.00388912
Gram_error_fro,4.0,1,14,3,0.0,0.04627896,0.02698323,0.01894038,0.01519739,0.01286792,0.01111096,0.00967345,0.00846113,0.0074261,0.00653664,0.0057686,0.00510253,0.00452252,0.00401547,0.00357057,0.0031789,0.00283306
Gram_error_fro,4.0,1,14,3,0.0,0.03475095,0.02669382,0.02344529,0.02148531,0.01963909,0.0177833,0.01597029,0.01425476,0.01266873,0.0112252,0.00992513,0.00876265,0.00772837,0.0068114,0.00600046,0.00528454,0.00465328
Gram_error_fro,4.0,1,14,3,0.0,0.06373761,0.02434207,0.01361561,0.01134676,0.01006867,0.00893081,0.00789701,0.00696959,0.00614409,0.00541263,0.00476638,0.00419656,0.0036948,0.00325338,0.00286525,0.00252407,0.00222416
Gram_error_fro,4.0,1,14,3,0.0,0.04663126,0.03712535,0.02883678,0.02237602,0.01768194,0.01429586,0.01179587,0.00988993,0.00839151,0.00718282,0.00618811,0.00535697,0.00465457,0.00405585,0.00354217,0.0030992,0.00271565
Gram_error_fro,4.0,1,14,3,0.0,0.08946265,0.06726021,0.04912423,0.03770373,0.03022966,0.02485941,0.02074337,0.01748059,0.01484711,0.01269646,0.01092372,0.00945044,0.00821671,0.0071762,0.0062928,0.00553814,0.00488975
Gram_error_fro,4.0,1,14,3,0.0,0.05763499,0.04075981,0.03206565,0.02657018,0.02242365,0.01907231,0.01628895,0.01394907,0.01196973,0.01028924,0.00885896,0.00763932,0.00659758,0.00570637,0.00494274,0.00428736,0.00372396
Gram_error_fro,6.0,1,14,3,0.0,0.04334858,0.02525704,0.02081094,0.01829647,0.01640253,0.01478581,0.01330362,0.01191891,0.01063185,0.0094489,0.00837339,0.00740425,0.00653696,0.00576485,0.00508013,0.00447462,0.00394023
Gram_error_fro,4.0,1,14,3,0.0,0.01174533,0.01260177,0.01326905,0.01242463,0.01114721,0.0098187,0.00857881,0.00747457,0.00651367,0.00568709,0.00497953,0.00437431,0.00385561,0.00340946,0.00302389,0.00268897,0.0023965
Gram_error_fro,4.0,1,14,3,0.0,0.06319524,0.04608248,0.03387178,0.02484283,0.01870953,0.01473645,0.01215715,0.01040465,0.00912456,0.00811652,0.0072735,0.0065396,0.00588551,0.00529532,0.00475983,0.00427311,0.00383089
Gram_error_fro,4.0,1,14,3,0.0,0.11240964,0.11118341,0.09681534,0.08146223,0.06799838,0.05679417,0.04759997,0.04006853,0.03388395,0.02878482,0.02456091,0.02104464,0.01810273,0.01562904,0.01353888,0.01176447,0.01025134
Gram_error_fro,0.0,1,14,4,0.0,0.0,0.0,0.0,0.0,0.0,0.0,0.0,0.0,0.0,0.0,0.0,0.0,0.0,0.0,0.0,0.0,0.0
Gram_error_fro,2.0,1,14,4,0.0,0.01236766,0.01090608,0.00974475,0.00835722,0.0070714,0.00595902,0.00501304,0.00421153,0.0035332,0.00295987,0.00247614,0.00206886,0.00172666,0.00143976,0.00119969,0.00099917,0.00083197
Gram_error_fro,2.0,1,14,4,0.0,0.02664766,0.0188038,0.01275677,0.00890178,0.00653404,0.00499942,0.00393406,0.00315715,0.00257352,0.00212659,0.00177901,0.00150458,0.00128447,0.00110508,0.0009566,0.00083199,0.00072617
Gram_error_fro,2.0,1,14,4,0.0,0.0556677,0.05184201,0.04425459,0.03732315,0.03141217,0.02646554,0.02235223,0.01893467,0.01609017,0.01371571,0.01172688,0.01005507,0.00864463,0.00745046,0.00643587,0.005571,0.00483142
Gram_error_fro,2.0,1,14,4,0.0,0.03273336,0.02317481,0.01673461,0.01292849,0.01040131,0.00860998,0.00728945,0.00628065,0.0054832,0.00483346,0.00429072,0.00382844,0.00342883,0.00307953,0.00277165,0.00249856,0.00225518
Gram_error_fro,2.0,1,14,4,0.0,0.03512116,0.02225355,0.01349802,0.00934894,0.00729955,0.00598017,0.00495627,0.0041161,0.00342236,0.00285107,0.00238136,0.00199487,0.00167615,0.00141251,0.00119371,0.00101152,0.00085932
Gram_error_fro,4.0,1,14,4,0.0,0.05378826,0.03795511,0.02790456,0.0217245,0.01746553,0.01425026,0.01169964,0.00962914,0.00793161,0.00653433,0.0053827,0.00443342,0.00365116,0.00300683,0.00247633,0.0020397,0.00168041
Gram_error_fro,2.0,1,14,4,0.0,0.04126251,0.02749711,0.01896641,0.01347045,0.00989419,0.00753432,0.00592377,0.00477545,0.00392094,0.00326202,0.0027399,0.00231784,0.00197162,0.00168451,0.0014444,0.00124228,0.00107122
Gram_error_fro,2.0,1,14,4,0.0,0.04038747,0.02580274,0.01679745,0.01096365,0.00723494,0.00482193,0.00322943,0.00216565,0.00145479,0.000986,0.00068627,0.00050452,0.00040134,0.00034463,0.00031112,0.00028723,0.00026665
Gram_error_fro,4.0,1,14,4,0.0,0.05824427,0.04976346,0.03957823,0.0315574,0.02535878,0.02048718,0.01660777,0.01349348,0.01098072,0.00894643,0.00729564,0.00595382,0.00486189,0.00397259,0.00324789,0.0026571,0.00217532
Gram_error_fro,4.0,1,14,4,0.0,0.07137973,0.03477632,0.01968249,0.01351102,0.01060466,0.00887875,0.00762785,0.00661808,0.00576433,0.00502895,0.0043907,0.00383497,0.00335039,0.00292755,0.00255846,0.00223621,0.00195481
Gram_error_fro,2.0,1,14,4,0.0,0.04895708,0.03090233,0.022412,0.01734227,0.01361821,0.01073287,0.00847459,0.0067034,0.00531289,0.00422025,0.00336089,0.00268435,0.00215121,0.00173061,0.00139834,0.00113544,0.00092699
Gram_error_fro,6.0,1,14,4,0.0,0.07888551,0.05468056,0.04322991,0.03594178,0.03014635,0.02529438,0.02122008,0.01781388,0.01497642,0.01261706,0.010656,0.00902494,0.00766645,0.00653279,0.00558452,0.0047892,0.00412023
Gram_error_fro,4.0,1,14,4,0.0,0.08811344,0.08493121,0.07376464,0.06188783,0.05130049,0.0423906,0.03506398,0.02909529,0.02424494,0.02029828,0.01707565,0.01443169,0.01225072,0.01044145,0.00893205,0.00766598,0.00659859
Gram_error_fro,4.0,1,14,4,0.0,0.06395858,0.02941316,0.01609096,0.0101404,0.00685425,0.00482201,0.00349707,0.00260556,0.00198929,0.00155155,0.00123209,0.00099291,0.00080974,0.00066678,0.00055344,0.00046246,0.00038866
Gram_error_fro,2.0,1,14,4,0.0,0.01452231,0.00695055,0.00418985,0.0045417,0.00470431,0.00440701,0.00389722,0.00334135,0.00281821,0.00235722,0.00196409,0.00163443,0.00136031,0.00113326,0.00094543,0.00079001,0.00066126
Gram_error_fro,0.0,1,14,2,0.0,0.0,0.0,0.0,0.0,0.0,0.0,0.0,0.0,0.0,0.0,0.0,0.0,0.0,0.0,0.0,0.0,0.0
Gram_error_fro,2.0,1,14,2,0.0,0.01499906,0.00675847,0.00431811,0.00346438,0.00298063,0.00263192,0.00235972,0.00213823,0.00195175,0.00178997,0.0016461,0.00151573,0.001396,0.00128509,0.00118187,0.00108556,0.00099569
Gram_error_fro,2.0,2,14,2,0.0,0.00767382,0.00337115,0.00142348,0.00127141,0.00184427,0.00241293,0.00292364,0.00340174,0.00386496,0.00431924,0.00476354,0.00519401,0.00560639,0.00599716,0.00636384,0.00670504,0.00702024
Gram_error_fro,2.0,1,14,2,0.0,0.05715835,0.04203658,0.02924645,0.02076263,0.01509245,0.01118389,0.00842144,0.00643245,0.00497906,0.00390334,0.00309762,0.00248715,0.00201928,0.00165653,0.00137194,0.00114603,0.00096459
Gram_error_fro,2.0,1,14,2,0.0,0.032228,0.01986952,0.01266766,0.0085454,0.00607915,0.00458027,0.00367615,0.00312723,0.00277384,0.00251902,0.00231104,0.00212554,0.00195247,0.00178847,0.00163296,0.00148629,0.00134898
Gram_error_fro,0.0,1,14,2,0.0,0.0,0.0,0.0,0.0,0.0,0.0,0.0,0.0,0.0,0.0,0.0,0.0,0.0,0.0,0.0,0.0,0.0
Gram_error_fro,4.0,1,14,2,0.0,0.03176836,0.01317419,0.00651098,0.00360617,0.00207859,0.00118974,0.0006549,0.00034569,0.00022,0.00023775,0.00029466,0.00034549,0.00038403,0.00041127,0.00042898,0.00043867,0.00044161
Gram_error_fro,4.0,2,14,2,0.0,0.0291296,0.02737433,0.02241062,0.01787951,0.01421743,0.01130993,0.00902596,0.00728285,0.00603864,0.00526769,0.00492356,0.00491507,0.00512631,0.00545595,0.00583487,0.00622233,0.0065964
Gram_error_fro,2.0,1,14,2,0.0,0.0105906,0.01113246,0.01357385,0.01488004,0.01549496,0.01558152,0.01528686,0.0147376,0.0140302,0.01323402,0.01239746,0.01155353,0.01072422,0.00992371,0.00916073,0.0084402,0.00776441
Gram_error_fro,2.0,1,14,2,0.0,0.0319677,0.01599375,0.01267626,0.01121435,0.01003773,0.0089829,0.00802918,0.00716966,0.00639767,0.005706,0.0050873,0.00453448,0.00404088,0.00360034,0.00320726,0.0028566,0.00254381
Gram_error_fro,0.0,1,14,2,0.0,0.0,0.0,0.0,0.0,0.0,0.0,0.0,0.0,0.0,0.0,0.0,0.0,0.0,0.0,0.0,0.0,0.0
Gram_error_fro,4.0,1,14,2,0.0,0.07707788,0.05245128,0.03916762,0.03043666,0.02416268,0.01950568,0.01598088,0.01326493,0.0111346,0.00943468,0.00805655,0.00692347,0.00598042,0.00518731,0.00451444,0.0039394,0.00344501
Gram_error_fro,4.0,1,14,2,0.0,0.08173206,0.07298289,0.05960764,0.04782578,0.03828782,0.03073883,0.02480152,0.020132,0.01644791,0.01352651,0.01119543,0.0093226,0.00780716,0.00657216,0.00555869,0.00472152,0.00402569
Gram_error_fro,4.0,1,14,2,0.0,0.06751853,0.04516002,0.03547928,0.02890137,0.02373631,0.01958846,0.01624449,0.01354182,0.01134938,0.00956222,0.00809731,0.00688946,0.00588761,0.00505178,0.00435053,0.00375906,0.00325769
Gram_error_fro,4.0,1,14,2,0.0,0.04983639,0.03628748,0.02782013,0.02211356,0.01796075,0.01482251,0.01239483,0.01048126,0.00894712,0.00769775,0.00666568,0.0058023,0.00507212,0.00444892,0.00391296,0.00344914,0.00304572
Gram_error_fro,4.0,1,14,2,0.0,0.04654091,0.03688464,0.0333034,0.03130171,0.02962424,0.02803533,0.02646767,0.02490823,0.02336555,0.02185449,0.02038953,0.01898228,0.01764091,0.01637044,0.01517331,0.01404995,0.01299932
Gram_error_fro,0.0,1,14,3,0.0,0.0,0.0,0.0,0.0,0.0,0.0,0.0,0.0,0.0,0.0,0.0,0.0,0.0,0.0,0.0,0.0,0.0
Gram_error_fro,2.0,1,14,3,0.0,0.02959264,0.02368953,0.01939259,0.01639193,0.01410752,0.01228005,0.01077171,0.00950051,0.00841366,0.00747481,0.00665747,0.00594156,0.00531139,0.00475442,0.00426048,0.0038212,0.0034296
Gram_error_fro,2.0,2,14,3,0.0,0.04335459,0.0325377,0.02336858,0.01689872,0.01212426,0.00852614,0.00589826,0.00426158,0.00374659,0.00414225,0.00493228,0.00579582,0.0066153,0.00735682,0.00801569,0.008597,0.00910872
Gram_error_fro,2.0,1,14,3,0.0,0.01365341,0.00945458,0.00782493,0.00690478,0.00623262,0.00567838,0.00520046,0.00478012,0.00440562,0.00406844,0.00376212,0.0034817,0.00322344,0.00298448,0.00276265,0.0025563,0.00236411
Gram_error_fro,2.0,1,14,3,0.0,0.02222135,0.01467816,0.01022001,0.00742227,0.00582238,0.00498525,0.00453096,0.00422347,0.00395473,0.00368759,0.00341504,0.00314055,0.00286994,0.00260847,0.00236007,0.00212725,0.0019114
Gram_error_fro,2.0,1,14,3,0.0,0.04095808,0.03184049,0.02406372,0.01864808,0.01470693,0.01172693,0.00942376,0.00762053,0.00619655,0.00506482,0.00416058,0.00343469,0.00284938,0.00237538,0.00198986,0.00167494,0.00141653
Gram_error_fro,2.0,1,14,3,0.0,0.00924956,0.00586002,0.00260253,0.00113146,0.00211853,0.0031557,0.0038789,0.00433989,0.00460174,0.00471568,0.00472126,0.00464868,0.00452087,0.00435522,0.00416487,0.00395967,0.00374697
Gram_error_fro,2.0,1,14,3,0.0,0.02344121,0.01873325,0.01680377,0.01550382,0.01429734,0.01311111,0.01195836,0.01085724,0.00982034,0.00885489,0.00796404,0.00714789,0.00640449,0.00573047,0.00512166,0.00457344,0.004081
Gram_error_fro,4.0,1,14,3,0.0,0.06306911,0.03715716,0.02748669,0.02174357,0.01768637,0.01467029,0.01236169,0.0105498,0.0090956,0.00790596,0.00691728,0.006085,0.00537693,0.00476921,0.00424367,0.00378622,0.00338574
Gram_error_fro,4.0,1,14,3,0.0,0.08524793,0.07231099,0.05555741,0.04191288,0.03145409,0.02356707,0.01765048,0.01321729,0.00989501,0.00740516,0.00554153,0.00415201,0.00312452,0.00237618,0.00184472,0.00148111,0.00124356
Gram_error_fro,2.0,1,14,3,0.0,0.07423722,0.06441933,0.05085192,0.03999922,0.03177172,0.02554146,0.02077633,0.0170819,0.01417512,0.01185473,0.00997753,0.00844089,0.00717034,0.00611104,0.00522188,0.00447147,0.00383543
Gram_error_fro,6.0,1,14,3,0.0,0.04954496,0.02842641,0.0240884,0.02256542,0.02098987,0.01921689,0.0173835,0.01559732,0.01391909,0.01237733,0.01098118,0.00972878,0.00861242,0.00762152,0.00674441,0.00596937,0.00528519
Gram_error_fro,4.0,1,14,3,0.0,0.04864927,0.03479084,0.02760783,0.02376351,0.02106192,0.0188598,0.0169542,0.01526443,0.01374988,0.0123857,0.01115429,0.01004191,0.00903709,0.00812983,0.0073112,0.00657306,0.00590798
Gram_error_fro,4.0,1,14,3,0.0,0.06972665,0.04295909,0.02610611,0.01569293,0.00907934,0.00492278,0.00267924,0.00226865,0.00275334,0.00323304,0.00353032,0.00366097,0.0036666,0.0035847,0.0034444,0.00326732,0.00306908
Gram_error_fro,4.0,1,14,3,0.0,0.05192899,0.03656463,0.02840726,0.02419012,0.02144309,0.01922346,0.01724371,0.01543038,0.01376921,0.01225768,0.01089237,0.00966677,0.00857186,0.00759719,0.00673179,0.0059648,0.00528583
Gram_error_fro,4.0,1,14,3,0.0,0.05776029,0.04046964,0.03208838,0.02744078,0.02404708,0.02120552,0.01872265,0.01653105,0.01459445,0.01288485,0.01137734,0.01004908,0.00887925,0.00784902,0.00694159,0.00614205,0.00543724
Gram_error_fro,0.0,1,14,6,0.0,0.0,0.0,0.0,0.0,0.0,0.0,0.0,0.0,0.0,0.0,0.0,0.0,0.0,0.0,0.0,0.0,0.0
Gram_error_fro,2.0,1,14,6,0.0,0.0544452,0.04559745,0.03485612,0.02682519,0.02110287,0.01695921,0.01386776,0.01149554,0.00963367,0.0081464,0.00694134,0.00595308,0.00513389,0.00444829,0.00386953,0.00337718,0.0029555
Gram_error_fro,0.0,1,14,6,0.0,0.0,0.0,0.0,0.0,0.0,0.0,0.0,0.0,0.0,0.0,0.0,0.0,0.0,0.0,0.0,0.0,0.0
Gram_error_fro,2.0,1,14,6,0.0,0.05409965,0.04654594,0.0400715,0.0342663,0.02880082,0.02385694,0.01957683,0.01598971,0.01304927,0.01067369,0.0087713,0.00725438,0.00604542,0.00507915,0.00430243,0.00367301,0.00315797
Gram_error_fro,2.0,1,14,6,0.0,0.08567656,0.07865851,0.06217864,0.0488039,0.03906292,0.0319346,0.02656961,0.02241316,0.01911291,0.01643965,0.01423877,0.01240233,0.01085271,0.00953275,0.00839947,0.00741997,0.00656863
Gram_error_fro,2.0,1,14,6,0.0,0.04272143,0.04232529,0.03872051,0.03374507,0.02847226,0.02354131,0.01923671,0.01563037,0.01268586,0.01032053,0.00843896,0.00694944,0.00577115,0.00483632,0.00409005,0.003489,0.00299964
Gram_error_fro,4.0,1,14,6,0.0,0.07760677,0.06475281,0.05099432,0.04084426,0.03312424,0.02698399,0.02202118,0.01801493,0.01480284,0.01224437,0.01021437,0.00860391,0.00732134,0.006292,0.00545691,0.00477055,0.00419854
Gram_error_fro,4.0,1,14,6,0.0,0.0819296,0.05699956,0.0366581,0.02371777,0.01585573,0.01106546,0.0080626,0.0060949,0.00473971,0.0037625,0.00303096,0.00246747,0.00202412,0.00166973,0.00138305,0.00114903,0.00095671
Gram_error_fro,4.0,1,14,6,0.0,0.08148649,0.06693555,0.05085248,0.03941005,0.03120359,0.02495382,0.02002249,0.01608782,0.01295025,0.01045906,0.00848954,0.00693657,0.00571244,0.0047453,0.00397739,0.0033631,0.002867
Gram_error_fro,4.0,1,14,6,0.0,0.07605211,0.06767061,0.05240147,0.04080146,0.03292314,0.02746245,0.02344856,0.02032415,0.01778636,0.01566543,0.01385916,0.01230093,0.01094422,0.00975486,0.00870673,0.00777932,0.00695617
Gram_error_fro,4.0,1,14,6,0.0,0.07543704,0.0684798,0.05885616,0.04993005,0.04183694,0.03471499,0.02864472,0.02360014,0.01948096,0.01615381,0.01348092,0.01133564,0.00960913,0.00821176,0.00707186,0.00613325,0.00535249
Gram_error_fro,6.0,1,14,6,0.0,0.0638,0.05878008,0.05330317,0.04647673,0.03936728,0.03275265,0.02698593,0.02215104,0.01819354,0.01500047,0.0124438,0.01040184,0.00876836,0.00745514,0.00639131,0.00552127,0.00480209
Gram_error_fro,6.0,1,14,6,0.0,0.0613793,0.0543751,0.0424603,0.03262416,0.0254456,0.02028056,0.0164783,0.0135897,0.01133268,0.00953035,0.00806741,0.00686507,0.00586716,0.00503225,0.00432908,0.00373355,0.00322684
Gram_error_fro,6.0,2,14,6,0.0,0.08635913,0.0704041,0.05448881,0.04371666,0.03642259,0.03134693,0.02783495,0.02549235,0.0240141,0.02314265,0.02267126,0.02244795,0.02236971,0.02237103,0.0224123,0.02247062,0.02253333
Gram_error_fro,4.0,1,14,6,0.0,0.10095319,0.07554091,0.05192339,0.03602434,0.02577716,0.01913166,0.01470381,0.01164245,0.00944258,0.00780589,0.0065526,0.00557038,0.00478598,0.00414964,0.00362637,0.00319082,0.00282429
Gram_error_fro,4.0,1,14,6,0.0,0.06927392,0.05371058,0.04078462,0.03136044,0.02437666,0.01912541,0.01513649,0.01208173,0.0097254,0.00789503,0.0064629,0.00533362,0.00443563,0.00371511,0.00313159,0.00265458,0.00226112
Gram_error_fro,0.0,1,14,4,0.0,0.0,0.0,0.0,0.0,0.0,0.0,0.0,0.0,0.0,0.0,0.0,0.0,0.0,0.0,0.0,0.0,0.0
Gram_error_fro,2.0,1,14,4,0.0,0.05764409,0.0431349,0.031098,0.02308901,0.01763457,0.01379817,0.01102871,0.00898229,0.00743489,0.00623751,0.00529006,0.00452478,0.00389539,0.00336984,0.0029256,0.00254644,0.00222047
Gram_error_fro,2.0,1,14,4,0.0,0.03503374,0.02609907,0.02074611,0.01743721,0.01495285,0.01290521,0.01116287,0.00966608,0.00837703,0.00726617,0.00630836,0.00548177,0.00476752,0.0041494,0.0036136,0.0031484,0.00274391
Gram_error_fro,2.0,1,14,4,0.0,0.05989485,0.04133756,0.02753297,0.01915154,0.01423728,0.01133767,0.00950661,0.00821665,0.00721189,0.0063767,0.00565819,0.00502974,0.00447564,0.00398509,0.00354975,0.00316281,0.00281851
Gram_error_fro,2.0,1,14,4,0.0,0.02806635,0.02739854,0.02341856,0.01908649,0.0153166,0.0122534,0.00981719,0.00788784,0.00635707,0.00513825,0.00416444,0.00338421,0.00275791,0.00225472,0.00185046,0.00152598,0.00126598
Gram_error_fro,2.0,1,14,4,0.0,0.05097021,0.04147815,0.03156558,0.02401334,0.01841262,0.01425691,0.01115885,0.0088348,0.00707775,0.00573673,0.00470204,0.00389414,0.00325543,0.00274419,0.00233004,0.00199077,0.00171
Gram_error_fro,2.0,1,14,4,0.0,0.03503374,0.02609907,0.02074611,0.01743721,0.01495285,0.01290521,0.01116287,0.00966608,0.00837703,0.00726617,0.00630836,0.00548177,0.00476752,0.0041494,0.0036136,0.0031484,0.00274391
Gram_error_fro,0.0,1,14,4,0.0,0.0,0.0,0.0,0.0,0.0,0.0,0.0,0.0,0.0,0.0,0.0,0.0,0.0,0.0,0.0,0.0,0.0
Gram_error_fro,4.0,1,14,4,0.0,0.08182539,0.05825754,0.04087215,0.0296644,0.02220275,0.01703491,0.01331727,0.01055345,0.00844456,0.0068037,0.00550854,0.00447542,0.00364489,0.00297335,0.00242807,0.00198397,0.00162151
Gram_error_fro,2.0,1,14,4,0.0,0.05204005,0.03980125,0.03090299,0.02481914,0.02039568,0.01701202,0.01433126,0.01215683,0.01036444,0.00886971,0.00761225,0.00654717,0.00564018,0.00486456,0.00419911,0.00362674,0.00313349
Gram_error_fro,4.0,1,14,4,0.0,0.06177895,0.04443342,0.03169264,0.02391452,0.019467,0.01683572,0.01504711,0.01362947,0.01239253,0.01126754,0.01023109,0.00927487,0.0083948,0.00758755,0.00684952,0.00617673,0.00556494
Gram_error_fro,4.0,1,14,4,0.0,0.10647022,0.0794195,0.05587135,0.0403218,0.02998358,0.02287052,0.01781898,0.01413692,0.01139335,0.00930851,0.00769525,0.00642571,0.00541105,0.0045887,0.00391391,0.00335422,0.00288572
Gram_error_fro,6.0,1,14,4,0.0,0.07967688,0.07564868,0.06644884,0.05689224,0.04799595,0.0401511,0.03347039,0.02790513,0.02332757,0.01958458,0.01652724,0.01402423,0.01196583,0.01026325,0.00884593,0.00765833,0.00665688
Gram_error_fro,4.0,1,14,4,0.0,0.11694279,0.08673366,0.06097755,0.04489409,0.03455914,0.02738798,0.02209264,0.01803004,0.01484314,0.01230726,0.0102675,0.00861152,0.00725578,0.00613731,0.00520823,0.00443181,0.00377956
Gram_error_fro,4.0,2,14,4,0.0,0.12203118,0.09395874,0.06800409,0.05123914,0.04011793,0.03226688,0.02653353,0.02233917,0.01933956,0.01728278,0.01595474,0.01516532,0.01475229,0.01458732,0.01457645,0.01465514,0.01478126
Gram_error_fro,6.0,1,14,4,0.0,0.08496823,0.07220876,0.05630556,0.04425848,0.03538729,0.02866375,0.02343295,0.01929367,0.01598097,0.01330701,0.01113274,0.0093529,0.00788689,0.00667246,0.00566118,0.0048151,0.00410428
Gram_error_fro,0.0,1,14,2,0.0,0.0,0.0,0.0,0.0,0.0,0.0,0.0,0.0,0.0,0.0,0.0,0.0,0.0,0.0,0.0,0.0,0.0
Gram_error_fro,2.0,1,14,2,0.0,0.02307989,0.00910469,0.00524279,0.00406376,0.00371709,0.00357356,0.00345207,0.00331222,0.00315115,0.00297489,0.00279049,0.00260394,0.00241976,0.00224117,0.0020703,0.00190844,0.00175629
Gram_error_fro,2.0,1,14,2,0.0,0.02083859,0.01399234,0.01163949,0.01020955,0.00910546,0.00816953,0.00734734,0.0066148,0.00595813,0.00536771,0.00483605,0.00435689,0.00392487,0.00353529,0.00318395,0.00286714,0.0025815
Gram_error_fro,2.0,1,14,2,0.0,0.03345752,0.02176842,0.01562482,0.011814,0.00910114,0.00705464,0.0054705,0.00423067,0.00325768,0.00249687,0.00190841,0.00146315,0.00113972,0.00092109,0.00078972,0.00072365,0.00069847
Gram_error_fro,2.0,1,14,2,0.0,0.02399082,0.0093749,0.0053565,0.00410496,0.00372276,0.00356283,0.0034331,0.0032886,0.00312477,0.0029469,0.0027617,0.00257491,0.00239092,0.00221284,0.0020427,0.00188175,0.00173063
Gram_error_fro,2.0,1,14,2,0.0,0.01958568,0.01258807,0.00945379,0.00745724,0.00602378,0.00493326,0.00407981,0.00340548,0.00287311,0.00245522,0.00212945,0.00187675,0.00168072,0.00152744,0.00140547,0.00130578,0.00122161
Gram_error_fro,4.0,1,14,2,0.0,0.01415404,0.00483716,0.00127659,0.00067781,0.0017504,0.00242415,0.0028186,0.00302301,0.00309749,0.00308335,0.00300945,0.00289622,0.00275821,0.00260585,0.00244657,0.00228564,0.00212676
Gram_error_fro,4.0,1,14,2,0.0,0.02329258,0.01320384,0.01104619,0.01019596,0.00951491,0.00882738,0.00813516,0.00746082,0.00682007,0.00622078,0.00566573,0.00515485,0.00468655,0.00425848,0.00386795,0.00351221,0.0031885
Gram_error_fro,4.0,1,14,2,0.0,0.04831198,0.02439407,0.01739871,0.01431254,0.01235979,0.01086227,0.00962024,0.00855785,0.00763572,0.00682822,0.00611673,0.00548693,0.00492751,0.00442927,0.00398458,0.00358705,0.00323119
Gram_error_fro,2.0,1,14,2,0.0,0.00877499,0.00285436,0.0017983,0.00162138,0.00162236,0.001643,0.00164842,0.00163434,0.00160329,0.00155885,0.00150436,0.0014427,0.00137625,0.00130695,0.00123635,0.00116568,0.00109587
Gram_error_fro,4.0,1,14,2,0.0,0.03991026,0.01230913,0.01004019,0.00884949,0.00751075,0.00628773,0.00525107,0.00439866,0.00370972,0.0031599,0.00272548,0.00238457,0.00211751,0.00190721,0.0017393,0.00160224,0.00148715
Gram_error_fro,4.0,1,14,2,0.0,0.03792814,0.01252331,0.00783814,0.00634564,0.00550701,0.00487387,0.00434441,0.00388752,0.0034887,0.00313847,0.00282956,0.00255608,0.00231313,0.00209664,0.00190313,0.00172971,0.00157389
Gram_error_fro,4.0,1,14,2,0.0,0.024244,0.02240005,0.02126494,0.02026626,0.01921872,0.01812468,0.01701511,0.01591669,0.01484822,0.01382189,0.01284512,0.0119219,0.01105386,0.01024099,0.00948217,0.00877553,0.00811874
Gram_error_fro,4.0,1,14,2,0.0,0.04921396,0.02487074,0.01771377,0.01448875,0.01244028,0.01088959,0.00962537,0.00856021,0.00764612,0.00685172,0.00615484,0.00553909,0.00499207,0.00450407,0.00406736,0.00367559,0.0033235
Gram_error_fro,4.0,1,14,2,0.0,0.04818038,0.01548732,0.01052275,0.00881348,0.00745771,0.00634963,0.00545132,0.00471726,0.00410969,0.00360061,0.00316969,0.00280195,0.00248617,0.00221367,0.00197759,0.00177234,0.00159336
Gram_error_fro,4.0,1,14,2,0.0,0.04655196,0.01492268,0.01030817,0.00861817,0.00723572,0.00609992,0.00518281,0.00444067,0.00383457,0.0033343,0.00291724,0.00256647,0.0022692,0.00201563,0.0017981,0.00161053,0.00144803
Gram_error_fro,0.0,1,14,3,0.0,0.0,0.0,0.0,0.0,0.0,0.0,0.0,0.0,0.0,0.0,0.0,0.0,0.0,0.0,0.0,0.0,0.0
Gram_error_fro,0.0,1,14,3,0.0,0.0,0.0,0.0,0.0,0.0,0.0,0.0,0.0,0.0,0.0,0.0,0.0,0.0,0.0,0.0,0.0,0.0
Gram_error_fro,2.0,1,14,3,0.0,0.04255772,0.0181744,0.00964637,0.00668938,0.00537525,0.00453055,0.00385343,0.00327514,0.00278009,0.00236129,0.00201103,0.00172013,0.00147897,0.00127847,0.0011107,0.00096907,0.00084838
Gram_error_fro,2.0,1,14,3,0.0,0.03262144,0.0276711,0.02313743,0.01882431,0.01522403,0.01239165,0.01019988,0.00849776,0.00715926,0.0060901,0.00522247,0.004508,0.00391196,0.00340908,0.00298072,0.00261289,0.00229492
Gram_error_fro,2.0,1,14,3,0.0,0.08054726,0.06297918,0.04477949,0.03132558,0.0219715,0.01555433,0.0111409,0.00807647,0.00592165,0.00438578,0.00327664,0.00246605,0.00186742,0.00142136,0.00108648,0.00083349,0.00064137
Gram_error_fro,2.0,1,14,3,0.0,0.02556945,0.01861039,0.01393912,0.01125086,0.00962986,0.00845497,0.00746824,0.00658872,0.00579513,0.00508144,0.00444369,0.00387719,0.00337639,0.00293533,0.00254805,0.00220885,0.00191237
Gram_error_fro,4.0,1,14,3,0.0,0.06136646,0.0397954,0.02635365,0.01824021,0.01330086,0.01027033,0.00835769,0.00707891,0.00615416,0.00543103,0.00482989,0.00430981,0.0038495,0.00343738,0.00306656,0.00273245,0.00243156
Gram_error_fro,4.0,1,14,3,0.0,0.0759422,0.06097199,0.04440862,0.031884,0.02298622,0.01673848,0.01233924,0.00921736,0.00698121,0.00536428,0.00418421,0.00331491,0.00266813,0.00218142,0.00181029,0.00152288,0.00129643
Gram_error_fro,4.0,2,14,3,0.0,0.09125307,0.0598025,0.03945558,0.02783689,0.02114602,0.01732592,0.01519596,0.01403786,0.01342196,0.01310305,0.01294604,0.01287737,0.01285677,0.01286187,0.01288004,0.01290406,0.01292984
Gram_error_fro,2.0,1,14,3,0.0,0.01908497,0.01240182,0.00809707,0.00621544,0.00504834,0.00408255,0.00326227,0.00258663,0.00204342,0.00161214,0.00127145,0.00100262,0.00079039,0.00062273,0.00049022,0.00038551,0.00030282
Gram_error_fro,4.0,1,14,3,0.0,0.0814547,0.0621459,0.04593404,0.03453681,0.02657315,0.02089156,0.01672985,0.01360038,0.01118987,0.00929377,0.00777563,0.00654222,0.00552824,0.00468675,0.00398319,0.00339153,0.00289172
Gram_error_fro,4.0,1,14,3,0.0,0.07536146,0.05884737,0.04394126,0.03346107,0.02591154,0.02028903,0.01601021,0.01270655,0.01012873,0.00810099,0.00649596,0.00521935,0.00420012,0.00338399,0.00272899,0.00220238,0.00177839
Gram_error_fro,4.0,1,14,3,0.0,0.06836308,0.05369646,0.03912412,0.02849995,0.02105182,0.01578902,0.01200221,0.00922492,0.0071527,0.00558396,0.0043823,0.00345316,0.00272949,0.00216263,0.00171667,0.00136463,0.00108602
Gram_error_fro,4.0,1,14,3,0.0,0.02111418,0.01862026,0.01773732,0.01565197,0.01331639,0.01118982,0.00938373,0.00788692,0.00665563,0.00564302,0.00480757,0.0041148,0.00353691,0.00305176,0.00264188,0.0022935,0.00199574
Gram_error_fro,4.0,1,14,3,0.0,0.07568148,0.05364711,0.03667772,0.02555096,0.01826999,0.01336683,0.0099681,0.00755465,0.00580557,0.00451515,0.00354789,0.00281261,0.00224675,0.0018066,0.00146105,0.00118757,0.0009696
Gram_error_fro,4.0,2,14,3,0.0,0.05211104,0.03793589,0.02942699,0.02386036,0.02001255,0.01740321,0.0156926,0.01460662,0.01393578,0.01353112,0.01329281,0.01315657,0.01308213,0.01304463,0.01302883,0.01302549,0.013029
Gram_error_fro,0.0,1,14,2,0.0,0.0,0.0,0.0,0.0,0.0,0.0,0.0,0.0,0.0,0.0,0.0,0.0,0.0,0.0,0.0,0.0,0.0
Gram_error_fro,2.0,1,14,2,0.0,0.00437338,0.00197875,0.00100175,0.00061602,0.00048134,0.00041943,0.00037306,0.00033148,0.00029392,0.00026062,0.00023146,0.00020598,0.00018365,0.00016397,0.0001465,0.00013091,0.00011694
Gram_error_fro,2.0,1,14,2,0.0,0.02686045,0.0215919,0.01788449,0.01469226,0.01201191,0.00982404,0.00806025,0.00664137,0.00549669,0.00456871,0.00381233,0.00319255,0.00268215,0.0022599,0.00190911,0.00161659,0.00137182
Gram_error_fro,2.0,1,14,2,0.0,0.01776143,0.01209131,0.00963963,0.00783785,0.00637929,0.00520774,0.00427378,0.00352983,0.00293544,0.00245812,0.00207242,0.00175855,0.00150121,0.00128856,0.00111145,0.00096278,0.00083706
Gram_error_fro,2.0,1,14,2,0.0,0.00845101,0.00612558,0.00488158,0.00404285,0.00335872,0.00278746,0.002315,0.00192665,0.00160772,0.00134534,0.00112889,0.00094978,0.0008011,0.00067731,0.00057392,0.00048733,0.00041461
Gram_error_fro,2.0,1,14,2,0.0,0.01776143,0.01209131,0.00963963,0.00783785,0.00637929,0.00520774,0.00427378,0.00352983,0.00293544,0.00245812,0.00207242,0.00175855,0.00150121,0.00128856,0.00111145,0.00096278,0.00083706
Gram_error_fro,2.0,1,14,2,0.0,0.0185937,0.0155048,0.01246221,0.01010239,0.00828409,0.00685269,0.00570321,0.00476724,0.00399804,0.00336176,0.00283276,0.00239114,0.00202119,0.00171035,0.00144855,0.00122759,0.0010408
Gram_error_fro,4.0,2,14,2,0.0,0.01335734,0.0119584,0.00842699,0.00553744,0.00348222,0.00241147,0.00247748,0.00316244,0.00395757,0.00470288,0.00536477,0.00594274,0.00644479,0.00688044,0.00725873,0.00758759,0.00787389
Gram_error_fro,4.0,1,14,2,0.0,0.03676205,0.02828596,0.02508874,0.02236428,0.01983913,0.01754039,0.01548558,0.01366809,0.01206867,0.01066391,0.00943048,0.00834687,0.00739389,0.00655478,0.00581494,0.00516177,0.00458438
Gram_error_fro,4.0,1,14,2,0.0,0.08659006,0.05677479,0.04285445,0.03406358,0.02753972,0.0224605,0.01843427,0.01520809,0.01260129,0.01048015,0.00874381,0.00731503,0.00613401,0.00515394,0.00433785,0.00365631,0.00308571
Gram_error_fro,2.0,1,14,2,0.0,0.00437338,0.00197875,0.00100175,0.00061602,0.00048134,0.00041943,0.00037306,0.00033148,0.00029392,0.00026062,0.00023146,0.00020598,0.00018365,0.00016397,0.0001465,0.00013091,0.00011694
Gram_error_fro,6.0,2,14,2,0.0,0.05787063,0.04461924,0.035672,0.02871915,0.02303768,0.01837377,0.01457116,0.01150748,0.00909229,0.00727005,0.00601413,0.00529934,0.0050559,0.00515497,0.00545442,0.00584585,0.00626322
Gram_error_fro,4.0,1,14,2,0.0,0.06794977,0.04801285,0.03534135,0.02693403,0.0208885,0.01638895,0.0129865,0.0103857,0.00837858,0.00681531,0.00558682,0.00461296,0.00383442,0.00320695,0.00269727,0.0022802,0.00193652
Gram_error_fro,4.0,1,14,2,0.0,0.06642905,0.04104905,0.0306596,0.02457138,0.02023478,0.01693016,0.01434318,0.01228865,0.01063818,0.00929657,0.00819182,0.0072696,0.00648909,0.0058198,0.00523894,0.0047295,0.00427868
Gram_error_fro,6.0,1,14,2,0.0,0.09986823,0.07205704,0.05448231,0.04229675,0.03323386,0.02634828,0.02106922,0.01699085,0.01381472,0.01132046,0.00934505,0.00776743,0.00649723,0.00546653,0.00462391,0.00393018,0.00335522
Gram_error_fro,2.0,1,14,2,0.0,0.09916949,0.08120952,0.06538167,0.05305972,0.04331356,0.03555506,0.02934666,0.02434699,0.02029268,0.01698234,0.01426202,0.01201348,0.01014524,0.00858592,0.00727929,0.0061807,0.00525438
Gram_error_fro,0.0,1,14,2,0.0,0.0,0.0,0.0,0.0,0.0,0.0,0.0,0.0,0.0,0.0,0.0,0.0,0.0,0.0,0.0,0.0,0.0
Gram_error_fro,2.0,1,14,2,0.0,0.00453318,0.00138388,0.00104321,0.00109125,0.00119071,0.00127999,0.00134764,0.00139366,0.00142049,0.00143093,0.00142758,0.00141278,0.0013886,0.00135682,0.00131901,0.00127651,0.00123048
Gram_error_fro,2.0,1,14,2,0.0,0.00434028,0.0012844,0.00147802,0.00173349,0.00178519,0.0017348,0.0016409,0.00153092,0.00141736,0.00130592,0.00119928,0.00109864,0.0010045,0.00091697,0.00083595,0.00076121,0.00069244
Gram_error_fro,2.0,1,14,2,0.0,0.0111882,0.00923074,0.00749042,0.00612797,0.00501446,0.00409728,0.00334698,0.00273749,0.00224446,0.00184621,0.00152435,0.00126369,0.00105194,0.00087929,0.00073791,0.00062164,0.00052559
Gram_error_fro,2.0,1,14,2,0.0,0.02130937,0.01371507,0.01170277,0.01017256,0.0087082,0.0073782,0.00622357,0.00524569,0.0044273,0.00374553,0.00317778,0.00270406,0.00230751,0.00197433,0.0016933,0.00145535,0.00125317
Gram_error_fro,2.0,1,14,2,0.0,0.02807914,0.01611367,0.01340142,0.01175891,0.0103062,0.00901367,0.00788667,0.00691562,0.00608292,0.00536906,0.00475558,0.00422624,0.00376726,0.00336723,0.00301681,0.00270835,0.00243566
Gram_error_fro,4.0,1,14,2,0.0,0.01187565,0.00925905,0.00766478,0.0068082,0.00620727,0.00569003,0.00521001,0.00475762,0.00433255,0.00393598,0.00356855,0.00323011,0.00291978,0.00263625,0.0023779,0.00214301,0.00192979
Gram_error_fro,4.0,1,14,2,0.0,0.084971,0.06257331,0.05266662,0.04680051,0.04223301,0.03828098,0.03472735,0.03148658,0.0285202,0.02580744,0.02333325,0.0210835,0.01904351,0.01719792,0.01553105,0.01402735,0.01267183
Gram_error_fro,4.0,1,14,2,0.0,0.0,0.0,0.00066866,0.00103587,0.00122722,0.00132709,0.00137141,0.00137831,0.00135888,0.00132082,0.00126978,0.00121008,0.001145,0.00107707,0.00100817,0.00093974,0.00087281
Gram_error_fro,4.0,1,14,2,0.0,0.06513452,0.06479321,0.05635188,0.04760617,0.0399282,0.0334755,0.02812625,0.02370507,0.02004578,0.01700696,0.01447292,0.01235048,0.010565,0.00905671,0.00777767,0.00668925,0.00576018
Gram_error_fro,4.0,2,14,2,0.0,0.11273309,0.10057542,0.08230267,0.06660851,0.05381952,0.04350193,0.03519278,0.02849269,0.02307947,0.01870259,0.0151724,0.01234928,0.0101341,0.00845857,0.00727253,0.00652602,0.0061517
Gram_error_fro,6.0,1,14,2,0.0,0.15250979,0.12400008,0.09926201,0.08021152,0.06520162,0.05326377,0.04373229,0.03609313,0.02994163,0.02496117,0.02090555,0.0175838,0.01484768,0.01258172,0.01069559,0.00911821,0.00779332
Gram_error_fro,4.0,1,14,2,0.0,0.07787893,0.0718128,0.05996691,0.04928221,0.04044388,0.03330654,0.02758335,0.0229901,0.01928568,0.01627786,0.01381727,0.01178894,0.0101045,0.0086958,0.00751001,0.00650588,0.00565098
Gram_error_fro,4.0,1,14,2,0.0,0.0294554,0.01920161,0.01507817,0.01214112,0.0099253,0.00825185,0.00697603,0.00598761,0.00520656,0.00457603,0.00405607,0.0036187,0.00324427,0.0029189,0.00263271,0.00237853,0.00215109
Gram_error_fro,4.0,1,14,2,0.0,0.02780431,0.02309192,0.02053002,0.01878727,0.01716985,0.01558014,0.01404704,0.0126048,0.01127348,0.01006054,0.00896517,0.0079817,0.007102,0.00631696,0.00561735,0.00499435,0.00443977
Gram_error_fro,4.0,1,14,2,0.0,0.02807914,0.01611367,0.01216162,0.00956657,0.00752844,0.00592842,0.00469247,0.0037509,0.00304118,0.00251008,0.00211367,0.00181656,0.00159099,0.00141589,0.00127588,0.00116012,0.00106124
Gram_error_fro,0.0,1,14,4,0.0,0.0,0.0,0.0,0.0,0.0,0.0,0.0,0.0,0.0,0.0,0.0,0.0,0.0,0.0,0.0,0.0,0.0
Gram_error_fro,2.0,1,14,4,0.0,0.0466187,0.04459629,0.03822665,0.03317306,0.02935092,0.02628784,0.02372373,0.02152555,0.01961288,0.01792943,0.01643338,0.01509315,0.01388462,0.01278916,0.01179213,0.01088176,0.01004841
Gram_error_fro,2.0,1,14,4,0.0,0.0692508,0.06436548,0.05617869,0.04874019,0.04235064,0.03693896,0.03238664,0.02855912,0.02532529,0.0225709,0.02020313,0.01814929,0.01635327,0.01477175,0.01337094,0.01212415,0.01100995
Gram_error_fro,2.0,1,14,4,0.0,0.05628316,0.0528537,0.04638499,0.04182745,0.03843201,0.03558777,0.03306438,0.03077467,0.02867255,0.02672638,0.02491318,0.02321663,0.02162528,0.02013097,0.01872762,0.01741032,0.01617483
Gram_error_fro,2.0,1,14,4,0.0,0.04484892,0.04208399,0.0355658,0.03028404,0.02628475,0.02310417,0.02045165,0.01818068,0.01621228,0.01449554,0.01299226,0.01167147,0.01050731,0.00947802,0.00856525,0.00775348,0.0070296
Gram_error_fro,2.0,1,14,4,0.0,0.04678469,0.04704965,0.04317583,0.03987393,0.0371489,0.03472326,0.03247552,0.03036514,0.02837667,0.02650118,0.02473183,0.02306304,0.02149012,0.020009,0.01861595,0.01730738,0.01607975
Gram_error_fro,4.0,1,14,4,0.0,0.0641764,0.06146173,0.05529647,0.04924766,0.04381793,0.03905682,0.03491147,0.0313027,0.02815083,0.02538524,0.02294663,0.02078628,0.01886432,0.01714803,0.01561037,0.01422876,0.01298421
Gram_error_fro,4.0,1,14,4,0.0,0.10778031,0.07924035,0.05689356,0.04513452,0.03862216,0.0341879,0.03064383,0.02760368,0.02493284,0.02256831,0.02046784,0.01859706,0.01692648,0.01543062,0.01408758,0.01287858,0.01178752
Gram_error_fro,2.0,1,14,4,0.0,0.08571987,0.06171592,0.03707609,0.02249654,0.01517905,0.01182922,0.01027099,0.00941259,0.00881641,0.00832543,0.00788385,0.00747079,0.00707782,0.00670129,0.00633956,0.00599189,0.00565796
Gram_error_fro,2.0,1,14,4,0.0,0.0692508,0.06436548,0.05617869,0.04874019,0.04235064,0.03693896,0.03238664,0.02855912,0.02532529,0.0225709,0.02020313,0.01814929,0.01635327,0.01477175,0.01337094,0.01212415,0.01100995
Gram_error_fro,4.0,1,14,4,0.0,0.07080241,0.05989531,0.05247318,0.04833303,0.04547857,0.04296116,0.04048907,0.03801675,0.0355673,0.03317369,0.03086297,0.02865386,0.02655784,0.02458083,0.02272469,0.02098844,0.01936909
Gram_error_fro,4.0,1,14,4,0.0,0.10958151,0.07596161,0.05136946,0.03877368,0.03231103,0.02827847,0.02519684,0.02258096,0.02027647,0.01822526,0.01639545,0.01476258,0.01330512,0.01200359,0.01084044,0.0098,0.00886831
Gram_error_fro,2.0,1,14,4,0.0,0.06896113,0.06610807,0.06002031,0.05396873,0.04837713,0.04333379,0.03884927,0.03489273,0.03141181,0.02834754,0.02564317,0.02324806,0.02111873,0.01921851,0.01751671,0.01598764,0.01460975
Gram_error_fro,4.0,1,14,4,0.0,0.06478569,0.06139445,0.05337824,0.04744723,0.04314972,0.03966976,0.03660631,0.03380752,0.03121953,0.02882057,0.02659799,0.02454118,0.02263986,0.02088375,0.01926274,0.01776704,0.01638727
Gram_error_fro,4.0,1,14,4,0.0,0.060491,0.0549979,0.04870166,0.04424168,0.0410527,0.03845646,0.03610285,0.03386011,0.03169292,0.02960033,0.02759058,0.02567214,0.02385105,0.02213063,0.02051176,0.01899344,0.01757328
Gram_error_fro,6.0,1,14,4,0.0,0.12782517,0.09438222,0.06970956,0.05649194,0.04853165,0.0426931,0.03789798,0.03380016,0.03025953,0.02718835,0.02451486,0.02217699,0.02012181,0.01830508,0.0166904,0.01524802,0.01395362
Gram_error_fro,0.0,1,14,2,0.0,0.0,0.0,0.0,0.0,0.0,0.0,0.0,0.0,0.0,0.0,0.0,0.0,0.0,0.0,0.0,0.0,0.0
Gram_error_fro,0.0,1,14,2,0.0,0.0,0.0,0.0,0.0,0.0,0.0,0.0,0.0,0.0,0.0,0.0,0.0,0.0,0.0,0.0,0.0,0.0
Gram_error_fro,2.0,1,14,2,0.0,0.02866788,0.01926205,0.01448619,0.01147141,0.00935293,0.00777483,0.00654937,0.0055685,0.00476624,0.00409978,0.00353974,0.00306497,0.00265973,0.00231197,0.00201227,0.00175311,0.00152843
Gram_error_fro,2.0,1,14,2,0.0,0.02299465,0.01664395,0.01272622,0.00981585,0.00760679,0.00593978,0.00468009,0.00372051,0.00298181,0.0024071,0.00195567,0.00159808,0.00131271,0.00108351,0.00089833,0.00074792,0.00062515
Gram_error_fro,2.0,1,14,2,0.0,0.02947505,0.01950804,0.01556554,0.01310039,0.01123051,0.00970872,0.00843429,0.00735155,0.00642324,0.00562199,0.00492682,0.00432127,0.00379217,0.00332884,0.00292247,0.00256565,0.00225214
Gram_error_fro,2.0,1,14,2,0.0,0.02947505,0.01950804,0.01505076,0.01221067,0.01020111,0.00871493,0.00757729,0.00667983,0.00595351,0.00535294,0.00484726,0.00441481,0.00403995,0.0037112,0.00341998,0.00315973,0.00292545
Gram_error_fro,2.0,1,14,2,0.0,0.00124509,0.00035081,0.00023474,0.00021887,0.00019255,0.00017632,0.00017279,0.00017465,0.00017598,0.00017438,0.00016952,0.00016196,0.00015249,0.00014185,0.00013066,0.00011937,0.00010833
Gram_error_fro,4.0,1,14,2,0.0,0.04233074,0.03175721,0.02486963,0.0198622,0.01602001,0.01301261,0.01062897,0.00872116,0.00718199,0.005932,0.00491127,0.00407391,0.00338438,0.00281483,0.00234319,0.00195185,0.00162663
Gram_error_fro,2.0,1,14,2,0.0,0.062705,0.04825029,0.03809433,0.03056324,0.02476577,0.02023779,0.01666228,0.01380869,0.01150847,0.00963767,0.00810415,0.00683855,0.00578793,0.00491139,0.00417691,0.00355919,0.00303802
Gram_error_fro,2.0,1,14,2,0.0,0.03153094,0.02131584,0.01494408,0.01090762,0.00812267,0.00612403,0.00465968,0.0035716,0.00275406,0.00213408,0.0016602,0.00129564,0.00101365,0.0007946,0.00062383,0.00049035,0.00038577
Gram_error_fro,4.0,1,14,2,0.0,0.00914763,0.00750241,0.00751319,0.00735741,0.00703957,0.0066266,0.00617653,0.00572408,0.00528806,0.00487785,0.0044974,0.00414757,0.00382743,0.00353518,0.00326863,0.00302546,0.00280342
Gram_error_fro,4.0,1,14,2,0.0,0.04802193,0.03977698,0.03255871,0.0265525,0.02160376,0.01757823,0.01432507,0.01169872,0.00957436,0.00785084,0.00644798,0.00530271,0.00436526,0.00359626,0.00296432,0.00244431,0.00201593
Gram_error_fro,4.0,1,14,2,0.0,0.00766631,0.00249616,0.00188149,0.00184907,0.00182689,0.00176197,0.00166227,0.00154096,0.00140916,0.00127499,0.00114394,0.00101946,0.00090356,0.00079723,0.00070078,0.00061407,0.00053666
Gram_error_fro,4.0,1,14,2,0.0,0.08178135,0.04883777,0.03242213,0.02270101,0.01637389,0.01206248,0.00903279,0.0068513,0.00524906,0.00405323,0.00314913,0.00245852,0.00192664,0.00151432,0.00119302,0.00094163,0.0007443
Gram_error_fro,4.0,1,14,2,0.0,0.04510386,0.02783468,0.02099188,0.01703726,0.01413087,0.01180543,0.0098933,0.00830625,0.00698392,0.00587968,0.00495589,0.00418172,0.00353188,0.00298558,0.0025257,0.00213811,0.00181112
Gram_error_fro,4.0,1,14,2,0.0,0.02592557,0.01570281,0.01103453,0.00830071,0.00641138,0.00502794,0.00398914,0.00319673,0.0025848,0.00210719,0.00173076,0.00143139,0.0011913,0.00099722,0.00083917,0.00070955,0.00060255
Gram_error_fro,0.0,1,14,2,0.0,0.0,0.0,0.0,0.0,0.0,0.0,0.0,0.0,0.0,0.0,0.0,0.0,0.0,0.0,0.0,0.0,0.0
Gram_error_fro,2.0,1,14,2,0.0,0.01322422,0.01011541,0.00806968,0.00656551,0.00542781,0.00454093,0.00383114,0.00325142,0.00277052,0.00236682,0.00202492,0.00173356,0.0014843,0.00127065,0.0010875,0.00093076,0.00079706
Gram_error_fro,2.0,1,14,2,0.0,0.06476328,0.07171457,0.06926973,0.06428663,0.05863787,0.05299027,0.04761448,0.04262747,0.03807403,0.03395991,0.03026893,0.0269731,0.02403896,0.02143151,0.01911652,0.01706179,0.01523778
Gram_error_fro,0.0,1,14,2,0.0,0.0,0.0,0.0,0.0,0.0,0.0,0.0,0.0,0.0,0.0,0.0,0.0,0.0,0.0,0.0,0.0,0.0
Gram_error_fro,2.0,1,14,2,0.0,0.05577218,0.04378135,0.03305298,0.02491907,0.01871878,0.01401415,0.01047475,0.00783837,0.00590513,0.00452824,0.00359845,0.00302373,0.00271174,0.00256957,0.002519,0.00250697,0.00250335
Gram_error_fro,0.0,1,14,2,0.0,0.0,0.0,0.0,0.0,0.0,0.0,0.0,0.0,0.0,0.0,0.0,0.0,0.0,0.0,0.0,0.0,0.0
Gram_error_fro,2.0,1,14,2,0.0,0.07482465,0.04507843,0.03292108,0.02594602,0.0210602,0.01736278,0.01447742,0.01218713,0.01034532,0.00884714,0.0076158,0.00659422,0.00573941,0.00501859,0.0044065,0.00388341,0.00343379
Gram_error_fro,4.0,1,14,2,0.0,0.0689896,0.05261966,0.04231797,0.03487397,0.02897147,0.02420116,0.02033626,0.01719479,0.01462657,0.01251192,0.0107576,0.0092916,0.00805824,0.0070142,0.00612552,0.0053653,0.00471208
Gram_error_fro,4.0,1,14,2,0.0,0.06375394,0.04776957,0.03609567,0.02799475,0.02203463,0.01754111,0.01411552,0.01148073,0.00943526,0.00783161,0.00656168,0.00554592,0.00472554,0.00405671,0.00350654,0.00305009,0.00266833
Gram_error_fro,0.0,1,14,2,0.0,0.0,0.0,0.0,0.0,0.0,0.0,0.0,0.0,0.0,0.0,0.0,0.0,0.0,0.0,0.0,0.0,0.0
Gram_error_fro,2.0,1,14,2,0.0,0.01322422,0.01011541,0.00806968,0.00656551,0.00542781,0.00454093,0.00383114,0.00325142,0.00277052,0.00236682,0.00202492,0.00173356,0.0014843,0.00127065,0.0010875,0.00093076,0.00079706
Gram_error_fro,4.0,1,14,2,0.0,0.08089429,0.05762791,0.04359672,0.0340976,0.02698315,0.02149778,0.01723316,0.0138999,0.01127925,0.00920551,0.00755368,0.00622951,0.00516165,0.00429575,0.00359011,0.00301243,0.00253751
Gram_error_fro,4.0,1,14,2,0.0,0.09167811,0.07074683,0.05460446,0.0430349,0.03427998,0.02752301,0.02226632,0.01815017,0.01490429,0.01232532,0.01026051,0.00859494,0.00724175,0.00613485,0.00522361,0.00446892,0.00384035
Gram_error_fro,2.0,1,14,2,0.0,0.06473325,0.07166503,0.06921054,0.06422213,0.05857096,0.05292299,0.04754828,0.04256335,0.03801263,0.03390164,0.03021401,0.0269216,0.02399087,0.02138675,0.01907497,0.01702329,0.01520216
Gram_error_fro,4.0,1,14,2,0.0,0.03942436,0.02924027,0.02365841,0.01921938,0.01564616,0.01277736,0.01047496,0.00862418,0.00713271,0.00592762,0.00495164,0.00415973,0.0035163,0.00299299,0.002567,0.0022198,0.00193626
Gram_error_fro,4.0,1,14,2,0.0,0.05835445,0.03748248,0.03089395,0.02563871,0.02112335,0.01734626,0.0142326,0.01168143,0.00959487,0.00788736,0.00648731,0.00533629,0.00438718,0.00360229,0.00295149,0.00241071,0.00196065
Gram_error_fro,0.0,1,14,5,0.0,0.0,0.0,0.0,0.0,0.0,0.0,0.0,0.0,0.0,0.0,0.0,0.0,0.0,0.0,0.0,0.0,0.0
Gram_error_fro,2.0,1,14,5,0.0,0.07743983,0.06342883,0.04670806,0.03489933,0.02699608,0.02154235,0.01759024,0.01459731,0.01225318,0.01037148,0.00883333,0.00755865,0.00649107,0.00558951,0.00482321,0.00416856,0.00360708
Gram_error_fro,0.0,1,14,5,0.0,0.06305178,0.05452387,0.0408862,0.03076293,0.02374849,0.01868634,0.01485605,0.01187316,0.00951819,0.00764778,0.00615771,0.00496805,0.00401619,0.00325291,0.00263943,0.00214524,0.00174629
Gram_error_fro,2.0,1,14,5,0.0,0.04765524,0.03482904,0.02334125,0.01524735,0.00991431,0.00655241,0.00451102,0.00330796,0.00260239,0.00216932,0.00187653,0.00165541,0.00147347,0.00131594,0.00117607,0.00105053,0.00093744
Gram_error_fro,2.0,1,14,5,0.0,0.0726978,0.06058009,0.0482475,0.038823,0.03149294,0.02572593,0.02117078,0.0175602,0.01468257,0.01237141,0.01049786,0.00896362,0.00769434,0.00663403,0.00574047,0.00498162,0.00433298
Gram_error_fro,2.0,1,14,5,0.0,0.08260325,0.06646229,0.04620184,0.03215946,0.02341615,0.01795856,0.01436323,0.0118236,0.00991604,0.00841724,0.00720298,0.00619871,0.00535618,0.00464212,0.00403239,0.00350884,0.00305736
Gram_error_fro,2.0,1,14,5,0.0,0.05230279,0.05514359,0.04963049,0.04262809,0.03586668,0.02986307,0.0247504,0.02050205,0.01702158,0.01418962,0.01188876,0.01001502,0.0084816,0.0072186,0.00617087,0.00529543,0.00455892
Gram_error_fro,4.0,1,14,5,0.0,0.08553415,0.07075662,0.05515914,0.04376158,0.03518652,0.02850534,0.02322011,0.01901781,0.01566855,0.01299132,0.0108416,0.00910489,0.00769157,0.00653226,0.0055736,0.00477466,0.00410403
Gram_error_fro,2.0,1,14,5,0.0,0.05257913,0.04317916,0.03329982,0.02645277,0.02189576,0.01874524,0.01639216,0.01449355,0.01287683,0.0114586,0.01019721,0.00906938,0.00805976,0.00715647,0.00634931,0.00562906,0.00498726
Gram_error_fro,4.0,1,14,5,0.0,0.08248725,0.06303711,0.04512406,0.03289189,0.02452121,0.01860656,0.01430939,0.01112432,0.00872953,0.00690898,0.005512,0.00443087,0.00358735,0.002924,0.00239832,0.00197861,0.00164113
Gram_error_fro,4.0,1,14,5,0.0,0.04238745,0.03320853,0.02593936,0.02012681,0.01556266,0.01205803,0.00939598,0.00737734,0.0058403,0.00466111,0.00374793,0.00303365,0.00246946,0.00201981,0.00165861,0.0013665,0.00112895
Gram_error_fro,6.0,1,14,5,0.0,0.05668441,0.04855757,0.03872711,0.03059872,0.02429922,0.01949866,0.01582528,0.01297837,0.01073976,0.00895613,0.00751924,0.00635102,0.00539376,0.00460388,0.0039479,0.00339977,0.00293907
Gram_error_fro,4.0,1,14,5,0.0,0.09083273,0.09022804,0.07574455,0.06121758,0.04929722,0.03999858,0.03280964,0.02721722,0.02281427,0.01929933,0.01645388,0.01412003,0.01218304,0.01055872,0.00918446,0.00801304,0.00700825
Gram_error_fro,6.0,1,14,5,0.0,0.11463621,0.10490901,0.08488225,0.06747703,0.05386561,0.04339821,0.03531322,0.0290072,0.02403559,0.02007443,0.01688632,0.01429571,0.01217156,0.01041515,0.00895147,0.00772304,0.00668541
Gram_error_fro,2.0,1,14,5,0.0,0.03605523,0.02240074,0.01547246,0.01123988,0.00832954,0.0062544,0.00475338,0.00365659,0.00284707,0.00224303,0.00178699,0.00143843,0.00116869,0.00095742,0.00079002,0.00065598,0.00054762
Gram_error_fro,6.0,1,14,5,0.0,0.07025215,0.05819118,0.04155818,0.02865987,0.01973855,0.01376704,0.00977167,0.00705761,0.00517461,0.0038404,0.00287795,0.00217393,0.00165363,0.00126624,0.00097623,0.00075821,0.00059371
Gram_error_fro,0.0,1,14,2,0.0,0.0,0.0,0.0,0.0,0.0,0.0,0.0,0.0,0.0,0.0,0.0,0.0,0.0,0.0,0.0,0.0,0.0
Gram_error_fro,2.0,1,14,2,0.0,0.04750046,0.04001129,0.03322908,0.02797876,0.02378522,0.02039249,0.01762598,0.0153499,0.01345795,0.01186825,0.0105184,0.00936099,0.00835988,0.0074873,0.00672168,0.0060461,0.00544711
Gram_error_fro,0.0,1,14,2,0.0,0.0,0.0,0.0,0.0,0.0,0.0,0.0,0.0,0.0,0.0,0.0,0.0,0.0,0.0,0.0,0.0,0.0
Gram_error_fro,2.0,1,14,2,0.0,0.04745708,0.03995431,0.03317029,0.02792393,0.02373709,0.02035236,0.01759421,0.0153263,0.01344201,0.01185928,0.01051566,0.00936373,0.00836737,0.00749886,0.0067367,0.006064,0.00546738
Gram_error_fro,2.0,1,14,2,0.0,0.01734605,0.01143858,0.00869277,0.00688511,0.00558875,0.00460255,0.00382358,0.00319469,0.00268056,0.00225707,0.00190652,0.0016153,0.00137268,0.00117004,0.00100041,0.00085809,0.00073842
Gram_error_fro,2.0,1,14,2,0.0,0.04488797,0.02709963,0.01823946,0.01296245,0.00936196,0.0067815,0.00489955,0.00351768,0.0025004,0.00175129,0.0012005,0.00079692,0.0005029,0.0002906,0.00013955,3.752e-05,4.661e-05
Gram_error_fro,2.0,1,14,2,0.0,0.01786975,0.01162177,0.00882286,0.00693416,0.00557595,0.00456462,0.0037893,0.00317964,0.00269002,0.00229012,0.00195921,0.0016826,0.00144957,0.00125205,0.00108382,0.00093997,0.0008166
Gram_error_fro,4.0,1,14,2,0.0,0.01383522,0.00935268,0.00782603,0.00698644,0.00637788,0.00585889,0.00537395,0.0049048,0.00444973,0.0040128,0.00359893,0.00321198,0.00285431,0.00252686,0.00222947,0.00196121,0.00172058
Gram_error_fro,4.0,1,14,2,0.0,0.0476679,0.04173668,0.03555753,0.03050046,0.02639256,0.02304253,0.02028668,0.01799273,0.01605834,0.01440619,0.01297846,0.01173183,0.01063365,0.00965897,0.00878855,0.00800727,0.00730309
Gram_error_fro,4.0,1,14,2,0.0,0.05560314,0.03099863,0.02162457,0.01636149,0.01270683,0.00998393,0.00790342,0.0062937,0.00503758,0.00405065,0.00327061,0.00265087,0.00215618,0.00175966,0.00144064,0.00118308,0.00097449
Gram_error_fro,2.0,1,14,2,0.0,0.02217091,0.01384321,0.01103349,0.00952548,0.00842428,0.00750072,0.00669153,0.00597555,0.00534127,0.00477924,0.00428076,0.00383794,0.0034438,0.00309227,0.00277817,0.00249705,0.00224509
Gram_error_fro,2.0,1,14,2,0.0,0.01899394,0.01044032,0.00821206,0.00786861,0.0078792,0.00782883,0.00764062,0.00733114,0.00693644,0.00649061,0.00602052,0.00554584,0.00508019,0.00463261,0.00420874,0.00381178,0.00344324
Gram_error_fro,4.0,1,14,2,0.0,0.03595134,0.0222314,0.0147451,0.01023794,0.00735945,0.00556906,0.00453188,0.00397278,0.00367086,0.00348086,0.00332602,0.00317321,0.00301165,0.00284054,0.00266284,0.00248243,0.00230298
Gram_error_fro,4.0,1,14,2,0.0,0.05451984,0.02889285,0.01932432,0.01407673,0.01054202,0.00798315,0.00608735,0.00467642,0.00363196,0.00286901,0.00232303,0.00194203,0.00168205,0.00150583,0.00138353,0.00129337,0.00122089
Gram_error_fro,2.0,1,14,2,0.0,0.03001299,0.03025197,0.02923097,0.02801088,0.02658872,0.0249888,0.02328267,0.02154462,0.01983218,0.01818395,0.01662325,0.0151624,0.01380631,0.01255505,0.01140566,0.01035336,0.00939239
Gram_error_fro,2.0,1,14,2,0.0,0.04745708,0.03995431,0.0333909,0.02828257,0.02409764,0.02060122,0.01766088,0.01518013,0.01308108,0.01129935,0.00978172,0.00848445,0.00737167,0.00641403,0.00558747,0.00487216,0.00425174
Gram_error_fro,0.0,1,14,3,0.0,0.0,0.0,0.0,0.0,0.0,0.0,0.0,0.0,0.0,0.0,0.0,0.0,0.0,0.0,0.0,0.0,0.0
Gram_error_fro,2.0,1,14,3,0.0,0.06423922,0.0574985,0.04771329,0.03859269,0.0310266,0.02497574,0.02019317,0.01641862,0.01342917,0.01104724,0.00913589,0.00759089,0.00633324,0.00530291,0.004454,0.0037511,0.00316664
Gram_error_fro,2.0,1,14,3,0.0,0.01460192,0.00978623,0.00751692,0.00596078,0.00491131,0.00420657,0.00372426,0.00337971,0.00311784,0.00290469,0.00272032,0.00255347,0.00239798,0.00225061,0.00210977,0.00197474,0.00184527
Gram_error_fro,0.0,1,14,3,0.0,0.0,0.0,0.0,0.0,0.0,0.0,0.0,0.0,0.0,0.0,0.0,0.0,0.0,0.0,0.0,0.0,0.0
Gram_error_fro,2.0,1,14,3,0.0,0.01498633,0.01185021,0.01048401,0.00943087,0.00853042,0.00775524,0.00708953,0.00651393,0.00600913,0.00555909,0.00515181,0.00477889,0.00443455,0.00411485,0.00381703,0.00353911,0.00327954
Gram_error_fro,2.0,1,14,3,0.0,0.01314686,0.01083831,0.00901839,0.00751025,0.00629734,0.00533111,0.00455841,0.00393396,0.00342231,0.00299682,0.00263787,0.0023312,0.00206639,0.00183579,0.00163369,0.00145567,0.0012983
Gram_error_fro,4.0,1,14,3,0.0,0.03662385,0.02030192,0.01318897,0.00941361,0.00675507,0.00474482,0.00323611,0.00212552,0.00132719,0.00078241,0.00048051,0.0004357,0.00052727,0.00062929,0.00070756,0.00075925,0.0007881
Gram_error_fro,2.0,1,14,3,0.0,0.00455328,0.00144498,0.00037044,0.00065204,0.00100752,0.00124579,0.00139507,0.00148005,0.00151888,0.00152467,0.00150679,0.00147203,0.00142535,0.00137044,0.00131005,0.00124629,0.00118077
Gram_error_fro,4.0,2,14,3,0.0,0.06831405,0.06011422,0.04945092,0.04006768,0.03228464,0.02596704,0.02091277,0.01693102,0.01386515,0.01159424,0.01002046,0.00904727,0.00856147,0.00843514,0.00854574,0.00879483,0.00911347
Gram_error_fro,4.0,1,14,3,0.0,0.0649446,0.05938273,0.05005251,0.04167054,0.03465037,0.02888348,0.02417681,0.02033585,0.01718987,0.01459838,0.01244966,0.01065634,0.00915044,0.00787901,0.00680046,0.00588186,0.00509683
Gram_error_fro,2.0,1,14,3,0.0,0.03662385,0.02030192,0.01432722,0.01157759,0.00975515,0.00836196,0.00724616,0.00633119,0.00556772,0.00492154,0.0043682,0.00388985,0.00347314,0.00310788,0.00278609,0.00250143,0.00224874
Gram_error_fro,4.0,1,14,3,0.0,0.05984632,0.05423978,0.04769958,0.04118891,0.03524023,0.03003714,0.02559374,0.02184235,0.01868729,0.01603246,0.01379264,0.01189639,0.01028522,0.00891166,0.00773711,0.00673005,0.00586453
Gram_error_fro,4.0,1,14,3,0.0,0.060123,0.05391828,0.04542297,0.03717825,0.03014164,0.02443403,0.01988187,0.01626019,0.01336817,0.01104454,0.00916472,0.0076337,0.00637918,0.00534579,0.00449076,0.00378071,0.00318926
Gram_error_fro,6.0,2,14,3,0.0,0.05865027,0.04591312,0.04305782,0.04076985,0.03817925,0.03544242,0.0327462,0.03021318,0.02790907,0.0258596,0.02406496,0.02251049,0.0211739,0.02003007,0.01905387,0.01822177,0.01751262
Gram_error_fro,4.0,1,14,3,0.0,0.052793,0.05106581,0.04369054,0.0364579,0.03034195,0.02534264,0.02128339,0.01798057,0.015278,0.01305056,0.0112006,0.00965267,0.00834859,0.00724335,0.00630176,0.00549607,0.00480406
Gram_error_fro,2.0,1,14,3,0.0,0.02190151,0.01412327,0.0114596,0.01009116,0.00902698,0.00810128,0.00728284,0.00655882,0.00591801,0.00534967,0.00484396,0.00439237,0.00398767,0.00362381,0.00329576,0.00299928,0.00273081
Gram_error_fro,0.0,1,14,2,0.0,0.0,0.0,0.0,0.0,0.0,0.0,0.0,0.0,0.0,0.0,0.0,0.0,0.0,0.0,0.0,0.0,0.0
Gram_error_fro,2.0,1,14,2,0.0,0.04064031,0.02734919,0.01923735,0.01390427,0.01022332,0.00763199,0.00578432,0.00444943,0.0034706,0.00274128,0.00218896,0.00176407,0.00143244,0.00117027,0.00096073,0.00079172,0.00065439
Gram_error_fro,2.0,1,14,2,0.0,0.06244397,0.0259395,0.01517971,0.01023063,0.00718101,0.00510524,0.00364745,0.00261104,0.00186904,0.0013351,0.00094944,0.00067026,0.00046806,0.00032189,0.00021679,0.00014206,9.019e-05
Gram_error_fro,0.0,1,14,2,0.0,0.0,0.0,0.0,0.0,0.0,0.0,0.0,0.0,0.0,0.0,0.0,0.0,0.0,0.0,0.0,0.0,0.0
Gram_error_fro,2.0,1,14,2,0.0,0.01370217,0.00946304,0.00931616,0.00849023,0.00750413,0.00653897,0.00564909,0.00485069,0.00414592,0.00353071,0.00299811,0.00253997,0.00214788,0.00181371,0.00152985,0.00128942,0.00108626
Gram_error_fro,2.0,1,14,2,0.0,0.01862453,0.01272066,0.00953183,0.00753753,0.00607777,0.00494966,0.0040593,0.00334763,0.00277334,0.00230633,0.00192408,0.00160949,0.00134935,0.00113337,0.00095341,0.00080304,0.00067706
Gram_error_fro,4.0,1,14,2,0.0,0.0790888,0.05184565,0.03961764,0.03177429,0.0257961,0.02104456,0.01723504,0.0141712,0.0116989,0.00969566,0.00806492,0.00673103,0.00563481,0.00472992,0.00397991,0.00335596,0.00283514
Gram_error_fro,2.0,1,14,2,0.0,0.00921202,0.00834618,0.00746203,0.00640427,0.00552055,0.00476289,0.00410462,0.00353285,0.00303745,0.00260912,0.00223936,0.00192055,0.00164596,0.00140967,0.00120652,0.00103199,0.00088218
Gram_error_fro,4.0,1,14,2,0.0,0.08079652,0.05016668,0.03493553,0.02569972,0.01931311,0.01469628,0.01130728,0.00879693,0.00692085,0.00550499,0.00442513,0.0035925,0.00294338,0.00243184,0.0020245,0.00169692,0.00143102
Gram_error_fro,4.0,1,14,2,0.0,0.04484573,0.0242403,0.0146747,0.00948459,0.00629875,0.00424242,0.00291205,0.00208437,0.00161182,0.00137284,0.00126216,0.001206,0.00116525,0.00112375,0.00107666,0.00102388,0.00096687
Gram_error_fro,4.0,1,14,2,0.0,0.02488941,0.01280752,0.00661155,0.00427939,0.00364263,0.00342616,0.00323311,0.00299818,0.00273095,0.00245085,0.00217361,0.00190972,0.00166529,0.00144332,0.00124471,0.001069,0.00091492
Gram_error_fro,4.0,1,14,2,0.0,0.03448959,0.01584073,0.00929994,0.00619517,0.0043233,0.00307855,0.00222447,0.0016357,0.00123388,0.00096515,0.00078952,0.00067584,0.00060038,0.00054658,0.00050418,0.00046745,0.00043353
Gram_error_fro,4.0,1,14,2,0.0,0.04920357,0.02375038,0.01659967,0.01355078,0.01147958,0.00981441,0.00841522,0.00722574,0.00621072,0.00534285,0.00459966,0.00396234,0.00341508,0.0029446,0.00253973,0.002191,0.00189044
Gram_error_fro,6.0,1,14,2,0.0,0.08457314,0.04927894,0.0346261,0.0261902,0.0204109,0.01620224,0.01305776,0.01067001,0.00883221,0.00739999,0.0062707,0.00537034,0.00464488,0.00405441,0.0035691,0.00316642,0.00282919
Gram_error_fro,6.0,1,14,2,0.0,0.13209251,0.10417374,0.08403105,0.06918019,0.05757215,0.04830108,0.04081683,0.03472,0.02970806,0.02555097,0.02207373,0.01914268,0.016655,0.0145308,0.01270737,0.01113494,0.00977357
Gram_error_fro,4.0,1,14,2,0.0,0.04737279,0.019124,0.01320642,0.01073574,0.00895495,0.00751087,0.00631311,0.00531421,0.00447936,0.00378051,0.00319458,0.00270255,0.00228874,0.00194021,0.00164628,0.0013981,0.00118833
Gram_error_fro,0.0,1,14,2,0.0,0.0,0.0,0.0,0.0,0.0,0.0,0.0,0.0,0.0,0.0,0.0,0.0,0.0,0.0,0.0,0.0,0.0
Gram_error_fro,0.0,1,14,2,0.0,0.0,0.0,0.0,0.0,0.0,0.0,0.0,0.0,0.0,0.0,0.0,0.0,0.0,0.0,0.0,0.0,0.0
Gram_error_fro,2.0,1,14,2,0.0,0.05584951,0.04289428,0.03354744,0.02679007,0.02162828,0.01759072,0.01439893,0.01185716,0.00981952,0.00817561,0.0068413,0.0057521,0.00485825,0.00412104,0.0035102,0.00300187,0.0025771
Gram_error_fro,2.0,1,14,2,0.0,0.01548762,0.00990575,0.00761906,0.00620274,0.00519297,0.00442802,0.00382353,0.00333096,0.00292091,0.00257445,0.00227856,0.00202377,0.00180288,0.00161026,0.00144141,0.00129272,0.00116123
Gram_error_fro,2.0,1,14,2,0.0,0.02588098,0.02073609,0.01591436,0.01221368,0.00944566,0.00739151,0.00587119,0.004751,0.00393235,0.00333981,0.00291346,0.00260517,0.00237733,0.00220196,0.00205952,0.0019371,0.00182666
Gram_error_fro,0.0,1,14,2,0.0,0.0,0.0,0.0,0.0,0.0,0.0,0.0,0.0,0.0,0.0,0.0,0.0,0.0,0.0,0.0,0.0,0.0
Gram_error_fro,2.0,1,14,2,0.0,0.00784915,0.00535406,0.00328957,0.00199058,0.00145314,0.00152482,0.0017876,0.00202466,0.00219015,0.00228624,0.00232507,0.00231928,0.00227979,0.00221551,0.00213353,0.00203941,0.0019375
Gram_error_fro,2.0,1,14,2,0.0,0.04062831,0.02944703,0.02482282,0.02164982,0.01908999,0.01692225,0.01505182,0.01342173,0.01199145,0.01073002,0.00961302,0.00862072,0.00773688,0.00694793,0.00624239,0.00561047,0.00504374
Gram_error_fro,2.0,1,14,2,0.0,0.06374126,0.05655336,0.04970489,0.04352463,0.03798427,0.03310968,0.02887193,0.02520779,0.0220446,0.01931255,0.01694911,0.01490017,0.0131196,0.01156844,0.01021387,0.00902825,0.00798831
Gram_error_fro,2.0,1,14,2,0.0,0.01354091,0.00894567,0.00698384,0.00558403,0.00445511,0.00356357,0.00288046,0.00236584,0.00197973,0.00168841,0.00146592,0.00129309,0.00115612,0.00104517,0.00095326,0.0008754,0.00080807
Gram_error_fro,4.0,1,14,2,0.0,0.09502193,0.07286074,0.060609,0.05200793,0.04484199,0.03866287,0.03333657,0.02876542,0.02485324,0.021508,0.01864625,0.01619492,0.01409141,0.01228268,0.01072404,0.00937798,0.00821301
Gram_error_fro,6.0,1,14,2,0.0,0.05327252,0.05141882,0.04614252,0.0405942,0.0354572,0.0309085,0.02694992,0.02352556,0.02056698,0.0180088,0.01579317,0.01387037,0.01219816,0.01074081,0.00946813,0.00835459,0.00737856
Gram_error_fro,4.0,1,14,2,0.0,0.12716618,0.0903617,0.06932035,0.05512368,0.04452193,0.036344,0.0299527,0.02490911,0.0208903,0.01765592,0.01502667,0.01286845,0.01108044,0.00958635,0.00832798,0.00726052,0.0063492
Gram_error_fro,4.0,1,14,2,0.0,0.03770371,0.02741008,0.02246246,0.01918239,0.01663707,0.01455744,0.01281987,0.01134671,0.01008313,0.00898893,0.00803397,0.00719522,0.00645472,0.00579816,0.00521398,0.00469266,0.00422629
Gram_error_fro,4.0,2,14,2,0.0,0.08289261,0.05326207,0.03871322,0.03006192,0.02379536,0.01890168,0.01499727,0.0118777,0.00941101,0.00751044,0.00612365,0.00521763,0.00474956,0.00463856,0.00477329,0.0050488,0.00539008
Gram_error_fro,6.0,1,14,2,0.0,0.04556126,0.0344459,0.02840279,0.0234358,0.01927923,0.01587773,0.01313022,0.01091924,0.00913654,0.00769201,0.00651405,0.00554684,0.0047472,0.00408167,0.00352424,0.00305457,0.00265666
Gram_error_fro,0.0,1,14,2,0.0,0.0,0.0,0.0,0.0,0.0,0.0,0.0,0.0,0.0,0.0,0.0,0.0,0.0,0.0,0.0,0.0,0.0
Gram_error_fro,2.0,1,14,2,0.0,0.00589923,0.00188797,0.00246732,0.00317411,0.00357045,0.00373043,0.00373278,0.00363311,0.00346941,0.00326765,0.00304561,0.00281551,0.00258568,0.00236174,0.00214738,0.0019449,0.00175561
Gram_error_fro,2.0,1,14,2,0.0,0.03463676,0.02091243,0.01533565,0.01158626,0.00875052,0.00658594,0.00494386,0.00370595,0.0027764,0.00207974,0.00155796,0.00116716,0.00087443,0.00065514,0.00049094,0.00036806,0.00027621
Gram_error_fro,2.0,1,14,2,0.0,0.01960341,0.01272598,0.01000804,0.00804259,0.00650617,0.00528942,0.00431545,0.00352954,0.00289184,0.00237241,0.00194819,0.00160103,0.00131655,0.00108317,0.00089157,0.00073418,0.00060485
Gram_error_fro,2.0,1,14,2,0.0,0.04379401,0.01896227,0.01365463,0.01143338,0.00983991,0.00851985,0.00738965,0.00641286,0.00556548,0.004829,0.00418832,0.00363076,0.00314554,0.00272339,0.00235628,0.00203722,0.00176009
Gram_error_fro,2.0,1,14,2,0.0,0.00188389,0.00035587,0.00083991,0.00142595,0.00176918,0.00193683,0.00198397,0.00195129,0.00186789,0.00175412,0.00162403,0.00148723,0.00135019,0.00121715,0.0010908,0.00097273,0.00086375
Gram_error_fro,4.0,1,14,2,0.0,0.05540824,0.02199681,0.01455508,0.01169075,0.00989574,0.00849089,0.00731005,0.00629848,0.00542788,0.00467767,0.00403083,0.00347286,0.00299137,0.00257577,0.00221702,0.00190734,0.00164009
Gram_error_fro,2.0,1,14,2,0.0,0.03077483,0.01756989,0.01157244,0.00817433,0.00592167,0.00433378,0.00319294,0.00236912,0.00177343,0.0013422,0.00102921,0.00080085,0.00063278,0.00050749,0.00041251,0.00033912,0.00028124
Gram_error_fro,4.0,1,14,2,0.0,0.02355597,0.014089,0.01073473,0.00875519,0.00726443,0.00605903,0.00506625,0.00424359,0.0035596,0.00298937,0.00251282,0.00211375,0.00177895,0.00149767,0.00126108,0.00106192,0.00089415
Gram_error_fro,4.0,1,14,2,0.0,0.01571799,0.01408028,0.01159049,0.00947829,0.00776152,0.00637469,0.00525528,0.00434959,0.00361359,0.00301228,0.00251832,0.00211046,0.00177213,0.00149037,0.00125494,0.00105768,0.00089203
Gram_error_fro,4.0,1,14,2,0.0,0.03551112,0.00620684,0.00478413,0.0041384,0.00334726,0.00267396,0.00213965,0.00171952,0.00138787,0.00112447,0.00091409,0.00074526,0.00060923,0.00049929,0.00041018,0.00033778,0.00027885
Gram_error_fro,4.0,1,14,2,0.0,0.06758477,0.04318663,0.03296923,0.02714952,0.02296268,0.01964281,0.01690963,0.0146207,0.01268489,0.01103633,0.00962461,0.00841005,0.00736088,0.00645141,0.00566066,0.00497136,0.00436919
Gram_error_fro,4.0,1,14,2,0.0,0.08123377,0.05108289,0.03699154,0.02860169,0.02280045,0.01849816,0.01519384,0.01260236,0.01053926,0.00887669,0.00752266,0.00640947,0.00548648,0.00471533,0.00406665,0.00351767,0.00305058
Gram_error_fro,2.0,1,14,2,0.0,0.03520169,0.00681135,0.00173699,0.00114388,0.00131196,0.00151812,0.00164766,0.00169812,0.00168684,0.00163192,0.00154829,0.00144729,0.00133726,0.00122414,0.0011121,0.00100394,0.00090146
Gram_error_fro,2.0,1,14,2,0.0,0.01769543,0.01571986,0.01527105,0.01432104,0.01316577,0.01195598,0.01076915,0.00964552,0.00860419,0.00765218,0.00678967,0.00601317,0.00531726,0.00469572,0.00414208,0.00364998,0.00321336
Gram_error_fro,4.0,1,14,2,0.0,0.0875307,0.05387068,0.03779546,0.02848108,0.02212945,0.01745172,0.01388867,0.01112806,0.00896604,0.00725884,0.00590132,0.00481513,0.0039412,0.00323457,0.00266072,0.00219294,0.00181037
Gram_error_fro,0.0,1,14,4,0.0,0.0,0.0,0.0,0.0,0.0,0.0,0.0,0.0,0.0,0.0,0.0,0.0,0.0,0.0,0.0,0.0,0.0
Gram_error_fro,2.0,1,14,4,0.0,0.06183512,0.05328992,0.04171538,0.03191957,0.02437587,0.01879265,0.0147108,0.01171785,0.00949906,0.00782906,0.00655022,0.00555292,0.00476075,0.00412018,0.00359341,0.00315356,0.00278131
Gram_error_fro,2.0,1,14,4,0.0,0.04541627,0.04221707,0.03920563,0.03538297,0.03129048,0.02736755,0.02381836,0.02070497,0.01801797,0.01571652,0.01374948,0.01206603,0.01062035,0.00937324,0.00829213,0.00735039,0.00652637
Gram_error_fro,2.0,1,14,4,0.0,0.03953356,0.02594184,0.01916461,0.01569206,0.0134235,0.01167574,0.01022743,0.00899133,0.00792236,0.00699144,0.00617718,0.00546274,0.00483446,0.00428094,0.00379259,0.00336127,0.00297996
Gram_error_fro,0.0,1,14,4,0.0,0.04210415,0.02966554,0.02185891,0.0173671,0.0142974,0.01195003,0.01006393,0.00851547,0.00723,0.00615527,0.00525195,0.00448941,0.00384339,0.0032944,0.00282666,0.00242727,0.00208563
Gram_error_fro,2.0,2,14,4,0.0,0.01702039,0.01349486,0.01223828,0.01191075,0.01189067,0.01200271,0.01219534,0.01243898,0.01271043,0.01299242,0.01327314,0.01354505,0.0138036,0.01404626,0.01427183,0.01447998,0.01467098
Gram_error_fro,4.0,1,14,4,0.0,0.03393252,0.018436,0.01265829,0.01066652,0.00938893,0.00828829,0.00732536,0.00649146,0.00576763,0.0051339,0.00457434,0.00407732,0.00363434,0.0032389,0.00288574,0.00257037,0.00228887
Gram_error_fro,2.0,1,14,4,0.0,0.04937928,0.04504773,0.04107891,0.03657852,0.03190879,0.02749393,0.02355002,0.02014092,0.01724843,0.01481735,0.01278075,0.01107294,0.00963532,0.00841838,0.0073816,0.00649246,0.00572514
Gram_error_fro,2.0,1,14,4,0.0,0.07445453,0.0483009,0.03106022,0.02139032,0.01569121,0.01207671,0.00962956,0.00788397,0.00658675,0.00559063,0.00480472,0.00417019,0.00364754,0.00320952,0.00283694,0.00251608,0.00223692
Gram_error_fro,0.0,1,14,4,0.0,0.08106226,0.07290852,0.056375,0.04219707,0.03137231,0.02334554,0.01742867,0.01305848,0.00981537,0.00739552,0.00558045,0.00421272,0.00317819,0.00239345,0.00179707,0.0013434,0.00099829
Gram_error_fro,0.0,1,14,4,0.0,0.0,0.0,0.0,0.0,0.0,0.0,0.0,0.0,0.0,0.0,0.0,0.0,0.0,0.0,0.0,0.0,0.0
Gram_error_fro,4.0,1,14,4,0.0,0.03393252,0.018436,0.01265829,0.01066652,0.00938893,0.00828829,0.00732536,0.00649146,0.00576763,0.0051339,0.00457434,0.00407732,0.00363434,0.0032389,0.00288574,0.00257037,0.00228887
Gram_error_fro,2.0,1,14,4,0.0,0.03137129,0.02191972,0.01621591,0.01327024,0.01138758,0.00994051,0.00872492,0.00766636,0.00673166,0.00590279,0.00516782,0.00451744,0.00394346,0.00343827,0.0029947,0.00260606,0.00226614
Gram_error_fro,2.0,1,14,4,0.0,0.06393581,0.05435113,0.0434353,0.03528604,0.02919033,0.02445,0.02065609,0.01756485,0.0150153,0.01289248,0.0111108,0.00960521,0.00832553,0.00723252,0.0062951,0.00548835,0.00479202
Gram_error_fro,2.0,1,14,4,0.0,0.04813893,0.03134993,0.02133516,0.0160511,0.012884,0.01072641,0.00912465,0.00787079,0.00685501,0.00601206,0.00529993,0.0046901,0.0041624,0.00370214,0.00329828,0.00294228,0.00262736
Gram_error_fro,4.0,1,14,4,0.0,0.09555558,0.07224459,0.055834,0.04486618,0.03679678,0.03064627,0.02587616,0.02211286,0.01908904,0.01661574,0.01455995,0.01282729,0.01134981,0.01007755,0.00897312,0.00800794,0.00715976
Gram_error_fro,0.0,1,14,4,0.0,0.0,0.0,0.0,0.0,0.0,0.0,0.0,0.0,0.0,0.0,0.0,0.0,0.0,0.0,0.0,0.0,0.0
Gram_error_fro,2.0,1,14,4,0.0,0.08748288,0.06825008,0.05362984,0.04317148,0.03516198,0.0288528,0.02383416,0.01982245,0.01660054,0.01399818,0.01188202,0.01014831,0.00871676,0.00752538,0.00652628,0.00568236,0.00496471
Gram_error_fro,2.0,1,14,4,0.0,0.03989681,0.02421798,0.01661313,0.01256391,0.01006049,0.00830032,0.00694329,0.00583949,0.00491801,0.00414055,0.00348252,0.00292559,0.00245482,0.00205755,0.00172286,0.00144136,0.00120498
Gram_error_fro,2.0,1,14,4,0.0,0.04352022,0.03693497,0.03060614,0.02585012,0.02206938,0.0189366,0.01629407,0.01404827,0.01213169,0.01049087,0.00908221,0.00786989,0.0068243,0.00592088,0.00513914,0.00446187,0.00387456
Gram_error_fro,2.0,1,14,4,0.0,0.05210053,0.03258517,0.01941935,0.01187558,0.00809028,0.00662055,0.00624385,0.00619901,0.00618271,0.00611149,0.00597609,0.00578746,0.00555987,0.0053061,0.00503646,0.00475896,0.00447964
Gram_error_fro,2.0,1,14,4,0.0,0.04698217,0.03677138,0.02760566,0.02188288,0.01808161,0.01525228,0.0129948,0.01113692,0.00958611,0.00828027,0.00717287,0.00622782,0.00541685,0.00471771,0.00411273,0.00358769,0.00313102
Gram_error_fro,4.0,1,14,4,0.0,0.06748456,0.06738658,0.06145665,0.05397283,0.046648,0.04007071,0.0343749,0.0295213,0.02541222,0.02193863,0.01899859,0.01650331,0.01437812,0.01256122,0.01100187,0.00965851,0.00849707
Gram_error_fro,4.0,1,14,4,0.0,0.09667677,0.09120632,0.08156127,0.07276805,0.0652506,0.05881867,0.05322474,0.04828218,0.04386808,0.03990202,0.03632778,0.03310212,0.03018892,0.0275565,0.02517633,0.02302265,0.02107212
Gram_error_fro,4.0,1,14,4,0.0,0.04533022,0.02877599,0.01985308,0.01531614,0.012442,0.01031696,0.00864339,0.00729245,0.00618757,0.00527498,0.00451469,0.00387645,0.00333716,0.00287898,0.00248798,0.00215311,0.00186549
Gram_error_fro,2.0,1,14,4,0.0,0.08210871,0.06189138,0.04482413,0.03345577,0.0258082,0.02047319,0.01661399,0.01373087,0.01151591,0.00977288,0.00837277,0.00722834,0.006279,0.00548167,0.00480504,0.00422583,0.00372641
Gram_error_fro,4.0,1,14,4,0.0,0.06115337,0.05030359,0.03939938,0.03125203,0.02524337,0.02071331,0.01719886,0.01440214,0.01213299,0.01026606,0.0087148,0.00741655,0.00632423,0.00540136,0.00461909,0.00395425,0.00338798
Gram_error_fro,2.0,1,14,4,0.0,0.04781526,0.0341926,0.02705266,0.02309497,0.02025631,0.01788677,0.01581964,0.01400909,0.01242963,0.01105575,0.00986097,0.00881993,0.00790983,0.00711097,0.00640671,0.00578317,0.00522883
Gram_error_fro,2.0,1,14,4,0.0,0.10978753,0.09230579,0.07459804,0.06159796,0.05190071,0.04438055,0.03836481,0.03344126,0.02934126,0.02588028,0.02292636,0.02038226,0.01817453,0.01624654,0.01455384,0.01306095,0.01173917
Gram_error_fro,2.0,1,14,4,0.0,0.10922892,0.06659776,0.03781792,0.02280149,0.01503987,0.01079969,0.00827068,0.00661352,0.00543774,0.00455316,0.00385989,0.00330077,0.00284048,0.0024557,0.0021303,0.00185266,0.00161413
Gram_error_fro,2.0,1,14,4,0.0,0.05583003,0.04016409,0.02873347,0.02194093,0.0177982,0.01508406,0.01315155,0.01166671,0.01045665,0.00942978,0.00853549,0.00774407,0.00703679,0.00640081,0.00582668,0.00530699,0.00483567
Gram_error_fro,4.0,1,14,4,0.0,0.05889717,0.06205415,0.05769886,0.05121199,0.04460729,0.03857322,0.03328975,0.02874758,0.02487211,0.02157251,0.01876097,0.01635954,0.01430184,0.01253239,0.01100534,0.0096829,0.00853393
Gram_error_fro,0.0,1,14,2,0.0,0.0,0.0,0.0,0.0,0.0,0.0,0.0,0.0,0.0,0.0,0.0,0.0,0.0,0.0,0.0,0.0,0.0
Gram_error_fro,2.0,1,14,2,0.0,0.0,0.0,0.00011476,0.00031004,0.00049872,0.00064376,0.00073895,0.00079046,0.0008078,0.00080009,0.00077491,0.00073815,0.00069423,0.00064641,0.00059705,0.00054781,0.00049987
Gram_error_fro,2.0,1,14,2,0.0,0.01452303,0.00937959,0.00598735,0.00373844,0.00290336,0.00301914,0.00333247,0.00355004,0.00363442,0.00360994,0.00350795,0.00335476,0.00317025,0.00296881,0.00276064,0.00255281,0.00235014
Gram_error_fro,2.0,1,14,2,0.0,0.02825313,0.01517827,0.0101187,0.00714215,0.00516913,0.00382785,0.00289159,0.00221745,0.00171728,0.00133671,0.00104153,0.00080948,0.00062549,0.00047897,0.00036216,0.00026922,0.00019563
Gram_error_fro,2.0,1,14,2,0.0,0.03383117,0.0263933,0.02105311,0.01670377,0.01332062,0.01072012,0.00870914,0.00713653,0.00589207,0.00489628,0.00409146,0.0034352,0.00289594,0.00244985,0.00207869,0.00176834,0.00150774
Gram_error_fro,0.0,1,14,2,0.0,0.05006402,0.03094965,0.02053723,0.01437104,0.01030294,0.00749821,0.00553324,0.00414314,0.00314975,0.00243166,0.00190603,0.00151615,0.00122303,0.00099957,0.00082683,0.00069141,0.00058377
Gram_error_fro,4.0,1,14,2,0.0,0.04552982,0.03390877,0.02486822,0.01862743,0.01422207,0.01099221,0.00856743,0.0067225,0.00530656,0.00421249,0.00336206,0.00269729,0.00217487,0.00176219,0.00143459,0.00117329,0.00096388
Gram_error_fro,4.0,2,14,2,0.0,0.05646494,0.02181593,0.01287483,0.00997035,0.00866837,0.00806452,0.00782854,0.00778728,0.00784569,0.00795296,0.00808227,0.0082194,0.00835663,0.00848971,0.00861625,0.00873499,0.00884533
Gram_error_fro,2.0,1,14,2,0.0,0.02237025,0.01532735,0.01115765,0.00858175,0.0067741,0.00542088,0.00438565,0.0035863,0.00296382,0.00247413,0.00208435,0.00177019,0.00151376,0.0013019,0.0011249,0.00097555,0.00084846
Gram_error_fro,4.0,1,14,2,0.0,0.01242811,0.01018815,0.00934906,0.0079185,0.00661845,0.00556496,0.00472211,0.00403937,0.00347702,0.00300693,0.0026094,0.00227028,0.00197912,0.00172794,0.00151046,0.00132163,0.00115734
Gram_error_fro,2.0,1,14,2,0.0,0.04085208,0.03098454,0.02383245,0.01828704,0.01405407,0.01083147,0.00837464,0.00649715,0.00505846,0.00395307,0.00310197,0.00244585,0.00193996,0.00155027,0.00125059,0.00102056,0.00084415
Gram_error_fro,6.0,1,14,2,0.0,0.06762975,0.03880047,0.02736647,0.0205452,0.01577533,0.01230193,0.00972437,0.00778286,0.00629988,0.00515194,0.00425208,0.00353837,0.0029661,0.0025026,0.0021237,0.00181133,0.00155177
Gram_error_fro,4.0,1,14,2,0.0,0.03732971,0.02707718,0.02163002,0.01711902,0.01347967,0.01060883,0.00836437,0.00661497,0.0052515,0.00418714,0.00335435,0.00270106,0.00218732,0.00178235,0.00146236,0.00120882,0.00100727
Gram_error_fro,4.0,1,14,2,0.0,0.03319884,0.02628702,0.02140703,0.01756703,0.01462789,0.01234921,0.01054324,0.00908163,0.00787723,0.00686967,0.00601614,0.00528558,0.00465502,0.00410715,0.00362863,0.00320899,0.00283986
Gram_error_fro,4.0,1,14,2,0.0,0.04544713,0.03442407,0.02667088,0.0210564,0.01668751,0.01320964,0.01043591,0.00822981,0.00647925,0.00509163,0.00399177,0.00311969,0.00242801,0.00187945,0.00144469,0.00110058,0.00082883
Gram_error_fro,4.0,1,14,2,0.0,0.03797635,0.01823592,0.01340589,0.01063537,0.00850695,0.00686014,0.00558677,0.00459517,0.00381513,0.00319496,0.00269674,0.00229244,0.00196115,0.00168713,0.00145844,0.00126596,0.00110269
Gram_error_fro,0.0,1,14,2,0.0,0.0,0.0,0.0,0.0,0.0,0.0,0.0,0.0,0.0,0.0,0.0,0.0,0.0,0.0,0.0,0.0,0.0
Gram_error_fro,2.0,1,14,2,0.0,0.02200286,0.01448087,0.01098183,0.00868373,0.00702071,0.00574935,0.0047452,0.00393759,0.00328127,0.0027444,0.00230308,0.00193882,0.00163703,0.00138611,0.00117678,0.00100157,0.00085447
Gram_error_fro,2.0,1,14,2,0.0,0.00466845,0.00186742,0.00219539,0.00240368,0.00239906,0.00229232,0.00214699,0.00199118,0.00183654,0.00168782,0.00154699,0.0014148,0.00129147,0.00117692,0.00107091,0.00097311,0.00088312
Gram_error_fro,2.0,1,14,2,0.0,0.03991656,0.02613318,0.01835036,0.013269,0.00961237,0.00691542,0.00492123,0.00345306,0.00238252,0.00161706,0.00109306,0.00076992,0.00061446,0.00057367,0.00058293,0.00060064,0.00061051
Gram_error_fro,2.0,1,14,2,0.0,0.00877616,0.00320154,0.00244893,0.00222635,0.00192248,0.0015541,0.00118991,0.00087565,0.00063874,0.00049727,0.00045084,0.00046619,0.00050237,0.00053621,0.00055928,0.00056999,0.00056942
Gram_error_fro,0.0,1,14,2,0.0,0.0,0.0,0.0,0.0,0.0,0.0,0.0,0.0,0.0,0.0,0.0,0.0,0.0,0.0,0.0,0.0,0.0
Gram_error_fro,4.0,1,14,2,0.0,0.0084146,0.0029382,0.00051017,0.00265275,0.00413405,0.00511609,0.00574818,0.00612858,0.00632429,0.00638321,0.0063408,0.00622392,0.0060531,0.00584421,0.00560944,0.00535825,0.00509788
Gram_error_fro,4.0,1,14,2,0.0,0.02568604,0.0171616,0.01325691,0.01085978,0.00912047,0.00776502,0.00666891,0.00576267,0.00500257,0.0043586,0.00380889,0.0033368,0.00292933,0.00257611,0.00226881,0.00200061,0.00176591
Gram_error_fro,2.0,1,14,2,0.0,0.00387118,0.00163707,0.0020625,0.00251031,0.00271625,0.00274112,0.00265666,0.00251107,0.00233427,0.00214467,0.00195362,0.001768,0.00159188,0.00142746,0.00127576,0.00113702,0.00101098
Gram_error_fro,4.0,1,14,2,0.0,0.0542775,0.01920043,0.01296812,0.0094463,0.00649297,0.00425877,0.00274803,0.001929,0.00169691,0.00176888,0.00189813,0.00198979,0.00202577,0.00201186,0.00195929,0.00187902,0.00178029
Gram_error_fro,4.0,1,14,2,0.0,0.04043097,0.02260442,0.01495214,0.0109265,0.00836001,0.00658474,0.00532612,0.00442696,0.00377756,0.00329743,0.00292907,0.0026335,0.00238568,0.0021702,0.00197786,0.00180325,0.00164319
Gram_error_fro,4.0,1,14,2,0.0,0.04942956,0.03668344,0.03138273,0.02771137,0.02459757,0.02186614,0.01946234,0.01734524,0.01547774,0.01382704,0.01236489,0.0110672,0.00991345,0.00888606,0.00796992,0.007152,0.00642096
Gram_error_fro,6.0,1,14,2,0.0,0.04023194,0.0263838,0.0215531,0.01837311,0.01590078,0.01386011,0.01212731,0.01063431,0.00933793,0.00820736,0.00721876,0.00635273,0.00559304,0.00492592,0.00433958,0.00382388,0.00337004
Gram_error_fro,2.0,1,14,2,0.0,0.04686365,0.02994842,0.02340475,0.02019555,0.01808239,0.01645381,0.01510876,0.01396028,0.01295866,0.01207038,0.0112713,0.01054379,0.00987493,0.00925525,0.00867778,0.00813734,0.00763004
Gram_error_fro,6.0,2,14,2,0.0,0.06388908,0.03745886,0.02556958,0.01896264,0.0145904,0.01151661,0.00934132,0.00784216,0.00687279,0.00631866,0.0060766,0.00605283,0.00616943,0.0063684,0.00661008,0.00686898,0.00712932
Gram_error_fro,4.0,1,14,2,0.0,0.03759871,0.02424476,0.01932132,0.01623598,0.01394085,0.01208477,0.01052285,0.00918496,0.00802975,0.00702821,0.00615771,0.00539965,0.00473846,0.00416092,0.00365581,0.00321354,0.00282589
Gram_error_fro,0.0,1,14,5,0.0,0.0,0.0,0.0,0.0,0.0,0.0,0.0,0.0,0.0,0.0,0.0,0.0,0.0,0.0,0.0,0.0,0.0
Gram_error_fro,2.0,1,14,5,0.0,0.04356599,0.03610768,0.02640868,0.01931655,0.01456264,0.011373,0.00916502,0.00757768,0.0063974,0.00549527,0.00478942,0.00422501,0.00376391,0.00337909,0.00305128,0.00276678,0.0025159
Gram_error_fro,2.0,1,14,5,0.0,0.03134876,0.02348186,0.01679886,0.01308124,0.01103425,0.00973145,0.00875536,0.00794326,0.00723063,0.00658878,0.00600315,0.00546549,0.00497069,0.00451526,0.00409655,0.00371229,0.00336037
Gram_error_fro,2.0,1,14,5,0.0,0.02888187,0.02204223,0.01898173,0.01721639,0.01588229,0.01470199,0.01359457,0.01254164,0.01154287,0.01060149,0.00971997,0.00889911,0.00813817,0.00743527,0.00678779,0.00619266,0.0056466
Gram_error_fro,2.0,1,14,5,0.0,0.02746736,0.01867139,0.01458543,0.01202469,0.0100842,0.00848372,0.00713127,0.00598742,0.00502536,0.00422095,0.00355138,0.00299561,0.00253496,0.00215323,0.0018367,0.00157385,0.00135516
Gram_error_fro,2.0,1,14,5,0.0,0.03122272,0.02272226,0.01797884,0.01491805,0.01250576,0.01044856,0.00867633,0.00716564,0.00589535,0.0048401,0.00397228,0.00326469,0.00269215,0.00223223,0.00186538,0.0015747,0.00134567
Gram_error_fro,4.0,2,14,5,0.0,0.07279714,0.05660076,0.0417708,0.03199442,0.02631361,0.02327256,0.0217109,0.02090736,0.02047698,0.02022996,0.02007546,0.01996999,0.01989246,0.01983237,0.01978431,0.01974529,0.01971352
Gram_error_fro,4.0,1,14,5,0.0,0.08540536,0.06429051,0.04387736,0.03090398,0.02285259,0.01756339,0.01384168,0.0110793,0.00895807,0.00729678,0.00598118,0.0049326,0.00409341,0.00341968,0.00287716,0.00243882,0.00208319
Gram_error_fro,4.0,1,14,5,0.0,0.0654439,0.04271692,0.03112031,0.02428703,0.01945566,0.01577006,0.01288149,0.01059174,0.00876395,0.00729591,0.0061094,0.00514422,0.00435394,0.00370272,0.00316284,0.00271278,0.00233568
Gram_error_fro,4.0,2,14,5,0.0,0.08264402,0.06544362,0.0514349,0.04255628,0.03672408,0.03273656,0.0299218,0.02787914,0.02635849,0.02519884,0.02429417,0.02357353,0.02298876,0.02250667,0.02210403,0.02176424,0.0214752
Gram_error_fro,4.0,1,14,5,0.0,0.05484428,0.03567587,0.02512583,0.01845184,0.01384407,0.01052433,0.00808119,0.00626237,0.00489913,0.00387295,0.00309829,0.00251232,0.00206829,0.00173106,0.00147395,0.00127659,0.00112341
Gram_error_fro,4.0,1,14,5,0.0,0.0665926,0.04548719,0.02939945,0.01929782,0.01325928,0.00975257,0.00775328,0.0065947,0.00586963,0.00535456,0.00493874,0.00457153,0.00423139,0.00391005,0.0036049,0.00331562,0.00304253
Gram_error_fro,4.0,1,14,5,0.0,0.05139702,0.03189548,0.02393083,0.02061793,0.0188522,0.01754086,0.01635865,0.01522423,0.01412532,0.01306667,0.01205545,0.01109741,0.01019616,0.00935332,0.00856891,0.00784175,0.00716985
Gram_error_fro,4.0,2,14,5,0.0,0.09989759,0.08133386,0.06042748,0.04613561,0.03686332,0.03085624,0.02696223,0.02444113,0.02280804,0.02174503,0.02104651,0.02058151,0.0202674,0.02005207,0.01990246,0.01979741,0.01972309
Gram_error_fro,2.0,1,14,5,0.0,0.06110652,0.05230218,0.04486254,0.03826934,0.0323466,0.02717363,0.02277654,0.01911157,0.01609424,0.01362523,0.01160686,0.00995169,0.00858598,0.00744995,0.00649641,0.00568874,0.00499874
Gram_error_fro,4.0,1,14,5,0.0,0.06025568,0.04952728,0.04297474,0.03678921,0.030919,0.02567407,0.02119471,0.01747874,0.0144503,0.012006,0.01004022,0.00845735,0.00717646,0.00613201,0.00527243,0.00455798,0.00395834
Gram_error_fro,0.0,1,14,4,0.0,0.0,0.0,0.0,0.0,0.0,0.0,0.0,0.0,0.0,0.0,0.0,0.0,0.0,0.0,0.0,0.0,0.0
Gram_error_fro,2.0,1,14,4,0.0,0.03080784,0.01563986,0.00845322,0.00516065,0.00369078,0.00296695,0.00252537,0.00219775,0.00192693,0.00169287,0.00148759,0.00130702,0.0011483,0.00100902,0.00088694,0.00078003,0.00068643
Gram_error_fro,2.0,1,14,4,0.0,0.04516667,0.02319782,0.01304208,0.00802914,0.00524184,0.0035509,0.00246734,0.00175011,0.00126669,0.00093819,0.00071481,0.00056342,0.00046097,0.00039095,0.00034167,0.00030519,0.00027645
Gram_error_fro,2.0,1,14,4,0.0,0.02790383,0.01662661,0.01100397,0.00798668,0.00615209,0.00491865,0.00403396,0.00337369,0.00286713,0.00246943,0.00215027,0.00188867,0.00166994,0.00148382,0.0013231,0.00118267,0.00105887
Gram_error_fro,2.0,1,14,4,0.0,0.04327062,0.02192102,0.01353559,0.01010347,0.00812093,0.00670295,0.00560206,0.00471785,0.0039951,0.00339795,0.00290094,0.00248499,0.00213534,0.0018403,0.00159045,0.00137817,0.00119723
Gram_error_fro,2.0,1,14,4,0.0,0.03760999,0.02476838,0.0182826,0.01447973,0.01181414,0.00977882,0.00816108,0.00684816,0.00577013,0.00487869,0.00413797,0.00352012,0.003003,0.00256879,0.00220306,0.00189406,0.0016322
Gram_error_fro,4.0,1,14,4,0.0,0.06215902,0.05272818,0.0410553,0.03198759,0.02539667,0.02054213,0.01686141,0.01399595,0.0117189,0.00988112,0.00838,0.00714201,0.00611285,0.00525143,0.0045261,0.00391215,0.00339004
Gram_error_fro,4.0,1,14,4,0.0,0.06009004,0.03416025,0.02098679,0.01385146,0.00957011,0.00684668,0.00505276,0.00384113,0.00300418,0.00241188,0.00198088,0.0016574,0.00140682,0.00120691,0.00104338,0.00090688,0.00079121
Gram_error_fro,4.0,1,14,4,0.0,0.06064868,0.03168617,0.01986768,0.01410897,0.01068879,0.00841573,0.00680926,0.00562521,0.00472175,0.00401136,0.00343837,0.00296655,0.0025717,0.00223719,0.00195118,0.00170499,0.00149201
Gram_error_fro,4.0,1,14,4,0.0,0.03906649,0.01689789,0.00967882,0.00696597,0.00540948,0.00427544,0.00341038,0.00275915,0.00227905,0.00192961,0.00167426,0.00148291,0.00133305,0.00120938,0.00110229,0.00100617,0.00091795
Gram_error_fro,4.0,1,14,4,0.0,0.03803279,0.02751167,0.02050429,0.01581644,0.01253479,0.01015217,0.00836117,0.00697302,0.00587021,0.00497731,0.00424387,0.00363477,0.00312458,0.00269432,0.00232943,0.00201853,0.00175256
Gram_error_fro,4.0,1,14,4,0.0,0.05595443,0.02447565,0.01243727,0.00813178,0.00618078,0.00497721,0.0041032,0.00342807,0.0028922,0.00245961,0.00210572,0.00181285,0.00156803,0.00136152,0.001186,0.00103582,0.00090661
Gram_error_fro,4.0,1,14,4,0.0,0.05141238,0.02830947,0.01626856,0.01015299,0.00679268,0.00480868,0.00357085,0.00276161,0.00220769,0.00181034,0.00151222,0.00127977,0.00109296,0.00093948,0.00081143,0.00070345,0.00061168
Gram_error_fro,4.0,1,14,4,0.0,0.06535681,0.03381602,0.01973059,0.013429,0.00991623,0.00760603,0.00595491,0.00472543,0.00378821,0.00306235,0.00249337,0.00204292,0.0016833,0.00139407,0.00115991,0.0009692,0.00081304
Gram_error_fro,6.0,1,14,4,0.0,0.08034936,0.05957932,0.04528823,0.03499974,0.02723524,0.02130058,0.01674428,0.01323486,0.01052227,0.00841725,0.00677655,0.00549172,0.00448051,0.00368037,0.00304361,0.00253377,0.00212288
Gram_error_fro,6.0,2,14,4,0.0,0.04234023,0.02873321,0.02255119,0.02002342,0.01882078,0.01804732,0.01747049,0.01703004,0.01669929,0.01645746,0.01628616,0.01616952,0.01609437,0.01605014,0.01602851,0.01602308,0.01602895
Gram_error_fro,0.0,1,14,2,0.0,0.0,0.0,0.0,0.0,0.0,0.0,0.0,0.0,0.0,0.0,0.0,0.0,0.0,0.0,0.0,0.0,0.0
Gram_error_fro,0.0,1,14,2,0.0,0.0,0.0,0.0,0.0,0.0,0.0,0.0,0.0,0.0,0.0,0.0,0.0,0.0,0.0,0.0,0.0,0.0
Gram_error_fro,2.0,1,14,2,0.0,0.00529023,0.00299794,0.0035406,0.00432197,0.00480446,0.0049728,0.00491154,0.00470521,0.00441672,0.00408819,0.00374646,0.00340809,0.003083,0.00277685,0.0024925,0.00223107,0.00199256
Gram_error_fro,0.0,1,14,2,0.0,0.0,0.0,0.0,0.0,0.0,0.0,0.0,0.0,0.0,0.0,0.0,0.0,0.0,0.0,0.0,0.0,0.0
Gram_error_fro,0.0,1,14,2,0.0,0.0,0.0,0.0,0.0,0.0,0.0,0.0,0.0,0.0,0.0,0.0,0.0,0.0,0.0,0.0,0.0,0.0
Gram_error_fro,2.0,1,14,2,0.0,0.03006168,0.02573768,0.022582,0.01991113,0.01759972,0.01558418,0.01382192,0.01228025,0.01093049,0.00974656,0.00870524,0.00778644,0.00697313,0.00625102,0.00560817,0.00503456,0.00452177
Gram_error_fro,4.0,1,14,2,0.0,0.0070025,0.00452798,0.00382208,0.00319283,0.00253585,0.00192438,0.00140235,0.0009888,0.00069328,0.00052444,0.00047416,0.00049565,0.00053787,0.00057511,0.00059923,0.00060934,0.00060706
Gram_error_fro,4.0,1,14,2,0.0,0.05255984,0.03771827,0.02890989,0.02288166,0.0184155,0.01500268,0.01234495,0.01024342,0.00855986,0.00719594,0.00608025,0.00516,0.00439546,0.00375631,0.00321909,0.00276541,0.00238071
Gram_error_fro,4.0,1,14,2,0.0,0.11991182,0.08754659,0.0712746,0.06009018,0.05093459,0.04321895,0.03671391,0.03123935,0.02663302,0.02275243,0.01947631,0.01670343,0.01435016,0.01234767,0.01063938,0.00917862,0.00792688
Gram_error_fro,4.0,1,14,2,0.0,0.06901988,0.04871825,0.03667763,0.02863045,0.02264723,0.01803674,0.01444341,0.01162497,0.0094007,0.00763398,0.00622158,0.00508554,0.00416676,0.00342011,0.0028109,0.00231218,0.00190281
Gram_error_fro,2.0,1,14,2,0.0,0.09037583,0.05064287,0.03341005,0.02422733,0.01821728,0.0139362,0.01077945,0.00840911,0.00660724,0.00522422,0.00415416,0.0033206,0.00266749,0.00215316,0.00174631,0.00142314,0.00116542
Gram_error_fro,4.0,1,14,2,0.0,0.08859303,0.08852297,0.08253834,0.0748093,0.06686883,0.05934239,0.05246928,0.04631127,0.04084991,0.0360329,0.03179633,0.02807508,0.02480762,0.02193792,0.01941602,0.01719792,0.01524516
Gram_error_fro,6.0,1,14,2,0.0,0.11338821,0.08248307,0.06267704,0.0494523,0.03970894,0.03225983,0.0264722,0.02192381,0.01831105,0.01541121,0.01305978,0.01113455,0.00954403,0.00821921,0.00710749,0.00616838,0.00537038
Gram_error_fro,4.0,2,14,2,0.0,0.01640131,0.00973358,0.00876491,0.00871922,0.00886024,0.00902974,0.00918246,0.00930866,0.00940965,0.00948943,0.00955217,0.00960145,0.00964017,0.00967064,0.00969468,0.00971373,0.0097289
Gram_error_fro,2.0,1,14,2,0.0,0.04347641,0.03640584,0.03141118,0.02727681,0.02369617,0.02057696,0.01786292,0.01550623,0.01346288,0.01169256,0.01015901,0.00883025,0.0076784,0.00667934,0.00581228,0.00505935,0.00440519
Gram_error_fro,2.0,2,14,2,0.0,0.02621791,0.01395227,0.0090021,0.00653072,0.00525775,0.00476625,0.00477457,0.00504622,0.00542607,0.00583286,0.00622933,0.00660012,0.00694004,0.00724849,0.00752684,0.00777725,0.00800208
Gram_error_fro,0.0,1,14,2,0.0,0.0,0.0,0.0,0.0,0.0,0.0,0.0,0.0,0.0,0.0,0.0,0.0,0.0,0.0,0.0,0.0,0.0
Gram_error_fro,2.0,2,14,2,0.0,0.04040979,0.03347053,0.02811227,0.02363971,0.01972973,0.01631176,0.01334143,0.01077813,0.00858784,0.00674902,0.00526067,0.00415198,0.00347958,0.00327226,0.0034473,0.00384573,0.00433674
Gram_error_fro,2.0,2,14,2,0.0,0.00264889,0.00084961,0.00042936,0.00060426,0.00094538,0.00140104,0.00191783,0.00245519,0.00298843,0.00350376,0.0039941,0.00445636,0.00488966,0.0052943,0.00567121,0.00602157,0.0063467
Gram_error_fro,0.0,1,14,2,0.0,0.0,0.0,0.0,0.0,0.0,0.0,0.0,0.0,0.0,0.0,0.0,0.0,0.0,0.0,0.0,0.0,0.0
Gram_error_fro,2.0,1,14,2,0.0,0.01472714,0.00768009,0.00445998,0.00386652,0.00430404,0.00470465,0.00487105,0.00483933,0.00467407,0.00442863,0.00414089,0.00383607,0.00353023,0.00323325,0.00295082,0.00268599,0.00244003
Gram_error_fro,2.0,1,14,2,0.0,0.0478201,0.02989356,0.02149085,0.01637101,0.01252544,0.00960001,0.00740196,0.00576103,0.00453721,0.00362245,0.00293581,0.00241733,0.00202268,0.00171909,0.00148242,0.00129491,0.00114359
Gram_error_fro,4.0,1,14,2,0.0,0.05998817,0.0514398,0.03863336,0.02840137,0.02086763,0.01536346,0.0113319,0.00837423,0.00620879,0.00463566,0.00351141,0.00273042,0.00221,0.00187961,0.00167708,0.00155143,0.00146632
Gram_error_fro,2.0,1,14,2,0.0,0.05808049,0.02222284,0.01146599,0.00781199,0.00579257,0.00439023,0.00336171,0.00260048,0.00203911,0.00162931,0.00133455,0.00112599,0.00098016,0.00087802,0.00080474,0.00074952,0.00070505
Gram_error_fro,4.0,1,14,2,0.0,0.01228231,0.00465614,0.00231276,0.00133958,0.00076171,0.00040563,0.00027684,0.00031951,0.00038176,0.00041666,0.00042394,0.00041079,0.00038419,0.00034969,0.00031138,0.00027211,0.00023384
Gram_error_fro,2.0,1,14,2,0.0,0.01774058,0.01441272,0.015527,0.01548464,0.0147426,0.01369914,0.01255389,0.01140804,0.01031224,0.00929008,0.00835052,0.00749468,0.00671961,0.00602033,0.00539101,0.00482564,0.00431833
Gram_error_fro,4.0,1,14,2,0.0,0.05495976,0.03949483,0.02950804,0.02272769,0.01772758,0.01393311,0.01102361,0.00878173,0.0070487,0.00570523,0.00466078,0.0038462,0.00320851,0.00270697,0.00231013,0.00199373,0.00173905
Gram_error_fro,4.0,1,14,2,0.0,0.02198233,0.01478651,0.01502,0.01514274,0.0147817,0.01409924,0.01323728,0.0122932,0.01132936,0.0103838,0.00947862,0.00862572,0.00783064,0.007095,0.00641805,0.00579765,0.0052309
Gram_error_fro,4.0,1,14,2,0.0,0.0203942,0.01194331,0.00620127,0.00304411,0.00241301,0.00315201,0.00386093,0.00430484,0.00451738,0.00455907,0.00448185,0.00432523,0.00411806,0.00388106,0.00362891,0.00337191,0.00311719
Gram_error_fro,2.0,1,14,2,0.0,0.00895237,0.00499644,0.004297,0.0044378,0.00461001,0.00465174,0.00456891,0.00439707,0.00416942,0.00391105,0.00363953,0.00336659,0.00309983,0.00284398,0.00260181,0.00237476,0.0021634
Gram_error_fro,4.0,1,14,2,0.0,0.03149093,0.02414558,0.02049223,0.01795474,0.01605848,0.01456842,0.01332569,0.01223882,0.01125908,0.01036119,0.00953183,0.00876361,0.00805184,0.00739302,0.00678408,0.00622211,0.00570422
Gram_error_fro,4.0,1,14,2,0.0,0.0027551,0.00126169,0.00447898,0.00721231,0.00877174,0.00947266,0.00961081,0.00939828,0.00897784,0.00844305,0.00785416,0.00724946,0.00665277,0.00607855,0.00553511,0.00502679,0.00455532
Gram_error_fro,0.0,1,14,2,0.0,0.0,0.0,0.0,0.0,0.0,0.0,0.0,0.0,0.0,0.0,0.0,0.0,0.0,0.0,0.0,0.0,0.0
Gram_error_fro,2.0,1,14,2,0.0,0.03487811,0.02858902,0.02306677,0.01922715,0.01620594,0.01370481,0.01162446,0.00989647,0.00845922,0.00725924,0.00625238,0.00540309,0.00468298,0.0040694,0.00354423,0.00309289,0.00270357
Gram_error_fro,2.0,1,14,2,0.0,0.02268098,0.02276073,0.01940693,0.01629896,0.01369064,0.01152187,0.00973236,0.00826169,0.00705226,0.00605391,0.00522527,0.00453319,0.00395139,0.0034591,0.00303989,0.00268072,0.00237121
Gram_error_fro,2.0,1,14,2,0.0,0.10501298,0.05631299,0.0353489,0.02763887,0.02380094,0.02108044,0.01881608,0.01683417,0.01507317,0.01350091,0.01209498,0.01083726,0.00971205,0.00870542,0.00780487,0.00699913,0.00627808
Gram_error_fro,2.0,1,14,2,0.0,0.05369839,0.06122062,0.05743143,0.05057571,0.04345873,0.03699925,0.03141451,0.02667743,0.02268809,0.01933497,0.01651511,0.0141396,0.01213372,0.0104355,0.00899378,0.00776643,0.00671875
Gram_error_fro,2.0,1,14,2,0.0,0.00792824,0.00565669,0.00479823,0.0052321,0.00585189,0.00626207,0.00642058,0.00637651,0.00618986,0.00591088,0.00557707,0.00521498,0.00484282,0.00447282,0.004113,0.00376842,0.00344216
Gram_error_fro,4.0,1,14,2,0.0,0.03458,0.0213656,0.01531037,0.01254028,0.01063022,0.00905457,0.0077237,0.0066055,0.00567102,0.00489163,0.0042409,0.00369582,0.00323698,0.00284845,0.00251731,0.00223317,0.00198772
Gram_error_fro,4.0,1,14,2,0.0,0.07882923,0.06940552,0.0560715,0.04417207,0.03452902,0.02701727,0.02125772,0.01686099,0.01349881,0.01091419,0.00891248,0.0073486,0.00611507,0.0051324,0.0043417,0.00369913,0.00317193
Gram_error_fro,4.0,1,14,2,0.0,0.04020981,0.03463924,0.02981175,0.02532147,0.02118363,0.01755715,0.01447359,0.0118932,0.00975262,0.0079858,0.00653197,0.00533802,0.00435881,0.00355658,0.00289999,0.00236319,0.00192494
Gram_error_fro,4.0,1,14,2,0.0,0.03055556,0.02001649,0.01305241,0.00928386,0.00694881,0.00536404,0.00424479,0.00343007,0.00281851,0.00234618,0.00197271,0.00167201,0.00142651,0.0012238,0.00105482,0.00091279,0.0007925
Gram_error_fro,4.0,1,14,2,0.0,0.0375952,0.04669718,0.04569378,0.04115749,0.03585825,0.03081562,0.02634554,0.02249794,0.01922886,0.01646647,0.0141361,0.01216925,0.01050628,0.00909667,0.00789819,0.00687588,0.00600087
Gram_error_fro,6.0,1,14,2,0.0,0.13369651,0.15089361,0.14525629,0.1347344,0.12369964,0.11328444,0.10373254,0.09503847,0.08713414,0.07994295,0.07339402,0.06742457,0.06197923,0.05700883,0.05246936,0.04832119,0.04452848
Gram_error_fro,4.0,1,14,2,0.0,0.09018639,0.04946781,0.02513598,0.01515327,0.01095052,0.00867861,0.00712638,0.00593147,0.00496356,0.00416192,0.00349138,0.00292821,0.00245462,0.00205643,0.00172192,0.00144125,0.00120606
Gram_error_fro,4.0,2,14,2,0.0,0.10636972,0.0585394,0.03691433,0.02693466,0.02064874,0.01593135,0.01216617,0.00908553,0.00652738,0.0043788,0.00255719,0.0010012,0.00034486,0.00149948,0.00250537,0.00338256,0.00414961
Gram_error_fro,6.0,1,14,2,0.0,0.04359389,0.04900068,0.04645336,0.04119911,0.03547396,0.03015197,0.02549575,0.02152559,0.01817816,0.01536876,0.01301419,0.01104025,0.00938346,0.00799049,0.00681705,0.00582645,0.00498843
Gram_error_fro,4.0,1,14,2,0.0,0.01830631,0.01201225,0.00627072,0.00333375,0.00335524,0.0041925,0.00478061,0.00505806,0.00510501,0.00499766,0.00479264,0.0045297,0.00423609,0.00393029,0.00362457,0.00332691,0.00304231
Gram_error_fro,0.0,1,14,3,0.0,0.0,0.0,0.0,0.0,0.0,0.0,0.0,0.0,0.0,0.0,0.0,0.0,0.0,0.0,0.0,0.0,0.0
Gram_error_fro,2.0,1,14,3,0.0,0.01658703,0.01280328,0.01055405,0.00881912,0.00745784,0.00640113,0.00557196,0.00490216,0.00434355,0.00386594,0.00345107,0.00308743,0.00276717,0.00248435,0.00223412,0.00201235,0.00181546
Gram_error_fro,2.0,1,14,3,0.0,0.02839866,0.02438983,0.02138533,0.01936561,0.01771499,0.01626886,0.01498914,0.01385513,0.01284597,0.01194165,0.01112483,0.01038143,0.00970031,0.00907275,0.00849187,0.00795222,0.00744941
Gram_error_fro,0.0,1,14,3,0.0,0.0,0.0,0.0,0.0,0.0,0.0,0.0,0.0,0.0,0.0,0.0,0.0,0.0,0.0,0.0,0.0,0.0
Gram_error_fro,2.0,1,14,3,0.0,0.02855955,0.02473548,0.02200342,0.02017655,0.01862438,0.01719091,0.01585598,0.01461994,0.01348084,0.01243318,0.01146985,0.01058347,0.00976706,0.00901432,0.00831964,0.00767803,0.00708508
Gram_error_fro,2.0,1,14,3,0.0,0.00815378,0.00744866,0.00718111,0.00692259,0.00661764,0.00628131,0.00593265,0.0055813,0.00523233,0.00488934,0.00455535,0.00423289,0.0039239,0.00362972,0.0033512,0.00308873,0.00284237
Gram_error_fro,4.0,1,14,3,0.0,0.02118121,0.01767978,0.01637743,0.01561462,0.01498264,0.01433958,0.0136514,0.01292403,0.01217432,0.0114192,0.01067246,0.00994437,0.00924214,0.00857058,0.00793265,0.00732996,0.00676308
Gram_error_fro,2.0,1,14,3,0.0,0.05632188,0.04763703,0.04198511,0.03671926,0.03184711,0.02752217,0.02377147,0.02055263,0.01780015,0.01544663,0.01343091,0.01170027,0.01021037,0.00892425,0.00781126,0.00684587,0.00600681
Gram_error_fro,4.0,2,14,3,0.0,0.0959242,0.08271086,0.0660711,0.05242348,0.04156054,0.03290985,0.02600588,0.02049683,0.01612535,0.01271292,0.01014697,0.00836326,0.00730828,0.00688322,0.00692233,0.00724192,0.00769801
Gram_error_fro,4.0,2,14,3,0.0,0.06125799,0.05072879,0.04265354,0.03542271,0.02913414,0.02382422,0.01941915,0.01581856,0.01293413,0.01070131,0.00907599,0.00801768,0.00746359,0.00731388,0.00744719,0.00775166,0.00814369
Gram_error_fro,2.0,1,14,3,0.0,0.0063899,0.00326455,0.00197696,0.00178019,0.00185764,0.00196314,0.00204554,0.00209553,0.00211453,0.00210679,0.00207698,0.00202948,0.00196816,0.00189637,0.001817,0.00173243,0.00164468
Gram_error_fro,2.0,1,14,3,0.0,0.06283679,0.05416269,0.04599978,0.03936362,0.0337994,0.02906811,0.02503161,0.02158631,0.01864492,0.01613192,0.01398224,0.01214033,0.01055916,0.00919912,0.00802694,0.00701469,0.00613889
Gram_error_fro,6.0,1,14,3,0.0,0.08104592,0.05366068,0.04519752,0.04083632,0.03702288,0.03337634,0.02994085,0.02677058,0.02388895,0.02129615,0.01897874,0.01691622,0.01508512,0.0134615,0.01202234,0.0107463,0.00961403
Gram_error_fro,6.0,1,14,3,0.0,0.06483121,0.05555863,0.04819407,0.04210741,0.03673063,0.03195956,0.02776435,0.02410626,0.02093363,0.01818984,0.01581949,0.0137718,0.01200175,0.01047027,0.00914377,0.00799351,0.00699493
Gram_error_fro,2.0,1,14,3,0.0,0.06207842,0.05528757,0.04556006,0.03727692,0.03063131,0.02535891,0.02116942,0.0178179,0.01511279,0.0129084,0.0110948,0.00958897,0.00832791,0.00726345,0.00635845,0.00558401,0.00491745
Gram_error_fro,4.0,1,14,3,0.0,0.00587973,0.00283754,0.00075128,0.00090341,0.00191597,0.00272077,0.00333817,0.00379916,0.00413329,0.00436657,0.00452043,0.00461184,0.00465401,0.00465717,0.00462927,0.00457657,0.00450402
Gram_error_fro,0.0,1,14,2,0.0,0.0,0.0,0.0,0.0,0.0,0.0,0.0,0.0,0.0,0.0,0.0,0.0,0.0,0.0,0.0,0.0,0.0
Gram_error_fro,2.0,1,14,2,0.0,0.00707349,0.00244135,0.00134469,0.00100452,0.00082637,0.00069437,0.00058812,0.00050316,0.00043612,0.00038338,0.00034167,0.00030834,0.00028142,0.00025941,0.00024117,0.0002258,0.0002126
Gram_error_fro,2.0,1,14,2,0.0,0.01048761,0.00474506,0.00330886,0.00277744,0.00250514,0.00232465,0.00217654,0.00203794,0.00190108,0.00176449,0.00162916,0.00149673,0.00136881,0.0012467,0.00113133,0.00102329,0.00092288
Gram_error_fro,2.0,1,14,2,0.0,0.01179597,0.00389477,0.00100505,0.00073888,0.00147166,0.00194638,0.00223533,0.00240003,0.0024784,0.00249521,0.00246767,0.0024083,0.00232649,0.00222934,0.00212226,0.0020094,0.00189391
Gram_error_fro,0.0,1,14,2,0.0,0.0,0.0,0.0,0.0,0.0,0.0,0.0,0.0,0.0,0.0,0.0,0.0,0.0,0.0,0.0,0.0,0.0
Gram_error_fro,0.0,1,14,2,0.0,0.0,0.0,0.0,0.0,0.0,0.0,0.0,0.0,0.0,0.0,0.0,0.0,0.0,0.0,0.0,0.0,0.0
Gram_error_fro,4.0,1,14,2,0.0,0.03123944,0.00853238,0.00526555,0.00430218,0.00359456,0.00299583,0.00249155,0.0020718,0.00172472,0.00143839,0.0012021,0.00100676,0.00084492,0.00071047,0.00059851,0.00050503,0.00042682
Gram_error_fro,4.0,1,14,2,0.0,0.03887739,0.01867844,0.01260959,0.00961375,0.00767215,0.00624242,0.00513247,0.00425191,0.00354603,0.00297651,0.00251479,0.00213893,0.00183181,0.00157988,0.00137237,0.00120059,0.00105755
Gram_error_fro,4.0,1,14,2,0.0,0.03793393,0.01801068,0.01155285,0.00815521,0.005993,0.00451961,0.0034904,0.00276496,0.00224977,0.0018784,0.00160345,0.00139213,0.00122274,0.00108157,0.00096019,0.00085358,0.0007587
Gram_error_fro,2.0,1,14,2,0.0,0.0271885,0.01357579,0.0093413,0.00733314,0.0060431,0.00509821,0.00436824,0.00378928,0.00332188,0.00293876,0.00262005,0.00235101,0.00212062,0.00192068,0.00174504,0.00158912,0.00144951
Gram_error_fro,2.0,1,14,2,0.0,0.03223905,0.01604172,0.01137698,0.00914393,0.00765842,0.00651859,0.00559115,0.00481676,0.00416174,0.00360347,0.00312526,0.00271412,0.00235963,0.00205327,0.00178801,0.00155797,0.00135823
Gram_error_fro,6.0,1,14,2,0.0,0.07142659,0.04476186,0.03230445,0.02444326,0.01875013,0.01447515,0.01123344,0.00876407,0.00687502,0.00542295,0.00430083,0.00342889,0.00274757,0.0022123,0.00178956,0.001454,0.00118636
Gram_error_fro,2.0,1,14,2,0.0,0.0369251,0.02431373,0.0179776,0.0141778,0.0115007,0.00947316,0.007884,0.00661408,0.00558606,0.00474571,0.00405322,0.00347857,0.00299868,0.0025956,0.00225523,0.00196637,0.00172007
Gram_error_fro,4.0,2,14,2,0.0,0.04510825,0.02103837,0.01425546,0.0113674,0.0098332,0.00892642,0.00837974,0.00806939,0.00792237,0.00788816,0.00792967,0.00801957,0.00813808,0.00827123,0.00840942,0.00854625,0.00867763
Gram_error_fro,4.0,1,14,2,0.0,0.03199927,0.00903538,0.00518091,0.00389189,0.00308938,0.00252211,0.00210802,0.00179854,0.00156181,0.00137664,0.00122871,0.00110811,0.0010078,0.00092271,0.00084912,0.00078433,0.00072636
Gram_error_fro,6.0,1,14,2,0.0,0.04201454,0.01617647,0.0120569,0.01005466,0.00856643,0.00738741,0.00642353,0.00561688,0.00492992,0.00433743,0.00382183,0.00337039,0.00297347,0.00262357,0.00231458,0.00204149,0.00180002
Gram_error_fro,0.0,1,14,3,0.0,0.0,0.0,0.0,0.0,0.0,0.0,0.0,0.0,0.0,0.0,0.0,0.0,0.0,0.0,0.0,0.0,0.0
Gram_error_fro,2.0,1,14,3,0.0,0.042374,0.02413036,0.01798256,0.01499271,0.01288962,0.01118414,0.0097394,0.00849803,0.00742528,0.00649525,0.00568693,0.00498287,0.00436845,0.00383136,0.00336123,0.00294925,0.00258793
Gram_error_fro,2.0,1,14,3,0.0,0.03216976,0.01223466,0.00609435,0.00386555,0.00289318,0.00237711,0.00204029,0.00178262,0.00156815,0.00138373,0.0012237,0.0010846,0.00096349,0.00085772,0.00076491,0.00068304,0.00061044
Gram_error_fro,2.0,1,14,3,0.0,0.01251579,0.00696427,0.00540284,0.00652864,0.0072314,0.00732754,0.00705396,0.0065869,0.00603246,0.00545248,0.00488257,0.00434268,0.00384315,0.00338843,0.00297933,0.00261444,0.00229109
Gram_error_fro,2.0,1,14,3,0.0,0.01732967,0.01356368,0.01302527,0.01300566,0.01288511,0.01257278,0.01210636,0.01153958,0.01091648,0.01026873,0.00961794,0.00897846,0.00835953,0.00776686,0.00720378,0.00667192,0.00617182
Gram_error_fro,2.0,1,14,3,0.0,0.02938196,0.02176734,0.01592605,0.0122191,0.009737,0.00792878,0.00653012,0.0054124,0.00450491,0.00376261,0.00315323,0.00265199,0.00223909,0.00189849,0.00161706,0.00138404,0.00119062
Gram_error_fro,4.0,1,14,3,0.0,0.03416912,0.02446201,0.01736994,0.01300457,0.01006877,0.00793342,0.00631332,0.00505852,0.00407613,0.00330184,0.00268845,0.00220024,0.0018099,0.0014963,0.00124313,0.00103769,0.00087012
Gram_error_fro,4.0,1,14,3,0.0,0.05967464,0.04455715,0.03414264,0.02709944,0.02194742,0.01799774,0.01488963,0.0124045,0.01039543,0.0087571,0.00741111,0.00629783,0.00537129,0.00459571,0.00394305,0.00339117,0.00292248
Gram_error_fro,4.0,1,14,3,0.0,0.04957241,0.03922723,0.03126577,0.02536203,0.020683,0.01691091,0.01386464,0.01140512,0.00941795,0.00780943,0.00650384,0.00544054,0.00457125,0.00385763,0.00326927,0.002782,0.00237661
Gram_error_fro,4.0,1,14,3,0.0,0.05126262,0.02818415,0.01766466,0.01196274,0.00865186,0.00662645,0.00529072,0.00433577,0.00360805,0.00303039,0.00256125,0.00217577,0.0018572,0.00159315,0.00137389,0.00119148,0.00103935
Gram_error_fro,4.0,1,14,3,0.0,0.04183718,0.02288081,0.01590476,0.01261373,0.01073834,0.00951909,0.00863093,0.0079192,0.00730789,0.00675952,0.00625568,0.00578727,0.00534968,0.00494038,0.00455775,0.00420055,0.00386766
Gram_error_fro,6.0,1,14,3,0.0,0.0468495,0.0268577,0.0152463,0.00836506,0.00475924,0.00368828,0.00384708,0.00412251,0.00422495,0.00415774,0.0039727,0.00371697,0.00342512,0.00312067,0.00281891,0.00252936,0.00225758
Gram_error_fro,4.0,1,14,3,0.0,0.06740148,0.05074647,0.03768418,0.02880884,0.02251794,0.01787163,0.01433673,0.01159075,0.00942595,0.00770125,0.00631654,0.00519832,0.00429115,0.00355241,0.00294885,0.00245425,0.00204781
Gram_error_fro,4.0,1,14,3,0.0,0.04581558,0.02984201,0.02303966,0.01969453,0.01763272,0.01607522,0.01475671,0.01358208,0.01251297,0.01153108,0.01062584,0.00978994,0.00901764,0.00830401,0.0076447,0.00703569,0.00647331
Gram_error_fro,4.0,1,14,3,0.0,0.11200298,0.10627108,0.09368753,0.08216513,0.07220653,0.06362513,0.05620828,0.04977632,0.04418116,0.03930009,0.0350306,0.03128643,0.02799466,0.02509343,0.02253014,0.02025999,0.01824474
Gram_error_fro,4.0,1,14,3,0.0,0.05885699,0.03395705,0.02332628,0.01754954,0.0137661,0.0110423,0.0089809,0.00737479,0.00609964,0.00507346,0.0042389,0.00355429,0.00298861,0.00251833,0.00212537,0.00179565,0.00151807
Gram_error_fro,0.0,1,14,3,0.0,0.0,0.0,0.0,0.0,0.0,0.0,0.0,0.0,0.0,0.0,0.0,0.0,0.0,0.0,0.0,0.0,0.0
Gram_error_fro,2.0,1,14,3,0.0,0.05632856,0.04561982,0.03596782,0.02804335,0.02187914,0.01717506,0.01357735,0.01079922,0.00863184,0.00692625,0.00557497,0.0044988,0.00363818,0.00294762,0.00239196,0.00194374,0.00158144
Gram_error_fro,2.0,1,14,3,0.0,0.02805626,0.01941349,0.0128844,0.00888695,0.00643883,0.004826,0.00369026,0.00285818,0.00223548,0.00176345,0.00140206,0.00112288,0.00090528,0.00073422,0.00059861,0.00049027,0.0004031
Gram_error_fro,2.0,1,14,3,0.0,0.03130094,0.01961259,0.01381168,0.01068856,0.00852898,0.00684127,0.00548824,0.0044048,0.00354058,0.0028523,0.00230375,0.00186555,0.00151443,0.00123213,0.0010044,0.00082013,0.00067059
Gram_error_fro,2.0,1,14,3,0.0,0.04572797,0.02450818,0.01594897,0.01113837,0.00796868,0.00580767,0.00430996,0.00325428,0.00249681,0.00194353,0.00153232,0.00122154,0.00098292,0.00079701,0.00065025,0.00053309,0.00043866
Gram_error_fro,2.0,1,14,3,0.0,0.0268532,0.01628364,0.0108299,0.00808404,0.00636744,0.00508865,0.00407568,0.00326714,0.00262442,0.00211479,0.00171023,0.00138781,0.00112951,0.00092146,0.00075307,0.00061623,0.00050467
Gram_error_fro,2.0,1,14,3,0.0,0.03995182,0.02713823,0.01943575,0.01496127,0.01226043,0.01056429,0.00940012,0.00850191,0.0077393,0.00705451,0.00642368,0.00583745,0.00529225,0.0047865,0.00431915,0.00388902,0.00349472
Gram_error_fro,2.0,1,14,3,0.0,0.0418699,0.0272596,0.0223597,0.02032234,0.01875429,0.01727856,0.0158679,0.01453369,0.0132839,0.01212103,0.01104422,0.0100507,0.00913666,0.00829767,0.00752907,0.00682611,0.0061841
Gram_error_fro,2.0,1,14,3,0.0,0.01388065,0.01163977,0.01101759,0.00978489,0.00843139,0.00716229,0.00603499,0.00505946,0.00422818,0.00352673,0.0029385,0.00244716,0.00203769,0.00169688,0.00141338,0.00117757,0.0009814
Gram_error_fro,4.0,1,14,3,0.0,0.04218121,0.02383708,0.01264282,0.00682695,0.00463329,0.00431358,0.00440387,0.00442102,0.00431748,0.00412884,0.00389126,0.0036298,0.00336034,0.00309268,0.00283283,0.00258447,0.00234976
Gram_error_fro,4.0,1,14,3,0.0,0.06088633,0.04619397,0.03426088,0.02572214,0.0198144,0.01578163,0.01301649,0.01107913,0.00966933,0.00859164,0.0077241,0.00699312,0.00635529,0.00578529,0.00526832,0.00479553,0.0043614
Gram_error_fro,4.0,1,14,3,0.0,0.02054903,0.01208586,0.0107024,0.00898578,0.00728019,0.00582515,0.0046357,0.00367777,0.00291245,0.00230418,0.00182224,0.00144103,0.0011397,0.00090153,0.00071323,0.00056433,0.00044655
Gram_error_fro,2.0,1,14,3,0.0,0.08587917,0.06334465,0.04597315,0.03427918,0.02611492,0.0201616,0.01569268,0.01228068,0.0096494,0.00760697,0.00601394,0.00476652,0.00378635,0.00301381,0.00240324,0.00191947,0.00153532
Gram_error_fro,4.0,1,14,3,0.0,0.10284442,0.07367047,0.05583617,0.04393632,0.0351242,0.02833005,0.02300214,0.01878433,0.0154225,0.01272737,0.01055492,0.00879441,0.00736013,0.00618543,0.00521832,0.00441805,0.00375262
Gram_error_fro,2.0,1,14,3,0.0,0.06469233,0.05024592,0.03829965,0.02882361,0.02180838,0.01672382,0.01299907,0.01021455,0.00809238,0.00645012,0.00516469,0.00415006,0.0033441,0.00270078,0.00218528,0.00177092,0.00143699
Gram_error_fro,4.0,1,14,3,0.0,0.03642597,0.02466609,0.01841489,0.01481467,0.01219622,0.01014677,0.00850921,0.00718225,0.00609327,0.00518993,0.00443404,0.00379709,0.00325735,0.00279791,0.0024054,0.00206912,0.00178039
Gram_error_fro,0.0,1,14,4,0.0,0.0,0.0,0.0,0.0,0.0,0.0,0.0,0.0,0.0,0.0,0.0,0.0,0.0,0.0,0.0,0.0,0.0
Gram_error_fro,2.0,1,14,4,0.0,0.04977862,0.04577149,0.03766398,0.03081822,0.0254122,0.02107868,0.01754749,0.01464737,0.01225836,0.01028704,0.00865718,0.00730607,0.0061824,0.00524456,0.00445896,0.00379856,0.00324156
Gram_error_fro,2.0,1,14,4,0.0,0.04576518,0.0427828,0.03572595,0.02968576,0.02484626,0.02090679,0.01764122,0.01490618,0.01260424,0.01066237,0.00902231,0.00763607,0.0064637,0.00547173,0.00463209,0.00392119,0.00331918
Gram_error_fro,2.0,1,14,4,0.0,0.01384982,0.01102468,0.00843987,0.00647933,0.00506981,0.00404366,0.00327196,0.00267382,0.00219986,0.00181865,0.00150889,0.00125532,0.00104659,0.00087403,0.00073087,0.00061175,0.00051241
Gram_error_fro,2.0,1,14,4,0.0,0.07126885,0.06455847,0.05560274,0.04742436,0.04012334,0.03374665,0.02829938,0.02372397,0.01992246,0.01678238,0.01419397,0.01205877,0.01029277,0.0088263,0.00760268,0.00657624,0.00571043
Gram_error_fro,0.0,1,14,4,0.0,0.02408783,0.01835901,0.0141401,0.01104123,0.00873492,0.00697297,0.00559871,0.00451335,0.00364991,0.00295967,0.0024057,0.00195952,0.00159893,0.00130662,0.001069,0.00087537,0.00071727
Gram_error_fro,4.0,1,14,4,0.0,0.06319624,0.04978236,0.04219906,0.03712346,0.03303113,0.02950124,0.02639208,0.02363646,0.02118949,0.01901452,0.01707946,0.01535583,0.01381836,0.01244485,0.01121586,0.01011448,0.00912598
Gram_error_fro,4.0,1,14,4,0.0,0.08488526,0.0670008,0.05122172,0.04035769,0.03266454,0.02688035,0.02233755,0.01867883,0.01568963,0.01322504,0.0111793,0.00947197,0.00804059,0.00683595,0.0058189,0.00495796,0.0042276
Gram_error_fro,4.0,1,14,4,0.0,0.06782299,0.04038671,0.02737948,0.02126557,0.0175448,0.01480071,0.01260086,0.01077912,0.00924881,0.00795329,0.00685089,0.00590917,0.0051022,0.0044089,0.003812,0.00329719,0.00285256
Gram_error_fro,4.0,1,14,4,0.0,0.08920397,0.07725405,0.06637989,0.05873274,0.05305422,0.04849828,0.04460162,0.04112462,0.03794909,0.03501839,0.03230453,0.02979149,0.02746735,0.02532119,0.02334202,0.02151863,0.01983984
Gram_error_fro,2.0,1,14,4,0.0,0.01649133,0.0126055,0.00957167,0.0073897,0.00583047,0.00467712,0.00379337,0.00309915,0.00254506,0.00209816,0.00173501,0.00143821,0.0011945,0.0009936,0.00082746,0.00068969,0.00057521
Gram_error_fro,4.0,1,14,4,0.0,0.09831336,0.07758253,0.05910612,0.04692291,0.03835846,0.03178739,0.02648258,0.02210726,0.01847244,0.0154471,0.01292802,0.01082984,0.0090812,0.00762257,0.00640451,0.0053861,0.00453355
Gram_error_fro,4.0,1,14,4,0.0,0.10655556,0.08203417,0.06141929,0.04780455,0.03839128,0.03137093,0.02585592,0.02140812,0.01777908,0.01480232,0.01235294,0.01033219,0.00866066,0.00727423,0.00612113,0.00515954,0.00435564
Gram_error_fro,4.0,1,14,4,0.0,0.06952595,0.06590866,0.05845645,0.05162351,0.04573983,0.04068712,0.03633645,0.03257979,0.02932365,0.02648661,0.02399931,0.02180411,0.0198541,0.01811147,0.01654587,0.01513292,0.01385285
Gram_error_fro,4.0,1,14,4,0.0,0.07019466,0.05790805,0.04216672,0.03017481,0.02194056,0.01632029,0.01237751,0.00951925,0.00739173,0.00578032,0.00454831,0.00360363,0.00288109,0.00233244,0.00192049,0.00161522,0.00139157
Gram_error_fro,4.0,1,14,4,0.0,0.04436186,0.03822572,0.02966319,0.02298252,0.01822736,0.01480082,0.01223225,0.01023323,0.00863402,0.00733054,0.00625437,0.00535748,0.00460452,0.0039686,0.00342884,0.00296878,0.00257524
Gram_error_fro,0.0,1,14,2,0.0,0.0,0.0,0.0,0.0,0.0,0.0,0.0,0.0,0.0,0.0,0.0,0.0,0.0,0.0,0.0,0.0,0.0
Gram_error_fro,2.0,1,14,2,0.0,0.01229409,0.01028807,0.00793757,0.00641614,0.00539562,0.00463519,0.00402152,0.00350411,0.00305878,0.00267211,0.00233522,0.00204134,0.0017849,0.00156108,0.00136571,0.00119512,0.00104612
Gram_error_fro,2.0,1,14,2,0.0,0.01945074,0.0067073,0.0029836,0.0014833,0.00074317,0.00040543,0.00037065,0.00044701,0.00051411,0.00055401,0.00057096,0.00057139,0.00056064,0.00054261,0.00052008,0.00049493,0.00046847
Gram_error_fro,2.0,1,14,2,0.0,0.04601758,0.03394802,0.02680987,0.02192739,0.01820612,0.01524035,0.01282516,0.01083456,0.00918111,0.00779975,0.00664032,0.00566337,0.00483743,0.00413719,0.00354211,0.00303535,0.00260308
Gram_error_fro,2.0,1,14,2,0.0,0.02035404,0.01891537,0.01445138,0.01084917,0.00821546,0.00629171,0.00486262,0.0037821,0.00295306,0.0023097,0.00180628,0.00141019,0.00109758,0.00085069,0.000656,0.00050311,0.00038392
Gram_error_fro,2.0,1,14,2,0.0,0.00514806,0.00203033,0.00100922,0.00051786,0.00023277,9.005e-05,0.00012384,0.00018527,0.00022533,0.00024721,0.00025631,0.00025682,0.00025172,0.00024303,0.00023213,0.00021994,0.00020708
Gram_error_fro,2.0,1,14,2,0.0,0.0165284,0.00663113,0.00503124,0.0045758,0.00418706,0.00376688,0.00334488,0.00294911,0.00259263,0.00227824,0.00200355,0.00176421,0.00155545,0.0013729,0.00121274,0.00107181,0.00094747
Gram_error_fro,4.0,1,14,2,0.0,0.05738556,0.03500498,0.0286025,0.02505007,0.02214502,0.01962269,0.01741365,0.0154728,0.01376281,0.0122522,0.0109146,0.00972795,0.00867363,0.00773586,0.00690104,0.00615744,0.00549481
Gram_error_fro,4.0,1,14,2,0.0,0.06005628,0.04013218,0.02807944,0.02081083,0.01591141,0.01237046,0.00971599,0.00768618,0.00611459,0.00488667,0.00392032,0.00315529,0.00254667,0.00206054,0.00167101,0.0013581,0.00110624
Gram_error_fro,2.0,1,14,2,0.0,0.04076585,0.02401661,0.016374,0.01198474,0.00902073,0.00688724,0.00530603,0.00411511,0.00320874,0.00251368,0.00197748,0.00156177,0.0012381,0.00098513,0.00078669,0.00063051,0.00050715
Gram_error_fro,4.0,1,14,2,0.0,0.03563124,0.02199975,0.01711582,0.01437151,0.01229324,0.01059234,0.00916895,0.00796492,0.00693838,0.0060574,0.00529721,0.00463835,0.0040653,0.00356551,0.00312871,0.00274634,0.00241123
Gram_error_fro,4.0,1,14,2,0.0,0.00606679,0.00711012,0.00752287,0.00694985,0.00620303,0.00546931,0.00479637,0.0041946,0.00366237,0.00319416,0.00278346,0.0024239,0.00210952,0.00183496,0.00159539,0.00138653,0.00120458
Gram_error_fro,2.0,1,14,2,0.0,0.0082224,0.00282867,0.00166314,0.00130231,0.00107195,0.00086583,0.00068177,0.00052586,0.00039926,0.00029946,0.00022257,0.00016458,0.00012194,9.172e-05,7.147e-05,5.899e-05,5.202e-05
Gram_error_fro,2.0,1,14,2,0.0,0.04998786,0.03123481,0.02371639,0.01944392,0.01638455,0.01396521,0.01197428,0.01030656,0.00889604,0.00769546,0.00666877,0.00578758,0.00502903,0.00437451,0.00380864,0.00331862,0.00289371
Gram_error_fro,4.0,1,14,2,0.0,0.12288408,0.09185044,0.0725644,0.05899479,0.04848504,0.04010546,0.03335194,0.02787053,0.02339339,0.01971441,0.01667412,0.01414845,0.01204027,0.010273,0.00878579,0.00752992,0.00646611
Gram_error_fro,2.0,1,14,2,0.0,0.01888512,0.00933376,0.00584337,0.0043631,0.00359915,0.00312475,0.00278301,0.0025085,0.00227241,0.00206187,0.00187102,0.00169698,0.00153811,0.00139323,0.00126132,0.00114142,0.00103258
Gram_error_fro,0.0,1,14,2,0.0,0.0,0.0,0.0,0.0,0.0,0.0,0.0,0.0,0.0,0.0,0.0,0.0,0.0,0.0,0.0,0.0,0.0
Gram_error_fro,2.0,1,14,2,0.0,0.04501115,0.05582965,0.05686481,0.05463282,0.05129054,0.04758262,0.04381842,0.04015338,0.03667133,0.03341515,0.03040241,0.02763502,0.02510548,0.02280099,0.02070609,0.01880429,0.01707915
Gram_error_fro,2.0,1,14,2,0.0,0.02106328,0.01661853,0.01412311,0.01214164,0.01053684,0.00921546,0.0081079,0.00716568,0.00635495,0.00565131,0.00503651,0.00449647,0.00402004,0.0035982,0.00322358,0.00289005,0.00259248
Gram_error_fro,2.0,1,14,2,0.0,0.06976022,0.03910245,0.03006499,0.02599343,0.02294816,0.02028329,0.01789483,0.0157605,0.01386511,0.01219035,0.01071543,0.00941901,0.00828055,0.00728111,0.00640363,0.00563302,0.00495602
Gram_error_fro,2.0,1,14,2,0.0,0.0264522,0.02167245,0.01861847,0.0161947,0.01418813,0.01251534,0.01111208,0.00992438,0.00890884,0.00803164,0.00726679,0.00659428,0.00599858,0.00546754,0.00499155,0.00456288,0.00417527
Gram_error_fro,2.0,1,14,2,0.0,0.06159553,0.05482415,0.0455467,0.03744189,0.03070772,0.02523554,0.02082909,0.01728224,0.01441536,0.01208392,0.0101754,0.00860301,0.00729979,0.0062138,0.00530441,0.00453959,0.00389386
Gram_error_fro,4.0,2,14,2,0.0,0.04769237,0.05818128,0.05962744,0.05777253,0.05474988,0.051315,0.04779249,0.04435048,0.04108162,0.03803418,0.03522864,0.0326681,0.03034525,0.02824684,0.02635669,0.02465746,0.02313187
Gram_error_fro,2.0,1,14,2,0.0,0.06564926,0.05167849,0.04093996,0.03296437,0.02674573,0.02182427,0.01790784,0.01477497,0.01225357,0.01021101,0.0085457,0.00717976,0.0060532,0.00511946,0.00434215,0.00369254,0.00314776
Gram_error_fro,2.0,1,14,2,0.0,0.05287164,0.04665074,0.04019008,0.03453702,0.02960496,0.02536379,0.02175391,0.01869525,0.01610524,0.01390836,0.01203952,0.01044426,0.00907772,0.00790313,0.00689041,0.00601483,0.00525601
Gram_error_fro,4.0,1,14,2,0.0,0.07966537,0.06271139,0.04877112,0.0383076,0.03026916,0.02406668,0.01927005,0.01554282,0.01262678,0.01032761,0.00850036,0.00703686,0.00585606,0.00489681,0.00411257,0.00346766,0.00293449
Gram_error_fro,4.0,1,14,2,0.0,0.06828439,0.05020702,0.03632433,0.02659647,0.01958956,0.01452132,0.01086997,0.00824973,0.00637393,0.00503145,0.00406744,0.00336869,0.00285317,0.00246266,0.00215698,0.00190921,0.00170174
Gram_error_fro,4.0,1,14,2,0.0,0.0334677,0.0242751,0.02095805,0.01936349,0.0183199,0.01745817,0.01664909,0.01584703,0.01503925,0.01422667,0.01341549,0.01261328,0.01182721,0.01106335,0.01032645,0.00961998,0.00894631
Gram_error_fro,4.0,1,14,2,0.0,0.09092683,0.07431598,0.0646628,0.05680906,0.05002441,0.04411771,0.03896162,0.0344499,0.0304938,0.02701913,0.02396318,0.02127234,0.01890033,0.01680701,0.01495755,0.01332162,0.0118729
Gram_error_fro,4.0,1,14,2,0.0,0.14013879,0.0985103,0.07497647,0.05927429,0.04761113,0.03862388,0.03159374,0.02603915,0.02161069,0.01804934,0.01516149,0.01280142,0.01085867,0.00924873,0.00790647,0.00678118,0.00583308
Gram_error_fro,4.0,1,14,2,0.0,0.0779469,0.05284977,0.04175876,0.03472101,0.02918962,0.02462162,0.02081877,0.01764741,0.01499788,0.01277881,0.0109149,0.00934455,0.00801751,0.00689281,0.00593696,0.00512251,0.00442688
Gram_error_fro,6.0,1,14,2,0.0,0.06273683,0.04675521,0.03509878,0.02687829,0.02090396,0.01653294,0.01335008,0.01105013,0.00939809,0.00821075,0.00734668,0.00670011,0.00619546,0.00578129,0.00542415,0.00510317,0.00480584
Gram_error_fro,0.0,1,14,3,0.0,0.0,0.0,0.0,0.0,0.0,0.0,0.0,0.0,0.0,0.0,0.0,0.0,0.0,0.0,0.0,0.0,0.0
Gram_error_fro,2.0,1,14,3,0.0,0.05838382,0.03824545,0.02774911,0.02118409,0.0164257,0.01281597,0.01003751,0.00788524,0.00621191,0.0049078,0.00388966,0.00309359,0.00247018,0.00198107,0.00159644,0.00129307,0.00105293
Gram_error_fro,2.0,1,14,3,0.0,0.03390579,0.02574953,0.02041541,0.01665676,0.01384739,0.01166385,0.00991461,0.00848122,0.00728715,0.00628054,0.00542461,0.00469222,0.0040627,0.00351985,0.0030507,0.00264464,0.00229283
Gram_error_fro,2.0,1,14,3,0.0,0.05181345,0.04785592,0.04091059,0.0343586,0.02864676,0.02383567,0.01985802,0.0165954,0.01392179,0.01172413,0.00990868,0.00840063,0.00714119,0.0060843,0.00519368,0.00444055,0.00380183
Gram_error_fro,2.0,1,14,3,0.0,0.02781483,0.02139401,0.01629685,0.01244552,0.00949572,0.00723391,0.00551226,0.0042095,0.0032255,0.00248116,0.00191629,0.00148607,0.00115742,0.00090586,0.0007132,0.00056573,0.000453
Gram_error_fro,2.0,1,14,3,0.0,0.05431108,0.04716781,0.03881106,0.03164028,0.02583017,0.02123099,0.01761297,0.01475897,0.01249142,0.01067307,0.00919998,0.00799386,0.00699566,0.00616073,0.00545515,0.00485302,0.00433452
Gram_error_fro,4.0,1,14,3,0.0,0.03225364,0.02181343,0.01693027,0.01379532,0.01147853,0.00969921,0.00827752,0.00710556,0.00612097,0.00528487,0.00457029,0.00395696,0.00342884,0.002973,0.00257879,0.0022374,0.00194145
Gram_error_fro,4.0,1,14,3,0.0,0.07155962,0.05268338,0.0372825,0.02667771,0.01941099,0.01436852,0.01079954,0.008216,0.00630612,0.00486978,0.00377564,0.00293466,0.00228441,0.00177979,0.00138739,0.00108204,0.00084449
Gram_error_fro,4.0,1,14,3,0.0,0.07519712,0.05109987,0.03765659,0.03077107,0.02641954,0.02306546,0.02021457,0.01770892,0.01548928,0.01352403,0.01178891,0.01026174,0.00892142,0.00774794,0.00672265,0.00582838,0.00504955
Gram_error_fro,4.0,1,14,3,0.0,0.03965944,0.0290316,0.02304431,0.01927811,0.0163484,0.01388931,0.01180354,0.01003908,0.00854847,0.00728753,0.0062179,0.00530774,0.00453123,0.00386743,0.00329932,0.00281283,0.00239624
Gram_error_fro,2.0,1,14,3,0.0,0.06941184,0.03791797,0.02367808,0.01675927,0.01254143,0.0096888,0.00767507,0.00621257,0.00512078,0.00428223,0.00362,0.00308371,0.00264019,0.00226738,0.00195027,0.00167839,0.00144413
Gram_error_fro,4.0,1,14,3,0.0,0.0646856,0.05348672,0.04493215,0.0383556,0.03289462,0.02828797,0.02440423,0.02112639,0.01834749,0.01597706,0.01394239,0.0121863,0.01066385,0.00933939,0.00818422,0.00717481,0.00629161
Gram_error_fro,4.0,1,14,3,0.0,0.02114185,0.01106805,0.00509971,0.00530668,0.00688666,0.00783154,0.00818792,0.00815238,0.00787268,0.00744811,0.00694451,0.00640549,0.00585981,0.00532615,0.00481629,0.0043372,0.00389257
Gram_error_fro,4.0,1,14,3,0.0,0.10101985,0.0840823,0.07075588,0.06012992,0.05122408,0.04368628,0.03730187,0.03189238,0.02730388,0.02340562,0.02008795,0.01725939,0.01484369,0.0127773,0.01100708,0.00948855,0.00818437
Gram_error_fro,6.0,1,14,3,0.0,0.03247331,0.02171618,0.01425147,0.01027867,0.00831307,0.00725037,0.00656926,0.00605486,0.00561755,0.00521909,0.00484385,0.00448638,0.0041456,0.003822,0.00351641,0.00322946,0.00296137
Gram_error_fro,6.0,1,14,3,0.0,0.0733499,0.05104511,0.03772698,0.02884213,0.02251042,0.01790985,0.01452119,0.01197722,0.01002021,0.00847474,0.00722411,0.00619121,0.00532462,0.00458926,0.00396034,0.00341967,0.00295336
Gram_error_fro,0.0,1,14,2,0.0,0.0,0.0,0.0,0.0,0.0,0.0,0.0,0.0,0.0,0.0,0.0,0.0,0.0,0.0,0.0,0.0,0.0
Gram_error_fro,2.0,1,14,2,0.0,0.0199405,0.01608795,0.012952,0.01045273,0.00849707,0.00697199,0.00578294,0.00485541,0.00413036,0.00356057,0.0031085,0.00274475,0.00244683,0.00219791,0.00198569,0.00180133,0.00163857
Gram_error_fro,2.0,1,14,2,0.0,0.01965118,0.01479793,0.01078259,0.00760047,0.00524586,0.00363003,0.00265479,0.00219948,0.00207691,0.00209407,0.00213576,0.00215659,0.00214547,0.00210428,0.0020389,0.00195572,0.00186042
Gram_error_fro,2.0,1,14,2,0.0,0.01737682,0.00935928,0.00385084,0.00100947,0.00300723,0.00475795,0.00589446,0.00656399,0.00689745,0.00699474,0.00692921,0.00675385,0.00650667,0.00621479,0.00589746,0.00556826,0.00523671
Gram_error_fro,2.0,1,14,2,0.0,0.02392324,0.0168428,0.01473637,0.01362824,0.01284879,0.01221184,0.01165145,0.01113705,0.01065118,0.0101833,0.00972737,0.00928037,0.00884119,0.00840991,0.00798725,0.00757421,0.00717187
Gram_error_fro,2.0,2,14,2,0.0,0.04229886,0.03200924,0.02649406,0.02220127,0.01860875,0.0155732,0.01302782,0.01092436,0.00922318,0.0078924,0.00690551,0.00623504,0.00584451,0.0056847,0.00569854,0.00583089,0.00603631
Gram_error_fro,2.0,1,14,2,0.0,0.00260356,0.00109251,0.00110009,0.0012758,0.00140993,0.00147045,0.00147058,0.00143047,0.00136685,0.00129132,0.00121127,0.00113109,0.00105326,0.0009791,0.00090921,0.00084376,0.00078273
Gram_error_fro,2.0,1,14,2,0.0,0.07659952,0.07781202,0.07119922,0.06355737,0.05624168,0.04960935,0.04371838,0.03853165,0.03398414,0.03000535,0.02652706,0.02348633,0.02082647,0.01849726,0.01645468,0.01466049,0.01308158
Gram_error_fro,4.0,1,14,2,0.0,0.07141482,0.03105203,0.01987592,0.01433749,0.01045812,0.00761257,0.00556128,0.00414456,0.00323717,0.0027214,0.00247158,0.00236968,0.00233099,0.00230814,0.00227952,0.00223747,0.00218095
Gram_error_fro,2.0,1,14,2,0.0,0.00176095,0.00080135,0.00100903,0.0011891,0.00121345,0.00110711,0.0009213,0.0007076,0.00051964,0.00042542,0.00046656,0.00058843,0.00072768,0.00085709,0.00096752,0.00105662,0.00112476
Gram_error_fro,2.0,1,14,2,0.0,0.0030735,0.00124744,0.00202258,0.00287683,0.00352834,0.00397236,0.00424441,0.00438002,0.00440922,0.00435702,0.00424416,0.00408764,0.00390116,0.00369557,0.00347934,0.00325891,0.00303916
Gram_error_fro,4.0,1,14,2,0.0,0.03164717,0.03143609,0.02729515,0.02306384,0.01939923,0.01636308,0.01387606,0.01183557,0.01014993,0.00874556,0.00756558,0.00656647,0.0057148,0.00498464,0.00435564,0.00381163,0.00333955
Gram_error_fro,6.0,1,14,2,0.0,0.06852766,0.04676842,0.03572458,0.02873229,0.02355778,0.0195141,0.01629016,0.01369179,0.01157957,0.00984882,0.00841985,0.00723155,0.00623679,0.00539893,0.00468927,0.00408515,0.00356851
Gram_error_fro,4.0,2,14,2,0.0,0.05712964,0.02797193,0.02184403,0.01874445,0.01629799,0.01429847,0.01270246,0.0114655,0.01053552,0.00985841,0.00938256,0.00906196,0.00885778,0.00873881,0.00868085,0.00866571,0.00867996
Gram_error_fro,4.0,1,14,2,0.0,0.02392324,0.0168428,0.01404862,0.01214174,0.01064113,0.00941325,0.00839247,0.00753354,0.00680188,0.00617092,0.00562047,0.00513523,0.00470363,0.00431676,0.00396776,0.00365121,0.00336282
Gram_error_fro,4.0,2,14,2,0.0,0.08177528,0.04719963,0.03508029,0.02766487,0.02213326,0.01793404,0.01478392,0.01246204,0.01078687,0.00960944,0.00880814,0.00828505,0.00796331,0.00778443,0.00770531,0.00769487,0.0077311
Gram_error_fro,0.0,1,14,2,0.0,0.0,0.0,0.0,0.0,0.0,0.0,0.0,0.0,0.0,0.0,0.0,0.0,0.0,0.0,0.0,0.0,0.0
Gram_error_fro,2.0,1,14,2,0.0,0.03542091,0.02838917,0.02479327,0.0221143,0.01982587,0.01780046,0.01599129,0.01437159,0.012921,0.01162192,0.01045855,0.00941648,0.00848272,0.00764555,0.00689448,0.00622017,0.00561432
Gram_error_fro,2.0,1,14,2,0.0,0.02454246,0.01973857,0.01770169,0.01618115,0.01479483,0.01350627,0.01232009,0.01123595,0.01024786,0.00934777,0.00852754,0.00777967,0.0070974,0.00647472,0.00590622,0.00538706,0.00491287
Gram_error_fro,2.0,1,14,2,0.0,0.06380393,0.03365325,0.02393214,0.01986212,0.0175021,0.01578759,0.01438195,0.01316006,0.01206677,0.01107367,0.0101642,0.00932766,0.00855649,0.00784492,0.00718822,0.00658231,0.00602356
Gram_error_fro,2.0,1,14,2,0.0,0.01110719,0.00445639,0.0022778,0.00605882,0.00884933,0.01055874,0.01144919,0.01176252,0.01168451,0.01134942,0.0108519,0.01025796,0.00961333,0.00894946,0.0082878,0.00764269,0.00702349
Gram_error_fro,2.0,1,14,2,0.0,0.0173828,0.0089305,0.00593902,0.00454868,0.00377366,0.00326602,0.00288153,0.00256187,0.00228347,0.00203626,0.00181529,0.00161759,0.00144091,0.00128331,0.00114298,0.0010182,0.00090738
Gram_error_fro,4.0,1,14,2,0.0,0.09359672,0.05138944,0.0330832,0.0245653,0.01981336,0.01680249,0.01470593,0.01312508,0.01185141,0.01077209,0.00982502,0.00897541,0.00820322,0.00749639,0.00684713,0.00625,0.00570076
Gram_error_fro,2.0,1,14,2,0.0,0.04176821,0.03341067,0.02573118,0.01952536,0.01474048,0.01112864,0.00841972,0.00638994,0.00487015,0.00373609,0.00289678,0.00228474,0.00184841,0.00154619,0.00134276,0.0012079,0.00111712
Gram_error_fro,4.0,1,14,2,0.0,0.02102285,0.00929397,0.00360139,0.00115484,0.0027334,0.00423621,0.00525401,0.00588787,0.00623405,0.00636857,0.00634974,0.00622177,0.00601798,0.00576333,0.00547647,0.00517124,0.00485789
Gram_error_fro,4.0,2,14,2,0.0,0.04600694,0.0351704,0.02542342,0.01796842,0.01264929,0.00902763,0.00664496,0.00511375,0.0041365,0.00350926,0.00311486,0.00290063,0.00284643,0.00293582,0.00314282,0.00343495,0.00378126
Gram_error_fro,4.0,1,14,2,0.0,0.03840328,0.03287825,0.02922985,0.02630982,0.02375208,0.02143912,0.01933286,0.01741782,0.01568228,0.01411387,0.01269938,0.01142538,0.01027887,0.00924757,0.00832011,0.00748613,0.00673619
Gram_error_fro,2.0,1,14,2,0.0,0.0107915,0.0037406,0.00352897,0.00660102,0.00861341,0.00969364,0.01012148,0.01011827,0.00984159,0.00939941,0.00886435,0.00828461,0.00769179,0.00710626,0.00654077,0.00600296,0.005497
Gram_error_fro,4.0,1,14,2,0.0,0.12118889,0.11579103,0.10352725,0.09141917,0.08062325,0.07127353,0.06322265,0.05627568,0.05025501,0.04501215,0.04042556,0.03639592,0.03284168,0.02969542,0.02690106,0.02441162,0.02218752
Gram_error_fro,6.0,1,14,2,0.0,0.17161957,0.16896868,0.15588392,0.14187494,0.12871797,0.11675655,0.10598475,0.09630885,0.08761891,0.0798092,0.07278356,0.06645619,0.06075099,0.05560063,0.05094546,0.04673269,0.04291549
Gram_error_fro,2.0,1,14,2,0.0,0.02657698,0.02123996,0.0184494,0.01634524,0.01456937,0.01301639,0.0116428,0.01042389,0.00934128,0.00837924,0.00752379,0.00676239,0.00608394,0.00547862,0.00493783,0.00445402,0.0040206
Gram_error_fro,2.0,1,14,2,0.0,0.05083197,0.02827176,0.01629828,0.00942435,0.00581422,0.00474191,0.00495699,0.0053598,0.00560118,0.00564918,0.00554435,0.00533367,0.0050559,0.00474004,0.0044068,0.00407054,0.00374091
Gram_error_fro,0.0,1,14,2,0.0,0.0,0.0,0.0,0.0,0.0,0.0,0.0,0.0,0.0,0.0,0.0,0.0,0.0,0.0,0.0,0.0,0.0
Gram_error_fro,2.0,1,14,2,0.0,0.02174346,0.01285779,0.00966114,0.00794571,0.00674318,0.0057999,0.0050266,0.00438,0.00383324,0.00336723,0.00296754,0.00262286,0.0023242,0.00206431,0.00183727,0.00163823,0.00146318
Gram_error_fro,2.0,1,14,2,0.0,0.01589005,0.0051319,0.00253283,0.00187063,0.00174346,0.00173111,0.0017193,0.00168085,0.00161467,0.00152725,0.00142629,0.00131844,0.00120889,0.00110132,0.00099823,0.00090119,0.00081106
Gram_error_fro,2.0,1,14,2,0.0,0.02174346,0.01285779,0.00966114,0.00794571,0.00674318,0.0057999,0.0050266,0.00438,0.00383324,0.00336723,0.00296754,0.00262286,0.0023242,0.00206431,0.00183727,0.00163823,0.00146318
Gram_error_fro,2.0,1,14,2,0.0,0.03410248,0.02242042,0.01698882,0.0137349,0.01135896,0.00947379,0.00793147,0.00665575,0.00559588,0.00471312,0.00397628,0.00335994,0.00284326,0.00240921,0.00204384,0.00173567,0.00147531
Gram_error_fro,2.0,1,14,2,0.0,0.01633073,0.00995913,0.00868757,0.00813258,0.00770063,0.00727866,0.00685219,0.00642604,0.00600686,0.00559982,0.00520845,0.00483499,0.00448077,0.00414641,0.00383208,0.00353757,0.00326241
Gram_error_fro,4.0,1,14,2,0.0,0.09234842,0.06706503,0.05169853,0.04133499,0.03352886,0.02740338,0.02252076,0.018597,0.01542462,0.01284551,0.01073749,0.00900561,0.00757578,0.00638997,0.0054024,0.00457684,0.00388436
Gram_error_fro,2.0,1,14,2,0.0,0.00047974,0.00011741,9.165e-05,0.00010122,9.511e-05,9.286e-05,0.00012007,0.00016628,0.00021498,0.00025878,0.00029513,0.00032353,0.00034435,0.00035835,0.00036638,0.00036933,0.000368
Gram_error_fro,4.0,1,14,2,0.0,0.01640527,0.00549943,0.00223359,0.00101661,0.00062878,0.00066836,0.00078925,0.00087642,0.00091995,0.00092879,0.00091327,0.00088184,0.00084077,0.00079449,0.00074604,0.00069741,0.0006499
Gram_error_fro,4.0,1,14,2,0.0,0.02392567,0.01348183,0.01039741,0.00878221,0.0076136,0.00666829,0.00587446,0.00519682,0.00461247,0.00410468,0.0036607,0.00327055,0.00292627,0.00262143,0.00235073,0.00210977,0.00189487
Gram_error_fro,2.0,1,14,2,0.0,0.01327915,0.00886796,0.00755795,0.00675384,0.00609895,0.00551546,0.00498323,0.00449568,0.00404944,0.00364195,0.00327079,0.00293359,0.00262795,0.00235151,0.00210196,0.00187706,0.00167471
Gram_error_fro,2.0,1,14,2,0.0,0.03405961,0.02236873,0.01693728,0.01367812,0.01129739,0.00941052,0.00786848,0.006593,0.00553195,0.00464605,0.00390425,0.00328156,0.00275773,0.00231626,0.00194366,0.00162884,0.00136264
Gram_error_fro,4.0,1,14,2,0.0,0.02928038,0.02092346,0.01647139,0.01314157,0.0105655,0.00854575,0.00694588,0.00566894,0.00464432,0.0038193,0.00315371,0.00261639,0.00218275,0.00183316,0.00155169,0.00132533,0.00114331
Gram_error_fro,4.0,1,14,2,0.0,0.04318308,0.02464239,0.01640654,0.01197823,0.00916908,0.00720118,0.00574302,0.00462855,0.00376086,0.00307655,0.00253127,0.00209291,0.0017377,0.0014479,0.00121008,0.00101395,0.0008516
Gram_error_fro,4.0,1,14,2,0.0,0.03325068,0.01372966,0.00784039,0.00539583,0.00421472,0.00358683,0.00320963,0.00294227,0.00272104,0.00251945,0.00232797,0.0021442,0.0019684,0.00180151,0.00164444,0.00149778,0.00136179
Gram_error_fro,6.0,1,14,2,0.0,0.06628828,0.03372691,0.02265261,0.01704876,0.013422,0.01079558,0.00878996,0.00721572,0.00596002,0.00494757,0.0041247,0.00345158,0.00289795,0.00244042,0.00206072,0.00174441,0.00148001
Gram_error_fro,0.0,1,14,2,0.0,0.0,0.0,0.0,0.0,0.0,0.0,0.0,0.0,0.0,0.0,0.0,0.0,0.0,0.0,0.0,0.0,0.0
Gram_error_fro,2.0,1,14,2,0.0,0.02443842,0.01102912,0.00686597,0.00542263,0.00473046,0.00422224,0.00376113,0.00332462,0.00291538,0.00253869,0.00219769,0.0018931,0.00162391,0.00138802,0.00118271,0.00100504,0.00085202
Gram_error_fro,2.0,1,14,2,0.0,0.00879034,0.00293077,0.00081204,0.00116918,0.00169018,0.00191523,0.00194227,0.0018538,0.00170414,0.00152732,0.00134401,0.00116636,0.00100105,0.00085135,0.00071843,0.00060215,0.00050163
Gram_error_fro,2.0,1,14,2,0.0,0.01399162,0.00574641,0.00385179,0.00340676,0.00325391,0.00314019,0.00300982,0.00285504,0.00268101,0.00249548,0.00230552,0.00211672,0.00193314,0.00175758,0.0015918,0.00143683,0.00129313
Gram_error_fro,2.0,1,14,2,0.0,0.01423017,0.01106441,0.00864696,0.00691127,0.00558692,0.00454488,0.00371364,0.00304535,0.00250495,0.0020658,0.00170735,0.00141365,0.00117221,0.00097318,0.00080872,0.00067256,0.00055967
Gram_error_fro,2.0,1,14,2,0.0,0.02902768,0.01813116,0.01424901,0.01180658,0.00997607,0.0085163,0.00732021,0.00632567,0.00549007,0.00478201,0.00417761,0.00365842,0.00321001,0.00282096,0.00248211,0.00218604,0.00192667
Gram_error_fro,2.0,1,14,2,0.0,0.02613194,0.01230273,0.00977464,0.00880202,0.00804974,0.00735455,0.00669608,0.00607512,0.00549472,0.00495679,0.00446173,0.00400872,0.00359612,0.00322171,0.00288299,0.00257732,0.00230205
Gram_error_fro,4.0,1,14,2,0.0,0.02227641,0.00968065,0.00555015,0.00449697,0.00407372,0.00372371,0.00336969,0.00301455,0.00267019,0.00234581,0.00204687,0.00177589,0.00153336,0.00131846,0.00112958,0.0009647,0.00082158
Gram_error_fro,4.0,1,14,2,0.0,0.03232121,0.01555864,0.0105745,0.00797576,0.00616364,0.00482082,0.0038205,0.00308003,0.00253607,0.00213805,0.00184556,0.00162705,0.00145883,0.00132399,0.00121112,0.00111284,0.00102459
Gram_error_fro,0.0,1,14,2,0.0,0.0,0.0,0.0,0.0,0.0,0.0,0.0,0.0,0.0,0.0,0.0,0.0,0.0,0.0,0.0,0.0,0.0
Gram_error_fro,4.0,1,14,2,0.0,0.01402808,0.01346904,0.01092591,0.00884837,0.00725464,0.00600248,0.0049965,0.00417595,0.00349977,0.00293861,0.00247056,0.0020788,0.00175008,0.0014738,0.00124133,0.00104559,0.00088071
Gram_error_fro,6.0,1,14,2,0.0,0.08939387,0.0579553,0.04315034,0.03318306,0.02567112,0.01994148,0.01556384,0.01220733,0.00961984,0.00761286,0.0060466,0.00481738,0.00384785,0.00307989,0.00246941,0.00198268,0.00159367
Gram_error_fro,4.0,1,14,2,0.0,0.04195069,0.02797673,0.02215165,0.01839668,0.01547744,0.01307722,0.0110697,0.00938109,0.00795729,0.00675488,0.0057381,0.00487726,0.00414765,0.00352869,0.00300318,0.00255672,0.0021772
Gram_error_fro,4.0,1,14,2,0.0,0.00944248,0.0088932,0.00761853,0.00623453,0.00508459,0.00415872,0.00341274,0.00280827,0.00231552,0.00191167,0.00157927,0.00130478,0.0010776,0.0008893,0.00073312,0.00060355,0.0004961
Gram_error_fro,6.0,1,14,2,0.0,0.081159,0.04913378,0.03320437,0.02359631,0.01711965,0.01257659,0.00932777,0.00697343,0.00524865,0.00397317,0.00302213,0.00230791,0.00176818,0.00135813,0.0010452,0.00080549,0.00062129
Gram_error_fro,6.0,1,14,2,0.0,0.03307055,0.01367714,0.01024569,0.00826606,0.00674114,0.00552831,0.0045524,0.00376135,0.00311649,0.00258823,0.00215363,0.00179475,0.00149749,0.00125065,0.00104528,0.00087416,0.00073141
Gram_error_fro,0.0,1,14,4,0.0,0.0,0.0,0.0,0.0,0.0,0.0,0.0,0.0,0.0,0.0,0.0,0.0,0.0,0.0,0.0,0.0,0.0
Gram_error_fro,2.0,1,14,4,0.0,0.04179878,0.03711314,0.02935854,0.02316983,0.018443,0.01477623,0.01190421,0.00965066,0.00788447,0.00650185,0.00541918,0.00456908,0.00389767,0.00336242,0.00293023,0.00257585,0.00228032
Gram_error_fro,2.0,1,14,4,0.0,0.07497429,0.05232173,0.03348244,0.0227577,0.01650796,0.01254112,0.00982613,0.0078583,0.00636972,0.0052083,0.00428249,0.00353382,0.00292269,0.00242077,0.0020069,0.00166475,0.00138139
Gram_error_fro,2.0,1,14,4,0.0,0.04471051,0.05296502,0.05184268,0.04768537,0.04288952,0.03831338,0.03419657,0.03055646,0.02734518,0.02450481,0.02198338,0.01973764,0.01773208,0.01593731,0.01432865,0.01288507,0.01158847
Gram_error_fro,2.0,1,14,4,0.0,0.03822065,0.03332193,0.02825318,0.02372257,0.01985105,0.01660844,0.01390737,0.01165573,0.00977396,0.0081974,0.00687417,0.00576241,0.00482794,0.00404254,0.00338268,0.00282863,0.00236376
Gram_error_fro,2.0,1,14,4,0.0,0.09014987,0.06311862,0.03976009,0.02700704,0.02010548,0.01584365,0.01283614,0.01053834,0.00871311,0.00723484,0.00602436,0.00502614,0.00419889,0.00351089,0.00293723,0.00245804,0.00205726
Gram_error_fro,4.0,1,14,4,0.0,0.05721839,0.04869973,0.03693149,0.02793071,0.02150438,0.01685672,0.0134032,0.0107716,0.00872576,0.00711165,0.00582498,0.00479228,0.00395976,0.00328668,0.00274138,0.0022988,0.00193883
Gram_error_fro,4.0,1,14,4,0.0,0.05957566,0.04854757,0.03613322,0.02710414,0.02087759,0.01647819,0.01323628,0.0107559,0.008806,0.00724547,0.00598213,0.00495163,0.00410667,0.00341117,0.00283701,0.00236189,0.00196794
Gram_error_fro,4.0,1,14,4,0.0,0.0531369,0.06160891,0.05855572,0.05214484,0.04550793,0.03962241,0.03464159,0.03046327,0.02693925,0.02393807,0.02135613,0.01911436,0.01715241,0.01542378,0.01389212,0.01252863,0.01131017
Gram_error_fro,4.0,1,14,4,0.0,0.06718154,0.05356456,0.04057344,0.03121155,0.02451602,0.01956836,0.01579797,0.01285809,0.01052729,0.00865653,0.00714115,0.00590509,0.00489157,0.00405724,0.00336837,0.00279831,0.00232578
Gram_error_fro,4.0,1,14,4,0.0,0.02700791,0.03137634,0.02837569,0.02347355,0.01887551,0.01513155,0.01223792,0.0100457,0.00839333,0.00714239,0.00618324,0.00543261,0.00482946,0.00433046,0.00390579,0.00353547,0.00320631
Gram_error_fro,6.0,1,14,4,0.0,0.06282303,0.05384235,0.04284527,0.03419164,0.02765569,0.02263935,0.01868977,0.01550942,0.01290628,0.01075312,0.00896147,0.00746622,0.00621699,0.0051733,0.00430182,0.00357474,0.00296868
Gram_error_fro,6.0,1,14,4,0.0,0.09635273,0.07020356,0.0503167,0.03831514,0.03056561,0.02501026,0.02071592,0.01726015,0.01442844,0.01209132,0.01015754,0.00855622,0.00722961,0.00612981,0.00521695,0.00445788,0.00382512
Gram_error_fro,4.0,1,14,4,0.0,0.08331327,0.06771792,0.04911785,0.03595482,0.02711997,0.02108108,0.01679163,0.01361308,0.01116773,0.00923121,0.00766614,0.00638414,0.00532497,0.00444527,0.00371225,0.00310031,0.00258891
Gram_error_fro,4.0,1,14,4,0.0,0.08021578,0.06339317,0.04535949,0.03325139,0.02532586,0.01986996,0.01589424,0.0128683,0.01049793,0.00860701,0.00708091,0.00583967,0.00482464,0.00399131,0.00330511,0.00273879,0.0022706
Gram_error_fro,4.0,1,14,4,0.0,0.10816971,0.07914519,0.04994487,0.03209434,0.0219696,0.0161651,0.01267117,0.01040768,0.00881406,0.00760398,0.00663058,0.00581645,0.00511864,0.00451164,0.00397901,0.00350929,0.0030939
Gram_error_fro,0.0,1,14,4,0.0,0.0,0.0,0.0,0.0,0.0,0.0,0.0,0.0,0.0,0.0,0.0,0.0,0.0,0.0,0.0,0.0,0.0
Gram_error_fro,2.0,1,14,4,0.0,0.05000262,0.02961001,0.01677695,0.01064899,0.00821664,0.00729464,0.00679554,0.00636102,0.00591214,0.00544784,0.00498233,0.00452885,0.0040966,0.00369109,0.00331512,0.00296961,0.00265425
Gram_error_fro,2.0,1,14,4,0.0,0.03143495,0.02552183,0.01913755,0.01393911,0.01008751,0.00734015,0.00540546,0.00404081,0.00306761,0.00236206,0.00184091,0.00144888,0.00114915,0.00091688,0.00073492,0.00059117,0.00047684
Gram_error_fro,2.0,1,14,4,0.0,0.04221507,0.03630668,0.02888178,0.02254016,0.01755391,0.01372648,0.01079617,0.00854151,0.00679452,0.0054313,0.00436059,0.00351462,0.00284259,0.00230607,0.0018758,0.00152931,0.00124926
Gram_error_fro,2.0,1,14,4,0.0,0.03143495,0.02552183,0.01913755,0.01393911,0.01008751,0.00734015,0.00540546,0.00404081,0.00306761,0.00236206,0.00184091,0.00144888,0.00114915,0.00091688,0.00073492,0.00059117,0.00047684
Gram_error_fro,2.0,1,14,4,0.0,0.03214161,0.02123937,0.01449097,0.01046276,0.00787184,0.00609024,0.00480844,0.0038555,0.00312814,0.00256077,0.00211029,0.00174753,0.00145219,0.00120969,0.00100932,0.00084298,0.00070444
Gram_error_fro,4.0,1,14,4,0.0,0.06022741,0.03869195,0.02861688,0.022665,0.01839475,0.01511932,0.01253185,0.01045154,0.00875853,0.00736816,0.00621821,0.00526161,0.00446201,0.00379092,0.0032257,0.00274823,0.00234384
Gram_error_fro,4.0,1,14,4,0.0,0.05490692,0.03946601,0.0270717,0.01873627,0.01367793,0.01086399,0.00934852,0.00846059,0.0078299,0.00729044,0.00678018,0.00628171,0.00579436,0.0053225,0.00487099,0.00444367,0.00404303
Gram_error_fro,4.0,1,14,4,0.0,0.03852726,0.02867866,0.02146433,0.01573397,0.01136677,0.00816033,0.00585259,0.00421464,0.00306726,0.00227383,0.00173059,0.00135913,0.00110142,0.00091651,0.00077728,0.000667,0.00057585
Gram_error_fro,2.0,1,14,4,0.0,0.0788115,0.04859616,0.02832974,0.01706204,0.01077301,0.00713102,0.00492924,0.00354111,0.0026302,0.00200887,0.00156908,0.00124704,0.0010042,0.0008166,0.00066889,0.00055087,0.00045552
Gram_error_fro,2.0,1,14,4,0.0,0.03091374,0.02573408,0.01914238,0.01443684,0.01118206,0.00878629,0.00694159,0.00549724,0.00436259,0.00347099,0.00276959,0.00221632,0.00177824,0.0014299,0.00115179,0.00092894,0.00074986
Gram_error_fro,6.0,1,14,4,0.0,0.09411183,0.08174528,0.06938884,0.05956462,0.05144952,0.04460028,0.03875787,0.033746,0.02943206,0.02571002,0.02249221,0.01970506,0.0172864,0.01518361,0.01335211,0.0117541,0.01035748
Gram_error_fro,6.0,1,14,4,0.0,0.07025192,0.04672493,0.03090212,0.02137638,0.01530553,0.01124342,0.00842707,0.00642012,0.00495787,0.00387308,0.00305664,0.00243526,0.00195825,0.00158957,0.00130298,0.00107894,0.0009027
Gram_error_fro,4.0,1,14,4,0.0,0.07430181,0.0558838,0.0399885,0.02893223,0.0212287,0.01576267,0.01182478,0.00895244,0.00683448,0.00525727,0.00407211,0.00317422,0.00248891,0.00196235,0.00155533,0.00123896,0.00099181
Gram_error_fro,4.0,1,14,4,0.0,0.09238596,0.07384001,0.05808487,0.04710557,0.03899964,0.03271342,0.02767961,0.02356244,0.02014574,0.01728089,0.0148604,0.01280351,0.01104778,0.00954389,0.00825215,0.00714022,0.00618143
Gram_error_fro,4.0,1,14,4,0.0,0.08503874,0.06119985,0.04247807,0.02996985,0.02148565,0.01559385,0.01142198,0.00842418,0.00624638,0.00465123,0.00347543,0.00260437,0.00195643,0.00147283,0.00111086,0.00083927,0.00063507
Gram_error_fro,0.0,1,14,5,0.0,0.0,0.0,0.0,0.0,0.0,0.0,0.0,0.0,0.0,0.0,0.0,0.0,0.0,0.0,0.0,0.0,0.0
Gram_error_fro,2.0,1,14,5,0.0,0.06467368,0.04606481,0.03018849,0.01995582,0.01365644,0.00977418,0.00731738,0.00569316,0.00456315,0.00373778,0.00310988,0.00261684,0.00222039,0.00189589,0.00162671,0.00140112,0.00121054
Gram_error_fro,2.0,1,14,5,0.0,0.05281557,0.0355309,0.02414059,0.01822872,0.01489622,0.01272367,0.01110752,0.00979275,0.0086682,0.00768219,0.00680797,0.00602951,0.00533555,0.00471721,0.00416682,0.00367759,0.00324332
Gram_error_fro,2.0,1,14,5,0.0,0.0477008,0.05362148,0.05027756,0.04425849,0.03790443,0.03206064,0.02698509,0.02269618,0.0191195,0.01615257,0.01369298,0.01164953,0.00994541,0.00851781,0.00731611,0.00629983,0.00543661
Gram_error_fro,2.0,1,14,5,0.0,0.04416204,0.02782402,0.01896181,0.01463622,0.01196714,0.01002646,0.00849932,0.00724986,0.00620794,0.00533162,0.00459192,0.00396646,0.00343684,0.00298753,0.00260538,0.00227932,0.00200009
Gram_error_fro,2.0,1,14,5,0.0,0.06271884,0.05383961,0.04495599,0.03742018,0.03103791,0.02569008,0.0212641,0.01763756,0.0146851,0.0122878,0.0103396,0.0087503,0.00744595,0.0063675,0.00546867,0.0047136,0.00407463
Gram_error_fro,2.0,1,14,5,0.0,0.0160843,0.01223928,0.00925685,0.00740602,0.0062233,0.00538193,0.00471346,0.00414408,0.00364396,0.00320057,0.00280731,0.00245944,0.00215269,0.00188299,0.00164646,0.00143941,0.00125843
Gram_error_fro,4.0,1,14,5,0.0,0.05755136,0.04885852,0.03790568,0.02962875,0.02370563,0.01939695,0.01615282,0.0136214,0.0115855,0.00991024,0.00850921,0.00732453,0.00631537,0.00545149,0.00470953,0.00407085,0.00352025
Gram_error_fro,4.0,1,14,5,0.0,0.04307537,0.04007448,0.03415587,0.02855532,0.02402737,0.02045311,0.01757267,0.0151852,0.01316337,0.0114286,0.0099296,0.00862978,0.00750084,0.00651965,0.00566665,0.00492506,0.00428036
Gram_error_fro,4.0,1,14,5,0.0,0.04924595,0.04433488,0.03573721,0.02799574,0.02168675,0.01672477,0.01288278,0.00992892,0.00766479,0.00593116,0.00460366,0.00358641,0.00280585,0.00220583,0.00174349,0.0013862,0.00110912
Gram_error_fro,2.0,1,14,5,0.0,0.06885563,0.06512824,0.05645562,0.04770827,0.03991535,0.0332846,0.02776192,0.02320978,0.01947354,0.01640776,0.01388605,0.01180317,0.0100738,0.00862982,0.00741726,0.00639347,0.00552473
Gram_error_fro,4.0,1,14,5,0.0,0.07689123,0.05155092,0.03452641,0.02437744,0.01807736,0.01399622,0.01123683,0.00928291,0.00783328,0.00671126,0.00581185,0.00507105,0.00444839,0.00391722,0.00345917,0.00306105,0.002713
Gram_error_fro,4.0,1,14,5,0.0,0.09453684,0.07102945,0.05071704,0.03711167,0.02829143,0.02249378,0.01852881,0.01567011,0.0134965,0.01176822,0.01034725,0.00915129,0.00812866,0.00724487,0.00647546,0.00580217,0.00521074
Gram_error_fro,4.0,1,14,5,0.0,0.07014694,0.05859118,0.04744363,0.03849432,0.03137652,0.0256952,0.02114183,0.01748391,0.01454055,0.01216652,0.01024404,0.00867818,0.00739343,0.0063306,0.00544385,0.0046979,0.00406568
Gram_error_fro,4.0,1,14,5,0.0,0.04227388,0.03367258,0.02514764,0.01995596,0.01691407,0.01486929,0.01326268,0.0118789,0.0106406,0.00951884,0.00850064,0.007578,0.0067443,0.00599326,0.00531862,0.00471422,0.004174
Gram_error_fro,2.0,1,14,5,0.0,0.05842746,0.05216692,0.04378987,0.03638607,0.0301203,0.02488932,0.02056701,0.01702592,0.0141419,0.01179953,0.00989639,0.0083453,0.00707447,0.00602627,0.00515528,0.00442612,0.00381138
Gram_error_fro,0.0,1,14,2,0.0,0.0,0.0,0.0,0.0,0.0,0.0,0.0,0.0,0.0,0.0,0.0,0.0,0.0,0.0,0.0,0.0,0.0
Gram_error_fro,2.0,1,14,2,0.0,0.02359704,0.0100318,0.00481867,0.0022356,0.00133509,0.00185456,0.00252095,0.00301197,0.0033287,0.00350748,0.00358293,0.00358291,0.00352874,0.00343644,0.00331793,0.00318207,0.00303543
Gram_error_fro,0.0,1,14,2,0.0,0.0,0.0,0.0,0.0,0.0,0.0,0.0,0.0,0.0,0.0,0.0,0.0,0.0,0.0,0.0,0.0,0.0
Gram_error_fro,2.0,1,14,2,0.0,0.01766472,0.00903168,0.00416535,0.00181554,0.0016816,0.00224051,0.00260414,0.00275078,0.00274891,0.00265503,0.00250786,0.00233272,0.00214586,0.00195757,0.00177424,0.00159976,0.00143629
Gram_error_fro,2.0,1,14,2,0.0,0.0254523,0.01487634,0.01073164,0.00884598,0.00786323,0.0072349,0.00671771,0.00622643,0.00574199,0.00526656,0.00480667,0.00436797,0.00395428,0.00356775,0.00320929,0.00287894,0.00257613
Gram_error_fro,2.0,1,14,2,0.0,0.05377451,0.03526968,0.02668228,0.02140162,0.01752153,0.01447229,0.01201983,0.01002825,0.00840088,0.00706376,0.00595924,0.00504218,0.00427711,0.00363608,0.0030969,0.00264186,0.00225672
Gram_error_fro,2.0,1,14,2,0.0,0.05031374,0.02439083,0.01646927,0.01243173,0.0096313,0.0074932,0.00582101,0.00450683,0.00347334,0.00266056,0.00202155,0.00151982,0.00112732,0.00082281,0.0005909,0.00042153,0.00030968
Gram_error_fro,4.0,1,14,2,0.0,0.05418105,0.0270506,0.01890714,0.01489934,0.01216115,0.01005186,0.00835663,0.00697218,0.00583367,0.00489375,0.00411547,0.00346926,0.00293126,0.00248217,0.00210631,0.00179094,0.00152568
Gram_error_fro,4.0,1,14,2,0.0,0.01419224,0.00629565,0.00479962,0.00462155,0.00452629,0.00433561,0.00406965,0.00376412,0.00344538,0.00313026,0.00282877,0.00254637,0.00228564,0.00204733,0.00183108,0.00163586,0.00146028
Gram_error_fro,2.0,1,14,2,0.0,0.02245783,0.01286713,0.00952229,0.00756914,0.00613495,0.00502268,0.00414335,0.00343971,0.00287097,0.0024072,0.00202613,0.00171095,0.00144881,0.00122976,0.00104599,0.00089128,0.00076067
Gram_error_fro,2.0,1,14,2,0.0,0.08727642,0.07803627,0.06496357,0.05347512,0.04392601,0.03614682,0.02985307,0.02476205,0.02063113,0.01726378,0.01450458,0.01223166,0.01034963,0.0087836,0.00747459,0.00637584,0.00545006
Gram_error_fro,4.0,1,14,2,0.0,0.07159843,0.04482542,0.0337444,0.02715422,0.02239079,0.01868706,0.01571538,0.01329213,0.01129594,0.009639,0.00825487,0.00709208,0.00611029,0.00527753,0.00456829,0.00396206,0.0034422
Gram_error_fro,4.0,1,14,2,0.0,0.07644977,0.06908319,0.05768947,0.04736419,0.03869357,0.03161765,0.02590512,0.0213042,0.01759227,0.01458655,0.01214151,0.0101428,0.00850091,0.00714577,0.00602237,0.00508731,0.00430614
Gram_error_fro,4.0,1,14,2,0.0,0.07279526,0.04958345,0.0375174,0.02989735,0.02439298,0.02014784,0.01677319,0.01404832,0.01182595,0.00999913,0.00848716,0.00722809,0.00617385,0.00528675,0.00453707,0.0039011,0.00335979
Gram_error_fro,4.0,1,14,2,0.0,0.07699269,0.06927925,0.05805882,0.0479313,0.03940172,0.03242072,0.02677094,0.02220836,0.01851515,0.01551231,0.0130576,0.01103951,0.00937093,0.00798373,0.00682445,0.00585093,0.00502974
Gram_error_fro,4.0,1,14,2,0.0,0.04411426,0.03625902,0.03167103,0.02763187,0.02394208,0.02065503,0.01777948,0.01529051,0.01314852,0.01131019,0.00973401,0.00838257,0.00722322,0.00622793,0.00537277,0.00463743,0.00400465
Gram_error_fro,0.0,1,14,1,0.0,0.0,0.0,0.0,0.0,0.0,0.0,0.0,0.0,0.0,0.0,0.0,0.0,0.0,0.0,0.0,0.0,0.0
Gram_error_fro,2.0,1,14,1,0.0,0.0133716,0.00500589,0.00320185,0.00259785,0.00226536,0.00203242,0.00185709,0.00172231,0.00161689,0.00153225,0.00146182,0.00140074,0.00134557,0.00129395,0.00124433,0.00119574,0.00114764
Gram_error_fro,0.0,1,14,1,0.0,0.0,0.0,0.0,0.0,0.0,0.0,0.0,0.0,0.0,0.0,0.0,0.0,0.0,0.0,0.0,0.0,0.0
Gram_error_fro,2.0,1,14,1,0.0,0.0133716,0.00500589,0.00320185,0.00259785,0.00226536,0.00203242,0.00185709,0.00172231,0.00161689,0.00153225,0.00146182,0.00140074,0.00134557,0.00129395,0.00124433,0.00119574,0.00114764
Gram_error_fro,2.0,1,14,1,0.0,0.00147259,0.00050865,5.692e-05,3.075e-05,0.00016841,0.00033801,0.00048612,0.00059755,0.00067261,0.00071674,0.00073635,0.00073734,0.00072464,0.0007022,0.00067311,0.00063975,0.0006039
Gram_error_fro,2.0,1,14,1,0.0,0.01273384,0.00457392,0.00310703,0.00265786,0.00236428,0.00210089,0.00185545,0.00163023,0.00142696,0.00124567,0.00108533,0.00094434,0.00082092,0.00071321,0.00061941,0.00053788,0.00046707
Gram_error_fro,2.0,1,14,1,0.0,0.01550894,0.00573931,0.00338826,0.00234498,0.00161733,0.00104501,0.0005917,0.00023876,2.992e-05,0.00022917,0.00037224,0.00047063,0.00053399,0.00057033,0.00058613,0.0005866,0.00057587
Gram_error_fro,2.0,1,14,1,0.0,0.01732521,0.00704882,0.00475387,0.00391051,0.0033806,0.00296471,0.00262005,0.00233089,0.00208672,0.001879,0.00170078,0.00154648,0.00141167,0.00129285,0.00118726,0.0010927,0.00100744
Gram_error_fro,4.0,1,14,1,0.0,0.00517007,0.00233734,0.00142064,0.00129192,0.00141588,0.00158391,0.00171936,0.00180184,0.00183301,0.00182177,0.00177833,0.00171194,0.00163025,0.00153925,0.0014435,0.00134635,0.00125018
Gram_error_fro,4.0,1,14,1,0.0,0.00147259,0.00050865,0.00017246,0.00011878,0.0001702,0.00025276,0.00033381,0.00040022,0.00044825,0.00047844,0.00049316,0.00049528,0.00048766,0.00047279,0.00045281,0.00042942,0.00040398
Gram_error_fro,4.0,1,14,1,0.0,0.04562815,0.02783548,0.0214743,0.01798952,0.01544731,0.01336065,0.01157517,0.01002825,0.00868469,0.00751834,0.00650694,0.00563079,0.00487238,0.00421616,0.0036485,0.00315745,0.00273263
Gram_error_fro,4.0,1,14,1,0.0,0.03643487,0.03443672,0.0305664,0.02700906,0.02385185,0.02106415,0.01860895,0.01645094,0.01455676,0.01289524,0.0114378,0.01015866,0.00903494,0.00804652,0.00717583,0.00640764,0.00572873
Gram_error_fro,4.0,1,14,1,0.0,0.06926499,0.04317229,0.03348228,0.02790477,0.023787,0.02044435,0.01762934,0.0152247,0.01315938,0.01138178,0.00985044,0.0085305,0.0073922,0.00640997,0.00556185,0.00482899,0.00419523
Gram_error_fro,2.0,1,14,1,0.0,0.01764881,0.00673064,0.00258752,0.00051572,0.00070213,0.00146536,0.00195373,0.00226048,0.00244,0.00252767,0.00254843,0.00252069,0.00245832,0.00237186,0.00226934,0.00215682,0.00203887
Gram_error_fro,6.0,1,14,1,0.0,0.05591711,0.04302846,0.03320478,0.0260061,0.02042684,0.01605094,0.01261423,0.00991295,0.00778676,0.00611044,0.00478659,0.00373948,0.00291019,0.00225274,0.0017312,0.0013174,0.00098923
Gram_error_fro,4.0,1,14,1,0.0,0.07127283,0.05051445,0.03949575,0.03167504,0.02541836,0.02034925,0.01627032,0.01300879,0.01040919,0.00833863,0.00668795,0.00536957,0.00431412,0.00346706,0.00278556,0.00223598,0.00179189
Gram_error_fro,0.0,1,14,1,0.0,0.0,0.0,0.0,0.0,0.0,0.0,0.0,0.0,0.0,0.0,0.0,0.0,0.0,0.0,0.0,0.0,0.0
Gram_error_fro,2.0,1,14,1,0.0,0.0,0.0,0.00020724,0.00042294,0.00056589,0.00064387,0.00067737,0.0006825,0.00066978,0.00064584,0.00061499,0.00058013,0.00054326,0.00050576,0.0004686,0.00043244,0.00039772
Gram_error_fro,2.0,1,14,1,0.0,0.00849317,0.00248371,0.00152477,0.00126152,0.00113193,0.00103969,0.00096237,0.0008933,0.00082999,0.00077124,0.0007164,0.00066502,0.00061683,0.00057161,0.00052918,0.0004894,0.00045215
Gram_error_fro,2.0,1,14,1,0.0,0.0,0.0,0.00037042,0.00065904,0.00083156,0.00091642,0.0009438,0.00093533,0.00090496,0.00086152,0.00081073,0.00075637,0.00070096,0.00064618,0.00059313,0.00054252,0.00049476
Gram_error_fro,2.0,1,14,1,0.0,0.01035289,0.00272497,0.00138323,0.00086973,0.00057362,0.00037202,0.00022328,0.00010919,2.046e-05,4.85e-05,0.00010156,0.00014171,0.00017132,0.00019235,0.00020642,0.00021487,0.00021882
Gram_error_fro,0.0,1,14,1,0.0,0.0,0.0,0.0,0.0,0.0,0.0,0.0,0.0,0.0,0.0,0.0,0.0,0.0,0.0,0.0,0.0,0.0
Gram_error_fro,4.0,1,14,1,0.0,0.00810736,0.00229235,0.00093328,0.00087685,0.0010323,0.00114848,0.00119417,0.00118627,0.00114505,0.00108522,0.00101617,0.0009436,0.00087093,0.00080018,0.00073253,0.00066863,0.00060881
Gram_error_fro,4.0,1,14,1,0.0,0.09607001,0.06757763,0.05312618,0.04303491,0.03514788,0.02884477,0.0237809,0.01969521,0.01638229,0.01368191,0.01146952,0.00964811,0.00814174,0.00689061,0.00584732,0.00497413,0.00424077
Gram_error_fro,4.0,1,14,1,0.0,0.0038127,0.00134561,0.00200425,0.00230691,0.00241943,0.00245993,0.00246595,0.00244832,0.00241157,0.00235916,0.00229432,0.00221997,0.00213866,0.00205252,0.00196334,0.00187257,0.00178136
Gram_error_fro,4.0,1,14,1,0.0,0.02396558,0.01998714,0.01898751,0.01753906,0.01587116,0.01420311,0.01263398,0.01119945,0.0099073,0.0087534,0.00772853,0.0068215,0.00602062,0.00531451,0.00469248,0.00414474,0.00366244
Gram_error_fro,4.0,1,14,1,0.0,0.06387755,0.05370749,0.04603556,0.03926327,0.03334779,0.02828234,0.02399183,0.02037466,0.01732954,0.01476549,0.0126042,0.01077948,0.00923598,0.00792762,0.00681616,0.00586988,0.0050625
Gram_error_fro,4.0,1,14,1,0.0,0.00165234,0.00037813,0.00121392,0.00180797,0.0019875,0.0020041,0.00195262,0.0018696,0.00177086,0.00166457,0.00155559,0.00144709,0.00134117,0.00123921,0.00114209,0.00105032,0.00096415
Gram_error_fro,4.0,1,14,1,0.0,0.09607001,0.06757763,0.05360403,0.04416584,0.03681736,0.03088277,0.0260324,0.02203996,0.01873472,0.01598446,0.01368535,0.01175502,0.01012762,0.0087502,0.00757996,0.00658217,0.00572853
Gram_error_fro,4.0,1,14,1,0.0,0.03566752,0.01759418,0.01258163,0.01018694,0.00859844,0.00737645,0.0063726,0.00552409,0.00479801,0.00417317,0.0036338,0.00316725,0.00276302,0.00241228,0.00210754,0.00184246,0.0016116
Gram_error_fro,4.0,1,14,1,0.0,0.01377425,0.00427207,0.00339711,0.00290596,0.00240507,0.00195884,0.00159315,0.00130229,0.00107204,0.00088882,0.00074182,0.00062287,0.00052588,0.00044623,0.00038043,0.00032576,0.00028011
Gram_error_fro,4.0,1,14,1,0.0,0.05369347,0.03086605,0.02520715,0.02211948,0.01970209,0.01764035,0.01584506,0.01426879,0.01287725,0.01164344,0.01054544,0.00956519,0.00868757,0.00789983,0.00719111,0.00655212,0.00597487
Gram_error_fro,0.0,1,14,1,0.0,0.0,0.0,0.0,0.0,0.0,0.0,0.0,0.0,0.0,0.0,0.0,0.0,0.0,0.0,0.0,0.0,0.0
Gram_error_fro,2.0,1,14,1,0.0,0.04443311,0.03759889,0.03336215,0.02988261,0.02671626,0.02381699,0.02119031,0.01883411,0.01673519,0.01487373,0.01322721,0.01177276,0.01048854,0.00935437,0.00835203,0.00746532,0.00667993
Gram_error_fro,2.0,1,14,1,0.0,0.04919737,0.03927946,0.03333425,0.0288679,0.02516573,0.02203155,0.01936296,0.01708173,0.01512292,0.01343267,0.01196683,0.01068935,0.00957087,0.00858739,0.00771922,0.00695011,0.00626656
Gram_error_fro,0.0,1,14,1,0.0,0.0,0.0,0.0,0.0,0.0,0.0,0.0,0.0,0.0,0.0,0.0,0.0,0.0,0.0,0.0,0.0,0.0
Gram_error_fro,2.0,1,14,1,0.0,0.03689342,0.02496802,0.02031365,0.01737432,0.01503568,0.01305145,0.01134041,0.00985963,0.00857752,0.00746756,0.00650663,0.0056745,0.00495352,0.00432836,0.00378577,0.00331437,0.00290433
Gram_error_fro,2.0,1,14,1,0.0,0.01834325,0.0072144,0.00471223,0.00387969,0.00341079,0.00304509,0.00272542,0.00243842,0.00218008,0.00194812,0.00174045,0.00155495,0.00138952,0.00124211,0.00111082,0.00099387,0.00088968
Gram_error_fro,2.0,1,14,1,0.0,0.01233702,0.00431113,0.00302805,0.00277872,0.00264885,0.00249943,0.00232549,0.00214027,0.00195472,0.00177568,0.00160693,0.00145028,0.00130637,0.00117511,0.001056,0.0009483,0.00085118
Gram_error_fro,4.0,1,14,1,0.0,0.03359206,0.03249923,0.0276827,0.02280685,0.01849,0.0148606,0.01188799,0.00948844,0.00756703,0.00603474,0.00481455,0.00384275,0.00306787,0.00244896,0.00195366,0.00155652,0.00123752
Gram_error_fro,4.0,1,14,1,0.0,0.03056548,0.03137742,0.02790225,0.02465789,0.02192967,0.01962772,0.01765477,0.01594069,0.01443612,0.013105,0.01191997,0.01085959,0.00990674,0.00904749,0.00827033,0.00756563,0.00692529
Gram_error_fro,4.0,1,14,1,0.0,0.03819098,0.03405822,0.02687324,0.02158118,0.01762669,0.01459092,0.01221355,0.01032292,0.00880033,0.00756062,0.0065411,0.00569476,0.00498592,0.0043872,0.00387748,0.00344029,0.00306273
Gram_error_fro,4.0,1,14,1,0.0,0.00084514,0.00118196,0.00149824,0.00181672,0.00211871,0.00238784,0.00261242,0.00278668,0.00291012,0.00298585,0.00301902,0.00301564,0.00298181,0.0029233,0.00284532,0.00275244,0.00264857
Gram_error_fro,4.0,1,14,1,0.0,0.03516393,0.02455353,0.0203326,0.01758195,0.01535081,0.01343937,0.0117795,0.01033218,0.00906813,0.00796322,0.0069969,0.00615141,0.0054113,0.00476311,0.00419509,0.00369699,0.00325991
Gram_error_fro,4.0,1,14,1,0.0,0.02396326,0.02079051,0.01777302,0.01532945,0.01326393,0.01148963,0.00995569,0.00862663,0.00747474,0.0064768,0.00561266,0.0048647,0.00421745,0.0036574,0.00317275,0.00275324,0.00239001
Gram_error_fro,6.0,1,14,1,0.0,0.14160935,0.12042941,0.10425802,0.09050825,0.07844541,0.06796355,0.05894555,0.05122967,0.04464086,0.03901251,0.034196,0.03006332,0.02650625,0.02343428,0.02077203,0.01845685,0.01643665
Gram_error_fro,4.0,1,14,1,0.0,0.06491922,0.04777478,0.03990619,0.03473378,0.03056676,0.02698804,0.02385833,0.02110991,0.01869586,0.01657658,0.0147165,0.01308343,0.01164851,0.01038618,0.00927402,0.00829251,0.00742472
Gram_error_fro,4.0,1,14,1,0.0,0.03359206,0.03249923,0.02814319,0.02395253,0.02027065,0.01711638,0.0144435,0.01219189,0.01030149,0.00871701,0.00738951,0.00627676,0.0053429,0.00455783,0.00389647,0.00333805,0.00286538
Gram_error_fro,0.0,1,14,5,0.0,0.0,0.0,0.0,0.0,0.0,0.0,0.0,0.0,0.0,0.0,0.0,0.0,0.0,0.0,0.0,0.0,0.0
Gram_error_fro,2.0,1,14,5,0.0,0.07823984,0.06536536,0.04904712,0.03733128,0.02930373,0.02362865,0.01944423,0.01623992,0.01370888,0.01166031,0.00997108,0.00855862,0.0073654,0.0063498,0.00548071,0.0047341,0.00409095
Gram_error_fro,0.0,1,14,5,0.0,0.0,0.0,0.0,0.0,0.0,0.0,0.0,0.0,0.0,0.0,0.0,0.0,0.0,0.0,0.0,0.0,0.0
Gram_error_fro,2.0,1,14,5,0.0,0.05528205,0.05231053,0.04543739,0.03853482,0.03248091,0.02740995,0.02323443,0.01980974,0.01699218,0.01465796,0.01270709,0.0110614,0.0096608,0.00845934,0.00742179,0.0065209,0.00573529
Gram_error_fro,2.0,1,14,5,0.0,0.04413483,0.03304487,0.02376319,0.01698692,0.01239433,0.00936881,0.00734181,0.00591627,0.00485471,0.0040256,0.00335683,0.00280693,0.00234994,0.00196805,0.00164805,0.00137957,0.00115425
Gram_error_fro,2.0,1,14,5,0.0,0.04608823,0.03911107,0.02905701,0.0216327,0.01653341,0.01292133,0.01023065,0.00814852,0.00650389,0.00519423,0.00414958,0.00331718,0.00265499,0.00212895,0.00171133,0.00137978,0.00111633
Gram_error_fro,4.0,1,14,5,0.0,0.08130027,0.06578796,0.05012389,0.03970624,0.03286035,0.0280393,0.02436421,0.02138193,0.01886044,0.01667655,0.01476002,0.01306677,0.01156599,0.01023412,0.00905181,0.00800251,0.00707171
Gram_error_fro,4.0,2,14,5,0.0,0.05936167,0.04900526,0.03618678,0.02703632,0.02162061,0.01888501,0.01776305,0.01748124,0.01758289,0.01783236,0.0181179,0.0183904,0.01863097,0.01883481,0.01900343,0.0191408,0.01925157
Gram_error_fro,4.0,1,14,5,0.0,0.05659466,0.04893502,0.03707417,0.02777743,0.02114657,0.01640188,0.01291497,0.01028084,0.00824673,0.00665062,0.00538387,0.00437034,0.00355466,0.0028954,0.00236086,0.00192644,0.00157276
Gram_error_fro,4.0,1,14,5,0.0,0.09511264,0.07290652,0.05316795,0.03982183,0.03053238,0.02378408,0.01874354,0.01491062,0.01195741,0.00965715,0.00784823,0.00641335,0.0052662,0.00434253,0.00359403,0.002984,0.00248428
Gram_error_fro,4.0,1,14,5,0.0,0.09171669,0.07478465,0.05875122,0.0472597,0.03868127,0.03201067,0.02671507,0.02246609,0.01903049,0.01623117,0.01393113,0.01202446,0.01042955,0.00908378,0.00793903,0.00695822,0.00611261
Gram_error_fro,6.0,1,14,5,0.0,0.09920347,0.07910815,0.0597586,0.04631461,0.03679331,0.02970836,0.02426443,0.02000597,0.01663661,0.01394561,0.01177649,0.01001123,0.00856046,0.00735653,0.00634821,0.00549663,0.00477211
Gram_error_fro,4.0,1,14,5,0.0,0.08540302,0.07895484,0.06941467,0.05948805,0.05057721,0.04304049,0.03680454,0.03166919,0.02742397,0.02388664,0.02091111,0.01838428,0.01621972,0.01435139,0.01272838,0.01131097,0.01006768
Gram_error_fro,6.0,1,14,5,0.0,0.07317025,0.06409667,0.05490268,0.0476424,0.04172797,0.03689839,0.03292772,0.0295998,0.0267417,0.02423228,0.02199261,0.01997247,0.0181393,0.01647081,0.01495044,0.01356492,0.01230288
Gram_error_fro,2.0,1,14,5,0.0,0.08027159,0.06146535,0.04334142,0.03043414,0.02174161,0.01590806,0.01190856,0.00907817,0.00701056,0.00546015,0.00427518,0.00335783,0.00264188,0.00208038,0.00163878,0.00129097,0.00101684
Gram_error_fro,4.0,1,14,5,0.0,0.07047374,0.05974298,0.05054192,0.04311403,0.03650473,0.03070726,0.02577317,0.02165798,0.01825955,0.01546061,0.01315122,0.01123729,0.00964189,0.00830363,0.00717403,0.00621495,0.00539632
Gram_error_fro,0.0,1,14,6,0.0,0.0,0.0,0.0,0.0,0.0,0.0,0.0,0.0,0.0,0.0,0.0,0.0,0.0,0.0,0.0,0.0,0.0
Gram_error_fro,2.0,1,14,6,0.0,0.04090196,0.03394285,0.02668618,0.02056273,0.01566599,0.01186026,0.00896017,0.00678107,0.00515855,0.00395593,0.00306484,0.00240233,0.0019064,0.00153162,0.00124507,0.00102312,0.00084889
Gram_error_fro,2.0,1,14,6,0.0,0.04406809,0.03901288,0.03257003,0.02649393,0.02122932,0.01690232,0.01345989,0.01077185,0.00869023,0.0070785,0.00582297,0.00483464,0.00404653,0.00340951,0.00288794,0.00245605,0.00209504
Gram_error_fro,2.0,1,14,6,0.0,0.04946916,0.04088648,0.0303611,0.02186197,0.01557415,0.01108563,0.00793946,0.00575489,0.00424379,0.00319786,0.00247007,0.00195802,0.00159117,0.00132163,0.00111743,0.00095759,0.00082858
Gram_error_fro,2.0,1,14,6,0.0,0.00884827,0.01162629,0.01288229,0.01174965,0.00977264,0.00777507,0.00606004,0.00468919,0.00363088,0.0028268,0.00221875,0.0017577,0.00140547,0.00113354,0.00092112,0.00075322,0.00061907
Gram_error_fro,2.0,1,14,6,0.0,0.08348932,0.06992545,0.05317679,0.04057482,0.03135689,0.02448448,0.01926574,0.01525451,0.01214879,0.00973327,0.00784836,0.00637291,0.00521378,0.00429899,0.00357286,0.00299244,0.00252474
Gram_error_fro,2.0,1,14,6,0.0,0.0479368,0.05360151,0.05023176,0.04389538,0.03699283,0.0305574,0.02497591,0.02032173,0.01652707,0.01347172,0.01102648,0.00907261,0.00750886,0.00625242,0.00523733,0.0044119,0.00373593
Gram_error_fro,2.0,1,14,6,0.0,0.05992087,0.0479635,0.03657405,0.02796499,0.0214548,0.01652988,0.01281562,0.01001996,0.00791287,0.00631604,0.0050945,0.00414846,0.00340555,0.00281397,0.00233683,0.00194778,0.00162775
Gram_error_fro,4.0,1,14,6,0.0,0.08748756,0.06972473,0.05077494,0.03718685,0.0278274,0.02130347,0.01663764,0.0132083,0.01062619,0.00864291,0.00709469,0.00586969,0.00488918,0.00409638,0.00344955,0.00291753,0.00247678
Gram_error_fro,2.0,1,14,6,0.0,0.09222258,0.07507037,0.05503913,0.04046946,0.0303775,0.02326801,0.01812217,0.01430825,0.01142807,0.00921989,0.00750468,0.00615645,0.00508486,0.00422431,0.00352669,0.00295637,0.00248668
Gram_error_fro,4.0,1,14,6,0.0,0.06926669,0.0638974,0.05447791,0.04529356,0.03713914,0.03021362,0.02448903,0.01983867,0.01610201,0.01311815,0.01074155,0.00884791,0.00733493,0.00612043,0.00513955,0.00434172,0.00368781
Gram_error_fro,4.0,1,14,6,0.0,0.0964699,0.07104115,0.04947312,0.03589522,0.02756168,0.02222815,0.01855645,0.01583096,0.01368306,0.01191986,0.01043461,0.00916333,0.00806418,0.00710761,0.00627143,0.00553817,0.00489368
Gram_error_fro,4.0,1,14,6,0.0,0.0701913,0.06070922,0.04958733,0.04044,0.03309399,0.02723654,0.02257717,0.01886085,0.01587689,0.01345916,0.01148046,0.00984473,0.00847976,0.00733109,0.0063573,0.00552657,0.00481414
Gram_error_fro,4.0,1,14,6,0.0,0.06490653,0.04539746,0.03076909,0.02121533,0.01496136,0.01080381,0.00798269,0.00602487,0.00463539,0.00362778,0.00288186,0.00231859,0.00188515,0.00154575,0.00127583,0.00105831,0.0008811
Gram_error_fro,2.0,1,14,6,0.0,0.09791817,0.0872945,0.06999433,0.05504734,0.04316232,0.0339112,0.02674961,0.02120697,0.01690994,0.01356952,0.01096354,0.00892152,0.00731286,0.00603769,0.00501976,0.00420096,0.00353708
Gram_error_fro,4.0,1,14,6,0.0,0.06535137,0.04692612,0.03327853,0.02425575,0.01787324,0.01322749,0.00982854,0.00734204,0.00552165,0.00418522,0.00319956,0.00246818,0.00192152,0.00150958,0.00119639,0.00095605,0.00076984
Gram_error_fro,0.0,1,14,2,0.0,0.0,0.0,0.0,0.0,0.0,0.0,0.0,0.0,0.0,0.0,0.0,0.0,0.0,0.0,0.0,0.0,0.0
Gram_error_fro,2.0,1,14,2,0.0,0.00448276,0.00127459,0.00088797,0.00083219,0.00080439,0.00076288,0.00070662,0.00064214,0.00057552,0.0005109,0.00045067,0.00039602,0.00034738,0.00030466,0.00026751,0.00023539,0.00020774
Gram_error_fro,2.0,1,14,2,0.0,0.03484068,0.0102128,0.00597364,0.0046212,0.00383672,0.0032433,0.00275499,0.00234332,0.00199369,0.00169598,0.00144228,0.00122602,0.00104171,0.00088467,0.00075094,0.00063712,0.00054029
Gram_error_fro,2.0,1,14,2,0.0,0.03504617,0.01865906,0.0118713,0.00831832,0.00610899,0.0046202,0.00357407,0.00281802,0.00225891,0.00183685,0.00151216,0.00125804,0.00105604,0.00089327,0.00076056,0.00065125,0.00056041
Gram_error_fro,2.0,1,14,2,0.0,0.02292422,0.01264136,0.00880894,0.00656997,0.00504785,0.00394328,0.00311329,0.00247667,0.00198172,0.00159312,0.00128569,0.00104098,0.00084518,0.00068786,0.00056098,0.00045832,0.00037502
Gram_error_fro,2.0,1,14,2,0.0,0.02292422,0.01264136,0.00880894,0.00656997,0.00504785,0.00394328,0.00311329,0.00247667,0.00198172,0.00159312,0.00128569,0.00104098,0.00084518,0.00068786,0.00056098,0.00045832,0.00037502
Gram_error_fro,4.0,1,14,2,0.0,0.05007754,0.02827959,0.02186964,0.01859322,0.01616956,0.01419338,0.01253289,0.01111488,0.00988958,0.008821,0.00788231,0.00705303,0.00631718,0.00566204,0.00507727,0.00455434,0.00408605
Gram_error_fro,4.0,1,14,2,0.0,0.02328683,0.01407923,0.00965441,0.00720695,0.00567232,0.00462556,0.00386569,0.00328721,0.00283077,0.00246075,0.00215445,0.00189668,0.00167684,0.0014873,0.00132242,0.00117797,0.00105067
Gram_error_fro,4.0,1,14,2,0.0,0.02458035,0.0138636,0.01018302,0.00787071,0.00619389,0.00492317,0.00393702,0.00316104,0.00254521,0.00205374,0.00165997,0.00134353,0.00108864,0.00088294,0.00071669,0.00058214,0.00047313
Gram_error_fro,4.0,1,14,2,0.0,0.09245471,0.05986945,0.04432413,0.03493867,0.02816736,0.02294201,0.0188067,0.01549499,0.01282263,0.01065286,0.00888133,0.00742746,0.00622858,0.00523564,0.00441003,0.00372114,0.00314456
Gram_error_fro,2.0,1,14,2,0.0,0.02534315,0.01338032,0.0103109,0.0086461,0.00743092,0.00646026,0.00565394,0.00496991,0.0043819,0.00387173,0.00342605,0.00303469,0.00268972,0.00238475,0.00211461,0.00187495,0.00166215
Gram_error_fro,6.0,1,14,2,0.0,0.04146374,0.02188599,0.01400562,0.0097853,0.00706448,0.00517418,0.00381978,0.00283532,0.00211437,0.00158424,0.00119358,0.00090541,0.00069272,0.00053561,0.00041927,0.00033272,0.00026778
Gram_error_fro,4.0,1,14,2,0.0,0.06563553,0.04529265,0.03735959,0.03278057,0.02937377,0.0265707,0.02416146,0.02204302,0.02015452,0.0184557,0.01691795,0.01551986,0.0142448,0.01307937,0.01201251,0.01103482,0.01013818
Gram_error_fro,4.0,1,14,2,0.0,0.06981951,0.04820718,0.03776932,0.03101216,0.02590839,0.02183996,0.01852275,0.01578399,0.01350305,0.01159024,0.00997671,0.00860867,0.00744358,0.00644746,0.00559294,0.00485775,0.00422365
Gram_error_fro,6.0,1,14,2,0.0,0.0331818,0.01912338,0.01258602,0.00883795,0.00639834,0.00472907,0.00355921,0.00272562,0.00212291,0.00168099,0.00135246,0.00110484,0.0009156,0.00076896,0.00065368,0.00056174,0.00048732
Gram_error_fro,4.0,1,14,2,0.0,0.0638313,0.03096138,0.02154752,0.01724962,0.01444971,0.01229557,0.01052915,0.00904607,0.00778883,0.00671785,0.00580265,0.00501862,0.00434551,0.00376652,0.00326765,0.00283715,0.00246515
Gram_error_fro,0.0,1,14,2,0.0,0.0,0.0,0.0,0.0,0.0,0.0,0.0,0.0,0.0,0.0,0.0,0.0,0.0,0.0,0.0,0.0,0.0
Gram_error_fro,2.0,1,14,2,0.0,0.02722679,0.01451974,0.00976434,0.00733769,0.00577331,0.00463614,0.0037612,0.00307012,0.00251699,0.00207075,0.0017087,0.00141362,0.00117219,0.000974,0.00081085,0.00067619,0.0005648
Gram_error_fro,2.0,1,14,2,0.0,0.00286762,0.00077782,0.00030313,0.0006876,0.00085282,0.00087395,0.00082267,0.0007422,0.00065606,0.00057608,0.00050743,0.00045139,0.00040712,0.00037258,0.00034538,0.00032328,0.00030442
Gram_error_fro,2.0,1,14,2,0.0,0.03576359,0.00925407,0.00439383,0.00322926,0.00262616,0.00218107,0.00182669,0.00153814,0.00130011,0.00110173,0.00093507,0.00079424,0.00067471,0.00057298,0.00048623,0.00041218,0.00034894
Gram_error_fro,2.0,1,14,2,0.0,0.02317767,0.00905737,0.00517035,0.00370254,0.00298519,0.00252978,0.00218226,0.00189144,0.00163847,0.00141551,0.00121865,0.00104539,0.00089369,0.00076162,0.0006473,0.00054889,0.00046459
Gram_error_fro,2.0,1,14,2,0.0,0.02431651,0.01796946,0.01343473,0.01030996,0.00803153,0.00631923,0.00500871,0.00399346,0.00320005,0.00257569,0.00208145,0.00168812,0.0013736,0.001121,0.00091732,0.00075252,0.00061873
Gram_error_fro,4.0,1,14,2,0.0,0.02921328,0.01467645,0.01042804,0.00821967,0.00674906,0.00565413,0.00479503,0.00410387,0.00354006,0.00307558,0.00268964,0.00236626,0.00209295,0.00185994,0.00165953,0.00148569,0.00133369
Gram_error_fro,4.0,1,14,2,0.0,0.03239513,0.02168076,0.0160837,0.01273792,0.01044486,0.00874737,0.00743055,0.00637803,0.00551939,0.00480811,0.00421156,0.00370597,0.00327359,0.00290093,0.00257756,0.00229534,0.0020478
Gram_error_fro,4.0,1,14,2,0.0,0.02995287,0.01571037,0.01122824,0.00904217,0.00756845,0.00641759,0.00546828,0.00467041,0.00399521,0.00342197,0.00293422,0.00251846,0.00216351,0.00186006,0.00160033,0.00137778,0.00118693
Gram_error_fro,2.0,1,14,2,0.0,0.01481598,0.01421394,0.01247068,0.01079346,0.00930157,0.00800341,0.00688524,0.00592603,0.00510398,0.00439909,0.00379398,0.00327382,0.00282611,0.00244029,0.00210745,0.00182009,0.00157183
Gram_error_fro,2.0,1,14,2,0.0,0.05019975,0.03427541,0.02501512,0.01917848,0.01510253,0.01212242,0.00988074,0.00815475,0.00679863,0.00571445,0.00483486,0.00411242,0.00351297,0.00301133,0.00258858,0.00223027,0.00192511
Gram_error_fro,4.0,2,14,2,0.0,0.05753905,0.03014824,0.02103371,0.0166238,0.01396701,0.01223119,0.01107426,0.01031092,0.0098217,0.0095228,0.00935395,0.00927196,0.0092464,0.00925617,0.00928692,0.00932904,0.00937624
Gram_error_fro,4.0,1,14,2,0.0,0.03317089,0.01660621,0.01156281,0.00919973,0.00766981,0.00650275,0.00554717,0.00474298,0.00405922,0.00347556,0.00297654,0.00254958,0.00218416,0.00187136,0.00160359,0.00137438,0.0011782
Gram_error_fro,2.0,1,14,2,0.0,0.00759913,0.00259784,0.00209347,0.0021011,0.00204833,0.00190424,0.00170951,0.00149909,0.00129375,0.00110406,0.0009345,0.00078629,0.00065889,0.00055087,0.00046042,0.00038557,0.00032435
Gram_error_fro,6.0,1,14,2,0.0,0.09510908,0.07418277,0.05886004,0.0478244,0.03940981,0.03286169,0.02770441,0.02359397,0.02027691,0.0175667,0.01532589,0.01345253,0.01187039,0.01052184,0.00936283,0.00835937,0.00748487
Gram_error_fro,4.0,1,14,2,0.0,0.06369246,0.03197932,0.02141314,0.0160892,0.01259589,0.0100401,0.00808689,0.00656594,0.00537038,0.00442511,0.00367438,0.00307575,0.00259639,0.00221075,0.00189877,0.0016447,0.00143616
Gram_error_fro,0.0,1,14,7,0.0,0.0,0.0,0.0,0.0,0.0,0.0,0.0,0.0,0.0,0.0,0.0,0.0,0.0,0.0,0.0,0.0,0.0
Gram_error_fro,2.0,1,14,7,0.0,0.04605012,0.03852684,0.03171414,0.0260523,0.02143387,0.0177227,0.01476027,0.012398,0.0105089,0.00898905,0.0077557,0.00674425,0.00590511,0.00520059,0.00460228,0.00408879,0.00364399
Gram_error_fro,2.0,1,14,7,0.0,0.04995529,0.04410033,0.0350371,0.02835293,0.02363003,0.02007398,0.01721774,0.01483184,0.01280323,0.01106849,0.00958416,0.00831513,0.00723078,0.00630395,0.00551071,0.00483037,0.00424522
Gram_error_fro,2.0,1,14,7,0.0,0.04757935,0.04004819,0.03368866,0.02881848,0.02484781,0.02144767,0.01848369,0.01590091,0.01366605,0.01174768,0.01011225,0.00872511,0.0075524,0.00656256,0.00572717,0.00502128,0.00442341
Gram_error_fro,2.0,1,14,7,0.0,0.06033855,0.05044451,0.03878692,0.03022291,0.0244452,0.02053106,0.01775485,0.01566182,0.01399174,0.01260029,0.01140671,0.01036394,0.00944268,0.00862319,0.00789102,0.00723486,0.00664541
Gram_error_fro,2.0,1,14,7,0.0,0.04905892,0.04657959,0.04116665,0.0358262,0.03084641,0.02636256,0.02244961,0.01911071,0.01630047,0.0139513,0.01199119,0.01035315,0.00897902,0.00782033,0.00683761,0.00599912,0.00527952
Gram_error_fro,4.0,1,14,7,0.0,0.06632445,0.05053622,0.03803452,0.02912666,0.02275551,0.0181247,0.01471659,0.01218488,0.01028285,0.00882953,0.00769314,0.00678031,0.00602677,0.00538927,0.00483903,0.00435681,0.00392958
Gram_error_fro,4.0,1,14,7,0.0,0.06474161,0.05836425,0.0503546,0.04487205,0.04092729,0.03765198,0.03468437,0.03191645,0.02933014,0.02692931,0.02471717,0.02269107,0.02084307,0.01916177,0.0176341,0.01624649,0.01498572
Gram_error_fro,4.0,1,14,7,0.0,0.09357092,0.08540486,0.07175521,0.05902385,0.04808912,0.03903176,0.03168613,0.02580731,0.02114091,0.01745295,0.01454115,0.0122372,0.01040471,0.00893551,0.00774531,0.00676942,0.00595881
Gram_error_fro,4.0,1,14,7,0.0,0.08929668,0.07746633,0.06124325,0.04837405,0.03859496,0.03107598,0.02521219,0.02059829,0.01695049,0.01405821,0.01175876,0.00992382,0.00845162,0.00726177,0.00629126,0.00549128,0.00482436
Gram_error_fro,2.0,1,14,7,0.0,0.09733426,0.08472012,0.06581916,0.05052616,0.03921263,0.03084978,0.02455105,0.01972457,0.01598384,0.0130647,0.01077626,0.00897472,0.0075492,0.00641353,0.00550079,0.00475941,0.00415
Gram_error_fro,4.0,1,14,7,0.0,0.10291772,0.08654894,0.06683315,0.05142891,0.03992468,0.03130515,0.02479145,0.01983486,0.01604208,0.01312406,0.01086495,0.00910238,0.007714,0.00660783,0.00571501,0.0049843,0.00437775
Gram_error_fro,2.0,1,14,7,0.0,0.06211976,0.05899281,0.05141131,0.04381166,0.03698197,0.03110018,0.02615472,0.02205694,0.01868894,0.01592895,0.01366458,0.01179863,0.01025059,0.00895564,0.00786266,0.00693182,0.0061323
Gram_error_fro,4.0,2,14,7,0.0,0.09467244,0.08394217,0.06800923,0.05521527,0.04552656,0.03835068,0.0332008,0.02965486,0.02732743,0.02587877,0.02503171,0.02457814,0.02437236,0.02431754,0.02435156,0.02443551,0.02454538
Gram_error_fro,2.0,1,14,7,0.0,0.04695112,0.03236099,0.021716,0.01554658,0.01194191,0.00965708,0.00805018,0.00682234,0.00583754,0.00502915,0.0043588,0.00379997,0.00333199,0.00293796,0.00260395,0.0023186,0.00207281
Gram_error_fro,4.0,1,14,7,0.0,0.07464253,0.0694898,0.05811993,0.04804739,0.03984099,0.0331752,0.02773664,0.02328954,0.01964956,0.01666617,0.01421477,0.01219257,0.01051569,0.00911648,0.00794093,0.00694623,0.00609863
Gram_error_fro,0.0,1,14,4,0.0,0.0,0.0,0.0,0.0,0.0,0.0,0.0,0.0,0.0,0.0,0.0,0.0,0.0,0.0,0.0,0.0,0.0
Gram_error_fro,2.0,1,14,4,0.0,0.0534478,0.04718998,0.03702389,0.02857364,0.02227558,0.01769243,0.0143487,0.01187569,0.01001111,0.00857373,0.00743962,0.00652413,0.0057693,0.00513508,0.00459354,0.00412489,0.00371487
Gram_error_fro,2.0,1,14,4,0.0,0.06950109,0.04675387,0.03144642,0.02233531,0.01654485,0.0126505,0.00992685,0.00796412,0.00651232,0.00541185,0.00455816,0.00388149,0.00333461,0.002885,0.00250987,0.00219297,0.00192249
Gram_error_fro,2.0,1,14,4,0.0,0.05250916,0.03630616,0.02665362,0.01991398,0.01507674,0.01156797,0.00899001,0.0070652,0.00560257,0.00447225,0.00358599,0.00288316,0.00232124,0.00186954,0.00150526,0.00121101,0.00097323
Gram_error_fro,2.0,1,14,4,0.0,0.01802291,0.01388811,0.01104063,0.00908442,0.00768464,0.00660513,0.00572295,0.00497748,0.00433678,0.00378162,0.00329871,0.00287787,0.00251076,0.00219034,0.00191058,0.00166629,0.00145295
Gram_error_fro,2.0,1,14,4,0.0,0.03894461,0.02882557,0.02242378,0.01850845,0.01577255,0.01366189,0.01194296,0.01050236,0.00927452,0.00821609,0.00729603,0.00649108,0.00578327,0.0051584,0.00460504,0.00411381,0.0036769
Gram_error_fro,2.0,1,14,4,0.0,0.06297356,0.04490968,0.03200019,0.02334203,0.01742248,0.01325301,0.01023346,0.00799877,0.00631938,0.00504412,0.00406874,0.00331839,0.00273773,0.00228511,0.00192896,0.00164535,0.00141633
Gram_error_fro,2.0,1,14,4,0.0,0.06499374,0.04084109,0.02825357,0.02050632,0.01524561,0.01155266,0.00891606,0.00700118,0.00558236,0.00450834,0.00367854,0.00302592,0.00250516,0.00208491,0.00174284,0.00146253,0.0012316
Gram_error_fro,4.0,1,14,4,0.0,0.07703393,0.05194705,0.03545272,0.02505792,0.0182567,0.01362881,0.01037612,0.00802717,0.00629107,0.00498268,0.00398111,0.00320521,0.0025989,0.00212215,0.00174555,0.00144692,0.00120921
Gram_error_fro,4.0,2,14,4,0.0,0.05707525,0.03740449,0.02722171,0.02133134,0.01777725,0.01573269,0.01467091,0.01421223,0.01409898,0.01417077,0.01433365,0.0145345,0.01474406,0.01494666,0.01513443,0.015304,0.01545449
Gram_error_fro,4.0,2,14,4,0.0,0.03835762,0.02705901,0.02311598,0.02151567,0.02070826,0.0201989,0.01981461,0.01949,0.01919946,0.01893302,0.01868692,0.01845973,0.01825073,0.01805933,0.01788483,0.01772637,0.01758301
Gram_error_fro,4.0,1,14,4,0.0,0.05941586,0.04173927,0.03118617,0.02434836,0.01960394,0.01620893,0.01370461,0.01178881,0.01026732,0.00901861,0.00796712,0.00706507,0.00628116,0.00559389,0.00498771,0.00445082,0.00397392
Gram_error_fro,4.0,2,14,4,0.0,0.04447632,0.03331648,0.02839486,0.02573419,0.02395812,0.02266895,0.02168954,0.02091703,0.02028866,0.01976568,0.0193234,0.01894525,0.0186195,0.01833742,0.01809227,0.01787865,0.01769217
Gram_error_fro,4.0,1,14,4,0.0,0.10879953,0.0801692,0.05749596,0.04166482,0.03056598,0.02268242,0.01700488,0.0128618,0.00980165,0.00751684,0.0057948,0.0044865,0.00348591,0.00271653,0.00212238,0.00166203,0.00130446
Gram_error_fro,4.0,1,14,4,0.0,0.08393611,0.06161756,0.04553268,0.03586538,0.0296338,0.02526541,0.02197502,0.01935209,0.01717277,0.01530993,0.01368776,0.01225827,0.01098904,0.00985672,0.00884347,0.00793504,0.00711966
Gram_error_fro,4.0,1,14,4,0.0,0.1207494,0.10635542,0.08801112,0.0733358,0.06178726,0.05251466,0.04493684,0.038667,0.03343237,0.02903017,0.02530452,0.02213328,0.0194196,0.01708606,0.01507029,0.01332178,0.01179932
Gram_error_fro,0.0,1,14,2,0.0,0.0,0.0,0.0,0.0,0.0,0.0,0.0,0.0,0.0,0.0,0.0,0.0,0.0,0.0,0.0,0.0,0.0
Gram_error_fro,2.0,1,14,2,0.0,0.04781044,0.0412799,0.03542289,0.03069083,0.02663778,0.02317361,0.02022196,0.0176999,0.0155334,0.01366185,0.01203685,0.0106197,0.00937926,0.00829015,0.00733149,0.00648595,0.00573897
Gram_error_fro,2.0,1,14,2,0.0,0.05620041,0.0455574,0.03548109,0.02740635,0.02081734,0.01554406,0.01139375,0.00815903,0.00565737,0.00374681,0.00233614,0.00141919,0.0011119,0.00130841,0.00163011,0.00191266,0.00212494
Gram_error_fro,2.0,1,14,2,0.0,0.01093942,0.0071436,0.00357328,0.00116198,0.00096,0.00206369,0.00289349,0.00347074,0.00385392,0.00408946,0.00421266,0.00425041,0.00422342,0.00414775,0.00403596,0.00389792,0.00374142
Gram_error_fro,2.0,1,14,2,0.0,0.0,0.0,0.00051417,0.00120358,0.00183782,0.00234371,0.00271857,0.00298076,0.00315127,0.00324856,0.00328783,0.00328137,0.0032391,0.00316908,0.0030779,0.0029709,0.00285249
Gram_error_fro,2.0,1,14,2,0.0,0.04952213,0.04185479,0.0353209,0.03015924,0.0257389,0.0219429,0.01870572,0.01595365,0.01361482,0.0116256,0.00993178,0.00848775,0.00725527,0.00620231,0.00530199,0.00453169,0.00387234
Gram_error_fro,4.0,1,14,2,0.0,0.1063674,0.05510324,0.0372353,0.031663,0.02795212,0.02466823,0.02172769,0.01912562,0.01683826,0.01483251,0.01307425,0.01153182,0.0101771,0.00898561,0.00793628,0.00701101,0.00619427
Gram_error_fro,2.0,1,14,2,0.0,0.05042186,0.04287662,0.03469627,0.02796868,0.0225084,0.01818669,0.01480661,0.01216165,0.01007706,0.00841779,0.00708305,0.00599835,0.00510845,0.00437205,0.00375793,0.00324223,0.00280646
Gram_error_fro,2.0,1,14,2,0.0,0.03804774,0.04384726,0.04084292,0.03637996,0.03214281,0.0284223,0.02520072,0.02240743,0.01997433,0.01784489,0.01597329,0.01432222,0.0128609,0.01156375,0.01040926,0.0093793,0.00845845
Gram_error_fro,4.0,1,14,2,0.0,0.05494206,0.05778483,0.05077777,0.04460189,0.03986649,0.03592336,0.03242177,0.02924056,0.02634147,0.02370716,0.02132259,0.01917115,0.01723476,0.01549479,0.01393288,0.01253153,0.01127442
Gram_error_fro,4.0,1,14,2,0.0,0.06208467,0.06431058,0.05649336,0.04980486,0.04461308,0.04020126,0.03623533,0.03261604,0.02931693,0.02632455,0.02362331,0.02119381,0.01901427,0.01706212,0.01531521,0.01375251,0.01235456
Gram_error_fro,4.0,1,14,2,0.0,0.06444465,0.04917662,0.04065559,0.03496104,0.03023925,0.02620567,0.02277071,0.01984493,0.01734299,0.0151924,0.01333439,0.01172191,0.01031714,0.00908937,0.00801346,0.00706858,0.0062373
Gram_error_fro,4.0,1,14,2,0.0,0.07612352,0.05970275,0.05168746,0.04492964,0.03845551,0.03268161,0.02774265,0.02358564,0.02010218,0.01718146,0.01472612,0.0126549,0.01090128,0.00941116,0.00814056,0.00705366,0.00612116
Gram_error_fro,6.0,1,14,2,0.0,0.07160635,0.05657031,0.0473981,0.03985083,0.03313548,0.02739229,0.02260446,0.01865533,0.01540928,0.01274203,0.01054808,0.00874049,0.00724846,0.0060146,0.00499243,0.00414427,0.00343948
Gram_error_fro,4.0,1,14,2,0.0,0.08112963,0.06877394,0.05772701,0.04750695,0.03865637,0.03140191,0.02558836,0.02095467,0.01725426,0.01428493,0.01188832,0.00994217,0.00835225,0.00704579,0.00596629,0.00506968,0.00432134
Gram_error_fro,4.0,1,14,2,0.0,0.06591422,0.04941913,0.03996213,0.03351773,0.02812367,0.02350332,0.01959586,0.01632353,0.0135959,0.01132601,0.0094372,0.0078645,0.00655379,0.00546036,0.00454738,0.0037845,0.00314667
Gram_error_fro,0.0,1,14,4,0.0,0.0,0.0,0.0,0.0,0.0,0.0,0.0,0.0,0.0,0.0,0.0,0.0,0.0,0.0,0.0,0.0,0.0
Gram_error_fro,2.0,1,14,4,0.0,0.05626461,0.04970966,0.03883435,0.03046257,0.02447802,0.02011667,0.01683055,0.01428469,0.0122706,0.0106501,0.00932647,0.00822976,0.00730861,0.00652504,0.00585082,0.00526485,0.00475117
Gram_error_fro,2.0,1,14,4,0.0,0.06542263,0.05714055,0.04492618,0.03524231,0.02793907,0.02239322,0.01813943,0.01485399,0.01230331,0.01031266,0.00874881,0.00750959,0.00651685,0.00571122,0.00504798,0.00449371,0.00402361
Gram_error_fro,2.0,1,14,4,0.0,0.03700721,0.0222532,0.01341286,0.00809951,0.00495499,0.00328184,0.00264348,0.0025756,0.00268583,0.00279595,0.00285628,0.00286249,0.002823,0.00274844,0.00264857,0.00253144,0.00240346
Gram_error_fro,2.0,1,14,4,0.0,0.01520833,0.01468736,0.0167959,0.01729109,0.01668447,0.01563332,0.01444187,0.013235,0.01206628,0.01096064,0.0099299,0.00897875,0.00810754,0.00731393,0.0065939,0.00594253,0.00535449
Gram_error_fro,2.0,1,14,4,0.0,0.02676124,0.01975218,0.01511471,0.01261331,0.01126996,0.01045625,0.00988622,0.00943973,0.00906224,0.00872557,0.00841372,0.00811719,0.00783041,0.00755017,0.00727477,0.00700344,0.00673595
Gram_error_fro,2.0,1,14,4,0.0,0.0643142,0.06756492,0.05972511,0.04989723,0.04083911,0.03325552,0.02713634,0.02226165,0.01838463,0.0152891,0.01280126,0.01078622,0.00914082,0.00778647,0.00666319,0.00572501,0.00493639
Gram_error_fro,2.0,1,14,4,0.0,0.01739389,0.01322755,0.00930464,0.00740651,0.00697194,0.00702045,0.00707707,0.00702249,0.00685684,0.00660713,0.0063008,0.00595999,0.00560125,0.0052366,0.00487464,0.00452138,0.00418096
Gram_error_fro,2.0,1,14,4,0.0,0.01722595,0.01300527,0.01111139,0.0100356,0.00922347,0.00852041,0.00789047,0.00732081,0.00680159,0.00632409,0.00588139,0.0054685,0.00508207,0.00471986,0.00438033,0.00406232,0.00376482
Gram_error_fro,4.0,1,14,4,0.0,0.05730183,0.03641808,0.02623426,0.02107378,0.01794985,0.01572697,0.01398089,0.01252996,0.01128283,0.01018803,0.0092142,0.00834094,0.00755408,0.00684306,0.00619955,0.00561662,0.00508835
Gram_error_fro,2.0,1,14,4,0.0,0.03573259,0.02225122,0.01488138,0.01087533,0.00852388,0.0070136,0.0059642,0.00518886,0.00458864,0.00410713,0.00370998,0.00337494,0.0030869,0.00283518,0.00261203,0.0024118,0.0022303
Gram_error_fro,6.0,1,14,4,0.0,0.06464766,0.04815784,0.03692456,0.02955189,0.02425771,0.02027318,0.01720201,0.01478584,0.01284327,0.01124749,0.00991104,0.0087738,0.00779391,0.00694158,0.00619495,0.00553742,0.00495605
Gram_error_fro,0.0,1,14,4,0.0,0.0,0.0,0.0,0.0,0.0,0.0,0.0,0.0,0.0,0.0,0.0,0.0,0.0,0.0,0.0,0.0,0.0
Gram_error_fro,4.0,1,14,4,0.0,0.08417911,0.07509264,0.06465239,0.05405265,0.04451164,0.03646313,0.02987423,0.02454843,0.02026177,0.01681104,0.01402617,0.01176974,0.00993254,0.00842856,0.00719024,0.00616463,0.00531019
Gram_error_fro,6.0,1,14,4,0.0,0.07831459,0.07435493,0.06464853,0.05415248,0.04457865,0.03647299,0.02984145,0.02449527,0.02020596,0.01676326,0.01399128,0.01174883,0.00992464,0.00843178,0.00720246,0.00618382,0.00533455
Gram_error_fro,4.0,1,14,4,0.0,0.04313799,0.02853263,0.01860653,0.01223766,0.00876188,0.00731398,0.00693558,0.00692033,0.00693772,0.00688028,0.00673068,0.00650165,0.00621323,0.00588488,0.005533,0.00517059,0.00480749
Gram_error_fro,0.0,1,14,4,0.0,0.0,0.0,0.0,0.0,0.0,0.0,0.0,0.0,0.0,0.0,0.0,0.0,0.0,0.0,0.0,0.0,0.0
Gram_error_fro,2.0,1,14,4,0.0,0.00339547,0.00136635,0.00163423,0.00220953,0.00239001,0.00229,0.002055,0.00177707,0.00150471,0.00126009,0.00105103,0.0008781,0.00073832,0.00062714,0.0005395,0.00047041,0.0004154
Gram_error_fro,2.0,1,14,4,0.0,0.06295015,0.06771978,0.06235453,0.05542384,0.0488649,0.04305577,0.03799682,0.03360472,0.02978687,0.02645943,0.02355047,0.02099931,0.01875503,0.01677491,0.01502306,0.01346928,0.01208804
Gram_error_fro,2.0,1,14,4,0.0,0.06667487,0.05727578,0.04784888,0.04042156,0.03437505,0.02931806,0.0250525,0.02145414,0.01842332,0.01587169,0.0137206,0.01190173,0.01035732,0.00903957,0.00790947,0.00693549,0.00609221
Gram_error_fro,2.0,1,14,4,0.0,0.06974177,0.06025494,0.0499321,0.04148598,0.03458956,0.02890129,0.02420113,0.02032681,0.01714076,0.01452182,0.01236481,0.01058098,0.00909733,0.00785515,0.00680781,0.00591866,0.00515896
Gram_error_fro,2.0,1,14,4,0.0,0.02640648,0.01888716,0.01558984,0.0138158,0.01241508,0.01121615,0.01017312,0.00924928,0.00841668,0.00765706,0.0069592,0.00631622,0.00572358,0.00517794,0.00467651,0.00421674,0.00379618
Gram_error_fro,4.0,1,14,4,0.0,0.07672236,0.07413564,0.06611424,0.0574722,0.04959231,0.04277523,0.03697829,0.03206842,0.02790416,0.02435975,0.02132984,0.01872801,0.01648391,0.01454022,0.01285014,0.01137531,0.01008415
Gram_error_fro,4.0,1,14,4,0.0,0.04837167,0.04579345,0.03877288,0.03208331,0.02640423,0.021716,0.01787556,0.01473541,0.01216823,0.01006885,0.00835122,0.00694496,0.00579251,0.0048468,0.00406938,0.00342891,0.00289986
Gram_error_fro,4.0,1,14,4,0.0,0.08321778,0.05549801,0.03668364,0.02469913,0.01682581,0.01155956,0.00804076,0.00575326,0.00436142,0.00360313,0.00323857,0.00307045,0.00297415,0.00288865,0.00279056,0.00267444,0.00254225
Gram_error_fro,4.0,1,14,4,0.0,0.05831746,0.04787957,0.0358318,0.02707634,0.02095235,0.01654264,0.01324511,0.01070454,0.00870814,0.00712021,0.00584765,0.0048227,0.00399396,0.00332153,0.00277404,0.00232668,0.00195972
Gram_error_fro,4.0,1,14,4,0.0,0.03900197,0.03642102,0.02925112,0.02251328,0.01733923,0.01371384,0.01127666,0.00963541,0.00848287,0.0076169,0.00691846,0.00632201,0.0057927,0.00531217,0.00487064,0.00446271,0.00408511
Gram_error_fro,4.0,1,14,4,0.0,0.09414715,0.0774823,0.06047379,0.04679385,0.0362249,0.02815703,0.02200367,0.0172915,0.01366149,0.01084716,0.00865158,0.00692876,0.00556976,0.00449264,0.00363532,0.00295035,0.00240124
Gram_error_fro,4.0,2,14,4,0.0,0.10668343,0.07692935,0.05404792,0.03891148,0.02866487,0.02175852,0.01730829,0.01470824,0.01343998,0.01302882,0.01309475,0.01338571,0.01375787,0.01413747,0.01449037,0.01480324,0.01507317
Gram_error_fro,2.0,1,14,4,0.0,0.05883303,0.04420783,0.03035177,0.0210371,0.01520227,0.01169149,0.00963047,0.00840092,0.00760651,0.00702328,0.00653822,0.00609936,0.00568501,0.0052875,0.0049052,0.00453874,0.00418936
Gram_error_fro,4.0,1,14,4,0.0,0.05573297,0.04257992,0.03087761,0.0228655,0.01737407,0.01349534,0.01067961,0.00858928,0.00700689,0.0057873,0.00483144,0.0040706,0.00345643,0.00295438,0.00253937,0.00219292,0.00190122
Gram_error_fro,4.0,1,14,4,0.0,0.08299546,0.06273938,0.04765331,0.03732643,0.02980699,0.02407185,0.01958433,0.01602271,0.01317013,0.01086973,0.00900384,0.00748249,0.00623613,0.00521059,0.00436339,0.00366103,0.00307689
Gram_error_fro,0.0,1,14,2,0.0,0.0,0.0,0.0,0.0,0.0,0.0,0.0,0.0,0.0,0.0,0.0,0.0,0.0,0.0,0.0,0.0,0.0
Gram_error_fro,2.0,1,14,2,0.0,0.05356007,0.04122831,0.03244982,0.02606568,0.02107328,0.01711157,0.01395731,0.01143652,0.00941162,0.00777548,0.00644551,0.00535821,0.0044647,0.00372708,0.00311582,0.00260763,0.00218404
Gram_error_fro,2.0,1,14,2,0.0,0.03590384,0.02364009,0.01797994,0.0143048,0.01142205,0.00912934,0.00731756,0.00588796,0.00475679,0.00385753,0.00313888,0.00256166,0.00209594,0.00171871,0.00141216,0.00116239,0.00095846
Gram_error_fro,2.0,1,14,2,0.0,0.03082486,0.02191048,0.01621673,0.01197884,0.00859872,0.00596926,0.00396909,0.00246786,0.00135264,0.00053989,0.00017978,0.00054705,0.00084653,0.00105387,0.00118866,0.00126796,0.00130523
Gram_error_fro,2.0,1,14,2,0.0,0.06130739,0.04493437,0.0351677,0.02834459,0.02299332,0.01869175,0.01522029,0.01241515,0.01014466,0.0083029,0.00680524,0.00558439,0.00458689,0.0037702,0.0031004,0.00255028,0.00209797
Gram_error_fro,2.0,1,14,2,0.0,0.01170598,0.00687655,0.00338942,0.0013978,0.00054061,0.00064542,0.00082218,0.0008764,0.00085134,0.00078733,0.00070991,0.00063375,0.00056635,0.00051062,0.00046651,0.0004323,0.00040555
Gram_error_fro,4.0,1,14,2,0.0,0.05784895,0.05883414,0.05158668,0.04405542,0.03755947,0.03213346,0.0276083,0.02381365,0.0206103,0.01788918,0.01556506,0.01357064,0.01185219,0.01036626,0.00907742,0.00795653,0.00697942
Gram_error_fro,4.0,1,14,2,0.0,0.08264048,0.04174865,0.02851845,0.02300962,0.0192637,0.01628484,0.01383904,0.0118092,0.01011188,0.00868338,0.00747435,0.00644612,0.00556804,0.00481557,0.00416881,0.00361153,0.00313035
Gram_error_fro,4.0,1,14,2,0.0,0.07386051,0.03188926,0.01505507,0.00919565,0.00696158,0.00602431,0.00557297,0.00528927,0.00505055,0.00481398,0.00456797,0.00431252,0.00405137,0.00378895,0.00352925,0.00327555,0.00303033
Gram_error_fro,2.0,1,14,2,0.0,0.0129898,0.00753851,0.0050007,0.0035381,0.00258306,0.00191651,0.00143876,0.00109472,0.0008481,0.00067237,0.00054728,0.00045737,0.00039119,0.00034067,0.00030038,0.0002669,0.00023812
Gram_error_fro,4.0,2,14,2,0.0,0.03082486,0.02191048,0.01692001,0.01287562,0.0093153,0.00630808,0.0039156,0.00232898,0.00208743,0.00288925,0.00387204,0.00477598,0.00555966,0.00622716,0.00679211,0.00726916,0.00767164
Gram_error_fro,4.0,1,14,2,0.0,0.05119309,0.05090737,0.0451712,0.03893289,0.03331543,0.02849885,0.02442608,0.02099056,0.0180878,0.01562757,0.01353492,0.0117483,0.01021738,0.00890095,0.00776526,0.00678254,0.0059299
Gram_error_fro,4.0,1,14,2,0.0,0.0094035,0.00538484,0.00446811,0.00410279,0.00381803,0.00350662,0.00316438,0.00281298,0.00247256,0.0021557,0.0018684,0.00161236,0.00138678,0.0011896,0.00101823,0.00086991,0.00074199
Gram_error_fro,6.0,1,14,2,0.0,0.04162507,0.03092958,0.02291348,0.0173272,0.01347384,0.0107018,0.00862033,0.0070116,0.00574527,0.00473575,0.00392295,0.00326311,0.00272371,0.00228028,0.00191415,0.00161094,0.00135937
Gram_error_fro,6.0,1,14,2,0.0,0.08609885,0.04605666,0.02876461,0.02044956,0.01514601,0.01141378,0.00872708,0.00678153,0.00536798,0.00433622,0.00357707,0.00301118,0.00258129,0.0022467,0.00197902,0.00175884,0.00157301
Gram_error_fro,2.0,1,14,2,0.0,0.05180314,0.05393174,0.04733761,0.03973949,0.03304869,0.02757179,0.02317831,0.01965492,0.01680614,0.01447609,0.0125466,0.01092978,0.00956039,0.00838975,0.00738111,0.00650635,0.00574366
Gram_error_fro,0.0,1,14,4,0.0,0.0,0.0,0.0,0.0,0.0,0.0,0.0,0.0,0.0,0.0,0.0,0.0,0.0,0.0,0.0,0.0,0.0
Gram_error_fro,2.0,1,14,4,0.0,0.09305237,0.07827907,0.06330626,0.0537976,0.04740153,0.0424775,0.03831285,0.03462838,0.03131004,0.02830315,0.02557446,0.02309882,0.02085459,0.01882206,0.01698293,0.01532011,0.01381772
Gram_error_fro,2.0,1,14,4,0.0,0.03797576,0.03990604,0.03784841,0.03464598,0.03122126,0.02791218,0.02484913,0.02207624,0.01959704,0.01739574,0.01544826,0.01372816,0.01220953,0.01086834,0.00968301,0.00863442,0.00770578
Gram_error_fro,2.0,1,14,4,0.0,0.03273663,0.02896911,0.02478707,0.02157694,0.01909493,0.01704044,0.01524537,0.01363533,0.01218001,0.01086568,0.0096833,0.00862416,0.00767892,0.00683772,0.00609054,0.00542767,0.00483994
Gram_error_fro,2.0,1,14,4,0.0,0.04099763,0.0261867,0.02059197,0.01759602,0.01540969,0.01361865,0.01208279,0.01073907,0.00955299,0.00850212,0.00756973,0.00674208,0.00600732,0.00535494,0.00477561,0.00426101,0.00380373
Gram_error_fro,2.0,1,14,4,0.0,0.0645959,0.06897813,0.06413647,0.05820586,0.05291434,0.04841963,0.04457246,0.04121812,0.03824421,0.03557381,0.03315344,0.03094439,0.02891749,0.02705,0.02532369,0.02372363,0.02223735
Gram_error_fro,4.0,1,14,4,0.0,0.10161218,0.08031191,0.06177825,0.05141076,0.04520495,0.04070593,0.03694138,0.03357764,0.03050464,0.0276835,0.02509594,0.02272845,0.02056786,0.01860051,0.01681244,0.01518976,0.01371892
Gram_error_fro,4.0,1,14,4,0.0,0.0849201,0.0592934,0.04282998,0.03371151,0.02820245,0.02447977,0.02172651,0.01954854,0.01773835,0.01617972,0.0148045,0.0135711,0.012453,0.01143243,0.01049683,0.00963685,0.00884513
Gram_error_fro,4.0,1,14,4,0.0,0.03984428,0.04201963,0.03902792,0.03526374,0.03188636,0.02904108,0.02662011,0.02449696,0.02258156,0.02082014,0.01918337,0.01765581,0.01622909,0.01489804,0.01365868,0.01250733,0.0114402
Gram_error_fro,4.0,1,14,4,0.0,0.04266924,0.02673078,0.02054473,0.01732548,0.01531022,0.01394413,0.01294143,0.01213464,0.01142851,0.01077302,0.01014479,0.00953481,0.00894124,0.00836527,0.0078091,0.00727491,0.00676448
Gram_error_fro,2.0,1,14,4,0.0,0.04018364,0.02218612,0.01301084,0.0088002,0.00694294,0.00606978,0.0055387,0.00510687,0.00470169,0.00430952,0.00393318,0.0035779,0.0032474,0.00294335,0.00266585,0.00241393,0.00218602
Gram_error_fro,4.0,1,14,4,0.0,0.06071096,0.04818898,0.04140468,0.03730305,0.0341331,0.031338,0.02875038,0.02632667,0.02405994,0.02195089,0.01999904,0.01820091,0.01655033,0.01503937,0.01365908,0.01240012,0.01125322
Gram_error_fro,4.0,1,14,4,0.0,0.11798068,0.08950672,0.06123684,0.04265657,0.03146236,0.02476518,0.02054116,0.01761761,0.01539277,0.01357764,0.01203443,0.01069386,0.00951701,0.00847863,0.0075601,0.00674636,0.00602471
Gram_error_fro,4.0,1,14,4,0.0,0.07636779,0.07534698,0.06842836,0.06048007,0.05307143,0.04655812,0.040929,0.03608309,0.03190893,0.02830511,0.02518422,0.02247239,0.02010762,0.01803808,0.01622048,0.01461862,0.01320223
Gram_error_fro,4.0,1,14,4,0.0,0.06281777,0.06248231,0.05792042,0.05260707,0.04737043,0.04247788,0.03801094,0.03397806,0.03035866,0.02712142,0.02423195,0.02165608,0.01936135,0.01731764,0.01549747,0.01387599,0.01243091
Gram_error_fro,4.0,1,14,4,0.0,0.10285612,0.09294238,0.07665142,0.0634823,0.0534109,0.04556608,0.03929061,0.03415646,0.02988315,0.02627943,0.02320909,0.02057148,0.01828993,0.01630473,0.01456853,0.01304327,0.01169799
Gram_error_fro,0.0,1,14,2,0.0,0.0,0.0,0.0,0.0,0.0,0.0,0.0,0.0,0.0,0.0,0.0,0.0,0.0,0.0,0.0,0.0,0.0
Gram_error_fro,2.0,1,14,2,0.0,0.02781097,0.02285356,0.01981235,0.0170039,0.01447875,0.01228571,0.01041801,0.00884223,0.00751741,0.00640389,0.00546656,0.00467567,0.00400648,0.00343866,0.00295551,0.00254334,0.00219091
Gram_error_fro,2.0,1,14,2,0.0,0.02285274,0.0210215,0.01915242,0.01706419,0.01501217,0.01311766,0.01142202,0.00992726,0.0086198,0.00748102,0.00649151,0.0056328,0.00488801,0.00424212,0.00368189,0.00319581,0.0027739
Gram_error_fro,2.0,1,14,2,0.0,0.04738167,0.03876608,0.03474509,0.03180948,0.02928108,0.02698831,0.02486904,0.02289662,0.0210586,0.01934802,0.01775947,0.01628758,0.01492657,0.01367025,0.01251222,0.011446,0.01046524
Gram_error_fro,2.0,1,14,2,0.0,0.00861054,0.00614711,0.00549433,0.00567571,0.00597184,0.00614604,0.00616554,0.00605566,0.00585136,0.0055836,0.00527668,0.0049487,0.00461276,0.00427817,0.00395134,0.00363663,0.00333681
Gram_error_fro,2.0,1,14,2,0.0,0.05815232,0.06068113,0.05757099,0.05344668,0.04923501,0.04515663,0.04128165,0.03764445,0.03426342,0.03114466,0.02828468,0.02567324,0.02329591,0.02113606,0.01917631,0.0173994,0.01578881
Gram_error_fro,4.0,1,14,2,0.0,0.04335655,0.0282761,0.02163386,0.01749569,0.01440829,0.01197336,0.01001824,0.00843499,0.00714442,0.00608549,0.00521074,0.00448318,0.00387395,0.0033605,0.00292513,0.00255387,0.00223565
Gram_error_fro,4.0,1,14,2,0.0,0.07849187,0.05951201,0.04757304,0.0385254,0.03119517,0.02524189,0.02043008,0.01654936,0.01341849,0.01088837,0.00883953,0.00717734,0.00582706,0.00472955,0.00383784,0.00311445,0.00252928
Gram_error_fro,4.0,1,14,2,0.0,0.08632215,0.07706399,0.06520543,0.05454543,0.04544436,0.03786081,0.03160586,0.02645735,0.02221138,0.01869718,0.01577678,0.01334012,0.01129958,0.00958513,0.00814054,0.00692036,0.0058876
Gram_error_fro,4.0,1,14,2,0.0,0.03735447,0.03263766,0.02640842,0.02076085,0.01614519,0.01251054,0.0096855,0.00749943,0.00581143,0.00451165,0.0035159,0.00275973,0.00219329,0.00177706,0.0014783,0.00126876,0.00112365
Gram_error_fro,4.0,1,14,2,0.0,0.08550899,0.07567684,0.06381975,0.05324349,0.04421536,0.03668922,0.03048457,0.02538612,0.0211933,0.01773603,0.01487568,0.01250095,0.01052286,0.00887019,0.00748573,0.00632327,0.0053453
Gram_error_fro,6.0,1,14,2,0.0,0.10997444,0.07029388,0.05258472,0.0407596,0.03177951,0.02480719,0.01937202,0.01513027,0.01181798,0.00923158,0.0072142,0.00564498,0.00443056,0.00349844,0.00279174,0.00226488,0.00188001
Gram_error_fro,4.0,1,14,2,0.0,0.08196291,0.05867486,0.04697525,0.03911132,0.03276934,0.02746837,0.02303191,0.01932837,0.0162405,0.0136654,0.01151546,0.00971752,0.00821111,0.00694653,0.00588297,0.00498688,0.0042307
Gram_error_fro,4.0,1,14,2,0.0,0.08912928,0.0718776,0.05693998,0.04456906,0.03445817,0.02635503,0.0199421,0.01490793,0.01099049,0.00798944,0.00576785,0.00425084,0.00339933,0.00311754,0.00319283,0.00340844,0.00363801
Gram_error_fro,4.0,1,14,2,0.0,0.02648912,0.02020584,0.01514893,0.0113497,0.00847094,0.00629074,0.00463919,0.00338659,0.00243646,0.00171843,0.00118254,0.00079627,0.00054437,0.0004236,0.00041035,0.00044783,0.00049327
Gram_error_fro,6.0,1,14,2,0.0,0.09915202,0.06975593,0.05257037,0.0409022,0.03219784,0.02554136,0.02040847,0.01642483,0.01331125,0.01085911,0.00891282,0.00735614,0.00610192,0.00508436,0.0042535,0.00357107,0.00300753
Gram_error_fro,0.0,1,14,2,0.0,0.0,0.0,0.0,0.0,0.0,0.0,0.0,0.0,0.0,0.0,0.0,0.0,0.0,0.0,0.0,0.0,0.0
Gram_error_fro,2.0,1,14,2,0.0,0.03207148,0.02151412,0.01758758,0.01478602,0.01233423,0.01023786,0.00849134,0.00705386,0.00587484,0.00490676,0.00410934,0.00344986,0.00290225,0.00244579,0.00206404,0.00174384,0.00147464
Gram_error_fro,2.0,1,14,2,0.0,0.06274181,0.03225667,0.02124515,0.01596743,0.01262357,0.01019871,0.00833357,0.00685844,0.0056736,0.00471222,0.00392623,0.00327976,0.00274543,0.002302,0.00193278,0.00162452,0.00136658
Gram_error_fro,2.0,1,14,2,0.0,0.04300649,0.04603048,0.04191878,0.03668723,0.03174652,0.02740385,0.02367068,0.02048231,0.01776123,0.01543519,0.01344164,0.0117279,0.01025009,0.00897184,0.00786301,0.0068986,0.00605779
Gram_error_fro,2.0,1,14,2,0.0,0.0131014,0.00639877,0.00372227,0.00244308,0.00174763,0.0013632,0.00116346,0.00106713,0.00102002,0.00099107,0.0009653,0.00093661,0.00090321,0.00086518,0.00082336,0.00077877,0.00073246
Gram_error_fro,2.0,1,14,2,0.0,0.02669188,0.01914966,0.01642477,0.01458491,0.01298465,0.01155572,0.01028084,0.00914427,0.00813057,0.00722584,0.006418,0.00569661,0.00505261,0.00447798,0.00396561,0.00350912,0.00310276
Gram_error_fro,4.0,1,14,2,0.0,0.04743363,0.03261437,0.02485254,0.01986885,0.01616429,0.01325207,0.01091511,0.00902255,0.00748112,0.00621972,0.0051829,0.00432717,0.00361826,0.00302906,0.00253802,0.00212788,0.00178471
Gram_error_fro,4.0,1,14,2,0.0,0.04020467,0.0289368,0.02220914,0.01776103,0.01443595,0.01181507,0.00970998,0.00800678,0.00662287,0.00549415,0.00457002,0.00381041,0.00318366,0.00266468,0.00223358,0.00187445,0.00157457
Gram_error_fro,2.0,1,14,2,0.0,0.0124503,0.00664095,0.00302696,0.00102239,0.00113815,0.0018044,0.0021875,0.00234011,0.00234176,0.00225111,0.00210785,0.00193801,0.00175829,0.00157921,0.00140717,0.00124586,0.0010972
Gram_error_fro,4.0,1,14,2,0.0,0.01656671,0.00848255,0.00797726,0.008085,0.00780722,0.00723236,0.00651465,0.0057595,0.00502729,0.00434878,0.00373705,0.00319524,0.00272114,0.00230989,0.00195547,0.00165158,0.00139209
Gram_error_fro,4.0,1,14,2,0.0,0.06466179,0.04174745,0.03022792,0.02293331,0.01759555,0.01350706,0.01033842,0.00787642,0.00596271,0.00447534,0.00331997,0.00242379,0.00173083,0.00119843,0.00079489,0.00049932,0.00030623
Gram_error_fro,4.0,1,14,2,0.0,0.06910374,0.03961108,0.02734907,0.02075312,0.01625425,0.01289626,0.01031024,0.00829189,0.00670357,0.00544527,0.00444231,0.00363834,0.00299053,0.00246614,0.0020399,0.0016922,0.00140771
Gram_error_fro,6.0,1,14,2,0.0,0.02397604,0.02803004,0.02713281,0.02466462,0.02224937,0.02015769,0.01836731,0.01681278,0.01543804,0.0142029,0.01307996,0.01205062,0.01110201,0.01022494,0.00941257,0.00865955,0.00796148
Gram_error_fro,4.0,1,14,2,0.0,0.07618169,0.06061036,0.04747246,0.03764413,0.03018673,0.02443898,0.01995342,0.01641397,0.01359237,0.01132169,0.00947852,0.00797058,0.00672816,0.00569804,0.00483913,0.00411943,0.00351376
Gram_error_fro,4.0,1,14,2,0.0,0.01767064,0.01251597,0.00926717,0.0070468,0.00558857,0.00463132,0.00396608,0.00346507,0.00306071,0.00271919,0.00242337,0.00216375,0.00193442,0.00173112,0.00155051,0.00138978,0.00124652
Gram_error_fro,4.0,1,14,2,0.0,0.03331661,0.02181771,0.01805722,0.01578577,0.01388134,0.01218137,0.01066205,0.00931485,0.00812849,0.0070886,0.0061796,0.00538621,0.00469422,0.00409086,0.00356482,0.00310618,0.00270629
Gram_error_fro,0.0,1,14,4,0.0,0.0,0.0,0.0,0.0,0.0,0.0,0.0,0.0,0.0,0.0,0.0,0.0,0.0,0.0,0.0,0.0,0.0
Gram_error_fro,2.0,1,14,4,0.0,0.01907358,0.01748403,0.01559318,0.01315564,0.01093482,0.00909518,0.00761393,0.00642673,0.0054697,0.00468992,0.00404644,0.00350846,0.00305318,0.00266379,0.00232785,0.00203609,0.00178145
Gram_error_fro,2.0,1,14,4,0.0,0.04103287,0.03437827,0.02755602,0.02198711,0.01766723,0.01433005,0.01171754,0.0096399,0.00796637,0.00660609,0.00549362,0.00457991,0.00382703,0.003205,0.00268983,0.00226216,0.00190629
Gram_error_fro,2.0,1,14,4,0.0,0.05365051,0.04853775,0.03969017,0.03188484,0.02559549,0.02060067,0.01663129,0.01346481,0.01092804,0.00888755,0.00724035,0.00590651,0.00482359,0.00394244,0.00322417,0.00263781,0.00215856
Gram_error_fro,2.0,1,14,4,0.0,0.0449546,0.02522915,0.01512352,0.01086236,0.0089591,0.00785619,0.00702009,0.00629256,0.00563129,0.00502666,0.00447668,0.00398002,0.00353439,0.00313654,0.00278264,0.00246861,0.00219038
Gram_error_fro,2.0,1,14,4,0.0,0.03676392,0.02910239,0.02171838,0.01610416,0.0121283,0.00933996,0.00734434,0.00587187,0.00475359,0.00388495,0.00319931,0.00265197,0.00221129,0.00185397,0.00156233,0.00132279,0.00112476
Gram_error_fro,4.0,1,14,4,0.0,0.08526287,0.073889,0.06099454,0.05068422,0.04236881,0.03552453,0.02983404,0.02508305,0.02110946,0.01778297,0.01499604,0.01265918,0.01069777,0.00904962,0.00766301,0.00649496,0.00550976
Gram_error_fro,2.0,1,14,4,0.0,0.04980683,0.03034168,0.01822528,0.01173313,0.00823232,0.006227,0.00497143,0.00411155,0.00347854,0.00298763,0.0025927,0.00226643,0.0019914,0.00175589,0.00155173,0.00137306,0.00121562
Gram_error_fro,4.0,1,14,4,0.0,0.08342496,0.06057848,0.04240454,0.03034772,0.02228243,0.01672917,0.01279351,0.0099344,0.00781469,0.00621669,0.00499513,0.00405018,0.00331148,0.00272847,0.00226416,0.00189116,0.00158899
Gram_error_fro,4.0,1,14,4,0.0,0.04243347,0.02844907,0.02546268,0.02425341,0.02285225,0.02120664,0.01945728,0.01771568,0.01604984,0.0144958,0.01306897,0.01177227,0.01060145,0.00954847,0.00860363,0.00775674,0.00699787
Gram_error_fro,4.0,1,14,4,0.0,0.04693954,0.02529234,0.01578597,0.0112069,0.00861273,0.00695707,0.00579815,0.0049262,0.00423422,0.00366464,0.00318484,0.00277522,0.00242312,0.00211964,0.00185799,0.00163259,0.00143867
Gram_error_fro,2.0,1,14,4,0.0,0.0508101,0.03071279,0.01810275,0.01102002,0.00721303,0.00522266,0.00415527,0.00351499,0.00306617,0.00271032,0.00240837,0.00214422,0.00191018,0.00170164,0.00151529,0.00134847,0.00119896
Gram_error_fro,4.0,1,14,4,0.0,0.06159193,0.03733914,0.02535153,0.01860348,0.01417546,0.01104507,0.00874701,0.00701924,0.00569657,0.00466866,0.00385925,0.00321438,0.00269518,0.00227321,0.00192735,0.00164173,0.00140426
Gram_error_fro,6.0,1,14,4,0.0,0.07111226,0.04743549,0.03412476,0.02662144,0.02195382,0.01863055,0.01601261,0.01384131,0.01200106,0.01042766,0.00907701,0.00791476,0.00691271,0.00604723,0.00529841,0.00464939,0.0040859
Gram_error_fro,4.0,1,14,4,0.0,0.049263,0.0274135,0.01765934,0.01329618,0.01086761,0.0092509,0.00805243,0.00710464,0.00632377,0.00566268,0.00509229,0.00459331,0.00415226,0.00375932,0.00340711,0.00308994,0.00280335
Gram_error_fro,4.0,1,14,4,0.0,0.13292896,0.10210622,0.07958948,0.06415059,0.0529605,0.04451528,0.03794334,0.03269773,0.02841978,0.02486767,0.02187445,0.019322,0.01712461,0.01521844,0.01355471,0.01209535,0.01081
Gram_error_fro,0.0,1,14,3,0.0,0.0,0.0,0.0,0.0,0.0,0.0,0.0,0.0,0.0,0.0,0.0,0.0,0.0,0.0,0.0,0.0,0.0
Gram_error_fro,2.0,1,14,3,0.0,0.04644972,0.03277473,0.02307467,0.01721989,0.01379982,0.0117883,0.0105174,0.00961022,0.00887813,0.00823414,0.00764064,0.00708254,0.00655453,0.0060552,0.00558445,0.00514233,0.00472872
Gram_error_fro,2.0,2,14,3,0.0,0.01427042,0.00979054,0.00640583,0.0051212,0.005144,0.00557664,0.006063,0.00652309,0.00695068,0.00735289,0.00773625,0.00810453,0.00845923,0.00880048,0.0091277,0.00944007,0.00973679
Gram_error_fro,2.0,1,14,3,0.0,0.02647631,0.02547989,0.02162745,0.01806526,0.0152529,0.01303196,0.01122846,0.00973233,0.00847536,0.00741091,0.00650415,0.00572771,0.00505964,0.00448211,0.0039806,0.00354321,0.00316018
Gram_error_fro,2.0,1,14,3,0.0,0.02970935,0.0242281,0.01855057,0.01450335,0.01160453,0.00942507,0.00772564,0.00637601,0.0052971,0.00443421,0.00374568,0.00319796,0.00276319,0.00241791,0.00214239,0.00192029,0.00173837
Gram_error_fro,2.0,2,14,3,0.0,0.05091436,0.0266773,0.0146116,0.00948484,0.00758023,0.00692929,0.00672658,0.00672241,0.00684145,0.00705008,0.00732351,0.00764037,0.00798274,0.00833648,0.00869092,0.00903836,0.00937345
Gram_error_fro,2.0,1,14,3,0.0,0.04491031,0.03307934,0.02440768,0.01878062,0.01486329,0.01200257,0.00984685,0.00818294,0.00687248,0.00582233,0.00496819,0.00426473,0.00367927,0.00318772,0.00277197,0.0024181,0.00211528
Gram_error_fro,2.0,1,14,3,0.0,0.02101946,0.01169162,0.00515557,0.00161312,0.00226498,0.00373792,0.00476573,0.00542366,0.0058087,0.00599436,0.006035,0.00597098,0.00583244,0.005642,0.00541662,0.00516906,0.00490889
Gram_error_fro,4.0,1,14,3,0.0,0.06591405,0.04968865,0.04371781,0.03897672,0.0343468,0.02998202,0.0260352,0.02255737,0.01953608,0.01693012,0.01468924,0.01276367,0.01110805,0.00968268,0.00845348,0.0073915,0.00647224
Gram_error_fro,4.0,1,14,3,0.0,0.04974092,0.03495853,0.02472938,0.01791917,0.01318522,0.00984984,0.0074957,0.00583719,0.00467107,0.00384973,0.00326521,0.00283952,0.00251814,0.00226449,0.00205506,0.00187524,0.00171616
Gram_error_fro,2.0,2,14,3,0.0,0.0153601,0.01057338,0.00582141,0.00273232,0.00175582,0.00233347,0.00302055,0.00358955,0.00410279,0.00461475,0.0051466,0.00569726,0.00625603,0.00681037,0.00734947,0.00786527,0.00835238
Gram_error_fro,4.0,1,14,3,0.0,0.08892951,0.0658297,0.05412255,0.04595328,0.03918285,0.03344515,0.02860846,0.02454555,0.02112959,0.01824729,0.01580394,0.01372276,0.01194213,0.01041255,0.00909406,0.00795407,0.00696586
Gram_error_fro,2.0,1,14,3,0.0,0.0304716,0.02445538,0.02314611,0.02136389,0.01934524,0.0173516,0.01548677,0.01378449,0.01225021,0.01087737,0.00965431,0.00856749,0.00760317,0.00674816,0.00599029,0.0053185,0.0047229
Gram_error_fro,6.0,1,14,3,0.0,0.09000338,0.05711898,0.03573307,0.02474347,0.01897483,0.01555536,0.01321941,0.01144637,0.01001346,0.00881433,0.00779077,0.00690656,0.00613671,0.00546268,0.00487,0.00434706,0.00388429
Gram_error_fro,4.0,1,14,3,0.0,0.07560568,0.08053279,0.07487482,0.06750295,0.06039464,0.05398816,0.04832501,0.04334161,0.03895324,0.03507889,0.03164772,0.02859957,0.02588375,0.02345754,0.02128475,0.01933461,0.01758077
Gram_error_fro,4.0,1,14,3,0.0,0.0323649,0.02166409,0.01613007,0.01319109,0.01123654,0.00968849,0.008388,0.00728449,0.00634829,0.0055537,0.00487761,0.00429997,0.003804,0.00337595,0.00300459,0.00268085,0.00239732
Gram_error_fro,0.0,1,14,6,0.0,0.0,0.0,0.0,0.0,0.0,0.0,0.0,0.0,0.0,0.0,0.0,0.0,0.0,0.0,0.0,0.0,0.0
Gram_error_fro,2.0,1,14,6,0.0,0.0414003,0.02916951,0.02202287,0.0171401,0.01352344,0.01078773,0.00870349,0.0071068,0.00587464,0.00491413,0.00415568,0.00354786,0.0030531,0.00264423,0.00230165,0.00201117,0.00176246
Gram_error_fro,2.0,1,14,6,0.0,0.04798747,0.04050255,0.03085688,0.0235863,0.01857786,0.01507589,0.01251018,0.01054354,0.00898541,0.00772315,0.00668452,0.00581952,0.00509168,0.00447361,0.00394438,0.00348786,0.00309147
Gram_error_fro,2.0,1,14,6,0.0,0.04916357,0.0440337,0.0352224,0.02822665,0.02319077,0.01946733,0.0165758,0.01424506,0.012324,0.01071974,0.00936799,0.0082205,0.00723964,0.00639565,0.00566495,0.0050288,0.00447224
Gram_error_fro,2.0,2,14,6,0.0,0.04708155,0.0391431,0.03194933,0.02680156,0.02317636,0.02074072,0.01922984,0.01840172,0.0180464,0.0179989,0.01814053,0.01839113,0.01869866,0.01903024,0.01936545,0.01969192,0.02000243
Gram_error_fro,2.0,1,14,6,0.0,0.05147531,0.0510768,0.04492557,0.03807065,0.03177288,0.02632754,0.02175645,0.01799153,0.01493111,0.01246406,0.01048302,0.00889167,0.00760798,0.00656471,0.00570844,0.00499765,0.00440061
Gram_error_fro,4.0,1,14,6,0.0,0.04636157,0.03689453,0.02996235,0.02489591,0.02100828,0.01791972,0.01541025,0.01333941,0.01160978,0.01015019,0.00890713,0.00783976,0.00691662,0.0061133,0.00541071,0.00479369,0.00425011
Gram_error_fro,2.0,1,14,6,0.0,0.04777429,0.03796716,0.02956309,0.02337391,0.01866867,0.01505622,0.01228631,0.01016348,0.00852875,0.007256,0.00624892,0.00543654,0.00476799,0.00420738,0.0037296,0.00331696,0.00295687
Gram_error_fro,2.0,2,14,6,0.0,0.05282091,0.04342073,0.03235439,0.02448877,0.01972107,0.01732652,0.01646351,0.01642584,0.01676596,0.01725018,0.01776914,0.01827499,0.01874831,0.01918253,0.01957679,0.01993273,0.020253
Gram_error_fro,4.0,1,14,6,0.0,0.0646881,0.05356637,0.04123373,0.03212706,0.02574779,0.0211584,0.01770892,0.01501413,0.012848,0.01107149,0.0095934,0.00835021,0.00729561,0.00639468,0.00562042,0.00495162,0.00437134
Gram_error_fro,2.0,1,14,6,0.0,0.07326477,0.06433839,0.05199409,0.04211268,0.03450987,0.02857064,0.02384736,0.02003773,0.01693099,0.01437468,0.01225526,0.01048645,0.00900165,0.0077488,0.00668682,0.00578294,0.00501084
Gram_error_fro,2.0,1,14,6,0.0,0.07809277,0.06816897,0.05217747,0.03910724,0.029701,0.02306251,0.01829409,0.01476975,0.01209109,0.01000715,0.00835587,0.00702853,0.00594929,0.00506345,0.00433044,0.00371958,0.00320725
Gram_error_fro,4.0,1,14,6,0.0,0.09273137,0.07930786,0.06184916,0.04750665,0.03658895,0.02842042,0.02231185,0.01771843,0.01423671,0.01157338,0.00951573,0.00790899,0.00664007,0.00562603,0.00480585,0.00413448,0.00357858
Gram_error_fro,6.0,1,14,6,0.0,0.10080854,0.08312024,0.06389216,0.04971668,0.03935701,0.03154584,0.02551459,0.02079574,0.01707735,0.01413313,0.01179075,0.00991635,0.00840563,0.00717768,0.00617017,0.00533539,0.00463696
Gram_error_fro,4.0,1,14,6,0.0,0.11575105,0.098345,0.07638839,0.06000766,0.04817047,0.03933694,0.03250807,0.02708865,0.02271281,0.01914032,0.01620229,0.01377326,0.01175643,0.01007534,0.00866873,0.0074872,0.00649073
Gram_error_fro,4.0,1,14,6,0.0,0.055675,0.04812388,0.04000491,0.03340972,0.02822408,0.0240347,0.02053996,0.01757091,0.01503477,0.01287218,0.01103625,0.00948484,0.00817868,0.00708147,0.00616039,0.00538643,0.0047345
Gram_error_fro,0.0,1,14,5,0.0,0.0,0.0,0.0,0.0,0.0,0.0,0.0,0.0,0.0,0.0,0.0,0.0,0.0,0.0,0.0,0.0,0.0
Gram_error_fro,2.0,1,14,5,0.0,0.04071354,0.02847828,0.02000952,0.01463262,0.01111872,0.00877447,0.00716322,0.00600349,0.00512303,0.00442159,0.00384196,0.00335107,0.00292891,0.00256256,0.00224304,0.00196361,0.00171893
Gram_error_fro,2.0,1,14,5,0.0,0.03890616,0.03516847,0.02782215,0.02133332,0.0164412,0.01288122,0.01026767,0.00830338,0.00679086,0.00560272,0.00465512,0.00389066,0.00326843,0.00275825,0.00233732,0.00198808,0.00169685
Gram_error_fro,2.0,1,14,5,0.0,0.06833018,0.05101411,0.03424907,0.02346547,0.01707292,0.01330525,0.0109892,0.00945051,0.00833117,0.0074487,0.00671077,0.00606978,0.00550018,0.00498744,0.0045226,0.00409966,0.0037142
Gram_error_fro,2.0,1,14,5,0.0,0.04861436,0.02866907,0.01740508,0.01179021,0.00878106,0.00699452,0.00581443,0.00495755,0.00428941,0.0037432,0.00328337,0.00288922,0.00254752,0.00224908,0.00198711,0.00175633,0.00155252
Gram_error_fro,2.0,1,14,5,0.0,0.06631509,0.06927315,0.06140284,0.05232479,0.0441932,0.03735035,0.0316988,0.0270485,0.02321094,0.02002457,0.01735876,0.01511077,0.01320069,0.0115665,0.01015983,0.00894267,0.00788481
Gram_error_fro,4.0,1,14,5,0.0,0.0930712,0.07116678,0.05381528,0.04201477,0.03348868,0.02703443,0.02203823,0.01812955,0.01504975,0.01260537,0.01064875,0.00906718,0.00777511,0.006708,0.00581726,0.0050663,0.00442751
Gram_error_fro,4.0,1,14,5,0.0,0.06618344,0.04915587,0.03578178,0.02741234,0.0225683,0.01989152,0.01839666,0.01747398,0.01679412,0.01619747,0.01561441,0.01501945,0.01440736,0.01378152,0.01314832,0.0125146,0.01188659
Gram_error_fro,4.0,1,14,5,0.0,0.05537716,0.0433441,0.03280013,0.02543722,0.01995697,0.0157582,0.01253173,0.01005029,0.00813065,0.00663031,0.00544322,0.00449258,0.00372311,0.0030948,0.00257819,0.00215121,0.00179691
Gram_error_fro,4.0,1,14,5,0.0,0.08470709,0.05992854,0.03902319,0.02677311,0.01975309,0.01545082,0.01255517,0.01044209,0.00881323,0.00751526,0.00646023,0.00559171,0.00487005,0.00426572,0.00375586,0.0033225,0.00295138
Gram_error_fro,4.0,1,14,5,0.0,0.05921546,0.0514734,0.04174091,0.03454507,0.02986571,0.02688703,0.02487868,0.02337566,0.02212476,0.02099938,0.01994011,0.01892115,0.01793292,0.01697325,0.01604311,0.01514448,0.0142794
Gram_error_fro,6.0,1,14,5,0.0,0.09619818,0.08456815,0.0692586,0.05677349,0.04717374,0.03971428,0.03377951,0.02895642,0.02497137,0.02163653,0.01881777,0.01641611,0.01435658,0.01258117,0.01104412,0.00970872,0.00854516
Gram_error_fro,4.0,1,14,5,0.0,0.08918636,0.06198177,0.0412734,0.02826558,0.02027898,0.01541699,0.01245044,0.01058253,0.00932001,0.00838148,0.00761852,0.00695717,0.00636181,0.00581554,0.00531025,0.00484182,0.00440783
Gram_error_fro,4.0,1,14,5,0.0,0.05691202,0.05119333,0.04371855,0.03670197,0.03059987,0.02553732,0.02143902,0.01814913,0.01550236,0.01335455,0.01159074,0.01012329,0.00888686,0.00783306,0.00692597,0.00613866,0.00545071
Gram_error_fro,6.0,1,14,5,0.0,0.10177432,0.072054,0.04900815,0.03435769,0.02498251,0.01872673,0.01435932,0.0111932,0.00883185,0.00703358,0.00564263,0.00455375,0.00369323,0.00300793,0.0024587,0.00201621,0.00165812
Gram_error_fro,4.0,1,14,5,0.0,0.09750709,0.08477926,0.06723427,0.05313687,0.0424354,0.03428396,0.02800187,0.02310604,0.01925105,0.01618465,0.01372011,0.01171824,0.01007484,0.00871174,0.00756999,0.00660499,0.00578271
Gram_error_fro,0.0,1,14,4,0.0,0.0,0.0,0.0,0.0,0.0,0.0,0.0,0.0,0.0,0.0,0.0,0.0,0.0,0.0,0.0,0.0,0.0
Gram_error_fro,2.0,1,14,4,0.0,0.06682837,0.05607501,0.04224369,0.03173523,0.02405037,0.01837498,0.0141373,0.01094629,0.00852606,0.00667795,0.00525737,0.00415847,0.00330328,0.00263408,0.0021078,0.00169206,0.00136235
Gram_error_fro,2.0,1,14,4,0.0,0.00605425,0.00278769,0.00219531,0.0027578,0.00326314,0.00357336,0.00372165,0.00374845,0.00368717,0.00356436,0.00340075,0.00321212,0.00301018,0.00280342,0.00259782,0.00239752,0.00220524
Gram_error_fro,0.0,1,14,4,0.0,0.0,0.0,0.0,0.0,0.0,0.0,0.0,0.0,0.0,0.0,0.0,0.0,0.0,0.0,0.0,0.0,0.0
Gram_error_fro,0.0,1,14,4,0.0,0.0,0.0,0.0,0.0,0.0,0.0,0.0,0.0,0.0,0.0,0.0,0.0,0.0,0.0,0.0,0.0,0.0
Gram_error_fro,2.0,1,14,4,0.0,0.07663978,0.0773843,0.06758191,0.05685944,0.04722484,0.0390637,0.03232641,0.02683417,0.02238069,0.0187716,0.01583896,0.01344425,0.01147644,0.00984795,0.00849033,0.00735029,0.00638635
Gram_error_fro,2.0,1,14,4,0.0,0.01877876,0.01437323,0.01125829,0.0092221,0.00784227,0.00680738,0.0059618,0.00523704,0.00460256,0.00404288,0.00354837,0.0031118,0.00272697,0.00238837,0.00209095,0.00183008,0.00160158
Gram_error_fro,2.0,1,14,4,0.0,0.05208945,0.05936551,0.05646233,0.05103573,0.04534666,0.04004751,0.03529685,0.03109932,0.0274128,0.0241833,0.02135662,0.01888232,0.01671497,0.0148144,0.01314546,0.01167767,0.01038469
Gram_error_fro,2.0,2,14,4,0.0,0.04157593,0.03461344,0.02621696,0.02005198,0.0161875,0.01402647,0.01298534,0.01261783,0.01262261,0.01281582,0.01309318,0.01339841,0.0137023,0.01399045,0.01425645,0.01449815,0.01471561
Gram_error_fro,4.0,1,14,4,0.0,0.0503794,0.04614537,0.03698784,0.02904469,0.02294903,0.0183053,0.01470733,0.01187313,0.0096149,0.00780265,0.00634185,0.00516102,0.0042047,0.0034292,0.00279973,0.00228841,0.00187281
Gram_error_fro,4.0,1,14,4,0.0,0.10010286,0.07791959,0.05873808,0.04730397,0.04008602,0.03482823,0.0305722,0.0269449,0.02379011,0.02102707,0.01860174,0.01647097,0.0145976,0.01294902,0.01149663,0.01021545,0.0090838
Gram_error_fro,4.0,1,14,4,0.0,0.05386555,0.04415776,0.03964877,0.03560486,0.03160614,0.02783169,0.02440707,0.02137289,0.01871922,0.01641273,0.01441214,0.01267617,0.01116704,0.00985176,0.00870221,0.00769475,0.00680957
Gram_error_fro,2.0,1,14,4,0.0,0.06682837,0.05607501,0.04224369,0.03173523,0.02405037,0.01837498,0.0141373,0.01094629,0.00852606,0.00667795,0.00525737,0.00415847,0.00330328,0.00263408,0.0021078,0.00169206,0.00136235
Gram_error_fro,4.0,1,14,4,0.0,0.0679771,0.05334397,0.04076538,0.03165056,0.02500796,0.01999857,0.01612477,0.01308722,0.01068668,0.0087789,0.00725479,0.00603058,0.00504157,0.0042378,0.0035806,0.00303995,0.00259253
Gram_error_fro,4.0,1,14,4,0.0,0.10122925,0.07220723,0.0519416,0.04127444,0.03527573,0.03115173,0.02781015,0.02488681,0.02226601,0.01990619,0.01778471,0.01588236,0.01418007,0.01265895,0.01130083,0.01008872,0.00900707
Gram_error_fro,6.0,1,14,4,0.0,0.06337421,0.05544295,0.04773848,0.04148071,0.03659405,0.03271025,0.02950944,0.02677776,0.02438337,0.02224596,0.02031552,0.01855952,0.01695562,0.01548742,0.01414209,0.01290902,0.01177906
Gram_error_fro,0.0,1,14,3,0.0,0.0,0.0,0.0,0.0,0.0,0.0,0.0,0.0,0.0,0.0,0.0,0.0,0.0,0.0,0.0,0.0,0.0
Gram_error_fro,2.0,1,14,3,0.0,0.03440023,0.02224289,0.01739453,0.01501826,0.01343182,0.0121673,0.01107305,0.01008851,0.00918634,0.00835345,0.00758321,0.00687178,0.00621636,0.00561444,0.00506339,0.00456045,0.00410266
Gram_error_fro,2.0,1,14,3,0.0,0.01302764,0.00996028,0.00914888,0.00779394,0.00651309,0.00543154,0.00453152,0.00378176,0.00315641,0.00263484,0.00220005,0.00183782,0.00153612,0.00128486,0.00107555,0.00090112,0.00075568
Gram_error_fro,2.0,1,14,3,0.0,0.03089217,0.01627392,0.01073005,0.0079455,0.00611089,0.00475914,0.00372565,0.00292563,0.00230316,0.00181738,0.00143733,0.00113931,0.00090506,0.0007205,0.00057477,0.00045943,0.00036795
Gram_error_fro,2.0,1,14,3,0.0,0.03539927,0.02501301,0.020131,0.01683235,0.01425843,0.01215322,0.01039803,0.00892121,0.00767258,0.00661354,0.005713,0.00494526,0.00428897,0.0037264,0.0032428,0.00282595,0.0024657
Gram_error_fro,2.0,1,14,3,0.0,0.02623661,0.01572178,0.01064145,0.00788885,0.00610857,0.00487107,0.00397949,0.00331472,0.00280032,0.00238803,0.00204784,0.00176112,0.00151603,0.00130475,0.00112182,0.00096318,0.00082561
Gram_error_fro,4.0,1,14,3,0.0,0.03378203,0.01853289,0.01260296,0.00963736,0.00771641,0.00631715,0.00524544,0.0044062,0.00374168,0.00321115,0.00278354,0.00243472,0.00214601,0.00190328,0.00169604,0.00151659,0.00135938
Gram_error_fro,4.0,1,14,3,0.0,0.04653735,0.02140417,0.01450864,0.01217662,0.01082814,0.0097544,0.0088085,0.00795647,0.00718763,0.00649509,0.00587206,0.00531163,0.00480713,0.00435248,0.00394226,0.00357171,0.00323669
Gram_error_fro,4.0,1,14,3,0.0,0.06130992,0.03409662,0.02195309,0.01561302,0.01172292,0.00907327,0.00715708,0.00572229,0.00462389,0.00376961,0.00309685,0.00256149,0.00213155,0.00178348,0.0014996,0.00126653,0.00107401
Gram_error_fro,4.0,1,14,3,0.0,0.06050474,0.02837267,0.01957527,0.01681931,0.01510235,0.01366151,0.01236992,0.01119304,0.01011577,0.0091296,0.00822858,0.00740751,0.00666129,0.00598473,0.00537262,0.00481977,0.00432119
Gram_error_fro,4.0,1,14,3,0.0,0.04764798,0.03887515,0.03401985,0.03036285,0.02709702,0.02412061,0.02142727,0.01900654,0.0168405,0.0149082,0.01318824,0.0116599,0.01030366,0.00910143,0.00803666,0.0070943,0.00626076
Gram_error_fro,4.0,1,14,3,0.0,0.04450694,0.02035663,0.01335225,0.00985996,0.00751978,0.00580885,0.0045195,0.00353271,0.00277,0.00217657,0.00171283,0.00134944,0.00106421,0.00084009,0.00066386,0.00052522,0.00041608
Gram_error_fro,6.0,1,14,3,0.0,0.06010911,0.03001159,0.01961075,0.01508202,0.01247106,0.01065497,0.00924742,0.00809073,0.00710974,0.00626293,0.00552428,0.00487581,0.00430425,0.0037993,0.00335263,0.00295731,0.00260745
Gram_error_fro,6.0,1,14,3,0.0,0.07190216,0.03726649,0.02384993,0.01771305,0.01375244,0.01080683,0.00853408,0.00676276,0.00537581,0.00428573,0.00342588,0.00274527,0.00220477,0.00177424,0.00143036,0.001155,0.00093404
Gram_error_fro,4.0,1,14,3,0.0,0.06751447,0.04813277,0.03464939,0.02615514,0.02043486,0.01633637,0.01327086,0.01090761,0.00904383,0.00754765,0.00632978,0.00532771,0.00449634,0.00380222,0.00321993,0.00272968,0.00231581
Gram_error_fro,6.0,1,14,3,0.0,0.02922886,0.01731537,0.01416603,0.01257092,0.01127735,0.01017431,0.00922108,0.00838104,0.00762782,0.00694468,0.00632113,0.00575027,0.00522714,0.00474787,0.00430914,0.00390799,0.00354168
Gram_error_fro,0.0,1,14,2,0.0,0.0,0.0,0.0,0.0,0.0,0.0,0.0,0.0,0.0,0.0,0.0,0.0,0.0,0.0,0.0,0.0,0.0
Gram_error_fro,2.0,1,14,2,0.0,0.02922983,0.02085943,0.01622812,0.01294204,0.01044213,0.00848936,0.0069399,0.00569763,0.00469407,0.00387835,0.00321183,0.00266475,0.00221399,0.00184139,0.00153261,0.0012762,0.00106294
Gram_error_fro,2.0,1,14,2,0.0,0.04906534,0.03752784,0.02960877,0.02371606,0.01912078,0.01550559,0.01264785,0.01037379,0.00855017,0.00707657,0.00587746,0.00489569,0.00408759,0.00341942,0.00286485,0.0024031,0.00201764
Gram_error_fro,2.0,1,14,2,0.0,0.06559083,0.02698521,0.01253161,0.00709643,0.0047442,0.00351504,0.00275522,0.00222956,0.0018396,0.00153679,0.00129411,0.00109525,0.00092974,0.00079053,0.00067261,0.0005723,0.00048675
Gram_error_fro,2.0,1,14,2,0.0,0.01445029,0.00769746,0.0055682,0.00488339,0.00457593,0.00434044,0.00410103,0.00384705,0.00358381,0.00331872,0.00305792,0.00280581,0.00256531,0.0023382,0.00212541,0.00192733,0.0017439
Gram_error_fro,2.0,1,14,2,0.0,0.0122016,0.00507459,0.00323916,0.00235714,0.00175394,0.0013329,0.00106611,0.000921,0.00085452,0.00082683,0.00081198,0.0007971,0.00077724,0.00075138,0.00072014,0.00068471,0.00064638
Gram_error_fro,2.0,1,14,2,0.0,0.03724081,0.03267663,0.02980548,0.0273012,0.02491604,0.02264384,0.02051221,0.01853876,0.01672811,0.01507636,0.01357508,0.01221381,0.01098151,0.00986728,0.00886073,0.00795219,0.0071327
Gram_error_fro,2.0,1,14,2,0.0,0.06865921,0.03038803,0.01480824,0.00829818,0.00522067,0.00359846,0.00266983,0.00209907,0.00172068,0.00144871,0.00123836,0.00106642,0.00092085,0.00079518,0.00068568,0.00058999,0.00050641
Gram_error_fro,2.0,1,14,2,0.0,0.03045432,0.0208479,0.01583862,0.01243701,0.00992255,0.00800012,0.00649977,0.0053119,0.00436129,0.00359413,0.00297071,0.00246119,0.00204277,0.0016978,0.0014125,0.00117595,0.00097944
Gram_error_fro,2.0,1,14,2,0.0,0.02852505,0.01946768,0.0139358,0.0101163,0.00734603,0.00533739,0.00388624,0.00283688,0.00207494,0.00151879,0.00111081,0.00081033,0.00058845,0.00042446,0.00030337,0.00021425,0.00014908
Gram_error_fro,4.0,1,14,2,0.0,0.04894208,0.03147103,0.02270442,0.01753395,0.0140573,0.01160196,0.00981938,0.00848567,0.00745132,0.00661825,0.00592349,0.00532715,0.00480403,0.00433804,0.00391869,0.00353894,0.00319383
Gram_error_fro,6.0,1,14,2,0.0,0.10737774,0.1203489,0.11835492,0.11200135,0.10426797,0.09622376,0.08832966,0.08080671,0.07375993,0.06723105,0.06122563,0.0557286,0.05071354,0.04614838,0.0419988,0.03823043,0.03481001
Gram_error_fro,6.0,1,14,2,0.0,0.07673745,0.03735539,0.0186702,0.01045087,0.00666316,0.00477759,0.00374524,0.00311153,0.00267063,0.00232816,0.00204123,0.00179052,0.0015673,0.00136742,0.0011886,0.00102924,0.00088796
Gram_error_fro,2.0,1,14,2,0.0,0.06748822,0.02749418,0.01248342,0.0071049,0.00508171,0.0041896,0.00365775,0.00324698,0.00288885,0.00256462,0.00226918,0.00200084,0.00175843,0.0015407,0.00134615,0.00117314,0.00101993
Gram_error_fro,4.0,1,14,2,0.0,0.02735387,0.0200019,0.01491741,0.01162434,0.0094147,0.0078802,0.00675843,0.00588849,0.00517808,0.00457584,0.00405288,0.00359228,0.00318339,0.00281897,0.00249364,0.00220316,0.00194394
Gram_error_fro,4.0,1,14,2,0.0,0.0580368,0.03569561,0.02462522,0.01790874,0.01325987,0.00991257,0.00747869,0.00570517,0.00441403,0.00347711,0.00280026,0.00231266,0.00196021,0.00170162,0.00150633,0.00135266,0.00122607
Gram_error_fro,0.0,1,14,2,0.0,0.0,0.0,0.0,0.0,0.0,0.0,0.0,0.0,0.0,0.0,0.0,0.0,0.0,0.0,0.0,0.0,0.0
Gram_error_fro,2.0,1,14,2,0.0,0.0094035,0.00538484,0.0029127,0.00146062,0.00081611,0.00096699,0.00129967,0.00156196,0.00173777,0.00184253,0.00189261,0.0019014,0.00187934,0.00183457,0.00177338,0.00170068,0.0016203
Gram_error_fro,2.0,1,14,2,0.0,0.01416667,0.00554767,0.00385261,0.00383093,0.00394517,0.00399497,0.00395929,0.00384994,0.00368628,0.00348677,0.0032664,0.00303646,0.00280513,0.00257811,0.00235925,0.00215103,0.00195498
Gram_error_fro,2.0,1,14,2,0.0,0.05534501,0.04248608,0.03516685,0.03030257,0.0264669,0.02325671,0.02050798,0.01812653,0.01604767,0.01422322,0.01261583,0.01119573,0.00993859,0.00882419,0.00783541,0.00695755,0.00617791
Gram_error_fro,2.0,1,14,2,0.0,0.0234117,0.01256823,0.0078626,0.00570594,0.00445195,0.00360218,0.00298993,0.00253548,0.00218966,0.00191946,0.00170243,0.00152335,0.001372,0.00124145,0.00112699,0.00102537,0.00093429
Gram_error_fro,2.0,1,14,2,0.0,0.02102844,0.01825744,0.01579892,0.01370702,0.01198367,0.01057379,0.00940405,0.00841522,0.00756483,0.00682301,0.00616855,0.00558606,0.00506416,0.00459419,0.00416942,0.00378447,0.00343493
Gram_error_fro,4.0,1,14,2,0.0,0.05032686,0.04434757,0.03600718,0.02906961,0.02361578,0.0193755,0.01607603,0.01349111,0.0114444,0.00980301,0.00846865,0.00736917,0.00645166,0.0056771,0.00501648,0.00444799,0.00395498
Gram_error_fro,4.0,1,14,2,0.0,0.07102574,0.05407606,0.04051558,0.03098823,0.02413307,0.01914076,0.01549807,0.01284141,0.01089927,0.00946669,0.00839096,0.00756134,0.00689998,0.00635372,0.00588716,0.00547706,0.00510835
Gram_error_fro,2.0,1,14,2,0.0,0.0094035,0.00538484,0.00294045,0.00155301,0.00113557,0.00145208,0.00186447,0.00218598,0.00240339,0.00253198,0.0025898,0.00259289,0.00255455,0.00248555,0.00239448,0.00228815,0.00217191
Gram_error_fro,4.0,1,14,2,0.0,0.04162507,0.03092958,0.02226759,0.0167525,0.01328882,0.01096814,0.00930638,0.00805309,0.00706799,0.00626671,0.00559644,0.00502324,0.00452475,0.0040858,0.00369572,0.00334674,0.00303302
Gram_error_fro,2.0,1,14,2,0.0,0.02200991,0.02050087,0.01594306,0.01245742,0.00992086,0.00801056,0.00654225,0.00540225,0.00451089,0.00380934,0.00325338,0.00280943,0.00245184,0.00216087,0.00192131,0.00172145,0.00155234
Gram_error_fro,2.0,1,14,2,0.0,0.00785236,0.0037985,0.00167661,0.00306837,0.00446419,0.00537471,0.00590411,0.00616122,0.00622871,0.00616628,0.00601634,0.00580888,0.00556509,0.00529993,0.00502399,0.00474474,0.00446745
Gram_error_fro,4.0,1,14,2,0.0,0.06102738,0.04420429,0.03470232,0.0286455,0.02415629,0.02063047,0.01778909,0.01545883,0.01351898,0.01188259,0.01048627,0.00928326,0.00823855,0.00732545,0.00652329,0.0058157,0.0051895
Gram_error_fro,4.0,1,14,2,0.0,0.08581624,0.03771801,0.02212156,0.01614495,0.01324241,0.01165135,0.01068569,0.01000272,0.00943007,0.0088895,0.00835176,0.00781071,0.00726982,0.00673561,0.00621471,0.00571272,0.00523386
Gram_error_fro,4.0,1,14,2,0.0,0.00891855,0.00521719,0.00528248,0.0059301,0.00623916,0.00621117,0.00596782,0.00560644,0.00519038,0.00475823,0.00433268,0.00392648,0.00354632,0.00319512,0.00287359,0.00258106,0.00231612
Gram_error_fro,6.0,1,14,2,0.0,0.11844941,0.0713689,0.05081389,0.03848725,0.0296216,0.02294869,0.01788599,0.01404712,0.01114285,0.00895067,0.00729856,0.00605323,0.00511136,0.00439318,0.00383775,0.00339941,0.00304476
Gram_error_fro,0.0,1,14,1,0.0,0.0,0.0,0.0,0.0,0.0,0.0,0.0,0.0,0.0,0.0,0.0,0.0,0.0,0.0,0.0,0.0,0.0
Gram_error_fro,2.0,1,14,1,0.0,0.02677202,0.01222177,0.00936854,0.00820284,0.0073909,0.00669364,0.0060631,0.00548794,0.00496349,0.00448611,0.0040523,0.00365864,0.00330182,0.0029787,0.00268632,0.00242194,0.00218299
Gram_error_fro,2.0,1,14,1,0.0,0.02677202,0.01222177,0.00936854,0.00820284,0.0073909,0.00669364,0.0060631,0.00548794,0.00496349,0.00448611,0.0040523,0.00365864,0.00330182,0.0029787,0.00268632,0.00242194,0.00218299
Gram_error_fro,2.0,1,14,1,0.0,0.02640721,0.01211669,0.00936943,0.00826371,0.00748965,0.00681742,0.00620354,0.00563901,0.00512058,0.00464565,0.00421151,0.00381539,0.00345451,0.00312616,0.00282772,0.00255672,0.00231083
Gram_error_fro,2.0,1,14,1,0.0,0.02182711,0.01092676,0.00840353,0.00714984,0.00622601,0.00545405,0.00478641,0.00420366,0.00369369,0.00324703,0.00285564,0.00251254,0.00221164,0.00194758,0.00171573,0.00151204,0.00133297
Gram_error_fro,2.0,1,14,1,0.0,0.00069512,0.0001132,5.134e-05,4.318e-05,3.978e-05,3.58e-05,3.167e-05,2.787e-05,2.455e-05,2.167e-05,1.919e-05,1.702e-05,1.512e-05,1.345e-05,1.197e-05,1.066e-05,9.5e-06
Gram_error_fro,4.0,1,14,1,0.0,0.04819439,0.02654025,0.0207899,0.01793265,0.01588298,0.0141764,0.01268122,0.01135067,0.01016143,0.00909742,0.00814539,0.00729366,0.00653175,0.00585022,0.00524054,0.0046951,0.00420703
Gram_error_fro,2.0,1,14,1,0.0,0.02040056,0.01061707,0.00814337,0.0068862,0.00599526,0.00527804,0.00466894,0.004139,0.00367274,0.00326035,0.00289474,0.00257026,0.00228216,0.00202633,0.00179915,0.0015974,0.00141824
Gram_error_fro,4.0,1,14,1,0.0,0.02034914,0.01066537,0.0081019,0.00684442,0.0059791,0.00528475,0.00469177,0.00417332,0.00371592,0.00331081,0.00295131,0.00263194,0.00234799,0.00209539,0.00187055,0.00167033,0.00149195
Gram_error_fro,2.0,1,14,1,0.0,0.02789333,0.0124508,0.00931868,0.00805003,0.0072091,0.00651453,0.00589959,0.00534502,0.00484262,0.00438707,0.003974,0.0035995,0.00326004,0.00295237,0.00267354,0.00242089,0.00219196
Gram_error_fro,2.0,1,14,1,0.0,0.02789333,0.0124508,0.00944483,0.00823448,0.00740121,0.00668977,0.00604859,0.00546533,0.00493478,0.00445295,0.00401603,0.00362035,0.0032624,0.00293887,0.00264665,0.00238286,0.00214486
Gram_error_fro,4.0,1,14,1,0.0,0.05994716,0.0303357,0.02287373,0.01925617,0.01669889,0.01462186,0.01285392,0.01132313,0.00998788,0.00881878,0.00779285,0.00689118,0.00609781,0.00539906,0.00478311,0.00423972,0.00375998
Gram_error_fro,6.0,1,14,1,0.0,0.05686292,0.0291223,0.02117372,0.01725225,0.01462152,0.01259278,0.01092635,0.00951792,0.00831142,0.00727069,0.00636928,0.00558638,0.00490497,0.00431085,0.00379202,0.00333831,0.00294102
Gram_error_fro,6.0,1,14,1,0.0,0.04819439,0.02654025,0.02001741,0.01654055,0.01404862,0.01204364,0.01036061,0.00892669,0.00769859,0.00664461,0.00573913,0.00496062,0.00429076,0.00371392,0.00321675,0.00278786,0.00241755
Gram_error_fro,4.0,1,14,1,0.0,0.05114535,0.02726386,0.02124796,0.01837027,0.01631655,0.01459268,0.01306924,0.01170452,0.01047878,0.00937812,0.00839062,0.0075054,0.00671246,0.00600258,0.00536734,0.00479907,0.00429083
Gram_error_fro,6.0,1,14,1,0.0,0.07483252,0.03481422,0.02521845,0.0210319,0.0182307,0.01597282,0.01403451,0.01233967,0.01085078,0.00954177,0.00839113,0.00738006,0.00649185,0.0057117,0.00502645,0.0044245,0.00389562
Gram_error_fro,0.0,1,14,2,0.0,0.0,0.0,0.0,0.0,0.0,0.0,0.0,0.0,0.0,0.0,0.0,0.0,0.0,0.0,0.0,0.0,0.0
Gram_error_fro,0.0,1,14,2,0.0,0.0,0.0,0.0,0.0,0.0,0.0,0.0,0.0,0.0,0.0,0.0,0.0,0.0,0.0,0.0,0.0,0.0
Gram_error_fro,2.0,1,14,2,0.0,0.01145176,0.00658454,0.00418325,0.00315929,0.00272966,0.00250831,0.00233601,0.00216381,0.00198401,0.00180089,0.00162047,0.00144757,0.00128536,0.0011356,0.00099901,0.00087561,0.00076495
Gram_error_fro,0.0,1,14,2,0.0,0.0,0.0,0.0,0.0,0.0,0.0,0.0,0.0,0.0,0.0,0.0,0.0,0.0,0.0,0.0,0.0,0.0
Gram_error_fro,2.0,1,14,2,0.0,0.05724721,0.04587866,0.03679188,0.02987938,0.02441619,0.02005852,0.01656829,0.01375766,0.01147941,0.00961995,0.00809214,0.006829,0.00577878,0.0049012,0.00416467,0.00354416,0.00301973
Gram_error_fro,2.0,1,14,2,0.0,0.0242492,0.02102508,0.01796956,0.01520836,0.01284506,0.01085636,0.00918893,0.00779053,0.00661608,0.00562787,0.00479458,0.00409034,0.00349383,0.00298747,0.00255677,0.00218976,0.00187652
Gram_error_fro,2.0,1,14,2,0.0,0.00634665,0.00313742,0.00255506,0.00225927,0.00202746,0.00183071,0.00166341,0.00152052,0.00139664,0.00128709,0.00118841,0.00109814,0.00101469,0.000937,0.00086438,0.00079638,0.00073268
Gram_error_fro,4.0,1,14,2,0.0,0.05485895,0.05000848,0.04265403,0.03584471,0.03001702,0.02514918,0.0211112,0.0177636,0.01498286,0.01266586,0.01072851,0.0091029,0.00773437,0.00657885,0.0056007,0.00477091,0.00406576
Gram_error_fro,4.0,1,14,2,0.0,0.02233911,0.01173034,0.00680611,0.0072923,0.00872254,0.00960336,0.00990312,0.00978966,0.00941483,0.00888854,0.00828484,0.00765189,0.00702013,0.0064082,0.00582696,0.00528222,0.00477651
Gram_error_fro,4.0,1,14,2,0.0,0.02157494,0.0140702,0.01109224,0.00893434,0.00718916,0.00578243,0.00465347,0.00374773,0.00302025,0.002435,0.00196334,0.00158252,0.0012745,0.00102499,0.00082263,0.00065839,0.00052504
Gram_error_fro,2.0,1,14,2,0.0,0.05115324,0.03963303,0.03489677,0.03165859,0.0289401,0.02650245,0.02427437,0.02222922,0.02035209,0.01863077,0.0170536,0.01560923,0.01428672,0.01307579,0.01196683,0.01095103,0.01002033
Gram_error_fro,4.0,1,14,2,0.0,0.05910388,0.05025425,0.04114751,0.03342112,0.02705745,0.02191808,0.01780216,0.01450738,0.011861,0.00972539,0.00799358,0.00658295,0.0054294,0.00448296,0.0037043,0.0030623,0.00253207
Gram_error_fro,4.0,1,14,2,0.0,0.02286679,0.020199,0.01692576,0.01401283,0.01164537,0.00975227,0.00822409,0.00697296,0.00593612,0.00506888,0.00433847,0.00372005,0.00319427,0.00274575,0.0023621,0.00203321,0.00175075
Gram_error_fro,4.0,1,14,2,0.0,0.05108984,0.06240087,0.06352149,0.06103571,0.05718699,0.05284065,0.04840019,0.04407791,0.03998712,0.03618333,0.03268722,0.02949866,0.02660553,0.02398932,0.02162861,0.0195012,0.01758535
Gram_error_fro,6.0,1,14,2,0.0,0.05477204,0.06744912,0.06920859,0.06711423,0.06353366,0.05935934,0.05500636,0.05069686,0.04655437,0.04264495,0.03899953,0.03562747,0.03252512,0.02968131,0.02708082,0.02470655,0.02254095
Gram_error_fro,4.0,1,14,2,0.0,0.05419789,0.04585322,0.04191632,0.03863416,0.0354429,0.03233877,0.02938168,0.02661207,0.02404878,0.02169614,0.01954964,0.01759957,0.01583339,0.01423727,0.01279707,0.01149896,0.01032977
Gram_error_fro,0.0,1,14,3,0.0,0.0,0.0,0.0,0.0,0.0,0.0,0.0,0.0,0.0,0.0,0.0,0.0,0.0,0.0,0.0,0.0,0.0
Gram_error_fro,2.0,1,14,3,0.0,0.06362469,0.03802043,0.02278925,0.01475305,0.01024443,0.00745811,0.00559452,0.00428138,0.00332489,0.00261239,0.00207277,0.00165861,0.00133713,0.00108509,0.00088573,0.00072675,0.00059907
Gram_error_fro,2.0,1,14,3,0.0,0.0602598,0.03028342,0.01565679,0.00927509,0.00623133,0.00452906,0.00343325,0.00266526,0.00210221,0.00167862,0.00135421,0.0011021,0.00090358,0.00074539,0.00061797,0.00051438,0.00042951
Gram_error_fro,2.0,1,14,3,0.0,0.04728415,0.04162036,0.03383339,0.02709177,0.02154624,0.01708485,0.01353348,0.01071839,0.00848975,0.00672589,0.00533037,0.00422738,0.00335737,0.00267342,0.00213839,0.0017227,0.00140254
Gram_error_fro,2.0,1,14,3,0.0,0.04793576,0.03148655,0.02105748,0.01470654,0.01058502,0.00791072,0.00623211,0.0052128,0.00459059,0.00418135,0.00387443,0.00361236,0.00336898,0.00313423,0.0029055,0.00268323,0.00246887
Gram_error_fro,2.0,1,14,3,0.0,0.00703845,0.00362364,0.00298759,0.00397671,0.00484076,0.00542697,0.00577673,0.005935,0.00594204,0.00583355,0.00564017,0.00538731,0.00509539,0.00478049,0.00445498,0.00412821,0.00380707
Gram_error_fro,4.0,1,14,3,0.0,0.06189074,0.07056126,0.06854768,0.06355385,0.05783392,0.05215624,0.04680636,0.04188861,0.03742941,0.03341861,0.02982876,0.02662498,0.02377033,0.02122867,0.01896612,0.01695172,0.01515759
Gram_error_fro,4.0,1,14,3,0.0,0.06868883,0.07371609,0.07109011,0.06571535,0.05963197,0.05362717,0.04799719,0.04284598,0.0381958,0.03403145,0.03032029,0.0270224,0.02409614,0.02150105,0.01919947,0.01715717,0.01534357
Gram_error_fro,4.0,1,14,3,0.0,0.08480249,0.07509906,0.06785144,0.06084597,0.05410109,0.04785523,0.0422128,0.03718755,0.03274845,0.02884505,0.02542073,0.02241937,0.01978862,0.01748127,0.01545556,0.01367505,0.01210814
Gram_error_fro,4.0,1,14,3,0.0,0.05739782,0.02972304,0.01606817,0.01017659,0.00734752,0.00568462,0.00453481,0.00366734,0.00298491,0.00243673,0.0019915,0.00162775,0.00132967,0.0010851,0.00088439,0.00071975,0.00058482
Gram_error_fro,4.0,1,14,3,0.0,0.06889756,0.07468902,0.07177836,0.06580269,0.05909419,0.05258345,0.0465986,0.04122727,0.03646224,0.03225965,0.02856329,0.02531525,0.0224607,0.01994988,0.01773866,0.01578845,0.01406581
Gram_error_fro,4.0,1,14,3,0.0,0.05015527,0.04185615,0.03324178,0.02601295,0.02025597,0.01578068,0.01233379,0.00968189,0.00763588,0.00605042,0.0048161,0.0038509,0.00309311,0.00249602,0.00202402,0.00164973,0.00135199
Gram_error_fro,4.0,1,14,3,0.0,0.07732158,0.07108381,0.05948297,0.04810883,0.03842324,0.0306077,0.02442693,0.01956667,0.01574178,0.01272055,0.01032231,0.00840841,0.00687291,0.00563478,0.00463182,0.00381596,0.00314985
Gram_error_fro,4.0,1,14,3,0.0,0.05426928,0.0491865,0.04012385,0.03210169,0.02591223,0.02135193,0.01801932,0.0155502,0.01366874,0.01218238,0.01096293,0.00992761,0.00902399,0.00821912,0.00749225,0.00683012,0.00622398
Gram_error_fro,4.0,1,14,3,0.0,0.08792499,0.07802073,0.06385979,0.05152708,0.04167641,0.03402093,0.02810123,0.02349524,0.01986736,0.01696617,0.01460848,0.01266238,0.0110331,0.00965225,0.00846993,0.00744922,0.00656226
Gram_error_fro,4.0,1,14,3,0.0,0.07706919,0.07802056,0.06894961,0.05906427,0.05031583,0.04291905,0.03671235,0.03149214,0.02708211,0.02333983,0.02015135,0.01742503,0.01508664,0.01307559,0.01134205,0.00984484,0.00854962
Gram_error_fro,0.0,1,14,2,0.0,0.0,0.0,0.0,0.0,0.0,0.0,0.0,0.0,0.0,0.0,0.0,0.0,0.0,0.0,0.0,0.0,0.0
Gram_error_fro,2.0,1,14,2,0.0,0.04341596,0.04297859,0.03626048,0.02972728,0.02429475,0.01994106,0.01647997,0.0137219,0.01150917,0.00971886,0.00825729,0.00705354,0.00605384,0.0052172,0.00451213,0.00391423,0.00340439
Gram_error_fro,2.0,1,14,2,0.0,0.04620204,0.03399932,0.0268476,0.02193355,0.01816715,0.01515437,0.01269742,0.01067348,0.00899571,0.00759831,0.00642984,0.00544947,0.0046245,0.00392854,0.00334018,0.0028419,0.00241928
Gram_error_fro,2.0,1,14,2,0.0,0.00682688,0.0024566,0.00175088,0.00168277,0.00168266,0.00165571,0.00159564,0.00151236,0.00141578,0.00131314,0.0012093,0.00110743,0.00100953,0.00091683,0.00083,0.00074934,0.00067492
Gram_error_fro,2.0,1,14,2,0.0,0.00682688,0.0024566,0.00177639,0.0019366,0.00212571,0.00226534,0.00235807,0.00241012,0.00242684,0.00241335,0.00237469,0.00231568,0.00224074,0.00215384,0.00205838,0.00195728,0.00185294
Gram_error_fro,2.0,1,14,2,0.0,0.02934527,0.02020942,0.01630107,0.01409559,0.01252371,0.01125523,0.01015168,0.00915576,0.00824523,0.00741118,0.00664895,0.00595474,0.00532466,0.00475458,0.00424018,0.00377712,0.00336114
Gram_error_fro,2.0,1,14,2,0.0,0.00693224,0.00392533,0.00235712,0.00148597,0.00095299,0.00061238,0.0003999,0.00028597,0.00024687,0.00024757,0.00025862,0.00026714,0.00026984,0.00026689,0.00025943,0.00024871,0.00023581
Gram_error_fro,4.0,1,14,2,0.0,0.06712675,0.0387778,0.02925885,0.02358606,0.01934281,0.01599471,0.01330528,0.01112292,0.00933806,0.00786825,0.00665039,0.00563569,0.0047861,0.00407173,0.00346886,0.00295854,0.00252547
Gram_error_fro,4.0,1,14,2,0.0,0.06347881,0.04768763,0.03800497,0.03134268,0.02618529,0.02199165,0.01852335,0.01563753,0.01322884,0.01121304,0.00952152,0.00809826,0.00689758,0.00588222,0.00502172,0.00429105,0.00366962
Gram_error_fro,4.0,1,14,2,0.0,0.08925295,0.06094445,0.04691508,0.03824232,0.03184573,0.02679454,0.02269245,0.0193132,0.01650387,0.01415207,0.0121718,0.01049588,0.00907114,0.00785509,0.00681352,0.00591863,0.00514769
Gram_error_fro,4.0,1,14,2,0.0,0.07629448,0.069063,0.05831788,0.04886056,0.04102698,0.0346465,0.02945479,0.02520538,0.0216976,0.01877585,0.01632122,0.01424284,0.01247073,0.01095046,0.00963922,0.00850297,0.00751431
Gram_error_fro,4.0,1,14,2,0.0,0.05382786,0.02339532,0.01441502,0.01084399,0.00876495,0.00728265,0.00614454,0.00525478,0.00456134,0.00402659,0.00361907,0.00331123,0.00307905,0.00290225,0.00276442,0.00265285,0.00255817
Gram_error_fro,4.0,1,14,2,0.0,0.05242033,0.0370658,0.02999628,0.02522648,0.02145367,0.01835326,0.01577764,0.01362865,0.01182907,0.01031531,0.00903499,0.00794551,0.00701256,0.00620865,0.00551187,0.00490465,0.00437289
Gram_error_fro,4.0,1,14,2,0.0,0.07988224,0.05092941,0.03757837,0.02971146,0.02416558,0.01992696,0.01656943,0.01386093,0.01165091,0.00983217,0.0083249,0.00706826,0.00601517,0.00512879,0.00437995,0.00374534,0.00320612
Gram_error_fro,2.0,1,14,2,0.0,0.10292958,0.08057312,0.06648951,0.05597647,0.04730494,0.04003554,0.03394431,0.02884565,0.0245757,0.02099354,0.01798088,0.01543984,0.01328998,0.01146544,0.00991228,0.00858627,0.00745104
Gram_error_fro,2.0,1,14,2,0.0,0.06931247,0.04528843,0.03745781,0.03310664,0.02944816,0.02608168,0.02299058,0.02019534,0.0177006,0.01549458,0.01355568,0.011858,0.01037476,0.00908031,0.00795104,0.00696577,0.00610579
Gram_error_fro,0.0,1,14,4,0.0,0.0,0.0,0.0,0.0,0.0,0.0,0.0,0.0,0.0,0.0,0.0,0.0,0.0,0.0,0.0,0.0,0.0
Gram_error_fro,2.0,1,14,4,0.0,0.04137136,0.02197461,0.01356452,0.01003319,0.00811659,0.00678617,0.00574423,0.00489105,0.00418134,0.00358719,0.00308791,0.00266702,0.00231102,0.00200885,0.00175142,0.00153128,0.00134233
Gram_error_fro,2.0,1,14,4,0.0,0.0236195,0.01846707,0.01400423,0.01126271,0.00956679,0.00833384,0.00731385,0.00642619,0.00564604,0.004962,0.00436456,0.00384412,0.00339117,0.00299685,0.00265316,0.00235305,0.00209046
Gram_error_fro,2.0,1,14,4,0.0,0.01521006,0.00861175,0.0067406,0.00586003,0.00524322,0.00473217,0.00428396,0.00388094,0.00351413,0.00317872,0.00287199,0.00259201,0.00233711,0.00210565,0.00189593,0.00170626,0.00153496
Gram_error_fro,2.0,1,14,4,0.0,0.06115341,0.04903753,0.03697203,0.02755105,0.02054341,0.01543486,0.01172962,0.00903101,0.00704829,0.00557653,0.00447281,0.00363692,0.00299764,0.00250362,0.00211741,0.00181151,0.00156567
Gram_error_fro,2.0,1,14,4,0.0,0.01911227,0.00992287,0.00611736,0.00429795,0.00322726,0.0025232,0.00203735,0.00169328,0.0014444,0.00126029,0.00112062,0.00101158,0.00092379,0.00085081,0.00078828,0.00073323,0.00068366
Gram_error_fro,4.0,1,14,4,0.0,0.06727016,0.04021072,0.02835007,0.02306203,0.01982994,0.01733801,0.01523243,0.01340103,0.01179448,0.01038215,0.00914027,0.00804858,0.00708916,0.00624612,0.00550534,0.00485431,0.00428203
Gram_error_fro,4.0,1,14,4,0.0,0.04837405,0.02992554,0.020772,0.01620545,0.01361252,0.01188166,0.01054011,0.00939733,0.00838168,0.00746683,0.00664177,0.00589979,0.00523493,0.00464113,0.00411222,0.00364211,0.00322491
Gram_error_fro,2.0,1,14,4,0.0,0.04396506,0.02675731,0.01761233,0.01286542,0.01013329,0.00828597,0.00690515,0.00583334,0.00499303,0.0043327,0.00381227,0.00339917,0.0030671,0.00279532,0.00256796,0.00237324,0.00220264
Gram_error_fro,2.0,1,14,4,0.0,0.03069639,0.02003829,0.01370438,0.01028345,0.00814306,0.00662253,0.00546491,0.00455328,0.00382254,0.0032303,0.00274629,0.00234786,0.00201761,0.00174204,0.00151057,0.00131491,0.00114849
Gram_error_fro,2.0,1,14,4,0.0,0.0196996,0.01392942,0.00895195,0.00622376,0.00526845,0.00504996,0.00495356,0.0048016,0.00457902,0.00430779,0.00401137,0.00370737,0.00340754,0.00311914,0.00284633,0.00259124,0.00235465
Gram_error_fro,4.0,1,14,4,0.0,0.10014717,0.09096919,0.0759034,0.06219644,0.05071152,0.04140917,0.03397909,0.02806091,0.02333165,0.01952874,0.01644751,0.01393102,0.01185953,0.01014151,0.00870665,0.00750058,0.00648095
Gram_error_fro,6.0,1,14,4,0.0,0.0726795,0.04762766,0.03380625,0.0261346,0.02142848,0.01822405,0.01581694,0.01386945,0.01222045,0.01079052,0.0095367,0.0084322,0.00745761,0.00659722,0.00583759,0.00516688,0.00457461
Gram_error_fro,4.0,1,14,4,0.0,0.04407539,0.03384353,0.02636584,0.02178315,0.01853645,0.01594243,0.0137657,0.01191064,0.0103227,0.0089615,0.00779359,0.00679036,0.00592725,0.00518327,0.00454061,0.00398423,0.00350141
Gram_error_fro,4.0,1,14,4,0.0,0.05294105,0.037126,0.02737711,0.02212577,0.01873729,0.01612497,0.01394863,0.01209281,0.01050119,0.00913426,0.00795938,0.00694842,0.00607712,0.00532469,0.00467348,0.00410855,0.00361729
Gram_error_fro,4.0,1,14,4,0.0,0.07735128,0.05153889,0.03548966,0.02636184,0.02075056,0.01698062,0.01425108,0.0121599,0.01049219,0.00912485,0.00798196,0.00701332,0.00618372,0.00546736,0.00484469,0.00430053,0.00382289
Gram_error_fro,0.0,1,14,2,0.0,0.0,0.0,0.0,0.0,0.0,0.0,0.0,0.0,0.0,0.0,0.0,0.0,0.0,0.0,0.0,0.0,0.0
Gram_error_fro,2.0,1,14,2,0.0,0.04901529,0.02135213,0.01587113,0.01376059,0.01228101,0.01100839,0.00985795,0.00881012,0.00785832,0.00699754,0.00622214,0.00552588,0.00490223,0.00434475,0.0038472,0.00340376,0.00300903
Gram_error_fro,2.0,1,14,2,0.0,0.0169373,0.01273663,0.01114935,0.00993925,0.00886864,0.00792045,0.00708521,0.00634861,0.00569629,0.00511603,0.00459797,0.00413416,0.00371813,0.00334443,0.00300843,0.00270612,0.002434
Gram_error_fro,2.0,1,14,2,0.0,0.01293719,0.00743969,0.00586496,0.00497756,0.00425282,0.00362266,0.00307915,0.00261625,0.00222506,0.00189573,0.00161887,0.00138615,0.00119036,0.00102543,0.00088622,0.00076845,0.00066853
Gram_error_fro,2.0,1,14,2,0.0,0.03443894,0.02251333,0.01721712,0.01412059,0.01192955,0.0102296,0.00884544,0.0076877,0.00670394,0.0058597,0.00513033,0.00449718,0.00394557,0.00346369,0.00304185,0.00267198,0.00234728
Gram_error_fro,2.0,1,14,2,0.0,0.05204529,0.02757409,0.02015439,0.01669236,0.0143969,0.0125898,0.01106345,0.00973897,0.00857795,0.00755637,0.00665621,0.00586261,0.0051628,0.00454562,0.0040013,0.00352125,0.00309792
Gram_error_fro,4.0,1,14,2,0.0,0.0648355,0.05267985,0.04114583,0.03179182,0.02440149,0.01866723,0.01426193,0.0108897,0.00830799,0.0063279,0.0048057,0.003633,0.00272821,0.00202974,0.00149092,0.00107623,0.00075859
Gram_error_fro,2.0,1,14,2,0.0,0.02125679,0.01462036,0.01227224,0.01095176,0.00999635,0.00920594,0.00850963,0.0078788,0.00729965,0.00676424,0.00626735,0.00580518,0.00537478,0.00497375,0.00460002,0.0042518,0.00392747
Gram_error_fro,2.0,1,14,2,0.0,0.00683632,0.00345998,0.00230384,0.00189568,0.00170626,0.00157861,0.00146906,0.00136587,0.00126619,0.00116978,0.00107711,0.00098873,0.00090512,0.00082658,0.00075325,0.00068515,0.00062221
Gram_error_fro,4.0,1,14,2,0.0,0.02320601,0.01029865,0.00655503,0.00511658,0.00452885,0.0043066,0.00420517,0.00411003,0.00398075,0.00381137,0.00360904,0.00338429,0.00314721,0.00290612,0.00266745,0.00243585,0.00221454
Gram_error_fro,4.0,1,14,2,0.0,0.05349989,0.03046702,0.02091435,0.01537788,0.01168527,0.00907269,0.007158,0.00571904,0.00461639,0.00375801,0.00308094,0.00254089,0.00210603,0.00175299,0.00146439,0.00122705,0.00103089
Gram_error_fro,4.0,1,14,2,0.0,0.05217051,0.044874,0.03856881,0.03345633,0.02924782,0.02576553,0.02286543,0.02042714,0.01835394,0.01657059,0.0150195,0.01365686,0.01244927,0.01137106,0.01040235,0.00952752,0.00873414
Gram_error_fro,4.0,1,14,2,0.0,0.01771111,0.0130006,0.00973938,0.00700377,0.00499143,0.0037646,0.00320096,0.00303206,0.00300622,0.00298987,0.00293737,0.00284253,0.00271272,0.00255834,0.00238906,0.00221278,0.00203552
Gram_error_fro,4.0,1,14,2,0.0,0.05886731,0.03114477,0.02114201,0.01581762,0.01233124,0.00987297,0.00809394,0.00679474,0.00584099,0.00513464,0.00460256,0.00419078,0.00386066,0.00358543,0.00334713,0.0031341,0.00293892
Gram_error_fro,4.0,1,14,2,0.0,0.04670868,0.01913537,0.01366088,0.01179821,0.01054643,0.00946231,0.00846266,0.00753438,0.00667855,0.00589707,0.00518973,0.00455423,0.00398672,0.00348244,0.00303619,0.00264265,0.00229663
Gram_error_fro,2.0,1,14,2,0.0,0.04789599,0.01952212,0.0111638,0.00729406,0.00505974,0.00376987,0.0030562,0.00265371,0.00239351,0.00218964,0.00200662,0.00183282,0.00166607,0.00150723,0.00135769,0.00121854,0.00109033
Gram_error_fro,0.0,1,14,3,0.0,0.0,0.0,0.0,0.0,0.0,0.0,0.0,0.0,0.0,0.0,0.0,0.0,0.0,0.0,0.0,0.0,0.0
Gram_error_fro,2.0,1,14,3,0.0,0.05691677,0.03049014,0.01804673,0.01225882,0.0091119,0.00714268,0.00578771,0.00479919,0.00404981,0.00346475,0.00299614,0.00261203,0.00229072,0.00201731,0.00178147,0.0015759,0.00139535
Gram_error_fro,2.0,1,14,3,0.0,0.02498015,0.01793542,0.01439937,0.01230372,0.01075957,0.00947491,0.00835612,0.00736848,0.0064943,0.00572101,0.00503786,0.00443511,0.00390382,0.00343582,0.00302377,0.00266106,0.00234183
Gram_error_fro,2.0,1,14,3,0.0,0.01476365,0.01121354,0.00706973,0.00425339,0.00272151,0.00215926,0.00209593,0.00214817,0.00217127,0.00213951,0.00206098,0.00194975,0.00181848,0.00167705,0.00153264,0.00139032,0.00125348
Gram_error_fro,2.0,1,14,3,0.0,0.06822442,0.05880369,0.04588923,0.03544178,0.02745594,0.02140697,0.01681489,0.01330665,0.01060526,0.00850797,0.00686664,0.00557252,0.00454516,0.00372448,0.00306517,0.00253276,0.00210076
Gram_error_fro,2.0,1,14,3,0.0,0.05686581,0.02907843,0.01660092,0.01089938,0.00778968,0.00583154,0.00448653,0.0035198,0.00280873,0.00227843,0.00187823,0.00157211,0.00133408,0.00114546,0.00099293,0.0008671,0.00076139
Gram_error_fro,4.0,1,14,3,0.0,0.0165326,0.01945406,0.02044887,0.01867728,0.01627189,0.013977,0.01196081,0.01023046,0.00875565,0.00750068,0.00643238,0.00552186,0.00474459,0.00407995,0.00351069,0.0030224,0.00260302
Gram_error_fro,4.0,1,14,3,0.0,0.07108234,0.05617951,0.04282264,0.03317524,0.02617098,0.02094395,0.01695054,0.01384751,0.01140628,0.00946666,0.00791221,0.00665638,0.00563388,0.00479506,0.00410185,0.00352491,0.00304152
Gram_error_fro,2.0,1,14,3,0.0,0.05212093,0.02888267,0.01866262,0.01364209,0.01062448,0.00850251,0.006892,0.00563873,0.00465643,0.00388226,0.00326671,0.00277127,0.00236689,0.00203221,0.00175172,0.00151418,0.00131135
Gram_error_fro,4.0,1,14,3,0.0,0.02633448,0.02566038,0.02519242,0.02428865,0.02287916,0.02117803,0.01936941,0.01757191,0.01585359,0.0142495,0.01277445,0.01143135,0.01021644,0.00912239,0.00814024,0.00726046,0.00647359
Gram_error_fro,4.0,1,14,3,0.0,0.02017484,0.01462919,0.01222574,0.0105102,0.00911722,0.00793104,0.00690511,0.00601459,0.00524108,0.00456864,0.00398329,0.00347291,0.00302724,0.00263765,0.00229685,0.00199867,0.00173784
Gram_error_fro,4.0,1,14,3,0.0,0.07148931,0.0491183,0.03589722,0.02842829,0.0234992,0.01975576,0.01671414,0.01418737,0.01207544,0.01030534,0.0088171,0.00756101,0.00649646,0.00559059,0.00481698,0.0041543,0.00358523
Gram_error_fro,6.0,1,14,3,0.0,0.02250994,0.01650349,0.01264483,0.01000009,0.00813183,0.00673288,0.00563326,0.00474749,0.00402746,0.00343973,0.00295758,0.00255897,0.00222607,0.00194486,0.00170462,0.00149731,0.00131694
Gram_error_fro,6.0,1,14,3,0.0,0.03007508,0.02071306,0.01591366,0.01272424,0.01039164,0.00862805,0.00726067,0.00617666,0.00530092,0.00458207,0.00398395,0.00348048,0.00305245,0.00268553,0.00236881,0.00209385,0.00185403
Gram_error_fro,2.0,1,14,3,0.0,0.04043002,0.0225345,0.01631272,0.01310163,0.01089242,0.0091855,0.0078076,0.00667468,0.0057336,0.00494568,0.00428119,0.003717,0.00323496,0.00282084,0.00246338,0.00215364,0.00188439
Gram_error_fro,6.0,1,14,3,0.0,0.03794777,0.02339398,0.01752533,0.01423905,0.01195682,0.01016286,0.00866805,0.0073984,0.00631664,0.00539625,0.00461438,0.00395056,0.00338671,0.00290717,0.00249865,0.00214995,0.00185172
Gram_error_fro,0.0,1,14,6,0.0,0.0,0.0,0.0,0.0,0.0,0.0,0.0,0.0,0.0,0.0,0.0,0.0,0.0,0.0,0.0,0.0,0.0
Gram_error_fro,2.0,1,14,6,0.0,0.04283477,0.03984002,0.0337634,0.02816837,0.02344003,0.01950537,0.01624318,0.01354183,0.01130552,0.00945355,0.00791853,0.00664461,0.00558566,0.00470381,0.00396797,0.00335268,0.00283714
Gram_error_fro,2.0,1,14,6,0.0,0.03949712,0.02943701,0.02060933,0.01528098,0.01220739,0.01026639,0.00886936,0.00775749,0.00682081,0.00600976,0.00529878,0.00467228,0.00411907,0.00363026,0.00319835,0.0028168,0.00247989
Gram_error_fro,0.0,1,14,6,0.0,0.0,0.0,0.0,0.0,0.0,0.0,0.0,0.0,0.0,0.0,0.0,0.0,0.0,0.0,0.0,0.0,0.0
Gram_error_fro,2.0,1,14,6,0.0,0.04454263,0.03343214,0.02325521,0.01620754,0.01144975,0.00822202,0.00600299,0.00444967,0.0033404,0.00253291,0.00193532,0.00148724,0.00114791,0.00088903,0.00069046,0.00053752,0.00041935
Gram_error_fro,2.0,1,14,6,0.0,0.03399624,0.03070294,0.02648201,0.02294393,0.01991521,0.01726378,0.01494901,0.01294711,0.01122768,0.00975469,0.00849178,0.00740596,0.00646903,0.00565766,0.00495279,0.00433882,0.00380296
Gram_error_fro,4.0,1,14,6,0.0,0.08844557,0.08123242,0.06831338,0.05602862,0.04558672,0.03713318,0.03043223,0.02515194,0.02097947,0.01765669,0.014983,0.01280696,0.0110157,0.00952531,0.0082732,0.0072123,0.00630679
Gram_error_fro,4.0,1,14,6,0.0,0.09056068,0.07824712,0.05970546,0.04482143,0.03406941,0.02645112,0.02099507,0.01700211,0.01400888,0.01171294,0.00991445,0.00847848,0.00731189,0.00634925,0.00554382,0.0048618,0.00427839
Gram_error_fro,4.0,1,14,6,0.0,0.08594402,0.07336151,0.06015208,0.04922012,0.04021868,0.03286851,0.02691587,0.02211873,0.01825893,0.01514995,0.01263794,0.01059895,0.00893469,0.0075679,0.00643825,0.0054987,0.00471252
Gram_error_fro,2.0,1,14,6,0.0,0.10973506,0.08763802,0.06157564,0.04285333,0.03033092,0.02201098,0.01641319,0.01256547,0.00984899,0.00787338,0.0063928,0.00525188,0.00435144,0.00362696,0.00303542,0.0025472,0.00214118
Gram_error_fro,2.0,1,14,6,0.0,0.04908809,0.03852916,0.02911489,0.02233813,0.017328,0.01351097,0.01056295,0.00827896,0.00651174,0.00514736,0.00409526,0.00328333,0.00265468,0.00216507,0.00178059,0.00147563,0.00123107
Gram_error_fro,4.0,1,14,6,0.0,0.08608923,0.07630417,0.05900302,0.0442136,0.03306072,0.02491317,0.01897806,0.01462221,0.01139132,0.00896895,0.00713485,0.00573386,0.00465493,0.00381734,0.00316161,0.00264356,0.0022302
Gram_error_fro,4.0,1,14,6,0.0,0.10698316,0.08869288,0.06707918,0.05048331,0.03825886,0.02924606,0.02255414,0.01754749,0.01377376,0.01090873,0.0087181,0.00703119,0.00572269,0.00469992,0.00389398,0.00325336,0.00273948
Gram_error_fro,6.0,1,14,6,0.0,0.08101863,0.05471399,0.03509374,0.02288301,0.01525606,0.01040669,0.00726631,0.00519397,0.00379892,0.00283998,0.00216652,0.0016833,0.0013292,0.00106439,0.00086247,0.00070571,0.00058199
Gram_error_fro,4.0,1,14,6,0.0,0.04928209,0.03407569,0.02798164,0.02528897,0.02345027,0.02177181,0.02012764,0.0185303,0.01701068,0.01559054,0.01428003,0.01308069,0.01198873,0.01099744,0.01009879,0.0092844,0.00854607
Gram_error_fro,4.0,2,14,6,0.0,0.06060936,0.04380801,0.03080313,0.02412293,0.02137584,0.02057439,0.02057588,0.02085098,0.02118483,0.02149888,0.02176946,0.02199385,0.02217663,0.02232428,0.02244315,0.02253878,0.02261578
Gram_error_fro,0.0,1,14,2,0.0,0.0,0.0,0.0,0.0,0.0,0.0,0.0,0.0,0.0,0.0,0.0,0.0,0.0,0.0,0.0,0.0,0.0
Gram_error_fro,2.0,1,14,2,0.0,0.02008455,0.01331239,0.0105325,0.00849207,0.0068736,0.00560135,0.00460045,0.00380792,0.00317604,0.00266943,0.00226157,0.00193215,0.00166528,0.00144832,0.00127113,0.00112551,0.00100482
Gram_error_fro,2.0,1,14,2,0.0,0.0,0.0,0.00034847,0.00091389,0.00146595,0.0019046,0.00221324,0.00240773,0.00251162,0.00254691,0.00253163,0.00247984,0.00240221,0.00230686,0.00219988,0.00208589,0.00196836
Gram_error_fro,2.0,1,14,2,0.0,0.01075016,0.0065255,0.00346086,0.00180178,0.00118832,0.00115012,0.00121439,0.0012331,0.00119996,0.00113211,0.00104515,0.00094996,0.00085354,0.00076012,0.00067217,0.00059094,0.00051697
Gram_error_fro,2.0,1,14,2,0.0,0.05335075,0.0415376,0.0332337,0.02709109,0.02224557,0.0183661,0.01524545,0.01272222,0.01066846,0.0089846,0.00759412,0.00643841,0.00547235,0.0046609,0.00397658,0.00339754,0.00290627
Gram_error_fro,2.0,1,14,2,0.0,0.074174,0.04289104,0.0292107,0.02256882,0.01843794,0.01545737,0.01314589,0.01128388,0.00974824,0.00846092,0.00736875,0.00643379,0.00562795,0.00492978,0.00432246,0.00379256,0.00332912
Gram_error_fro,4.0,1,14,2,0.0,0.07735509,0.03980326,0.02513773,0.01839353,0.01456094,0.01219582,0.0107036,0.00974489,0.00910272,0.00864038,0.00827569,0.00796141,0.00767143,0.00739199,0.0071163,0.00684152,0.00656691
Gram_error_fro,2.0,1,14,2,0.0,0.06367591,0.02952614,0.01723832,0.01188968,0.00869976,0.0065086,0.00493427,0.00378636,0.00294324,0.00231994,0.00185563,0.00150654,0.00124111,0.00103662,0.00087667,0.0007495,0.00064664
Gram_error_fro,4.0,1,14,2,0.0,0.0669234,0.06295475,0.05524919,0.04808966,0.04190821,0.03662028,0.03208527,0.02817863,0.02479878,0.02186353,0.01930584,0.01707054,0.01511181,0.01339139,0.01187711,0.0105418,0.00936238
Gram_error_fro,4.0,1,14,2,0.0,0.00218114,0.00055315,0.00034435,0.00112048,0.00181806,0.00236913,0.00276608,0.00302599,0.00317317,0.00323174,0.00322283,0.00316391,0.00306899,0.00294908,0.00281272,0.00266645,0.00251525
Gram_error_fro,4.0,1,14,2,0.0,0.04856656,0.02986366,0.02185552,0.0169599,0.01330099,0.0105471,0.00849373,0.0069578,0.00579317,0.00489284,0.00418183,0.00360851,0.0031374,0.0027439,0.0024107,0.00212538,0.00187887
Gram_error_fro,4.0,1,14,2,0.0,0.06076628,0.06155174,0.05483607,0.047028,0.03987922,0.0337379,0.02856961,0.02424881,0.02064071,0.01762356,0.01509357,0.01296453,0.01116584,0.00964009,0.00834071,0.00722999,0.00627729
Gram_error_fro,6.0,1,14,2,0.0,0.07142983,0.03483972,0.02194193,0.01595062,0.01220562,0.00956356,0.00761756,0.0061553,0.00504095,0.00418083,0.00350861,0.00297672,0.00255072,0.00220544,0.0019223,0.00168748,0.0014906
Gram_error_fro,2.0,1,14,2,0.0,0.0170804,0.01332195,0.00934037,0.00686826,0.00513592,0.00386269,0.00293458,0.00227337,0.00181407,0.00150175,0.00129083,0.00114545,0.00103967,0.00095649,0.0008857,0.00082168,0.00076161
Gram_error_fro,4.0,1,14,2,0.0,0.05233166,0.04234852,0.03535648,0.02967911,0.02483912,0.02074,0.01731104,0.0144645,0.01210807,0.01015673,0.00853761,0.00719054,0.00606663,0.00512637,0.00433787,0.00367521,0.00311729
Gram_error_fro,4.0,1,14,2,0.0,0.07896491,0.05541638,0.04222452,0.03413067,0.02811106,0.02333091,0.01947328,0.01633708,0.01376967,0.0116532,0.00989699,0.00843111,0.00720116,0.00616445,0.0052871,0.00454201,0.0039073
Gram_error_fro,0.0,1,14,2,0.0,0.0,0.0,0.0,0.0,0.0,0.0,0.0,0.0,0.0,0.0,0.0,0.0,0.0,0.0,0.0,0.0,0.0
Gram_error_fro,2.0,1,14,2,0.0,0.0854871,0.06034036,0.04538917,0.03513854,0.02736406,0.02132553,0.01662048,0.0129517,0.01008639,0.00784368,0.00608459,0.00470301,0.00361799,0.0027677,0.0021049,0.00159363,0.00120672
Gram_error_fro,2.0,1,14,2,0.0,0.0594037,0.03860036,0.03102665,0.02570644,0.02135717,0.01777885,0.01484828,0.01245295,0.01049357,0.00888631,0.0075623,0.00646591,0.00555271,0.00478743,0.00414216,0.00359486,0.00312804
Gram_error_fro,2.0,1,14,2,0.0,0.0215461,0.01595104,0.01272195,0.01030099,0.00842401,0.00695378,0.00579186,0.00486437,0.00411607,0.0035059,0.00300335,0.00258563,0.00223556,0.00194003,0.00168893,0.00147439,0.00129016
Gram_error_fro,2.0,1,14,2,0.0,0.06143473,0.04391096,0.03593256,0.02993401,0.02500398,0.02095115,0.01763161,0.0149138,0.01268381,0.01084683,0.00932574,0.0080586,0.00699606,0.00609906,0.0053367,0.00468456,0.00412333
Gram_error_fro,2.0,1,14,2,0.0,0.05361712,0.06288626,0.06240186,0.05896961,0.05463964,0.05011449,0.04567679,0.04145934,0.03752689,0.03390623,0.0306012,0.02760185,0.02489045,0.02244538,0.02024369,0.0182626,0.01648042
Gram_error_fro,2.0,1,14,2,0.0,0.01018249,0.00692669,0.00470364,0.00340976,0.00258783,0.00202681,0.00162431,0.00132431,0.00109384,0.00091256,0.00076732,0.00064923,0.00055212,0.00047149,0.00040405,0.00034729,0.00029928
Gram_error_fro,2.0,1,14,2,0.0,0.07132226,0.05086261,0.03655679,0.02666095,0.0194789,0.01423407,0.01044896,0.00777416,0.00594199,0.00473927,0.00398589,0.00352738,0.00324167,0.0030452,0.00288862,0.00274635,0.00260686
Gram_error_fro,2.0,1,14,2,0.0,0.0518044,0.04170446,0.0330269,0.02648596,0.0214531,0.01751982,0.01441311,0.01193529,0.00994036,0.00831995,0.00699309,0.0058987,0.00499024,0.00423188,0.00359574,0.0030599,0.00260699
Gram_error_fro,4.0,1,14,2,0.0,0.10007661,0.11720959,0.12079597,0.11832023,0.11357763,0.10783315,0.10163645,0.09529928,0.08901973,0.08292532,0.07709521,0.07157491,0.0663866,0.0615366,0.05702072,0.05282802,0.0489434
Gram_error_fro,2.0,1,14,2,0.0,0.0,0.0,0.00016142,0.00018556,0.00017027,0.00021322,0.00029168,0.00036456,0.00041938,0.00045533,0.00047497,0.00048155,0.00047807,0.00046707,0.00045061,0.00043035,0.00040757
Gram_error_fro,6.0,1,14,2,0.0,0.05128088,0.03197463,0.02322677,0.01822405,0.01475089,0.01211506,0.01003837,0.00837266,0.00702172,0.00591664,0.00500592,0.00425034,0.00361966,0.00309037,0.00264404,0.00226609,0.00194489
Gram_error_fro,6.0,2,14,2,0.0,0.07611161,0.03557822,0.02718636,0.02451764,0.02269992,0.02116027,0.01980997,0.01862009,0.01757154,0.01664799,0.01583483,0.01511897,0.01448874,0.01393383,0.01344513,0.01301465,0.01263536
Gram_error_fro,6.0,2,14,2,0.0,0.10156064,0.06555111,0.04863874,0.03711787,0.02844935,0.02180714,0.0167083,0.01282177,0.00992294,0.00786869,0.00656445,0.00591002,0.00575353,0.0059119,0.00623049,0.00660948,0.00699427
Gram_error_fro,4.0,1,14,2,0.0,0.10221099,0.07921708,0.06158078,0.04869733,0.03880214,0.03108309,0.02502729,0.02025296,0.01646766,0.01344813,0.01102458,0.00906788,0.00747949,0.00618375,0.00512219,0.00424925,0.00352914
Gram_error_fro,4.0,1,14,2,0.0,0.0714515,0.04275211,0.0321701,0.02596915,0.0212786,0.01748202,0.01436799,0.01180968,0.00970807,0.00798129,0.00656159,0.00539326,0.00443083,0.00363728,0.00298251,0.00244201,0.00199578
Gram_error_fro,0.0,1,14,4,0.0,0.0,0.0,0.0,0.0,0.0,0.0,0.0,0.0,0.0,0.0,0.0,0.0,0.0,0.0,0.0,0.0,0.0
Gram_error_fro,2.0,1,14,4,0.0,0.05555399,0.03926674,0.02665932,0.01877128,0.01391407,0.01079482,0.00866316,0.00711436,0.00593136,0.00499412,0.00423259,0.00360319,0.00307695,0.00263346,0.00225761,0.00193779,0.00166484
Gram_error_fro,2.0,1,14,4,0.0,0.04473675,0.02128074,0.01210201,0.008322,0.00656632,0.00558556,0.00492012,0.00440142,0.00396467,0.00358253,0.00324188,0.00293539,0.00265829,0.00240707,0.00217896,0.00197165,0.00178317
Gram_error_fro,2.0,1,14,4,0.0,0.0607315,0.04245651,0.03174973,0.02584104,0.02224287,0.01984406,0.0181097,0.0167657,0.01566467,0.01472308,0.01389096,0.01313707,0.01244123,0.01179026,0.01117551,0.01059134,0.01003409
Gram_error_fro,2.0,1,14,4,0.0,0.05110558,0.04240209,0.03074297,0.02153985,0.01511579,0.01079689,0.00792085,0.00600336,0.00471477,0.0038346,0.00321675,0.00276603,0.00242191,0.00214684,0.00191798,0.0017215,0.00154902
Gram_error_fro,2.0,1,14,4,0.0,0.00852291,0.00925635,0.00862575,0.00755691,0.00661777,0.0058279,0.00514617,0.00454621,0.00401424,0.00354193,0.00312288,0.00275151,0.0024227,0.0021318,0.00187457,0.00164723,0.00144642
Gram_error_fro,4.0,1,14,4,0.0,0.0583467,0.04919523,0.03718258,0.02791216,0.02138755,0.01680935,0.01350695,0.01103787,0.00912918,0.00761374,0.00638664,0.00537919,0.00454411,0.00384728,0.00326307,0.00277156,0.00235694
Gram_error_fro,4.0,1,14,4,0.0,0.07005629,0.06082209,0.05222847,0.04503871,0.03897308,0.03381291,0.02940465,0.02563227,0.02240017,0.01962628,0.01723987,0.01518055,0.01339739,0.01184781,0.01049648,0.00931408,0.00827631
Gram_error_fro,4.0,1,14,4,0.0,0.05201438,0.04199964,0.03101494,0.02254838,0.01663882,0.01258204,0.00975597,0.00773355,0.00624215,0.00511081,0.00423141,0.00353395,0.00297174,0.00251262,0.00213371,0.00181834,0.00155401
Gram_error_fro,2.0,1,14,4,0.0,0.03776965,0.0208535,0.01276291,0.00858517,0.00624577,0.00482667,0.00387554,0.00317668,0.00263096,0.00219105,0.00183125,0.00153506,0.00129036,0.00108765,0.00091925,0.00077892,0.00066162
Gram_error_fro,4.0,1,14,4,0.0,0.07457189,0.05750438,0.04295174,0.03264291,0.02541163,0.02016445,0.0162144,0.0131584,0.01075079,0.00883082,0.00728626,0.00603513,0.00501583,0.00418121,0.00349478,0.002928,0.00245835
Gram_error_fro,6.0,1,14,4,0.0,0.09312952,0.06738829,0.05023586,0.0385289,0.0301272,0.02388009,0.01912159,0.01543594,0.01254584,0.01025721,0.00842979,0.00695994,0.00576996,0.00480084,0.00400737,0.00335459,0.00281522
Gram_error_fro,2.0,1,14,4,0.0,0.05631469,0.04978279,0.04374852,0.03811394,0.03289554,0.02820704,0.02410431,0.02057971,0.0175864,0.01506002,0.01293254,0.01114,0.00962594,0.0083424,0.00724963,0.00631512,0.00551247
Gram_error_fro,4.0,1,14,4,0.0,0.07133493,0.05608666,0.04095263,0.02997121,0.02231547,0.01690445,0.01297731,0.0100568,0.00784495,0.00614861,0.00483655,0.00381583,0.00301861,0.00239423,0.00190435,0.00151955,0.0012171
Gram_error_fro,6.0,1,14,4,0.0,0.08811184,0.0514399,0.0325776,0.02349639,0.01858285,0.01547007,0.01320905,0.01141364,0.00991701,0.00863904,0.00753521,0.00657658,0.00574184,0.00501395,0.00437871,0.00382405,0.00333956
Gram_error_fro,4.0,1,14,4,0.0,0.0244571,0.02042595,0.01823967,0.01624335,0.01444827,0.01286298,0.01147408,0.01026099,0.00920154,0.0082745,0.0074607,0.00674342,0.00610843,0.00554382,0.00503971,0.00458788,0.00418152
Gram_error_fro,0.0,1,14,3,0.0,0.0,0.0,0.0,0.0,0.0,0.0,0.0,0.0,0.0,0.0,0.0,0.0,0.0,0.0,0.0,0.0,0.0
Gram_error_fro,2.0,1,14,3,0.0,0.05191706,0.05077636,0.04315636,0.03552268,0.02915102,0.02402406,0.01990485,0.01657433,0.01386223,0.0116393,0.00980668,0.00828797,0.00702346,0.00596609,0.00507854,0.00433095,0.00369929
Gram_error_fro,2.0,1,14,3,0.0,0.03197648,0.02632324,0.02124518,0.01772088,0.01496463,0.01268381,0.01078007,0.00919235,0.00786699,0.00675673,0.00582205,0.00503093,0.00435782,0.00378238,0.00328836,0.00286269,0.00249477
Gram_error_fro,2.0,1,14,3,0.0,0.06263711,0.05649068,0.05203025,0.04712449,0.04205153,0.03721144,0.03280166,0.02888221,0.02544425,0.02244891,0.01984685,0.01758763,0.01562398,0.01391356,0.01241944,0.01110993,0.00995818
Gram_error_fro,0.0,1,14,3,0.0,0.0,0.0,0.0,0.0,0.0,0.0,0.0,0.0,0.0,0.0,0.0,0.0,0.0,0.0,0.0,0.0,0.0
Gram_error_fro,2.0,1,14,3,0.0,0.01250599,0.00729712,0.00421357,0.00267716,0.00178367,0.00123576,0.00095452,0.00085948,0.00084723,0.00085007,0.00084314,0.00082224,0.00078983,0.00074961,0.00070483,0.00065799,0.00061081
Gram_error_fro,4.0,1,14,3,0.0,0.04022028,0.02902446,0.02213949,0.01800811,0.01506453,0.01275111,0.01087893,0.00935522,0.00811275,0.00709573,0.00625771,0.00556083,0.00497496,0.0044765,0.00404723,0.00367316,0.00334362
Gram_error_fro,4.0,1,14,3,0.0,0.09949662,0.06931085,0.04913755,0.03729821,0.029302,0.02334408,0.01871465,0.01505965,0.01215478,0.00983798,0.00798572,0.00650198,0.0053115,0.00435504,0.00358581,0.00296668,0.00246806
Gram_error_fro,2.0,1,14,3,0.0,0.04259838,0.03063957,0.02208041,0.01654494,0.01255914,0.00956288,0.007298,0.00558728,0.00429256,0.00330761,0.00255315,0.00197122,0.00151965,0.00116774,0.00089291,0.00067845,0.00051187
Gram_error_fro,4.0,1,14,3,0.0,0.0728234,0.05731739,0.05089944,0.04559053,0.04037179,0.03545004,0.03100171,0.02708349,0.02368054,0.0207458,0.01822173,0.01605085,0.01418042,0.01256414,0.01116239,0.0099418,0.00887452
Gram_error_fro,4.0,1,14,3,0.0,0.04149787,0.02436914,0.01666956,0.01263466,0.01029828,0.00876018,0.0075953,0.00662771,0.00579058,0.0050572,0.00441372,0.00384994,0.00335686,0.00292614,0.00255015,0.00222202,0.00193567
Gram_error_fro,6.0,1,14,3,0.0,0.07454971,0.05200689,0.04071639,0.03433563,0.02963181,0.02569898,0.02229858,0.01934464,0.01678165,0.01456062,0.0126365,0.01096885,0.0095223,0.00826644,0.0071753,0.00622671,0.00540177
Gram_error_fro,4.0,1,14,3,0.0,0.10401101,0.09655843,0.08020919,0.06519241,0.05286651,0.04312994,0.03556059,0.02970646,0.02517213,0.02163715,0.01885159,0.01662503,0.01481491,0.01331596,0.01205127,0.01096512,0.01001727
Gram_error_fro,4.0,1,14,3,0.0,0.07734512,0.05942211,0.04885319,0.04034708,0.0333946,0.02775164,0.0231763,0.01945451,0.01641032,0.01390419,0.01182719,0.01009475,0.00864112,0.00741489,0.0063756,0.00549112,0.00473572
Gram_error_fro,6.0,1,14,3,0.0,0.11647206,0.09259145,0.07400016,0.06027205,0.04957339,0.04103722,0.03415216,0.02855586,0.0239752,0.02020118,0.01707293,0.01446591,0.01228296,0.01044768,0.00889939,0.00758945,0.00647852
Gram_error_fro,2.0,1,14,3,0.0,0.03739584,0.02821666,0.02104261,0.01614013,0.01250134,0.00970882,0.00755969,0.00590897,0.0046398,0.00365967,0.00289782,0.00230134,0.00183108,0.00145807,0.00116074,0.00092287,0.00073214
Gram_error_fro,0.0,1,14,4,0.0,0.0,0.0,0.0,0.0,0.0,0.0,0.0,0.0,0.0,0.0,0.0,0.0,0.0,0.0,0.0,0.0,0.0
Gram_error_fro,2.0,1,14,4,0.0,0.05928864,0.03269691,0.01851611,0.01150767,0.00780463,0.00566775,0.00431628,0.00338887,0.00271159,0.00219553,0.00179153,0.00146985,0.00121094,0.00100109,0.00083012,0.0006903,0.00057558
Gram_error_fro,2.0,1,14,4,0.0,0.04776967,0.03190934,0.02141939,0.01509945,0.01104509,0.00827582,0.00630562,0.00486957,0.00380614,0.0030088,0.00240417,0.00194055,0.00158108,0.00129923,0.00107582,0.00089684,0.00075204
Gram_error_fro,2.0,1,14,4,0.0,0.06054443,0.04747873,0.03966452,0.03492972,0.0312673,0.02814255,0.02540725,0.02299665,0.02086603,0.01897826,0.01730127,0.01580724,0.01447216,0.01327535,0.01219909,0.01122818,0.01034962
Gram_error_fro,2.0,1,14,4,0.0,0.03887803,0.02638321,0.01974985,0.01594938,0.01327258,0.01122578,0.00961447,0.00832246,0.00726917,0.00639704,0.00566461,0.0050417,0.00450608,0.00404115,0.00363431,0.00327587,0.00295826
Gram_error_fro,2.0,1,14,4,0.0,0.00686312,0.00775725,0.00948365,0.01081996,0.01160873,0.01193741,0.01193723,0.01171622,0.01135329,0.01090394,0.01040638,0.00988653,0.00936176,0.00884348,0.00833903,0.00785299,0.00738798
Gram_error_fro,2.0,1,14,4,0.0,0.0228527,0.01331695,0.0090924,0.00729533,0.006342,0.00564761,0.00504076,0.00448038,0.00396023,0.00348158,0.00304595,0.00265366,0.00230364,0.00199383,0.00172143,0.00148328,0.00127604
Gram_error_fro,4.0,1,14,4,0.0,0.03219264,0.02208174,0.01635355,0.01305025,0.01105622,0.00971745,0.00869673,0.00784316,0.00709259,0.00641707,0.00580331,0.00524404,0.00473449,0.00427089,0.00384987,0.00346826,0.00312296
Gram_error_fro,4.0,1,14,4,0.0,0.06717862,0.05629857,0.0441625,0.03449407,0.02708108,0.02143721,0.01712274,0.01379369,0.01119576,0.00914524,0.00750996,0.00619417,0.00512762,0.00425788,0.00354518,0.00295884,0.00247487
Gram_error_fro,2.0,1,14,4,0.0,0.00987993,0.00890868,0.0071619,0.00521493,0.00366712,0.00253496,0.0017291,0.00116521,0.00077744,0.00051669,0.00034727,0.00024332,0.00018485,0.00015468,0.00013889,0.00012879,0.00012029
Gram_error_fro,4.0,1,14,4,0.0,0.02634485,0.02219612,0.01860144,0.01597247,0.01385787,0.01205668,0.01049309,0.00912904,0.00793841,0.00689998,0.00599538,0.00520829,0.00452414,0.00392993,0.00341411,0.00296649,0.00257809
Gram_error_fro,4.0,1,14,4,0.0,0.06339962,0.03944697,0.02447849,0.0154549,0.01000472,0.00667793,0.00461421,0.00331144,0.00247341,0.00192141,0.00154568,0.00127876,0.00107977,0.00092434,0.00079812,0.00069262,0.00060272
Gram_error_fro,4.0,1,14,4,0.0,0.06507588,0.05270529,0.04189596,0.03477167,0.02959666,0.02542458,0.02189548,0.01886316,0.01624824,0.01399332,0.01205054,0.0103782,0.00893967,0.00770283,0.00663967,0.00572586,0.00494034
Gram_error_fro,4.0,1,14,4,0.0,0.0493766,0.04686887,0.04070396,0.03464168,0.02937091,0.02492375,0.02119457,0.01806421,0.01542833,0.01320131,0.011314,0.00971048,0.00834518,0.00718063,0.00618581,0.00533481,0.00460593
Gram_error_fro,4.0,1,14,4,0.0,0.05925018,0.05171583,0.0422379,0.03411107,0.0274956,0.02219147,0.01795594,0.01457017,0.01185451,0.0096673,0.00789859,0.00646322,0.00529501,0.00434204,0.00356332,0.00292614,0.00240428
Gram_error_fro,4.0,1,14,4,0.0,0.09273596,0.08648799,0.0732885,0.06130404,0.05166896,0.04401568,0.03784568,0.03277856,0.02855061,0.02497895,0.02193309,0.01931657,0.01705583,0.01509325,0.01338275,0.01188687,0.01057479
Gram_error_fro,0.0,1,14,2,0.0,0.0,0.0,0.0,0.0,0.0,0.0,0.0,0.0,0.0,0.0,0.0,0.0,0.0,0.0,0.0,0.0,0.0
Gram_error_fro,2.0,1,14,2,0.0,0.02972359,0.02458539,0.02105088,0.0178666,0.01494897,0.01237371,0.01017368,0.00833382,0.006814,0.00556656,0.00454559,0.00371067,0.00302781,0.00246905,0.00201161,0.00163698,0.00133015
Gram_error_fro,2.0,1,14,2,0.0,0.00816119,0.00346815,0.00249045,0.00235071,0.00238506,0.00243471,0.00245146,0.00242406,0.00235628,0.00225697,0.00213551,0.00200015,0.00185751,0.00171269,0.00156944,0.00143048,0.00129767
Gram_error_fro,2.0,1,14,2,0.0,0.01025088,0.0042904,0.00212622,0.0015948,0.00159617,0.00167185,0.00170597,0.00168636,0.00162377,0.00153187,0.00142245,0.00130453,0.00118457,0.001067,0.0009547,0.00084942,0.00075211
Gram_error_fro,2.0,1,14,2,0.0,0.06189842,0.03157095,0.02121018,0.01629218,0.01307161,0.01063046,0.00868913,0.00712224,0.0058505,0.00481491,0.0039692,0.00327665,0.00270805,0.00224011,0.00185421,0.00153543,0.00127175
Gram_error_fro,2.0,1,14,2,0.0,0.00720898,0.00182446,0.00272157,0.00594945,0.00832114,0.00987464,0.01076475,0.01115552,0.01118651,0.01096678,0.01057829,0.01008135,0.00951981,0.00892519,0.00831993,0.00771978,0.0071356
Gram_error_fro,4.0,1,14,2,0.0,0.06565648,0.04533465,0.03255989,0.02426978,0.01849736,0.01433495,0.0112672,0.00896525,0.00720967,0.00585085,0.00478504,0.00393908,0.00326059,0.00271145,0.00226349,0.00189559,0.00159171
Gram_error_fro,4.0,1,14,2,0.0,0.04289736,0.03064543,0.02565345,0.02341722,0.02212699,0.02108235,0.020032,0.0189132,0.0177345,0.01652517,0.01531547,0.01413022,0.0129876,0.01189987,0.01087447,0.00991528,0.00902352
Gram_error_fro,4.0,1,14,2,0.0,0.01703217,0.01381178,0.01083673,0.00850823,0.00678593,0.00549566,0.00450654,0.00373136,0.00311245,0.00261085,0.00219948,0.00185894,0.00157499,0.00133687,0.00113633,0.00096686,0.00082328
Gram_error_fro,2.0,1,14,2,0.0,0.01749495,0.00928814,0.006052,0.00443612,0.00345173,0.00277132,0.00226322,0.00186626,0.00154798,0.0012889,0.00107604,0.00090008,0.00075396,0.00063223,0.00053054,0.00044542,0.00037405
Gram_error_fro,4.0,1,14,2,0.0,0.06171302,0.03053452,0.0199235,0.01462336,0.01122184,0.00884393,0.00713689,0.00589178,0.00496511,0.00425659,0.00369758,0.00324234,0.00286094,0.00253399,0.0022489,0.00199736,0.00177373
Gram_error_fro,4.0,1,14,2,0.0,0.03745633,0.0250717,0.01980014,0.01657951,0.01432791,0.0126716,0.01138501,0.01032263,0.00939809,0.00856443,0.00779787,0.00708708,0.00642676,0.0058143,0.00524802,0.00472642,0.00424782
Gram_error_fro,4.0,1,14,2,0.0,0.0561445,0.03380477,0.02310905,0.01702548,0.01294759,0.01000689,0.00781778,0.00616,0.00488952,0.00390622,0.00313851,0.00253439,0.00205562,0.00167378,0.00136753,0.0011207,0.00092091
Gram_error_fro,6.0,1,14,2,0.0,0.05627517,0.03826014,0.02813735,0.02137514,0.01650541,0.01289586,0.01017601,0.00809978,0.00649652,0.00524551,0.00426011,0.0034773,0.00285067,0.00234567,0.00193622,0.00160251,0.00132926
Gram_error_fro,4.0,1,14,2,0.0,0.02006326,0.01631777,0.0172439,0.01840355,0.01908548,0.01922291,0.01892279,0.01831221,0.01749774,0.01656001,0.01555745,0.01453138,0.01351056,0.01251456,0.01155635,0.01064414,0.00978272
Gram_error_fro,4.0,1,14,2,0.0,0.0317415,0.02401865,0.02060508,0.01809397,0.01590831,0.01395917,0.01222313,0.01068425,0.00932607,0.00813137,0.00708306,0.00616486,0.00536168,0.00465983,0.00404701,0.00351232,0.00304611
Gram_error_fro,0.0,1,14,2,0.0,0.0,0.0,0.0,0.0,0.0,0.0,0.0,0.0,0.0,0.0,0.0,0.0,0.0,0.0,0.0,0.0,0.0
Gram_error_fro,2.0,1,14,2,0.0,0.02390995,0.01352053,0.0106767,0.0092147,0.00805764,0.00703401,0.00612329,0.00532106,0.00461978,0.00400933,0.00347897,0.00301855,0.00261891,0.00227201,0.00197082,0.0017093,0.00148219
Gram_error_fro,2.0,1,14,2,0.0,0.00445963,0.00152824,0.00061062,0.00026466,0.00011068,9.639e-05,0.00014851,0.00019464,0.00022711,0.00024734,0.0002576,0.00026008,0.00025663,0.00024881,0.00023791,0.00022494,0.00021072
Gram_error_fro,2.0,1,14,2,0.0,0.03486545,0.01907627,0.01430822,0.01201014,0.01040915,0.00910095,0.00797044,0.00697634,0.00609872,0.00532432,0.00464225,0.00404277,0.00351694,0.00305656,0.00265414,0.00230292,0.00199678
Gram_error_fro,2.0,1,14,2,0.0,0.00685284,0.00292443,0.00172513,0.00138535,0.00136794,0.0014251,0.00146577,0.00147058,0.00144223,0.0013885,0.0013172,0.00123489,0.00114671,0.0010565,0.00096704,0.0008803,0.00079759
Gram_error_fro,0.0,1,14,2,0.0,0.0,0.0,0.0,0.0,0.0,0.0,0.0,0.0,0.0,0.0,0.0,0.0,0.0,0.0,0.0,0.0,0.0
Gram_error_fro,2.0,1,14,2,0.0,0.00501804,0.0016311,0.00051966,0.00012386,0.00028688,0.0004422,0.00054363,0.00060569,0.00063838,0.00064901,0.00064326,0.00062565,0.00059974,0.00056831,0.00053352,0.000497,0.00045999
Gram_error_fro,4.0,1,14,2,0.0,0.05893151,0.04005823,0.02843107,0.02047954,0.01478965,0.01068902,0.00772845,0.00558761,0.00403866,0.00292039,0.00211869,0.00155226,0.00116214,0.00090346,0.00073935,0.00063807,0.00057389
Gram_error_fro,4.0,1,14,2,0.0,0.05574669,0.03715329,0.02568145,0.01816077,0.01296575,0.00932592,0.00676465,0.00495939,0.00368794,0.0027957,0.00217326,0.00174123,0.00144077,0.00122838,0.00107287,0.00095312,0.00085567
Gram_error_fro,2.0,1,14,2,0.0,0.03215099,0.0210272,0.01449322,0.01022193,0.00728562,0.00523621,0.0037984,0.00278908,0.00208356,0.0015951,0.00126127,0.00103537,0.00088178,0.0007741,0.00069405,0.00063001,0.0005752
Gram_error_fro,4.0,1,14,2,0.0,0.06169899,0.02729784,0.01672147,0.0122752,0.00962621,0.00779773,0.00645463,0.00542957,0.00462272,0.00397059,0.00343173,0.0029786,0.00259244,0.00226016,0.00197229,0.00172175,0.00150307
Gram_error_fro,4.0,1,14,2,0.0,0.03828683,0.01988957,0.01394021,0.01098182,0.00899425,0.00749562,0.00631849,0.00537623,0.00461187,0.00398442,0.00346358,0.00302666,0.00265657,0.00234033,0.00206801,0.00183191,0.00162601
Gram_error_fro,4.0,1,14,2,0.0,0.05115561,0.02987996,0.0215413,0.01719374,0.01428808,0.01210084,0.01035951,0.00893287,0.00774427,0.00674255,0.0058908,0.00516126,0.00453254,0.00398787,0.00351394,0.00310006,0.00273752
Gram_error_fro,6.0,1,14,2,0.0,0.11324592,0.08345963,0.06416694,0.05042254,0.04001213,0.03199194,0.02576112,0.02088225,0.01703072,0.01396553,0.01150734,0.00952194,0.00790809,0.00658871,0.00550459,0.00460979,0.00386835
Gram_error_fro,6.0,1,14,2,0.0,0.06856016,0.03815302,0.02475357,0.01722243,0.01221374,0.00870498,0.00620353,0.00440646,0.00311171,0.0021807,0.00151732,0.00105501,0.00074787,0.00056236,0.00046712,0.0004274,0.00041259
Gram_error_fro,4.0,1,14,2,0.0,0.05486405,0.03981802,0.03208776,0.02698615,0.02309068,0.0199298,0.01729419,0.01506675,0.013169,0.01154246,0.01014133,0.00892901,0.00787586,0.00695774,0.0061548,0.00545066,0.00483166
Gram_error_fro,0.0,1,14,5,0.0,0.0,0.0,0.0,0.0,0.0,0.0,0.0,0.0,0.0,0.0,0.0,0.0,0.0,0.0,0.0,0.0,0.0
Gram_error_fro,2.0,1,14,5,0.0,0.04386199,0.02780745,0.0188643,0.01372437,0.01040024,0.00808663,0.00642001,0.00519491,0.00427714,0.00357515,0.00302623,0.00258761,0.00223005,0.00193345,0.00168383,0.00147125,0.00128856
Gram_error_fro,2.0,2,14,5,0.0,0.07390806,0.05533028,0.03796823,0.02785639,0.0230297,0.0210283,0.02026779,0.01999463,0.0199027,0.01987491,0.01986733,0.01986388,0.01985912,0.01985174,0.0198419,0.01983024,0.01981749
Gram_error_fro,2.0,1,14,5,0.0,0.04599611,0.03173338,0.02261234,0.01742028,0.01399854,0.01144345,0.00942897,0.0078105,0.00649952,0.00543119,0.00455552,0.00383368,0.00323549,0.00273739,0.00232091,0.00197141,0.00167723
Gram_error_fro,2.0,1,14,5,0.0,0.02898239,0.02282896,0.01720375,0.01371274,0.01128191,0.00936033,0.00777818,0.00647945,0.00542684,0.00458215,0.00390688,0.00336551,0.00292765,0.00256878,0.00226992,0.00201688,0.00179927
Gram_error_fro,2.0,1,14,5,0.0,0.05247428,0.0418576,0.03021084,0.02220129,0.01672012,0.01280433,0.00993935,0.00783003,0.00627777,0.00513513,0.0042893,0.00365457,0.00316748,0.00278269,0.00246889,0.0022051,0.0019776
Gram_error_fro,4.0,1,14,5,0.0,0.07088636,0.05820784,0.04465878,0.03434039,0.02659216,0.02070556,0.01619238,0.01271018,0.01000975,0.0079062,0.00626101,0.00496981,0.00395348,0.00315169,0.00251814,0.0020171,0.00162077
Gram_error_fro,2.0,1,14,5,0.0,0.04706298,0.05358445,0.04978914,0.04301722,0.03600653,0.02972165,0.02441849,0.02007377,0.01656487,0.01374649,0.01148223,0.00965572,0.00817263,0.00695868,0.0059564,0.00512172,0.00442094
Gram_error_fro,2.0,1,14,5,0.0,0.07658953,0.05113055,0.03258996,0.02135044,0.01457717,0.01041867,0.00777215,0.00600354,0.004759,0.00384284,0.00314469,0.00259934,0.00216594,0.00181724,0.00153412,0.00130259,0.00111207
Gram_error_fro,4.0,1,14,5,0.0,0.07453821,0.05436286,0.03788181,0.0266666,0.01911274,0.01398713,0.01045087,0.00795491,0.00614799,0.00480752,0.0037919,0.0030095,0.00239941,0.00191977,0.00154073,0.00124035,0.00100202
Gram_error_fro,4.0,1,14,5,0.0,0.07605564,0.05532802,0.03782923,0.0266191,0.01941981,0.01456579,0.0111349,0.00862263,0.00673678,0.00529621,0.00418181,0.00331172,0.00262771,0.0020873,0.00165882,0.00131828,0.00104724
Gram_error_fro,2.0,1,14,5,0.0,0.08568445,0.06599782,0.04681653,0.03318142,0.0238063,0.0173285,0.0127889,0.00955626,0.00721939,0.00550799,0.00424119,0.00329547,0.00258461,0.00204728,0.00163908,0.0013274,0.00108801
Gram_error_fro,4.0,1,14,5,0.0,0.08321067,0.06480384,0.04969905,0.03947033,0.03206335,0.02645155,0.02212099,0.018746,0.01608642,0.01395871,0.0122248,0.01078375,0.00956352,0.00851341,0.00759788,0.00679176,0.0060769
Gram_error_fro,2.0,1,14,5,0.0,0.08820386,0.06460562,0.04962291,0.03978476,0.03222776,0.02615852,0.02128705,0.01740943,0.01434064,0.0119148,0.00999076,0.00845373,0.00721343,0.00620066,0.0053633,0.0046625,0.00406943
Gram_error_fro,2.0,1,14,5,0.0,0.06007246,0.04797335,0.03643562,0.02802713,0.02181216,0.01707712,0.01341528,0.01056945,0.00835477,0.00662954,0.00528332,0.0042302,0.00340375,0.00275283,0.00223818,0.00182961,0.00150392
Gram_error_fro,4.0,1,14,5,0.0,0.06809926,0.05444138,0.03966138,0.02910446,0.02197443,0.01704784,0.01350703,0.01087346,0.00886515,0.00730638,0.00608045,0.0051057,0.00432288,0.00368802,0.00316803,0.00273789,0.00237857
Gram_error_fro,0.0,1,14,3,0.0,0.0,0.0,0.0,0.0,0.0,0.0,0.0,0.0,0.0,0.0,0.0,0.0,0.0,0.0,0.0,0.0,0.0
Gram_error_fro,2.0,2,14,3,0.0,0.02151786,0.01352497,0.01154397,0.01087499,0.01064918,0.01061043,0.01066654,0.0107746,0.01091032,0.01105884,0.01121093,0.01136097,0.01150561,0.01164294,0.01177199,0.01189238,0.01200407
Gram_error_fro,2.0,1,14,3,0.0,0.06811948,0.04889738,0.03650337,0.02826437,0.02233873,0.01793326,0.01459935,0.01203383,0.01002509,0.00842613,0.00713467,0.00607855,0.0052058,0.00447813,0.00386676,0.00334963,0.00290965
Gram_error_fro,2.0,1,14,3,0.0,0.06034158,0.04525777,0.03525313,0.02803812,0.02252624,0.01824491,0.01488956,0.01223503,0.01011419,0.00840404,0.00701385,0.00587593,0.00493907,0.00416389,0.00351973,0.00298243,0.00253276
Gram_error_fro,2.0,1,14,3,0.0,0.04120298,0.04393144,0.03994681,0.03485782,0.03003415,0.02580109,0.02217537,0.01908958,0.01646342,0.01422395,0.01230947,0.01066876,0.00925939,0.00804612,0.00699957,0.00609516,0.00531223
Gram_error_fro,2.0,1,14,3,0.0,0.01959666,0.01298963,0.00818637,0.00524488,0.00382187,0.00337657,0.00330513,0.00327704,0.00319664,0.0030579,0.00287713,0.00267205,0.00245672,0.00224111,0.00203185,0.0018331,0.00164724
Gram_error_fro,4.0,1,14,3,0.0,0.05080599,0.03784414,0.0280183,0.02202305,0.01787238,0.01466214,0.01207173,0.00996407,0.0082519,0.00686451,0.00574134,0.00483105,0.00409104,0.00348665,0.00299006,0.00257918,0.00223661
Gram_error_fro,2.0,1,14,3,0.0,0.01547187,0.01088353,0.00613612,0.00288723,0.00107028,0.00102255,0.00154663,0.00186324,0.00199273,0.00199837,0.00192775,0.00181309,0.0016756,0.001529,0.001382,0.00123999,0.00110612
Gram_error_fro,4.0,1,14,3,0.0,0.02526787,0.01564713,0.0090055,0.00586627,0.0043799,0.00359603,0.0032069,0.00305867,0.00302565,0.0030224,0.00300584,0.0029605,0.00288484,0.00278315,0.00266148,0.0025259,0.00238171
Gram_error_fro,4.0,1,14,3,0.0,0.05855785,0.04062343,0.02944262,0.0224373,0.01769456,0.0142133,0.01152404,0.0093923,0.00768209,0.00630229,0.0051858,0.00428073,0.00354601,0.00294883,0.00246281,0.00206669,0.00174329
Gram_error_fro,2.0,1,14,3,0.0,0.07518621,0.08114987,0.07625856,0.06930239,0.06228047,0.05573483,0.0498024,0.04448955,0.03975816,0.03555593,0.0318279,0.02852121,0.02558698,0.02298102,0.02066395,0.01860095,0.01676147
Gram_error_fro,4.0,1,14,3,0.0,0.07784094,0.07137916,0.0661922,0.06163036,0.05700961,0.05231386,0.04769504,0.04328417,0.0391595,0.03535659,0.03188317,0.02873046,0.02588065,0.02331153,0.02099933,0.01892036,0.01705195
Gram_error_fro,4.0,1,14,3,0.0,0.01995819,0.01328497,0.00670683,0.00386764,0.00420776,0.00497386,0.00537626,0.00545353,0.00531815,0.00505662,0.00472675,0.00436566,0.00399679,0.00363468,0.00328809,0.00296204,0.00265912
Gram_error_fro,4.0,2,14,3,0.0,0.07877263,0.05568399,0.04025809,0.03073302,0.02430347,0.0196485,0.01619995,0.01367993,0.01191845,0.01078053,0.0101363,0.00985705,0.00982589,0.00994878,0.0101577,0.01040729,0.01066915
Gram_error_fro,4.0,1,14,3,0.0,0.04351052,0.02671803,0.01841837,0.01447707,0.01240904,0.01100754,0.00984284,0.0087931,0.00783074,0.00695136,0.00615369,0.00543518,0.00479165,0.00421784,0.00370801,0.00325631,0.00285705
Gram_error_fro,4.0,1,14,3,0.0,0.06991886,0.04590096,0.03313684,0.026629,0.02262846,0.01958988,0.01702484,0.01478693,0.01282305,0.01110302,0.00960192,0.00829635,0.00716409,0.00618437,0.00533814,0.00460815,0.00397899
Gram_error_fro,0.0,1,14,4,0.0,0.0,0.0,0.0,0.0,0.0,0.0,0.0,0.0,0.0,0.0,0.0,0.0,0.0,0.0,0.0,0.0,0.0
Gram_error_fro,2.0,1,14,4,0.0,0.06443053,0.04934442,0.03524426,0.02596183,0.01988231,0.01578128,0.01293194,0.01089115,0.0093794,0.00821844,0.00729466,0.0065356,0.0058947,0.00534162,0.00485621,0.00442474,0.0040376
Gram_error_fro,2.0,1,14,4,0.0,0.0591708,0.05309008,0.04331681,0.03536486,0.02926489,0.02448112,0.02063896,0.01750503,0.01492251,0.01277757,0.01098407,0.00947539,0.00819945,0.00711511,0.00618958,0.00539658,0.00471477
Gram_error_fro,0.0,1,14,4,0.0,0.0,0.0,0.0,0.0,0.0,0.0,0.0,0.0,0.0,0.0,0.0,0.0,0.0,0.0,0.0,0.0,0.0
Gram_error_fro,2.0,1,14,4,0.0,0.06216208,0.0428192,0.03005647,0.0221803,0.01702855,0.01348739,0.01095652,0.00908509,0.00765851,0.00654223,0.0056498,0.00492391,0.00432513,0.00382527,0.00340353,0.00304418,0.00273514
Gram_error_fro,2.0,1,14,4,0.0,0.0507663,0.04592327,0.03501,0.02528026,0.01816701,0.01345345,0.01058381,0.0089926,0.00818477,0.00779046,0.00758103,0.00743612,0.00729976,0.00714925,0.00697778,0.00678562,0.0065759
Gram_error_fro,4.0,1,14,4,0.0,0.06977704,0.05536409,0.04365359,0.03435943,0.02728112,0.02204456,0.01817688,0.01527082,0.01303022,0.01125502,0.00981322,0.00861748,0.00760888,0.00674668,0.00600189,0.0053533,0.00478493
Gram_error_fro,4.0,2,14,4,0.0,0.0559729,0.04937689,0.03864321,0.02945681,0.02238806,0.01719182,0.01355794,0.0112328,0.00998395,0.00954499,0.00963093,0.01000354,0.01050403,0.01104152,0.01156888,0.01206386,0.01251752
Gram_error_fro,4.0,1,14,4,0.0,0.05846026,0.0388617,0.02852752,0.02223965,0.01791731,0.01476436,0.01237368,0.01050211,0.00899695,0.00776039,0.00672832,0.00585711,0.00511577,0.00448123,0.00393565,0.0034648,0.00305712
Gram_error_fro,4.0,1,14,4,0.0,0.05427934,0.03731099,0.02628886,0.01876404,0.01340361,0.00966532,0.00724319,0.00588989,0.00531256,0.0051803,0.00523206,0.00532195,0.00538667,0.00540546,0.00537625,0.00530432,0.00519718
Gram_error_fro,2.0,1,14,4,0.0,0.04731392,0.0288276,0.0193007,0.01497391,0.01258549,0.01099523,0.00979825,0.00882579,0.00799767,0.00727221,0.00662593,0.00604454,0.00551851,0.00504095,0.0046065,0.00421076,0.00384995
Gram_error_fro,6.0,1,14,4,0.0,0.10319307,0.0959032,0.07954848,0.06441706,0.05228964,0.04288507,0.03558708,0.02985509,0.02528399,0.02158318,0.01854556,0.01602224,0.01390457,0.01211187,0.01058312,0.0092714,0.00814004
Gram_error_fro,6.0,1,14,4,0.0,0.09960276,0.07242338,0.05489133,0.04313195,0.03465651,0.02826905,0.023315,0.01939602,0.01625126,0.01370051,0.01161394,0.00989506,0.00847036,0.0072829,0.00628795,0.00545012,0.00474115
Gram_error_fro,6.0,1,14,4,0.0,0.05660535,0.03687819,0.02676864,0.02069653,0.01637613,0.0131228,0.01064,0.00873339,0.00725727,0.00610202,0.0051867,0.00445214,0.0038551,0.00336383,0.00295476,0.00261024,0.00231698
Gram_error_fro,4.0,1,14,4,0.0,0.07050845,0.04654343,0.02922487,0.01859809,0.01236328,0.00866798,0.0063955,0.00494061,0.00398209,0.00334071,0.00290662,0.00260686,0.0023916,0.00222748,0.00209313,0.00197554,0.00186719
Gram_error_fro,4.0,1,14,4,0.0,0.05027486,0.03323552,0.02521788,0.02054741,0.01719156,0.01458799,0.01248847,0.01075605,0.00930952,0.00809623,0.00707799,0.00622443,0.00550994,0.00491246,0.00441282,0.00399442,0.00364299
Gram_error_fro,0.0,1,14,1,0.0,0.0,0.0,0.0,0.0,0.0,0.0,0.0,0.0,0.0,0.0,0.0,0.0,0.0,0.0,0.0,0.0,0.0
Gram_error_fro,2.0,1,14,1,0.0,0.01535573,0.007486,0.0038763,0.0018316,0.00050386,0.00036974,0.00092416,0.0012526,0.00142401,0.00148919,0.00148476,0.00143654,0.00136235,0.00127426,0.00118023,0.00108543,0.00099308
Gram_error_fro,2.0,1,14,1,0.0,0.0,0.0,0.00042615,0.00112171,0.00182887,0.00241998,0.00285957,0.00315517,0.00332898,0.00340553,0.00340725,0.00335312,0.00325857,0.00313585,0.00299451,0.00284187,0.00268347
Gram_error_fro,2.0,1,14,1,0.0,0.0682261,0.06918597,0.06096297,0.05254512,0.04512831,0.03882357,0.03351161,0.02903549,0.02525098,0.022037,0.01929479,0.01694445,0.0149213,0.01317279,0.01165601,0.01033565,0.00918257
Gram_error_fro,2.0,1,14,1,0.0,0.02523227,0.01280922,0.00904806,0.00738013,0.00626909,0.0053861,0.00464945,0.00403006,0.0035096,0.0030722,0.0027036,0.00239141,0.00212527,0.00189671,0.00169897,0.00152667,0.00137553
Gram_error_fro,2.0,1,14,1,0.0,0.0682261,0.06918597,0.06096297,0.05254512,0.04512831,0.03882357,0.03351161,0.02903549,0.02525098,0.022037,0.01929479,0.01694445,0.0149213,0.01317279,0.01165601,0.01033565,0.00918257
Gram_error_fro,2.0,1,14,1,0.0,0.05908872,0.04472682,0.03687632,0.03101457,0.02602699,0.02172149,0.0180394,0.014924,0.01230957,0.01012791,0.00831423,0.00681012,0.0055647,0.0045345,0.0036829,0.00297928,0.00239822
Gram_error_fro,4.0,1,14,1,0.0,0.0682261,0.06918597,0.0613175,0.05310817,0.04582651,0.03961374,0.03436063,0.02991629,0.02614209,0.0229221,0.02016197,0.01778533,0.01573024,0.01394622,0.01239187,0.01103301,0.00984131
Gram_error_fro,2.0,1,14,1,0.0,0.01948224,0.00859174,0.00654226,0.00603069,0.00567251,0.0052574,0.00479255,0.00431399,0.00384986,0.00341675,0.00302245,0.00266912,0.00235567,0.0020793,0.00183648,0.00162349,0.00143673
Gram_error_fro,4.0,1,14,1,0.0,0.02167659,0.01125282,0.00685139,0.00485386,0.00384469,0.00331973,0.00304384,0.00289256,0.00279841,0.0027254,0.0026553,0.00257977,0.00249586,0.0024035,0.00230398,0.0021991,0.00209079
Gram_error_fro,4.0,1,14,1,0.0,0.04886495,0.04077771,0.03531724,0.03071598,0.02660828,0.02298527,0.01983785,0.01712828,0.01480576,0.01281802,0.0111167,0.00965907,0.00840829,0.00733297,0.00640654,0.00560662,0.00491436
Gram_error_fro,2.0,1,14,1,0.0,0.077694,0.07423878,0.06359704,0.05376605,0.04531442,0.03823222,0.03235762,0.02749603,0.02346604,0.02011305,0.01731043,0.01495615,0.0129686,0.01128249,0.00984547,0.00861539,0.00755814
Gram_error_fro,4.0,1,14,1,0.0,0.00335727,0.00137641,0.00047587,7.433e-05,2.984e-05,4.938e-05,0.00022815,0.000448,0.00067142,0.00087651,0.0010521,0.00119392,0.00130195,0.00137855,0.00142722,0.00145189,0.00145646
Gram_error_fro,4.0,1,14,1,0.0,0.01053162,0.00412982,0.00108746,0.00094868,0.00253614,0.00378083,0.00472403,0.00540497,0.00586536,0.00614572,0.00628265,0.00630765,0.00624695,0.00612194,0.00594978,0.00574412,0.00551567
Gram_error_fro,2.0,1,14,1,0.0,0.04886495,0.04077771,0.03697605,0.03339674,0.02978146,0.02630218,0.02308784,0.02019593,0.01763624,0.01539278,0.0134377,0.01173917,0.01026553,0.0089873,0.00787795,0.00691419,0.00607578
Gram_error_fro,6.0,1,14,1,0.0,0.12378165,0.1056062,0.09019299,0.07753128,0.06680162,0.05772981,0.05007327,0.04359644,0.03809378,0.03339598,0.02936627,0.02589445,0.02289127,0.02028392,0.01801255,0.01602761,0.01428788
Gram_error_fro,0.0,1,14,2,0.0,0.0,0.0,0.0,0.0,0.0,0.0,0.0,0.0,0.0,0.0,0.0,0.0,0.0,0.0,0.0,0.0,0.0
Gram_error_fro,2.0,1,14,2,0.0,0.03844494,0.03142189,0.02534225,0.02036335,0.01639528,0.01329017,0.01086754,0.00896473,0.00745423,0.00624144,0.00525721,0.00445081,0.00378457,0.00323011,0.00276575,0.0023747,0.00204381
Gram_error_fro,2.0,1,14,2,0.0,0.02879423,0.02631839,0.02198672,0.0181831,0.01508486,0.01259424,0.01058247,0.00894149,0.00758963,0.00646632,0.00552622,0.00473477,0.00406517,0.00349632,0.00301139,0.00259678,0.00224144
Gram_error_fro,2.0,1,14,2,0.0,0.00621802,0.00262768,0.00110281,0.00045011,8.545e-05,0.00023291,0.00052655,0.00078568,0.00099667,0.00115614,0.00126722,0.00133604,0.00136958,0.00137462,0.00135725,0.00132272,0.00127543
Gram_error_fro,2.0,1,14,2,0.0,0.01489841,0.00649695,0.00251535,0.00056294,0.00051591,0.0010777,0.00135628,0.00146236,0.00146571,0.00140985,0.00132191,0.00121871,0.0011106,0.00100378,0.00090184,0.00080673,0.00071934
Gram_error_fro,2.0,1,14,2,0.0,0.03844494,0.03142189,0.02580909,0.02158308,0.0183591,0.01585269,0.0138508,0.01220541,0.01081876,0.00962712,0.00858832,0.00767357,0.0068624,0.00613965,0.0054936,0.00491492,0.00439592
Gram_error_fro,0.0,1,14,2,0.0,0.01489841,0.00649695,0.0025879,0.00064526,0.00042152,0.0010101,0.00131185,0.00143772,0.00145655,0.00141194,0.00133156,0.00123296,0.00112718,0.00102103,0.00091861,0.00082223,0.00073308
Gram_error_fro,4.0,1,14,2,0.0,0.04253114,0.03744534,0.032881,0.02920401,0.02614693,0.02353649,0.02126388,0.01925977,0.0174771,0.01588162,0.01444712,0.01315288,0.01198205,0.01092067,0.00995694,0.00908076,0.00828337
Gram_error_fro,2.0,1,14,2,0.0,0.03844494,0.03142189,0.02580909,0.02158308,0.0183591,0.01585269,0.0138508,0.01220541,0.01081876,0.00962712,0.00858832,0.00767357,0.0068624,0.00613965,0.0054936,0.00491492,0.00439592
Gram_error_fro,4.0,1,14,2,0.0,0.06139879,0.06471808,0.06276478,0.0593447,0.05536507,0.05119495,0.04704685,0.04305066,0.03928006,0.03577099,0.03253537,0.02957055,0.02686537,0.02440417,0.02216911,0.02014181,0.01830414
Gram_error_fro,4.0,1,14,2,0.0,0.00747436,0.00340316,0.0009585,0.00145906,0.00231807,0.00277574,0.00293489,0.00290419,0.00276251,0.00256219,0.00233646,0.00210571,0.00188197,0.00167194,0.0014789,0.00130408,0.00114739
Gram_error_fro,4.0,1,14,2,0.0,0.07521149,0.04198305,0.03097979,0.02616125,0.02297119,0.02040937,0.01820808,0.01626735,0.01453708,0.01298654,0.01159405,0.01034268,0.00921834,0.00820882,0.00730321,0.00649171,0.00576538
Gram_error_fro,4.0,1,14,2,0.0,0.04383449,0.03327936,0.02704039,0.02275468,0.0195229,0.01695523,0.01484248,0.01306293,0.01154064,0.01022465,0.00907851,0.00807481,0.00719217,0.00641346,0.00572462,0.00511397,0.00457167
Gram_error_fro,4.0,1,14,2,0.0,0.05305825,0.05129378,0.04822343,0.04434861,0.04013197,0.0359365,0.03197031,0.02833099,0.02505054,0.02212537,0.01953412,0.0172477,0.01523475,0.0134645,0.01190823,0.0105398,0.00933592
Gram_error_fro,6.0,2,14,2,0.0,0.07217777,0.05381409,0.04142712,0.0330764,0.02720461,0.02315703,0.02051024,0.01891883,0.01808745,0.01777364,0.01779272,0.01801396,0.01834988,0.01874411,0.01916122,0.01957941,0.01998555
Gram_error_fro,4.0,2,14,2,0.0,0.01389205,0.00930518,0.00848871,0.00804268,0.0075628,0.00708406,0.00667628,0.00637474,0.00618461,0.0060951,0.00608941,0.00614998,0.00626078,0.00640807,0.0065805,0.00676888,0.00696595
Gram_error_fro,0.0,1,14,4,0.0,0.0,0.0,0.0,0.0,0.0,0.0,0.0,0.0,0.0,0.0,0.0,0.0,0.0,0.0,0.0,0.0,0.0
Gram_error_fro,2.0,1,14,4,0.0,0.10849263,0.08538549,0.05864734,0.0408375,0.02998751,0.02330547,0.01893992,0.01585933,0.01352814,0.01167108,0.01014107,0.00885357,0.00775553,0.00681077,0.00599287,0.00528159,0.00466088
Gram_error_fro,0.0,1,14,4,0.0,0.0,0.0,0.0,0.0,0.0,0.0,0.0,0.0,0.0,0.0,0.0,0.0,0.0,0.0,0.0,0.0,0.0
Gram_error_fro,2.0,1,14,4,0.0,0.11233775,0.08551026,0.05728221,0.03846693,0.02701692,0.02018706,0.01603728,0.01337475,0.01152633,0.01013551,0.00901914,0.0080825,0.00727456,0.00656589,0.00593797,0.0053781,0.00487685
Gram_error_fro,2.0,1,14,4,0.0,0.03845342,0.02624691,0.02159836,0.01909049,0.01724322,0.01565353,0.01420961,0.0128825,0.01166459,0.01055195,0.00953989,0.00862237,0.00779248,0.00704293,0.00636653,0.00575639,0.00520609
Gram_error_fro,2.0,1,14,4,0.0,0.02853584,0.02609344,0.02220196,0.01925911,0.01698846,0.01509547,0.01344298,0.01197583,0.01066933,0.0095078,0.00847757,0.00756526,0.0067579,0.00604326,0.00541015,0.00484855,0.00434963
Gram_error_fro,4.0,1,14,4,0.0,0.08715045,0.07558372,0.06185078,0.05161283,0.04366107,0.03721869,0.03190165,0.02746931,0.02374575,0.02059649,0.01791742,0.01562699,0.01366047,0.01196585,0.01050076,0.00923043,0.00812606
Gram_error_fro,4.0,1,14,4,0.0,0.05827348,0.04834686,0.041075,0.03674636,0.03360289,0.03084536,0.02823817,0.02574461,0.02338004,0.02116446,0.01911041,0.017222,0.01549679,0.01392806,0.01250656,0.01122181,0.01006291
Gram_error_fro,2.0,1,14,4,0.0,0.03598367,0.03286643,0.02965015,0.02746277,0.02554182,0.02361476,0.02167049,0.01976081,0.017934,0.01622102,0.01463714,0.01318656,0.01186658,0.01067058,0.00958998,0.00861545,0.00773763
Gram_error_fro,4.0,1,14,4,0.0,0.03586518,0.01917933,0.01345039,0.0110585,0.00970877,0.00876697,0.00798748,0.00726676,0.00657308,0.00590634,0.0052758,0.00469029,0.00415519,0.00367225,0.00324046,0.00285701,0.00251809
Gram_error_fro,4.0,1,14,4,0.0,0.05567763,0.05020728,0.04374866,0.03836108,0.03378279,0.02978134,0.02625192,0.02314023,0.0204044,0.01800443,0.01590146,0.01405889,0.01244344,0.01102554,0.00977935,0.00868245,0.00771552
Gram_error_fro,6.0,2,14,4,0.0,0.08058123,0.05908637,0.04448668,0.03556936,0.02960434,0.02518828,0.02169606,0.01885307,0.01653382,0.01467575,0.01324083,0.01219601,0.01150223,0.01111009,0.01096207,0.01099888,0.01116624
Gram_error_fro,4.0,2,14,4,0.0,0.07297104,0.05425549,0.04170353,0.03347576,0.02768237,0.02344518,0.02026873,0.01785359,0.01601538,0.01463563,0.01363114,0.01293623,0.01249389,0.01225266,0.01216651,0.0121957,0.0123073
Gram_error_fro,2.0,1,14,4,0.0,0.10496601,0.09526476,0.0812197,0.06918233,0.05890518,0.0501791,0.04283544,0.03668532,0.03153815,0.02722088,0.02358576,0.02051064,0.01789624,0.0156624,0.01374457,0.01209064,0.01065843
Gram_error_fro,4.0,1,14,4,0.0,0.08369147,0.06429688,0.05044364,0.04133264,0.03468734,0.02947612,0.02523182,0.02170598,0.01874341,0.0162356,0.01410123,0.01227682,0.0107116,0.00936435,0.00820128,0.00719445,0.00632068
Gram_error_fro,6.0,1,14,4,0.0,0.11961266,0.08924362,0.06340067,0.04836164,0.03954648,0.03378247,0.02954074,0.0261399,0.02327011,0.02077998,0.01858725,0.01664132,0.01490713,0.01335793,0.011972,0.01073097,0.00961897
Gram_error_fro,0.0,1,14,6,0.0,0.0,0.0,0.0,0.0,0.0,0.0,0.0,0.0,0.0,0.0,0.0,0.0,0.0,0.0,0.0,0.0,0.0
Gram_error_fro,2.0,1,14,6,0.0,0.06744355,0.05647464,0.04268183,0.03253128,0.02532867,0.0200919,0.01617746,0.01318306,0.01084823,0.0089981,0.00751187,0.0063042,0.00531349,0.00449436,0.00381272,0.00324248,0.00276333
Gram_error_fro,2.0,1,14,6,0.0,0.05922632,0.04483426,0.03009897,0.02044346,0.01454394,0.01086058,0.00840561,0.00664498,0.00530958,0.00426247,0.00342795,0.0027585,0.00222056,0.0017884,0.0014415,0.00116322,0.00094001
Gram_error_fro,2.0,1,14,6,0.0,0.05316467,0.05531003,0.05021277,0.04277375,0.03533309,0.02877231,0.02330722,0.01888039,0.01534226,0.01252916,0.01029326,0.00851115,0.00708386,0.00593366,0.0050002,0.00423696,0.00360815
Gram_error_fro,2.0,1,14,6,0.0,0.06219186,0.04688409,0.03262759,0.02301285,0.01674471,0.01256373,0.00966313,0.00756983,0.00600952,0.00481854,0.00389418,0.00316826,0.00259313,0.00213421,0.0017657,0.00146803,0.00122619
Gram_error_fro,2.0,1,14,6,0.0,0.04631098,0.03337198,0.02356881,0.01751665,0.0135901,0.01082013,0.00874374,0.00713504,0.00586803,0.00486102,0.00405529,0.00340646,0.00288034,0.0024505,0.0020965,0.00180258,0.00155661
Gram_error_fro,4.0,1,14,6,0.0,0.07436032,0.0549754,0.03924695,0.02836181,0.02075268,0.01534757,0.01145845,0.0086263,0.00653944,0.00498485,0.00381582,0.00293003,0.00225495,0.00173829,0.00134169,0.00103663,0.00080167
Gram_error_fro,4.0,1,14,6,0.0,0.07095045,0.05638273,0.04475729,0.03580442,0.02864062,0.02288955,0.01830713,0.01468114,0.01182267,0.00957063,0.00779295,0.00638434,0.00526232,0.00436304,0.00363741,0.00304777,0.00256528
Gram_error_fro,2.0,1,14,6,0.0,0.03408764,0.02555259,0.01999563,0.01640344,0.01384161,0.0118858,0.01032881,0.00905523,0.00799291,0.00709291,0.00632051,0.00565038,0.00506378,0.00454665,0.00408826,0.00368026,0.00331598
Gram_error_fro,4.0,1,14,6,0.0,0.06962161,0.06453845,0.05486491,0.045143,0.03659359,0.02951103,0.02381603,0.01930263,0.01574646,0.01294588,0.01073346,0.00897563,0.0075682,0.00643107,0.00550318,0.00473828,0.0041014
Gram_error_fro,2.0,1,14,6,0.0,0.012447,0.01488488,0.0180413,0.0179765,0.01609087,0.01361174,0.01116982,0.00902089,0.00723181,0.00578607,0.00463659,0.00373012,0.00301739,0.00245659,0.00201379,0.00166224,0.00138121
Gram_error_fro,4.0,1,14,6,0.0,0.09088703,0.08257039,0.06632635,0.05228978,0.0413048,0.03286047,0.02637077,0.0213624,0.01747516,0.01443739,0.01204415,0.01014095,0.00861161,0.00736899,0.00634795,0.00549978,0.00478798
Gram_error_fro,4.0,1,14,6,0.0,0.06580852,0.05465665,0.04286897,0.0339206,0.02703937,0.0216159,0.017309,0.0138919,0.0111875,0.00904991,0.00735921,0.00601858,0.00495113,0.00409669,0.00340859,0.00285085,0.00239579
Gram_error_fro,4.0,1,14,6,0.0,0.08700407,0.05774594,0.03658781,0.02436286,0.01706459,0.01238302,0.00918824,0.00691287,0.00524724,0.00400658,0.00307213,0.00236322,0.00182283,0.00140954,0.00109267,0.00084926,0.00066193
Gram_error_fro,4.0,1,14,6,0.0,0.07130001,0.06218854,0.05312047,0.04461117,0.03682225,0.03003071,0.02433431,0.01967952,0.01593779,0.01295852,0.01059695,0.00872607,0.00724006,0.00605357,0.00509937,0.00432529,0.00369137
Gram_error_fro,4.0,1,14,6,0.0,0.08540169,0.06612407,0.04896909,0.03653498,0.02736414,0.02052856,0.01543163,0.01163791,0.00881599,0.00671422,0.00514399,0.00396558,0.0030763,0.00240105,0.00188495,0.00148787,0.00118039
Gram_error_fro,0.0,1,14,3,0.0,0.0,0.0,0.0,0.0,0.0,0.0,0.0,0.0,0.0,0.0,0.0,0.0,0.0,0.0,0.0,0.0,0.0
Gram_error_fro,2.0,1,14,3,0.0,0.02211942,0.01542752,0.0110537,0.00819331,0.00644696,0.0053902,0.00471341,0.0042298,0.00384098,0.00350026,0.00318742,0.00289472,0.0026198,0.00236239,0.00212276,0.00190115,0.0016975
Gram_error_fro,2.0,1,14,3,0.0,0.02078405,0.01254827,0.00857156,0.00644637,0.00516032,0.00427685,0.00361815,0.00310435,0.0026927,0.00235635,0.00207682,0.00184077,0.00163848,0.00146286,0.00130869,0.00117216,0.00105043
Gram_error_fro,2.0,1,14,3,0.0,0.01726399,0.01328855,0.01081912,0.00892408,0.00742079,0.00623241,0.00528699,0.00452485,0.00390102,0.00338293,0.00294709,0.00257647,0.00225852,0.0019838,0.00174509,0.00153676,0.00135431
Gram_error_fro,2.0,1,14,3,0.0,0.04898301,0.02321113,0.01321652,0.00848523,0.00588248,0.00432137,0.00333412,0.00268375,0.00223768,0.001918,0.00167804,0.00148968,0.0013358,0.00120593,0.00109351,0.00099434,0.00090568
Gram_error_fro,2.0,1,14,3,0.0,0.0393877,0.02275675,0.01623174,0.01360862,0.01210969,0.01101717,0.01012956,0.00936622,0.00868663,0.00806874,0.00749998,0.00697272,0.00648198,0.00602419,0.0055966,0.00519699,0.00482345
Gram_error_fro,4.0,1,14,3,0.0,0.06000663,0.03793061,0.02434902,0.01586785,0.01042786,0.0068868,0.00456516,0.00304824,0.00207935,0.00149494,0.00117771,0.00102677,0.00095875,0.00092089,0.00088814,0.00085144,0.00080894
Gram_error_fro,4.0,1,14,3,0.0,0.03797853,0.02805028,0.02090905,0.0158873,0.01242564,0.0100136,0.00829235,0.00702297,0.00604984,0.00527359,0.00463193,0.0040863,0.00361277,0.0031963,0.0028271,0.00249846,0.00220547
Gram_error_fro,2.0,1,14,3,0.0,0.0293744,0.01824251,0.01277634,0.00985114,0.00790568,0.00646207,0.00534336,0.00445701,0.00374376,0.00316256,0.00268398,0.00228645,0.00195386,0.00167399,0.00143734,0.00123647,0.00106544
Gram_error_fro,4.0,1,14,3,0.0,0.04880261,0.03321836,0.02844276,0.025861,0.02392011,0.02227767,0.02082352,0.01950785,0.01830186,0.01718643,0.01614806,0.01517685,0.01426541,0.01340808,0.01260042,0.01183885,0.01112039
Gram_error_fro,2.0,1,14,3,0.0,0.02687412,0.01732044,0.01277313,0.01032517,0.00883478,0.00777563,0.0069244,0.00619,0.00553472,0.00494215,0.00440433,0.0039166,0.00347547,0.0030778,0.00272054,0.00240061,0.00211499
Gram_error_fro,6.0,1,14,3,0.0,0.07948756,0.06007882,0.05091988,0.04605501,0.04233352,0.03904178,0.03602745,0.03324582,0.03067522,0.02830019,0.02610726,0.02408377,0.02221758,0.02049709,0.01891124,0.01744963,0.01610253
Gram_error_fro,4.0,1,14,3,0.0,0.06890709,0.06225413,0.05073748,0.04045977,0.03215988,0.0256286,0.0205201,0.01651896,0.01337057,0.01087818,0.00889224,0.00729971,0.00601494,0.00497274,0.00412313,0.00342748,0.00285568
Gram_error_fro,4.0,1,14,3,0.0,0.04181662,0.03351565,0.02750664,0.0228122,0.01906828,0.01603403,0.01354367,0.01148034,0.00975864,0.00831415,0.00709695,0.00606766,0.00519471,0.00445254,0.00382023,0.00328055,0.00281921
Gram_error_fro,6.0,1,14,3,0.0,0.06432932,0.03170008,0.01906107,0.01388704,0.01104618,0.00913188,0.0077013,0.00657622,0.00566836,0.00492615,0.00431518,0.00381009,0.00339095,0.00304153,0.00274842,0.00250055,0.00228885
Gram_error_fro,6.0,1,14,3,0.0,0.08219323,0.08182264,0.07287864,0.06287065,0.05377388,0.04593787,0.03930453,0.03371901,0.0290171,0.02505084,0.02169439,0.01884341,0.01641233,0.01433123,0.01254306,0.01100111,0.00966706
Gram_error_fro,0.0,1,14,3,0.0,0.0,0.0,0.0,0.0,0.0,0.0,0.0,0.0,0.0,0.0,0.0,0.0,0.0,0.0,0.0,0.0,0.0
Gram_error_fro,2.0,1,14,3,0.0,0.05236391,0.0347634,0.02441434,0.01810816,0.01385817,0.01083631,0.00862226,0.00696567,0.00570391,0.00472665,0.00395735,0.00334215,0.00284281,0.00243198,0.00208985,0.00180199,0.00155771
Gram_error_fro,2.0,1,14,3,0.0,0.01587322,0.00888446,0.00580301,0.00380606,0.00243021,0.00157603,0.0011528,0.00102112,0.00101141,0.0010201,0.00101272,0.00098446,0.00093926,0.00088255,0.00081918,0.00075291,0.0006865
Gram_error_fro,2.0,1,14,3,0.0,0.04679306,0.04031319,0.03107934,0.02352461,0.01776119,0.01343587,0.01020189,0.0077807,0.00596129,0.00458763,0.00354534,0.00275064,0.00214196,0.00167382,0.00131241,0.00103247,0.00081498
Gram_error_fro,2.0,1,14,3,0.0,0.05853741,0.0417185,0.03256191,0.02637703,0.0216047,0.01777469,0.01466505,0.0121286,0.01005339,0.00835073,0.0069497,0.00579348,0.0048366,0.00404261,0.00338223,0.00283187,0.00237242
Gram_error_fro,2.0,1,14,3,0.0,0.06150824,0.07057559,0.06825684,0.06269104,0.0563541,0.05011075,0.044295,0.03903049,0.03434358,0.03021264,0.02659331,0.02343231,0.02067515,0.01827018,0.01617048,0.01433451,0.01272614
Gram_error_fro,2.0,1,14,3,0.0,0.06148163,0.07057207,0.06825763,0.06270775,0.05639291,0.05017133,0.0443729,0.03911977,0.03443848,0.03030848,0.02668666,0.02352092,0.02075771,0.01834606,0.01623954,0.01439692,0.01278224
Gram_error_fro,2.0,1,14,3,0.0,0.06592895,0.04970833,0.03662738,0.02749426,0.02095256,0.01616024,0.01259671,0.0099144,0.00787245,0.00630128,0.00508018,0.00412231,0.00336453,0.0027604,0.00227539,0.00188352,0.00156509
Gram_error_fro,4.0,1,14,3,0.0,0.04207788,0.02399468,0.01459312,0.00959526,0.00660527,0.00467515,0.00338263,0.00249996,0.00188767,0.00145557,0.00114435,0.0009149,0.00074154,0.00060742,0.00050145,0.00041628,0.00034692
Gram_error_fro,2.0,1,14,3,0.0,0.02389739,0.01302728,0.0090582,0.00654219,0.00472392,0.00343155,0.0025226,0.00188138,0.00142455,0.0010952,0.00085497,0.00067784,0.00054584,0.0004464,0.00037056,0.00031188,0.00026575
Gram_error_fro,4.0,1,14,3,0.0,0.06127032,0.03875226,0.02873166,0.02278288,0.01839424,0.01494704,0.01219664,0.0099878,0.00820409,0.00675588,0.00557419,0.00460585,0.00380959,0.00315307,0.00261068,0.00216193,0.00179029
Gram_error_fro,4.0,1,14,3,0.0,0.08550016,0.06447868,0.0518411,0.04241637,0.03488151,0.0288351,0.02396759,0.02002137,0.01679573,0.01413877,0.01193574,0.01009908,0.00856102,0.00726834,0.00617868,0.00525795,0.00447842
Gram_error_fro,4.0,1,14,3,0.0,0.02674173,0.01903557,0.01551579,0.01390441,0.01318068,0.01273917,0.01229681,0.01176835,0.01115418,0.01048134,0.00977951,0.00907316,0.00838024,0.0077129,0.00707879,0.00648223,0.00592518
Gram_error_fro,4.0,2,14,3,0.0,0.07437065,0.07457905,0.07023705,0.06477627,0.05920636,0.05388464,0.04896865,0.04452486,0.04056679,0.03707665,0.03401971,0.03135372,0.02903468,0.0270202,0.02527117,0.02375249,0.02243321
Gram_error_fro,4.0,2,14,3,0.0,0.05750813,0.04059267,0.03138124,0.02643391,0.0232782,0.02097921,0.01921829,0.01785233,0.01678988,0.0159624,0.01531695,0.01481271,0.01441834,0.01410976,0.01386844,0.01368,0.01353324
Gram_error_fro,4.0,1,14,3,0.0,0.05578786,0.04550954,0.03501795,0.02679834,0.02063446,0.01605767,0.01264695,0.01007766,0.00811465,0.00659214,0.0053943,0.00443985,0.00367112,0.00304649,0.00253537,0.00211481,0.00176725
Gram_error_fro,0.0,1,14,3,0.0,0.0,0.0,0.0,0.0,0.0,0.0,0.0,0.0,0.0,0.0,0.0,0.0,0.0,0.0,0.0,0.0,0.0
Gram_error_fro,2.0,1,14,3,0.0,0.01936814,0.01086184,0.00586798,0.00294417,0.00125689,0.00044031,0.0005674,0.00082243,0.00095948,0.00100709,0.0009973,0.00095267,0.00088824,0.00081391,0.00073613,0.00065905,0.00058523
Gram_error_fro,2.0,1,14,3,0.0,0.02700867,0.01899378,0.01391761,0.01067041,0.00832091,0.00653844,0.00517182,0.00412164,0.00331206,0.00268419,0.00219302,0.00180477,0.00149446,0.00124376,0.00103921,0.00087089,0.00073142
Gram_error_fro,0.0,1,14,3,0.0,0.0,0.0,0.0,0.0,0.0,0.0,0.0,0.0,0.0,0.0,0.0,0.0,0.0,0.0,0.0,0.0,0.0
Gram_error_fro,2.0,1,14,3,0.0,0.06175139,0.03468287,0.02237234,0.0160853,0.01209913,0.00931472,0.00729533,0.00580183,0.00467963,0.00382232,0.0031554,0.00262683,0.00220044,0.00185116,0.00156147,0.00131901,0.00111477
Gram_error_fro,2.0,1,14,3,0.0,0.02073347,0.01521143,0.01027142,0.0072096,0.00525892,0.00391316,0.00294263,0.00223052,0.00170386,0.00131177,0.00101769,0.00079526,0.00062553,0.00049488,0.00039346,0.00031415,0.00025171
Gram_error_fro,4.0,1,14,3,0.0,0.07039069,0.04778277,0.03329773,0.02438213,0.01842955,0.01424349,0.01120215,0.00893984,0.00722499,0.00590415,0.00487238,0.00405615,0.00340292,0.00287453,0.0024429,0.0020871,0.00179135
Gram_error_fro,4.0,1,14,3,0.0,0.05701008,0.03365172,0.02260899,0.01724624,0.01383261,0.01127986,0.00927114,0.00766582,0.00637193,0.00532115,0.00446164,0.00375396,0.00316791,0.00268013,0.00227238,0.00193022,0.00164218
Gram_error_fro,2.0,1,14,3,0.0,0.03674463,0.02550558,0.01842848,0.01411524,0.01113964,0.00893559,0.00724959,0.0059367,0.00489982,0.00407019,0.00339843,0.00284889,0.00239548,0.00201884,0.00170432,0.0014406,0.00121879
Gram_error_fro,2.0,1,14,3,0.0,0.05495759,0.04833413,0.03917345,0.03109828,0.02468432,0.01973207,0.01591292,0.01294095,0.01060001,0.0087337,0.00722976,0.00600697,0.0050056,0.0041809,0.00349867,0.00293233,0.00246092
Gram_error_fro,4.0,1,14,3,0.0,0.04656671,0.03843758,0.02933558,0.02227116,0.01696168,0.01299276,0.01002307,0.00778982,0.00609752,0.00480375,0.00380565,0.00302901,0.00242002,0.00193929,0.00155769,0.00125341,0.00100988
Gram_error_fro,4.0,1,14,3,0.0,0.02157445,0.01673843,0.01220843,0.00827773,0.00555167,0.00383685,0.00280283,0.00218287,0.00179601,0.00153278,0.00133405,0.00117067,0.00102918,0.00090357,0.00079108,0.00069031,0.00060034
Gram_error_fro,4.0,1,14,3,0.0,0.04500796,0.03685586,0.0288302,0.02216793,0.01703968,0.01320957,0.01036088,0.00822462,0.0066007,0.00534727,0.0043653,0.00358559,0.00295932,0.00245149,0.00203657,0.00169553,0.00141393
Gram_error_fro,6.0,1,14,3,0.0,0.07499888,0.05246417,0.03905114,0.03021,0.02381597,0.01898056,0.01523632,0.01229551,0.00996361,0.00810151,0.00660629,0.00540014,0.00442338,0.00362972,0.00298295,0.00245457,0.00202197
Gram_error_fro,4.0,1,14,3,0.0,0.07438412,0.04610158,0.03307713,0.02520554,0.0196042,0.0154149,0.01221595,0.00974089,0.00780635,0.00628163,0.00507155,0.00410561,0.00333083,0.00270691,0.0022028,0.0017944,0.0014628
Gram_error_fro,2.0,1,14,3,0.0,0.03348739,0.02906664,0.02317412,0.0182571,0.01446568,0.01158431,0.00937962,0.00766649,0.00631185,0.00522345,0.00433766,0.00360985,0.00300787,0.00250781,0.00209129,0.00174384,0.00145378
Gram_error_fro,0.0,1,14,5,0.0,0.0,0.0,0.0,0.0,0.0,0.0,0.0,0.0,0.0,0.0,0.0,0.0,0.0,0.0,0.0,0.0,0.0
Gram_error_fro,2.0,1,14,5,0.0,0.04098103,0.03784332,0.03243376,0.02674098,0.02155921,0.0172247,0.01375336,0.01102613,0.00889456,0.00722385,0.00590508,0.0048548,0.00401058,0.00332612,0.00276699,0.00230734,0.00192755
Gram_error_fro,2.0,1,14,5,0.0,0.04708333,0.03948823,0.03302669,0.02706383,0.02185838,0.01756436,0.01413265,0.01142625,0.00929591,0.0076112,0.0062683,0.00518813,0.00431159,0.00359465,0.00300434,0.00251566,0.0021094
Gram_error_fro,2.0,1,14,5,0.0,0.03965028,0.022332,0.01241955,0.00839297,0.00701844,0.00636061,0.00579433,0.00521781,0.00464784,0.00411043,0.00362093,0.00318457,0.00280037,0.00246418,0.00217068,0.00191447,0.00169055
Gram_error_fro,2.0,1,14,5,0.0,0.0702571,0.04420813,0.02544806,0.01511265,0.00945755,0.00628762,0.00446161,0.00336949,0.00267622,0.00219973,0.00184456,0.00156226,0.00132839,0.00113021,0.00096053,0.00081477,0.00068961
Gram_error_fro,2.0,1,14,5,0.0,0.04459907,0.03431363,0.02412871,0.01692694,0.01205414,0.00873789,0.00643529,0.00480083,0.00361796,0.00274847,0.00210143,0.00161521,0.00124693,0.00096616,0.00075091,0.00058514,0.00045695
Gram_error_fro,4.0,1,14,5,0.0,0.08905637,0.06687323,0.04639176,0.03221623,0.02277451,0.01651961,0.01233225,0.0094614,0.00742693,0.00593235,0.00479763,0.00391287,0.00320924,0.00264181,0.00217985,0.00180134,0.00148989
Gram_error_fro,4.0,1,14,5,0.0,0.07493764,0.05376197,0.03783045,0.02786452,0.021456,0.01713064,0.0140553,0.01175482,0.00995624,0.00850109,0.00729499,0.00627915,0.00541477,0.00467451,0.00403801,0.00348935,0.00301566
Gram_error_fro,4.0,2,14,5,0.0,0.05031304,0.03648906,0.02578845,0.01949655,0.01677914,0.01617905,0.0164695,0.01700826,0.01754631,0.0180082,0.01838233,0.0186776,0.01890768,0.01908576,0.0192231,0.01932876,0.01940994
Gram_error_fro,4.0,1,14,5,0.0,0.07127796,0.0450325,0.02525178,0.01461445,0.00940996,0.00698599,0.0057679,0.00499877,0.00439836,0.0038812,0.00342364,0.00301806,0.00265981,0.00234437,0.00206708,0.00182345,0.00160934
Gram_error_fro,4.0,1,14,5,0.0,0.0896408,0.06814526,0.05165038,0.04109926,0.03368465,0.02807201,0.02365285,0.02009838,0.0171993,0.0148083,0.01281647,0.01114158,0.00972095,0.0085066,0.00746152,0.00655696,0.00577032
Gram_error_fro,2.0,1,14,5,0.0,0.06154801,0.05260194,0.04110859,0.03195643,0.02536663,0.02068164,0.01724555,0.01460456,0.01248557,0.01073172,0.0092513,0.00798731,0.00690122,0.00596475,0.00515582,0.00445641,0.00385143
Gram_error_fro,4.0,1,14,5,0.0,0.08638828,0.05723112,0.03992354,0.02953247,0.02255636,0.01756778,0.0138731,0.01107042,0.00890529,0.00720885,0.00586501,0.00479135,0.00392769,0.00322912,0.00266145,0.00219834,0.00181925
Gram_error_fro,6.0,1,14,5,0.0,0.11546147,0.09815207,0.0760516,0.05899913,0.04636281,0.03691734,0.02974509,0.02421546,0.01989506,0.01647987,0.01375172,0.011551,0.0097593,0.00828786,0.00706961,0.00605345,0.00520016
Gram_error_fro,2.0,1,14,5,0.0,0.07045972,0.06007102,0.04913369,0.04003863,0.03254938,0.02641934,0.0214397,0.01742436,0.01420551,0.0116344,0.00958267,0.00794267,0.00662637,0.00556344,0.00469861,0.0039891,0.00340205
Gram_error_fro,4.0,1,14,5,0.0,0.07474789,0.05579092,0.03833772,0.02650051,0.01882289,0.01390262,0.01070845,0.00855314,0.00701763,0.00586273,0.0049556,0.00422109,0.00361435,0.00310654,0.00267773,0.0023133,0.00200207
Gram_error_fro,0.0,1,14,6,0.0,0.0,0.0,0.0,0.0,0.0,0.0,0.0,0.0,0.0,0.0,0.0,0.0,0.0,0.0,0.0,0.0,0.0
Gram_error_fro,2.0,1,14,6,0.0,0.06126718,0.05085411,0.03818455,0.02848225,0.02143529,0.01631694,0.01256999,0.00980451,0.0077459,0.0061981,0.00502042,0.00411204,0.003401,0.0028361,0.00238095,0.00200955,0.00170316
Gram_error_fro,2.0,1,14,6,0.0,0.05344624,0.05271583,0.04833725,0.04202721,0.03535472,0.0292104,0.02392551,0.01954095,0.01597351,0.01309969,0.01079388,0.00894385,0.00745535,0.00625201,0.00527321,0.00447148,0.00380998
Gram_error_fro,2.0,1,14,6,0.0,0.03460774,0.03096608,0.02446831,0.0187782,0.0143857,0.01113538,0.00875104,0.00698751,0.00566222,0.004648,0.00385805,0.00323286,0.00273101,0.00232305,0.00198764,0.00170905,0.00147553
Gram_error_fro,2.0,1,14,6,0.0,0.06807214,0.065083,0.05660232,0.04755362,0.03917797,0.03194973,0.02595089,0.0210794,0.01716815,0.01404315,0.01154794,0.00955116,0.00794648,0.00664975,0.00559514,0.00473158,0.00401955
Gram_error_fro,2.0,1,14,6,0.0,0.05222829,0.04411944,0.03682611,0.03127747,0.02682566,0.02310323,0.01991127,0.01714569,0.01474782,0.01267701,0.01089842,0.00937886,0.00808617,0.00698965,0.00606082,0.00527394,0.00460628
Gram_error_fro,4.0,1,14,6,0.0,0.04706472,0.03600473,0.0268608,0.01987883,0.01471433,0.01094954,0.0082083,0.00620507,0.00473423,0.00364875,0.00284287,0.00224011,0.00178509,0.00143775,0.00116928,0.00095901,0.00079215
Gram_error_fro,4.0,1,14,6,0.0,0.05725822,0.03993965,0.02596851,0.01715421,0.01169109,0.0082523,0.00603797,0.00457236,0.00356956,0.00285703,0.00233091,0.00192868,0.00161225,0.00135779,0.00114981,0.00097776,0.00083416
Gram_error_fro,4.0,1,14,6,0.0,0.06100334,0.04492751,0.03234344,0.0236274,0.01754945,0.01325558,0.01016747,0.00790627,0.00622448,0.00495672,0.00398922,0.00324184,0.00265735,0.00219458,0.00182376,0.0015233,0.00127744
Gram_error_fro,4.0,1,14,6,0.0,0.04829056,0.03757731,0.0288737,0.02272011,0.01817684,0.01469419,0.01197334,0.00983163,0.00814005,0.00679901,0.00572936,0.00486859,0.00416821,0.00359138,0.00311049,0.00270507,0.00235991
Gram_error_fro,2.0,1,14,6,0.0,0.05343325,0.05267693,0.04786795,0.04163876,0.03524589,0.0293962,0.0243588,0.0201607,0.01672182,0.0139273,0.01166133,0.00982087,0.0083197,0.00708802,0.0060705,0.00522373,0.00451388
Gram_error_fro,4.0,1,14,6,0.0,0.08652278,0.0796862,0.06713553,0.05507048,0.04471872,0.03621856,0.0293811,0.02393443,0.01961027,0.01617427,0.01343351,0.0112344,0.00945716,0.00800944,0.00682049,0.00583621,0.00501513
Gram_error_fro,4.0,1,14,6,0.0,0.06652728,0.05617852,0.04470195,0.03564504,0.02861381,0.02313629,0.01885663,0.01549994,0.01285058,0.01074114,0.00904406,0.00766368,0.0065289,0.00558694,0.0047984,0.00413353,0.00356958
Gram_error_fro,6.0,1,14,6,0.0,0.08491371,0.07558507,0.06345326,0.05295126,0.04421719,0.03708662,0.03131959,0.02666086,0.0228786,0.01978065,0.01721585,0.01506871,0.01325204,0.01170023,0.01036356,0.00920403,0.00819214
Gram_error_fro,4.0,1,14,6,0.0,0.09233986,0.06819493,0.0469269,0.03245775,0.02286466,0.01648205,0.01217103,0.00919323,0.00708149,0.00554319,0.00439461,0.00351875,0.00283937,0.00230527,0.00188097,0.00154111,0.0012671
Gram_error_fro,4.0,1,14,6,0.0,0.08482475,0.07132809,0.05866889,0.04813018,0.03923163,0.03183205,0.02579266,0.0209301,0.0170459,0.01395319,0.0114898,0.00952174,0.00794163,0.006665,0.00562624,0.00477466,0.00407128
Gram_error_fro,0.0,1,14,2,0.0,0.0,0.0,0.0,0.0,0.0,0.0,0.0,0.0,0.0,0.0,0.0,0.0,0.0,0.0,0.0,0.0,0.0
Gram_error_fro,2.0,1,14,2,0.0,0.04202592,0.0315223,0.02302257,0.01713156,0.01293677,0.00988421,0.00763271,0.00595307,0.00468584,0.00371896,0.00297315,0.00239199,0.0019349,0.00157241,0.00128285,0.00105008,0.00086196
Gram_error_fro,2.0,1,14,2,0.0,0.03986437,0.02408912,0.01775526,0.01410519,0.01148362,0.00953032,0.00805143,0.00690284,0.00598368,0.00522751,0.00459141,0.00404727,0.00357614,0.00316469,0.00280316,0.00248415,0.00220181
Gram_error_fro,2.0,1,14,2,0.0,0.02464303,0.01278732,0.00835077,0.00614224,0.0047436,0.00374628,0.00299736,0.0024205,0.0019691,0.00161155,0.0013254,0.00109434,0.00090633,0.00075236,0.00062561,0.00052084,0.00043394
Gram_error_fro,2.0,1,14,2,0.0,0.06943871,0.0443257,0.03512124,0.03006155,0.02611079,0.02269098,0.01968132,0.01704096,0.01473786,0.01273803,0.01100657,0.0095098,0.00821678,0.0070999,0.00613499,0.00530111,0.00458024
Gram_error_fro,2.0,1,14,2,0.0,0.05187855,0.03528205,0.02453224,0.01756607,0.01276789,0.0093658,0.00692353,0.00515782,0.00387371,0.00293436,0.00224302,0.00173099,0.0013492,0.00106246,0.00084538,0.00067958,0.00055169
Gram_error_fro,4.0,1,14,2,0.0,0.06421734,0.03850373,0.03041034,0.02650809,0.02349954,0.02082146,0.01838761,0.01618906,0.01422135,0.01247355,0.01092937,0.00956989,0.00837567,0.00732801,0.00640965,0.00560497,0.00490008
Gram_error_fro,4.0,1,14,2,0.0,0.07020223,0.0522698,0.04301747,0.03629327,0.03065943,0.02591618,0.02194288,0.01861643,0.01582557,0.0134769,0.01149415,0.00981542,0.00839041,0.00717809,0.00614475,0.00526258,0.0045085
Gram_error_fro,2.0,1,14,2,0.0,0.06352481,0.06080565,0.05120729,0.04208408,0.03446977,0.0283098,0.02336143,0.0193808,0.01616284,0.01354464,0.0113996,0.00963013,0.00816102,0.00693413,0.00590421,0.00503579,0.00430078
Gram_error_fro,2.0,1,14,2,0.0,0.03051683,0.01822367,0.01259437,0.00941078,0.00728586,0.00574476,0.00458327,0.00368944,0.00299164,0.00244049,0.00200072,0.0016467,0.00135951,0.00112503,0.00093257,0.00077393,0.00064274
Gram_error_fro,2.0,1,14,2,0.0,0.02339755,0.01249602,0.00804689,0.0058841,0.0045521,0.00361379,0.00291173,0.00237081,0.00194631,0.00160834,0.00133592,0.00111402,0.00093164,0.00078067,0.00065498,0.00054989,0.00046176
Gram_error_fro,6.0,1,14,2,0.0,0.05455451,0.02693478,0.01618102,0.01176913,0.00942566,0.00786265,0.00667148,0.00570368,0.00489438,0.00420872,0.0036242,0.0031243,0.00269601,0.00232866,0.00201335,0.00174255,0.00150988
Gram_error_fro,4.0,1,14,2,0.0,0.02369677,0.01303316,0.01028005,0.00842372,0.0068447,0.00552736,0.00445832,0.00360458,0.00292805,0.00239343,0.00197079,0.00163577,0.00136901,0.0011553,0.00098278,0.00084226,0.00072667
Gram_error_fro,4.0,1,14,2,0.0,0.04945291,0.04972434,0.04246669,0.03490763,0.02844203,0.02318822,0.01898198,0.01562135,0.01292751,0.01075585,0.00899326,0.00755251,0.00636662,0.00538412,0.00456531,0.00387937,0.00330216
Gram_error_fro,4.0,1,14,2,0.0,0.00319318,0.00650385,0.00557617,0.0042462,0.00329361,0.00264881,0.0021956,0.00185804,0.00159231,0.0013739,0.00118905,0.00102983,0.00089139,0.00077049,0.00066479,0.00057244,0.00049189
Gram_error_fro,4.0,1,14,2,0.0,0.05253958,0.02943793,0.02013606,0.01545987,0.01256421,0.01061063,0.00921993,0.00817024,0.00732802,0.00661605,0.00599132,0.00543031,0.00492006,0.00445313,0.00402496,0.00363237,0.0032729
Gram_error_fro,0.0,1,14,3,0.0,0.0,0.0,0.0,0.0,0.0,0.0,0.0,0.0,0.0,0.0,0.0,0.0,0.0,0.0,0.0,0.0,0.0
Gram_error_fro,2.0,1,14,3,0.0,0.03682254,0.02271493,0.01430425,0.00957468,0.006759,0.00495607,0.00373037,0.00285944,0.00222011,0.00173917,0.00137071,0.00108465,0.00086047,0.0006837,0.00054377,0.00043274,0.00034453
Gram_error_fro,2.0,1,14,3,0.0,0.07462751,0.03758816,0.01994206,0.01187133,0.00769183,0.00525578,0.00371063,0.00267718,0.00196393,0.00146222,0.00110466,0.00084699,0.00065918,0.00052053,0.00041667,0.00033765,0.00027651
Gram_error_fro,2.0,1,14,3,0.0,0.05326592,0.03746182,0.02645446,0.01931045,0.01437703,0.01083866,0.00824687,0.00632173,0.00487662,0.00378272,0.00294904,0.00231009,0.00181801,0.00143739,0.00114173,0.00091111,0.00073043
Gram_error_fro,2.0,1,14,3,0.0,0.06121118,0.04130903,0.03048147,0.02426171,0.01992633,0.01660774,0.01396338,0.01181168,0.01003755,0.00856108,0.00732377,0.00628125,0.00539903,0.00464972,0.00401129,0.00346584,0.00299868
Gram_error_fro,2.0,1,14,3,0.0,0.03644691,0.02825773,0.02313152,0.01959926,0.01678073,0.01440129,0.01236076,0.0106044,0.00909186,0.00778986,0.00667006,0.005708,0.00488241,0.00417473,0.00356871,0.00305018,0.00260679
Gram_error_fro,2.0,1,14,3,0.0,0.02715306,0.02264788,0.01693537,0.01274385,0.00973058,0.0074658,0.00572417,0.00437973,0.00334515,0.00255238,0.00194702,0.00148593,0.00113532,0.00086898,0.00066673,0.00051313,0.00039639
Gram_error_fro,2.0,1,14,3,0.0,0.05997494,0.03607804,0.02702939,0.02242578,0.01913415,0.01646802,0.0142243,0.01231073,0.01066928,0.00925678,0.00803872,0.00698663,0.00607673,0.00528893,0.00460618,0.00401393,0.00349977
Gram_error_fro,4.0,1,14,3,0.0,0.01469293,0.00891776,0.0059496,0.00421313,0.00309698,0.00234685,0.00183705,0.00148842,0.00124395,0.00106359,0.0009219,0.0008043,0.00070306,0.00061427,0.00053583,0.00046653,0.00040544
Gram_error_fro,4.0,1,14,3,0.0,0.10981915,0.11203205,0.10120345,0.08883666,0.07722154,0.06688186,0.0578676,0.05008354,0.0433926,0.03765267,0.03273055,0.02850707,0.02487821,0.02175459,0.01906014,0.0167305,0.01471142
Gram_error_fro,4.0,1,14,3,0.0,0.05878437,0.0331146,0.02372644,0.01966002,0.01705493,0.0149997,0.01325669,0.01174322,0.01041812,0.00925412,0.00823002,0.00732811,0.00653312,0.0058317,0.00521217,0.00466429,0.00417911
Gram_error_fro,4.0,1,14,3,0.0,0.06944734,0.0365205,0.02115662,0.01394134,0.01008119,0.00774366,0.00618593,0.0050716,0.0042315,0.00357308,0.00304219,0.00260533,0.00224065,0.00193311,0.0016719,0.00144888,0.00125774
Gram_error_fro,4.0,1,14,3,0.0,0.04998455,0.03578218,0.02812738,0.02282155,0.01874812,0.01549818,0.01286058,0.01069944,0.00891722,0.0074406,0.00621307,0.00519029,0.00433685,0.00362409,0.00302855,0.00253085,0.00211489
Gram_error_fro,2.0,1,14,3,0.0,0.06906039,0.03151155,0.01817794,0.01234021,0.00885636,0.00649066,0.00481559,0.00360934,0.00273179,0.00208788,0.00161143,0.00125577,0.00098782,0.00078399,0.00062739,0.00050584,0.00041058
Gram_error_fro,4.0,2,14,3,0.0,0.0241077,0.01760931,0.01822388,0.01846699,0.01803804,0.01739372,0.01673774,0.01613766,0.01561169,0.0151609,0.01478019,0.01446229,0.01419933,0.01398359,0.01380785,0.01366561,0.01355114
Gram_error_fro,4.0,1,14,3,0.0,0.08742257,0.06059352,0.04120606,0.02903062,0.02112004,0.01572137,0.01188759,0.00908586,0.00699646,0.00541573,0.00420748,0.00327715,0.00255708,0.00199772,0.00156212,0.00122233,0.000957
Gram_error_fro,0.0,1,14,2,0.0,0.0,0.0,0.0,0.0,0.0,0.0,0.0,0.0,0.0,0.0,0.0,0.0,0.0,0.0,0.0,0.0,0.0
Gram_error_fro,2.0,1,14,2,0.0,0.01484272,0.01024515,0.00722146,0.00510794,0.00368783,0.00282584,0.00237693,0.00218308,0.00210978,0.0020744,0.00203828,0.00198761,0.00191998,0.00183757,0.00174403,0.00164309,0.0015381
Gram_error_fro,2.0,1,14,2,0.0,0.00447926,0.00098417,0.00167779,0.00292896,0.00369511,0.00410372,0.00426974,0.00427407,0.00417205,0.0040017,0.00378937,0.00355345,0.00330676,0.00305823,0.00281402,0.00257829,0.00235375
Gram_error_fro,2.0,1,14,2,0.0,0.0331579,0.02081072,0.01438331,0.01035048,0.00756442,0.00558488,0.00416581,0.00314336,0.00240261,0.0018621,0.00146405,0.00116755,0.0009437,0.00077208,0.00063835,0.0005324,0.00044714
Gram_error_fro,0.0,1,14,2,0.0,0.0,0.0,0.0,0.0,0.0,0.0,0.0,0.0,0.0,0.0,0.0,0.0,0.0,0.0,0.0,0.0,0.0
Gram_error_fro,2.0,1,14,2,0.0,0.00939881,0.00707972,0.00707384,0.00654484,0.00584868,0.00514318,0.00448241,0.00388269,0.00334726,0.00287439,0.00246015,0.00209963,0.00178753,0.00151858,0.00128771,0.00109019,0.00092172
Gram_error_fro,4.0,1,14,2,0.0,0.05947494,0.03597407,0.02505518,0.0187906,0.01460167,0.01157567,0.0092956,0.00753374,0.00614911,0.00504717,0.00416134,0.00344331,0.00285732,0.00237639,0.00197988,0.00165177,0.00137948
Gram_error_fro,4.0,1,14,2,0.0,0.01721831,0.01088357,0.00896124,0.00799966,0.00723136,0.00651932,0.00585293,0.00523806,0.00467777,0.00417138,0.00371604,0.00330791,0.00294284,0.00261674,0.00232573,0.00206622,0.00183493
Gram_error_fro,2.0,1,14,2,0.0,0.02037183,0.01554812,0.01155996,0.00847902,0.0061716,0.00448167,0.00326475,0.00240077,0.00179535,0.00137609,0.00108778,0.00088862,0.00074779,0.00064376,0.00056252,0.00049558,0.00043805
Gram_error_fro,4.0,1,14,2,0.0,0.03161271,0.01715574,0.01146562,0.00844738,0.00647264,0.00505248,0.00398239,0.0031554,0.00250705,0.00199445,0.00158711,0.00126245,0.00100326,0.00079623,0.00063094,0.00049915,0.00039434
Gram_error_fro,2.0,1,14,2,0.0,0.00642272,0.00233532,0.00137237,0.00123574,0.00126084,0.00129253,0.00130106,0.0012849,0.00124904,0.0011991,0.00113981,0.00107479,0.00100679,0.00093782,0.00086936,0.00080249,0.000738
Gram_error_fro,4.0,1,14,2,0.0,0.10266856,0.07686335,0.06088436,0.04956097,0.04078328,0.03380672,0.02821436,0.02370323,0.02003895,0.01703973,0.0145655,0.01250857,0.01078607,0.00933391,0.00810217,0.00705169,0.00615143
Gram_error_fro,4.0,2,14,2,0.0,0.09197838,0.06650147,0.05301525,0.04442355,0.03804553,0.03301854,0.02896854,0.02567796,0.02299349,0.02079702,0.01899466,0.01751112,0.01628602,0.01527091,0.01442693,0.01372287,0.01313363
Gram_error_fro,6.0,1,14,2,0.0,0.05479985,0.0200655,0.01060255,0.00804153,0.00707547,0.00647426,0.00594895,0.00543688,0.00493358,0.00444763,0.00398795,0.00356066,0.00316892,0.00281357,0.00249379,0.00220771,0.00195292
Gram_error_fro,6.0,2,14,2,0.0,0.05764375,0.01738302,0.01203316,0.01143712,0.0110661,0.01076937,0.01054066,0.01036629,0.01023341,0.01013206,0.01005476,0.00999591,0.00995122,0.00991744,0.00989205,0.00987312,0.00985914
Gram_error_fro,4.0,1,14,2,0.0,0.02606036,0.01647987,0.01322771,0.01115287,0.00946734,0.00804778,0.00684723,0.00582928,0.00496392,0.0042269,0.00359857,0.00306275,0.00260594,0.00221669,0.00188524,0.00160323,0.00136346
Gram_error_fro,0.0,1,14,3,0.0,0.0,0.0,0.0,0.0,0.0,0.0,0.0,0.0,0.0,0.0,0.0,0.0,0.0,0.0,0.0,0.0,0.0
Gram_error_fro,2.0,1,14,3,0.0,0.00319244,0.00680347,0.00750882,0.00730126,0.00671613,0.00598941,0.00524285,0.004534,0.00388751,0.00331171,0.00280671,0.00236863,0.00199172,0.00166955,0.00139565,0.00116385,0.00096846
Gram_error_fro,2.0,1,14,3,0.0,0.05229067,0.03046968,0.01866856,0.01217947,0.00835633,0.00595579,0.00436345,0.00325975,0.00246906,0.00188887,0.00145574,0.00112831,0.00087847,0.00068647,0.00053809,0.00042289,0.00033312
Gram_error_fro,2.0,1,14,3,0.0,0.04080423,0.02803999,0.01915745,0.01366694,0.01006164,0.00758253,0.005825,0.00454766,0.00359782,0.00287632,0.00231772,0.00187824,0.00152798,0.00124607,0.00101755,0.00083141,0.0006793
Gram_error_fro,2.0,1,14,3,0.0,0.02486687,0.01930926,0.0157174,0.01299946,0.01082861,0.00905896,0.0075994,0.00638563,0.00537037,0.00451783,0.00380017,0.00319518,0.00268482,0.00225423,0.00189105,0.0015849,0.00132703
Gram_error_fro,2.0,1,14,3,0.0,0.03875104,0.02836894,0.02072436,0.01524206,0.011264,0.00836226,0.00623304,0.00466042,0.00349184,0.00261914,0.00196502,0.00147356,0.0011039,0.0008258,0.00061677,0.0004599,0.00034245
Gram_error_fro,2.0,1,14,3,0.0,0.03365796,0.02572767,0.0184645,0.01347492,0.01000142,0.00752906,0.00573555,0.00441173,0.00341944,0.00266594,0.00208786,0.00164091,0.00129348,0.00102249,0.00081076,0.0006453,0.00051614
Gram_error_fro,4.0,1,14,3,0.0,0.0519191,0.03576721,0.02679026,0.02067355,0.01619572,0.01283661,0.01028224,0.00832048,0.00680093,0.005614,0.00467852,0.00393387,0.00333464,0.00284688,0.00244523,0.0021108,0.00182948
Gram_error_fro,4.0,1,14,3,0.0,0.06083104,0.04001696,0.02569215,0.01792553,0.01401331,0.01179993,0.010256,0.00900731,0.00793037,0.00698151,0.00614093,0.00539605,0.00473681,0.00415432,0.00364049,0.00318794,0.00278992
Gram_error_fro,4.0,1,14,3,0.0,0.03755426,0.02652537,0.01854078,0.01344911,0.01013777,0.00793085,0.0064421,0.00542723,0.00471948,0.00420475,0.00380825,0.00348368,0.00320377,0.00295318,0.00272354,0.00251044,0.00231159
Gram_error_fro,2.0,1,14,3,0.0,0.01238333,0.00701996,0.00392267,0.00239861,0.00159611,0.00114766,0.00089965,0.00076475,0.00068464,0.00062589,0.00057354,0.00052258,0.00047223,0.00042317,0.00037631,0.00033238,0.00029187
Gram_error_fro,4.0,1,14,3,0.0,0.0648299,0.04320513,0.03112824,0.02297552,0.01715472,0.0129588,0.00991097,0.00767188,0.00600419,0.00474411,0.00377883,0.00303016,0.00244321,0.00197882,0.0016086,0.00131159,0.00107206
Gram_error_fro,6.0,1,14,3,0.0,0.06781487,0.07066963,0.068244,0.06433766,0.0596507,0.05468785,0.04976492,0.04505546,0.04064695,0.03657711,0.03285496,0.02947295,0.02641427,0.02365734,0.02117849,0.01895366,0.01695945
Gram_error_fro,4.0,1,14,3,0.0,0.05844171,0.05850076,0.05327567,0.04785638,0.04291228,0.03849251,0.03454549,0.03101134,0.02783909,0.0249874,0.0224222,0.02011461,0.01803938,0.01617403,0.0144983,0.01299376,0.01164365
Gram_error_fro,4.0,1,14,3,0.0,0.11305531,0.1050452,0.09409945,0.08475328,0.07668174,0.06949043,0.06298722,0.05707786,0.05170523,0.0468254,0.04239922,0.0383897,0.03476153,0.0314811,0.02851678,0.02583905,0.0234206
Gram_error_fro,4.0,1,14,3,0.0,0.01925938,0.01200487,0.00851049,0.00700671,0.00636521,0.00600011,0.00569968,0.00540126,0.00509107,0.00477061,0.00444562,0.00412227,0.00380594,0.00350076,0.00320975,0.00293487,0.00267725
Gram_error_fro,0.0,1,14,4,0.0,0.0,0.0,0.0,0.0,0.0,0.0,0.0,0.0,0.0,0.0,0.0,0.0,0.0,0.0,0.0,0.0,0.0
Gram_error_fro,2.0,1,14,4,0.0,0.02504707,0.01581926,0.01269978,0.01123283,0.01020726,0.00933878,0.00855435,0.00783396,0.00717131,0.00656299,0.00600568,0.00549571,0.00502926,0.00460253,0.00421197,0.00385429,0.00352655
Gram_error_fro,2.0,1,14,4,0.0,0.04895038,0.03346728,0.02462519,0.01966494,0.01646692,0.01407809,0.01213878,0.01050666,0.00911252,0.00791341,0.00687795,0.00598138,0.00520347,0.00452748,0.00393938,0.00342735,0.00298134
Gram_error_fro,2.0,1,14,4,0.0,0.06301198,0.06725567,0.06058281,0.05236657,0.04488117,0.03851426,0.03318715,0.02873318,0.02499305,0.02183399,0.01914946,0.01685465,0.01488196,0.01317726,0.01169693,0.01040564,0.00927458
Gram_error_fro,2.0,1,14,4,0.0,0.02152057,0.01535124,0.01242458,0.01055643,0.00919215,0.008121,0.00723976,0.00649198,0.00584392,0.00527396,0.00476742,0.00431391,0.00390578,0.00353716,0.00320343,0.00290081,0.00262611
Gram_error_fro,2.0,1,14,4,0.0,0.0180065,0.01578215,0.01388734,0.01247932,0.0113983,0.01051539,0.00974694,0.00904643,0.00839083,0.00776997,0.00718018,0.00662067,0.00609171,0.00559375,0.00512696,0.00469115,0.00428577
Gram_error_fro,2.0,1,14,4,0.0,0.05281175,0.04070006,0.03180665,0.02553778,0.02089786,0.01733286,0.01452666,0.01227912,0.01045314,0.00895109,0.00770209,0.00665389,0.00576736,0.00501271,0.00436685,0.00381157,0.00333237
Gram_error_fro,4.0,1,14,4,0.0,0.08592853,0.08466023,0.07685237,0.06893003,0.06207167,0.05621276,0.05111235,0.04658591,0.04251823,0.03883863,0.03550023,0.03246801,0.02971289,0.02720909,0.02493311,0.02286336,0.02098002
Gram_error_fro,2.0,2,14,4,0.0,0.03660359,0.022651,0.01715725,0.01533284,0.0145982,0.01423496,0.01405592,0.0139952,0.01401638,0.01409366,0.01420768,0.01434404,0.01449222,0.0146447,0.01479621,0.01494313,0.0150831
Gram_error_fro,4.0,1,14,4,0.0,0.08080162,0.08039327,0.06887717,0.05665054,0.04615168,0.03767218,0.03096402,0.02568826,0.02153498,0.01824888,0.01562813,0.01351656,0.01179498,0.01037331,0.00918391,0.00817619,0.0073123
Gram_error_fro,2.0,1,14,4,0.0,0.09459411,0.07730154,0.05865786,0.04635738,0.03817613,0.03228021,0.02772477,0.02404217,0.02098359,0.01840118,0.01619722,0.01430159,0.0126612,0.01123441,0.00998791,0.00889468,0.00793254
Gram_error_fro,4.0,1,14,4,0.0,0.09580525,0.0565992,0.03251209,0.02022563,0.01415258,0.01115309,0.00954899,0.00853394,0.00776918,0.00712375,0.00654806,0.00602251,0.00553842,0.00509103,0.00467714,0.00429419,0.00393993
Gram_error_fro,4.0,1,14,4,0.0,0.06305277,0.0672782,0.06058125,0.0523155,0.04479162,0.0384138,0.03310239,0.02868217,0.02498433,0.02186867,0.01922389,0.01696268,0.01501659,0.01333157,0.01186466,0.01058142,0.00945399
Gram_error_fro,4.0,2,14,4,0.0,0.0441818,0.03281924,0.02479297,0.0194302,0.015886,0.01367275,0.01243152,0.01186929,0.01175018,0.01189794,0.01219161,0.01255368,0.01293703,0.01331433,0.01367066,0.01399865,0.01429551
Gram_error_fro,4.0,1,14,4,0.0,0.06819988,0.04971669,0.03661584,0.02814252,0.02237005,0.01817956,0.01497968,0.0124499,0.01040524,0.00873003,0.0073458,0.00619559,0.00523599,0.00443291,0.00375904,0.00319225,0.00271452
Gram_error_fro,4.0,2,14,4,0.0,0.07943584,0.06164764,0.04667352,0.03585102,0.02807425,0.02255899,0.01873007,0.01616732,0.01455521,0.0136405,0.01321347,0.01310661,0.01319541,0.01339386,0.01364593,0.01391683,0.01418591
Gram_error_fro,0.0,1,14,3,0.0,0.0,0.0,0.0,0.0,0.0,0.0,0.0,0.0,0.0,0.0,0.0,0.0,0.0,0.0,0.0,0.0,0.0
Gram_error_fro,2.0,1,14,3,0.0,0.01186251,0.00689068,0.0038282,0.00234462,0.00183889,0.00179724,0.00185572,0.00188396,0.00185978,0.00179096,0.00169068,0.00157096,0.00144129,0.0013087,0.00117815,0.001053,0.00093538
Gram_error_fro,2.0,1,14,3,0.0,0.01186251,0.00689068,0.0038282,0.00234462,0.00183889,0.00179724,0.00185572,0.00188396,0.00185978,0.00179096,0.00169068,0.00157096,0.00144129,0.0013087,0.00117815,0.001053,0.00093538
Gram_error_fro,2.0,1,14,3,0.0,0.03956349,0.03110607,0.02611893,0.02261454,0.01989247,0.01769842,0.01588376,0.01434724,0.01301931,0.0118524,0.01081375,0.00988044,0.00903598,0.00826817,0.00756767,0.00692709,0.00634039
Gram_error_fro,2.0,1,14,3,0.0,0.03378748,0.02337498,0.01762417,0.01416994,0.01173815,0.00986767,0.00836521,0.00713061,0.00610222,0.00523765,0.00450592,0.00388348,0.00335195,0.00289672,0.00250594,0.00216991,0.00188054
Gram_error_fro,2.0,1,14,3,0.0,0.03020735,0.01605826,0.01013894,0.00727505,0.00572369,0.00477591,0.00412153,0.00362752,0.00323629,0.0029202,0.00266289,0.00245215,0.00227772,0.00213078,0.00200402,0.00189166,0.00178936
Gram_error_fro,2.0,1,14,3,0.0,0.04029194,0.02310345,0.01644664,0.01299507,0.01073345,0.00907947,0.00780129,0.0067799,0.00594415,0.00524757,0.00465816,0.00415306,0.00371554,0.00333314,0.00299639,0.00269799,0.00243225
Gram_error_fro,2.0,1,14,3,0.0,0.02363315,0.01427303,0.00950432,0.00657447,0.00485801,0.00400592,0.00363388,0.00344708,0.00329702,0.00313152,0.00294108,0.00273105,0.00251036,0.00228736,0.00206872,0.00185922,0.00166202
Gram_error_fro,4.0,1,14,3,0.0,0.04385279,0.02020065,0.01248693,0.00964914,0.00813166,0.00707124,0.00622554,0.00550681,0.00487745,0.00431926,0.00382198,0.00337869,0.00298392,0.00263289,0.00232125,0.002045,0.00180044
Gram_error_fro,4.0,1,14,3,0.0,0.05567138,0.03457731,0.02367617,0.01717227,0.01290772,0.00996413,0.00785797,0.00630721,0.00513956,0.00424604,0.0035549,0.00301669,0.00259562,0.00226466,0.00200276,0.00179332,0.00162327
Gram_error_fro,4.0,1,14,3,0.0,0.04607943,0.02958377,0.02065204,0.01557266,0.01245637,0.01039159,0.00890511,0.00775088,0.00680156,0.00599049,0.00528171,0.00465481,0.00409732,0.00360079,0.00315886,0.00276629,0.00241843
Gram_error_fro,6.0,1,14,3,0.0,0.13852484,0.1133547,0.09518831,0.08279001,0.07297481,0.06459362,0.05726037,0.05080722,0.0451256,0.04012536,0.03572548,0.03185248,0.02844039,0.02543065,0.02277177,0.02041883,0.01833281
Gram_error_fro,6.0,1,14,3,0.0,0.06490485,0.03227466,0.02135888,0.01643152,0.01344877,0.01131295,0.0096518,0.00830063,0.00717155,0.00621197,0.00538783,0.00467555,0.00405778,0.00352103,0.00305438,0.00264869,0.00229616
Gram_error_fro,4.0,1,14,3,0.0,0.06289477,0.04683772,0.03696892,0.02969075,0.02403282,0.01958663,0.01607315,0.01327976,0.01104414,0.00924289,0.00778208,0.00658983,0.00561077,0.00480197,0.00412992,0.00356833,0.00309644
Gram_error_fro,2.0,1,14,3,0.0,0.02687417,0.01660371,0.01297676,0.01094895,0.00948488,0.00832552,0.0073639,0.00654445,0.00583439,0.00521233,0.00466325,0.00417599,0.00374192,0.00335419,0.00300715,0.00269611,0.00241706
Gram_error_fro,6.0,1,14,3,0.0,0.11853544,0.10746372,0.09315802,0.08023172,0.06908664,0.0595952,0.05154657,0.04472837,0.03894744,0.03403552,0.02984943,0.02626906,0.02319454,0.02054328,0.01824721,0.01625025,0.01450624
Gram_error_fro,0.0,1,14,5,0.0,0.0,0.0,0.0,0.0,0.0,0.0,0.0,0.0,0.0,0.0,0.0,0.0,0.0,0.0,0.0,0.0,0.0
Gram_error_fro,2.0,2,14,5,0.0,0.05774535,0.04562069,0.03379425,0.02501565,0.01923799,0.01596325,0.01447055,0.01403085,0.0141135,0.01441984,0.01480605,0.01520824,0.01559929,0.01596825,0.01631126,0.01662756,0.0169178
Gram_error_fro,2.0,1,14,5,0.0,0.0372651,0.03820425,0.03765792,0.0364084,0.03449447,0.03215608,0.02963891,0.02712082,0.02471055,0.02246532,0.02040865,0.01854373,0.01686243,0.015351,0.01399353,0.01277384,0.0116766
Gram_error_fro,2.0,1,14,5,0.0,0.03379038,0.02506389,0.02002031,0.01654106,0.0138401,0.01166904,0.00990461,0.00846068,0.0072703,0.00628096,0.00545195,0.0047519,0.00415662,0.00364735,0.00320937,0.00283098,0.00250278
Gram_error_fro,2.0,1,14,5,0.0,0.03178294,0.03006138,0.02476968,0.01985053,0.01590623,0.01286266,0.0105242,0.00870803,0.00727393,0.00612232,0.00518413,0.0044111,0.00376865,0.0032312,0.00277926,0.00239755,0.00207394
Gram_error_fro,0.0,1,14,5,0.0,0.0,0.0,0.0,0.0,0.0,0.0,0.0,0.0,0.0,0.0,0.0,0.0,0.0,0.0,0.0,0.0,0.0
Gram_error_fro,4.0,1,14,5,0.0,0.06810581,0.05454592,0.04202833,0.03323318,0.0269202,0.02221053,0.01857704,0.01569865,0.0133722,0.0114631,0.00987798,0.00854948,0.00742741,0.00647349,0.00565794,0.00495725,0.00435263
Gram_error_fro,4.0,1,14,5,0.0,0.08974526,0.07985974,0.06289709,0.04901186,0.03865695,0.03096768,0.0251634,0.02069829,0.01720569,0.01443531,0.01221109,0.01040564,0.00892488,0.0076984,0.00667301,0.00580829,0.00507328
Gram_error_fro,2.0,1,14,5,0.0,0.04484643,0.03328007,0.02477803,0.019001,0.0149676,0.01203375,0.00982298,0.00811341,0.006767,0.0056924,0.00482574,0.00412053,0.00354197,0.00306356,0.00266484,0.00232995,0.00204648
Gram_error_fro,4.0,1,14,5,0.0,0.09339439,0.0709314,0.04921629,0.03489908,0.02577938,0.01986336,0.01589884,0.01313043,0.01110482,0.00955203,0.00831201,0.00728925,0.00642541,0.00568353,0.00503899,0.0044746,0.00397767
Gram_error_fro,4.0,1,14,5,0.0,0.11202477,0.08946776,0.06663656,0.05064039,0.03950955,0.03150736,0.02555798,0.02100889,0.01745306,0.01462589,0.01234763,0.01049121,0.00896395,0.00769669,0.00663697,0.00574453,0.00498816
Gram_error_fro,4.0,2,14,5,0.0,0.11330766,0.08979651,0.06421343,0.04621416,0.03445347,0.02688877,0.02202826,0.01892132,0.01698344,0.01584511,0.01525673,0.01503997,0.01506553,0.01524126,0.01550344,0.01580937,0.01613129
Gram_error_fro,4.0,1,14,5,0.0,0.11222304,0.0911427,0.06792556,0.05132355,0.03996232,0.03203697,0.02630564,0.02200112,0.01865835,0.01599086,0.01381614,0.01201313,0.0104983,0.00921198,0.00811027,0.00716,0.00633563
Gram_error_fro,4.0,1,14,5,0.0,0.08261825,0.07019162,0.05303125,0.03949181,0.03007876,0.02371882,0.01933859,0.01618413,0.01379261,0.01189621,0.01034127,0.00903691,0.00792617,0.00697083,0.00614345,0.00542329,0.00479403
Gram_error_fro,4.0,1,14,5,0.0,0.09131529,0.0704526,0.05357697,0.0414596,0.03268939,0.02627778,0.02152687,0.01794833,0.01520247,0.01305281,0.01133445,0.00993225,0.00876577,0.00777864,0.00693107,0.0061947,0.00554894
Gram_error_fro,4.0,1,14,5,0.0,0.09184202,0.07232564,0.05411008,0.04166303,0.03307955,0.02687982,0.02220695,0.01856933,0.01567045,0.01332016,0.01138946,0.00978672,0.00844463,0.00731247,0.00635131,0.00553077,0.00482691
Gram_error_fro,0.0,1,14,6,0.0,0.0,0.0,0.0,0.0,0.0,0.0,0.0,0.0,0.0,0.0,0.0,0.0,0.0,0.0,0.0,0.0,0.0
Gram_error_fro,2.0,1,14,6,0.0,0.04348388,0.03127015,0.02378663,0.01853256,0.01453972,0.01145141,0.00905123,0.0071794,0.00571461,0.00456483,0.00366013,0.00294702,0.00238428,0.0019398,0.00158839,0.00131017,0.00108939
Gram_error_fro,2.0,1,14,6,0.0,0.05430744,0.03089251,0.019037,0.01297275,0.00925925,0.00674658,0.00498128,0.00372202,0.0028144,0.00215299,0.00166489,0.00129971,0.00102275,0.00081002,0.00064482,0.00051534,0.00041311
Gram_error_fro,2.0,1,14,6,0.0,0.07086236,0.06379977,0.0518846,0.04129142,0.0327525,0.02604202,0.02079002,0.01667057,0.01342906,0.0108712,0.0088479,0.00724347,0.00596736,0.00494841,0.00413074,0.00347062,0.00293397
Gram_error_fro,2.0,1,14,6,0.0,0.06449674,0.05703365,0.04753271,0.03889225,0.03158367,0.02557643,0.0207043,0.01678205,0.01363917,0.01112784,0.00912348,0.00752293,0.00624202,0.005213,0.00438194,0.00370636,0.00315309
Gram_error_fro,2.0,1,14,6,0.0,0.06706571,0.05340131,0.03809878,0.02644341,0.01827365,0.01272132,0.00898717,0.00647269,0.00476239,0.00357867,0.00274044,0.00213154,0.00167802,0.00133269,0.001065,0.00085467,0.0006878
Gram_error_fro,4.0,1,14,6,0.0,0.07659116,0.06168572,0.04939843,0.03967025,0.0318373,0.02555929,0.02055555,0.0165813,0.01343036,0.01093335,0.00895305,0.00737922,0.00612403,0.005118,0.00430659,0.00364732,0.00310728
Gram_error_fro,4.0,2,14,6,0.0,0.07776494,0.05970443,0.04427665,0.03442081,0.02887025,0.0260217,0.02463556,0.02396445,0.02362525,0.02343867,0.0233243,0.02324641,0.0231889,0.02314421,0.02310847,0.02307949,0.02305586
Gram_error_fro,4.0,1,14,6,0.0,0.08843123,0.07089268,0.05531563,0.0433664,0.03417106,0.02705913,0.02152979,0.01721025,0.01382282,0.01115842,0.0090573,0.00739595,0.00607809,0.00502842,0.0041881,0.00351125,0.00296224
Gram_error_fro,2.0,1,14,6,0.0,0.08781722,0.07468541,0.05766745,0.04356519,0.03307778,0.02557833,0.02024435,0.01639277,0.0135362,0.01135124,0.0096302,0.00824043,0.00709592,0.00613924,0.00533062,0.00464143,0.00405032
Gram_error_fro,4.0,1,14,6,0.0,0.08092495,0.07547285,0.06158466,0.04870455,0.03840551,0.03045435,0.02433115,0.01958354,0.01587244,0.01295052,0.01063565,0.00879132,0.00731361,0.00612261,0.00515656,0.00436761,0.0037187
Gram_error_fro,6.0,2,14,6,0.0,0.08785665,0.0682188,0.05143661,0.04021513,0.03316255,0.02901674,0.02670077,0.02542654,0.02470711,0.0242759,0.02399644,0.02380058,0.02365411,0.02353929,0.02344642,0.02336982,0.02330589
Gram_error_fro,4.0,1,14,6,0.0,0.08304338,0.07176598,0.05274792,0.03755386,0.02705768,0.02011406,0.01552696,0.01241887,0.01022092,0.00858828,0.00731906,0.00629578,0.0054487,0.00473463,0.00412531,0.00360114,0.00314771
Gram_error_fro,2.0,1,14,6,0.0,0.05927076,0.04966112,0.03714842,0.02720116,0.02010106,0.01519543,0.01180859,0.00942666,0.00769991,0.00640362,0.00539742,0.00459396,0.00393798,0.00339338,0.00293563,0.0025473,0.00221558
Gram_error_fro,4.0,1,14,6,0.0,0.07737431,0.06395169,0.04758761,0.03487534,0.02598591,0.01992143,0.01573634,0.01276019,0.01056341,0.00888115,0.00755102,0.00647198,0.00557923,0.00482975,0.00419372,0.0036497,0.00318166
Gram_error_fro,4.0,1,14,6,0.0,0.09228955,0.08037298,0.06278239,0.04856114,0.0380025,0.03020201,0.0243478,0.01987159,0.01639292,0.0136533,0.01147146,0.0097162,0.00829038,0.00712102,0.00615281,0.00534368,0.00466147
Gram_error_fro,0.0,1,14,4,0.0,0.0,0.0,0.0,0.0,0.0,0.0,0.0,0.0,0.0,0.0,0.0,0.0,0.0,0.0,0.0,0.0,0.0
Gram_error_fro,2.0,1,14,4,0.0,0.04801626,0.04015322,0.03123691,0.02395477,0.01842093,0.01433407,0.011341,0.00914024,0.00750174,0.00625941,0.00529694,0.00453426,0.0039166,0.00340648,0.002978,0.00261306,0.00229877
Gram_error_fro,2.0,1,14,4,0.0,0.0600751,0.04561891,0.03630178,0.02924802,0.0235019,0.01884379,0.01510606,0.01212111,0.00973908,0.00783588,0.0063124,0.00509053,0.00410888,0.00331909,0.0026829,0.00216996,0.00175605
Gram_error_fro,2.0,1,14,4,0.0,0.00842309,0.00364927,0.00228793,0.00254535,0.00252022,0.00224633,0.00190288,0.00158188,0.00131625,0.00110988,0.00095434,0.00083751,0.00074783,0.00067611,0.0006159,0.00056305,0.00051514
Gram_error_fro,2.0,1,14,4,0.0,0.07768757,0.05529687,0.03590454,0.02387561,0.01661075,0.01207551,0.00909663,0.00703626,0.00554679,0.0044324,0.00357716,0.0029085,0.00237849,0.00195407,0.00161149,0.00133325,0.00110611
Gram_error_fro,2.0,1,14,4,0.0,0.0599388,0.0429033,0.03010729,0.0221775,0.01687453,0.01308297,0.01026404,0.00812037,0.00646667,0.00517786,0.00416538,0.0033647,0.00272785,0.00221876,0.00180995,0.00148033,0.00121358
Gram_error_fro,2.0,1,14,4,0.0,0.08092683,0.06355809,0.04810066,0.0363566,0.02763364,0.02115114,0.01630065,0.01264107,0.00985706,0.00772267,0.00607486,0.00479485,0.00379525,0.00301108,0.00239356,0.00190571,0.00151929
Gram_error_fro,4.0,1,14,4,0.0,0.07237307,0.05490075,0.03952275,0.02908828,0.0220618,0.01714438,0.01355045,0.01082914,0.00871505,0.00704352,0.0057064,0.00462872,0.00375616,0.00304787,0.00247224,0.00200431,0.00162409
Gram_error_fro,2.0,1,14,4,0.0,0.0210617,0.01411539,0.01002924,0.00774214,0.00639001,0.00547034,0.00475582,0.00415826,0.00364368,0.00319633,0.00280625,0.0024656,0.00216772,0.00190684,0.00167803,0.00147706,0.00130036
Gram_error_fro,2.0,1,14,4,0.0,0.05978649,0.039791,0.02656346,0.01856499,0.01358349,0.01028011,0.0079466,0.00622154,0.00491056,0.00389805,0.00310814,0.00248751,0.00199717,0.00160798,0.00129786,0.00104991,0.00085111
Gram_error_fro,4.0,1,14,4,0.0,0.07267647,0.05131365,0.03847042,0.03066686,0.02541426,0.02159365,0.01864249,0.01625878,0.01427233,0.01258159,0.01112192,0.0098495,0.00873295,0.0077487,0.00687833,0.00610702,0.00542252
Gram_error_fro,6.0,1,14,4,0.0,0.05987155,0.05086805,0.03782231,0.02749557,0.02023737,0.01536968,0.01218551,0.01011366,0.00873178,0.0077537,0.00700314,0.00638043,0.00583301,0.00533473,0.00487325,0.00444308,0.00404184
Gram_error_fro,6.0,1,14,4,0.0,0.08288328,0.06418783,0.04914168,0.03910305,0.03213899,0.02697588,0.02293839,0.01967098,0.01697056,0.01470807,0.01279385,0.01116174,0.00976119,0.00855271,0.00750506,0.00659324,0.00579704
Gram_error_fro,4.0,1,14,4,0.0,0.07781469,0.06198513,0.04531122,0.03322563,0.02486491,0.01903149,0.01487876,0.01185992,0.00962142,0.00792961,0.00662666,0.00560413,0.00478669,0.0041216,0.00357164,0.00311036,0.00271875
Gram_error_fro,4.0,1,14,4,0.0,0.04973433,0.03496429,0.02686578,0.02212893,0.0189891,0.01663278,0.01469497,0.01301872,0.01153549,0.01021205,0.00902889,0.00797182,0.00702893,0.00618948,0.00544355,0.00478192,0.00419607
Gram_error_fro,2.0,1,14,4,0.0,0.09947528,0.08129985,0.06272415,0.04819103,0.03717146,0.02885053,0.02254716,0.01774416,0.01405914,0.01121138,0.00899474,0.00725724,0.00588621,0.00479757,0.00392805,0.00322973,0.00266603
Gram_error_fro,0.0,1,14,3,0.0,0.0,0.0,0.0,0.0,0.0,0.0,0.0,0.0,0.0,0.0,0.0,0.0,0.0,0.0,0.0,0.0,0.0
Gram_error_fro,2.0,1,14,3,0.0,0.04023227,0.03745306,0.03071939,0.02463993,0.01970738,0.01582025,0.0127727,0.01037316,0.00846931,0.00694616,0.00571805,0.0047211,0.00390719,0.00323963,0.00269002,0.00223617,0.00186048
Gram_error_fro,2.0,1,14,3,0.0,0.06887488,0.07723604,0.07325808,0.06624363,0.05882824,0.05184666,0.04555602,0.04000048,0.03514102,0.03090844,0.02722656,0.02402232,0.02122977,0.01879125,0.01665713,0.0147851,0.01313924
Gram_error_fro,2.0,1,14,3,0.0,0.00485402,0.00181611,0.00193754,0.00254555,0.00290892,0.0030558,0.00305331,0.0029546,0.00279802,0.00260998,0.002408,0.00220342,0.00200343,0.00181242,0.00163296,0.00146635,0.00131309
Gram_error_fro,2.0,1,14,3,0.0,0.09330171,0.05520582,0.02982958,0.01649998,0.00974206,0.00636217,0.00463877,0.00367427,0.00304905,0.00258826,0.00222161,0.00191862,0.0016637,0.00144718,0.00126218,0.00110336,0.00096649
Gram_error_fro,2.0,1,14,3,0.0,0.04383865,0.03666089,0.02981784,0.02376736,0.01880822,0.0149175,0.0119047,0.0095701,0.00775041,0.00632139,0.00519049,0.00428888,0.00356512,0.00298043,0.0025053,0.00211703,0.00179802
Gram_error_fro,4.0,1,14,3,0.0,0.05666554,0.03356899,0.02175549,0.01563445,0.01201644,0.00959477,0.00782006,0.00644685,0.00535196,0.00446385,0.00373545,0.00313335,0.0026327,0.00221457,0.00186419,0.0015699,0.00132232
Gram_error_fro,2.0,1,14,3,0.0,0.01417592,0.01260608,0.01089647,0.00892236,0.00714771,0.00567475,0.00448877,0.00354753,0.00280585,0.00222313,0.0017655,0.00140575,0.00112246,0.00089887,0.00072199,0.00058169,0.0004701
Gram_error_fro,4.0,1,14,3,0.0,0.05071085,0.04271865,0.03414447,0.02743338,0.02228058,0.01823574,0.01499692,0.01237132,0.01022677,0.00846634,0.00701602,0.00581799,0.00482644,0.00400465,0.00332296,0.00275716,0.00228742
Gram_error_fro,4.0,1,14,3,0.0,0.08738136,0.08187875,0.0758115,0.07038415,0.06514976,0.06005211,0.05515468,0.05052131,0.04619077,0.04217866,0.03848431,0.03509691,0.03199985,0.02917365,0.02659783,0.024252,0.02211654
Gram_error_fro,4.0,1,14,3,0.0,0.05156132,0.04576413,0.03449701,0.02538207,0.01880337,0.01411501,0.01073669,0.00826677,0.00643795,0.00506977,0.00403725,0.00325175,0.0026493,0.00218317,0.00181893,0.00153114,0.00130097
Gram_error_fro,4.0,1,14,3,0.0,0.04660844,0.03968924,0.0315955,0.02520853,0.02031007,0.0164902,0.01345837,0.01102412,0.00905615,0.00745784,0.00615493,0.00508928,0.00421494,0.00349549,0.00290198,0.00241129,0.00200484
Gram_error_fro,4.0,1,14,3,0.0,0.04566232,0.03837403,0.02885755,0.02122267,0.01571033,0.01182479,0.00906177,0.00705673,0.00556939,0.00444367,0.0035767,0.00289909,0.00236288,0.00193421,0.00158862,0.00130812,0.00107924
Gram_error_fro,4.0,1,14,3,0.0,0.02609775,0.02437748,0.02415537,0.02335805,0.02175664,0.0197964,0.01777549,0.01583681,0.01404131,0.01241056,0.01094681,0.00964269,0.00848631,0.00746406,0.00656211,0.00576729,0.0050674
Gram_error_fro,6.0,1,14,3,0.0,0.0599925,0.05175674,0.0406579,0.03189611,0.02544333,0.02063403,0.01694908,0.01405942,0.01175687,0.00990181,0.00839483,0.00716209,0.00614728,0.00530674,0.00460628,0.00401893,0.00352329
Gram_error_fro,4.0,1,14,3,0.0,0.05799811,0.04947549,0.03793419,0.0285887,0.02192864,0.01723539,0.01381703,0.01122762,0.00920475,0.00759065,0.00628427,0.00521659,0.004338,0.00361148,0.00300864,0.00250724,0.00208956
Gram_error_fro,0.0,1,14,1,0.0,0.0,0.0,0.0,0.0,0.0,0.0,0.0,0.0,0.0,0.0,0.0,0.0,0.0,0.0,0.0,0.0,0.0
Gram_error_fro,2.0,1,14,1,0.0,0.03588144,0.02504128,0.02029287,0.01726261,0.01488501,0.01288104,0.01115234,0.00965309,0.0083536,0.00722953,0.00625901,0.00542218,0.00470113,0.00407993,0.00354461,0.003083,0.0026846
Gram_error_fro,2.0,1,14,1,0.0,0.00633085,0.00199836,0.0002818,0.00067127,0.00127188,0.00165131,0.00187952,0.00200109,0.00204657,0.00203787,0.00199118,0.00191859,0.00182913,0.00172955,0.00162478,0.00151842,0.00141303
Gram_error_fro,2.0,1,14,1,0.0,0.03745188,0.03434055,0.02945901,0.02510845,0.02136435,0.01817127,0.01545908,0.01316161,0.01121917,0.00957865,0.00819336,0.00702289,0.00603272,0.00519361,0.00448106,0.00387456,0.00335706
Gram_error_fro,2.0,1,14,1,0.0,0.0446341,0.03796982,0.03355769,0.02994531,0.02671628,0.02380503,0.02119513,0.0188693,0.01680532,0.01497836,0.01336331,0.01193612,0.01067455,0.00955851,0.0085701,0.0076935,0.00691489
Gram_error_fro,2.0,1,14,1,0.0,0.04768023,0.02828256,0.02196977,0.01847932,0.01586075,0.01366754,0.01177016,0.01011849,0.00868269,0.00743832,0.00636304,0.00543612,0.00463862,0.00395348,0.00336549,0.00286132,0.00242928
Gram_error_fro,4.0,1,14,1,0.0,0.00485826,0.00148971,0.00034964,0.00143679,0.00209999,0.00248757,0.00269054,0.00276814,0.00276014,0.00269424,0.00259019,0.00246221,0.00232056,0.00217257,0.00202343,0.00187669,0.00173475
Gram_error_fro,2.0,1,14,1,0.0,0.04768023,0.02828256,0.02305146,0.02020813,0.01788056,0.01578145,0.01387893,0.01217158,0.01065345,0.00931261,0.00813386,0.00710096,0.00619785,0.00540939,0.00472164,0.00412205,0.00359942
Gram_error_fro,4.0,1,14,1,0.0,0.15352772,0.12834577,0.10940983,0.09389998,0.08070493,0.06950568,0.06003299,0.05202245,0.04523483,0.0394652,0.03454277,0.03032686,0.02670208,0.02357376,0.02086408,0.01850885,0.0164549
Gram_error_fro,4.0,1,14,1,0.0,0.0140044,0.00547494,0.00457891,0.00477325,0.00496014,0.00498733,0.00488048,0.00468536,0.00443815,0.00416376,0.00387874,0.00359391,0.00331626,0.00305017,0.00279823,0.00256179,0.0023414
Gram_error_fro,2.0,1,14,1,0.0,0.0172105,0.00646218,0.00470097,0.00425397,0.0039694,0.00368059,0.00338074,0.00308313,0.00279814,0.00253155,0.00228587,0.00206165,0.00185829,0.00167461,0.0015091,0.0013602,0.00122634
Gram_error_fro,4.0,1,14,1,0.0,0.07172768,0.04995828,0.03695374,0.02852017,0.0223647,0.01767962,0.01405256,0.0112174,0.00898599,0.00722003,0.00581578,0.00469435,0.00379527,0.00307184,0.00248781,0.00201489,0.00163093
Gram_error_fro,2.0,1,14,1,0.0,0.01305852,0.00480145,0.00144369,0.00034682,0.00142649,0.0020837,0.00246808,0.00267035,0.00274895,0.0027432,0.00268038,0.00257986,0.00245552,0.00231733,0.00217243,0.00202588,0.00188121
Gram_error_fro,4.0,1,14,1,0.0,0.03710186,0.02525136,0.02142073,0.0190874,0.01705314,0.01514387,0.01336546,0.01173947,0.0102756,0.00897216,0.00782044,0.00680819,0.00592182,0.00514768,0.00447279,0.00388513,0.00337384
Gram_error_fro,2.0,1,14,1,0.0,0.02889809,0.03021361,0.0261654,0.02172746,0.01773561,0.01435411,0.01156073,0.00928163,0.00743488,0.00594444,0.00474426,0.00377893,0.00300281,0.00237881,0.00187702,0.00147341,0.00114874
Gram_error_fro,4.0,1,14,1,0.0,0.01042256,0.00385097,0.00099885,0.00044174,0.00120487,0.00158822,0.00175277,0.00178989,0.00175233,0.00167156,0.00156697,0.00145087,0.00133117,0.00121287,0.00109913,0.00099179,0.00089184
Gram_error_fro,0.0,1,14,1,0.0,0.0,0.0,0.0,0.0,0.0,0.0,0.0,0.0,0.0,0.0,0.0,0.0,0.0,0.0,0.0,0.0,0.0
Gram_error_fro,2.0,1,14,1,0.0,0.0350358,0.01819555,0.01297005,0.01022564,0.00835543,0.00694329,0.0058236,0.00491204,0.00415856,0.00352993,0.00300231,0.00255765,0.00218173,0.00186315,0.00159261,0.00136247,0.00116639
Gram_error_fro,2.0,1,14,1,0.0,0.00147797,0.00026138,2.343e-05,7.117e-05,0.00012949,0.00017224,0.00020502,0.00023001,0.0002484,0.0002611,0.00026886,0.00027241,0.0002724,0.00026946,0.00026413,0.00025692,0.00024825
Gram_error_fro,2.0,1,14,1,0.0,0.02636727,0.0156135,0.01256638,0.0108658,0.0095199,0.00835062,0.00731797,0.00640646,0.00560436,0.00490051,0.00428413,0.00374508,0.00327408,0.00286274,0.00250358,0.00218999,0.00191616
Gram_error_fro,2.0,1,14,1,0.0,0.03812005,0.01940895,0.01497997,0.01301248,0.01162123,0.01043881,0.00938232,0.00842929,0.00756967,0.00679571,0.00610001,0.00547542,0.0049151,0.00441268,0.00396228,0.00355853,0.00319655
Gram_error_fro,2.0,1,14,1,0.0,0.02182711,0.01092676,0.00822909,0.00688938,0.00594262,0.00517847,0.00453069,0.003971,0.00348349,0.00305728,0.00268402,0.00235684,0.00206992,0.00181824,0.00159741,0.00140362,0.00123353
Gram_error_fro,2.0,1,14,1,0.0,0.01444721,0.01197553,0.00919591,0.00727494,0.00591527,0.00489484,0.00408983,0.00343478,0.00289271,0.00244021,0.00206069,0.00174149,0.00147252,0.00124554,0.00105377,0.00089158,0.00075429
Gram_error_fro,2.0,1,14,1,0.0,0.0350358,0.01819555,0.01312039,0.01052688,0.00871345,0.00728688,0.00612045,0.00515487,0.00435165,0.00368146,0.00312069,0.0026502,0.00225436,0.00192047,0.00163814,0.00139886,0.00119568
Gram_error_fro,2.0,1,14,1,0.0,0.00040576,0.00012089,3.889e-05,5.492e-05,9.904e-05,0.00014364,0.00018099,0.0002101,0.0002317,0.00024684,0.0002565,0.00026156,0.0002628,0.0002609,0.00025646,0.00025002,0.00024202
Gram_error_fro,2.0,1,14,1,0.0,0.0,0.0,4.9e-06,2.652e-05,6.547e-05,0.00011004,0.00015135,0.00018548,0.00021158,0.00023013,0.00024211,0.00024859,0.00025058,0.00024894,0.00024444,0.00023775,0.00022939
Gram_error_fro,2.0,1,14,1,0.0,0.0049449,0.00129502,0.00100014,0.00111375,0.00124206,0.00132546,0.00136604,0.00137438,0.00135952,0.00132807,0.00128483,0.00123337,0.0011764,0.00111601,0.00105383,0.00099115,0.00092895
Gram_error_fro,2.0,1,14,1,0.0,0.00142656,0.00030968,0.00035436,0.00043053,0.00043899,0.00040259,0.00034779,0.00028955,0.00023472,0.00018593,0.0001438,0.00010813,7.834e-05,5.375e-05,3.368e-05,1.748e-05,4.57e-06
Gram_error_fro,4.0,1,14,1,0.0,0.07273731,0.04395865,0.03450446,0.02909389,0.02495542,0.02149487,0.01853313,0.01598642,0.01379655,0.01191486,0.01029867,0.00891041,0.00771733,0.00669111,0.00580748,0.00504568,0.00438806
Gram_error_fro,4.0,1,14,1,0.0,0.02275292,0.01106308,0.00823896,0.00686271,0.00590086,0.00512883,0.00447667,0.00391471,0.00342638,0.00300037,0.00262805,0.00230234,0.00201727,0.0017677,0.00154916,0.00135777,0.00119012
Gram_error_fro,2.0,1,14,1,0.0,0.02128928,0.01083185,0.00818174,0.00685149,0.00590962,0.00514949,0.0045052,0.00394851,0.00346359,0.00303965,0.00266837,0.00234293,0.00205755,0.00180723,0.00158761,0.00139489,0.00122575
Gram_error_fro,4.0,2,14,1,0.0,0.04970792,0.02298024,0.0168114,0.01446353,0.01309047,0.01207352,0.01124494,0.01054873,0.0099586,0.00945718,0.00903072,0.00866776,0.00835861,0.00809508,0.00787028,0.00767838,0.00751447
Gram_error_fro,0.0,1,14,5,0.0,0.0,0.0,0.0,0.0,0.0,0.0,0.0,0.0,0.0,0.0,0.0,0.0,0.0,0.0,0.0,0.0,0.0
Gram_error_fro,2.0,1,14,5,0.0,0.05394132,0.0375955,0.02654212,0.01899415,0.01382119,0.010242,0.00771925,0.00590171,0.0045647,0.00356404,0.00280527,0.0022246,0.00177742,0.00143149,0.00116289,0.00095354,0.00078956
Gram_error_fro,2.0,1,14,5,0.0,0.01100165,0.01019019,0.01109407,0.01122256,0.0107246,0.00993483,0.00905552,0.00818365,0.00736017,0.00659979,0.00590571,0.00527628,0.00470785,0.00419605,0.00373631,0.00332412,0.00295517
Gram_error_fro,2.0,1,14,5,0.0,0.03811172,0.02031557,0.01337862,0.01080178,0.00940702,0.00836424,0.00747745,0.00669293,0.00599079,0.00536038,0.00479409,0.00428562,0.00382933,0.00342015,0.00305344,0.00272496,0.00243086
Gram_error_fro,2.0,1,14,5,0.0,0.04950295,0.03798728,0.02809204,0.02121765,0.01644287,0.0130707,0.01063759,0.00883557,0.00746114,0.00638108,0.00550875,0.00478763,0.00418044,0.00366202,0.00321487,0.00282637,0.00248712
Gram_error_fro,2.0,1,14,5,0.0,0.07183764,0.06102633,0.04909658,0.03948875,0.03188393,0.02582195,0.02097163,0.01709117,0.01399082,0.01151552,0.00953749,0.00795224,0.00667555,0.00564055,0.00479487,0.00409795,0.00351861
Gram_error_fro,0.0,1,14,5,0.0,0.07852947,0.05955448,0.04102899,0.02817177,0.01969793,0.01410528,0.01034895,0.00776682,0.00594669,0.00463098,0.00365684,0.00291978,0.00235149,0.00190638,0.00155327,0.0012703,0.00104177
Gram_error_fro,4.0,1,14,5,0.0,0.07347276,0.05117444,0.03434767,0.02400645,0.01759331,0.01344019,0.01062009,0.00861662,0.00713277,0.00599234,0.00508802,0.00435275,0.00374341,0.00323128,0.0027965,0.00242475,0.00210529
Gram_error_fro,4.0,1,14,5,0.0,0.07544561,0.0550273,0.03868473,0.02826513,0.02146723,0.01682032,0.01350684,0.01106108,0.0092052,0.0077654,0.00662784,0.00571485,0.00497157,0.00435827,0.00384569,0.00341202,0.00304089
Gram_error_fro,4.0,1,14,5,0.0,0.07066563,0.04720582,0.03196224,0.02288469,0.01720475,0.0134855,0.01094339,0.00912601,0.00776652,0.0067063,0.00585007,0.00513945,0.00453755,0.00402021,0.00357085,0.00317759,0.00283159
Gram_error_fro,2.0,1,14,5,0.0,0.09285609,0.06480011,0.04290111,0.02877679,0.01979683,0.01400009,0.01016741,0.00756616,0.00575389,0.00445879,0.00351052,0.0028003,0.00225736,0.00183478,0.00150088,0.00123372,0.00101784
Gram_error_fro,4.0,1,14,5,0.0,0.06904159,0.05069648,0.03910679,0.02984913,0.02263225,0.01722008,0.01322266,0.01026613,0.00805711,0.00638386,0.00509846,0.00409819,0.00331114,0.00268618,0.00218624,0.00178393,0.00145868
Gram_error_fro,4.0,1,14,5,0.0,0.09296265,0.07439197,0.05746725,0.04472387,0.03512265,0.02779194,0.02214017,0.01775751,0.01434573,0.01167978,0.00958694,0.00793401,0.00661864,0.00556262,0.00470659,0.00400573,0.00342627
Gram_error_fro,4.0,1,14,5,0.0,0.07302852,0.05463137,0.04369579,0.03496184,0.02793734,0.02238517,0.01802241,0.01458735,0.0118673,0.00969856,0.00795758,0.00655136,0.0054095,0.00447814,0.00371562,0.00308935,0.0025736
Gram_error_fro,4.0,1,14,5,0.0,0.07742379,0.06371477,0.04953429,0.03837146,0.02998741,0.02370737,0.01894819,0.01528879,0.01243727,0.01019026,0.00840309,0.00697044,0.00581405,0.00487484,0.00410759,0.00347737,0.00295698
Gram_error_fro,6.0,2,14,5,0.0,0.05532868,0.04810683,0.03758345,0.02933347,0.02415106,0.02132096,0.01993503,0.0193231,0.01909333,0.01904272,0.01907168,0.0191324,0.01920222,0.01927069,0.0193333,0.01938848,0.01943606
Gram_error_fro,0.0,1,14,3,0.0,0.0,0.0,0.0,0.0,0.0,0.0,0.0,0.0,0.0,0.0,0.0,0.0,0.0,0.0,0.0,0.0,0.0
Gram_error_fro,2.0,1,14,3,0.0,0.03853614,0.02531644,0.01938394,0.01628474,0.01404431,0.01218359,0.01060154,0.00925736,0.00811547,0.00714228,0.00630834,0.00558925,0.00496532,0.00442088,0.00394344,0.00352294,0.00315126
Gram_error_fro,2.0,1,14,3,0.0,0.02524227,0.01630835,0.01184025,0.00895643,0.00684521,0.00527759,0.00411028,0.00323322,0.00256529,0.00204905,0.00164455,0.00132394,0.00106752,0.00086105,0.00069406,0.00055861,0.00044858
Gram_error_fro,0.0,1,14,3,0.0,0.0,0.0,0.0,0.0,0.0,0.0,0.0,0.0,0.0,0.0,0.0,0.0,0.0,0.0,0.0,0.0,0.0
Gram_error_fro,2.0,1,14,3,0.0,0.05874951,0.04231735,0.03310111,0.02673082,0.02183953,0.01794331,0.01479893,0.01224478,0.01015983,0.00845031,0.00704294,0.00588022,0.00491673,0.00411637,0.00345016,0.00289469,0.00243093
Gram_error_fro,2.0,1,14,3,0.0,0.05211998,0.0290701,0.01815438,0.01309225,0.01017875,0.00816599,0.00663882,0.00543299,0.00446472,0.00368085,0.00304318,0.00252264,0.0020966,0.00174717,0.00146009,0.00122389,0.00102929
Gram_error_fro,4.0,1,14,3,0.0,0.02903082,0.01993216,0.01352463,0.01006155,0.00814289,0.0068871,0.00594645,0.00519209,0.00456683,0.00403831,0.00358512,0.00319209,0.00284817,0.00254512,0.00227667,0.00203796,0.0018251
Gram_error_fro,4.0,1,14,3,0.0,0.00436681,0.00518929,0.00525419,0.00538356,0.00534623,0.00513038,0.00480452,0.0044255,0.0040296,0.00363853,0.00326485,0.00291541,0.00259349,0.00230013,0.00203495,0.00179672,0.00158377
Gram_error_fro,2.0,1,14,3,0.0,0.05798813,0.04529932,0.03381503,0.02567106,0.01980517,0.01546543,0.01219391,0.00969346,0.00776075,0.00625226,0.00506471,0.00412264,0.00337023,0.00276569,0.00227739,0.00188113,0.00155823
Gram_error_fro,4.0,1,14,3,0.0,0.05862008,0.03212561,0.01845363,0.01171713,0.00823788,0.0062828,0.00505254,0.00418903,0.00353195,0.00300598,0.0025724,0.00220891,0.00190117,0.00163905,0.0014149,0.00122269,0.00105751
Gram_error_fro,4.0,1,14,3,0.0,0.03884873,0.01487841,0.00671611,0.00404673,0.00321055,0.00286536,0.00261042,0.0023628,0.00211623,0.00187762,0.00165334,0.00144721,0.00126089,0.00109457,0.00094752,0.00081847,0.0007059
Gram_error_fro,4.0,1,14,3,0.0,0.0797238,0.04424421,0.02776577,0.01996355,0.01545435,0.01240145,0.01013617,0.00837029,0.00695537,0.00580303,0.00485487,0.00406944,0.0034159,0.00287045,0.00241428,0.00203223,0.00171194
Gram_error_fro,4.0,1,14,3,0.0,0.04296987,0.04167544,0.03629967,0.03091154,0.02619268,0.02220427,0.01886797,0.01608096,0.01374789,0.0117884,0.01013696,0.00874059,0.00755639,0.00654941,0.00569094,0.00495731,0.00432885
Gram_error_fro,6.0,1,14,3,0.0,0.09568185,0.07846433,0.06547358,0.05602331,0.04838542,0.04194826,0.03644702,0.03172083,0.02764965,0.02413593,0.021098,0.01846672,0.01618351,0.01419866,0.01247006,0.01096198,0.00964411
Gram_error_fro,6.0,1,14,3,0.0,0.08825087,0.06233057,0.04517083,0.03391725,0.0260329,0.02028259,0.01598002,0.01270017,0.01016294,0.00817654,0.00660612,0.00535471,0.0043512,0.00354251,0.00288833,0.00235762,0.00192615
Gram_error_fro,2.0,1,14,3,0.0,0.05661731,0.04596528,0.0360689,0.02801464,0.02177584,0.01702947,0.01343045,0.01069484,0.00860649,0.00700448,0.00576927,0.00481158,0.00406421,0.00347621,0.00300882,0.0026326,0.00232527
Gram_error_fro,0.0,1,14,4,0.0,0.0,0.0,0.0,0.0,0.0,0.0,0.0,0.0,0.0,0.0,0.0,0.0,0.0,0.0,0.0,0.0,0.0
Gram_error_fro,2.0,1,14,4,0.0,0.0522712,0.04312371,0.0333956,0.02567393,0.01984025,0.01554081,0.0124716,0.01039292,0.00909031,0.00834996,0.00797033,0.00778935,0.00769676,0.00762739,0.00754722,0.00744116,0.00730468
Gram_error_fro,2.0,1,14,4,0.0,0.02026082,0.01742589,0.01492687,0.01313906,0.01175829,0.01059291,0.00955973,0.00862559,0.00777612,0.00700327,0.00630097,0.00566377,0.00508648,0.00456416,0.00409214,0.00366602,0.00328173
Gram_error_fro,2.0,1,14,4,0.0,0.04745686,0.04554851,0.0383339,0.03142219,0.02572542,0.0211468,0.01745869,0.01446912,0.0120325,0.01003772,0.00839826,0.00704583,0.00592611,0.00499581,0.00422027,0.00357169,0.00302769
Gram_error_fro,2.0,1,14,4,0.0,0.05724387,0.05009844,0.04406017,0.03897963,0.03455286,0.03067322,0.02727638,0.02430348,0.02169839,0.01941015,0.01739433,0.01561301,0.01403409,0.01263053,0.01137949,0.01026165,0.00926059
Gram_error_fro,2.0,1,14,4,0.0,0.04459388,0.03003888,0.02298231,0.01810254,0.01464819,0.01213745,0.01022461,0.00869957,0.00744367,0.00638896,0.00549343,0.00472847,0.00407284,0.00350975,0.0030255,0.00260867,0.00224963
Gram_error_fro,2.0,1,14,4,0.0,0.04417627,0.03472519,0.02735376,0.02228674,0.01887282,0.01651917,0.01480912,0.01349257,0.01242877,0.01153758,0.0107705,0.01009606,0.00949261,0.00894476,0.00844135,0.00797423,0.00753743
Gram_error_fro,2.0,1,14,4,0.0,0.07558562,0.06617086,0.05665017,0.0480981,0.04044084,0.03375247,0.02806238,0.02331962,0.01942018,0.01623909,0.01365221,0.01154758,0.00982988,0.00842072,0.00725713,0.00628923,0.00547787
Gram_error_fro,4.0,1,14,4,0.0,0.08133057,0.06881795,0.05409468,0.04266298,0.03422371,0.02784734,0.02287755,0.01891753,0.01571931,0.01311444,0.01097995,0.00922209,0.00776776,0.0065594,0.00555136,0.00470732,0.00399822
Gram_error_fro,4.0,1,14,4,0.0,0.09238651,0.07518724,0.05775825,0.04518188,0.03621241,0.02955476,0.02440858,0.02031535,0.01700049,0.01428507,0.01204306,0.01018082,0.00862645,0.00732369,0.00622795,0.00530354,0.00452167
Gram_error_fro,4.0,1,14,4,0.0,0.06058075,0.05559108,0.04650492,0.03816714,0.03138958,0.02600963,0.02173229,0.01830665,0.01554053,0.01328819,0.01143833,0.00990552,0.00862404,0.00754328,0.0066242,0.0058366,0.00515697
Gram_error_fro,6.0,1,14,4,0.0,0.09417264,0.06683031,0.05077401,0.0405943,0.03321341,0.02745318,0.02280133,0.01898831,0.01584286,0.01324019,0.0110825,0.00929068,0.00780011,0.00655792,0.00552082,0.00465338,0.00392659
Gram_error_fro,4.0,1,14,4,0.0,0.09374394,0.07231184,0.05567455,0.04471728,0.03703906,0.03128009,0.0267496,0.02307362,0.02002916,0.01747102,0.01529819,0.01343703,0.01183197,0.01044007,0.00922742,0.00816687,0.00723634
Gram_error_fro,4.0,1,14,4,0.0,0.10392119,0.08021606,0.05968183,0.04547978,0.03557,0.02839508,0.02300824,0.01884699,0.01556592,0.01294075,0.0108175,0.00908556,0.00766289,0.00648727,0.00551074,0.00469592,0.0040133
Gram_error_fro,4.0,1,14,4,0.0,0.11152756,0.08292905,0.0564308,0.03997117,0.03018679,0.02400497,0.01973569,0.0165614,0.01408489,0.01209574,0.01046818,0.00911849,0.00798677,0.00702841,0.00620945,0.0055038,0.00489122
Gram_error_fro,4.0,1,14,4,0.0,0.09787948,0.06824384,0.04692769,0.03414458,0.02611277,0.02061783,0.01658896,0.01350525,0.01108585,0.00915855,0.00760661,0.00634601,0.00531436,0.00446448,0.00376028,0.00317385,0.00268341
Gram_error_fro,0.0,1,14,5,0.0,0.0,0.0,0.0,0.0,0.0,0.0,0.0,0.0,0.0,0.0,0.0,0.0,0.0,0.0,0.0,0.0,0.0
Gram_error_fro,2.0,1,14,5,0.0,0.09718447,0.07481054,0.05037426,0.03404338,0.02382677,0.01739223,0.01321562,0.01038946,0.0083864,0.00690195,0.00575909,0.00485247,0.00411699,0.00351055,0.00300449,0.00257845,0.0022174
Gram_error_fro,2.0,1,14,5,0.0,0.0796496,0.06940159,0.05358646,0.04121635,0.03214508,0.02540261,0.02028527,0.01634108,0.0132701,0.01086174,0.00896141,0.00745251,0.00624597,0.00527346,0.00448264,0.00383352,0.00329563
Gram_error_fro,2.0,1,14,5,0.0,0.02559695,0.0201908,0.01530922,0.01195921,0.00969641,0.00804522,0.00674352,0.00567211,0.00477532,0.00402126,0.00338684,0.00285308,0.00240384,0.00202546,0.00170647,0.00143735,0.00121016
Gram_error_fro,2.0,1,14,5,0.0,0.04510388,0.03513873,0.02564887,0.01878966,0.01394924,0.01053168,0.00809892,0.00633894,0.00503688,0.0040498,0.00328445,0.00268001,0.00219597,0.0018045,0.00148569,0.00122482,0.00101068
Gram_error_fro,2.0,1,14,5,0.0,0.05160768,0.03708686,0.02572801,0.01847251,0.01400429,0.01124207,0.0094457,0.00817068,0.00718016,0.00635758,0.00564706,0.00502092,0.00446409,0.00396709,0.00352304,0.00312636,0.00277223
Gram_error_fro,4.0,1,14,5,0.0,0.05261078,0.04145579,0.03026771,0.02197276,0.01596498,0.01160681,0.0084377,0.00612811,0.0044402,0.00320285,0.00229389,0.00162665,0.00113998,0.00079129,0.00055179,0.00040235,0.00032625
Gram_error_fro,4.0,1,14,5,0.0,0.09497736,0.06667245,0.04455363,0.03059877,0.02192551,0.01642409,0.01279104,0.01026459,0.00841411,0.00699817,0.0058786,0.00497262,0.00422765,0.00360817,0.00308887,0.0026509,0.00227976
Gram_error_fro,4.0,1,14,5,0.0,0.06652085,0.05582301,0.0496708,0.04325267,0.03682601,0.03099771,0.02600109,0.02183568,0.01840442,0.01558575,0.0132646,0.01134312,0.00974206,0.00839882,0.00726439,0.00630046,0.00547698
Gram_error_fro,4.0,1,14,5,0.0,0.04241812,0.03078859,0.02197721,0.01582228,0.01155418,0.00865004,0.00670737,0.00541233,0.00453269,0.00390949,0.00344213,0.00307073,0.00276083,0.00249283,0.00225545,0.00204199,0.00184835
Gram_error_fro,4.0,1,14,5,0.0,0.08518495,0.07127213,0.05470729,0.04212682,0.03297337,0.02620935,0.02109422,0.01715224,0.01407245,0.01164164,0.00970674,0.00815426,0.00689843,0.00587388,0.00503062,0.00433038,0.00374385
Gram_error_fro,6.0,2,14,5,0.0,0.08887364,0.06365414,0.04275497,0.03025228,0.02301219,0.01892033,0.01679707,0.01589986,0.01571628,0.01590717,0.01626799,0.01668514,0.01709982,0.01748407,0.0178266,0.01812484,0.01838059
Gram_error_fro,4.0,1,14,5,0.0,0.08169903,0.07163003,0.05694473,0.04443693,0.03471479,0.02728831,0.02159681,0.01719609,0.01376134,0.01105826,0.00891635,0.00720957,0.00584329,0.00474541,0.0038604,0.00314505,0.00256551
Gram_error_fro,4.0,1,14,5,0.0,0.07135799,0.06086601,0.04899667,0.04111784,0.03583358,0.03191085,0.02873848,0.02603411,0.02365838,0.02153504,0.01961804,0.0178771,0.01629068,0.01484242,0.01351911,0.01230963,0.01120428
Gram_error_fro,4.0,1,14,5,0.0,0.10144928,0.07630193,0.05436323,0.03985087,0.03025345,0.02358893,0.01873576,0.01508245,0.01227503,0.01008898,0.0083699,0.00700578,0.00591308,0.00502884,0.00430555,0.00370741,0.00320754
Gram_error_fro,4.0,1,14,5,0.0,0.08135781,0.06116884,0.0446289,0.03396226,0.02701277,0.02222948,0.01871891,0.01599641,0.01379893,0.01197725,0.01044049,0.00912885,0.00800021,0.00702327,0.00617386,0.00543277,0.00478441
Gram_error_fro,0.0,1,14,2,0.0,0.0,0.0,0.0,0.0,0.0,0.0,0.0,0.0,0.0,0.0,0.0,0.0,0.0,0.0,0.0,0.0,0.0
Gram_error_fro,2.0,1,14,2,0.0,0.02580079,0.01461353,0.00873138,0.00530612,0.00322426,0.00206242,0.0015978,0.00154678,0.00161978,0.00168274,0.00170337,0.00168304,0.00163102,0.00155694,0.00146886,0.001373,0.00127397
Gram_error_fro,2.0,2,14,2,0.0,0.02544223,0.01546296,0.01312645,0.01209641,0.01143433,0.01095158,0.01059252,0.01032819,0.01013685,0.01000082,0.00990598,0.00984141,0.00979881,0.009772,0.00975641,0.0097487,0.00974641
Gram_error_fro,2.0,1,14,2,0.0,0.02580079,0.01461353,0.00873138,0.00530612,0.00322426,0.00206242,0.0015978,0.00154678,0.00161978,0.00168274,0.00170337,0.00168304,0.00163102,0.00155694,0.00146886,0.001373,0.00127397
Gram_error_fro,2.0,1,14,2,0.0,0.01884812,0.00855546,0.00616525,0.00513472,0.00440274,0.00379114,0.00326645,0.00281656,0.00243166,0.00210249,0.00182073,0.00157915,0.00137165,0.00119307,0.00103913,0.00090618,0.0007912
Gram_error_fro,2.0,1,14,2,0.0,0.02857381,0.01761366,0.01213181,0.00866815,0.00630566,0.00465228,0.00347383,0.00261973,0.00199142,0.00152341,0.00117128,0.00090424,0.00070052,0.00054442,0.0004244,0.00033193,0.00026055
Gram_error_fro,2.0,1,14,2,0.0,0.05290897,0.02565047,0.01642067,0.0117032,0.00869858,0.00662524,0.00514286,0.00405811,0.00324857,0.00263339,0.00215792,0.00178463,0.00148733,0.00124749,0.00105179,0.00089055,0.00075661
Gram_error_fro,4.0,1,14,2,0.0,0.01703358,0.00894566,0.00644876,0.005163,0.00425049,0.00352961,0.00294304,0.0024627,0.00206905,0.00174636,0.00148146,0.00126342,0.00108324,0.00093362,0.0008087,0.00070375,0.00061504
Gram_error_fro,2.0,1,14,2,0.0,0.00704123,0.00625437,0.00469646,0.00337772,0.00245864,0.00182824,0.00138593,0.00106672,0.00083064,0.00065272,0.00051678,0.00041193,0.00033052,0.00026707,0.00021746,0.0001786,0.00014807
Gram_error_fro,4.0,1,14,2,0.0,0.05098189,0.02699536,0.01757778,0.0123564,0.00899456,0.00668938,0.00505341,0.00386574,0.00298895,0.00233301,0.00183688,0.00145805,0.00116632,0.00093989,0.00076279,0.00062325,0.00051246
Gram_error_fro,4.0,1,14,2,0.0,0.04352634,0.01210205,0.00531012,0.00340108,0.00246774,0.00187541,0.00147667,0.00120399,0.00101249,0.00087128,0.00076064,0.00066899,0.00059001,0.00052038,0.00045835,0.00040295,0.00035352
Gram_error_fro,4.0,2,14,2,0.0,0.04014864,0.0270638,0.02167891,0.01887254,0.01700634,0.01561815,0.0145404,0.01368816,0.01300695,0.0124579,0.01201214,0.01164786,0.01134842,0.01110101,0.01089572,0.01072475,0.01058196
Gram_error_fro,6.0,1,14,2,0.0,0.04179448,0.02293787,0.01636344,0.01309947,0.01100093,0.0094539,0.00822712,0.0072139,0.00635674,0.0056206,0.00498206,0.00442433,0.00393475,0.0035034,0.00312228,0.00278482,0.00248549
Gram_error_fro,4.0,1,14,2,0.0,0.04722916,0.02459375,0.01776599,0.0145677,0.01245881,0.01082565,0.00947622,0.00832954,0.00734082,0.00648068,0.00572797,0.00506657,0.00448374,0.00396914,0.00351415,0.00311149,0.00275494
Gram_error_fro,4.0,2,14,2,0.0,0.00991624,0.00316744,0.00380484,0.00579949,0.00719879,0.00810235,0.00868649,0.00906951,0.00932403,0.00949471,0.00960966,0.00968705,0.00973888,0.00977326,0.00979573,0.0098101,0.00981903
Gram_error_fro,6.0,1,14,2,0.0,0.08334259,0.03947881,0.02698658,0.02005292,0.01499828,0.01125455,0.00848326,0.00642474,0.00488718,0.00373202,0.00285953,0.00219758,0.00169355,0.0013087,0.00101426,0.00078869,0.00061573
Gram_error_fro,0.0,1,14,2,0.0,0.0,0.0,0.0,0.0,0.0,0.0,0.0,0.0,0.0,0.0,0.0,0.0,0.0,0.0,0.0,0.0,0.0
Gram_error_fro,2.0,1,14,2,0.0,0.01513919,0.00990221,0.00746912,0.00577278,0.00441594,0.00333905,0.00250493,0.0018753,0.00141469,0.00109261,0.00088239,0.00075803,0.00069295,0.00066299,0.00065027,0.00064392,0.00063823
Gram_error_fro,2.0,1,14,2,0.0,0.03791646,0.02606818,0.02142786,0.01870891,0.01645673,0.01450626,0.01281868,0.01135549,0.01008082,0.00896498,0.00798417,0.00711921,0.00635439,0.00567663,0.0050749,0.0045398,0.00406326
Gram_error_fro,2.0,1,14,2,0.0,0.00878548,0.00773336,0.0068895,0.00660288,0.00653312,0.00646953,0.00633274,0.0061142,0.00583144,0.00550677,0.00515964,0.00480489,0.004453,0.00411106,0.0037836,0.00347332,0.00318165
Gram_error_fro,2.0,1,14,2,0.0,0.06374836,0.05028422,0.04073119,0.03395116,0.02839478,0.02379827,0.02005003,0.01700757,0.01452652,0.01248499,0.01078817,0.00936452,0.00816019,0.00713426,0.00625512,0.00549798,0.00484308
Gram_error_fro,2.0,1,14,2,0.0,0.03371668,0.02436722,0.01941394,0.01617249,0.01356241,0.01138885,0.00957486,0.00805808,0.00678595,0.00571584,0.00481354,0.00405145,0.0034071,0.002862,0.00240081,0.00201073,0.00168106
Gram_error_fro,2.0,1,14,2,0.0,0.00972271,0.00799228,0.0063619,0.00509897,0.00408974,0.00327128,0.00261218,0.00209268,0.00169656,0.00140788,0.00120912,0.00108041,0.00100102,0.00095229,0.00091998,0.00089473,0.00087111
Gram_error_fro,2.0,1,14,2,0.0,0.05076865,0.05530033,0.05212876,0.0471274,0.04197175,0.03712826,0.03272891,0.02879818,0.02531844,0.02225421,0.01956359,0.01720414,0.0151358,0.01332219,0.01173102,0.01033397,0.00910639
Gram_error_fro,4.0,1,14,2,0.0,0.05708572,0.06036384,0.05551052,0.04883201,0.04239292,0.03669586,0.03178397,0.02758076,0.02398736,0.02090999,0.01826699,0.01598959,0.01402068,0.01231303,0.0108276,0.00953203,0.00839938
Gram_error_fro,4.0,1,14,2,0.0,0.05708572,0.06036384,0.05412627,0.04674285,0.0400632,0.03435025,0.02951626,0.02542262,0.02194399,0.01897705,0.01643794,0.01425845,0.01238273,0.01076472,0.00936621,0.00815532,0.00710528
Gram_error_fro,4.0,1,14,2,0.0,0.03616389,0.03394851,0.02971862,0.02580571,0.02243466,0.01957119,0.01714309,0.01507868,0.0133149,0.01179888,0.01048749,0.009346,0.0083466,0.00746702,0.00668935,0.00599906,0.0053843
Gram_error_fro,4.0,1,14,2,0.0,0.06208029,0.06532699,0.06057301,0.05401562,0.0474118,0.04133593,0.03594158,0.03122806,0.02713967,0.02360458,0.02055057,0.0179112,0.01562781,0.01364968,0.01193344,0.01044214,0.00914442
Gram_error_fro,4.0,1,14,2,0.0,0.06445293,0.06863969,0.06305661,0.05546927,0.04799235,0.04124986,0.03537661,0.03033788,0.02604391,0.02239343,0.01929034,0.01664946,0.01439776,0.01247361,0.01082546,0.00941035,0.0081925
Gram_error_fro,6.0,1,14,2,0.0,0.05381572,0.04290039,0.03494006,0.0290339,0.02440692,0.02071657,0.01772908,0.01527288,0.01322476,0.01149704,0.01002655,0.00876653,0.0076813,0.0067428,0.00592849,0.00521992,0.00460183
Gram_error_fro,4.0,1,14,2,0.0,0.04081279,0.03554093,0.03122516,0.02749263,0.0240392,0.02097219,0.01833414,0.01609307,0.01419005,0.01256562,0.01116897,0.00995928,0.00890446,0.00797927,0.00716369,0.00644168,0.0058002
Gram_error_fro,4.0,1,14,2,0.0,0.07920193,0.0764261,0.0663703,0.05631731,0.04744814,0.03992069,0.03362218,0.02837438,0.02400121,0.02034912,0.01729036,0.01472062,0.01255516,0.01072521,0.00917474,0.00785794,0.00673719
Gram_error_fro,0.0,1,14,4,0.0,0.0,0.0,0.0,0.0,0.0,0.0,0.0,0.0,0.0,0.0,0.0,0.0,0.0,0.0,0.0,0.0,0.0
Gram_error_fro,2.0,1,14,4,0.0,0.01616712,0.00973754,0.00724036,0.00594772,0.00503966,0.00432446,0.0037384,0.00324987,0.00283868,0.00249018,0.00219311,0.00193849,0.00171914,0.00152923,0.00136399,0.00121954,0.00109272
Gram_error_fro,2.0,2,14,4,0.0,0.048424,0.04323941,0.03663849,0.03069956,0.02580157,0.02186441,0.01875449,0.0163665,0.01461537,0.01341825,0.01268403,0.01231413,0.0122116,0.01229131,0.01248578,0.01274558,0.0130366
Gram_error_fro,2.0,2,14,4,0.0,0.048424,0.04323941,0.03663849,0.03069956,0.02580157,0.02186441,0.01875449,0.0163665,0.01461537,0.01341825,0.01268403,0.01231413,0.0122116,0.01229131,0.01248578,0.01274558,0.0130366
Gram_error_fro,2.0,1,14,4,0.0,0.0558218,0.03591766,0.02502864,0.01896221,0.01520132,0.01261963,0.01070016,0.00919301,0.00796761,0.00694877,0.00608887,0.0053552,0.00472394,0.0041771,0.00370067,0.00328359,0.00291699
Gram_error_fro,2.0,1,14,4,0.0,0.01818869,0.01075202,0.00821078,0.00708352,0.00627752,0.00558071,0.00495252,0.00438481,0.00387489,0.00341996,0.00301625,0.00265931,0.00234445,0.00206703,0.00182271,0.00160755,0.00141803
Gram_error_fro,4.0,2,14,4,0.0,0.05251162,0.04612124,0.04042622,0.03522508,0.03077066,0.02718742,0.02442858,0.02236623,0.02085432,0.01975912,0.01897044,0.01840294,0.0179931,0.01769486,0.0174754,0.01731152,0.01718696
Gram_error_fro,2.0,1,14,4,0.0,0.04934114,0.04563134,0.03817885,0.0317483,0.02658166,0.0224085,0.01899816,0.01618627,0.01385146,0.01190057,0.01026079,0.00887478,0.00769721,0.006692,0.00583025,0.00508868,0.00444839
Gram_error_fro,4.0,1,14,4,0.0,0.0577066,0.0478831,0.04052574,0.03476042,0.03017652,0.02650858,0.02352799,0.02105156,0.01894646,0.01712207,0.01551779,0.01409252,0.01281731,0.01167075,0.01063626,0.00970044,0.00885213
Gram_error_fro,2.0,1,14,4,0.0,0.02802779,0.01482438,0.00981385,0.00757633,0.00617602,0.00514987,0.00435344,0.0037188,0.00320469,0.00278302,0.00243349,0.00214093,0.00189382,0.00168323,0.00150222,0.00134536,0.00120839
Gram_error_fro,4.0,1,14,4,0.0,0.08765304,0.06177658,0.03644283,0.02149852,0.01389493,0.0102789,0.00847581,0.00739495,0.00660084,0.00594053,0.00536105,0.0048422,0.00437439,0.00395165,0.00356937,0.00322363,0.00291094
Gram_error_fro,2.0,1,14,4,0.0,0.04990988,0.04633688,0.03846707,0.03186654,0.02673103,0.0226344,0.01927526,0.01647621,0.01412415,0.01213783,0.01045425,0.00902268,0.00780173,0.00675743,0.0058618,0.00509174,0.0044281
Gram_error_fro,4.0,2,14,4,0.0,0.10021557,0.06683464,0.0419211,0.02851639,0.02166514,0.01783819,0.01538908,0.01370388,0.01256391,0.01186486,0.0115221,0.01145046,0.01156928,0.01181041,0.01212175,0.01246636,0.01281952
Gram_error_fro,4.0,1,14,4,0.0,0.07636295,0.05818293,0.04388532,0.03415765,0.02721965,0.02201714,0.01799289,0.0148235,0.01229761,0.0102658,0.0086181,0.00727191,0.00616451,0.00524775,0.00448442,0.00384548,0.00330809
Gram_error_fro,6.0,1,14,4,0.0,0.10104331,0.08101426,0.06259651,0.0495939,0.04022589,0.03309981,0.02747047,0.02293288,0.01923629,0.01620514,0.01370732,0.01163997,0.00992187,0.00848838,0.00728786,0.00627882,0.00542779
Gram_error_fro,4.0,1,14,4,0.0,0.05475727,0.04727461,0.03880084,0.03226013,0.0272812,0.02331553,0.0200419,0.01728619,0.01494307,0.01293944,0.01121962,0.00973915,0.00846168,0.00735718,0.00640062,0.00557102,0.00485069
Gram_error_fro,0.0,1,14,6,0.0,0.0,0.0,0.0,0.0,0.0,0.0,0.0,0.0,0.0,0.0,0.0,0.0,0.0,0.0,0.0,0.0,0.0
Gram_error_fro,2.0,1,14,6,0.0,0.06285004,0.05567684,0.04570742,0.03740478,0.03058709,0.02497417,0.02037785,0.01664477,0.0136345,0.01121823,0.00928193,0.00772839,0.00647735,0.00546418,0.00463778,0.00395833,0.00339505
Gram_error_fro,2.0,1,14,6,0.0,0.06928463,0.06374921,0.05261016,0.04261294,0.03435473,0.0276664,0.02229389,0.01800027,0.01458051,0.01186165,0.00970028,0.0079793,0.00660452,0.0055011,0.00461022,0.00388603,0.00329304
Gram_error_fro,2.0,1,14,6,0.0,0.05813518,0.04190881,0.02831765,0.01960785,0.0142306,0.01090705,0.008789,0.00735928,0.00632449,0.005526,0.00487905,0.00433725,0.00387372,0.00347174,0.00311998,0.00281023,0.00253618
Gram_error_fro,2.0,1,14,6,0.0,0.05329626,0.04837906,0.04266779,0.03668302,0.03085285,0.02556649,0.02100389,0.01719025,0.01406748,0.01154272,0.00951572,0.00789263,0.00659171,0.00554497,0.00469748,0.00400586,0.00343638
Gram_error_fro,2.0,1,14,6,0.0,0.05329626,0.04837906,0.04266779,0.03668302,0.03085285,0.02556649,0.02100389,0.01719025,0.01406748,0.01154272,0.00951572,0.00789263,0.00659171,0.00554497,0.00469748,0.00400586,0.00343638
Gram_error_fro,4.0,1,14,6,0.0,0.08214999,0.06689372,0.04958266,0.03770777,0.02982491,0.02426957,0.02008348,0.01678069,0.01410813,0.01191804,0.01011122,0.00861367,0.00736708,0.00632455,0.00544829,0.00470788,0.004079
Gram_error_fro,4.0,1,14,6,0.0,0.06958498,0.051579,0.03676078,0.02742687,0.02133397,0.01704925,0.01385198,0.01137737,0.00942221,0.00785844,0.00659675,0.00557096,0.00473069,0.00403721,0.00346064,0.00297789,0.00257107
Gram_error_fro,4.0,1,14,6,0.0,0.08582327,0.08038135,0.06607277,0.05329978,0.0431851,0.03528927,0.02908248,0.02415578,0.02021028,0.01702524,0.01443459,0.01231172,0.01055927,0.00910198,0.00788149,0.00685235,0.00597902
Gram_error_fro,2.0,1,14,6,0.0,0.08615957,0.06366018,0.04438268,0.03164416,0.02314381,0.01729353,0.013159,0.01017491,0.00798316,0.00634818,0.00511074,0.00416107,0.00342241,0.00284041,0.00237617,0.00200157,0.00169605
Gram_error_fro,2.0,1,14,6,0.0,0.03788943,0.02635476,0.01947146,0.01528344,0.01247115,0.01045382,0.00893876,0.00776041,0.00681726,0.00604347,0.00539469,0.00484042,0.00435934,0.00393641,0.00356086,0.00322488,0.00292263
Gram_error_fro,4.0,1,14,6,0.0,0.09033049,0.06570907,0.04709589,0.0347194,0.02621988,0.0201735,0.01575802,0.01246917,0.00997982,0.00806933,0.0065848,0.00541814,0.00449163,0.00374864,0.00314736,0.00265664,0.00225299
Gram_error_fro,4.0,1,14,6,0.0,0.08770812,0.07032175,0.05441463,0.04303524,0.03438032,0.02753333,0.02205771,0.01768411,0.01420649,0.01145336,0.00928018,0.00756655,0.00621387,0.00514274,0.00429012,0.00360664,0.00305409
Gram_error_fro,4.0,1,14,6,0.0,0.08789069,0.0702126,0.05518158,0.04424868,0.03580042,0.02903663,0.02358224,0.01920114,0.01570273,0.01292083,0.01071156,0.00895383,0.00754859,0.00641676,0.00549652,0.0047403,0.00411194
Gram_error_fro,4.0,1,14,6,0.0,0.08709867,0.07835889,0.06331768,0.05036696,0.04026125,0.03254315,0.0266403,0.02207867,0.01850382,0.01565976,0.01336334,0.01148329,0.00992481,0.00861867,0.00751361,0.00657115,0.00576194
Gram_error_fro,6.0,1,14,6,0.0,0.07501509,0.06199394,0.05136551,0.04233434,0.03470029,0.02838336,0.02323818,0.01908845,0.01575909,0.01309216,0.01095275,0.00922962,0.00783331,0.00669319,0.00575422,0.0049739,0.0043196
Gram_error_fro,0.0,1,14,2,0.0,0.0,0.0,0.0,0.0,0.0,0.0,0.0,0.0,0.0,0.0,0.0,0.0,0.0,0.0,0.0,0.0,0.0
Gram_error_fro,2.0,1,14,2,0.0,0.03983375,0.03205898,0.02733494,0.02385209,0.02099922,0.01855738,0.0164213,0.01453433,0.01286186,0.0113789,0.01006482,0.00890134,0.0078719,0.00696151,0.00615663,0.00544513,0.0048162
Gram_error_fro,2.0,1,14,2,0.0,0.00602828,0.00405831,0.00364196,0.00339508,0.00313674,0.00285222,0.00255156,0.00224933,0.00195772,0.00168487,0.00143533,0.001211,0.00101203,0.00083745,0.00068568,0.00055478,0.00044273
Gram_error_fro,2.0,1,14,2,0.0,0.04211499,0.03156768,0.02394328,0.01848404,0.01435897,0.01120875,0.00880076,0.00695509,0.00553307,0.00443037,0.00356952,0.00289307,0.00235823,0.00193292,0.0015929,0.00131968,0.00109905
Gram_error_fro,2.0,1,14,2,0.0,0.00516405,0.00255247,0.00141912,0.00111642,0.00115651,0.00126116,0.00134206,0.00138535,0.0013957,0.00138078,0.00134749,0.00130129,0.00124638,0.00118591,0.00112227,0.00105723,0.00099214
Gram_error_fro,0.0,1,14,2,0.0,0.0,0.0,0.0,0.0,0.0,0.0,0.0,0.0,0.0,0.0,0.0,0.0,0.0,0.0,0.0,0.0,0.0
Gram_error_fro,4.0,1,14,2,0.0,0.06871284,0.03181168,0.020207,0.01599505,0.01362085,0.01182548,0.01030514,0.00897647,0.00780944,0.00678639,0.0058923,0.00511294,0.00443484,0.00384559,0.00333399,0.00289003,0.00250494
Gram_error_fro,4.0,1,14,2,0.0,0.02687179,0.02158926,0.01748981,0.01429073,0.01177495,0.00978569,0.0081978,0.00691559,0.0058688,0.00500626,0.0042902,0.00369218,0.00319029,0.00276731,0.00240952,0.00210582,0.00184719
Gram_error_fro,4.0,1,14,2,0.0,0.01671963,0.00965042,0.00587254,0.00383737,0.00282578,0.00241176,0.00224114,0.00211941,0.0019832,0.00182514,0.00165369,0.00147898,0.00130889,0.00114866,0.00100128,0.00086815,0.00074956
Gram_error_fro,0.0,1,14,2,0.0,0.0,0.0,0.0,0.0,0.0,0.0,0.0,0.0,0.0,0.0,0.0,0.0,0.0,0.0,0.0,0.0,0.0
Gram_error_fro,4.0,1,14,2,0.0,0.04001106,0.02552475,0.01820665,0.01392986,0.0110726,0.00903051,0.00749857,0.00630412,0.00534513,0.00455866,0.00390389,0.00335294,0.00288579,0.0024875,0.00214653,0.00185375,0.00160177
Gram_error_fro,4.0,1,14,2,0.0,0.03528817,0.02655315,0.02007387,0.01592632,0.0131662,0.01127009,0.00991779,0.00890721,0.00811312,0.00745927,0.00689946,0.00640553,0.00596007,0.00555218,0.00517485,0.00482346,0.00449489
Gram_error_fro,4.0,1,14,2,0.0,0.01527994,0.0105847,0.00942702,0.00840446,0.00740204,0.00647009,0.00564052,0.00491772,0.00429308,0.00375418,0.00328868,0.00288564,0.00253573,0.00223113,0.00196532,0.00173287,0.00152919
Gram_error_fro,4.0,1,14,2,0.0,0.08915574,0.04517122,0.02454638,0.01430316,0.00846135,0.00489152,0.00265973,0.00128234,0.00055094,0.00051705,0.00072343,0.00086294,0.00092647,0.00093571,0.0009096,0.00086189,0.00080214
Gram_error_fro,6.0,1,14,2,0.0,0.04556199,0.04850697,0.04479018,0.04005334,0.03561085,0.0317238,0.02837693,0.02549337,0.02299427,0.02081269,0.01889468,0.01719726,0.01568622,0.01433409,0.01311868,0.01202187,0.01102874
Gram_error_fro,2.0,1,14,2,0.0,0.00589889,0.00271313,0.00130348,0.00080625,0.00092104,0.00117844,0.00138784,0.00152766,0.00160721,0.00163931,0.00163534,0.00160449,0.00155403,0.00148967,0.00141588,0.00133615,0.00125322
Gram_error_fro,0.0,1,14,3,0.0,0.0,0.0,0.0,0.0,0.0,0.0,0.0,0.0,0.0,0.0,0.0,0.0,0.0,0.0,0.0,0.0,0.0
Gram_error_fro,2.0,1,14,3,0.0,0.04574705,0.03078049,0.02196284,0.01730458,0.0140893,0.01157565,0.00957463,0.00798216,0.00670924,0.00568158,0.00484155,0.00414632,0.00356457,0.00307333,0.00265552,0.00229816,0.00199122
Gram_error_fro,2.0,1,14,3,0.0,0.06287474,0.0632835,0.05580433,0.04710762,0.03916259,0.03244019,0.02690548,0.02238534,0.01869383,0.01566876,0.01317817,0.01111732,0.0094038,0.00797267,0.00677258,0.00576266,0.00491015
Gram_error_fro,2.0,1,14,3,0.0,0.00948149,0.0084498,0.00773896,0.00695585,0.0061831,0.00546233,0.00481038,0.0042289,0.00371347,0.00325798,0.00285619,0.00250228,0.00219088,0.00191713,0.00167668,0.00146561,0.00128046
Gram_error_fro,2.0,1,14,3,0.0,0.03899825,0.0394935,0.0345906,0.02915578,0.0242981,0.02018067,0.0167447,0.01389121,0.01152461,0.00956194,0.00793349,0.00658148,0.00545821,0.00452443,0.00374784,0.00310184,0.00256445
Gram_error_fro,2.0,1,14,3,0.0,0.08354134,0.06359534,0.0522101,0.04502041,0.03951381,0.0349129,0.03094178,0.02747313,0.02442942,0.02175294,0.01939608,0.01731789,0.01548264,0.01385919,0.01242043,0.01114286,0.01000619
Gram_error_fro,0.0,1,14,3,0.0,0.0,0.0,0.0,0.0,0.0,0.0,0.0,0.0,0.0,0.0,0.0,0.0,0.0,0.0,0.0,0.0,0.0
Gram_error_fro,4.0,1,14,3,0.0,0.04622894,0.04298375,0.0368845,0.03123251,0.02642914,0.02236882,0.01893309,0.01603195,0.01358923,0.01153624,0.0098114,0.00836098,0.00713923,0.00610781,0.00523496,0.00449444,0.00386463
Gram_error_fro,4.0,1,14,3,0.0,0.07974607,0.06402462,0.05085059,0.04145164,0.03456275,0.0292901,0.02511327,0.02171899,0.01890704,0.01654274,0.01453165,0.01280527,0.01131241,0.01001383,0.00887881,0.00788282,0.00700599
Gram_error_fro,2.0,1,14,3,0.0,0.04622894,0.04298375,0.03681406,0.03117387,0.02644067,0.02246902,0.01911776,0.01628769,0.01390024,0.01188716,0.01018851,0.0087526,0.00753574,0.00650159,0.0056201,0.00486654,0.00422054
Gram_error_fro,2.0,1,14,3,0.0,0.06075056,0.04973077,0.03845105,0.0299519,0.0235881,0.01876121,0.01505401,0.01217369,0.00991192,0.00811878,0.00668497,0.00552977,0.00459276,0.00382819,0.00320101,0.00268407,0.00225619
Gram_error_fro,4.0,1,14,3,0.0,0.08463762,0.04951821,0.02942134,0.02000891,0.01513969,0.01210486,0.00995507,0.00833927,0.00709231,0.00611456,0.00533678,0.00470818,0.00419109,0.00375771,0.00338777,0.0030666,0.00278367
Gram_error_fro,4.0,1,14,3,0.0,0.11340378,0.06715236,0.04299426,0.03165594,0.02505754,0.02039834,0.01678704,0.01388143,0.01150682,0.00955163,0.00793512,0.00659519,0.00548261,0.00455773,0.00378828,0.00314786,0.00261472
Gram_error_fro,4.0,1,14,3,0.0,0.0688013,0.05967813,0.05259285,0.04633161,0.04036516,0.03485655,0.02993555,0.02562929,0.0219051,0.0187054,0.0159663,0.01362614,0.01162888,0.00992515,0.00847209,0.00723285,0.0061759
Gram_error_fro,6.0,2,14,3,0.0,0.06177946,0.04895832,0.03682893,0.02833719,0.0221422,0.01739147,0.01367524,0.01079927,0.00868191,0.00729845,0.00661397,0.00651188,0.006801,0.00729704,0.00787337,0.00845813,0.00901491
Gram_error_fro,4.0,1,14,3,0.0,0.08688159,0.07118461,0.06051724,0.05363709,0.04845301,0.04405026,0.04008646,0.03644886,0.03310338,0.03003671,0.02723741,0.02469124,0.02238134,0.02028934,0.01839652,0.01668464,0.01513645
Gram_error_fro,0.0,1,14,2,0.0,0.0,0.0,0.0,0.0,0.0,0.0,0.0,0.0,0.0,0.0,0.0,0.0,0.0,0.0,0.0,0.0,0.0
Gram_error_fro,2.0,1,14,2,0.0,0.02068719,0.0152039,0.0128563,0.01125443,0.00999128,0.00892743,0.00800254,0.0071863,0.00646067,0.00581305,0.00523364,0.00471432,0.0042482,0.00382931,0.00345247,0.00311317,0.00280741
Gram_error_fro,2.0,1,14,2,0.0,0.06475896,0.04955018,0.03712763,0.02776202,0.02057905,0.01511433,0.01100223,0.0079327,0.00565606,0.00398103,0.00276673,0.00191418,0.00135807,0.00105133,0.00093357,0.00092072,0.00094284
Gram_error_fro,2.0,1,14,2,0.0,0.05065193,0.03428361,0.02728558,0.02303933,0.01988824,0.01733429,0.01518025,0.01332959,0.01172503,0.01032678,0.00910434,0.00803307,0.00709247,0.00626533,0.005537,0.00489498,0.00432854
Gram_error_fro,2.0,1,14,2,0.0,0.06346763,0.03489653,0.02573567,0.02146295,0.01865953,0.01647512,0.01463835,0.01304194,0.01163417,0.0103846,0.00927204,0.00827994,0.00739452,0.00660391,0.00589773,0.00526682,0.00470309
Gram_error_fro,2.0,1,14,2,0.0,0.03594555,0.02583327,0.01947048,0.01470626,0.01112271,0.00844354,0.00644048,0.00493632,0.00380001,0.00293667,0.00227803,0.00177472,0.00139073,0.00109945,0.00088089,0.00071954,0.00060289
Gram_error_fro,4.0,1,14,2,0.0,0.07923562,0.06071827,0.04602208,0.03545663,0.02749471,0.0214129,0.01675403,0.01317517,0.01041378,0.00827136,0.00659928,0.00528656,0.00425014,0.00342756,0.00277157,0.00224615,0.00182368
Gram_error_fro,4.0,1,14,2,0.0,0.05530915,0.03616217,0.02653825,0.02069754,0.01667242,0.01375087,0.01158731,0.00997633,0.00877601,0.00787877,0.00720044,0.00667598,0.00625674,0.00590781,0.00560509,0.00533255,0.00507986
Gram_error_fro,4.0,1,14,2,0.0,0.06203525,0.04156033,0.03263827,0.02773078,0.02437744,0.0218204,0.01974989,0.01800867,0.01650538,0.01518233,0.01400103,0.01293487,0.01196486,0.01107703,0.01026086,0.00950815,0.00881235
Gram_error_fro,2.0,1,14,2,0.0,0.04499622,0.02691119,0.02028132,0.01701998,0.01482934,0.01308515,0.01158789,0.01026602,0.00908926,0.00804055,0.00710709,0.00627765,0.00554182,0.00488995,0.00431311,0.00380315,0.00335265
Gram_error_fro,4.0,1,14,2,0.0,0.05436621,0.0420528,0.03058083,0.02173461,0.01510776,0.01024607,0.00673215,0.00422312,0.00246164,0.00128337,0.00068858,0.0007543,0.00101607,0.00122009,0.00134478,0.00140427,0.00141503
Gram_error_fro,4.0,1,14,2,0.0,0.01578569,0.00830314,0.00718325,0.0070624,0.00703765,0.00695858,0.00679352,0.00654603,0.00623357,0.00587686,0.00549477,0.00510259,0.00471187,0.00433087,0.00396524,0.00361859,0.00329303
Gram_error_fro,4.0,1,14,2,0.0,0.0254418,0.01934129,0.01573089,0.0133027,0.01147142,0.01000465,0.00879358,0.00777767,0.00691684,0.00618134,0.00554791,0.0049981,0.00451723,0.00409361,0.00371797,0.00338287,0.00308238
Gram_error_fro,4.0,1,14,2,0.0,0.06285603,0.03582316,0.02738261,0.02361768,0.02105613,0.01891054,0.01698042,0.01521391,0.0135979,0.01212721,0.01079639,0.00959811,0.0085235,0.00756284,0.00670616,0.00594365,0.00526596
Gram_error_fro,6.0,1,14,2,0.0,0.01801304,0.01640977,0.01765201,0.01788987,0.01747032,0.01664316,0.01558587,0.01441791,0.01321791,0.01203621,0.01090378,0.00983843,0.0088492,0.00793936,0.00710851,0.00635395,0.0056716
Gram_error_fro,4.0,1,14,2,0.0,0.04535849,0.03293076,0.02767053,0.02427996,0.02161716,0.01933643,0.01732571,0.01554027,0.01395315,0.01254221,0.01128741,0.01017053,0.00917518,0.00828681,0.00749262,0.00678142,0.00614344
Gram_error_fro,0.0,1,14,3,0.0,0.0,0.0,0.0,0.0,0.0,0.0,0.0,0.0,0.0,0.0,0.0,0.0,0.0,0.0,0.0,0.0,0.0
Gram_error_fro,2.0,1,14,3,0.0,0.00847631,0.00737268,0.00986143,0.01179888,0.01313716,0.0139872,0.01446483,0.01466458,0.01465837,0.01449994,0.0142294,0.01387695,0.01346552,0.01301272,0.01253219,0.01203453,0.01152805
Gram_error_fro,2.0,1,14,3,0.0,0.00484159,0.00223427,0.00229528,0.00266515,0.00288732,0.00296917,0.00295896,0.00289051,0.0027844,0.0026537,0.00250753,0.00235264,0.00219418,0.00203606,0.00188113,0.00173146,0.00158846
Gram_error_fro,2.0,1,14,3,0.0,0.00942729,0.00484418,0.00339294,0.00268012,0.00228217,0.00209767,0.00203052,0.00200175,0.00196873,0.00191607,0.00184222,0.00175115,0.00164822,0.00153854,0.00142628,0.00131468,0.00120607
Gram_error_fro,2.0,1,14,3,0.0,0.04574705,0.03078049,0.02385161,0.0205636,0.01827932,0.0163778,0.01473868,0.01331966,0.01208568,0.01100422,0.01004762,0.00919379,0.00842559,0.00772994,0.00709673,0.00651812,0.00598786
Gram_error_fro,0.0,1,14,3,0.0,0.0,0.0,0.0,0.0,0.0,0.0,0.0,0.0,0.0,0.0,0.0,0.0,0.0,0.0,0.0,0.0,0.0
Gram_error_fro,4.0,1,14,3,0.0,0.04353822,0.03289294,0.02554749,0.02088703,0.01754789,0.01493072,0.0127818,0.01097616,0.00944083,0.00812707,0.00699912,0.00602893,0.0051936,0.00447397,0.0038538,0.00331923,0.00285837
Gram_error_fro,4.0,1,14,3,0.0,0.00665637,0.00350262,0.00280489,0.00331003,0.00389227,0.00426424,0.00442272,0.0044168,0.00429664,0.00410266,0.00386483,0.00360435,0.00333586,0.00306917,0.00281068,0.00256437,0.00233257
Gram_error_fro,4.0,1,14,3,0.0,0.07594349,0.05575444,0.04093187,0.03135681,0.02480261,0.02007384,0.01653662,0.01381934,0.0116858,0.00997823,0.00858803,0.00743888,0.00647626,0.00566057,0.00496269,0.00436078,0.00383827
Gram_error_fro,2.0,1,14,3,0.0,0.05538534,0.0548077,0.04811593,0.04114514,0.03502398,0.02984193,0.02548566,0.02182006,0.01872541,0.01610268,0.01387153,0.01196708,0.01033673,0.0089376,0.00773445,0.00669807,0.00580411
Gram_error_fro,2.0,1,14,3,0.0,0.06577322,0.05560398,0.04467484,0.03551502,0.02824245,0.02269039,0.01859872,0.01568563,0.01367574,0.01231629,0.01139319,0.0107421,0.0102486,0.0098396,0.0094717,0.00912095,0.00877532
Gram_error_fro,4.0,1,14,3,0.0,0.11661856,0.09516926,0.07738594,0.06513866,0.0563009,0.04951476,0.04401979,0.03939481,0.03540083,0.0318955,0.02878815,0.0260165,0.02353457,0.02130625,0.01930192,0.01749651,0.0158684
Gram_error_fro,4.0,1,14,3,0.0,0.10966196,0.08114219,0.0603985,0.0471833,0.03795605,0.03106739,0.0257247,0.02148492,0.01806759,0.01528051,0.01298547,0.01108014,0.00948717,0.00814719,0.00701403,0.00605135,0.00523025
Gram_error_fro,4.0,1,14,3,0.0,0.04699786,0.04460234,0.03827629,0.0323349,0.02731714,0.02315846,0.01971507,0.01685368,0.01446397,0.01245714,0.01076241,0.00932349,0.00809564,0.0070431,0.00613723,0.00535486,0.00467713
Gram_error_fro,6.0,1,14,3,0.0,0.08845035,0.06464425,0.05424685,0.04789918,0.04257541,0.0377655,0.03342438,0.02955515,0.02614263,0.02315311,0.0205433,0.0182674,0.01628141,0.01454527,0.01302365,0.01168606,0.01050645
Gram_error_fro,4.0,1,14,3,0.0,0.03986659,0.02129997,0.01581089,0.01309338,0.01110668,0.0094642,0.00806967,0.00688232,0.00587312,0.00501683,0.00429098,0.0036758,0.00315419,0.00271159,0.00233563,0.00201589,0.00174361
Gram_error_fro,0.0,1,14,2,0.0,0.0,0.0,0.0,0.0,0.0,0.0,0.0,0.0,0.0,0.0,0.0,0.0,0.0,0.0,0.0,0.0,0.0
Gram_error_fro,2.0,1,14,2,0.0,0.03776475,0.03001116,0.02330213,0.0190657,0.01604408,0.01365432,0.01168939,0.01005028,0.00867184,0.00750525,0.00651259,0.00566388,0.0049352,0.00430726,0.00376436,0.00329365,0.00288452
Gram_error_fro,2.0,1,14,2,0.0,0.00966199,0.00625117,0.00369674,0.00195933,0.00076706,6.054e-05,0.00052643,0.00081289,0.00095842,0.00101149,0.00100608,0.00096513,0.00090389,0.00083233,0.00075691,0.00068172,0.00060928
Gram_error_fro,2.0,1,14,2,0.0,0.01344053,0.00798941,0.00535906,0.00461928,0.00445152,0.00430565,0.00408276,0.0037986,0.00348372,0.00316229,0.00284996,0.0025556,0.00228355,0.00203528,0.00181059,0.0016084,0.00142714
Gram_error_fro,2.0,1,14,2,0.0,0.03970593,0.03138044,0.02423521,0.01956786,0.01615899,0.01347468,0.0113064,0.00953731,0.00808377,0.00688172,0.00588153,0.00504444,0.00434008,0.00374443,0.00323842,0.00280676,0.00243713
Gram_error_fro,2.0,1,14,2,0.0,0.02339313,0.01859107,0.01938792,0.01909812,0.01796569,0.01645078,0.01480843,0.01317929,0.01163893,0.01022386,0.00894743,0.00780977,0.00680393,0.00591954,0.00514496,0.00446843,0.00387874
Gram_error_fro,4.0,1,14,2,0.0,0.06347432,0.04457982,0.03594603,0.03073466,0.02646627,0.02277246,0.01958459,0.01684878,0.01450744,0.01250525,0.01079251,0.00932602,0.00806878,0.00698937,0.00606119,0.00526181,0.00457229
Gram_error_fro,2.0,2,14,2,0.0,0.00779674,0.0050439,0.0028456,0.00138879,0.00056633,0.00052357,0.00098561,0.00153464,0.00211996,0.00271992,0.00331603,0.00389428,0.00444521,0.0049631,0.00544499,0.00588986,0.00629799
Gram_error_fro,4.0,2,14,2,0.0,0.03955713,0.03429397,0.02858716,0.02357899,0.01909312,0.01518491,0.01184023,0.00900076,0.00660596,0.00461672,0.00304774,0.00205841,0.00195783,0.00253978,0.00330959,0.00406833,0.00476423
Gram_error_fro,4.0,1,14,2,0.0,0.10549131,0.07146916,0.05599398,0.04878935,0.04350448,0.03888559,0.03474008,0.03102272,0.02769994,0.02473652,0.02209699,0.01974737,0.01765608,0.01579431,0.0141361,0.01265829,0.01134027
Gram_error_fro,4.0,1,14,2,0.0,0.0537382,0.05324826,0.04715544,0.03968013,0.03271757,0.02682743,0.02202129,0.0181475,0.01503191,0.01252019,0.01048618,0.00882987,0.00747294,0.00635433,0.00542645,0.00465212,0.0040022
Gram_error_fro,4.0,1,14,2,0.0,0.08366499,0.05769533,0.04350965,0.03532903,0.02942132,0.02473111,0.02090534,0.017752,0.0151345,0.01294855,0.01111296,0.00956396,0.00825094,0.00713343,0.00617884,0.00536073,0.00465753
Gram_error_fro,4.0,1,14,2,0.0,0.06336619,0.06571159,0.05834672,0.04966322,0.04178058,0.03516072,0.02974211,0.02532863,0.02171988,0.01874689,0.016276,0.01420388,0.01245115,0.01095669,0.00967319,0.00856372,0.0075992
Gram_error_fro,4.0,1,14,2,0.0,0.0952459,0.07571823,0.05997239,0.04720311,0.03693654,0.02892309,0.02278744,0.01812989,0.01460046,0.01191876,0.00986923,0.00828947,0.00705841,0.00608636,0.00530724,0.00467259,0.004147
Gram_error_fro,4.0,1,14,2,0.0,0.10540282,0.06008702,0.03933052,0.02975439,0.02361367,0.01903878,0.01550892,0.01275991,0.01060337,0.00889636,0.00753107,0.006427,0.00552424,0.00477818,0.00415542,0.00363076,0.00318504
Gram_error_fro,4.0,1,14,2,0.0,0.08595977,0.06229444,0.04980963,0.04129003,0.03443913,0.0288254,0.02422707,0.02045025,0.01733188,0.01474189,0.01257841,0.01076174,0.00922916,0.00793087,0.00682703,0.00588551,0.00508019
Gram_error_fro,0.0,1,14,6,0.0,0.0,0.0,0.0,0.0,0.0,0.0,0.0,0.0,0.0,0.0,0.0,0.0,0.0,0.0,0.0,0.0,0.0
Gram_error_fro,0.0,1,14,6,0.0,0.0,0.0,0.0,0.0,0.0,0.0,0.0,0.0,0.0,0.0,0.0,0.0,0.0,0.0,0.0,0.0,0.0
Gram_error_fro,2.0,1,14,6,0.0,0.06438664,0.05614023,0.04373493,0.03386461,0.02659835,0.02125032,0.01723597,0.01415189,0.01173172,0.00979867,0.00823256,0.00694927,0.00588819,0.00500446,0.00426415,0.00364102,0.00311447
Gram_error_fro,2.0,1,14,6,0.0,0.0601816,0.04656056,0.03111902,0.02068433,0.01423611,0.01030964,0.0078932,0.00636118,0.00533963,0.00461162,0.0040553,0.00360384,0.003221,0.00288689,0.00259027,0.00232445,0.00208508
Gram_error_fro,2.0,1,14,6,0.0,0.03627608,0.03273711,0.02799301,0.02300717,0.0184841,0.01471172,0.01170725,0.0093697,0.00756581,0.00617014,0.00507976,0.00421621,0.00352223,0.00295683,0.00249083,0.00210323,0.00177864
Gram_error_fro,2.0,1,14,6,0.0,0.06660907,0.05794619,0.04795585,0.03942699,0.03224994,0.02631856,0.02149856,0.01762594,0.01453251,0.01206436,0.0100901,0.0085023,0.00721568,0.00616386,0.0052958,0.00457256,0.00396452
Gram_error_fro,4.0,1,14,6,0.0,0.07600232,0.05763143,0.04019218,0.0285364,0.0210796,0.01626314,0.01304382,0.01078284,0.00910566,0.0077976,0.00673594,0.00584931,0.00509463,0.00444448,0.00388027,0.00338854,0.00295895
Gram_error_fro,2.0,1,14,6,0.0,0.11249238,0.09042839,0.06381118,0.04453911,0.03143166,0.02252818,0.01642985,0.0122198,0.00929185,0.00723632,0.00577247,0.00470789,0.00391237,0.00329945,0.00281273,0.00241582,0.00208518
Gram_error_fro,2.0,1,14,6,0.0,0.1069949,0.08291505,0.05969571,0.0437079,0.03270093,0.02492072,0.01931119,0.01520698,0.01216198,0.00986727,0.00810738,0.00673248,0.00563885,0.00475467,0.00402984,0.00342889,0.0029262
Gram_error_fro,2.0,1,14,6,0.0,0.07914784,0.07595499,0.06481335,0.05335148,0.04326941,0.03493038,0.02823413,0.02292938,0.01874407,0.01543579,0.01280619,0.01069991,0.00899809,0.00761077,0.00647006,0.00552461,0.00473529
Gram_error_fro,4.0,1,14,6,0.0,0.10411388,0.09275712,0.07508566,0.06007361,0.0481101,0.03867989,0.03126492,0.02543707,0.02085159,0.01723343,0.01436531,0.01207743,0.01023823,0.0087466,0.00752524,0.00651524,0.0056718
Gram_error_fro,6.0,1,14,6,0.0,0.11101452,0.09366612,0.07392871,0.05878457,0.04712225,0.03799459,0.0308108,0.0251483,0.02067592,0.01712907,0.01429864,0.01202206,0.01017472,0.00866193,0.00741198,0.00637052,0.00549615
Gram_error_fro,2.0,1,14,6,0.0,0.05753396,0.0540509,0.04617541,0.03843809,0.03158158,0.02575338,0.02093222,0.01701843,0.01387962,0.01137922,0.009392,0.00781049,0.00654632,0.00552894,0.00470312,0.00402633,0.00346608
Gram_error_fro,2.0,1,14,6,0.0,0.06149716,0.04780164,0.03290467,0.02295664,0.0169323,0.01329248,0.01097386,0.00936673,0.00815099,0.00716523,0.00632847,0.00559911,0.00495452,0.00438126,0.00387031,0.00341489,0.00300942
Gram_error_fro,4.0,1,14,6,0.0,0.09968298,0.07900846,0.06216665,0.0493481,0.03927421,0.03134019,0.02512422,0.02027249,0.01648639,0.0135222,0.01118737,0.0093333,0.00784717,0.00664402,0.00566017,0.00484785,0.00417108
Gram_error_fro,4.0,1,14,6,0.0,0.07332186,0.05910806,0.04513365,0.03586257,0.02984315,0.02581002,0.022947,0.02075977,0.01896503,0.01740851,0.01600944,0.01472666,0.01353934,0.0124366,0.01141212,0.01046156,0.00958122
Gram_error_fro,0.0,1,14,2,0.0,0.0,0.0,0.0,0.0,0.0,0.0,0.0,0.0,0.0,0.0,0.0,0.0,0.0,0.0,0.0,0.0,0.0
Gram_error_fro,2.0,1,14,2,0.0,0.00529023,0.00299794,0.00297473,0.00343644,0.00379983,0.00397966,0.00400563,0.0039227,0.00376883,0.00357197,0.00335166,0.0031212,0.00288949,0.00266242,0.00244379,0.00223594,0.00204022
Gram_error_fro,2.0,1,14,2,0.0,0.04305345,0.03207267,0.02583571,0.02141674,0.01795107,0.01514833,0.01285075,0.01094951,0.00936415,0.00803362,0.00691082,0.00595883,0.00514842,0.00445611,0.00386293,0.00335336,0.00291462
Gram_error_fro,2.0,1,14,2,0.0,0.03420446,0.03129961,0.02781669,0.02453996,0.02156977,0.01891496,0.01656249,0.01449089,0.01267469,0.01108712,0.00970188,0.00849431,0.00744193,0.00652465,0.00572475,0.00502676,0.00441718
Gram_error_fro,2.0,2,14,2,0.0,0.00757338,0.00364256,0.00172798,0.0013853,0.00179862,0.00220229,0.00251916,0.00281184,0.00313036,0.00349242,0.00389296,0.00431741,0.00475032,0.00517887,0.00559367,0.00598842,0.00635927
Gram_error_fro,2.0,2,14,2,0.0,0.00757022,0.00472071,0.00394541,0.00381715,0.00392279,0.0041133,0.00433233,0.00456621,0.00481468,0.00507833,0.00535527,0.00564146,0.00593182,0.00622124,0.0065052,0.00677999,0.00704282
Gram_error_fro,2.0,1,14,2,0.0,0.04515939,0.03166975,0.02470781,0.02033402,0.01717195,0.01472088,0.01274326,0.0111061,0.00972683,0.00855004,0.00753636,0.00665663,0.00588866,0.00521513,0.00462227,0.00409898,0.0036361
Gram_error_fro,4.0,1,14,2,0.0,0.06836092,0.05399539,0.04236661,0.03366145,0.02688723,0.02159315,0.01746194,0.01423196,0.01169318,0.00968326,0.00807921,0.00678854,0.00574159,0.00488571,0.00418079,0.0035961,0.00310786
Gram_error_fro,4.0,1,14,2,0.0,0.07100873,0.03247117,0.01570148,0.00830818,0.00455934,0.00249719,0.00142987,0.00111643,0.0012238,0.00140476,0.0015469,0.00163662,0.00168131,0.00169091,0.00167407,0.00163768,0.00158711
Gram_error_fro,4.0,1,14,2,0.0,0.00830868,0.00520222,0.00373969,0.00304036,0.00278663,0.00270836,0.00264901,0.00255845,0.0024341,0.00228676,0.00212805,0.00196708,0.00181003,0.00166072,0.0015212,0.00139232,0.00127414
Gram_error_fro,4.0,1,14,2,0.0,0.03963689,0.02579797,0.0191031,0.01532617,0.012771,0.01084975,0.00931407,0.00804287,0.00696941,0.00605223,0.00526282,0.00458005,0.00398755,0.00347219,0.00302324,0.00263176,0.0022902
Gram_error_fro,6.0,2,14,2,0.0,0.10702681,0.11361136,0.10743421,0.09859469,0.08954533,0.08104733,0.07332032,0.06639182,0.06022025,0.05474073,0.04988299,0.04557866,0.04176427,0.03838229,0.03538134,0.03271593,0.03034602
Gram_error_fro,2.0,1,14,2,0.0,0.06831921,0.06041162,0.05149794,0.04382932,0.03732179,0.03186511,0.02731063,0.02350269,0.02030396,0.01760205,0.01530735,0.01334866,0.01166921,0.01022332,0.00897395,0.00789084,0.00694908
Gram_error_fro,2.0,1,14,2,0.0,0.08350529,0.05856901,0.043258,0.03297789,0.02541912,0.0197025,0.01534567,0.0120103,0.00944422,0.00745902,0.00591449,0.00470633,0.00375663,0.0030069,0.00241287,0.00194084,0.00156491
Gram_error_fro,2.0,1,14,2,0.0,0.03278011,0.03015125,0.02490131,0.01989675,0.0157186,0.01240156,0.00982001,0.00782177,0.00627267,0.00506599,0.00412019,0.00337388,0.00278093,0.00230662,0.00192467,0.00161511,0.00136262
Gram_error_fro,4.0,1,14,2,0.0,0.07799333,0.04145363,0.02739394,0.0205622,0.01625516,0.01320701,0.01092418,0.00915139,0.00773772,0.00658755,0.00563732,0.00484307,0.00417327,0.00360457,0.00311921,0.00270331,0.00234581
Gram_error_fro,0.0,1,14,5,0.0,0.0,0.0,0.0,0.0,0.0,0.0,0.0,0.0,0.0,0.0,0.0,0.0,0.0,0.0,0.0,0.0,0.0
Gram_error_fro,2.0,1,14,5,0.0,0.0627444,0.05765518,0.04834422,0.03950152,0.03196781,0.02581451,0.02088909,0.01698279,0.01389307,0.01144557,0.00949848,0.00793997,0.00668331,0.00566182,0.00482447,0.00413226,0.00355535
Gram_error_fro,2.0,1,14,5,0.0,0.03250135,0.03052128,0.02464526,0.01909447,0.01468353,0.01137401,0.00893745,0.00714304,0.00580573,0.0047901,0.00400158,0.00337561,0.00286855,0.00245072,0.00210172,0.00180718,0.00155668
Gram_error_fro,0.0,1,14,5,0.0,0.0,0.0,0.0,0.0,0.0,0.0,0.0,0.0,0.0,0.0,0.0,0.0,0.0,0.0,0.0,0.0,0.0
Gram_error_fro,2.0,1,14,5,0.0,0.04441098,0.03712331,0.02826831,0.02196738,0.01754172,0.01422229,0.01160278,0.0094855,0.00776077,0.00635449,0.00520914,0.00427741,0.00351985,0.00290375,0.00240217,0.00199319,0.00165901
Gram_error_fro,2.0,1,14,5,0.0,0.04694993,0.05383457,0.05067555,0.04468236,0.03844256,0.03282281,0.02802654,0.02401478,0.02067549,0.01788874,0.01554893,0.01356979,0.01188308,0.0104355,0.00918541,0.00810015,0.0071538
Gram_error_fro,2.0,1,14,5,0.0,0.03990815,0.03438,0.02597152,0.01992754,0.01592151,0.013124,0.01101644,0.0093385,0.00796038,0.00681006,0.00584136,0.00502106,0.00432356,0.00372849,0.00321933,0.00278258,0.0024071
Gram_error_fro,2.0,1,14,5,0.0,0.04941105,0.04669485,0.03914427,0.03242962,0.02690885,0.02235688,0.01858449,0.01545473,0.01285921,0.0107075,0.00892339,0.00744306,0.00621353,0.00519105,0.00433968,0.00362992,0.00303755
Gram_error_fro,2.0,1,14,5,0.0,0.03776604,0.03448829,0.02803329,0.02248515,0.01821349,0.01491962,0.01231935,0.01022522,0.0085167,0.0071114,0.00594914,0.00498398,0.00417993,0.00350835,0.00294627,0.00247507,0.0020796
Gram_error_fro,4.0,1,14,5,0.0,0.10227811,0.07703723,0.05441964,0.03967132,0.02996912,0.02330749,0.01854861,0.01503096,0.01235195,0.01025838,0.00858696,0.00722979,0.00611344,0.00518629,0.0044108,0.0037588,0.0032085
Gram_error_fro,4.0,2,14,5,0.0,0.06770446,0.04957781,0.03544715,0.02690917,0.02209424,0.01958051,0.01839748,0.0179294,0.01782265,0.01788877,0.01803121,0.01820124,0.01837454,0.01853931,0.01869025,0.01882548,0.01894491
Gram_error_fro,4.0,1,14,5,0.0,0.08142793,0.0775776,0.06647311,0.05558856,0.04632386,0.03879472,0.03277693,0.02797467,0.02411404,0.02097159,0.01837605,0.01620034,0.01435153,0.01276176,0.01138118,0.01017262,0.00910793
Gram_error_fro,4.0,1,14,5,0.0,0.09218178,0.0805214,0.06611778,0.0532067,0.04246208,0.03380575,0.02694193,0.02154207,0.0173068,0.01398397,0.01136986,0.009304,0.00766199,0.00634827,0.00528985,0.00443104,0.0037293
Gram_error_fro,4.0,1,14,5,0.0,0.05254868,0.04567617,0.03485537,0.02630175,0.02025923,0.01601954,0.01296427,0.01068629,0.00893401,0.00755079,0.00643586,0.00552187,0.00476229,0.00412399,0.00358274,0.00312045,0.00272325
Gram_error_fro,2.0,1,14,5,0.0,0.02999077,0.02373691,0.01991212,0.01776692,0.01614111,0.01465472,0.01323224,0.01188223,0.0106256,0.00947618,0.00843833,0.00750919,0.00668162,0.00594645,0.00529399,0.00471487,0.00420047
Gram_error_fro,4.0,1,14,5,0.0,0.09056768,0.06997674,0.05209687,0.03919471,0.02991611,0.02318267,0.01822234,0.01450004,0.01165379,0.00944041,0.00769486,0.00630275,0.00518271,0.00427529,0.00353606,0.00293112,0.00243423
Gram_error_fro,0.0,1,14,6,0.0,0.0,0.0,0.0,0.0,0.0,0.0,0.0,0.0,0.0,0.0,0.0,0.0,0.0,0.0,0.0,0.0,0.0
Gram_error_fro,2.0,1,14,6,0.0,0.05791627,0.05611853,0.04940828,0.04189385,0.03482785,0.02863744,0.02341645,0.01911428,0.01562102,0.01280965,0.01055716,0.00875406,0.00730772,0.00614239,0.00519751,0.00442552,0.00378952
Gram_error_fro,2.0,1,14,6,0.0,0.03970307,0.03697397,0.03107695,0.025904,0.0218869,0.0187734,0.01628419,0.01422314,0.01246748,0.01094274,0.00960317,0.00841933,0.00737086,0.00644236,0.00562122,0.00489652,0.00425841
Gram_error_fro,2.0,1,14,6,0.0,0.06123397,0.05239975,0.04293455,0.03552723,0.02975575,0.02511784,0.02128584,0.01807126,0.01536003,0.01307256,0.01114546,0.00952458,0.00816258,0.00701822,0.00605587,0.00524511,0.00456027
Gram_error_fro,2.0,1,14,6,0.0,0.05020319,0.04481865,0.03988921,0.03515422,0.03059229,0.02639851,0.02267486,0.01943996,0.01666717,0.01430966,0.01231433,0.01062896,0.00920563,0.00800206,0.00698191,0.00611443,0.00537393
Gram_error_fro,2.0,1,14,6,0.0,0.04006048,0.0331945,0.0253546,0.02030144,0.01754461,0.01590578,0.01465647,0.01351112,0.01239582,0.01130933,0.0102673,0.00928427,0.00836962,0.00752772,0.00675917,0.00606204,0.00543274
Gram_error_fro,4.0,1,14,6,0.0,0.08569971,0.07245893,0.05816693,0.04641443,0.03690788,0.02930035,0.02326787,0.01851509,0.01478541,0.01186419,0.0095765,0.00778226,0.00637071,0.0052551,0.00436806,0.00365761,0.00308389
Gram_error_fro,2.0,1,14,6,0.0,0.04731528,0.03882397,0.02918591,0.02236698,0.01786856,0.01474992,0.01240565,0.01053066,0.00898025,0.00768028,0.0065853,0.00566184,0.00488242,0.00422363,0.00366543,0.00319092,0.00278596
Gram_error_fro,4.0,1,14,6,0.0,0.07442728,0.06111583,0.05130131,0.04319543,0.03604051,0.02983725,0.0246061,0.02028909,0.01677758,0.01394517,0.01166829,0.00983667,0.00835717,0.00715399,0.00616706,0.00534967,0.0046659
Gram_error_fro,4.0,1,14,6,0.0,0.05872358,0.0466745,0.0386493,0.03397503,0.03080461,0.02831727,0.02617489,0.0242353,0.02243853,0.02075994,0.01918964,0.01772329,0.01635799,0.01509066,0.01391751,0.01283399,0.01183502
Gram_error_fro,4.0,1,14,6,0.0,0.07532326,0.05190568,0.03523929,0.02579575,0.02043607,0.01712586,0.01481717,0.0130264,0.01154002,0.01026153,0.0091429,0.00815618,0.0072822,0.00650616,0.0058159,0.00520112,0.00465296
Gram_error_fro,4.0,1,14,6,0.0,0.06673223,0.05832739,0.04651685,0.0372434,0.0304401,0.02535801,0.02141273,0.01824302,0.01563558,0.01345901,0.01162534,0.01007065,0.0087458,0.0076118,0.00663721,0.00579655,0.00506898
Gram_error_fro,4.0,1,14,6,0.0,0.07724922,0.06183454,0.05134401,0.04297473,0.03571207,0.02946711,0.0242178,0.01988691,0.01635873,0.01350586,0.01120644,0.0093527,0.00785381,0.00663567,0.00563918,0.0048179,0.00413569
Gram_error_fro,4.0,1,14,6,0.0,0.10191159,0.08502517,0.06464614,0.04886036,0.03725142,0.02872197,0.02238338,0.0176136,0.01398714,0.01120773,0.00906315,0.00739762,0.00609495,0.00506775,0.00425017,0.00359266,0.00305807
Gram_error_fro,4.0,1,14,6,0.0,0.05561426,0.03786508,0.02647313,0.01932972,0.01453951,0.01122015,0.00888627,0.00722866,0.00603616,0.0051612,0.00450099,0.00398531,0.00356738,0.00321683,0.00291425,0.00264739,0.00240846
Gram_error_fro,4.0,1,14,6,0.0,0.07026262,0.05357937,0.04077052,0.03125197,0.02396845,0.01839448,0.01414708,0.01092004,0.00847185,0.00661565,0.00520841,0.00414103,0.00333027,0.00271262,0.00223961,0.00187439,0.00158914
Gram_error_fro,0.0,1,14,4,0.0,0.0,0.0,0.0,0.0,0.0,0.0,0.0,0.0,0.0,0.0,0.0,0.0,0.0,0.0,0.0,0.0,0.0
Gram_error_fro,2.0,1,14,4,0.0,0.03015154,0.01935357,0.01553267,0.01384565,0.01261929,0.01158586,0.0106861,0.00988492,0.00915678,0.00848472,0.00785826,0.00727124,0.00672002,0.0062024,0.0057169,0.00526233,0.00483763
Gram_error_fro,2.0,1,14,4,0.0,0.02010098,0.01495604,0.01031535,0.00726656,0.00543992,0.00432435,0.00358478,0.00304676,0.00262621,0.00228175,0.00199133,0.00174205,0.00152563,0.00133641,0.00117027,0.00102405,0.00089524
Gram_error_fro,2.0,1,14,4,0.0,0.00558087,0.00209466,0.00151203,0.00140964,0.00137252,0.00132948,0.00127083,0.00120009,0.00112245,0.0010421,0.00096202,0.00088412,0.00080959,0.00073913,0.00067309,0.00061159,0.00055462
Gram_error_fro,2.0,1,14,4,0.0,0.01693187,0.0128207,0.00980754,0.00781223,0.00657763,0.00575307,0.00512244,0.00458658,0.00410641,0.0036679,0.00326623,0.00289948,0.0025663,0.00226524,0.00199453,0.00175221,0.00153616
Gram_error_fro,0.0,1,14,4,0.0,0.0,0.0,0.0,0.0,0.0,0.0,0.0,0.0,0.0,0.0,0.0,0.0,0.0,0.0,0.0,0.0,0.0
Gram_error_fro,4.0,2,14,4,0.0,0.01343783,0.00978377,0.00763649,0.00754687,0.00837498,0.00929762,0.01010849,0.01080165,0.0114045,0.0119397,0.01242125,0.01285716,0.01325218,0.01360953,0.01393184,0.01422152,0.01448095
Gram_error_fro,4.0,1,14,4,0.0,0.06284898,0.046428,0.03658191,0.03014271,0.02511845,0.02093542,0.0174133,0.01445678,0.01198738,0.00993273,0.00822709,0.00681263,0.00563986,0.00466718,0.00386006,0.00318996,0.00263342
Gram_error_fro,2.0,1,14,4,0.0,0.02635201,0.01782137,0.01333978,0.01071705,0.00878381,0.00717885,0.00582019,0.00468467,0.00375096,0.00299254,0.00238117,0.00189028,0.00149673,0.00118133,0.00092858,0.00072617,0.00056437
Gram_error_fro,4.0,2,14,4,0.0,0.07171468,0.05686784,0.04158432,0.03104958,0.0241404,0.01972042,0.01702273,0.0155043,0.0147557,0.01447567,0.01445938,0.01457858,0.01475804,0.01495588,0.01515004,0.01532979,0.01549069
Gram_error_fro,4.0,2,14,4,0.0,0.04428626,0.03526532,0.02912937,0.02454669,0.02103202,0.01839122,0.01647774,0.01516483,0.01433354,0.01387042,0.01367283,0.01365525,0.01375181,0.01391503,0.01411242,0.01432264,0.01453227
Gram_error_fro,6.0,1,14,4,0.0,0.07767312,0.05488894,0.04063047,0.03128535,0.02498809,0.02055063,0.01723615,0.01463155,0.01251132,0.01074694,0.00925883,0.00799318,0.00691079,0.00598162,0.00518182,0.00449201,0.00389621
Gram_error_fro,4.0,2,14,4,0.0,0.03271714,0.0292769,0.02461346,0.0209464,0.0181821,0.01613109,0.01468175,0.01374309,0.01321682,0.01299994,0.01299743,0.01313174,0.0133453,0.01359827,0.01386461,0.01412803,0.01437894
Gram_error_fro,4.0,1,14,4,0.0,0.07191109,0.04758148,0.03238682,0.02356407,0.01821886,0.01472478,0.01223732,0.01033609,0.00881033,0.00754848,0.00648613,0.0055823,0.00480847,0.00414347,0.00357073,0.00307687,0.00265082
Gram_error_fro,4.0,1,14,4,0.0,0.13126393,0.10385215,0.07774229,0.059006,0.04562926,0.03584762,0.02852058,0.02292204,0.01857632,0.01516053,0.01244815,0.01027586,0.00852331,0.00710025,0.00593809,0.00498406,0.0041972
Gram_error_fro,4.0,1,14,4,0.0,0.06472793,0.04532417,0.03296296,0.02535614,0.02041807,0.01696845,0.01438654,0.01234932,0.01068381,0.00929189,0.00811327,0.00710744,0.00624488,0.00550269,0.00486234,0.00430849,0.00382821
Gram_error_fro,0.0,1,14,5,0.0,0.0,0.0,0.0,0.0,0.0,0.0,0.0,0.0,0.0,0.0,0.0,0.0,0.0,0.0,0.0,0.0,0.0
Gram_error_fro,2.0,1,14,5,0.0,0.03967483,0.03378231,0.02402063,0.01662637,0.01164497,0.00829985,0.00599224,0.00435758,0.00318167,0.00233416,0.00173074,0.0013129,0.00103604,0.00086201,0.00075645,0.00069085,0.00064523
Gram_error_fro,2.0,1,14,5,0.0,0.03173831,0.02929801,0.02352689,0.01815042,0.01402604,0.01106836,0.00897443,0.00746602,0.00634369,0.00547774,0.00478651,0.00421849,0.00374051,0.00333066,0.00297404,0.00266028,0.00238192
Gram_error_fro,2.0,1,14,5,0.0,0.03626893,0.02985336,0.02550147,0.0218401,0.01864829,0.01595265,0.01371477,0.0118549,0.01029299,0.00896489,0.00782343,0.00683463,0.00597358,0.00522135,0.00456296,0.00398618,0.00348071
Gram_error_fro,2.0,1,14,5,0.0,0.01711835,0.01542774,0.01257088,0.01003858,0.00803445,0.00646973,0.00523827,0.00426093,0.00348099,0.002856,0.00235299,0.00194607,0.001615,0.00134402,0.001121,0.00093654,0.00078335
Gram_error_fro,2.0,1,14,5,0.0,0.0283052,0.02889439,0.02433521,0.0193299,0.01520106,0.01209086,0.00979882,0.00809086,0.00678592,0.0057614,0.00493757,0.00426228,0.00370035,0.00322713,0.00282475,0.00247983,0.00218217
Gram_error_fro,4.0,1,14,5,0.0,0.0930623,0.07200952,0.05430445,0.0425321,0.03420514,0.02789778,0.02293865,0.01897515,0.01578393,0.01320259,0.01110528,0.00939257,0.00798582,0.00682298,0.00585535,0.00504478,0.00436135
Gram_error_fro,4.0,1,14,5,0.0,0.0660223,0.05548939,0.04546518,0.03727949,0.03070747,0.02547769,0.02131944,0.01799674,0.01531875,0.01313733,0.01133994,0.00984204,0.00858034,0.00750739,0.0065873,0.00579273,0.00510256
Gram_error_fro,4.0,1,14,5,0.0,0.0585325,0.04976851,0.03602955,0.02521122,0.01779113,0.01290212,0.00969755,0.00757431,0.00613808,0.00513735,0.00441293,0.00386484,0.00343083,0.00307252,0.00276636,0.00249794,0.00225836
Gram_error_fro,4.0,1,14,5,0.0,0.097733,0.07502095,0.05167476,0.03587305,0.02557838,0.01873043,0.01404395,0.01075304,0.00838736,0.00664785,0.00534004,0.00433585,0.00355008,0.00292522,0.00242178,0.00201198,0.00167578
Gram_error_fro,4.0,1,14,5,0.0,0.07235513,0.07034814,0.06067299,0.05116879,0.04278004,0.03560314,0.02958876,0.02462087,0.02055181,0.01723002,0.01451671,0.01229305,0.01046139,0.00894343,0.00767726,0.00661429,0.00571641
Gram_error_fro,4.0,1,14,5,0.0,0.03982759,0.03586048,0.02838898,0.02161682,0.01643101,0.01274783,0.01022147,0.00849427,0.00728116,0.00638499,0.0056822,0.00510027,0.00459821,0.00415314,0.0037522,0.00338791,0.00305562
Gram_error_fro,6.0,1,14,5,0.0,0.08379115,0.05837671,0.03717467,0.02423801,0.01657313,0.01191614,0.00894617,0.00693717,0.00549832,0.00441858,0.00358065,0.00291583,0.00238108,0.00194743,0.0015941,0.00130548,0.00106939
Gram_error_fro,6.0,1,14,5,0.0,0.08588451,0.07701899,0.06390342,0.05297179,0.04394053,0.03641464,0.0301724,0.02503863,0.02084417,0.01742788,0.01464498,0.01237184,0.01050653,0.00896697,0.00768809,0.00661868,0.00571861
Gram_error_fro,6.0,1,14,5,0.0,0.08678663,0.06834241,0.04827506,0.03517268,0.02728675,0.02234968,0.0189602,0.01640338,0.01433753,0.01259775,0.01109886,0.00979185,0.00864479,0.00763454,0.00674295,0.00595513,0.00525851
Gram_error_fro,4.0,1,14,5,0.0,0.0470335,0.0379747,0.02632449,0.01807467,0.0128308,0.0094865,0.0072474,0.00566143,0.00448717,0.0035919,0.00289671,0.00235037,0.00191727,0.00157153,0.00129381,0.00106944,0.00088718
Gram_error_fro,0.0,1,14,5,0.0,0.0,0.0,0.0,0.0,0.0,0.0,0.0,0.0,0.0,0.0,0.0,0.0,0.0,0.0,0.0,0.0,0.0
Gram_error_fro,2.0,1,14,5,0.0,0.05226555,0.03253699,0.01959298,0.01268352,0.00877887,0.00634725,0.00470527,0.00353846,0.00268569,0.00205273,0.0015783,0.0012199,0.00094725,0.00073842,0.0005775,0.00045282,0.00035578
Gram_error_fro,2.0,1,14,5,0.0,0.05208101,0.05389227,0.04969876,0.04309517,0.03633938,0.0302842,0.02514753,0.02089976,0.01742737,0.01459968,0.01229494,0.01040912,0.00885719,0.00757138,0.00649847,0.00559697,0.0048346
Gram_error_fro,2.0,1,14,5,0.0,0.04938563,0.04261406,0.03237269,0.02389045,0.01757682,0.01302111,0.00974841,0.00738019,0.0056469,0.00436364,0.00340377,0.00267932,0.00212797,0.00170492,0.00137752,0.00112187,0.00092036
Gram_error_fro,2.0,1,14,5,0.0,0.06985333,0.04899261,0.03190611,0.02115653,0.01444716,0.01016329,0.00735094,0.00545094,0.00413045,0.00318752,0.00249711,0.00198013,0.00158539,0.00127899,0.00103786,0.000846,0.00069195
Gram_error_fro,2.0,1,14,5,0.0,0.01623797,0.01228463,0.00911333,0.00687155,0.00527265,0.00407542,0.0031563,0.00244811,0.00190429,0.00148758,0.00116778,0.00092115,0.00072962,0.0005798,0.00046181,0.00036838,0.0002941
Gram_error_fro,4.0,2,14,5,0.0,0.05070963,0.03209671,0.02401123,0.021095,0.02006281,0.01969359,0.01957108,0.01954421,0.01955326,0.01957358,0.0195952,0.01961442,0.01963022,0.01964267,0.01965222,0.01965941,0.01966472
Gram_error_fro,4.0,1,14,5,0.0,0.08372308,0.06689792,0.05316899,0.04375801,0.03652655,0.030639,0.02579087,0.02180565,0.01853439,0.01584353,0.01361822,0.01176422,0.01020672,0.00888749,0.0077616,0.00679434,0.00595873
Gram_error_fro,4.0,1,14,5,0.0,0.07213125,0.05601495,0.04147135,0.03089871,0.02353373,0.0183443,0.01459093,0.01180182,0.00967874,0.00802881,0.0067235,0.00567483,0.0048211,0.00411817,0.00353378,0.00304395,0.00263052
Gram_error_fro,4.0,1,14,5,0.0,0.08609824,0.06350561,0.04946448,0.04020998,0.03303436,0.02717394,0.02236793,0.01845708,0.01529901,0.01275924,0.01071629,0.00906618,0.00772377,0.00662161,0.00570759,0.00494198,0.00429472
Gram_error_fro,4.0,1,14,5,0.0,0.07013053,0.04896462,0.03253394,0.02184589,0.01504521,0.01075512,0.00803864,0.00627898,0.00508982,0.00424195,0.00360452,0.00310363,0.00269666,0.00235795,0.00207117,0.00182533,0.00161265
Gram_error_fro,4.0,1,14,5,0.0,0.05112699,0.03933896,0.0295481,0.02247556,0.01740504,0.01373494,0.01102958,0.0089865,0.00740281,0.00614552,0.00512784,0.00429229,0.00359952,0.0030215,0.00253733,0.00213085,0.0017892
Gram_error_fro,4.0,1,14,5,0.0,0.0859095,0.0738078,0.06011055,0.04861302,0.03934505,0.03197278,0.02613985,0.02153127,0.01788384,0.01498377,0.01266123,0.01078379,0.00924992,0.00798269,0.00692425,0.00603124,0.00527105
Gram_error_fro,4.0,1,14,5,0.0,0.05923347,0.04775673,0.03613165,0.02709028,0.0205798,0.01596084,0.01264552,0.01021698,0.00840064,0.00701596,0.005941,0.00509111,0.00440653,0.00384481,0.0033758,0.00297806,0.00263634
Gram_error_fro,4.0,1,14,5,0.0,0.07758895,0.05815532,0.037934,0.02414357,0.01550612,0.0102011,0.00691648,0.00483098,0.0034596,0.00252374,0.00186398,0.00138723,0.00103687,0.00077668,0.00058229,0.00043664,0.00032739
Gram_error_fro,4.0,2,14,5,0.0,0.07707712,0.0526045,0.03520677,0.02575935,0.0211405,0.01916723,0.01848839,0.01837561,0.01848338,0.01866008,0.01884273,0.01900731,0.01914669,0.01926083,0.01935243,0.01942498,0.01948194
Gram_error_fro,0.0,1,14,4,0.0,0.0,0.0,0.0,0.0,0.0,0.0,0.0,0.0,0.0,0.0,0.0,0.0,0.0,0.0,0.0,0.0,0.0
Gram_error_fro,2.0,1,14,4,0.0,0.04504577,0.03273608,0.02188647,0.01466901,0.01015796,0.00740005,0.00571121,0.004645,0.00392946,0.00340969,0.00300197,0.00266241,0.00236819,0.00210732,0.00187332,0.00166243,0.00147226
Gram_error_fro,2.0,1,14,4,0.0,0.03819772,0.01740496,0.00989175,0.0072,0.00577177,0.00475765,0.00395971,0.00331121,0.00277756,0.00233567,0.0019683,0.00166196,0.0014058,0.00119108,0.00101066,0.00085874,0.00073054
Gram_error_fro,2.0,1,14,4,0.0,0.04169422,0.02356823,0.0156333,0.01234283,0.01059515,0.00941676,0.00849893,0.00772698,0.00705116,0.00644683,0.00590024,0.00540275,0.00494833,0.00453239,0.0041512,0.0038016,0.00348085
Gram_error_fro,2.0,1,14,4,0.0,0.05662206,0.04186085,0.030656,0.02404487,0.01973165,0.01655392,0.01405049,0.01201401,0.01032781,0.00891513,0.00772129,0.00670556,0.00583672,0.00509022,0.00444647,0.00388957,0.00340651
Gram_error_fro,2.0,1,14,4,0.0,0.02628486,0.01454412,0.00805207,0.00506404,0.00359575,0.00273552,0.00215575,0.00174064,0.00143661,0.00120981,0.00103622,0.00089915,0.00078749,0.00069407,0.00061429,0.00054515,0.00048465
Gram_error_fro,2.0,1,14,4,0.0,0.02594794,0.01880352,0.01424257,0.01168651,0.00991554,0.00849831,0.00730153,0.00627686,0.00539845,0.00464632,0.00400272,0.00345169,0.00297929,0.00257359,0.00222452,0.00192369,0.00166404
Gram_error_fro,2.0,1,14,4,0.0,0.01546869,0.00897801,0.00650066,0.00547468,0.00480281,0.00426204,0.00379478,0.00337719,0.0029994,0.00265778,0.00235052,0.00207579,0.00183135,0.00161458,0.00142277,0.00125328,0.00110362
Gram_error_fro,4.0,1,14,4,0.0,0.07517649,0.04657886,0.03048117,0.02119672,0.01522475,0.01116156,0.00831528,0.00628237,0.00480719,0.00372128,0.00291118,0.00229922,0.00183147,0.00147,0.00118781,0.00096546,0.00078877
Gram_error_fro,4.0,1,14,4,0.0,0.06231182,0.04405661,0.03468942,0.02852643,0.02377483,0.01993194,0.01677585,0.01416661,0.01200067,0.01019645,0.00868833,0.00742316,0.00635792,0.00545778,0.00469452,0.00404523,0.00349124
Gram_error_fro,4.0,1,14,4,0.0,0.06089811,0.04181218,0.02950672,0.02139119,0.01580872,0.01190381,0.00913714,0.00714709,0.00568997,0.00460219,0.00377382,0.00313063,0.00262204,0.00221317,0.00187969,0.0016043,0.00137454
Gram_error_fro,4.0,1,14,4,0.0,0.09561609,0.05322148,0.03469824,0.02636589,0.02145202,0.01795724,0.01524042,0.01303836,0.01121372,0.00968169,0.00838406,0.00727814,0.00633118,0.00551735,0.00481583,0.00420958,0.00368449
Gram_error_fro,4.0,1,14,4,0.0,0.07389985,0.04377716,0.02965879,0.022373,0.01773942,0.01441673,0.01188217,0.00988228,0.00827201,0.00695816,0.00587599,0.0049782,0.00422904,0.0036009,0.00307209,0.00262535,0.00224682
Gram_error_fro,6.0,2,14,4,0.0,0.12305287,0.10785699,0.08762088,0.07085953,0.05784486,0.04789789,0.04034253,0.03462721,0.03031806,0.02707665,0.02464047,0.02280751,0.02142399,0.02037427,0.01957231,0.01895465,0.0184747
Gram_error_fro,4.0,1,14,4,0.0,0.04907717,0.03556345,0.02579765,0.01935345,0.01490897,0.01172335,0.00936864,0.00758299,0.00619978,0.00510959,0.00423825,0.00353395,0.00295945,0.0024873,0.00209684,0.00177227,0.00150126
Gram_error_fro,4.0,1,14,4,0.0,0.07293896,0.03518358,0.0204157,0.01557834,0.01325552,0.01148734,0.00993314,0.00855268,0.00734105,0.00628932,0.0053833,0.00460653,0.00394244,0.00337553,0.00289185,0.00247917,0.00212692
Gram_error_fro,0.0,1,14,7,0.0,0.0,0.0,0.0,0.0,0.0,0.0,0.0,0.0,0.0,0.0,0.0,0.0,0.0,0.0,0.0,0.0,0.0
Gram_error_fro,2.0,1,14,7,0.0,0.04533888,0.04114177,0.03528062,0.0308173,0.02734655,0.02444097,0.02189867,0.01963313,0.01760203,0.01577881,0.0141428,0.01267594,0.01136182,0.01018528,0.00913241,0.00819045,0.00734778
Gram_error_fro,2.0,2,14,7,0.0,0.03167123,0.02804449,0.02470556,0.02246355,0.02122894,0.020742,0.02073416,0.02099579,0.0213881,0.02182857,0.02227181,0.02269461,0.02308628,0.02344293,0.02376429,0.02405187,0.02430806
Gram_error_fro,2.0,1,14,7,0.0,0.04390571,0.03834013,0.03353302,0.02945281,0.02579183,0.02248822,0.01953714,0.01693538,0.01466909,0.01271422,0.01104026,0.00961388,0.00840176,0.00737245,0.00649738,0.00575141,0.00511287
Gram_error_fro,2.0,2,14,7,0.0,0.03257761,0.02889098,0.02518575,0.02281953,0.02154316,0.02101464,0.02095312,0.02115882,0.02150233,0.02190496,0.0223211,0.02272555,0.02310528,0.0234544,0.02377111,0.02405588,0.02431039
Gram_error_fro,2.0,1,14,7,0.0,0.06253517,0.05857873,0.05003421,0.04146662,0.03375309,0.02715876,0.02171087,0.01731388,0.01382069,0.01107466,0.00893062,0.00726304,0.00596761,0.00495977,0.0041722,0.0035521,0.00305862
Gram_error_fro,4.0,1,14,7,0.0,0.07877935,0.07131539,0.06134835,0.05244476,0.04451331,0.03756639,0.03160611,0.02657039,0.02235626,0.01884791,0.01593378,0.01351415,0.01150346,0.00982984,0.00843363,0.00726567,0.00628554
Gram_error_fro,4.0,1,14,7,0.0,0.0877431,0.07467266,0.05855782,0.04646636,0.03764811,0.0310233,0.02587326,0.02175873,0.01840663,0.01563906,0.01333378,0.01140228,0.00977755,0.00840695,0.00724812,0.00626626,0.00543259
Gram_error_fro,4.0,1,14,7,0.0,0.08130524,0.06563613,0.050031,0.0387278,0.03045547,0.02422274,0.01944489,0.01574859,0.01287116,0.01061742,0.00883928,0.00742397,0.00628599,0.0053609,0.00460038,0.00396833,0.00343774
Gram_error_fro,4.0,1,14,7,0.0,0.07609533,0.06362993,0.04913174,0.03900546,0.03217023,0.02731263,0.02363512,0.02070337,0.01827987,0.01622847,0.01446561,0.01293597,0.0116002,0.01042849,0.00939716,0.00848676,0.00768099
Gram_error_fro,4.0,1,14,7,0.0,0.0695414,0.06178108,0.05286588,0.04646369,0.04160597,0.0376368,0.03424806,0.03128418,0.02865423,0.02629865,0.02417543,0.02225338,0.0205082,0.01892021,0.01747292,0.01615212,0.01494538
Gram_error_fro,4.0,1,14,7,0.0,0.0994089,0.08570108,0.06816533,0.05362086,0.0422476,0.03343453,0.02660826,0.02132065,0.01722608,0.01405505,0.01159578,0.00968179,0.0081829,0.00699829,0.00605085,0.0052824,0.00464959
Gram_error_fro,2.0,2,14,7,0.0,0.06823421,0.04848362,0.03484403,0.02719966,0.02338143,0.02173624,0.02121838,0.02124781,0.02152703,0.02190819,0.02231842,0.02272213,0.02310254,0.02345251,0.0237699,0.02405513,0.02430994
Gram_error_fro,4.0,2,14,7,0.0,0.07745884,0.06269242,0.04863206,0.03792878,0.03069828,0.02627206,0.02384473,0.0227025,0.02231203,0.02232587,0.02253907,0.0228383,0.02316362,0.02348462,0.02378678,0.02406402,0.02431462
Gram_error_fro,2.0,1,14,7,0.0,0.11629269,0.09604471,0.07158611,0.05316775,0.04003426,0.03061555,0.0237506,0.01867124,0.014868,0.011993,0.0098013,0.00811616,0.00680796,0.00578086,0.00496379,0.00430421,0.00376344
Gram_error_fro,2.0,2,14,7,0.0,0.09931997,0.08815019,0.06760518,0.05095774,0.03924736,0.03158556,0.02694595,0.02440868,0.0232093,0.0227841,0.02276911,0.02295271,0.02322023,0.02351256,0.02380055,0.0240708,0.02431796
Gram_error_fro,0.0,1,14,2,0.0,0.0,0.0,0.0,0.0,0.0,0.0,0.0,0.0,0.0,0.0,0.0,0.0,0.0,0.0,0.0,0.0,0.0
Gram_error_fro,2.0,1,14,2,0.0,0.11464483,0.06280438,0.03391055,0.02191765,0.0165137,0.01339617,0.0112359,0.00961892,0.00837582,0.00740886,0.00664868,0.00604233,0.00554912,0.00513836,0.00478739,0.0044799,0.00420439
Gram_error_fro,2.0,1,14,2,0.0,0.04446681,0.05176558,0.05314596,0.05250375,0.0510946,0.04925935,0.04714962,0.0448728,0.04251284,0.04013373,0.03778241,0.03549194,0.03328466,0.03117474,0.0291703,0.02727507,0.0254896
Gram_error_fro,2.0,1,14,2,0.0,0.07666762,0.0608113,0.05089548,0.04383847,0.03835294,0.03393651,0.0302997,0.02724312,0.02462618,0.02235012,0.02034528,0.01856176,0.01696296,0.01552133,0.01421552,0.01302855,0.01194664
Gram_error_fro,2.0,1,14,2,0.0,0.11464483,0.06280438,0.03391055,0.02191765,0.0165137,0.01339617,0.0112359,0.00961892,0.00837582,0.00740886,0.00664868,0.00604233,0.00554912,0.00513836,0.00478739,0.0044799,0.00420439
Gram_error_fro,2.0,1,14,2,0.0,0.04401701,0.03874082,0.03449072,0.03075824,0.02744047,0.02453339,0.0220025,0.01979735,0.01786814,0.01617174,0.01467243,0.01334097,0.01215335,0.01108981,0.01013389,0.00927188,0.00849222
Gram_error_fro,4.0,1,14,2,0.0,0.03383628,0.03037304,0.0269684,0.02376281,0.0208866,0.01834102,0.01609464,0.0141138,0.01236841,0.01083204,0.00948119,0.00829477,0.00725378,0.00634112,0.0055415,0.00484126,0.00422826
Gram_error_fro,4.0,1,14,2,0.0,0.00834981,0.00548385,0.00418937,0.00327516,0.00261519,0.00216025,0.00184996,0.00163466,0.00148176,0.0013716,0.00129197,0.00123447,0.00119273,0.0011617,0.00113733,0.00111654,0.00109708
Gram_error_fro,2.0,2,14,2,0.0,0.0,0.0,0.00022603,0.0004051,0.00055634,0.00071742,0.00090757,0.00113161,0.00138714,0.00166898,0.00197124,0.00228828,0.00261503,0.00294708,0.0032807,0.00361279,0.00394079
Gram_error_fro,4.0,1,14,2,0.0,0.10485428,0.0517033,0.02465054,0.01485041,0.01122862,0.00933177,0.00799732,0.00695178,0.00610778,0.00541946,0.00485433,0.00438695,0.003997,0.00366817,0.00338744,0.00314449,0.00293125
Gram_error_fro,4.0,1,14,2,0.0,0.1007922,0.08577257,0.07569737,0.06734733,0.05992769,0.05333309,0.04750296,0.04236241,0.03783225,0.03383722,0.03030925,0.02718835,0.02442224,0.0219657,0.01977975,0.01783079,0.01608989
Gram_error_fro,4.0,1,14,2,0.0,0.09756275,0.07854285,0.06431619,0.05407464,0.0462135,0.04000058,0.03499295,0.03088399,0.0274556,0.02455151,0.02205873,0.01989451,0.01799738,0.01632089,0.01482939,0.01349505,0.0122958
Gram_error_fro,4.0,1,14,2,0.0,0.09253862,0.08781896,0.07791748,0.06731712,0.05744548,0.04870018,0.0411052,0.03456334,0.02894791,0.02413432,0.02001006,0.016477,0.01345093,0.01086028,0.00864465,0.00675365,0.00514631
Gram_error_fro,4.0,1,14,2,0.0,0.02107994,0.02314389,0.02344521,0.02225822,0.02048192,0.01853956,0.01663031,0.01484178,0.01320795,0.01173704,0.01042463,0.00926027,0.00823087,0.00732264,0.00652209,0.00581658,0.00519459
Gram_error_fro,4.0,1,14,2,0.0,0.09995444,0.07958458,0.06441681,0.05328268,0.04462492,0.03775689,0.03224097,0.0277566,0.02406627,0.02099453,0.01841122,0.0162188,0.01434321,0.01272741,0.01132689,0.01010642,0.00903785
Gram_error_fro,4.0,1,14,2,0.0,0.0963398,0.07328309,0.0610367,0.05377907,0.04794935,0.04279427,0.03818635,0.03408803,0.03046111,0.02726007,0.02443698,0.02194558,0.01974345,0.01779287,0.01606091,0.01451912,0.01314309
Gram_error_fro,0.0,1,14,4,0.0,0.0,0.0,0.0,0.0,0.0,0.0,0.0,0.0,0.0,0.0,0.0,0.0,0.0,0.0,0.0,0.0,0.0
Gram_error_fro,2.0,1,14,4,0.0,0.05077454,0.04331364,0.03438754,0.02785363,0.02309969,0.01944739,0.01651611,0.01410335,0.01209085,0.01040018,0.00897368,0.00776624,0.00674138,0.00586912,0.00512464,0.00448731,0.00394001
Gram_error_fro,2.0,1,14,4,0.0,0.05334763,0.03247204,0.01880183,0.01177101,0.00831828,0.00649235,0.00533889,0.00447848,0.00377682,0.0031857,0.00268418,0.00225948,0.00190138,0.00160074,0.00134926,0.00113947,0.00096479
Gram_error_fro,2.0,1,14,4,0.0,0.04873612,0.02686329,0.0144063,0.00864808,0.00619087,0.00512256,0.00452463,0.00405933,0.00363245,0.00322754,0.00284759,0.00249771,0.00218104,0.00189835,0.00164865,0.00142986,0.00123928
Gram_error_fro,0.0,1,14,4,0.0,0.0,0.0,0.0,0.0,0.0,0.0,0.0,0.0,0.0,0.0,0.0,0.0,0.0,0.0,0.0,0.0,0.0
Gram_error_fro,2.0,1,14,4,0.0,0.01556848,0.00902511,0.00680547,0.00622907,0.00582671,0.00534593,0.00480127,0.00423696,0.00368799,0.00317645,0.00271392,0.00230469,0.00194832,0.00164165,0.0013801,0.00115855,0.00097186
Gram_error_fro,2.0,1,14,4,0.0,0.09962473,0.07696316,0.05884201,0.04736306,0.03937754,0.0332753,0.02835354,0.02427604,0.02085236,0.01795624,0.01549464,0.01339493,0.01159866,0.01005803,0.00873364,0.00759277,0.00660813
Gram_error_fro,2.0,1,14,4,0.0,0.06495107,0.03809571,0.02198403,0.01321375,0.00841543,0.00574961,0.00422709,0.00330985,0.00271013,0.00228065,0.00194901,0.0016799,0.00145553,0.00126601,0.00110508,0.00096818,0.00085158
Gram_error_fro,4.0,1,14,4,0.0,0.05680676,0.04689635,0.03887208,0.03267961,0.02755931,0.02326419,0.01966145,0.01664216,0.01411071,0.01198513,0.0101969,0.00868942,0.00741617,0.00633884,0.00542583,0.0046509,0.00399224
Gram_error_fro,2.0,1,14,4,0.0,0.04636984,0.03735352,0.02819574,0.02158157,0.01700841,0.01383714,0.01158437,0.00992125,0.00863633,0.00759913,0.00673129,0.00598604,0.00533509,0.00476057,0.0042505,0.00379621,0.00339098
Gram_error_fro,4.0,1,14,4,0.0,0.06498306,0.04642021,0.03551313,0.02805687,0.02242058,0.01804081,0.01460852,0.0119036,0.00975939,0.00804924,0.00667715,0.00557022,0.00467271,0.00394164,0.00334351,0.002852,0.00244629
Gram_error_fro,4.0,1,14,4,0.0,0.01893068,0.01384294,0.0099278,0.00742981,0.0060013,0.00521099,0.00471816,0.00433272,0.00397651,0.00362774,0.00328636,0.00295817,0.00264888,0.00236232,0.00210037,0.00186339,0.00165066
Gram_error_fro,4.0,1,14,4,0.0,0.07277742,0.07261566,0.06487649,0.05569629,0.04700289,0.03941663,0.03303298,0.02774736,0.02339529,0.01981086,0.0168482,0.01438671,0.01232966,0.01060053,0.00913902,0.00789755,0.00683834
Gram_error_fro,6.0,1,14,4,0.0,0.08088136,0.05941268,0.04421958,0.03376583,0.02613984,0.02042087,0.01606718,0.01271706,0.01011627,0.00808193,0.00648045,0.00521298,0.00420538,0.00340144,0.00275803,0.00224177,0.00182663
Gram_error_fro,6.0,1,14,4,0.0,0.08046014,0.07379161,0.06559246,0.05712691,0.04930761,0.04249781,0.03671707,0.03184971,0.02774839,0.0242755,0.0213156,0.01877603,0.01658363,0.01468071,0.01302145,0.01156904,0.01029357
Gram_error_fro,4.0,1,14,4,0.0,0.07539313,0.0718102,0.0644834,0.05621746,0.04832955,0.04132938,0.03531752,0.03022822,0.02594148,0.02233087,0.01928191,0.01669741,0.01449731,0.01261649,0.01100223,0.00961173,0.00841013
Gram_error_fro,0.0,1,14,2,0.0,0.0,0.0,0.0,0.0,0.0,0.0,0.0,0.0,0.0,0.0,0.0,0.0,0.0,0.0,0.0,0.0,0.0
Gram_error_fro,2.0,1,14,2,0.0,0.01033563,0.00718193,0.00485601,0.00338079,0.00236506,0.00163164,0.00109303,0.0006958,0.00040326,0.00018932,4.048e-05,8.495e-05,0.00016191,0.00021511,0.00024959,0.00026983,0.00027938
Gram_error_fro,2.0,1,14,2,0.0,0.01517721,0.01101673,0.00857784,0.00673121,0.00530389,0.0042037,0.00336236,0.00272426,0.00224355,0.00188274,0.00161156,0.00140598,0.00124736,0.00112173,0.00101897,0.00093202,0.00085612
Gram_error_fro,2.0,1,14,2,0.0,0.01033563,0.00718193,0.00485601,0.00338079,0.00236506,0.00163164,0.00109303,0.0006958,0.00040326,0.00018932,4.048e-05,8.495e-05,0.00016191,0.00021511,0.00024959,0.00026983,0.00027938
Gram_error_fro,2.0,1,14,2,0.0,0.01609519,0.01249626,0.00991233,0.00788446,0.00630808,0.00507637,0.00410791,0.00334311,0.00273755,0.00225731,0.00187606,0.00157308,0.00133193,0.00113948,0.00098521,0.0008607,0.00075923
Gram_error_fro,2.0,1,14,2,0.0,0.06476027,0.07170215,0.06914362,0.06411345,0.05848844,0.052912,0.04763187,0.04274806,0.03829463,0.03427142,0.03065948,0.02742996,0.02454965,0.02198431,0.01970077,0.01766794,0.01585746
Gram_error_fro,2.0,1,14,2,0.0,0.01033563,0.00718193,0.00485601,0.00338079,0.00236506,0.00163164,0.00109303,0.0006958,0.00040326,0.00018932,4.048e-05,8.495e-05,0.00016191,0.00021511,0.00024959,0.00026983,0.00027938
Gram_error_fro,2.0,1,14,2,0.0,0.00048993,0.00015593,0.00015918,0.00018819,0.00017951,0.00015525,0.00015913,0.00020747,0.00027658,0.0003473,0.00041152,0.00046624,0.00051072,0.00054523,0.00057049,0.00058741,0.00059694
Gram_error_fro,4.0,1,14,2,0.0,0.05941236,0.03556628,0.02635877,0.02082663,0.01670166,0.01342263,0.01077565,0.00863305,0.00689911,0.00549733,0.00436607,0.00345584,0.00272706,0.00214829,0.00169464,0.00134639,0.00108751
Gram_error_fro,4.0,1,14,2,0.0,0.05988744,0.0435209,0.03329449,0.02628028,0.02112925,0.01722257,0.01420782,0.01184831,0.00997597,0.00846981,0.00724228,0.00622962,0.00538503,0.00467371,0.00406955,0.00355268,0.00310776
Gram_error_fro,2.0,1,14,2,0.0,0.0205676,0.01352232,0.00932096,0.00705249,0.00581317,0.00509381,0.0046018,0.00419586,0.00382187,0.00346501,0.0031246,0.00280358,0.00250475,0.0022297,0.0019789,0.00175189,0.00154762
Gram_error_fro,2.0,1,14,2,0.0,0.00036486,0.00012166,0.00013053,0.00015548,0.00016082,0.00014597,0.00011891,8.767e-05,5.798e-05,3.405e-05,2.23e-05,2.717e-05,3.733e-05,4.635e-05,5.316e-05,5.784e-05,6.069e-05
Gram_error_fro,2.0,2,14,2,0.0,0.02132522,0.01363197,0.01150672,0.01049459,0.00991644,0.00954964,0.00930446,0.00913835,0.00902795,0.00895881,0.00892103,0.00890736,0.00891223,0.00893117,0.00896062,0.00899768,0.00904001
Gram_error_fro,2.0,1,14,2,0.0,0.06308059,0.04999858,0.04052788,0.03344907,0.02779136,0.02319058,0.01943234,0.01635171,0.01381558,0.01171722,0.00997183,0.00851244,0.00728613,0.00625097,0.0053736,0.00462729,0.00399045
Gram_error_fro,6.0,1,14,2,0.0,0.07944358,0.0390663,0.02633615,0.01905121,0.01387847,0.01011793,0.00741133,0.00550017,0.00418797,0.00332119,0.00277325,0.00243704,0.00222743,0.00208505,0.00197397,0.00187505,0.00177932
Gram_error_fro,2.0,1,14,2,0.0,0.01328061,0.00843878,0.00487403,0.00256483,0.00103701,0.00017553,0.0006523,0.00103096,0.00124468,0.00134615,0.00137368,0.00135353,0.00130345,0.00123543,0.00115752,0.00107513,0.00099188
Gram_error_fro,0.0,1,14,2,0.0,0.0,0.0,0.0,0.0,0.0,0.0,0.0,0.0,0.0,0.0,0.0,0.0,0.0,0.0,0.0,0.0,0.0
Gram_error_fro,2.0,1,14,2,0.0,0.02029887,0.01484965,0.0113177,0.00876697,0.00685038,0.00540555,0.00431674,0.00349279,0.00286382,0.00237809,0.00199796,0.00169624,0.00145324,0.00125472,0.00109024,0.00095221,0.000835
Gram_error_fro,2.0,1,14,2,0.0,0.0050711,0.00231562,0.00139461,0.001016,0.0008401,0.00078269,0.00077139,0.00076309,0.00074364,0.00071213,0.00067161,0.00062551,0.0005767,0.00052733,0.00047891,0.00043246,0.00038863
Gram_error_fro,2.0,1,14,2,0.0,0.00643997,0.0031864,0.00155224,0.00082218,0.00046151,0.00027806,0.00019538,0.00017099,0.00017222,0.00018028,0.00018812,0.00019378,0.00019696,0.00019783,0.0001967,0.00019389,0.00018967
Gram_error_fro,2.0,1,14,2,0.0,0.01937386,0.01271315,0.0097297,0.00774269,0.00624731,0.00507606,0.00414284,0.00339293,0.00278765,0.0022979,0.00190106,0.00157918,0.00131787,0.00110548,0.00093257,0.00079146,0.00067589
Gram_error_fro,2.0,1,14,2,0.0,0.04537143,0.02071769,0.01331224,0.00972616,0.00744039,0.00582546,0.00463296,0.00373077,0.00303632,0.00249387,0.00206443,0.00172021,0.00144115,0.00121257,0.00102368,0.00086636,0.0007345
Gram_error_fro,2.0,1,14,2,0.0,0.06982077,0.05551062,0.04474919,0.03661319,0.03007728,0.0247645,0.0204495,0.01694609,0.01409573,0.01176784,0.00985775,0.00828277,0.0069779,0.00589206,0.00498489,0.00422436,0.00358485
Gram_error_fro,2.0,1,14,2,0.0,0.05619987,0.03708443,0.02878265,0.02341786,0.01943926,0.01632284,0.01380873,0.01174385,0.0100281,0.00859081,0.00737941,0.0063534,0.0054809,0.00473639,0.00409924,0.00355258,0.00308252
Gram_error_fro,4.0,1,14,2,0.0,0.02337795,0.02180433,0.02117031,0.02049234,0.01961774,0.01855243,0.01737238,0.01615045,0.01493812,0.01376726,0.01265571,0.0116123,0.01064026,0.00973946,0.00890777,0.00814198,0.00743827
Gram_error_fro,4.0,2,14,2,0.0,0.01369526,0.01180792,0.01239713,0.01290767,0.0131209,0.01308025,0.01288226,0.01260544,0.01230079,0.01199797,0.01171276,0.01145262,0.01122016,0.01101533,0.01083664,0.01068194,0.0105488
Gram_error_fro,2.0,1,14,2,0.0,0.01468356,0.00620691,0.00418652,0.00332213,0.00270968,0.00221441,0.00181612,0.00150112,0.00125305,0.0010563,0.00089816,0.00076908,0.00066219,0.00057258,0.0004967,0.00043197,0.00037642
Gram_error_fro,4.0,1,14,2,0.0,0.00379316,0.0018726,0.00138752,0.00132298,0.00126893,0.00118354,0.00108887,0.00100091,0.0009244,0.00085811,0.0007991,0.00074474,0.00069328,0.00064378,0.00059588,0.00054956,0.00050497
Gram_error_fro,4.0,1,14,2,0.0,0.06434338,0.03665461,0.0243262,0.0172974,0.01265521,0.00940874,0.00707784,0.00537685,0.0041205,0.00318375,0.00248019,0.00194889,0.00154615,0.00124007,0.00100698,0.00082907,0.00069274
Gram_error_fro,4.0,1,14,2,0.0,0.0476304,0.01611226,0.01112805,0.01076063,0.01067718,0.01040949,0.00998051,0.00945448,0.00888126,0.00829366,0.00771204,0.00714858,0.00661022,0.00610069,0.00562165,0.00517349,0.00475581
Gram_error_fro,2.0,1,14,2,0.0,0.03031213,0.02188693,0.01533426,0.01097137,0.00794546,0.00579896,0.00425346,0.00312644,0.00229602,0.00167972,0.00122078,0.00087957,0.0006282,0.00044721,0.00032337,0.00024725,0.00020925
Gram_error_fro,2.0,1,14,2,0.0,0.00660047,0.00607473,0.0072071,0.00800649,0.00826508,0.00813254,0.00775591,0.00724252,0.00666452,0.00606827,0.00548236,0.00492371,0.00440157,0.00392032,0.00348123,0.00308365,0.00272579
Gram_error_fro,0.0,1,14,3,0.0,0.0,0.0,0.0,0.0,0.0,0.0,0.0,0.0,0.0,0.0,0.0,0.0,0.0,0.0,0.0,0.0,0.0
Gram_error_fro,2.0,1,14,3,0.0,0.0289853,0.02465293,0.02215089,0.02052105,0.0192839,0.01823913,0.01729886,0.01642158,0.01558708,0.01478576,0.01401339,0.01326847,0.01255072,0.01186037,0.01119775,0.01056307,0.00995641
Gram_error_fro,2.0,1,14,3,0.0,0.07569674,0.04537669,0.02467049,0.0133503,0.00737999,0.00425694,0.00263872,0.00183492,0.00147922,0.00135184,0.00132051,0.00131836,0.0013173,0.00130753,0.00128691,0.00125629,0.00121747
Gram_error_fro,2.0,1,14,3,0.0,0.06226496,0.07106332,0.06930904,0.064433,0.05869878,0.05298022,0.04762458,0.04274999,0.03837339,0.03446903,0.03099531,0.02790699,0.02516033,0.02271518,0.02053562,0.01858988,0.01685009
Gram_error_fro,2.0,1,14,3,0.0,0.00464411,0.00845732,0.01150317,0.01373903,0.01516852,0.01586445,0.01598716,0.01569785,0.01512908,0.01438195,0.01353081,0.01262908,0.01171436,0.01081248,0.0099407,0.00910998,0.00832682
Gram_error_fro,2.0,1,14,3,0.0,0.03798956,0.02639813,0.02127182,0.01994948,0.02001202,0.02044047,0.02087533,0.02120102,0.02138986,0.02144568,0.02138274,0.02121774,0.02096682,0.02064459,0.02026391,0.01983598,0.01937048
Gram_error_fro,4.0,1,14,3,0.0,0.07266122,0.04664084,0.03718796,0.03240301,0.02857324,0.025243,0.0223683,0.01990591,0.01779481,0.01597263,0.0143852,0.01298899,0.01175042,0.01064388,0.00964983,0.00875313,0.00794181
Gram_error_fro,2.0,1,14,3,0.0,0.06213313,0.07102923,0.06924598,0.06426963,0.05835388,0.05239414,0.0467721,0.04163605,0.03702303,0.03291801,0.02928326,0.02607303,0.02324066,0.02074189,0.01853631,0.01658773,0.01486416
Gram_error_fro,2.0,1,14,3,0.0,0.07569674,0.04537669,0.02467049,0.0133503,0.00737999,0.00425694,0.00263872,0.00183492,0.00147922,0.00135184,0.00132051,0.00131836,0.0013173,0.00130753,0.00128691,0.00125629,0.00121747
Gram_error_fro,4.0,1,14,3,0.0,0.06649295,0.07354188,0.07161442,0.06652309,0.06031366,0.05395955,0.04792213,0.0423967,0.03744231,0.03305106,0.02918431,0.0257915,0.02281959,0.02021769,0.01793906,0.01594187,0.01418922
Gram_error_fro,2.0,1,14,3,0.0,0.06038229,0.05237777,0.04155357,0.03248537,0.02526473,0.0195971,0.01519318,0.01180739,0.00923835,0.00732263,0.00592623,0.00493566,0.00425131,0.00378554,0.00346513,0.00323416,0.00305401
Gram_error_fro,2.0,1,14,3,0.0,0.02512149,0.02151034,0.01666837,0.01278732,0.00988346,0.00772144,0.00610342,0.00488576,0.00396429,0.00326275,0.00272521,0.00231064,0.00198878,0.00173714,0.00153879,0.00138082,0.00125337
Gram_error_fro,4.0,1,14,3,0.0,0.10466966,0.07863922,0.06090025,0.05116316,0.04455386,0.03922345,0.03462786,0.03059728,0.02705478,0.02394451,0.02121626,0.01882343,0.01672353,0.01487865,0.01325547,0.01182497,0.01056209
Gram_error_fro,4.0,1,14,3,0.0,0.01183086,0.01251024,0.01463551,0.0161505,0.01698178,0.01722306,0.01701614,0.01649264,0.01575828,0.01489338,0.01395729,0.01299293,0.01203067,0.01109145,0.01018925,0.00933286,0.00852738
Gram_error_fro,4.0,1,14,3,0.0,0.06453831,0.04159904,0.02645902,0.01825149,0.01421375,0.01250485,0.01186197,0.0115686,0.01131085,0.01098323,0.01056776,0.01007791,0.00953555,0.00896212,0.00837572,0.00779055,0.00721719
Gram_error_fro,4.0,1,14,3,0.0,0.04643451,0.03826255,0.02771816,0.01966757,0.01432017,0.01084944,0.00852813,0.00690423,0.00572349,0.00484082,0.0041673,0.00364401,0.00322976,0.00289507,0.00261868,0.00238537,0.00218431
Gram_error_fro,0.0,1,14,3,0.0,0.0,0.0,0.0,0.0,0.0,0.0,0.0,0.0,0.0,0.0,0.0,0.0,0.0,0.0,0.0,0.0,0.0
Gram_error_fro,2.0,1,14,3,0.0,0.00733456,0.00546939,0.00564698,0.0056435,0.00550833,0.00529937,0.00504812,0.00477218,0.00448302,0.00418903,0.00389655,0.00361028,0.00333363,0.00306893,0.0028177,0.0025808,0.00235863
Gram_error_fro,2.0,1,14,3,0.0,0.01815494,0.01513723,0.01270868,0.01104068,0.00966657,0.00845374,0.00737491,0.00642075,0.0055821,0.0048484,0.00420852,0.0036516,0.0031675,0.00274705,0.00238209,0.00206541,0.0017907
Gram_error_fro,2.0,1,14,3,0.0,0.01189642,0.00672496,0.00631396,0.00613742,0.00587484,0.0055626,0.00523297,0.00490079,0.00457252,0.00425159,0.00394049,0.0036412,0.00335529,0.00308391,0.00282781,0.00258733,0.00236254
Gram_error_fro,2.0,1,14,3,0.0,0.02419802,0.0181953,0.01448109,0.01239143,0.01087009,0.00960042,0.0084999,0.00753785,0.0066947,0.00595437,0.00530298,0.00472855,0.0042208,0.00377101,0.00337175,0.00301667,0.00270039
Gram_error_fro,0.0,1,14,3,0.0,0.0,0.0,0.0,0.0,0.0,0.0,0.0,0.0,0.0,0.0,0.0,0.0,0.0,0.0,0.0,0.0,0.0
Gram_error_fro,4.0,1,14,3,0.0,0.02952927,0.02028994,0.01397827,0.01025356,0.00779019,0.00606621,0.0048649,0.00404706,0.00349876,0.00312667,0.00286113,0.00265564,0.00248211,0.00232507,0.00217668,0.00203349,0.00189434
Gram_error_fro,4.0,1,14,3,0.0,0.05876463,0.05091379,0.04209308,0.03510001,0.02952668,0.02501937,0.02133819,0.01830282,0.0157745,0.01364765,0.01184271,0.01029969,0.00897288,0.00782686,0.00683369,0.00597083,0.00521984
Gram_error_fro,2.0,2,14,3,0.0,0.00781386,0.00310603,0.00219276,0.0026778,0.00345836,0.00426149,0.00502904,0.00574696,0.00641283,0.00702789,0.00759453,0.00811546,0.00859342,0.00903114,0.00943125,0.00979632,0.01012885
Gram_error_fro,2.0,1,14,3,0.0,0.07717715,0.05641725,0.04105039,0.03124707,0.02457253,0.01976539,0.01618168,0.01345016,0.01133336,0.00966923,0.00834309,0.007272,0.00639514,0.00566754,0.00505573,0.00453467,0.00408559
Gram_error_fro,4.0,1,14,3,0.0,0.04155697,0.04282938,0.03855413,0.03356259,0.02894392,0.02490686,0.02144193,0.01848445,0.01596114,0.01380458,0.01195689,0.01036978,0.00900328,0.00782432,0.00680541,0.00592357,0.00515943
Gram_error_fro,4.0,2,14,3,0.0,0.09870794,0.08163916,0.06286684,0.04813407,0.03691453,0.02838668,0.0218999,0.01698563,0.01332325,0.01070284,0.00898232,0.0080317,0.00768587,0.00775052,0.00805048,0.00846154,0.00890876
Gram_error_fro,4.0,1,14,3,0.0,0.05234564,0.04245227,0.03465967,0.02863378,0.02388395,0.02009162,0.01703035,0.01453343,0.01247676,0.01076724,0.00933435,0.0081242,0.00709516,0.00621475,0.0054574,0.00480278,0.00423456
Gram_error_fro,4.0,1,14,3,0.0,0.02087402,0.01467813,0.01095104,0.00848705,0.00677021,0.00552838,0.00460424,0.00390087,0.00335502,0.00292358,0.00257635,0.00229184,0.00205459,0.00185347,0.00168037,0.00152939,0.00139617
Gram_error_fro,6.0,1,14,3,0.0,0.03649498,0.03216908,0.02813345,0.02481431,0.02195333,0.01945923,0.01728447,0.01538987,0.01373958,0.01230094,0.01104467,0.00994502,0.00897963,0.00812929,0.00737761,0.00671067,0.00611672
Gram_error_fro,4.0,1,14,3,0.0,0.0674002,0.05287418,0.03958504,0.02966293,0.02248596,0.01731736,0.01356788,0.01081025,0.0087472,0.00717525,0.00595552,0.00499271,0.00422072,0.00359305,0.0030765,0.00264689,0.00228636
Gram_error_fro,0.0,1,14,3,0.0,0.0,0.0,0.0,0.0,0.0,0.0,0.0,0.0,0.0,0.0,0.0,0.0,0.0,0.0,0.0,0.0,0.0
Gram_error_fro,2.0,1,14,3,0.0,0.02874426,0.02022857,0.01498937,0.01144039,0.00888465,0.00698528,0.00554378,0.00443236,0.00356462,0.00288028,0.00233623,0.001901,0.00155124,0.00126926,0.0010415,0.00085739,0.00070856
Gram_error_fro,2.0,1,14,3,0.0,0.02857301,0.02485224,0.0213415,0.01814025,0.01530004,0.01284503,0.01075574,0.00899221,0.00750992,0.00626675,0.00522543,0.00435393,0.00362509,0.00301599,0.00250736,0.00208295,0.00172913
Gram_error_fro,2.0,1,14,3,0.0,0.05556656,0.03484222,0.0242091,0.01819653,0.01424035,0.01141106,0.00929601,0.00767068,0.00639588,0.00537898,0.00455583,0.00388089,0.00332121,0.00285258,0.00245694,0.00212063,0.00183315
Gram_error_fro,2.0,1,14,3,0.0,0.03580618,0.0331679,0.02957681,0.02614643,0.0228863,0.01988989,0.01720515,0.01483727,0.01276909,0.01097385,0.00942184,0.00808365,0.00693188,0.00594171,0.00509115,0.00436093,0.00373428
Gram_error_fro,2.0,1,14,3,0.0,0.0240884,0.0179688,0.01400343,0.01125177,0.00918873,0.00756692,0.00626229,0.00520083,0.00433103,0.00361426,0.00302076,0.00252741,0.00211603,0.00177221,0.00148441,0.00124323,0.00104101
Gram_error_fro,4.0,1,14,3,0.0,0.08365234,0.0580063,0.03991262,0.02878858,0.02164632,0.01676202,0.01323325,0.01057684,0.00851972,0.00689678,0.00560099,0.00455839,0.00371526,0.00303111,0.00247464,0.00202128,0.00165147
Gram_error_fro,2.0,1,14,3,0.0,0.02857301,0.02485224,0.0213415,0.01814025,0.01530004,0.01284503,0.01075574,0.00899221,0.00750992,0.00626675,0.00522543,0.00435393,0.00362509,0.00301599,0.00250736,0.00208295,0.00172913
Gram_error_fro,4.0,1,14,3,0.0,0.02034352,0.013605,0.01229556,0.01170104,0.01115624,0.01062725,0.01010023,0.00957076,0.00904105,0.00851552,0.00799872,0.00749456,0.00700619,0.006536,0.00608573,0.00565656,0.00524917
Gram_error_fro,4.0,1,14,3,0.0,0.0468486,0.04498936,0.04199536,0.03827106,0.03434198,0.03053198,0.02699166,0.02377689,0.02089648,0.01833669,0.01607355,0.01407934,0.0123259,0.01078635,0.00943587,0.008252,0.00721466
Gram_error_fro,2.0,1,14,3,0.0,0.02874426,0.02022857,0.01498937,0.01144039,0.00888465,0.00698528,0.00554378,0.00443236,0.00356462,0.00288028,0.00233623,0.001901,0.00155124,0.00126926,0.0010415,0.00085739,0.00070856
Gram_error_fro,4.0,1,14,3,0.0,0.02059583,0.01673683,0.01327083,0.0106569,0.00867928,0.00714844,0.00593807,0.0049657,0.0041758,0.00352929,0.0029975,0.00255857,0.00219533,0.00189401,0.00164334,0.00143408,0.00125858
Gram_error_fro,2.0,1,14,3,0.0,0.07750131,0.04447751,0.0261276,0.01684001,0.01166412,0.00845055,0.00628907,0.00475957,0.00364289,0.00281096,0.00218244,0.00170263,0.0013334,0.00104745,0.00082489,0.00065096,0.0005146
Gram_error_fro,4.0,1,14,3,0.0,0.03022784,0.02548537,0.01968673,0.01503308,0.0114683,0.00875443,0.00668889,0.00511817,0.00392791,0.00303257,0.00236717,0.0018811,0.00153332,0.00128919,0.00111904,0.00099842,0.00090877
Gram_error_fro,6.0,1,14,3,0.0,0.05676067,0.06316968,0.06428034,0.06262583,0.05941965,0.055463,0.05122863,0.04698747,0.04289172,0.03902298,0.03542036,0.03209737,0.02905228,0.02627454,0.02374882,0.0214575,0.01938218
Gram_error_fro,6.0,1,14,3,0.0,0.06003353,0.03992883,0.03014688,0.02462371,0.02062085,0.01737552,0.01466023,0.01237437,0.01044968,0.00883004,0.00746739,0.00632063,0.00535497,0.00454116,0.00385468,0.00327508,0.00278527
Gram_error_fro,0.0,1,14,3,0.0,0.0,0.0,0.0,0.0,0.0,0.0,0.0,0.0,0.0,0.0,0.0,0.0,0.0,0.0,0.0,0.0,0.0
Gram_error_fro,2.0,1,14,3,0.0,0.01960521,0.0135846,0.01182699,0.01066644,0.00960514,0.00862627,0.0077348,0.00692848,0.00620198,0.0055491,0.00496346,0.00443884,0.00396926,0.00354916,0.00317341,0.00283737,0.00253682
Gram_error_fro,2.0,1,14,3,0.0,0.02233738,0.01795683,0.01452117,0.01187041,0.00982677,0.00822135,0.00693045,0.00587251,0.00499371,0.00425697,0.00363533,0.00310834,0.00265999,0.00227745,0.00195031,0.00167001,0.0014295
Gram_error_fro,2.0,1,14,3,0.0,0.0664003,0.06164795,0.05243246,0.04384969,0.03651973,0.03042867,0.02542057,0.02131481,0.01794513,0.01517084,0.01287715,0.01097192,0.00938174,0.00804817,0.00692466,0.00597401,0.00516635
Gram_error_fro,2.0,1,14,3,0.0,0.08248108,0.06487913,0.05272462,0.04481764,0.03886113,0.03397125,0.02980959,0.02622147,0.02311472,0.02042056,0.01808147,0.01604756,0.01427539,0.01272739,0.01137135,0.0101798,0.0091295
Gram_error_fro,2.0,1,14,3,0.0,0.0261726,0.02375208,0.02069061,0.01809468,0.01590723,0.01403547,0.01241162,0.01098926,0.00973628,0.00862927,0.00764995,0.00678318,0.00601589,0.00533661,0.00473515,0.00420248,0.00373058
Gram_error_fro,4.0,1,14,3,0.0,0.06772402,0.05293071,0.04249491,0.03490046,0.0289535,0.02416047,0.02025488,0.01705507,0.01442235,0.01224676,0.01044043,0.00893327,0.00766942,0.00660444,0.00570286,0.0049363,0.00428194
Gram_error_fro,4.0,1,14,3,0.0,0.07627456,0.06192144,0.05260696,0.04457754,0.03756771,0.03158801,0.02656379,0.02237257,0.01888439,0.01598019,0.01355772,0.01153176,0.00983236,0.00840249,0.00719573,0.00617428,0.0053073
Gram_error_fro,4.0,1,14,3,0.0,0.04940657,0.04785156,0.04232428,0.03664803,0.03146438,0.02690611,0.0229687,0.01959925,0.01672951,0.01429035,0.01221801,0.01045638,0.00895734,0.00768015,0.00659058,0.0056599,0.00486406
Gram_error_fro,4.0,1,14,3,0.0,0.06142844,0.05512873,0.04765064,0.04114199,0.03549698,0.03062409,0.02643779,0.0228498,0.01977546,0.01713851,0.01487276,0.01292201,0.011239,0.00978418,0.0085244,0.00743187,0.00648314
Gram_error_fro,4.0,1,14,3,0.0,0.05545919,0.05548836,0.04955038,0.04299233,0.03692466,0.03160532,0.02704439,0.02317024,0.01988979,0.01711178,0.01475499,0.01275022,0.01103975,0.00957588,0.00831934,0.00723781,0.00630457
Gram_error_fro,4.0,2,14,3,0.0,0.08769013,0.0657693,0.05177691,0.04385875,0.03863937,0.03469966,0.03150392,0.02883495,0.02658545,0.02468653,0.02308434,0.02173282,0.02059179,0.0196265,0.0188073,0.01810934,0.017512
Gram_error_fro,4.0,2,14,3,0.0,0.04902084,0.03301575,0.02579136,0.0211294,0.01781311,0.01538872,0.01361643,0.01235031,0.01148635,0.01093894,0.01063299,0.01050356,0.0104972,0.0105723,0.0106981,0.01085272,0.01102111
Gram_error_fro,4.0,1,14,3,0.0,0.07982914,0.06462606,0.05018927,0.03890469,0.03033856,0.02390918,0.01911504,0.01555499,0.01291541,0.01095311,0.00948116,0.00835825,0.00748026,0.00677273,0.00618402,0.00567918,0.00523502
Gram_error_fro,4.0,1,14,3,0.0,0.0394846,0.0399432,0.03565694,0.03070841,0.02610961,0.02209794,0.0186876,0.01582311,0.01342988,0.01143329,0.00976597,0.00837007,0.00719733,0.00620811,0.00537016,0.00465734,0.00404847
Gram_error_fro,4.0,1,14,3,0.0,0.07089421,0.06820611,0.05889778,0.04946281,0.04121436,0.0343066,0.02860825,0.0239295,0.02008795,0.01692653,0.01431574,0.01215089,0.01034806,0.00884022,0.00757378,0.00650582,0.00560182
Gram_error_fro,0.0,1,14,2,0.0,0.0,0.0,0.0,0.0,0.0,0.0,0.0,0.0,0.0,0.0,0.0,0.0,0.0,0.0,0.0,0.0,0.0
Gram_error_fro,2.0,1,14,2,0.0,0.04282397,0.02747754,0.02133265,0.01801391,0.01585236,0.01424517,0.0129408,0.01182185,0.01082866,0.00992907,0.00910484,0.00834511,0.00764289,0.00699331,0.00639261,0.00583765,0.0053256
Gram_error_fro,0.0,1,14,2,0.0,0.0,0.0,0.0,0.0,0.0,0.0,0.0,0.0,0.0,0.0,0.0,0.0,0.0,0.0,0.0,0.0,0.0
Gram_error_fro,2.0,1,14,2,0.0,0.05026542,0.03440957,0.02481151,0.01883997,0.01464871,0.01151172,0.00909935,0.00722305,0.00575665,0.00460868,0.00371034,0.0030088,0.00246296,0.00204039,0.00171509,0.00146589,0.00127537
Gram_error_fro,2.0,1,14,2,0.0,0.04421023,0.02402821,0.01347768,0.00863683,0.00716291,0.00717631,0.00746618,0.00762607,0.00759385,0.00740106,0.00709447,0.00671535,0.00629555,0.00585829,0.00541985,0.00499129,0.00457986
Gram_error_fro,2.0,1,14,2,0.0,0.05026542,0.03440957,0.02226535,0.01430029,0.00924663,0.00641682,0.00530491,0.00518232,0.00537011,0.00554412,0.00561255,0.00557056,0.00543818,0.00523913,0.00499453,0.00472138,0.00443283
Gram_error_fro,4.0,1,14,2,0.0,0.12981516,0.10736891,0.08473654,0.06677433,0.05277518,0.04186818,0.03335492,0.02669059,0.02145408,0.01732221,0.01404781,0.01144191,0.00935969,0.00768982,0.00634623,0.0052621,0.00438516
Gram_error_fro,4.0,1,14,2,0.0,0.02565038,0.0169269,0.01216485,0.00949027,0.00788362,0.00689593,0.00627009,0.00584406,0.00552027,0.00524416,0.00498753,0.00473717,0.00448794,0.00423887,0.00399088,0.00374568,0.00350514
Gram_error_fro,4.0,1,14,2,0.0,0.03979008,0.02326734,0.02105201,0.0199198,0.0186668,0.01732174,0.01596132,0.01463515,0.01337119,0.01218385,0.01107928,0.01005869,0.00912035,0.00826082,0.00747575,0.00676029,0.00610946
Gram_error_fro,4.0,2,14,2,0.0,0.01806382,0.00726837,0.00345703,0.00274982,0.00266559,0.00244446,0.00204977,0.00155601,0.00107113,0.00082273,0.00106221,0.00158007,0.00216816,0.00276033,0.00333374,0.00387877,0.00439114
Gram_error_fro,2.0,2,14,2,0.0,0.05282884,0.02187288,0.01533369,0.01278107,0.01097335,0.00953236,0.00837395,0.00746496,0.00678377,0.00630893,0.00601507,0.00587251,0.00584951,0.00591554,0.006044,0.00621347,0.00640762
Gram_error_fro,6.0,1,14,2,0.0,0.11920851,0.0790118,0.0571246,0.04264943,0.03215267,0.02430414,0.01837035,0.01386058,0.01042341,0.00780204,0.00580764,0.00430146,0.00318238,0.00237766,0.00183406,0.00150538,0.00133867
Gram_error_fro,4.0,2,14,2,0.0,0.02343378,0.00965119,0.00372032,0.00151423,0.00158408,0.00195945,0.00207219,0.00199109,0.00184111,0.0017509,0.00182224,0.00207749,0.00246698,0.00292917,0.00342031,0.00391395,0.00439478
Gram_error_fro,6.0,1,14,2,0.0,0.0676373,0.04208304,0.02581466,0.01649555,0.01090552,0.00740972,0.00521314,0.0038735,0.00309684,0.00266152,0.00240668,0.00223336,0.00209109,0.00195828,0.00182758,0.00169782,0.00157007
Gram_error_fro,4.0,1,14,2,0.0,0.01361192,0.0087146,0.00849165,0.0082663,0.00796155,0.00758342,0.00715714,0.00670736,0.00625251,0.00580511,0.00537317,0.0049615,0.00457274,0.00420806,0.00386765,0.00355109,0.00325756
Gram_error_fro,4.0,1,14,2,0.0,0.01203305,0.01118528,0.00956206,0.00980971,0.01037247,0.0106636,0.0106513,0.0104065,0.01000227,0.00949678,0.00893309,0.00834212,0.00774561,0.00715856,0.00659104,0.00604956,0.00553806
Gram_error_fro,0.0,1,14,5,0.0,0.0,0.0,0.0,0.0,0.0,0.0,0.0,0.0,0.0,0.0,0.0,0.0,0.0,0.0,0.0,0.0,0.0
Gram_error_fro,2.0,1,14,5,0.0,0.04031542,0.03066892,0.022731,0.01765375,0.01429912,0.01189684,0.01005818,0.00858802,0.00738043,0.00637189,0.00552053,0.00479657,0.00417763,0.00364621,0.0031883,0.00279252,0.00244951
Gram_error_fro,2.0,1,14,5,0.0,0.04127306,0.02963426,0.02136246,0.01542273,0.0111208,0.0081007,0.00605529,0.00470559,0.00381926,0.00322171,0.00279525,0.00246825,0.00220038,0.00197012,0.00176621,0.00158277,0.00141657
Gram_error_fro,0.0,1,14,5,0.0,0.0,0.0,0.0,0.0,0.0,0.0,0.0,0.0,0.0,0.0,0.0,0.0,0.0,0.0,0.0,0.0,0.0
Gram_error_fro,2.0,1,14,5,0.0,0.02898242,0.01792693,0.01208102,0.00941419,0.00779387,0.00651669,0.00542715,0.0044967,0.00371449,0.00306683,0.00253653,0.00210531,0.00175582,0.00147267,0.00124278,0.0010554,0.00090183
Gram_error_fro,2.0,2,14,5,0.0,0.04444875,0.03702528,0.02770428,0.0207349,0.01657602,0.0146876,0.01421837,0.01444213,0.01493057,0.01548191,0.01601313,0.01649464,0.01691933,0.01728913,0.01760917,0.01788544,0.01812371
Gram_error_fro,4.0,1,14,5,0.0,0.07766757,0.07661354,0.0692618,0.06050789,0.05222025,0.0450001,0.0389099,0.03382374,0.02957285,0.02599929,0.02297139,0.02038451,0.01815695,0.01622509,0.0145391,0.01305957,0.01175499
Gram_error_fro,4.0,1,14,5,0.0,0.02680213,0.01671129,0.01322373,0.01124216,0.00975183,0.00855634,0.00755547,0.00668394,0.00590647,0.00520689,0.00457791,0.00401519,0.00351476,0.00307216,0.0026825,0.00234066,0.00204155
Gram_error_fro,2.0,1,14,5,0.0,0.05092049,0.03132559,0.0213671,0.01576788,0.01230636,0.01001084,0.00837536,0.00713044,0.00613341,0.00530728,0.00460825,0.00400936,0.00349252,0.00304458,0.00265535,0.00231663,0.00202159
Gram_error_fro,2.0,1,14,5,0.0,0.05250064,0.03852614,0.02765893,0.02071534,0.0162072,0.01303804,0.01064348,0.00875817,0.00724715,0.00602805,0.00504132,0.00424008,0.00358649,0.00305017,0.002607,0.00223807,0.00192867
Gram_error_fro,4.0,1,14,5,0.0,0.10220443,0.08952525,0.07157832,0.05662617,0.04513385,0.03648246,0.02996968,0.02501684,0.02119138,0.01818232,0.01576961,0.01379838,0.01215951,0.01077574,0.00959179,0.00856759,0.0076736
Gram_error_fro,4.0,1,14,5,0.0,0.06886782,0.06357237,0.05339654,0.04481817,0.03805776,0.03270212,0.02838863,0.02485373,0.02191031,0.01942478,0.01730048,0.01546637,0.01386924,0.01246854,0.01123279,0.01013714,0.00916164
Gram_error_fro,4.0,1,14,5,0.0,0.07753804,0.05796078,0.04283155,0.03296143,0.02635424,0.02167961,0.01817607,0.01542612,0.01319739,0.0113527,0.00980443,0.0084923,0.00737239,0.00641136,0.00558321,0.0048672,0.00424651
Gram_error_fro,4.0,1,14,5,0.0,0.09399063,0.06483169,0.04188608,0.02745926,0.01860108,0.01306839,0.00950371,0.00712523,0.00548461,0.00431963,0.00347152,0.00284016,0.00236001,0.00198704,0.00169117,0.00145168,0.00125423
Gram_error_fro,4.0,1,14,5,0.0,0.1143741,0.0940919,0.07273969,0.05681115,0.04500987,0.03608641,0.02921642,0.02385458,0.01962477,0.01625776,0.01355563,0.01137027,0.00958962,0.00812818,0.00692034,0.00591546,0.00507423
Gram_error_fro,4.0,1,14,5,0.0,0.06547151,0.04491227,0.02978278,0.02049058,0.01499288,0.0116492,0.00945633,0.00788414,0.00667309,0.00569661,0.00488863,0.00421041,0.00363624,0.00314737,0.00272929,0.00237044,0.00206146
Gram_error_fro,0.0,1,14,4,0.0,0.0,0.0,0.0,0.0,0.0,0.0,0.0,0.0,0.0,0.0,0.0,0.0,0.0,0.0,0.0,0.0,0.0
Gram_error_fro,2.0,1,14,4,0.0,0.09136222,0.0717107,0.05377623,0.04337872,0.03715499,0.03278791,0.02928358,0.02627043,0.02360689,0.02122934,0.0191002,0.01719139,0.01547909,0.01394229,0.0125622,0.01132208,0.01020701
Gram_error_fro,2.0,1,14,4,0.0,0.02820757,0.01552124,0.01028222,0.00726022,0.00534257,0.00408335,0.00323558,0.00265279,0.00224423,0.00195102,0.00173376,0.00156599,0.00143027,0.0013154,0.0012144,0.00112306,0.00103887
Gram_error_fro,2.0,1,14,4,0.0,0.0468693,0.03866101,0.02777956,0.01954483,0.01391404,0.01012214,0.00753259,0.0057219,0.00442452,0.00347448,0.00276579,0.00222869,0.00181591,0.00149456,0.00124133,0.00103939,0.00087652
Gram_error_fro,2.0,1,14,4,0.0,0.04793237,0.03528405,0.02773961,0.02333382,0.02032423,0.01796868,0.01598685,0.01427077,0.0127703,0.01145386,0.01029635,0.00927601,0.0083737,0.00757281,0.00685915,0.00622071,0.00564744
Gram_error_fro,2.0,1,14,4,0.0,0.05356874,0.03531134,0.02264696,0.0150782,0.01072938,0.00829828,0.00689897,0.00600291,0.00534476,0.00480708,0.00434066,0.00392447,0.00354861,0.00320756,0.0028976,0.0026158,0.0023597
Gram_error_fro,4.0,1,14,4,0.0,0.05238155,0.04720719,0.03887294,0.03145002,0.02535577,0.02045316,0.01653252,0.01340034,0.01089483,0.00888543,0.00726862,0.00596303,0.00490489,0.00404425,0.00334189,0.00276692,0.0022949
Gram_error_fro,2.0,1,14,4,0.0,0.05101855,0.04003776,0.0310505,0.02442538,0.01946621,0.01568286,0.01274785,0.01043888,0.00860133,0.00712499,0.00592943,0.0049548,0.00415576,0.00349746,0.0029528,0.00250044,0.00212345
Gram_error_fro,4.0,1,14,4,0.0,0.03193634,0.02838394,0.0239538,0.02017882,0.01704383,0.01445851,0.01234167,0.01061239,0.00919492,0.0080242,0.00704762,0.00622408,0.00552203,0.00491743,0.00439198,0.00393164,0.00352561
Gram_error_fro,4.0,1,14,4,0.0,0.08108259,0.06862888,0.05592674,0.04571882,0.0375373,0.03096179,0.02566789,0.02139591,0.01793681,0.01512338,0.01282288,0.0109305,0.00936382,0.00805818,0.00696288,0.00603813,0.00525261
Gram_error_fro,4.0,1,14,4,0.0,0.08761827,0.0611142,0.04044618,0.02855176,0.02197352,0.01807386,0.01542835,0.01339914,0.01172358,0.01029075,0.00904708,0.00796078,0.0070092,0.00617425,0.00544077,0.0047958,0.00422815
Gram_error_fro,6.0,1,14,4,0.0,0.08133427,0.06010687,0.04365692,0.03254851,0.02469978,0.01895607,0.01467146,0.01143828,0.00897729,0.00708951,0.00563072,0.00449541,0.00360589,0.00290459,0.00234848,0.00190519,0.00155017
Gram_error_fro,6.0,1,14,4,0.0,0.114292,0.08601991,0.0649066,0.05118847,0.04132252,0.03368794,0.02759599,0.0226892,0.01872926,0.01553185,0.01294703,0.0108522,0.00914795,0.00775452,0.00660856,0.00566006,0.00486972
Gram_error_fro,4.0,1,14,4,0.0,0.08881434,0.07617914,0.06031898,0.04746279,0.03744153,0.02963641,0.02355316,0.01881523,0.01512712,0.01225409,0.01001038,0.00825051,0.00686167,0.00575722,0.00487107,0.00415309,0.00356542
Gram_error_fro,6.0,1,14,4,0.0,0.08556867,0.06450974,0.04837644,0.03731455,0.02943009,0.02362171,0.01922773,0.01582464,0.01313423,0.01097055,0.00920661,0.00775329,0.00654622,0.00553753,0.00469074,0.0039774,0.00337492
Gram_error_fro,6.0,1,14,4,0.0,0.06401198,0.04524986,0.03117191,0.02240802,0.01712261,0.01383805,0.01165227,0.01007358,0.00884693,0.0078408,0.00698573,0.00624311,0.00558999,0.00501149,0.00449706,0.00403857,0.0036294
Gram_error_fro,0.0,1,14,3,0.0,0.0,0.0,0.0,0.0,0.0,0.0,0.0,0.0,0.0,0.0,0.0,0.0,0.0,0.0,0.0,0.0,0.0
Gram_error_fro,2.0,1,14,3,0.0,0.03228743,0.0271751,0.02291974,0.01957052,0.01687355,0.01462951,0.01271703,0.01106684,0.00963632,0.00839506,0.00731851,0.00638535,0.00557671,0.00487585,0.00426801,0.00374033,0.00328167
Gram_error_fro,2.0,1,14,3,0.0,0.05856184,0.03983757,0.02916836,0.02209843,0.01709423,0.01345592,0.01076849,0.00875887,0.00723858,0.00607413,0.0051696,0.0044557,0.0038823,0.00341323,0.00302244,0.00269126,0.00240628
Gram_error_fro,2.0,1,14,3,0.0,0.08196647,0.06434039,0.05333104,0.04600588,0.04030301,0.03551808,0.03139237,0.02780507,0.02467895,0.02195252,0.01957239,0.01749138,0.01566803,0.01406631,0.01265515,0.01140802,0.01030233
Gram_error_fro,2.0,1,14,3,0.0,0.02372451,0.01116006,0.00723708,0.005458,0.00452011,0.00400069,0.00367384,0.00342214,0.00319319,0.00296791,0.00274218,0.00251765,0.00229759,0.00208526,0.00188324,0.00169334,0.00151668
Gram_error_fro,2.0,1,14,3,0.0,0.02138601,0.01710774,0.01432169,0.01231894,0.01078818,0.00955153,0.00851212,0.00761561,0.00682946,0.00613278,0.00551126,0.00495449,0.00445443,0.00400458,0.00359951,0.00323453,0.00290558
Gram_error_fro,2.0,1,14,3,0.0,0.03228743,0.0271751,0.02287972,0.01950995,0.01681724,0.01459763,0.01272207,0.01111396,0.00972522,0.00852213,0.0074784,0.00657208,0.00578435,0.00509888,0.00450149,0.00397998,0.00352384
Gram_error_fro,4.0,1,14,3,0.0,0.0542957,0.03558949,0.03000197,0.02604401,0.02261857,0.01962104,0.01702241,0.01478622,0.0128684,0.01122404,0.00981173,0.0085953,0.00754415,0.00663275,0.00583992,0.00514816,0.00454294
Gram_error_fro,4.0,1,14,3,0.0,0.08943542,0.0644352,0.04955555,0.04208353,0.03801004,0.03540195,0.03341769,0.03169791,0.03009254,0.02854316,0.02703143,0.02555569,0.0241204,0.02273137,0.0213938,0.0201116,0.01888729
Gram_error_fro,2.0,1,14,3,0.0,0.08196647,0.06434039,0.05333104,0.04600588,0.04030301,0.03551808,0.03139237,0.02780507,0.02467895,0.02195252,0.01957239,0.01749138,0.01566803,0.01406631,0.01265515,0.01140802,0.01030233
Gram_error_fro,4.0,1,14,3,0.0,0.03780657,0.0330068,0.02906512,0.02577246,0.02296927,0.02053242,0.01837339,0.01644044,0.0147042,0.01314553,0.01174901,0.01050039,0.00938588,0.0083922,0.00750677,0.00671791,0.00601493
Gram_error_fro,4.0,1,14,3,0.0,0.06744904,0.05379625,0.04257545,0.03458828,0.02875629,0.02433504,0.02086135,0.01804895,0.01571761,0.01375011,0.01206732,0.01061376,0.00934908,0.00824293,0.00727179,0.00641689,0.00566296
Gram_error_fro,4.0,1,14,3,0.0,0.06948815,0.06150722,0.05572425,0.04918368,0.04278375,0.03699889,0.03194307,0.02758403,0.02384347,0.02063605,0.01788301,0.01551598,0.01347692,0.01171712,0.01019568,0.00887826,0.00773595
Gram_error_fro,4.0,1,14,3,0.0,0.07896625,0.05192816,0.0377901,0.02939717,0.02363206,0.01937885,0.0161269,0.01358283,0.01155576,0.00991437,0.0085659,0.00744369,0.00649917,0.0056964,0.00500839,0.00441456,0.00389895
Gram_error_fro,4.0,1,14,3,0.0,0.06859576,0.05941436,0.05072731,0.04244548,0.03538596,0.02965414,0.0250527,0.02134143,0.01831575,0.01581809,0.01373104,0.01196782,0.01046397,0.00917111,0.00805244,0.00707947,0.00622978
Gram_error_fro,2.0,1,14,3,0.0,0.01490922,0.01095319,0.00944427,0.00828069,0.00724762,0.00635386,0.00559161,0.00494172,0.00438458,0.00390347,0.0034849,0.00311826,0.00279518,0.00250902,0.00225452,0.00202742,0.00182423
Gram_error_fro,0.0,1,14,2,0.0,0.0,0.0,0.0,0.0,0.0,0.0,0.0,0.0,0.0,0.0,0.0,0.0,0.0,0.0,0.0,0.0,0.0
Gram_error_fro,2.0,1,14,2,0.0,0.01332359,0.01085814,0.00739821,0.00509067,0.00358948,0.00258031,0.0018894,0.00141402,0.0010866,0.0008599,0.00070034,0.0005845,0.00049673,0.00042712,0.00036966,0.00032078,0.00027843
Gram_error_fro,2.0,1,14,2,0.0,0.03328562,0.01930008,0.01150018,0.00734974,0.00498075,0.00353812,0.00261452,0.00199689,0.00156633,0.00125401,0.00101911,0.00083693,0.00069214,0.00057495,0.00047887,0.0003994,0.0003333
Gram_error_fro,2.0,1,14,2,0.0,0.00558288,0.00234733,0.00215017,0.00198714,0.00175585,0.00152813,0.00132428,0.00114475,0.00098655,0.00084707,0.00072433,0.00061677,0.00052299,0.00044168,0.00037159,0.00031149,0.00026023
Gram_error_fro,2.0,1,14,2,0.0,0.04047947,0.03006728,0.0246915,0.02079969,0.01763433,0.01499644,0.01278373,0.01092024,0.00934486,0.00800805,0.00686982,0.00589783,0.00506583,0.00435235,0.0037397,0.00321314,0.00276033
Gram_error_fro,2.0,1,14,2,0.0,0.02124191,0.0131914,0.00889951,0.00649711,0.00489465,0.00373238,0.00286501,0.00220952,0.00171013,0.0013273,0.00103235,0.00080424,0.00062729,0.0004897,0.00038254,0.00029898,0.00023376
Gram_error_fro,4.0,1,14,2,0.0,0.04429515,0.03103329,0.02574951,0.02169375,0.01830382,0.01549082,0.01316546,0.01123861,0.00963305,0.00828627,0.00714905,0.00618303,0.00535814,0.00465069,0.00404177,0.00351613,0.00306131
Gram_error_fro,4.0,1,14,2,0.0,0.02699133,0.0168536,0.01033029,0.00713168,0.00542728,0.00443544,0.00381214,0.00337941,0.0030439,0.00275943,0.00250468,0.00227045,0.00205311,0.00185135,0.00166471,0.00149292,0.00133561
Gram_error_fro,4.0,1,14,2,0.0,0.07994743,0.0539898,0.04248076,0.03524215,0.02952011,0.02477392,0.02081959,0.01752698,0.01478372,0.01249383,0.01057752,0.00896951,0.00761667,0.00647583,0.00551174,0.00469554,0.00400346
Gram_error_fro,4.0,1,14,2,0.0,0.04885691,0.02632423,0.01569493,0.00998882,0.00656436,0.00438409,0.0029549,0.00200434,0.00136805,0.00094189,0.00065777,0.00046993,0.00034683,0.00026621,0.0002124,0.00017484,0.00014689
Gram_error_fro,4.0,1,14,2,0.0,0.02416348,0.01538219,0.01117306,0.00843396,0.006449,0.0049748,0.00386221,0.00301177,0.00235582,0.00184682,0.00145029,0.00114055,0.00089816,0.00070821,0.00055921,0.00044221,0.00035027
Gram_error_fro,4.0,1,14,2,0.0,0.02721813,0.01567135,0.01093771,0.00798538,0.00591665,0.00443741,0.00336366,0.00257211,0.00198049,0.00153326,0.00119211,0.00093004,0.00072758,0.00057051,0.00044821,0.00035273,0.000278
Gram_error_fro,4.0,1,14,2,0.0,0.08288013,0.05928464,0.04871374,0.04131715,0.0350362,0.02960405,0.02495523,0.02101478,0.01769335,0.01490095,0.01255513,0.01058407,0.00892678,0.00753213,0.00635751,0.00536746,0.00453242
Gram_error_fro,4.0,1,14,2,0.0,0.05621947,0.03780494,0.0273767,0.02045233,0.01551722,0.01190205,0.00920906,0.00717603,0.00562365,0.0044268,0.00349668,0.00276916,0.00219718,0.00174571,0.00138827,0.00110466,0.00087926
Gram_error_fro,4.0,1,14,2,0.0,0.01649306,0.01041377,0.00775443,0.00618605,0.00520203,0.00447455,0.00387955,0.003372,0.00293266,0.00255074,0.00221842,0.00192928,0.00167776,0.00145897,0.00126866,0.00110312,0.00095911
Gram_error_fro,4.0,1,14,2,0.0,0.0572653,0.03976425,0.03148369,0.02652267,0.02287554,0.01998973,0.01762652,0.01564615,0.01395714,0.01249676,0.01122053,0.01009605,0.00909901,0.00821072,0.00741643,0.00670422,0.00606427
Gram_error_fro,0.0,1,14,4,0.0,0.0,0.0,0.0,0.0,0.0,0.0,0.0,0.0,0.0,0.0,0.0,0.0,0.0,0.0,0.0,0.0,0.0
Gram_error_fro,2.0,1,14,4,0.0,0.05358619,0.0491198,0.04021637,0.03261828,0.02667005,0.0220048,0.01829298,0.01530329,0.01287239,0.01088015,0.00923576,0.0078695,0.00672739,0.00576738,0.00495646,0.00426851,0.00368269
Gram_error_fro,2.0,1,14,4,0.0,0.01347789,0.01101924,0.00931957,0.00801166,0.00703035,0.00627954,0.00567921,0.00517672,0.0047401,0.00435028,0.00399589,0.0036701,0.00336867,0.00308893,0.00282904,0.00258765,0.00236369
Gram_error_fro,2.0,1,14,4,0.0,0.02264595,0.01677303,0.01324363,0.01082834,0.00909044,0.0077605,0.00669172,0.00580594,0.00505852,0.00442104,0.00387349,0.00340076,0.00299096,0.00263448,0.00232348,0.00205144,0.00181298
Gram_error_fro,2.0,1,14,4,0.0,0.04520405,0.04138602,0.03445452,0.02877706,0.02431457,0.02071321,0.01773792,0.01524539,0.01314023,0.01135255,0.00982811,0.00852351,0.00740358,0.00643949,0.00560754,0.00488806,0.00426467
Gram_error_fro,2.0,1,14,4,0.0,0.04425245,0.03127802,0.0226474,0.0170977,0.01346721,0.01096843,0.00914348,0.00774145,0.00662353,0.00570896,0.0049475,0.00430568,0.00375989,0.00329265,0.0028906,0.00254318,0.00224196
Gram_error_fro,4.0,1,14,4,0.0,0.08203306,0.05941417,0.0422001,0.03200748,0.02577709,0.02155628,0.01838281,0.01582122,0.01367265,0.01183736,0.01025693,0.00889128,0.00770954,0.00668636,0.00580027,0.00503284,0.00436815
Gram_error_fro,4.0,2,14,4,0.0,0.06898537,0.05478364,0.04248705,0.03339626,0.02663204,0.02150523,0.01762493,0.01477509,0.01281461,0.0116142,0.01102459,0.01088004,0.01102519,0.01133753,0.01173245,0.01215664,0.01257867
Gram_error_fro,0.0,1,14,4,0.0,0.0,0.0,0.0,0.0,0.0,0.0,0.0,0.0,0.0,0.0,0.0,0.0,0.0,0.0,0.0,0.0,0.0
Gram_error_fro,4.0,1,14,4,0.0,0.0567418,0.03883597,0.02720876,0.01927079,0.01414435,0.0109172,0.00883025,0.00738554,0.0063055,0.00544785,0.0047399,0.00414202,0.00363018,0.00318819,0.00280423,0.00246919,0.00217585
Gram_error_fro,4.0,1,14,4,0.0,0.05891326,0.05212667,0.04278848,0.03545053,0.02986728,0.02543303,0.02177377,0.01869174,0.01607333,0.01384117,0.01193503,0.01030495,0.00890882,0.00771103,0.00668161,0.00579538,0.00503118
Gram_error_fro,2.0,1,14,4,0.0,0.03805954,0.03008492,0.02378785,0.01901111,0.01549119,0.01287912,0.01088366,0.00930915,0.00803364,0.00698055,0.00609925,0.00535421,0.00471916,0.00417402,0.0037031,0.00329398,0.00293671
Gram_error_fro,6.0,1,14,4,0.0,0.08481713,0.07351169,0.06142433,0.05086981,0.04198573,0.0346066,0.02853705,0.0235807,0.01955075,0.01627868,0.01361923,0.0114513,0.00967638,0.00821561,0.00700649,0.00599975,0.00515662
Gram_error_fro,4.0,1,14,4,0.0,0.0633575,0.0528679,0.04016331,0.03034496,0.02354956,0.0189115,0.01563573,0.01320073,0.01130295,0.00976971,0.00849933,0.0074281,0.0065134,0.00572512,0.00504105,0.00444426,0.00392153
Gram_error_fro,4.0,1,14,4,0.0,0.09933617,0.07481128,0.05794618,0.04764194,0.04052867,0.03490246,0.03013049,0.02599521,0.02240501,0.01929889,0.01662169,0.01432044,0.01234538,0.01065127,0.00919802,0.00795072,0.00687932
Gram_error_fro,2.0,1,14,4,0.0,0.02558466,0.02146356,0.01815908,0.01576837,0.01391582,0.01237521,0.01103968,0.0098593,0.00880759,0.00786768,0.0070269,0.00627475,0.00560205,0.00500061,0.00446304,0.00398269,0.00355357
Gram_error_fro,0.0,1,14,2,0.0,0.0,0.0,0.0,0.0,0.0,0.0,0.0,0.0,0.0,0.0,0.0,0.0,0.0,0.0,0.0,0.0,0.0
Gram_error_fro,2.0,1,14,2,0.0,0.0243021,0.0177052,0.01465328,0.01255927,0.01086628,0.00942711,0.00818419,0.00710531,0.00616736,0.00535158,0.00464201,0.00402489,0.00348829,0.00302183,0.00261648,0.00226438,0.00195866
Gram_error_fro,2.0,1,14,2,0.0,0.04271787,0.02401083,0.0147593,0.00937136,0.00597782,0.00383442,0.00254785,0.00186624,0.00157095,0.00145995,0.00140326,0.00134661,0.0012757,0.00119116,0.00109773,0.00100037,0.00090316
Gram_error_fro,2.0,1,14,2,0.0,0.03323121,0.0269867,0.02453598,0.02297034,0.02162547,0.02034581,0.01910325,0.01789934,0.01674001,0.01563003,0.01457242,0.0135687,0.01261929,0.01172382,0.01088132,0.01009037,0.00934926
Gram_error_fro,2.0,1,14,2,0.0,0.01362626,0.01100659,0.0101895,0.00945475,0.00876481,0.00811369,0.00749633,0.00691014,0.00635494,0.00583156,0.00534071,0.0048826,0.00445687,0.00406262,0.00369863,0.00336343,0.0030554
Gram_error_fro,2.0,1,14,2,0.0,0.03259259,0.02545523,0.02234834,0.02014939,0.01824708,0.0165216,0.01494633,0.01351089,0.01220637,0.0110232,0.00995148,0.00898152,0.00810407,0.00731057,0.00659314,0.00594459,0.00535839
Gram_error_fro,4.0,1,14,2,0.0,0.06146707,0.03550415,0.02310576,0.01608727,0.01148997,0.00830295,0.00604094,0.00441449,0.00323465,0.00237333,0.00174197,0.00127851,0.00093904,0.00069224,0.00051559,0.00039264,0.00031069
Gram_error_fro,2.0,1,14,2,0.0,0.00676654,0.00197827,0.00124412,0.00179677,0.00216851,0.00232873,0.00234605,0.00227332,0.00214684,0.00199108,0.00182235,0.00165135,0.00148493,0.00132726,0.00118072,0.00104645,0.00092477
Gram_error_fro,4.0,1,14,2,0.0,0.01176495,0.00431462,0.00179353,0.00091327,0.00082058,0.00090233,0.00095487,0.00096625,0.00094898,0.00091394,0.00086855,0.00081763,0.00076431,0.0007106,0.00065779,0.0006067,0.00055783
Gram_error_fro,2.0,1,14,2,0.0,0.0484295,0.03404291,0.02460332,0.01796868,0.01313954,0.00962156,0.00705945,0.00518895,0.00381824,0.00281004,0.00206633,0.00151691,0.00111119,0.00081249,0.00059402,0.00043614,0.00032426
Gram_error_fro,2.0,1,14,2,0.0,0.00208724,0.00734359,0.00916032,0.0095777,0.00931463,0.00872117,0.00798678,0.00721142,0.00644787,0.00572385,0.00505316,0.00444159,0.00389018,0.00339718,0.00295927,0.00257233,0.00223188
Gram_error_fro,6.0,1,14,2,0.0,0.10327759,0.07558371,0.06009199,0.04944295,0.04124408,0.03471044,0.02942949,0.02511772,0.0215643,0.01860963,0.01613217,0.01403882,0.01225776,0.01073305,0.00942071,0.00828578,0.00730024
Gram_error_fro,6.0,1,14,2,0.0,0.03599373,0.02645886,0.02024193,0.01588147,0.0127382,0.01043253,0.00870349,0.00737539,0.00633114,0.00549205,0.00480444,0.00423102,0.0037455,0.00332905,0.00296793,0.00265198,0.00237356
Gram_error_fro,4.0,1,14,2,0.0,0.05231163,0.03048095,0.01970927,0.01344915,0.00938505,0.00667975,0.0048935,0.00373942,0.003009,0.00254529,0.00223598,0.00200928,0.00182466,0.00166175,0.00151139,0.00137009,0.0012369
Gram_error_fro,6.0,1,14,2,0.0,0.05288987,0.03536623,0.0262153,0.0200745,0.01552834,0.01207588,0.00943479,0.00740782,0.00584758,0.00464231,0.00370726,0.00297831,0.00240702,0.00195681,0.00159998,0.00131552,0.00108743
Gram_error_fro,2.0,1,14,2,0.0,0.04267431,0.0242147,0.01426428,0.00851358,0.00512987,0.00334022,0.002643,0.00250139,0.00250401,0.00248675,0.00241583,0.00229798,0.00214821,0.0019805,0.00180572,0.00163164,0.00146354
Gram_error_fro,0.0,1,14,3,0.0,0.0,0.0,0.0,0.0,0.0,0.0,0.0,0.0,0.0,0.0,0.0,0.0,0.0,0.0,0.0,0.0,0.0
Gram_error_fro,2.0,1,14,3,0.0,0.0598345,0.05474938,0.04598767,0.03809925,0.03148591,0.02604346,0.0215897,0.01794712,0.01496271,0.01251059,0.01048926,0.00881747,0.00743034,0.00627592,0.00531251,0.00450643,0.0038304
Gram_error_fro,2.0,1,14,3,0.0,0.06207842,0.05528757,0.04617487,0.03858111,0.03238131,0.0272628,0.0229983,0.01942538,0.01642147,0.01389021,0.0117539,0.009949,0.00842307,0.00713256,0.00604111,0.00511825,0.00433837
Gram_error_fro,2.0,1,14,3,0.0,0.02846659,0.01584263,0.00931243,0.00580273,0.00379952,0.00262505,0.0019508,0.00159077,0.00141628,0.00133554,0.0012926,0.00125933,0.00122396,0.00118271,0.0011354,0.00108321,0.0010277
Gram_error_fro,2.0,1,14,3,0.0,0.04886158,0.02580106,0.01466377,0.00962406,0.00721987,0.00587525,0.00495355,0.00422553,0.00361225,0.00308497,0.00263068,0.00224084,0.00190808,0.00162541,0.00138618,0.00118423,0.001014
Gram_error_fro,2.0,1,14,3,0.0,0.03255378,0.02380096,0.0179428,0.01408623,0.01138673,0.00940148,0.0078906,0.00671181,0.0057739,0.00501523,0.00439254,0.00387472,0.00343897,0.00306829,0.00274984,0.00247384,0.00223272
Gram_error_fro,4.0,1,14,3,0.0,0.06775242,0.04312443,0.02964209,0.02229444,0.0176991,0.01454282,0.01222775,0.01044039,0.00900497,0.00781885,0.00681938,0.00596623,0.00523187,0.00459636,0.00404447,0.00356412,0.00314539
Gram_error_fro,4.0,2,14,3,0.0,0.06142138,0.02604298,0.01415847,0.01038448,0.00903856,0.00852257,0.00837382,0.00842416,0.00859089,0.00882434,0.00909238,0.009374,0.00965577,0.00992933,0.01018977,0.01043445,0.01066221
Gram_error_fro,4.0,1,14,3,0.0,0.06288487,0.04182322,0.02973089,0.02258663,0.0177968,0.0143815,0.01186461,0.00996362,0.00849711,0.00734429,0.00642237,0.0056731,0.00505454,0.00453602,0.00409486,0.00371421,0.00338153
Gram_error_fro,4.0,2,14,3,0.0,0.06689922,0.04586198,0.0338746,0.02728265,0.02302585,0.02002794,0.01784679,0.01624109,0.01505406,0.01417638,0.01352957,0.0130564,0.01271462,0.01247264,0.01230663,0.0121984,0.01213401
Gram_error_fro,4.0,1,14,3,0.0,0.0598345,0.05474938,0.04594175,0.0379789,0.03128675,0.02577767,0.02127696,0.01760818,0.01461604,0.01217111,0.01016822,0.00852293,0.00716772,0.00604862,0.00512238,0.00435416,0.00371577
Gram_error_fro,4.0,1,14,3,0.0,0.04372093,0.03665004,0.02983868,0.02450851,0.02037283,0.01715186,0.01461908,0.01259871,0.01096008,0.00960874,0.00847715,0.00751689,0.00669285,0.00597916,0.00535634,0.00480944,0.00432675
Gram_error_fro,4.0,1,14,3,0.0,0.07115844,0.06891917,0.06331439,0.05683838,0.05036266,0.04431917,0.03886333,0.03401749,0.02974929,0.02600682,0.02273354,0.01987457,0.0173792,0.01520177,0.01330176,0.01164352,0.01019585
Gram_error_fro,4.0,1,14,3,0.0,0.05275329,0.03335439,0.02383075,0.01861086,0.0154914,0.0135451,0.01225719,0.01132826,0.01059136,0.0099579,0.00938293,0.00884456,0.00833275,0.00784331,0.00737479,0.00692691,0.00649979
Gram_error_fro,4.0,1,14,3,0.0,0.01901518,0.01434935,0.01028361,0.00695348,0.00439943,0.0026203,0.00172942,0.00175699,0.00215498,0.00253266,0.0028024,0.00296403,0.00303563,0.00303698,0.00298559,0.00289593,0.00277959
Gram_error_fro,6.0,1,14,3,0.0,0.04038345,0.03026778,0.02279122,0.0174896,0.01368064,0.01091978,0.00889618,0.00739287,0.00625879,0.00538866,0.00470871,0.00416693,0.00372644,0.00336091,0.00305152,0.00278477,0.00255099
Gram_error_fro,0.0,1,14,2,0.0,0.0,0.0,0.0,0.0,0.0,0.0,0.0,0.0,0.0,0.0,0.0,0.0,0.0,0.0,0.0,0.0,0.0
Gram_error_fro,2.0,1,14,2,0.0,0.04345562,0.0097611,0.00259996,0.00155563,0.00126534,0.00104406,0.00086117,0.00071588,0.00060289,0.000515,0.00044553,0.00038926,0.00034247,0.00030265,0.00026814,0.00023783,0.00021099
Gram_error_fro,0.0,1,14,2,0.0,0.0,0.0,0.0,0.0,0.0,0.0,0.0,0.0,0.0,0.0,0.0,0.0,0.0,0.0,0.0,0.0,0.0
Gram_error_fro,2.0,1,14,2,0.0,0.03607986,0.02620229,0.02033053,0.01623161,0.01308334,0.01061322,0.00866504,0.00712197,0.00589298,0.00490759,0.00411168,0.00346394,0.00293279,0.00249411,0.00212932,0.00182407,0.00156719
Gram_error_fro,2.0,1,14,2,0.0,0.0,0.0,0.00052701,0.00114287,0.00167315,0.00207157,0.00234203,0.0025044,0.00258101,0.00259192,0.00255377,0.00247989,0.00238079,0.0022647,0.00213798,0.00200556,0.00187118
Gram_error_fro,2.0,1,14,2,0.0,0.04188638,0.0223082,0.01252291,0.00753516,0.00491999,0.00361784,0.0030155,0.00271443,0.00250792,0.0023176,0.00212336,0.0019255,0.00172948,0.00154077,0.00136342,0.00119989,0.00105138
Gram_error_fro,4.0,1,14,2,0.0,0.04913783,0.03001816,0.02022891,0.01484882,0.01119424,0.00848219,0.00642841,0.0048672,0.00367912,0.00277419,0.00208437,0.00155827,0.00115706,0.00085136,0.00061886,0.00044258,0.00030953
Gram_error_fro,2.0,1,14,2,0.0,0.0133912,0.0054293,0.00300523,0.00212746,0.0017086,0.00144667,0.00125163,0.00109277,0.00095785,0.00084113,0.0007393,0.00065014,0.00057192,0.00050324,0.00044288,0.00038982,0.00034315
Gram_error_fro,4.0,1,14,2,0.0,0.02401458,0.01481944,0.01153507,0.0091161,0.00720801,0.00571267,0.00453989,0.00361628,0.0028859,0.00230663,0.0018465,0.00148094,0.00119079,0.00096096,0.00077941,0.0006365,0.00052437
Gram_error_fro,4.0,1,14,2,0.0,0.04265275,0.02197143,0.0146516,0.01142488,0.00922138,0.00746671,0.00604156,0.0048869,0.00395446,0.00320271,0.00259685,0.00210832,0.00171402,0.00139536,0.00113751,0.00092857,0.00075903
Gram_error_fro,4.0,1,14,2,0.0,0.04123587,0.02579628,0.01812543,0.01351051,0.01030657,0.00794969,0.00617648,0.0048269,0.00379101,0.00298993,0.00236617,0.00187746,0.00149254,0.00118803,0.00094634,0.00075412,0.00060111
Gram_error_fro,4.0,1,14,2,0.0,0.0,0.00817592,0.00828979,0.007943,0.00746541,0.00687363,0.00622671,0.0055721,0.0049398,0.00434707,0.00380273,0.00331019,0.00286949,0.00247861,0.00213435,0.00183291,0.00157024
Gram_error_fro,4.0,1,14,2,0.0,0.04035577,0.02175388,0.01368339,0.00962933,0.00733596,0.00599516,0.00522512,0.00478345,0.00451046,0.00431179,0.00413839,0.003968,0.00379233,0.0036099,0.0034221,0.0032314,0.00304037
Gram_error_fro,4.0,1,14,2,0.0,0.01264305,0.01190909,0.00904461,0.00682835,0.0052713,0.00418039,0.00341281,0.00286712,0.00247041,0.00217152,0.00193604,0.0017419,0.00157544,0.00142846,0.00129613,0.00117556,0.00106504
Gram_error_fro,2.0,1,14,2,0.0,0.03319043,0.02251375,0.01714137,0.01350499,0.01073926,0.00857131,0.00686137,0.00551109,0.00444321,0.00359625,0.0029218,0.00238218,0.00194828,0.00159768,0.00131308,0.00108108,0.00089126
Gram_error_fro,6.0,1,14,2,0.0,0.05383826,0.03351969,0.02418177,0.01931061,0.01601485,0.01347118,0.01141544,0.00972248,0.00831314,0.00713074,0.00613256,0.00528559,0.0045638,0.00394646,0.00341682,0.00296122,0.00256842
Gram_error_fro,0.0,1,14,1,0.0,0.0,0.0,0.0,0.0,0.0,0.0,0.0,0.0,0.0,0.0,0.0,0.0,0.0,0.0,0.0,0.0,0.0
Gram_error_fro,2.0,1,14,1,0.0,0.00614478,0.001556,0.00097014,0.00093928,0.00099945,0.00106086,0.00110455,0.00112843,0.00113469,0.00112647,0.0011068,0.00107832,0.00104325,0.0010034,0.00096027,0.00091504,0.0008687
Gram_error_fro,0.0,1,14,1,0.0,0.0,0.0,0.0,0.0,0.0,0.0,0.0,0.0,0.0,0.0,0.0,0.0,0.0,0.0,0.0,0.0,0.0
Gram_error_fro,2.0,1,14,1,0.0,0.03442544,0.01815053,0.01339069,0.01097262,0.00926035,0.00788492,0.00673332,0.00575731,0.00492741,0.0042211,0.00361961,0.00310701,0.00266972,0.00229625,0.00197688,0.00170341,0.00146895
Gram_error_fro,2.0,1,14,1,0.0,0.00589787,0.00145089,0.00117748,0.0011583,0.00109882,0.00100918,0.00091144,0.00081669,0.00072916,0.00064998,0.00057903,0.00051571,0.00045928,0.00040902,0.00036428,0.00032444,0.00028896
Gram_error_fro,2.0,1,14,1,0.0,0.0,0.0,0.00025991,0.00037186,0.00038355,0.0003493,0.00029973,0.00024875,0.00020188,0.00016087,0.00012587,9.645e-05,7.194e-05,5.168e-05,3.506e-05,2.151e-05,1.057e-05
Gram_error_fro,2.0,1,14,1,0.0,0.04353589,0.02097237,0.01519283,0.01247246,0.0105776,0.00905717,0.00778449,0.006706,0.00578824,0.00500553,0.00433672,0.00376409,0.00327278,0.00285032,0.00248623,0.00217179,0.00189963
Gram_error_fro,4.0,1,14,1,0.0,0.02065119,0.01387846,0.010887,0.00906113,0.00775436,0.00673706,0.00590094,0.00519124,0.00457822,0.00404383,0.00357569,0.00316442,0.00280242,0.00248335,0.00220179,0.00195308,0.00173319
Gram_error_fro,2.0,1,14,1,0.0,0.01899886,0.01350033,0.01075656,0.00888102,0.00744196,0.00629383,0.00535574,0.00457641,0.00392157,0.0033671,0.00289521,0.00249217,0.00214707,0.00185104,0.00159673,0.001378,0.0011897
Gram_error_fro,2.0,1,14,1,0.0,0.00500918,0.00132139,0.00110327,0.00123328,0.00134964,0.00141572,0.00144039,0.00143481,0.00140749,0.00136474,0.00131129,0.00125074,0.00118585,0.00111871,0.00105091,0.00098364,0.00091778
Gram_error_fro,2.0,1,14,1,0.0,0.00109887,0.00021952,9.104e-05,6.955e-05,6.647e-05,6.487e-05,6.206e-05,5.83e-05,5.42e-05,5.017e-05,4.642e-05,4.303e-05,4e-05,3.727e-05,3.48e-05,3.254e-05,3.045e-05
Gram_error_fro,6.0,1,14,1,0.0,0.03442544,0.01815053,0.01242982,0.00950353,0.00762146,0.00626481,0.00522321,0.00439461,0.00372183,0.00316866,0.00270995,0.00232714,0.00200604,0.00173552,0.00150673,0.00131255,0.0011472
Gram_error_fro,4.0,2,14,1,0.0,0.04353589,0.02097237,0.01533347,0.01301263,0.01164366,0.01067353,0.00992446,0.00932398,0.0088348,0.00843339,0.0081028,0.00782994,0.0076044,0.00741778,0.00726324,0.00713522,0.00702914
Gram_error_fro,2.0,1,14,1,0.0,0.0244639,0.01522408,0.01242005,0.0107267,0.00936076,0.00818753,0.00716693,0.00627594,0.00549698,0.00481551,0.00421915,0.00369724,0.00324047,0.00284068,0.00249073,0.00218436,0.00191609
Gram_error_fro,6.0,1,14,1,0.0,0.09651917,0.05350258,0.04106886,0.03501623,0.03071207,0.0271497,0.02405309,0.02132422,0.01891258,0.01678154,0.01489965,0.01323856,0.01177255,0.01047846,0.00933557,0.00832552,0.00743211
Gram_error_fro,4.0,1,14,1,0.0,0.07230652,0.04407788,0.03439486,0.02884025,0.02463004,0.02113479,0.01815719,0.01560605,0.01342009,0.01154888,0.00994822,0.00857919,0.00740778,0.00640462,0.00554454,0.00480612,0.0041712
Gram_error_fro,0.0,1,14,2,0.0,0.0,0.0,0.0,0.0,0.0,0.0,0.0,0.0,0.0,0.0,0.0,0.0,0.0,0.0,0.0,0.0,0.0
Gram_error_fro,2.0,1,14,2,0.0,0.02214667,0.01358759,0.01064828,0.0091404,0.00796462,0.00692572,0.00600445,0.00519917,0.00450254,0.00390285,0.0033872,0.00294342,0.00256073,0.00222995,0.00194335,0.00169448,0.00147797
Gram_error_fro,2.0,1,14,2,0.0,0.06241545,0.04808552,0.03658743,0.02806293,0.02153063,0.01651283,0.01267493,0.00974677,0.00751229,0.00580372,0.00449342,0.0034853,0.00270725,0.00210519,0.00163839,0.00127601,0.00099464
Gram_error_fro,2.0,1,14,2,0.0,0.00379612,0.00149812,0.00109688,0.00080494,0.00056183,0.00037875,0.00025392,0.00017624,0.00013294,0.00011189,0.00010271,9.837e-05,9.533e-05,9.215e-05,8.842e-05,8.412e-05,7.94e-05
Gram_error_fro,2.0,1,14,2,0.0,0.04256294,0.03852783,0.03299733,0.02776256,0.02312921,0.0191836,0.01589568,0.01318536,0.0109605,0.00913459,0.0076331,0.00639455,0.00536924,0.0045174,0.00380727,0.00321345,0.00271555
Gram_error_fro,2.0,1,14,2,0.0,0.02182486,0.01715128,0.01403058,0.01155762,0.00960729,0.00805701,0.00680861,0.00579041,0.00495073,0.00425179,0.00366542,0.00317015,0.00274941,0.00239018,0.00208213,0.00181695,0.00158794
Gram_error_fro,2.0,2,14,2,0.0,0.03100335,0.02160262,0.01862367,0.01679192,0.01545535,0.0144136,0.01357814,0.01289985,0.012346,0.01189235,0.01152006,0.01121415,0.0109626,0.0107557,0.01058554,0.01044567,0.01033078
Gram_error_fro,4.0,1,14,2,0.0,0.06320289,0.04850606,0.03713976,0.02855552,0.02186139,0.01666112,0.01265093,0.00956918,0.0072018,0.00538132,0.00397976,0.00290029,0.00206975,0.00143301,0.00094892,0.00058843,0.00033772
Gram_error_fro,2.0,1,14,2,0.0,0.0,0.0,9.014e-05,0.00014223,0.0001928,0.0002342,0.00025814,0.00026567,0.00026124,0.00024919,0.00023287,0.00021453,0.00019565,0.00017712,0.00015947,0.00014299,0.00012781
Gram_error_fro,4.0,1,14,2,0.0,0.010476,0.00722974,0.00569718,0.00524705,0.00514247,0.00508264,0.00497936,0.00482033,0.00461568,0.00437969,0.0041252,0.0038623,0.00359848,0.00333906,0.00308774,0.00284694,0.00261822
Gram_error_fro,2.0,1,14,2,0.0,0.05992618,0.03322307,0.02518524,0.02099067,0.01778678,0.0150891,0.01278679,0.01082664,0.00916364,0.0077558,0.00656497,0.00555775,0.00470544,0.00398379,0.0033724,0.00285415,0.00241471
Gram_error_fro,4.0,1,14,2,0.0,0.04954448,0.04134566,0.03552654,0.03021637,0.02545195,0.02133253,0.01785238,0.01494769,0.01253571,0.01053486,0.0088729,0.00748901,0.00633329,0.00536526,0.00455217,0.00386755,0.00328986
Gram_error_fro,2.0,1,14,2,0.0,0.01464605,0.01243359,0.0103344,0.0086331,0.0072503,0.00611761,0.00518438,0.00441204,0.00377012,0.00323409,0.00278424,0.00240476,0.00208302,0.00180891,0.00157436,0.00137284,0.00119909
Gram_error_fro,6.0,1,14,2,0.0,0.09502468,0.06745613,0.04992477,0.03777262,0.02866848,0.02174901,0.01650405,0.01255376,0.00960548,0.00743497,0.00586962,0.00477239,0.00402843,0.00353776,0.00321548,0.00299556,0.00283213
Gram_error_fro,6.0,1,14,2,0.0,0.05151696,0.03036919,0.01999587,0.01404363,0.01014059,0.00743606,0.0055168,0.00413606,0.00313203,0.00239455,0.00184746,0.00143765,0.00112777,0.00089134,0.00070943,0.00056837,0.0004582
Gram_error_fro,4.0,1,14,2,0.0,0.06667997,0.04636236,0.03362616,0.02505883,0.01901406,0.01477374,0.01188099,0.00997123,0.00873599,0.00792664,0.00736306,0.00692935,0.00655847,0.00621517,0.00588284,0.00555504,0.00523046
Gram_error_fro,0.0,1,14,2,0.0,0.0,0.0,0.0,0.0,0.0,0.0,0.0,0.0,0.0,0.0,0.0,0.0,0.0,0.0,0.0,0.0,0.0
Gram_error_fro,0.0,1,14,2,0.0,0.0,0.0,0.0,0.0,0.0,0.0,0.0,0.0,0.0,0.0,0.0,0.0,0.0,0.0,0.0,0.0,0.0
Gram_error_fro,0.0,1,14,2,0.0,0.0,0.0,0.0,0.0,0.0,0.0,0.0,0.0,0.0,0.0,0.0,0.0,0.0,0.0,0.0,0.0,0.0
Gram_error_fro,2.0,1,14,2,0.0,0.02682226,0.01751089,0.01418343,0.01250817,0.01131905,0.01031726,0.00942392,0.00861526,0.00788057,0.00721219,0.00660349,0.00604849,0.00554185,0.00507881,0.00465518,0.00426724,0.00391172
Gram_error_fro,2.0,1,14,2,0.0,0.04032609,0.01371736,0.00931519,0.0078858,0.0070215,0.0063234,0.00570394,0.00514087,0.00462702,0.00415873,0.00373299,0.00334685,0.00299738,0.00268169,0.00239696,0.00214055,0.00190993
Gram_error_fro,2.0,1,14,2,0.0,0.02188281,0.00895456,0.00497095,0.00319587,0.00228022,0.0018016,0.00155379,0.00141689,0.00132499,0.00124684,0.00117004,0.00109109,0.00101022,0.00092896,0.00084898,0.00077177,0.00069845
Gram_error_fro,2.0,1,14,2,0.0,0.03661743,0.02155882,0.01543557,0.01209358,0.00979381,0.00804419,0.00665839,0.00554121,0.00463202,0.00388727,0.00327395,0.00276644,0.0023446,0.00199252,0.00169753,0.00144949,0.00124024
Gram_error_fro,4.0,1,14,2,0.0,0.05544305,0.03024797,0.02008652,0.01493635,0.01165187,0.00930619,0.00754332,0.00618588,0.00512624,0.00429085,0.00362642,0.00309334,0.00266183,0.00230937,0.00201887,0.00177726,0.00157453
Gram_error_fro,4.0,1,14,2,0.0,0.03806434,0.00986728,0.00398609,0.00264354,0.00253374,0.00274771,0.00294399,0.00304664,0.00305783,0.00299696,0.00288426,0.00273687,0.00256823,0.0023885,0.00220515,0.00202354,0.00184743
Gram_error_fro,4.0,1,14,2,0.0,0.0366745,0.01024705,0.0048825,0.00339219,0.00306107,0.00309826,0.00317538,0.00319719,0.00315167,0.0030501,0.00290797,0.00273937,0.00255567,0.00236552,0.00217527,0.00198945,0.00181111
Gram_error_fro,4.0,1,14,2,0.0,0.03952262,0.02417948,0.0189284,0.01589658,0.01365763,0.01183422,0.01029374,0.00897335,0.00783394,0.00684686,0.00598946,0.00524318,0.00459256,0.0040246,0.00352825,0.00309408,0.00271402
Gram_error_fro,4.0,1,14,2,0.0,0.06114803,0.03463809,0.02103071,0.01322176,0.00822536,0.00492234,0.00276844,0.00150832,0.00111214,0.00127856,0.00151403,0.00167171,0.00174526,0.00175269,0.00171277,0.00164085,0.00154865
Gram_error_fro,4.0,1,14,2,0.0,0.03648607,0.02155864,0.01545908,0.01212821,0.00983384,0.00808552,0.00669919,0.00558178,0.00467393,0.00393245,0.00332413,0.00282284,0.00240789,0.00206287,0.00177467,0.00153286,0.00132906
Gram_error_fro,4.0,1,14,2,0.0,0.00163694,0.00508908,0.00594116,0.00591555,0.00563242,0.00526001,0.00485522,0.00444356,0.00403949,0.00365197,0.00328653,0.00294626,0.00263259,0.00234574,0.00208508,0.0018495,0.00163751
Gram_error_fro,4.0,1,14,2,0.0,0.0906756,0.06513176,0.0496779,0.03908553,0.03107184,0.02481779,0.01988776,0.0159837,0.01288179,0.01040926,0.00843182,0.00684493,0.00556716,0.00453496,0.00369865,0.00301921,0.0024659
Gram_error_fro,4.0,1,14,2,0.0,0.02624244,0.01067956,0.00565818,0.0035358,0.00256826,0.00212581,0.0018966,0.00173608,0.00159025,0.00144434,0.00129758,0.00115316,0.00101455,0.00088442,0.00076449,0.00065561,0.00055802
Gram_error_fro,0.0,1,14,4,0.0,0.0,0.0,0.0,0.0,0.0,0.0,0.0,0.0,0.0,0.0,0.0,0.0,0.0,0.0,0.0,0.0,0.0
Gram_error_fro,2.0,1,14,4,0.0,0.08861283,0.06946825,0.05320616,0.04250681,0.03494944,0.02921503,0.02466565,0.02096007,0.01789198,0.0153237,0.01315687,0.01131797,0.00975028,0.00840907,0.00725846,0.00626922,0.00541731
Gram_error_fro,2.0,1,14,4,0.0,0.04970439,0.03904558,0.03069313,0.02467636,0.01998788,0.01622643,0.01318765,0.01072906,0.00873845,0.00712523,0.00581617,0.00475234,0.00388643,0.00318053,0.00260427,0.00213327,0.00174792
Gram_error_fro,2.0,1,14,4,0.0,0.05310762,0.03137886,0.01787774,0.0106675,0.0067889,0.00483437,0.00398572,0.00365561,0.00349451,0.00335459,0.00319176,0.00300151,0.00279144,0.00257122,0.0023493,0.00213214,0.00192425
Gram_error_fro,2.0,1,14,4,0.0,0.02229277,0.02059904,0.01576353,0.01160047,0.00866202,0.00670639,0.00541879,0.0045579,0.00395987,0.00351963,0.00317302,0.00288268,0.00262775,0.00239702,0.00218468,0.00198778,0.00180485
Gram_error_fro,2.0,1,14,4,0.0,0.0915778,0.07781256,0.06460281,0.05537875,0.04829794,0.04241607,0.03736049,0.03296308,0.02912147,0.02575751,0.02280597,0.02021139,0.01792655,0.01591127,0.01413128,0.01255724,0.01116393
Gram_error_fro,2.0,1,14,4,0.0,0.03241726,0.02759954,0.02152106,0.01656498,0.01286419,0.01014297,0.008113,0.00656436,0.00535824,0.00440341,0.00363816,0.00301914,0.00251479,0.00210151,0.00176121,0.00147984,0.00124633
Gram_error_fro,2.0,1,14,4,0.0,0.04970439,0.03904558,0.03069313,0.02467636,0.01998788,0.01622643,0.01318765,0.01072906,0.00873845,0.00712523,0.00581617,0.00475234,0.00388643,0.00318053,0.00260427,0.00213327,0.00174792
Gram_error_fro,4.0,1,14,4,0.0,0.06758454,0.06942032,0.06310399,0.05533542,0.04797067,0.04146948,0.03586683,0.03107755,0.02699025,0.02349725,0.02050366,0.01792932,0.01570768,0.01378397,0.01211312,0.01065795,0.0093876
Gram_error_fro,4.0,1,14,4,0.0,0.04376681,0.03580985,0.02667003,0.01967445,0.01464766,0.01104556,0.00842663,0.00648905,0.00503372,0.00392769,0.00307963,0.0024249,0.0019166,0.00152009,0.00120945,0.00096512,0.00077221
Gram_error_fro,4.0,1,14,4,0.0,0.09876869,0.06203278,0.03700502,0.02285578,0.01477654,0.01001141,0.00709138,0.00522313,0.00397183,0.00309587,0.00245829,0.00197907,0.0016096,0.00131906,0.00108705,0.00089956,0.00074665
Gram_error_fro,4.0,1,14,4,0.0,0.07648458,0.04975788,0.03108183,0.02032055,0.01418184,0.0105417,0.00820366,0.00655988,0.00532068,0.00434641,0.00356342,0.00292729,0.00240764,0.00198187,0.00163236,0.00134506,0.00110866
Gram_error_fro,4.0,1,14,4,0.0,0.07525906,0.05406445,0.03586342,0.02451387,0.01753278,0.01304349,0.00998882,0.00780529,0.0061859,0.00495297,0.00399628,0.00324323,0.00264386,0.0021626,0.00177351,0.00145722,0.00119904
Gram_error_fro,4.0,1,14,4,0.0,0.07153242,0.05297747,0.0389129,0.02984705,0.02373816,0.01937967,0.01612602,0.01361631,0.0116308,0.01002578,0.00870337,0.00759551,0.00665437,0.00584586,0.00514528,0.0045343,0.003999
Gram_error_fro,4.0,1,14,4,0.0,0.07114844,0.0453184,0.02912433,0.01944176,0.01340105,0.00950835,0.00692298,0.00515397,0.00390897,0.00301034,0.00234746,0.00184947,0.00146959,0.00117611,0.00094692,0.00076631,0.00062283
Gram_error_fro,4.0,1,14,4,0.0,0.05639644,0.05993451,0.05681792,0.05097422,0.04438994,0.03806731,0.03241951,0.02755409,0.02343723,0.0199805,0.01708316,0.01465075,0.01260167,0.01086827,0.00939548,0.00813887,0.0070626
Gram_error_fro,0.0,1,14,2,0.0,0.0,0.0,0.0,0.0,0.0,0.0,0.0,0.0,0.0,0.0,0.0,0.0,0.0,0.0,0.0,0.0,0.0
Gram_error_fro,2.0,1,14,2,0.0,0.01822205,0.01173924,0.00846783,0.00652641,0.00516841,0.00414861,0.00335586,0.00272822,0.00222591,0.00182103,0.00149299,0.00122612,0.00100832,0.00083009,0.00068393,0.00056386,0.0004651
Gram_error_fro,2.0,1,14,2,0.0,0.02099683,0.01510041,0.01211475,0.00995762,0.00827368,0.00692318,0.00581948,0.00490562,0.00414269,0.0035025,0.00296353,0.00250878,0.00212446,0.00179929,0.00152394,0.00129064,0.0010929
Gram_error_fro,2.0,1,14,2,0.0,0.04484124,0.02704633,0.01821431,0.01307855,0.00972482,0.00741,0.00575688,0.00454551,0.00363876,0.00294752,0.00241209,0.00199147,0.00165693,0.00138791,0.00116948,0.0009906,0.00084298
Gram_error_fro,0.0,1,14,2,0.0,0.0,0.0,0.0,0.0,0.0,0.0,0.0,0.0,0.0,0.0,0.0,0.0,0.0,0.0,0.0,0.0,0.0
Gram_error_fro,0.0,1,14,2,0.0,0.0,0.0,0.0,0.0,0.0,0.0,0.0,0.0,0.0,0.0,0.0,0.0,0.0,0.0,0.0,0.0,0.0
Gram_error_fro,4.0,1,14,2,0.0,0.00792661,0.00183954,0.00181059,0.00238044,0.00259435,0.00256448,0.00240696,0.00219147,0.0019567,0.00172368,0.00150345,0.0013014,0.00111967,0.00095849,0.00081706,0.00069396,0.00058755
Gram_error_fro,4.0,1,14,2,0.0,0.02662756,0.01644698,0.01266259,0.01056818,0.00909104,0.00793743,0.00698955,0.006188,0.00549835,0.00489836,0.00437237,0.00390868,0.00349819,0.0031336,0.00280897,0.00251932,0.00226049
Gram_error_fro,4.0,1,14,2,0.0,0.05546985,0.04137344,0.03278152,0.02686482,0.02248022,0.01908191,0.01636326,0.01413827,0.01228644,0.01072507,0.00939488,0.00825206,0.00726344,0.00640347,0.00565204,0.00499314,0.00441375
Gram_error_fro,4.0,1,14,2,0.0,0.05162254,0.01958235,0.01303543,0.0102045,0.00814477,0.00653994,0.00528315,0.00429287,0.00350612,0.00287593,0.00236742,0.00195452,0.00161748,0.00134114,0.00111373,0.00092603,0.00077071
Gram_error_fro,4.0,1,14,2,0.0,0.01534813,0.00488541,0.00217034,0.00113097,0.00062238,0.00046833,0.00052804,0.00062364,0.00069639,0.00073987,0.00075838,0.00075758,0.00074249,0.00071719,0.00068488,0.00064806,0.0006086
Gram_error_fro,4.0,1,14,2,0.0,0.04403081,0.01518269,0.00902765,0.00679367,0.0054847,0.0045148,0.00373743,0.00309993,0.00257348,0.00213761,0.00177622,0.00147627,0.0012271,0.00101999,0.00084774,0.00070446,0.00058525
Gram_error_fro,6.0,1,14,2,0.0,0.05616702,0.03504533,0.02690288,0.02164336,0.01776643,0.01475722,0.0123544,0.010403,0.00880062,0.00747432,0.00636965,0.00544473,0.0046668,0.00400986,0.00345309,0.00297964,0.00257584
Gram_error_fro,6.0,1,14,2,0.0,0.07877127,0.05862042,0.04499911,0.03518989,0.0279098,0.02242353,0.01822551,0.01496476,0.01239679,0.01034906,0.00869777,0.00735272,0.00624719,0.00533118,0.00456673,0.00392471,0.00338248
Gram_error_fro,4.0,1,14,2,0.0,0.0310387,0.02354004,0.01875207,0.01516347,0.01234057,0.01008385,0.00826594,0.0067947,0.00559981,0.00462628,0.00383064,0.00317838,0.00264211,0.00219996,0.00183448,0.00153167,0.00128027
Gram_error_fro,6.0,1,14,2,0.0,0.05718952,0.0219769,0.01184748,0.00717937,0.00443246,0.00275129,0.00176296,0.00124088,0.00100612,0.00090634,0.00084735,0.00079137,0.00072921,0.00066171,0.00059211,0.00052351,0.00045821
Gram_error_fro,0.0,1,14,2,0.0,0.0,0.0,0.0,0.0,0.0,0.0,0.0,0.0,0.0,0.0,0.0,0.0,0.0,0.0,0.0,0.0,0.0
Gram_error_fro,2.0,1,14,2,0.0,0.02924187,0.02021064,0.01545366,0.01166332,0.00853855,0.00612618,0.00436368,0.00314923,0.0023811,0.0019549,0.00175426,0.00167027,0.00162918,0.00159382,0.00154987,0.00149402,0.0014275
Gram_error_fro,2.0,1,14,2,0.0,0.04133431,0.02666148,0.02181164,0.0188118,0.01621611,0.01394472,0.01199406,0.01033471,0.00892649,0.0077298,0.00670973,0.00583698,0.00508746,0.00444146,0.00388289,0.00339856,0.00297757
Gram_error_fro,2.0,1,14,2,0.0,0.03445906,0.02820308,0.02135597,0.01634177,0.01274405,0.01011167,0.00816654,0.00672605,0.00565757,0.00486014,0.00425657,0.00378896,0.00341525,0.00310593,0.00284102,0.00260738,0.00239658
Gram_error_fro,2.0,1,14,2,0.0,0.08478835,0.04111871,0.02477433,0.01844016,0.01481209,0.01219133,0.01014182,0.00849262,0.00714656,0.00603747,0.00511689,0.00434818,0.00370308,0.00315946,0.00269979,0.00230999,0.00197865
Gram_error_fro,0.0,1,14,2,0.0,0.0662593,0.05323791,0.0411964,0.03224293,0.02556374,0.02052554,0.01668178,0.01371165,0.01138478,0.00953646,0.00804886,0.00683714,0.00583957,0.00501061,0.00431617,0.00373036,0.00323322
Gram_error_fro,4.0,1,14,2,0.0,0.05575809,0.0552497,0.04831786,0.04031485,0.03312664,0.02716773,0.0223596,0.01850775,0.01541873,0.01292953,0.01091046,0.00926064,0.0079023,0.00677563,0.00583449,0.00504317,0.0043738
Gram_error_fro,2.0,1,14,2,0.0,0.04877602,0.03699894,0.02634253,0.0189632,0.01391391,0.01037864,0.00784753,0.00600383,0.00464212,0.00362426,0.00285519,0.00226839,0.00181671,0.00146637,0.00119282,0.00097808,0.00080877
Gram_error_fro,2.0,1,14,2,0.0,0.04664595,0.04600604,0.04117111,0.03531527,0.03007655,0.02580034,0.02237886,0.01962118,0.01735963,0.01546811,0.01385672,0.01246237,0.01124062,0.01015972,0.00919646,0.00833341,0.00755709
Gram_error_fro,4.0,1,14,2,0.0,0.06033519,0.0399957,0.03356615,0.02905406,0.02495302,0.02134476,0.0182581,0.01564915,0.01345151,0.01159888,0.01003267,0.00870368,0.0075714,0.00660279,0.00577096,0.00505397,0.00443388
Gram_error_fro,2.0,1,14,2,0.0,0.05836062,0.05896932,0.05126768,0.04315949,0.03613845,0.03029411,0.02545895,0.02145162,0.01811909,0.01533805,0.01300957,0.01105406,0.0094071,0.0080164,0.00683926,0.00584071,0.004992
Gram_error_fro,4.0,1,14,2,0.0,0.08959856,0.05200379,0.03832768,0.03173754,0.02691721,0.02292768,0.01954936,0.01667914,0.01424076,0.01216981,0.01041077,0.00891584,0.00764424,0.00656137,0.00563806,0.00484977,0.00417588
Gram_error_fro,4.0,2,14,2,0.0,0.06495174,0.05328226,0.0413309,0.03217877,0.02532833,0.02024447,0.01651186,0.01381295,0.01190369,0.01059276,0.00972686,0.00918275,0.00886375,0.00869707,0.0086303,0.00862706,0.00866282
Gram_error_fro,6.0,1,14,2,0.0,0.01715077,0.01031902,0.00760838,0.00686334,0.00663184,0.00644479,0.00621065,0.00592791,0.00561114,0.00527479,0.00493032,0.00458622,0.00424853,0.00392153,0.00360809,0.00331012,0.00302878
Gram_error_fro,2.0,1,14,2,0.0,0.06858192,0.06432535,0.05761756,0.05189402,0.04660437,0.04164653,0.03706219,0.03288493,0.02912094,0.02575609,0.02276443,0.02011428,0.01777221,0.0157054,0.01388289,0.01227632,0.01086007
Gram_error_fro,4.0,1,14,2,0.0,0.05354238,0.04002009,0.02851232,0.02119259,0.01630418,0.01278559,0.01014781,0.00813243,0.00657569,0.00536316,0.00441168,0.00365972,0.00306123,0.00258145,0.00219394,0.00187846,0.00161942
Gram_error_fro,0.0,1,14,2,0.0,0.0,0.0,0.0,0.0,0.0,0.0,0.0,0.0,0.0,0.0,0.0,0.0,0.0,0.0,0.0,0.0,0.0
Gram_error_fro,2.0,1,14,2,0.0,0.02277307,0.02243377,0.01983825,0.01738795,0.01521462,0.01327843,0.01156583,0.01006506,0.00875831,0.00762434,0.00664158,0.00578989,0.00505128,0.00441006,0.0038527,0.00336762,0.00294493
Gram_error_fro,0.0,1,14,2,0.0,0.0,0.0,0.0,0.0,0.0,0.0,0.0,0.0,0.0,0.0,0.0,0.0,0.0,0.0,0.0,0.0,0.0
Gram_error_fro,2.0,1,14,2,0.0,0.10430746,0.09213899,0.07384556,0.05829197,0.04606232,0.03665371,0.02944529,0.0238991,0.01959474,0.01621779,0.01353749,0.01138554,0.00963889,0.00820699,0.00702252,0.00603486,0.00520547
Gram_error_fro,2.0,1,14,2,0.0,0.09061582,0.08263954,0.07062177,0.06014812,0.05131511,0.04393664,0.03777562,0.03260672,0.02824323,0.02453792,0.02137545,0.01866456,0.01633205,0.01431848,0.01257507,0.01106149,0.00974418
Gram_error_fro,2.0,1,14,2,0.0,0.02937771,0.01402535,0.00838554,0.00610942,0.0048265,0.00399685,0.00349433,0.00324005,0.0031487,0.00314325,0.00316954,0.00319615,0.00320767,0.00319812,0.00316658,0.00311466,0.00304503
Gram_error_fro,0.0,1,14,2,0.0,0.0,0.0,0.0,0.0,0.0,0.0,0.0,0.0,0.0,0.0,0.0,0.0,0.0,0.0,0.0,0.0,0.0
Gram_error_fro,4.0,1,14,2,0.0,0.03765612,0.02277015,0.01339736,0.00870201,0.00718924,0.00713313,0.00732617,0.00737223,0.00722406,0.00692406,0.006525,0.00607052,0.00559257,0.00511318,0.00464683,0.00420264,0.0037859
Gram_error_fro,4.0,1,14,2,0.0,0.02867785,0.02169298,0.02014267,0.01904865,0.0179109,0.01669137,0.01542162,0.01414367,0.01289317,0.01169559,0.010567,0.00951616,0.00854653,0.00765803,0.00684831,0.00611356,0.00544922
Gram_error_fro,4.0,2,14,2,0.0,0.02489286,0.01425148,0.00807605,0.00525076,0.00439229,0.00448756,0.00478749,0.00502682,0.00518001,0.0052849,0.00538199,0.0054985,0.00564714,0.00582957,0.00604075,0.00627267,0.00651679
Gram_error_fro,2.0,1,14,2,0.0,0.01147032,0.00624409,0.00496079,0.00476655,0.00454284,0.00428223,0.0040087,0.00372435,0.00343235,0.00313926,0.00285214,0.0025767,0.00231689,0.00207507,0.00185236,0.00164894,0.00146442
Gram_error_fro,6.0,1,14,2,0.0,0.07810707,0.05388159,0.04376968,0.03774785,0.03283422,0.02854958,0.02479944,0.021533,0.01869953,0.01624742,0.01412741,0.01229459,0.01070915,0.00933648,0.00814671,0.00711424,0.0062172
Gram_error_fro,4.0,1,14,2,0.0,0.01981541,0.01228928,0.0068907,0.00417267,0.00364446,0.00403305,0.00441859,0.00460082,0.00459883,0.00446593,0.00424943,0.00398455,0.00369588,0.00340001,0.00310782,0.00282621,0.00255936
Gram_error_fro,6.0,1,14,2,0.0,0.06121209,0.04739055,0.03818812,0.03218866,0.02758398,0.02377066,0.02053804,0.01777971,0.01542023,0.01339808,0.01166138,0.01016635,0.0088762,0.00776012,0.00679232,0.00595124,0.00521879
Gram_error_fro,6.0,2,14,2,0.0,0.06598812,0.05255317,0.039281,0.03022616,0.0238699,0.01912436,0.01539658,0.01236729,0.0098632,0.00779337,0.0061206,0.00485151,0.00402704,0.00367804,0.00374606,0.00408431,0.0045505
Gram_error_fro,6.0,1,14,2,0.0,0.09271055,0.04468027,0.02001028,0.00922525,0.00514133,0.00440627,0.00455121,0.00462634,0.00451896,0.00427987,0.0039671,0.00362268,0.00327362,0.00293612,0.00261918,0.0023272,0.00206173
Gram_error_fro,0.0,1,14,2,0.0,0.0,0.0,0.0,0.0,0.0,0.0,0.0,0.0,0.0,0.0,0.0,0.0,0.0,0.0,0.0,0.0,0.0
Gram_error_fro,2.0,1,14,2,0.0,0.01191695,0.0040123,0.00110772,0.00075827,0.0010407,0.00109178,0.00101693,0.00091455,0.00084332,0.00082477,0.00084951,0.00089538,0.0009436,0.00098323,0.0010095,0.00102126,0.00101929
Gram_error_fro,2.0,1,14,2,0.0,0.00927461,0.00481602,0.00314747,0.0023664,0.00194236,0.001662,0.00144177,0.00125172,0.00108213,0.00093021,0.00079505,0.00067598,0.00057207,0.00048213,0.00040485,0.00033882,0.00028271
Gram_error_fro,2.0,1,14,2,0.0,0.05740798,0.03891873,0.02759104,0.02049402,0.01557226,0.01197249,0.00927503,0.00722795,0.00566133,0.00445423,0.00351856,0.00278928,0.00221803,0.00176855,0.00141347,0.00113199,0.00090818
Gram_error_fro,2.0,1,14,2,0.0,0.00715664,0.00453201,0.00335045,0.00286488,0.00256129,0.00230001,0.00205402,0.00182151,0.00160502,0.00140671,0.00122759,0.00106761,0.00092594,0.00080133,0.00069229,0.00059725,0.00051467
Gram_error_fro,2.0,1,14,2,0.0,0.06519552,0.03510469,0.02458701,0.02004543,0.0173536,0.01540434,0.01384395,0.01252986,0.01139063,0.01038442,0.0094842,0.00867149,0.00793306,0.00725911,0.00664215,0.00607623,0.00555649
Gram_error_fro,4.0,1,14,2,0.0,0.07169629,0.04502032,0.03367529,0.02704538,0.02226929,0.01859893,0.0157131,0.01341053,0.01154852,0.01002323,0.00875854,0.00769813,0.00679995,0.0060322,0.00537057,0.00479625,0.00429453
Gram_error_fro,4.0,1,14,2,0.0,0.01489691,0.0087718,0.00420187,0.00280799,0.00347012,0.00410142,0.00436384,0.00434741,0.00415904,0.00387604,0.00354873,0.00320839,0.00287382,0.00255583,0.00226018,0.0019895,0.00174445
Gram_error_fro,2.0,1,14,2,0.0,0.04554217,0.04823538,0.04244522,0.03565939,0.02954618,0.0244091,0.02019405,0.01676224,0.0139704,0.01169342,0.00982853,0.00829346,0.00702315,0.00596637,0.00508276,0.00434047,0.00371421
Gram_error_fro,4.0,1,14,2,0.0,0.07496019,0.06753495,0.05499569,0.04414301,0.0355208,0.02876722,0.02346711,0.01927932,0.0159427,0.01326126,0.01108835,0.00931378,0.00785418,0.0066459,0.0056399,0.00479804,0.0040904
Gram_error_fro,2.0,1,14,2,0.0,0.00583285,0.00289248,0.00163361,0.0020957,0.00264234,0.00288386,0.00289225,0.00276097,0.00255691,0.00232226,0.00208201,0.00185013,0.00163383,0.00143632,0.00125846,0.0010998,0.00095922
Gram_error_fro,4.0,1,14,2,0.0,0.02622922,0.03592371,0.0358662,0.03325016,0.03006865,0.02692059,0.02399443,0.0213438,0.01897267,0.01686525,0.01499824,0.01334637,0.01188502,0.01059146,0.00944526,0.0084284,0.00752514
Gram_error_fro,4.0,1,14,2,0.0,0.06772176,0.05929295,0.04741013,0.03719903,0.02918292,0.02301177,0.01826525,0.01459649,0.01174112,0.00950195,0.00773251,0.00632384,0.00519447,0.00428308,0.00354324,0.00293945,0.00244436
Gram_error_fro,4.0,1,14,2,0.0,0.05837356,0.03881061,0.02708539,0.01993523,0.01499445,0.01137643,0.00866641,0.00661494,0.0050519,0.00385524,0.00293556,0.00222665,0.00167906,0.00125559,0.00092808,0.00067506,0.00048004
Gram_error_fro,4.0,1,14,2,0.0,0.01907477,0.01506055,0.01388622,0.01249377,0.01089216,0.00935276,0.00798169,0.00680065,0.00579887,0.00495504,0.00424611,0.00365058,0.0031496,0.00272713,0.00236974,0.00206629,0.0018076
Gram_error_fro,4.0,1,14,2,0.0,0.12204895,0.14556105,0.1447788,0.13769486,0.1289532,0.11992368,0.11108879,0.10264998,0.09469842,0.08727175,0.08037753,0.07400533,0.06813387,0.06273563,0.05777992,0.05323492,0.04906897
Gram_error_fro,0.0,1,14,2,0.0,0.0,0.0,0.0,0.0,0.0,0.0,0.0,0.0,0.0,0.0,0.0,0.0,0.0,0.0,0.0,0.0,0.0
Gram_error_fro,2.0,1,14,2,0.0,0.02471299,0.01360727,0.00891213,0.00623105,0.00443617,0.00316636,0.00224419,0.00156526,0.00106266,0.00069113,0.00041935,0.00022747,0.00011512,0.00011011,0.00015506,0.00019389,0.00021935
Gram_error_fro,2.0,1,14,2,0.0,0.00867271,0.00871283,0.00771284,0.00669965,0.00587062,0.00518406,0.00460117,0.0040974,0.00365689,0.00326874,0.00292492,0.00261926,0.00234681,0.00210351,0.00188594,0.0016912,0.00151677
Gram_error_fro,2.0,1,14,2,0.0,0.04770128,0.01721168,0.0095358,0.00643823,0.0046815,0.00353537,0.00273539,0.00215362,0.00171838,0.00138592,0.00112792,0.00092519,0.00076426,0.0006354,0.00053141,0.0004469,0.00037776
Gram_error_fro,2.0,1,14,2,0.0,0.00867271,0.00871283,0.00771284,0.00669965,0.00587062,0.00518406,0.00460117,0.0040974,0.00365689,0.00326874,0.00292492,0.00261926,0.00234681,0.00210351,0.00188594,0.0016912,0.00151677
Gram_error_fro,2.0,1,14,2,0.0,0.00387763,0.00109871,0.00096243,0.00098384,0.00096043,0.0009088,0.00084271,0.00077102,0.00069922,0.00063035,0.00056601,0.00050684,0.00045298,0.0004043,0.00036048,0.00032117,0.00028599
Gram_error_fro,2.0,1,14,2,0.0,0.04627428,0.02866763,0.02040833,0.01535803,0.01175872,0.00907569,0.0070499,0.00551132,0.00433688,0.00343576,0.00274077,0.00220206,0.00178246,0.00145406,0.00119575,0.00099147,0.0008289
Gram_error_fro,4.0,1,14,2,0.0,0.05904763,0.0228146,0.01596702,0.01371473,0.01204904,0.01067446,0.00952375,0.0085446,0.00769747,0.00695426,0.00629522,0.00570618,0.00517666,0.0046987,0.00426602,0.00387357,0.00351714
Gram_error_fro,4.0,1,14,2,0.0,0.06544887,0.03815708,0.02856804,0.02265672,0.01818968,0.01469235,0.01193887,0.00976402,0.00803754,0.00665783,0.00554697,0.0046457,0.00390903,0.00330272,0.00280052,0.00238217,0.00203189
Gram_error_fro,0.0,1,14,2,0.0,0.0,0.0,0.0,0.0,0.0,0.0,0.0,0.0,0.0,0.0,0.0,0.0,0.0,0.0,0.0,0.0,0.0
Gram_error_fro,4.0,1,14,2,0.0,0.06938867,0.02840434,0.01787268,0.01356425,0.01055313,0.00822919,0.00642536,0.00502568,0.00393731,0.00308796,0.00242254,0.00189936,0.00148687,0.00116104,0.00090343,0.00069978,0.00053902
Gram_error_fro,4.0,1,14,2,0.0,0.03824973,0.01974715,0.01276102,0.00972943,0.00816088,0.0071646,0.00640347,0.00575337,0.00516961,0.00463622,0.00414734,0.00370037,0.00329347,0.00292479,0.00259223,0.00229344,0.00202598
Gram_error_fro,4.0,1,14,2,0.0,0.0599944,0.04163483,0.03239941,0.02644934,0.02205929,0.01863407,0.01588171,0.01362837,0.01175862,0.01019077,0.00886463,0.00773474,0.00676607,0.00593123,0.00520852,0.00458051,0.00403307
Gram_error_fro,4.0,1,14,2,0.0,0.01964465,0.01250216,0.00895401,0.00689683,0.0057035,0.00495392,0.00441454,0.00397674,0.00359454,0.00324922,0.00293316,0.00264303,0.00237709,0.00213408,0.00191283,0.00171208,0.00153054
Gram_error_fro,4.0,2,14,2,0.0,0.00588529,0.00787683,0.00855882,0.00878654,0.00884464,0.00884509,0.0088388,0.00884494,0.0088677,0.00890517,0.00895359,0.00900916,0.00906862,0.00912944,0.00918975,0.00924822,0.00930394
Gram_error_fro,4.0,1,14,2,0.0,0.04981533,0.0190875,0.00917069,0.0054038,0.00357529,0.00254372,0.00190783,0.00148979,0.0011989,0.00098561,0.00082203,0.00069224,0.00058688,0.00050019,0.00042837,0.00036869,0.00031904
Gram_error_fro,0.0,1,14,3,0.0,0.0,0.0,0.0,0.0,0.0,0.0,0.0,0.0,0.0,0.0,0.0,0.0,0.0,0.0,0.0,0.0,0.0
Gram_error_fro,0.0,1,14,3,0.0,0.0,0.0,0.0,0.0,0.0,0.0,0.0,0.0,0.0,0.0,0.0,0.0,0.0,0.0,0.0,0.0,0.0
Gram_error_fro,2.0,1,14,3,0.0,0.04641491,0.04006674,0.03057018,0.0229209,0.01724645,0.01308617,0.01001971,0.00773673,0.00601854,0.00471201,0.00370923,0.00293328,0.0023286,0.00185455,0.001481,0.00118539,0.00095061
Gram_error_fro,2.0,1,14,3,0.0,0.01581889,0.00969916,0.00620409,0.00468293,0.00395574,0.00345993,0.0030438,0.00267802,0.00235645,0.00207495,0.00182887,0.00161354,0.00142468,0.00125858,0.00111212,0.00098269,0.0008681
Gram_error_fro,2.0,1,14,3,0.0,0.07410912,0.04354897,0.02824684,0.02040386,0.01566772,0.01246726,0.01015666,0.00841629,0.00706439,0.00598851,0.00511546,0.00439575,0.00379487,0.00328801,0.00285691,0.00248776,0.00216993
Gram_error_fro,2.0,1,14,3,0.0,0.01005275,0.00602567,0.00573902,0.00655495,0.00718208,0.00745666,0.00745358,0.00726228,0.00695172,0.00657044,0.00615165,0.00571786,0.00528416,0.00486058,0.00445361,0.0040673,0.00370399
Gram_error_fro,4.0,1,14,3,0.0,0.0531124,0.03022303,0.02127936,0.01666874,0.01353711,0.0111367,0.00921643,0.00765408,0.00637193,0.00531394,0.00443744,0.00370909,0.00310245,0.00259629,0.00217341,0.00181976,0.00152382
Gram_error_fro,4.0,1,14,3,0.0,0.03819688,0.02675047,0.02081631,0.01671409,0.01356381,0.01109187,0.00912576,0.00754266,0.006255,0.00519956,0.00432955,0.00360949,0.00301183,0.0025148,0.00210092,0.00175604,0.00146853
Gram_error_fro,4.0,1,14,3,0.0,0.06460167,0.03620237,0.02048625,0.01247043,0.00806273,0.00546044,0.0038442,0.00280567,0.00212221,0.00166324,0.00134809,0.00112532,0.00096187,0.0008366,0.00073625,0.00065262,0.00058072
Gram_error_fro,2.0,1,14,3,0.0,0.06462567,0.0525936,0.04012388,0.03052816,0.02349444,0.01839228,0.01466852,0.01190787,0.00981852,0.00820162,0.00692312,0.00589235,0.00504729,0.00434478,0.00375409,0.0032529,0.00282457
Gram_error_fro,4.0,1,14,3,0.0,0.0696711,0.05277323,0.04142828,0.03271842,0.02583824,0.02047297,0.01632122,0.0131047,0.01059635,0.00862315,0.00705703,0.00580378,0.00479367,0.00397455,0.00330684,0.00276016,0.00231086
Gram_error_fro,4.0,1,14,3,0.0,0.02260829,0.01642736,0.0150162,0.01469092,0.01421525,0.01349998,0.01264435,0.01173097,0.01081165,0.0099171,0.00906483,0.00826416,0.00751921,0.00683088,0.00619805,0.00561842,0.00508903
Gram_error_fro,4.0,1,14,3,0.0,0.07515475,0.04742562,0.03437559,0.02646726,0.0207665,0.01643775,0.01309318,0.01048492,0.00843624,0.00681687,0.00552946,0.0045006,0.0036745,0.00300838,0.00246925,0.00203141,0.00167476
Gram_error_fro,4.0,1,14,3,0.0,0.05332599,0.04290237,0.03195211,0.02344108,0.01719403,0.01274793,0.00962544,0.00742917,0.00586354,0.00472242,0.00386754,0.00320833,0.00268615,0.002263,0.00191397,0.00162235,0.00137653
Gram_error_fro,4.0,1,14,3,0.0,0.03493141,0.02170972,0.01649925,0.0136281,0.01177308,0.01048981,0.00953612,0.00876953,0.00810904,0.00751107,0.0069537,0.00642694,0.00592691,0.0054526,0.00500413,0.00458189,0.00418611
Gram_error_fro,4.0,1,14,3,0.0,0.05474053,0.04403542,0.03313366,0.02485809,0.01880169,0.01438156,0.0111292,0.00870391,0.00686777,0.00545725,0.00435982,0.00349706,0.00281326,0.00226793,0.00183102,0.00147978,0.00119672
Gram_error_fro,0.0,1,14,2,0.0,0.0,0.0,0.0,0.0,0.0,0.0,0.0,0.0,0.0,0.0,0.0,0.0,0.0,0.0,0.0,0.0,0.0
Gram_error_fro,2.0,1,14,2,0.0,0.00760437,0.00461581,0.00285863,0.00172071,0.001018,0.00069465,0.00067809,0.00077959,0.0008813,0.00095382,0.0009957,0.00101179,0.00100768,0.00098835,0.00095788,0.00091953,0.00087587
Gram_error_fro,2.0,1,14,2,0.0,0.10805733,0.05904297,0.03392348,0.02280245,0.0171496,0.01358769,0.01100157,0.00899985,0.00740857,0.00612767,0.00508904,0.00424232,0.00354883,0.0029784,0.00250726,0.00211658,0.00179138
Gram_error_fro,2.0,1,14,2,0.0,0.01007034,0.00582604,0.00373807,0.00233565,0.00146606,0.00114917,0.00123383,0.00142806,0.0015969,0.00171193,0.00177531,0.00179593,0.0017831,0.00174497,0.00168826,0.00161836,0.00153955
Gram_error_fro,0.0,1,14,2,0.0,0.0,0.0,0.0,0.0,0.0,0.0,0.0,0.0,0.0,0.0,0.0,0.0,0.0,0.0,0.0,0.0,0.0
Gram_error_fro,2.0,1,14,2,0.0,0.01244515,0.00987699,0.00907377,0.00834594,0.00757525,0.00680367,0.006067,0.00538465,0.00476444,0.00420738,0.00371078,0.00327017,0.00288039,0.00253616,0.00223244,0.0019646,0.00172844
Gram_error_fro,2.0,1,14,2,0.0,0.09822381,0.0656487,0.05052446,0.04216559,0.03594181,0.03075268,0.02631975,0.02252572,0.01928442,0.01651928,0.01416143,0.01215019,0.01043313,0.00896551,0.0077095,0.0066332,0.00570978
Gram_error_fro,4.0,1,14,2,0.0,0.03841865,0.04012341,0.04094309,0.04099184,0.04036656,0.03922843,0.03773324,0.03600799,0.034149,0.03222718,0.03029389,0.02838577,0.02652843,0.0247392,0.02302921,0.02140506,0.01986998
Gram_error_fro,2.0,1,14,2,0.0,0.03841865,0.04012341,0.03947263,0.03783198,0.03567845,0.03327709,0.03079205,0.02832815,0.02595059,0.02369763,0.02158943,0.01963419,0.01783238,0.01617964,0.01466872,0.01329083,0.01203647
Gram_error_fro,2.0,1,14,2,0.0,0.00951565,0.00706215,0.00644846,0.00601976,0.00552709,0.00500255,0.00448502,0.00399664,0.0035475,0.00314081,0.00277612,0.0024511,0.00216256,0.00190702,0.00168104,0.00148136,0.001305
Gram_error_fro,2.0,1,14,2,0.0,0.03448595,0.02999856,0.02429765,0.01936374,0.01538444,0.01225099,0.0097889,0.00784288,0.00629351,0.0050522,0.00405304,0.00324625,0.00259364,0.00206549,0.00163848,0.00129412,0.00101774
Gram_error_fro,6.0,1,14,2,0.0,0.11769168,0.10864513,0.10048284,0.09327465,0.08662247,0.0803858,0.07450513,0.06895983,0.06374494,0.05885879,0.05429764,0.05005416,0.04611747,0.04247388,0.0391078,0.03600254,0.03314094
Gram_error_fro,4.0,1,14,2,0.0,0.1165258,0.08496126,0.06439352,0.05023576,0.03969529,0.03162403,0.0253753,0.02050682,0.01669347,0.01369057,0.01131246,0.0094178,0.00789867,0.00667249,0.00567587,0.00485998,0.00418711
Gram_error_fro,4.0,1,14,2,0.0,0.09601851,0.06019191,0.04250839,0.0326077,0.02591869,0.02095868,0.01712178,0.01408696,0.0116528,0.00968087,0.00807121,0.00674933,0.00565862,0.00475523,0.0040048,0.00338004,0.00285904
Gram_error_fro,6.0,1,14,2,0.0,0.05666953,0.06144652,0.06072755,0.05866856,0.05603183,0.05305446,0.04988152,0.04663065,0.04339433,0.04023995,0.03721309,0.03434199,0.03164198,0.02911912,0.02677307,0.02459922,0.0225903
Gram_error_fro,4.0,1,14,2,0.0,0.10128831,0.05794126,0.0399799,0.03098111,0.0248892,0.02026267,0.0166396,0.01377923,0.01151386,0.00971434,0.00827866,0.00712613,0.00619326,0.00543049,0.00479948,0.00427079,0.00382201
Gram_error_fro,0.0,1,14,3,0.0,0.0,0.0,0.0,0.0,0.0,0.0,0.0,0.0,0.0,0.0,0.0,0.0,0.0,0.0,0.0,0.0,0.0
Gram_error_fro,2.0,1,14,3,0.0,0.07114392,0.04152471,0.0266218,0.01919447,0.01481271,0.01183199,0.00962013,0.00789825,0.00652207,0.00540545,0.00449112,0.00373803,0.00311532,0.00259903,0.00217018,0.00181346,0.00151645
Gram_error_fro,2.0,1,14,3,0.0,0.04323667,0.02989749,0.02118539,0.01617807,0.01324673,0.01139596,0.01009816,0.00909081,0.00824635,0.00750276,0.00682959,0.00621166,0.00564119,0.00511395,0.00462725,0.0041791,0.00376765
Gram_error_fro,2.0,1,14,3,0.0,0.01393389,0.00970123,0.0064653,0.00488617,0.00415223,0.0037184,0.00338146,0.00308089,0.00280021,0.00253565,0.00228695,0.00205468,0.00183935,0.00164119,0.00146009,0.0012956,0.00114703
Gram_error_fro,2.0,1,14,3,0.0,0.00711468,0.00472283,0.00256874,0.00142202,0.0010212,0.00094537,0.00093646,0.00092281,0.0008939,0.00085166,0.00079999,0.00074261,0.00068263,0.00062242,0.00056368,0.00050757,0.00045482
Gram_error_fro,2.0,1,14,3,0.0,0.05486006,0.04288451,0.03340775,0.02639306,0.02101559,0.01683874,0.01357375,0.01100582,0.00897211,0.00734977,0.00604637,0.00499229,0.00413478,0.00343354,0.00285752,0.00238253,0.00198957
Gram_error_fro,4.0,1,14,3,0.0,0.06783379,0.03696421,0.02300698,0.01661551,0.01292548,0.01038887,0.00849209,0.00701589,0.00584012,0.00488856,0.00410915,0.00346481,0.00292832,0.0024792,0.00210165,0.00178328,0.0015142
Gram_error_fro,4.0,1,14,3,0.0,0.06162249,0.04348362,0.03230008,0.02494746,0.01965187,0.01564852,0.01255143,0.01012361,0.00820244,0.00667071,0.00544182,0.00445076,0.00364806,0.00299558,0.00246364,0.00202889,0.00167283
Gram_error_fro,4.0,1,14,3,0.0,0.06669363,0.05020962,0.04133846,0.03537621,0.03069939,0.02676997,0.02338206,0.02043483,0.01786369,0.01561878,0.01365815,0.01194538,0.01044872,0.00914044,0.00799645,0.0069958,0.00612031
Gram_error_fro,4.0,1,14,3,0.0,0.04551004,0.03476755,0.0240284,0.01715688,0.01352488,0.01173787,0.0107511,0.01003808,0.00939464,0.00875897,0.00812174,0.00748991,0.00687346,0.00628103,0.00571892,0.00519108,0.00469961
Gram_error_fro,4.0,1,14,3,0.0,0.06312257,0.05645027,0.05266842,0.04875995,0.04470993,0.04076033,0.03703848,0.0335917,0.03042863,0.02754078,0.0249125,0.02252543,0.02036064,0.01839954,0.01662442,0.01501863,0.01356673
Gram_error_fro,4.0,1,14,3,0.0,0.05516858,0.0391548,0.03091852,0.02493027,0.02009461,0.01621122,0.01312189,0.01066794,0.00871188,0.00714404,0.0058799,0.00485495,0.00401982,0.00333642,0.00277512,0.00231267,0.00193062
Gram_error_fro,2.0,1,14,3,0.0,0.0712721,0.0501277,0.03630258,0.02730264,0.02090673,0.01619862,0.01268501,0.01003488,0.00801294,0.00645165,0.00523201,0.00426912,0.00350176,0.00288522,0.00238635,0.00198019,0.00164778
Gram_error_fro,6.0,1,14,3,0.0,0.10161899,0.06800334,0.04736609,0.03601724,0.02884202,0.02369481,0.01973285,0.01657335,0.0140043,0.0118888,0.01013025,0.00865722,0.00741552,0.00636333,0.00546788,0.00470319,0.00404838
Gram_error_fro,6.0,1,14,3,0.0,0.10153756,0.09392838,0.08465332,0.0747326,0.06512374,0.05641012,0.04876835,0.04217159,0.03651511,0.0316748,0.02753128,0.02397832,0.0209247,0.01829343,0.01602004,0.01405073,0.01234058
Gram_error_fro,2.0,1,14,3,0.0,0.06074805,0.04982832,0.04083461,0.0334036,0.02728197,0.02227384,0.01820514,0.01491257,0.01224979,0.01009266,0.0083399,0.00691059,0.00574077,0.00477998,0.00398837,0.00333431,0.00279255
Gram_error_fro,0.0,1,14,2,0.0,0.0,0.0,0.0,0.0,0.0,0.0,0.0,0.0,0.0,0.0,0.0,0.0,0.0,0.0,0.0,0.0,0.0
Gram_error_fro,2.0,1,14,2,0.0,0.01344775,0.0081287,0.00547143,0.0038355,0.00264413,0.00174211,0.0010677,0.0005906,0.00033626,0.00035999,0.00048857,0.00060134,0.00068084,0.0007299,0.00075422,0.00075924,0.00074958
Gram_error_fro,2.0,1,14,2,0.0,0.03120904,0.03000977,0.02569826,0.02158044,0.01809069,0.01521636,0.01286101,0.01092459,0.00932258,0.0079879,0.00686835,0.00592336,0.00512124,0.00443705,0.00385097,0.00334709,0.00291255
Gram_error_fro,2.0,1,14,2,0.0,0.01750772,0.00965374,0.00570582,0.00340129,0.00196074,0.00123108,0.00113548,0.00130983,0.00148451,0.00159766,0.00165063,0.00165637,0.00162768,0.00157498,0.00150627,0.0014275,0.00134309
Gram_error_fro,2.0,1,14,2,0.0,0.04495031,0.03299027,0.02579883,0.02083564,0.01715676,0.01433104,0.01211178,0.01033729,0.00889555,0.00770689,0.00671382,0.00587429,0.00515722,0.00453937,0.0040031,0.00353487,0.00312413
Gram_error_fro,2.0,1,14,2,0.0,0.04053374,0.03176613,0.02472432,0.01935898,0.01526744,0.01214225,0.0097437,0.00788902,0.00644282,0.00530585,0.00440516,0.00368662,0.00310956,0.00264314,0.00226368,0.00195289,0.00169652
Gram_error_fro,4.0,1,14,2,0.0,0.02953584,0.02558464,0.01941643,0.01450728,0.01123667,0.00936859,0.00850738,0.00823351,0.00822595,0.0082977,0.00835935,0.00837536,0.00833622,0.00824393,0.00810507,0.00792752,0.00771907
Gram_error_fro,4.0,1,14,2,0.0,0.04423924,0.04170076,0.03794649,0.03355539,0.02924621,0.02530749,0.0218303,0.01881284,0.01621608,0.01398983,0.01208382,0.01045199,0.00905378,0.00785423,0.00682355,0.00593649,0.00517173
Gram_error_fro,2.0,1,14,2,0.0,0.01344775,0.0081287,0.00547143,0.0038355,0.00264413,0.00174211,0.0010677,0.0005906,0.00033626,0.00035999,0.00048857,0.00060134,0.00068084,0.0007299,0.00075422,0.00075924,0.00074958
Gram_error_fro,2.0,1,14,2,0.0,0.07136909,0.04406416,0.03208196,0.02468566,0.01933007,0.01525873,0.01211406,0.00966768,0.00775415,0.00624906,0.00505825,0.00411041,0.00335153,0.00274059,0.0022463,0.00184464,0.00151701
Gram_error_fro,4.0,1,14,2,0.0,0.07226369,0.0438182,0.03183773,0.02451446,0.01930256,0.01541676,0.0124694,0.01021223,0.00846805,0.0071062,0.00602999,0.00516816,0.00446842,0.00389247,0.00341222,0.00300694,0.00266126
Gram_error_fro,4.0,1,14,2,0.0,0.05339829,0.03728044,0.02802474,0.02196558,0.01759498,0.01430391,0.01176427,0.0097686,0.00817658,0.00688993,0.00583822,0.00496998,0.00424702,0.00364055,0.00312859,0.00269411,0.00232375
Gram_error_fro,4.0,1,14,2,0.0,0.0892298,0.08487728,0.07849642,0.07144317,0.06435446,0.0576111,0.0513883,0.04574616,0.04068546,0.03617711,0.03217785,0.02863897,0.02551135,0.02274814,0.02030615,0.01814639,0.01623422
Gram_error_fro,4.0,1,14,2,0.0,0.04681555,0.03807586,0.03122983,0.02600861,0.02185736,0.0185044,0.01576843,0.01351415,0.01163894,0.01006494,0.00873288,0.00759742,0.00662353,0.00578386,0.0050568,0.00442506,0.00387464
Gram_error_fro,4.0,1,14,2,0.0,0.09769849,0.06260836,0.04740624,0.03785158,0.030827,0.02540845,0.02114018,0.01772912,0.0149692,0.01271113,0.01084515,0.00928956,0.00798283,0.00687801,0.0059388,0.00513674,0.00444923
Gram_error_fro,4.0,2,14,2,0.0,0.04592142,0.03639405,0.0282819,0.02194698,0.01699127,0.01313746,0.01017327,0.00794813,0.00636896,0.00537912,0.00491333,0.00485698,0.00506355,0.00540658,0.00580327,0.00620731,0.00659518
Gram_error_fro,0.0,1,14,1,0.0,0.0,0.0,0.0,0.0,0.0,0.0,0.0,0.0,0.0,0.0,0.0,0.0,0.0,0.0,0.0,0.0,0.0
Gram_error_fro,2.0,1,14,1,0.0,0.01369627,0.00525074,0.00330649,0.00258613,0.00215645,0.0018358,0.00157898,0.00136979,0.00119882,0.00105874,0.0009434,0.00084765,0.00076732,0.00069907,0.00064029,0.00058895,0.00054351
Gram_error_fro,2.0,1,14,1,0.0,0.04101086,0.02740631,0.02139518,0.01781931,0.01512819,0.01290934,0.01102411,0.00941032,0.00802866,0.00684766,0.00583981,0.00498074,0.00424896,0.00362575,0.00309495,0.0026427,0.00225718
Gram_error_fro,2.0,1,14,1,0.0,0.02439337,0.0295391,0.02761775,0.02468523,0.021803,0.01917832,0.01684222,0.01478314,0.01297797,0.01140047,0.01002436,0.00882478,0.00777896,0.00686658,0.00606971,0.00537274,0.00476216
Gram_error_fro,0.0,1,14,1,0.0,0.0,0.0,0.0,0.0,0.0,0.0,0.0,0.0,0.0,0.0,0.0,0.0,0.0,0.0,0.0,0.0,0.0
Gram_error_fro,2.0,1,14,1,0.0,0.01748498,0.0066216,0.00357971,0.00251364,0.00204577,0.00180285,0.00165334,0.0015454,0.00145733,0.0013794,0.00130701,0.00123793,0.00117109,0.00110605,0.0010427,0.00098108,0.00092133
Gram_error_fro,4.0,1,14,1,0.0,0.01583957,0.02541215,0.02404881,0.0208141,0.01754988,0.01466695,0.01222497,0.01018941,0.00850399,0.00711201,0.0059627,0.00501265,0.00422569,0.00357207,0.00302754,0.00257246,0.00219088
Gram_error_fro,4.0,1,14,1,0.0,0.05116948,0.04188675,0.03507185,0.02946679,0.02474648,0.02080941,0.01754797,0.01485196,0.01262178,0.01077257,0.00923403,0.00794874,0.00687018,0.0059608,0.00519037,0.00453453,0.00397363
Gram_error_fro,4.0,1,14,1,0.0,0.1585035,0.13556642,0.11378763,0.09599106,0.08115525,0.06881935,0.05857865,0.05006113,0.04295063,0.03698902,0.03196846,0.02772191,0.02411487,0.02103859,0.01840476,0.01614139,0.01418946
Gram_error_fro,4.0,1,14,1,0.0,0.04590176,0.02907485,0.02316548,0.01992146,0.01742329,0.01526252,0.01334817,0.01165431,0.01016412,0.00885973,0.00772207,0.00673208,0.00587168,0.00512434,0.00447522,0.00391122,0.00342089
Gram_error_fro,2.0,1,14,1,0.0,0.0235644,0.00839944,0.00448165,0.00277152,0.00164468,0.00077422,7.38e-05,0.00048963,0.00093615,0.00128228,0.00154294,0.0017317,0.00186076,0.00194083,0.00198116,0.00198966,0.001973
Gram_error_fro,6.0,1,14,1,0.0,0.03868916,0.02675577,0.02149057,0.01815449,0.01548175,0.01319736,0.01122466,0.009526,0.00807058,0.00682903,0.00577346,0.00487813,0.0041199,0.0034784,0.00293594,0.00247732,0.00208959
Gram_error_fro,4.0,1,14,1,0.0,0.06107767,0.04623775,0.03578661,0.02852976,0.02308054,0.0188702,0.01556789,0.01294699,0.01084542,0.00914483,0.00775726,0.00661643,0.00567174,0.00488426,0.00422369,0.00366635,0.00319351
Gram_error_fro,4.0,1,14,1,0.0,0.00468953,0.00213646,0.00141055,0.00115449,0.0009372,0.00069693,0.00044991,0.00021701,1.069e-05,0.00016399,0.0003066,0.00041921,0.00050506,0.00056774,0.00061086,0.00063771,0.00065127
Gram_error_fro,6.0,1,14,1,0.0,0.03447147,0.0333142,0.02984242,0.02604029,0.022445,0.01923442,0.01644415,0.01405244,0.01201718,0.01029146,0.00883017,0.00759264,0.0065434,0.00565217,0.00489346,0.00424591,0.00369177
Gram_error_fro,2.0,1,14,1,0.0,0.04893996,0.02984273,0.02298423,0.01926388,0.0165522,0.01432813,0.01243022,0.01079239,0.00937594,0.00815109,0.00709227,0.00617697,0.0053854,0.0047003,0.00410675,0.0035919,0.00314474
Gram_error_fro,0.0,1,14,3,0.0,0.0,0.0,0.0,0.0,0.0,0.0,0.0,0.0,0.0,0.0,0.0,0.0,0.0,0.0,0.0,0.0,0.0
Gram_error_fro,2.0,1,14,3,0.0,0.05601208,0.05660504,0.0510074,0.04487953,0.03922204,0.03420327,0.02981484,0.02600239,0.0226994,0.0198394,0.01736123,0.01521085,0.0133416,0.01171366,0.01029322,0.00905164,0.00796464
Gram_error_fro,2.0,1,14,3,0.0,0.03483942,0.03487039,0.0307201,0.02686224,0.02354073,0.02060622,0.01798914,0.01566484,0.01361566,0.01182036,0.0102545,0.00889272,0.00771054,0.00668532,0.00579672,0.00502669,0.00435944
Gram_error_fro,2.0,1,14,3,0.0,0.03940052,0.04012923,0.03495949,0.02958308,0.02505972,0.02136123,0.01830691,0.01575038,0.01358928,0.01175038,0.0101785,0.00883026,0.00767066,0.00667098,0.00580744,0.00506015,0.00441245
Gram_error_fro,2.0,1,14,3,0.0,0.00384671,0.0022854,0.00216803,0.00222564,0.00229627,0.00234701,0.00237338,0.00237721,0.00236103,0.00232723,0.00227819,0.00221634,0.00214406,0.00206367,0.00197726,0.0018867,0.00179363
Gram_error_fro,2.0,1,14,3,0.0,0.05875694,0.03637287,0.02208165,0.01446245,0.0105715,0.00842135,0.00701256,0.00594626,0.00507898,0.00435504,0.00374622,0.00323321,0.00280046,0.00243481,0.00212508,0.00186189,0.00163736
Gram_error_fro,2.0,1,14,3,0.0,0.0,0.0,0.00075543,0.00152333,0.00216192,0.00263486,0.00295762,0.00315907,0.00326639,0.00330156,0.00328173,0.00322032,0.00312792,0.00301298,0.00288228,0.00274123,0.00259414
Gram_error_fro,2.0,1,14,3,0.0,0.04974121,0.0466224,0.03954899,0.03334457,0.02829748,0.02415957,0.02073647,0.01789237,0.01552102,0.01353476,0.01186132,0.01044208,0.00923013,0.00818818,0.00728664,0.00650197,0.00581534
Gram_error_fro,4.0,1,14,3,0.0,0.09706694,0.07886923,0.06555579,0.05567259,0.04734794,0.04014733,0.03397485,0.02875282,0.02437694,0.02072955,0.01769518,0.01516951,0.01306267,0.0112994,0.00981773,0.00856708,0.00750638
Gram_error_fro,4.0,1,14,3,0.0,0.0758068,0.06013216,0.04971532,0.04302953,0.0377151,0.03312017,0.02909618,0.02557773,0.02250462,0.01981829,0.01746592,0.01540204,0.01358817,0.01199176,0.01058513,0.00934463,0.00824987
Gram_error_fro,2.0,1,14,3,0.0,0.04820611,0.04311002,0.03419376,0.02723446,0.02203113,0.01798601,0.01475063,0.01212995,0.0099959,0.00825299,0.0068261,0.00565531,0.00469268,0.00389982,0.00324592,0.00270614,0.00226037
Gram_error_fro,4.0,1,14,3,0.0,0.06221165,0.05568029,0.04558805,0.03818118,0.03288095,0.02877302,0.02536505,0.02243206,0.01986594,0.01760515,0.01560729,0.01383908,0.01227262,0.01088389,0.00965199,0.00855869,0.00758802
Gram_error_fro,4.0,1,14,3,0.0,0.1069423,0.0832223,0.06529462,0.05279517,0.0434168,0.03611338,0.03031479,0.02564819,0.02184884,0.01872274,0.01612563,0.0139491,0.01211079,0.01054745,0.00920993,0.00805959,0.00706575
Gram_error_fro,4.0,1,14,3,0.0,0.05820159,0.0351749,0.02307157,0.01688493,0.01351227,0.01136743,0.00977279,0.00847188,0.00736781,0.00641768,0.0055964,0.00488537,0.00426916,0.00373456,0.00327019,0.00286627,0.00251445
Gram_error_fro,4.0,1,14,3,0.0,0.06002064,0.05391608,0.04730269,0.04182944,0.03703806,0.03273752,0.02887711,0.02543488,0.02238493,0.01969449,0.0173275,0.01524792,0.01342179,0.01181817,0.01040947,0.00917133,0.00808245
Gram_error_fro,4.0,1,14,3,0.0,0.09544407,0.08248322,0.06793612,0.0563789,0.04705487,0.03942986,0.0332136,0.02817793,0.02411261,0.02082825,0.01816293,0.01598385,0.01418511,0.01268384,0.01141595,0.01033219,0.00939489
Gram_error_fro,0.0,1,14,2,0.0,0.0,0.0,0.0,0.0,0.0,0.0,0.0,0.0,0.0,0.0,0.0,0.0,0.0,0.0,0.0,0.0,0.0
Gram_error_fro,2.0,1,14,2,0.0,0.02371344,0.02108311,0.01882259,0.01678713,0.01497449,0.01335152,0.0118982,0.01060012,0.00944338,0.00841386,0.00749784,0.00668255,0.00595645,0.00530933,0.0047322,0.00421722,0.00375749
Gram_error_fro,2.0,1,14,2,0.0,0.02079174,0.00954184,0.00641125,0.00515265,0.0044472,0.0039526,0.00355735,0.00321851,0.00291761,0.00264594,0.00239891,0.00217374,0.00196844,0.00178138,0.00161112,0.0014563,0.00131568
Gram_error_fro,0.0,1,14,2,0.0,0.0,0.0,0.0,0.0,0.0,0.0,0.0,0.0,0.0,0.0,0.0,0.0,0.0,0.0,0.0,0.0,0.0
Gram_error_fro,2.0,1,14,2,0.0,0.01061448,0.00506375,0.00255765,0.00126478,0.0005161,0.00019589,0.00037472,0.00055255,0.0006665,0.00073137,0.00076121,0.00076647,0.00075468,0.00073129,0.00070025,0.0006644,0.00062583
Gram_error_fro,2.0,1,14,2,0.0,0.03625523,0.01360767,0.00903702,0.00653332,0.00475008,0.00353695,0.00279386,0.00240866,0.00225228,0.002209,0.0022037,0.00219893,0.00217997,0.00214322,0.00208985,0.00202277,0.00194524
Gram_error_fro,2.0,1,14,2,0.0,0.06876769,0.05674801,0.04685068,0.03904207,0.03266626,0.02741586,0.02308716,0.01951564,0.01656356,0.01411645,0.0120805,0.01037948,0.00895189,0.00774821,0.00672862,0.00586104,0.00511958
Gram_error_fro,4.0,1,14,2,0.0,0.06474168,0.03531532,0.02602244,0.02160152,0.01876831,0.01663512,0.01490187,0.01344127,0.01218531,0.01109063,0.01012654,0.00927015,0.0085039,0.00781406,0.00718975,0.00662228,0.00610457
Gram_error_fro,4.0,1,14,2,0.0,0.03787422,0.02730126,0.02302483,0.01945734,0.01649988,0.01406808,0.0120605,0.01039239,0.00899668,0.00782079,0.0068235,0.00597247,0.00524216,0.00461228,0.0040666,0.00359199,0.00317778
Gram_error_fro,4.0,1,14,2,0.0,0.04697615,0.02018704,0.01314835,0.01058333,0.00929828,0.00846778,0.00781278,0.00722993,0.00668265,0.00616014,0.00566093,0.00518635,0.00473804,0.0043172,0.00392437,0.00355954,0.00322218
Gram_error_fro,4.0,1,14,2,0.0,0.03059523,0.01473062,0.00860647,0.00580501,0.0043847,0.0037153,0.00341091,0.00323953,0.00309588,0.00294436,0.00277847,0.00260155,0.00241919,0.00223654,0.00205766,0.00188542,0.00172173
Gram_error_fro,4.0,1,14,2,0.0,0.07195452,0.0573776,0.0470228,0.03916763,0.03293469,0.02792522,0.02386653,0.02054805,0.01780734,0.01552071,0.0135945,0.01195766,0.01055582,0.00934702,0.00829842,0.00738408,0.0065832
Gram_error_fro,4.0,1,14,2,0.0,0.05252789,0.03792268,0.03108886,0.02644366,0.02272007,0.01960431,0.01696644,0.01472226,0.01280606,0.01116407,0.00975203,0.00853352,0.0074786,0.0065626,0.00576513,0.00506923,0.00446076
Gram_error_fro,6.0,1,14,2,0.0,0.04204536,0.02559562,0.02111944,0.01802041,0.01540471,0.0131759,0.01128806,0.00969447,0.00834958,0.0072125,0.0062482,0.00542747,0.00472629,0.00412498,0.00360746,0.00316055,0.00277341
Gram_error_fro,2.0,1,14,2,0.0,0.02104862,0.0203555,0.01766395,0.01512276,0.01295755,0.0111452,0.00962911,0.00835508,0.00727798,0.00636167,0.00557746,0.00490255,0.00431875,0.00381148,0.00336893,0.00298149,0.00264129
Gram_error_fro,4.0,1,14,2,0.0,0.05383786,0.0381194,0.03071474,0.02572136,0.02179448,0.01857762,0.0159082,0.01367783,0.01180379,0.01022077,0.0088767,0.00772999,0.00674723,0.0059015,0.00517098,0.00453784,0.00398748
Gram_error_fro,0.0,1,14,4,0.0,0.0,0.0,0.0,0.0,0.0,0.0,0.0,0.0,0.0,0.0,0.0,0.0,0.0,0.0,0.0,0.0,0.0
Gram_error_fro,2.0,1,14,4,0.0,0.04444793,0.04254728,0.03455801,0.02692511,0.02085981,0.01627533,0.01284349,0.01025881,0.00828772,0.00676267,0.00556587,0.00461449,0.00384968,0.00322894,0.002721,0.00230245,0.00195546
Gram_error_fro,2.0,1,14,4,0.0,0.05033205,0.03677945,0.02842628,0.02301808,0.01909324,0.01607572,0.01368247,0.0117414,0.01013833,0.00879505,0.00765672,0.00668378,0.0058468,0.00512322,0.00449527,0.00394866,0.00347169
Gram_error_fro,2.0,1,14,4,0.0,0.02843078,0.01773369,0.01346289,0.01116336,0.00950064,0.00817211,0.00706624,0.00612708,0.00532152,0.00462697,0.00402637,0.00350596,0.0030544,0.00266214,0.00232109,0.00202436,0.00176606
Gram_error_fro,0.0,1,14,4,0.0,0.0,0.0,0.0,0.0,0.0,0.0,0.0,0.0,0.0,0.0,0.0,0.0,0.0,0.0,0.0,0.0,0.0
Gram_error_fro,2.0,1,14,4,0.0,0.06711154,0.0564826,0.04727778,0.03988133,0.03361794,0.02827596,0.02376378,0.01999364,0.0168669,0.01428261,0.01214632,0.0103752,0.00889972,0.00766318,0.00662029,0.00573517,0.00497961
Gram_error_fro,2.0,1,14,4,0.0,0.00474887,0.00570129,0.00500666,0.00400927,0.00320483,0.00258322,0.00210006,0.00172037,0.00141843,0.00117546,0.00097785,0.00081565,0.00068158,0.00057015,0.00047719,0.00039943,0.00033429
Gram_error_fro,4.0,1,14,4,0.0,0.06830962,0.05468743,0.04111665,0.03060327,0.02287993,0.01727591,0.01320124,0.01021462,0.00800297,0.00634793,0.00509715,0.00414325,0.00340944,0.00283986,0.00239338,0.00203943,0.0017552
Gram_error_fro,2.0,1,14,4,0.0,0.09161635,0.07284092,0.05309582,0.03818276,0.02764329,0.02028989,0.01513684,0.01148488,0.00885891,0.00693994,0.00551389,0.00443631,0.00360885,0.00296381,0.00245393,0.00204581,0.00171545
Gram_error_fro,4.0,1,14,4,0.0,0.05509558,0.04035875,0.02877583,0.02052891,0.01476873,0.01073852,0.00789347,0.00586113,0.00439087,0.00331426,0.00251724,0.00192161,0.00147298,0.00113288,0.00087371,0.00067536,0.00052305
Gram_error_fro,4.0,1,14,4,0.0,0.0583,0.05103674,0.04095188,0.03212199,0.02506848,0.01960539,0.0154081,0.012179,0.00968244,0.0077405,0.00622069,0.0050243,0.00407735,0.00332395,0.00272162,0.00223779,0.00184739
Gram_error_fro,4.0,1,14,4,0.0,0.04011951,0.02651729,0.02042138,0.01691493,0.01428582,0.01213394,0.01033112,0.00880898,0.00751852,0.00642114,0.00548569,0.00468682,0.00400369,0.00341907,0.00291856,0.00249004,0.00212325
Gram_error_fro,4.0,1,14,4,0.0,0.06768977,0.04983418,0.03651161,0.02728635,0.02119869,0.01714251,0.01434203,0.01231384,0.01076832,0.00953432,0.00851059,0.00763633,0.00687406,0.00619984,0.00559776,0.0050567,0.00456856
Gram_error_fro,4.0,1,14,4,0.0,0.01195941,0.01006464,0.00921886,0.00808292,0.00704789,0.00614175,0.00534632,0.00464791,0.00403669,0.00350381,0.00304065,0.00263882,0.00229045,0.00198842,0.00172644,0.00149905,0.00130155
Gram_error_fro,6.0,1,14,4,0.0,0.09725568,0.07048203,0.04911647,0.03502479,0.02565001,0.01925621,0.01479127,0.01160689,0.009292,0.00757869,0.00628807,0.0052982,0.00452475,0.00390872,0.00340863,0.00299517,0.00264755
Gram_error_fro,4.0,1,14,4,0.0,0.08835561,0.06396348,0.04968462,0.04156402,0.03595604,0.03144457,0.02756808,0.02417671,0.0212067,0.0186132,0.01635403,0.01438804,0.01267648,0.01118431,0.00988079,0.00873945,0.00773781
Gram_error_fro,0.0,1,14,3,0.0,0.0,0.0,0.0,0.0,0.0,0.0,0.0,0.0,0.0,0.0,0.0,0.0,0.0,0.0,0.0,0.0,0.0
Gram_error_fro,0.0,1,14,3,0.0,0.0,0.0,0.0,0.0,0.0,0.0,0.0,0.0,0.0,0.0,0.0,0.0,0.0,0.0,0.0,0.0,0.0
Gram_error_fro,2.0,1,14,3,0.0,0.05839023,0.05178295,0.04616302,0.04006332,0.03422885,0.02902973,0.02454856,0.02074566,0.01754016,0.01484445,0.01257753,0.01066922,0.00906045,0.00770212,0.0065536,0.00558126,0.00475715
Gram_error_fro,2.0,1,14,3,0.0,0.02091947,0.01422833,0.01093951,0.00901387,0.0075547,0.00636164,0.00537189,0.00454861,0.00386303,0.00329136,0.00281377,0.00241383,0.00207798,0.00179503,0.00155583,0.00135285,0.00117995
Gram_error_fro,0.0,1,14,3,0.0,0.0,0.0,0.0,0.0,0.0,0.0,0.0,0.0,0.0,0.0,0.0,0.0,0.0,0.0,0.0,0.0,0.0
Gram_error_fro,2.0,1,14,3,0.0,0.0037641,0.00131612,0.00081587,0.0007351,0.00069628,0.00064565,0.00058764,0.00052949,0.00047492,0.00042516,0.00038032,0.00034005,0.00030391,0.00027143,0.00024224,0.00021599,0.00019238
Gram_error_fro,2.0,1,14,3,0.0,0.0332671,0.01511405,0.00936054,0.00727745,0.00620432,0.00542259,0.00475577,0.00416316,0.00363491,0.00316658,0.00275376,0.00239146,0.00207446,0.00179765,0.00155625,0.00134595,0.00116291
Gram_error_fro,2.0,1,14,3,0.0,0.05743517,0.0357844,0.02723467,0.02221625,0.01846376,0.01545064,0.01298689,0.01096212,0.009293,0.00791171,0.00676282,0.00580164,0.0049926,0.00430762,0.00372455,0.00322588,0.00279769
Gram_error_fro,4.0,1,14,3,0.0,0.07511605,0.06060513,0.04656068,0.03559225,0.02723256,0.02088453,0.0160726,0.01243179,0.00968334,0.00761478,0.00606392,0.00490615,0.00404481,0.00340425,0.00292518,0.00256176,0.00227945
Gram_error_fro,4.0,1,14,3,0.0,0.06760477,0.03997769,0.03065638,0.02575832,0.02199492,0.01877912,0.01600038,0.01361592,0.01158471,0.0098625,0.00840555,0.00717352,0.00613092,0.00524738,0.00449732,0.00385939,0.00331583
Gram_error_fro,4.0,1,14,3,0.0,0.00934327,0.00841764,0.00754634,0.00677199,0.00610235,0.00549699,0.00494234,0.00443508,0.00397366,0.00355616,0.00318,0.00284216,0.0025394,0.00226847,0.00202624,0.00180977,0.00161635
Gram_error_fro,4.0,1,14,3,0.0,0.09597726,0.08289147,0.0699529,0.06045548,0.05323811,0.04754862,0.04292952,0.03907868,0.03579189,0.0329307,0.03040051,0.02813572,0.02608968,0.02422832,0.02252594,0.0209626,0.01952237
Gram_error_fro,4.0,1,14,3,0.0,0.0229907,0.01835543,0.01626642,0.01488277,0.01358782,0.01235865,0.01122311,0.01018889,0.00925107,0.00840066,0.00762842,0.00692606,0.00628649,0.0057036,0.00517215,0.00468755,0.00424574
Gram_error_fro,4.0,1,14,3,0.0,0.06974876,0.06146779,0.05318501,0.04466003,0.03692434,0.03035616,0.02493776,0.02051847,0.01692602,0.0140042,0.01162227,0.00967432,0.00807578,0.00675942,0.0056718,0.00477036,0.00402105
Gram_error_fro,6.0,1,14,3,0.0,0.10084001,0.08238906,0.0682064,0.05628692,0.04629349,0.03804535,0.03130143,0.02580775,0.02133332,0.0176826,0.01469586,0.01224476,0.01022686,0.00856051,0.00718048,0.00603452,0.00508058
Gram_error_fro,4.0,1,14,3,0.0,0.09105321,0.07595202,0.0597085,0.046501,0.03613743,0.02811564,0.02194232,0.01719755,0.013546,0.01072818,0.0085463,0.00685052,0.00552747,0.00449119,0.00367631,0.00303286,0.00252247
Gram_error_fro,0.0,1,14,4,0.0,0.0,0.0,0.0,0.0,0.0,0.0,0.0,0.0,0.0,0.0,0.0,0.0,0.0,0.0,0.0,0.0,0.0
Gram_error_fro,2.0,1,14,4,0.0,0.03166431,0.02750855,0.02378998,0.02087429,0.01845171,0.0163395,0.01445783,0.0127725,0.0112652,0.00992178,0.00872864,0.00767204,0.00673843,0.00591486,0.00518923,0.00455045,0.00398854
Gram_error_fro,2.0,1,14,4,0.0,0.06884173,0.05742814,0.04692204,0.03908572,0.03292082,0.02788377,0.02370284,0.0202139,0.01729657,0.01485292,0.01280072,0.011071,0.00960655,0.00836047,0.00729473,0.00637866,0.00558757
Gram_error_fro,2.0,2,14,4,0.0,0.05341877,0.04226465,0.0328643,0.02660748,0.022582,0.02001572,0.01838791,0.01736226,0.01672355,0.01633407,0.01610534,0.01598022,0.0159215,0.01590483,0.01591416,0.01593891,0.0159721
Gram_error_fro,2.0,1,14,4,0.0,0.02294548,0.01523636,0.00943701,0.00592251,0.00390069,0.00276925,0.00213575,0.00175869,0.00150516,0.00131113,0.00114869,0.00100638,0.00087954,0.00076612,0.00066501,0.00057535,0.0004963
Gram_error_fro,2.0,1,14,4,0.0,0.04353178,0.03048005,0.02215661,0.01678769,0.01304928,0.01031341,0.00824917,0.00665924,0.00541549,0.00443028,0.00364178,0.0030053,0.00248791,0.00206495,0.00171758,0.00143126,0.00119456
Gram_error_fro,4.0,1,14,4,0.0,0.07318054,0.06245735,0.05298193,0.04475985,0.03755195,0.03139075,0.02622752,0.02194375,0.01840151,0.01547142,0.01304252,0.01102333,0.00933958,0.00793133,0.00675014,0.00575675,0.00491921
Gram_error_fro,2.0,1,14,4,0.0,0.06432576,0.04430515,0.0292011,0.02044736,0.0153107,0.01202778,0.0097269,0.00799848,0.00664159,0.00554802,0.00465287,0.00391327,0.00329868,0.00278614,0.00235774,0.00199915,0.00169868
Gram_error_fro,2.0,1,14,4,0.0,0.09383624,0.0582312,0.03383335,0.02066901,0.01382163,0.0102223,0.00819371,0.00689373,0.00594006,0.0051705,0.00451683,0.00394856,0.00345009,0.00301173,0.00262627,0.00228772,0.00199081
Gram_error_fro,4.0,1,14,4,0.0,0.07303114,0.06249122,0.05358662,0.04627641,0.04014553,0.03508193,0.0309473,0.02757336,0.02479897,0.02248877,0.0205364,0.01886108,0.01740237,0.01611533,0.01496654,0.01393099,0.01298986
Gram_error_fro,2.0,1,14,4,0.0,0.03461763,0.01808001,0.00972859,0.00568542,0.00383529,0.00300057,0.00255163,0.00223054,0.00195665,0.00170987,0.0014866,0.00128651,0.00110921,0.00095362,0.00081818,0.00070101,0.00060014
Gram_error_fro,4.0,1,14,4,0.0,0.07354091,0.06458284,0.05184634,0.04085326,0.03204101,0.02512957,0.01974291,0.01554511,0.01226576,0.00969535,0.00767379,0.006079,0.00481769,0.00381816,0.00302495,0.00239491,0.00189427
Gram_error_fro,4.0,1,14,4,0.0,0.09887597,0.06698012,0.04710274,0.03495794,0.02683835,0.021031,0.01669485,0.01336869,0.0107724,0.00872178,0.00708843,0.00577922,0.00472465,0.00387182,0.00317985,0.00261682,0.00215759
Gram_error_fro,4.0,1,14,4,0.0,0.04278756,0.02533633,0.01708499,0.01269007,0.00994072,0.00799964,0.00653022,0.00537544,0.00444833,0.00369393,0.00307452,0.00256276,0.00213817,0.00178491,0.00149049,0.00124486,0.00103986
Gram_error_fro,4.0,1,14,4,0.0,0.0714208,0.05908479,0.04909724,0.04121228,0.03472363,0.02935513,0.02493132,0.02129701,0.01830958,0.01584356,0.01379366,0.01207475,0.01061967,0.00937634,0.00830463,0.00737373,0.00655981
Gram_error_fro,2.0,1,14,4,0.0,0.01355383,0.00615558,0.0025198,0.00247767,0.00299589,0.00316066,0.00308702,0.00289907,0.00266642,0.00242405,0.00218867,0.00196788,0.0017647,0.00157985,0.0014129,0.00126283,0.00112837
Gram_error_fro,0.0,1,14,6,0.0,0.0,0.0,0.0,0.0,0.0,0.0,0.0,0.0,0.0,0.0,0.0,0.0,0.0,0.0,0.0,0.0,0.0
Gram_error_fro,2.0,1,14,6,0.0,0.05874596,0.04204316,0.02904749,0.02034796,0.01433155,0.01013803,0.00722632,0.00520799,0.00380301,0.00281546,0.00211214,0.00160408,0.00123221,0.00095707,0.0007519,0.00059811,0.00048247
Gram_error_fro,0.0,1,14,6,0.0,0.0,0.0,0.0,0.0,0.0,0.0,0.0,0.0,0.0,0.0,0.0,0.0,0.0,0.0,0.0,0.0,0.0
Gram_error_fro,2.0,1,14,6,0.0,0.03143465,0.02695022,0.02276676,0.01926891,0.01621737,0.01353481,0.01121366,0.00924377,0.00759843,0.0062397,0.00512582,0.00421639,0.00347521,0.00287121,0.00237855,0.00197608,0.0016467
Gram_error_fro,0.0,1,14,6,0.0,0.0,0.0,0.0,0.0,0.0,0.0,0.0,0.0,0.0,0.0,0.0,0.0,0.0,0.0,0.0,0.0,0.0
Gram_error_fro,0.0,1,14,6,0.0,0.0,0.0,0.0,0.0,0.0,0.0,0.0,0.0,0.0,0.0,0.0,0.0,0.0,0.0,0.0,0.0,0.0
Gram_error_fro,4.0,1,14,6,0.0,0.05543826,0.05006654,0.04311436,0.03645458,0.03042217,0.0251967,0.02079967,0.01716289,0.01418409,0.01175637,0.00978124,0.00817337,0.00686134,0.00578673,0.00490246,0.00417096,0.00356247
Gram_error_fro,2.0,1,14,6,0.0,0.07491405,0.06323935,0.05057139,0.0404618,0.03242648,0.02601132,0.02089308,0.01681975,0.01358502,0.0110188,0.00898212,0.00736282,0.00607135,0.00503689,0.0042039,0.00352904,0.00297864
Gram_error_fro,2.0,1,14,6,0.0,0.0472109,0.03665677,0.02620058,0.01887237,0.01402017,0.01074804,0.00844237,0.00674382,0.00544943,0.00444122,0.00364576,0.0030136,0.00250899,0.00210479,0.00177979,0.00151723,0.00130378
Gram_error_fro,2.0,1,14,6,0.0,0.07937827,0.06426779,0.05147194,0.04148322,0.03349288,0.02703965,0.02182649,0.01762965,0.01426531,0.01157816,0.00943703,0.00773243,0.00637422,0.00528923,0.00441881,0.00371652,0.00314592
Gram_error_fro,4.0,1,14,6,0.0,0.06242993,0.04888148,0.03696887,0.02868838,0.02275706,0.01833082,0.01494247,0.01230761,0.01023569,0.00859151,0.00727581,0.00621415,0.00534992,0.00463973,0.00405029,0.00355603,0.00313737
Gram_error_fro,6.0,2,14,6,0.0,0.06375421,0.04822075,0.03496774,0.02806366,0.02501457,0.02374072,0.02319471,0.02294448,0.0228231,0.0227644,0.0227395,0.02273392,0.0227395,0.02275125,0.02276606,0.022782,0.0227979
Gram_error_fro,4.0,1,14,6,0.0,0.09878328,0.08323252,0.06422988,0.04973142,0.03906231,0.03107402,0.02495284,0.02017584,0.01640184,0.01339693,0.01099212,0.00906019,0.00750286,0.00624303,0.0052199,0.00438535,0.00370135
Gram_error_fro,6.0,1,14,6,0.0,0.10773054,0.09182307,0.07138814,0.05559677,0.04407959,0.03562566,0.02929372,0.0244441,0.02064964,0.01762236,0.01516487,0.01313942,0.01144808,0.01001991,0.00880256,0.00775673,0.00685232
Gram_error_fro,4.0,1,14,6,0.0,0.11038267,0.09245548,0.07233762,0.05663471,0.04467296,0.03552549,0.02848669,0.02303662,0.01878888,0.01545437,0.0128161,0.01071099,0.00901637,0.0076398,0.00651153,0.00557871,0.00480115
Gram_error_fro,4.0,1,14,6,0.0,0.09378965,0.06860674,0.04788283,0.03415062,0.02538068,0.01979152,0.01611678,0.01355291,0.01163488,0.01010974,0.00884308,0.00776228,0.00682589,0.0060081,0.0052912,0.00466182,0.00410919
Gram_error_fro,0.0,1,14,3,0.0,0.0,0.0,0.0,0.0,0.0,0.0,0.0,0.0,0.0,0.0,0.0,0.0,0.0,0.0,0.0,0.0,0.0
Gram_error_fro,2.0,1,14,3,0.0,0.05830062,0.05145934,0.04778037,0.0439991,0.04009791,0.03628551,0.03268684,0.02936417,0.02634125,0.02361809,0.02118061,0.01900715,0.0170728,0.01535211,0.01382069,0.01245612,0.01123825
Gram_error_fro,2.0,1,14,3,0.0,0.02996439,0.01142029,0.00663793,0.00556961,0.00515597,0.00478671,0.0043992,0.0040091,0.00363258,0.00327851,0.00295055,0.00264947,0.00237458,0.00212452,0.00189769,0.0016924,0.001507
Gram_error_fro,2.0,1,14,3,0.0,0.0155977,0.01194031,0.009898,0.00835665,0.00711566,0.0060983,0.00526136,0.0045695,0.00399253,0.00350601,0.00309107,0.00273353,0.00242277,0.00215079,0.00191147,0.00170002,0.00151263
Gram_error_fro,2.0,1,14,3,0.0,0.02610699,0.01156278,0.00862884,0.00774574,0.00716378,0.00660282,0.00602848,0.00545398,0.00489769,0.00437323,0.00388835,0.00344625,0.00304704,0.00268898,0.00236936,0.00208502,0.00183269
Gram_error_fro,2.0,1,14,3,0.0,0.05730943,0.05362265,0.04348437,0.03419186,0.02669963,0.02085205,0.01632779,0.01282951,0.01011742,0.00800668,0.00635722,0.00506337,0.0040454,0.00324286,0.00260967,0.00211041,0.00171762
Gram_error_fro,4.0,1,14,3,0.0,0.07349946,0.06446774,0.05330757,0.04348479,0.03524981,0.02849274,0.02300797,0.01857614,0.01499884,0.01210911,0.00977123,0.00787658,0.00633872,0.00508894,0.00407247,0.00324554,0.00257302
Gram_error_fro,4.0,1,14,3,0.0,0.06947518,0.05503474,0.04852883,0.04417109,0.04038718,0.03684535,0.0334963,0.03035446,0.02743999,0.02476397,0.02232683,0.02012058,0.01813165,0.01634339,0.01473793,0.01329739,0.01200474
Gram_error_fro,4.0,1,14,3,0.0,0.06180191,0.05395654,0.04223773,0.03235158,0.0247295,0.01897394,0.01464297,0.0113753,0.00889647,0.00700337,0.00554716,0.00441894,0.00353889,0.00284819,0.00230319,0.00187121,0.00152762
Gram_error_fro,4.0,1,14,3,0.0,0.07349946,0.06446774,0.05330757,0.04348479,0.03524981,0.02849274,0.02300797,0.01857614,0.01499884,0.01210911,0.00977123,0.00787658,0.00633872,0.00508894,0.00407247,0.00324554,0.00257302
Gram_error_fro,2.0,1,14,3,0.0,0.0604482,0.05636949,0.05340516,0.04932823,0.04474567,0.04017037,0.03585455,0.0319061,0.02835868,0.02520713,0.02242637,0.01998207,0.01783689,0.0159541,0.01429948,0.01284226,0.01155542
Gram_error_fro,4.0,1,14,3,0.0,0.04035413,0.02222996,0.01530018,0.01231776,0.01036317,0.00877398,0.007434,0.0063128,0.00538257,0.00461226,0.00397208,0.0034363,0.00298409,0.00259917,0.00226896,0.00198382,0.00173628
Gram_error_fro,2.0,1,14,3,0.0,0.02686102,0.01679978,0.01236924,0.00987709,0.00799827,0.00647562,0.00524007,0.00424491,0.00344701,0.00280801,0.00229558,0.00188351,0.00155096,0.00128153,0.00106236,0.0008834,0.00073673
Gram_error_fro,2.0,1,14,3,0.0,0.00423249,0.00175188,0.00212095,0.00268734,0.00303364,0.00318142,0.00319762,0.00313365,0.00302241,0.00288402,0.0027308,0.00257054,0.00240831,0.00224753,0.00209054,0.00193894,0.00179379
Gram_error_fro,2.0,1,14,3,0.0,0.01303804,0.01073842,0.00865507,0.00688541,0.00547536,0.00438694,0.00355325,0.00291115,0.00241086,0.00201579,0.00169963,0.00144354,0.00123391,0.00106077,0.00091665,0.00079589,0.00069409
Gram_error_fro,4.0,1,14,3,0.0,0.0608248,0.03485581,0.02595126,0.02155168,0.01827989,0.01552954,0.01318528,0.01119891,0.00952536,0.00811893,0.00693669,0.00594087,0.00509948,0.00438605,0.00377896,0.00326061,0.00281668
Gram_error_fro,0.0,1,14,2,0.0,0.0,0.0,0.0,0.0,0.0,0.0,0.0,0.0,0.0,0.0,0.0,0.0,0.0,0.0,0.0,0.0,0.0
Gram_error_fro,2.0,1,14,2,0.0,0.04356237,0.0441681,0.03982401,0.03491862,0.03038538,0.02642752,0.0230349,0.02013819,0.0176606,0.01553336,0.01369887,0.01210985,0.01072774,0.00952099,0.00846368,0.00753441,0.00671537
Gram_error_fro,0.0,1,14,2,0.0,0.0,0.0,0.0,0.0,0.0,0.0,0.0,0.0,0.0,0.0,0.0,0.0,0.0,0.0,0.0,0.0,0.0
Gram_error_fro,2.0,1,14,2,0.0,0.01197949,0.00540526,0.00225805,0.00066354,0.00050545,0.00101772,0.00134558,0.00153426,0.00163229,0.00167192,0.00167386,0.0016514,0.001613,0.00156405,0.00150808,0.00144741,0.00138364
Gram_error_fro,0.0,1,14,2,0.0,0.0,0.0,0.0,0.0,0.0,0.0,0.0,0.0,0.0,0.0,0.0,0.0,0.0,0.0,0.0,0.0,0.0
Gram_error_fro,2.0,1,14,2,0.0,0.00745015,0.00407072,0.0035862,0.00384743,0.00419853,0.00444052,0.00453677,0.00450654,0.00438197,0.00419295,0.00396331,0.00371082,0.00344831,0.00318482,0.0029266,0.00267787,0.00244132
Gram_error_fro,2.0,1,14,2,0.0,0.07498081,0.05818523,0.04824575,0.04109767,0.03531921,0.03051374,0.02648392,0.02308249,0.0201922,0.01772047,0.01559454,0.01375685,0.0121614,0.01077098,0.00955517,0.00848886,0.00755118
Gram_error_fro,4.0,1,14,2,0.0,0.08108933,0.04889133,0.03707135,0.03095173,0.0266386,0.02315193,0.02018774,0.01762321,0.0153911,0.0134442,0.01174466,0.01026047,0.00896404,0.00783144,0.00684187,0.00597722,0.00522169
Gram_error_fro,4.0,1,14,2,0.0,0.04430561,0.02431482,0.01608904,0.01326439,0.01271821,0.01285672,0.01304988,0.0131147,0.01302443,0.01279872,0.01246723,0.01205819,0.0115953,0.0110975,0.01057953,0.01005272,0.00952564
Gram_error_fro,4.0,1,14,2,0.0,0.08645939,0.0408926,0.02316647,0.01616082,0.01249908,0.01008461,0.00831185,0.00694852,0.005873,0.00500885,0.00430384,0.00372094,0.00323328,0.00282112,0.00246968,0.0021678,0.00190686
Gram_error_fro,4.0,1,14,2,0.0,0.03200906,0.02223719,0.0172375,0.01423344,0.01209473,0.01042513,0.0090557,0.00790239,0.00691632,0.00606501,0.00532498,0.00467846,0.00411156,0.00361325,0.00317451,0.00278785,0.00244697
Gram_error_fro,2.0,1,14,2,0.0,0.07321705,0.049756,0.03641127,0.0275939,0.02117343,0.01637304,0.01275248,0.01000473,0.00790569,0.00629093,0.0050397,0.00406315,0.00329558,0.00268814,0.00220428,0.00181646,0.00150378
Gram_error_fro,4.0,1,14,2,0.0,0.04883002,0.03223989,0.02348568,0.01811185,0.01440482,0.0117005,0.0096571,0.00807152,0.00681389,0.00579739,0.00496236,0.00426687,0.00368096,0.00318279,0.00275613,0.00238867,0.0020709
Gram_error_fro,4.0,1,14,2,0.0,0.02012184,0.01622555,0.01288412,0.01077557,0.00938242,0.00835421,0.00750796,0.0067619,0.00608351,0.00546077,0.00488913,0.00436622,0.00389002,0.0034583,0.00306849,0.00271782,0.00240339
Gram_error_fro,4.0,1,14,2,0.0,0.04356237,0.0441681,0.03963747,0.03430513,0.02922048,0.02470791,0.02083009,0.01754813,0.01478985,0.01247825,0.01054218,0.00891968,0.00755825,0.00641406,0.00545073,0.00463818,0.00395155
Gram_error_fro,6.0,1,14,2,0.0,0.0859888,0.03663918,0.01841739,0.01172634,0.00892469,0.00750139,0.00660349,0.00592456,0.00534988,0.00483607,0.00436694,0.00393644,0.00354192,0.00318166,0.00285397,0.00255698,0.00228866
Gram_error_fro,0.0,1,14,3,0.0,0.0,0.0,0.0,0.0,0.0,0.0,0.0,0.0,0.0,0.0,0.0,0.0,0.0,0.0,0.0,0.0,0.0
Gram_error_fro,2.0,1,14,3,0.0,0.05153085,0.0435,0.0378594,0.03394396,0.03067083,0.02780802,0.02528786,0.02305353,0.02105393,0.01924908,0.01760978,0.01611484,0.01474837,0.01349782,0.01235274,0.01130407,0.01034372
Gram_error_fro,2.0,1,14,3,0.0,0.05193796,0.03165224,0.02324445,0.01840109,0.01490215,0.01220091,0.01007629,0.00839085,0.00704382,0.00595857,0.00507664,0.00435353,0.00375541,0.00325649,0.00283703,0.00248178,0.00217892
Gram_error_fro,2.0,1,14,3,0.0,0.03405798,0.03696122,0.03482137,0.03163243,0.0283592,0.02525842,0.02240828,0.01982963,0.01751914,0.01546191,0.01363772,0.0120245,0.01060031,0.00934433,0.00823739,0.00726215,0.00640305
Gram_error_fro,2.0,1,14,3,0.0,0.03429717,0.02716976,0.02264605,0.01935438,0.01668123,0.0144289,0.01251333,0.0108804,0.00948698,0.00829651,0.00727762,0.0064035,0.00565141,0.00500214,0.00443962,0.00395043,0.00352336
Gram_error_fro,2.0,1,14,3,0.0,0.0811304,0.06232387,0.04822051,0.03896853,0.032191,0.0268751,0.02258786,0.01908797,0.01620905,0.01382553,0.01184012,0.01017677,0.00877576,0.00758988,0.00658161,0.00572085,0.00498333
Gram_error_fro,2.0,1,14,3,0.0,0.02725276,0.02833797,0.02732836,0.02595641,0.02448179,0.02296664,0.02143833,0.01992157,0.01844002,0.01701345,0.01565625,0.01437755,0.01318201,0.01207085,0.01104282,0.01009498,0.00922339
Gram_error_fro,4.0,1,14,3,0.0,0.08005291,0.04288739,0.03150573,0.02789004,0.0255902,0.0234632,0.02139891,0.01943058,0.01759017,0.01589272,0.01434069,0.01292926,0.01164988,0.01049251,0.00944676,0.00850253,0.00765036
Gram_error_fro,4.0,1,14,3,0.0,0.02303529,0.02470005,0.02447984,0.02375989,0.02277421,0.02162495,0.02037891,0.01908631,0.01778581,0.01650639,0.01526885,0.01408719,0.01297004,0.01192191,0.01094429,0.01003658,0.0091967
Gram_error_fro,2.0,1,14,3,0.0,0.01920978,0.01782223,0.01674081,0.01575842,0.01471362,0.01362194,0.01253105,0.01147794,0.01048426,0.00956011,0.00870837,0.0079277,0.00721458,0.00656447,0.00597246,0.00543367,0.00494345
Gram_error_fro,4.0,1,14,3,0.0,0.02911691,0.03001251,0.02967823,0.02892357,0.02787497,0.02662345,0.02524026,0.02378262,0.02229641,0.02081724,0.01937161,0.01797818,0.01664927,0.01539224,0.01421072,0.01310559,0.01207585
Gram_error_fro,4.0,1,14,3,0.0,0.06644662,0.05579306,0.05078845,0.04558047,0.0402741,0.03525494,0.03070627,0.02668016,0.02316329,0.02011356,0.01747895,0.01520672,0.01324768,0.0115578,0.01009858,0.00883678,0.00774397
Gram_error_fro,6.0,1,14,3,0.0,0.06064007,0.05474656,0.04682616,0.03963362,0.03338594,0.02807922,0.02362644,0.01991169,0.01681873,0.0142428,0.01209413,0.01029771,0.00879175,0.0075256,0.00645792,0.00555493,0.00478901
Gram_error_fro,4.0,1,14,3,0.0,0.03962552,0.03890336,0.03489187,0.03079622,0.02710701,0.02385536,0.02100197,0.01850181,0.01631287,0.01439682,0.0127191,0.01124894,0.00995922,0.00882632,0.00782974,0.00695181,0.0061773
Gram_error_fro,4.0,2,14,3,0.0,0.01896677,0.01463371,0.01361289,0.01326395,0.01302125,0.01282601,0.01267285,0.01255274,0.01245722,0.01238103,0.01232136,0.01227658,0.01224543,0.01222669,0.01221903,0.01222108,0.01223145
Gram_error_fro,4.0,1,14,3,0.0,0.09657006,0.07901284,0.06533177,0.05402011,0.04478086,0.03731771,0.0312986,0.0264271,0.02246177,0.01921268,0.01653215,0.01430549,0.01244339,0.01087596,0.00954817,0.00841652,0.00744637
